[2026-09-17T18:40:44.444+0000] {processor.py:161} INFO - Started process (PID=76) to work on /home/airflow/.local/lib/python3.8/site-packages/airflow/example_dags/example_sla_dag.py
[2026-09-17T18:40:44.448+0000] {processor.py:830} INFO - Processing file /home/airflow/.local/lib/python3.8/site-packages/airflow/example_dags/example_sla_dag.py for tasks to queue
[2026-09-17T18:40:44.453+0000] {logging_mixin.py:188} INFO - [2026-09-17T18:40:44.453+0000] {dagbag.py:538} INFO - Filling up the DagBag from /home/airflow/.local/lib/python3.8/site-packages/airflow/example_dags/example_sla_dag.py
[2026-09-17T18:40:44.482+0000] {processor.py:840} INFO - DAG(s) 'example_sla_dag' retrieved from /home/airflow/.local/lib/python3.8/site-packages/airflow/example_dags/example_sla_dag.py
[2026-09-17T18:40:44.514+0000] {logging_mixin.py:188} INFO - [2026-09-17T18:40:44.513+0000] {dag.py:3036} INFO - Sync 1 DAGs
[2026-09-17T18:40:44.590+0000] {logging_mixin.py:188} INFO - [2026-09-17T18:40:44.589+0000] {dag.py:3823} INFO - Setting next_dagrun for example_sla_dag to 2026-09-17 18:38:00+00:00, run_after=2026-09-17 18:40:00+00:00
[2026-09-17T18:40:44.651+0000] {processor.py:183} INFO - Processing /home/airflow/.local/lib/python3.8/site-packages/airflow/example_dags/example_sla_dag.py took 0.217 seconds
[2026-09-17T18:41:16.700+0000] {processor.py:161} INFO - Started process (PID=133) to work on /home/airflow/.local/lib/python3.8/site-packages/airflow/example_dags/example_sla_dag.py
[2026-09-17T18:41:16.703+0000] {processor.py:830} INFO - Processing file /home/airflow/.local/lib/python3.8/site-packages/airflow/example_dags/example_sla_dag.py for tasks to queue
[2026-09-17T18:41:16.707+0000] {logging_mixin.py:188} INFO - [2026-09-17T18:41:16.706+0000] {dagbag.py:538} INFO - Filling up the DagBag from /home/airflow/.local/lib/python3.8/site-packages/airflow/example_dags/example_sla_dag.py
[2026-09-17T18:41:16.722+0000] {processor.py:840} INFO - DAG(s) 'example_sla_dag' retrieved from /home/airflow/.local/lib/python3.8/site-packages/airflow/example_dags/example_sla_dag.py
[2026-09-17T18:41:16.859+0000] {logging_mixin.py:188} INFO - [2026-09-17T18:41:16.859+0000] {dag.py:3036} INFO - Sync 1 DAGs
[2026-09-17T18:41:16.896+0000] {logging_mixin.py:188} INFO - [2026-09-17T18:41:16.896+0000] {dag.py:3823} INFO - Setting next_dagrun for example_sla_dag to 2026-09-17 18:38:00+00:00, run_after=2026-09-17 18:40:00+00:00
[2026-09-17T18:41:16.934+0000] {processor.py:183} INFO - Processing /home/airflow/.local/lib/python3.8/site-packages/airflow/example_dags/example_sla_dag.py took 0.238 seconds
[2026-09-17T18:41:47.023+0000] {processor.py:161} INFO - Started process (PID=182) to work on /home/airflow/.local/lib/python3.8/site-packages/airflow/example_dags/example_sla_dag.py
[2026-09-17T18:41:47.025+0000] {processor.py:830} INFO - Processing file /home/airflow/.local/lib/python3.8/site-packages/airflow/example_dags/example_sla_dag.py for tasks to queue
[2026-09-17T18:41:47.029+0000] {logging_mixin.py:188} INFO - [2026-09-17T18:41:47.029+0000] {dagbag.py:538} INFO - Filling up the DagBag from /home/airflow/.local/lib/python3.8/site-packages/airflow/example_dags/example_sla_dag.py
[2026-09-17T18:41:47.039+0000] {processor.py:840} INFO - DAG(s) 'example_sla_dag' retrieved from /home/airflow/.local/lib/python3.8/site-packages/airflow/example_dags/example_sla_dag.py
[2026-09-17T18:41:47.063+0000] {logging_mixin.py:188} INFO - [2026-09-17T18:41:47.062+0000] {dag.py:3036} INFO - Sync 1 DAGs
[2026-09-17T18:41:47.092+0000] {logging_mixin.py:188} INFO - [2026-09-17T18:41:47.092+0000] {dag.py:3823} INFO - Setting next_dagrun for example_sla_dag to 2026-09-17 18:38:00+00:00, run_after=2026-09-17 18:40:00+00:00
[2026-09-17T18:41:47.117+0000] {processor.py:183} INFO - Processing /home/airflow/.local/lib/python3.8/site-packages/airflow/example_dags/example_sla_dag.py took 0.098 seconds
[2026-09-17T18:42:17.994+0000] {processor.py:161} INFO - Started process (PID=239) to work on /home/airflow/.local/lib/python3.8/site-packages/airflow/example_dags/example_sla_dag.py
[2026-09-17T18:42:17.996+0000] {processor.py:830} INFO - Processing file /home/airflow/.local/lib/python3.8/site-packages/airflow/example_dags/example_sla_dag.py for tasks to queue
[2026-09-17T18:42:17.999+0000] {logging_mixin.py:188} INFO - [2026-09-17T18:42:17.999+0000] {dagbag.py:538} INFO - Filling up the DagBag from /home/airflow/.local/lib/python3.8/site-packages/airflow/example_dags/example_sla_dag.py
[2026-09-17T18:42:18.009+0000] {processor.py:840} INFO - DAG(s) 'example_sla_dag' retrieved from /home/airflow/.local/lib/python3.8/site-packages/airflow/example_dags/example_sla_dag.py
[2026-09-17T18:42:18.031+0000] {logging_mixin.py:188} INFO - [2026-09-17T18:42:18.031+0000] {dag.py:3036} INFO - Sync 1 DAGs
[2026-09-17T18:42:18.063+0000] {logging_mixin.py:188} INFO - [2026-09-17T18:42:18.063+0000] {dag.py:3823} INFO - Setting next_dagrun for example_sla_dag to 2026-09-17 18:40:00+00:00, run_after=2026-09-17 18:42:00+00:00
[2026-09-17T18:42:18.091+0000] {processor.py:183} INFO - Processing /home/airflow/.local/lib/python3.8/site-packages/airflow/example_dags/example_sla_dag.py took 0.101 seconds
[2026-09-17T18:42:49.656+0000] {processor.py:161} INFO - Started process (PID=296) to work on /home/airflow/.local/lib/python3.8/site-packages/airflow/example_dags/example_sla_dag.py
[2026-09-17T18:42:49.658+0000] {processor.py:830} INFO - Processing file /home/airflow/.local/lib/python3.8/site-packages/airflow/example_dags/example_sla_dag.py for tasks to queue
[2026-09-17T18:42:49.661+0000] {logging_mixin.py:188} INFO - [2026-09-17T18:42:49.660+0000] {dagbag.py:538} INFO - Filling up the DagBag from /home/airflow/.local/lib/python3.8/site-packages/airflow/example_dags/example_sla_dag.py
[2026-09-17T18:42:49.670+0000] {processor.py:840} INFO - DAG(s) 'example_sla_dag' retrieved from /home/airflow/.local/lib/python3.8/site-packages/airflow/example_dags/example_sla_dag.py
[2026-09-17T18:42:49.799+0000] {logging_mixin.py:188} INFO - [2026-09-17T18:42:49.799+0000] {dag.py:3036} INFO - Sync 1 DAGs
[2026-09-17T18:42:49.827+0000] {logging_mixin.py:188} INFO - [2026-09-17T18:42:49.827+0000] {dag.py:3823} INFO - Setting next_dagrun for example_sla_dag to 2026-09-17 18:40:00+00:00, run_after=2026-09-17 18:42:00+00:00
[2026-09-17T18:42:49.858+0000] {processor.py:183} INFO - Processing /home/airflow/.local/lib/python3.8/site-packages/airflow/example_dags/example_sla_dag.py took 0.206 seconds
[2026-09-17T18:43:22.024+0000] {processor.py:161} INFO - Started process (PID=353) to work on /home/airflow/.local/lib/python3.8/site-packages/airflow/example_dags/example_sla_dag.py
[2026-09-17T18:43:22.029+0000] {processor.py:830} INFO - Processing file /home/airflow/.local/lib/python3.8/site-packages/airflow/example_dags/example_sla_dag.py for tasks to queue
[2026-09-17T18:43:22.036+0000] {logging_mixin.py:188} INFO - [2026-09-17T18:43:22.035+0000] {dagbag.py:538} INFO - Filling up the DagBag from /home/airflow/.local/lib/python3.8/site-packages/airflow/example_dags/example_sla_dag.py
[2026-09-17T18:43:22.061+0000] {processor.py:840} INFO - DAG(s) 'example_sla_dag' retrieved from /home/airflow/.local/lib/python3.8/site-packages/airflow/example_dags/example_sla_dag.py
[2026-09-17T18:43:22.132+0000] {logging_mixin.py:188} INFO - [2026-09-17T18:43:22.131+0000] {dag.py:3036} INFO - Sync 1 DAGs
[2026-09-17T18:43:22.179+0000] {logging_mixin.py:188} INFO - [2026-09-17T18:43:22.179+0000] {dag.py:3823} INFO - Setting next_dagrun for example_sla_dag to 2026-09-17 18:40:00+00:00, run_after=2026-09-17 18:42:00+00:00
[2026-09-17T18:43:22.302+0000] {processor.py:183} INFO - Processing /home/airflow/.local/lib/python3.8/site-packages/airflow/example_dags/example_sla_dag.py took 0.287 seconds
[2026-09-17T18:44:12.727+0000] {processor.py:161} INFO - Started process (PID=418) to work on /home/airflow/.local/lib/python3.8/site-packages/airflow/example_dags/example_sla_dag.py
[2026-09-17T18:44:12.731+0000] {processor.py:830} INFO - Processing file /home/airflow/.local/lib/python3.8/site-packages/airflow/example_dags/example_sla_dag.py for tasks to queue
[2026-09-17T18:44:12.741+0000] {logging_mixin.py:188} INFO - [2026-09-17T18:44:12.739+0000] {dagbag.py:538} INFO - Filling up the DagBag from /home/airflow/.local/lib/python3.8/site-packages/airflow/example_dags/example_sla_dag.py
[2026-09-17T18:44:12.778+0000] {processor.py:840} INFO - DAG(s) 'example_sla_dag' retrieved from /home/airflow/.local/lib/python3.8/site-packages/airflow/example_dags/example_sla_dag.py
[2026-09-17T18:44:13.028+0000] {logging_mixin.py:188} INFO - [2026-09-17T18:44:13.027+0000] {dag.py:3036} INFO - Sync 1 DAGs
[2026-09-17T18:44:13.082+0000] {logging_mixin.py:188} INFO - [2026-09-17T18:44:13.081+0000] {dag.py:3823} INFO - Setting next_dagrun for example_sla_dag to 2026-09-17 18:42:00+00:00, run_after=2026-09-17 18:44:00+00:00
[2026-09-17T18:44:14.494+0000] {processor.py:183} INFO - Processing /home/airflow/.local/lib/python3.8/site-packages/airflow/example_dags/example_sla_dag.py took 1.782 seconds
[2026-09-17T18:44:44.568+0000] {processor.py:161} INFO - Started process (PID=467) to work on /home/airflow/.local/lib/python3.8/site-packages/airflow/example_dags/example_sla_dag.py
[2026-09-17T18:44:44.570+0000] {processor.py:830} INFO - Processing file /home/airflow/.local/lib/python3.8/site-packages/airflow/example_dags/example_sla_dag.py for tasks to queue
[2026-09-17T18:44:44.572+0000] {logging_mixin.py:188} INFO - [2026-09-17T18:44:44.572+0000] {dagbag.py:538} INFO - Filling up the DagBag from /home/airflow/.local/lib/python3.8/site-packages/airflow/example_dags/example_sla_dag.py
[2026-09-17T18:44:44.583+0000] {processor.py:840} INFO - DAG(s) 'example_sla_dag' retrieved from /home/airflow/.local/lib/python3.8/site-packages/airflow/example_dags/example_sla_dag.py
[2026-09-17T18:44:44.615+0000] {logging_mixin.py:188} INFO - [2026-09-17T18:44:44.614+0000] {dag.py:3036} INFO - Sync 1 DAGs
[2026-09-17T18:44:44.659+0000] {logging_mixin.py:188} INFO - [2026-09-17T18:44:44.658+0000] {dag.py:3823} INFO - Setting next_dagrun for example_sla_dag to 2026-09-17 18:42:00+00:00, run_after=2026-09-17 18:44:00+00:00
[2026-09-17T18:44:45.547+0000] {processor.py:183} INFO - Processing /home/airflow/.local/lib/python3.8/site-packages/airflow/example_dags/example_sla_dag.py took 0.983 seconds
[2026-09-17T18:45:16.175+0000] {processor.py:161} INFO - Started process (PID=524) to work on /home/airflow/.local/lib/python3.8/site-packages/airflow/example_dags/example_sla_dag.py
[2026-09-17T18:45:16.178+0000] {processor.py:830} INFO - Processing file /home/airflow/.local/lib/python3.8/site-packages/airflow/example_dags/example_sla_dag.py for tasks to queue
[2026-09-17T18:45:16.181+0000] {logging_mixin.py:188} INFO - [2026-09-17T18:45:16.181+0000] {dagbag.py:538} INFO - Filling up the DagBag from /home/airflow/.local/lib/python3.8/site-packages/airflow/example_dags/example_sla_dag.py
[2026-09-17T18:45:16.191+0000] {processor.py:840} INFO - DAG(s) 'example_sla_dag' retrieved from /home/airflow/.local/lib/python3.8/site-packages/airflow/example_dags/example_sla_dag.py
[2026-09-17T18:45:16.225+0000] {logging_mixin.py:188} INFO - [2026-09-17T18:45:16.224+0000] {dag.py:3036} INFO - Sync 1 DAGs
[2026-09-17T18:45:16.257+0000] {logging_mixin.py:188} INFO - [2026-09-17T18:45:16.256+0000] {dag.py:3823} INFO - Setting next_dagrun for example_sla_dag to 2026-09-17 18:42:00+00:00, run_after=2026-09-17 18:44:00+00:00
[2026-09-17T18:45:16.395+0000] {processor.py:183} INFO - Processing /home/airflow/.local/lib/python3.8/site-packages/airflow/example_dags/example_sla_dag.py took 0.223 seconds
[2026-09-17T18:45:47.288+0000] {processor.py:161} INFO - Started process (PID=581) to work on /home/airflow/.local/lib/python3.8/site-packages/airflow/example_dags/example_sla_dag.py
[2026-09-17T18:45:47.291+0000] {processor.py:830} INFO - Processing file /home/airflow/.local/lib/python3.8/site-packages/airflow/example_dags/example_sla_dag.py for tasks to queue
[2026-09-17T18:45:47.293+0000] {logging_mixin.py:188} INFO - [2026-09-17T18:45:47.293+0000] {dagbag.py:538} INFO - Filling up the DagBag from /home/airflow/.local/lib/python3.8/site-packages/airflow/example_dags/example_sla_dag.py
[2026-09-17T18:45:47.304+0000] {processor.py:840} INFO - DAG(s) 'example_sla_dag' retrieved from /home/airflow/.local/lib/python3.8/site-packages/airflow/example_dags/example_sla_dag.py
[2026-09-17T18:45:47.334+0000] {logging_mixin.py:188} INFO - [2026-09-17T18:45:47.334+0000] {dag.py:3036} INFO - Sync 1 DAGs
[2026-09-17T18:45:47.367+0000] {logging_mixin.py:188} INFO - [2026-09-17T18:45:47.367+0000] {dag.py:3823} INFO - Setting next_dagrun for example_sla_dag to 2026-09-17 18:42:00+00:00, run_after=2026-09-17 18:44:00+00:00
[2026-09-17T18:45:47.398+0000] {processor.py:183} INFO - Processing /home/airflow/.local/lib/python3.8/site-packages/airflow/example_dags/example_sla_dag.py took 0.115 seconds
[2026-09-17T18:47:22.740+0000] {processor.py:186} INFO - Started process (PID=98) to work on /home/airflow/.local/lib/python3.12/site-packages/airflow/example_dags/example_sla_dag.py
[2026-09-17T18:47:22.742+0000] {processor.py:914} INFO - Processing file /home/airflow/.local/lib/python3.12/site-packages/airflow/example_dags/example_sla_dag.py for tasks to queue
[2026-09-17T18:47:22.747+0000] {logging_mixin.py:190} INFO - [2026-09-17T18:47:22.746+0000] {dagbag.py:588} INFO - Filling up the DagBag from /home/airflow/.local/lib/python3.12/site-packages/airflow/example_dags/example_sla_dag.py
[2026-09-17T18:47:22.764+0000] {processor.py:925} INFO - DAG(s) 'example_sla_dag' retrieved from /home/airflow/.local/lib/python3.12/site-packages/airflow/example_dags/example_sla_dag.py
[2026-09-17T18:47:22.900+0000] {logging_mixin.py:190} INFO - [2026-09-17T18:47:22.900+0000] {dag.py:3239} INFO - Sync 1 DAGs
[2026-09-17T18:47:22.929+0000] {logging_mixin.py:190} INFO - [2026-09-17T18:47:22.929+0000] {dag.py:4180} INFO - Setting next_dagrun for example_sla_dag to 2026-09-17 18:44:00+00:00, run_after=2026-09-17 18:46:00+00:00
[2026-09-17T18:47:22.958+0000] {processor.py:208} INFO - Processing /home/airflow/.local/lib/python3.12/site-packages/airflow/example_dags/example_sla_dag.py took 0.227 seconds
[2026-09-17T18:47:53.809+0000] {processor.py:186} INFO - Started process (PID=163) to work on /home/airflow/.local/lib/python3.12/site-packages/airflow/example_dags/example_sla_dag.py
[2026-09-17T18:47:53.811+0000] {processor.py:914} INFO - Processing file /home/airflow/.local/lib/python3.12/site-packages/airflow/example_dags/example_sla_dag.py for tasks to queue
[2026-09-17T18:47:53.815+0000] {logging_mixin.py:190} INFO - [2026-09-17T18:47:53.814+0000] {dagbag.py:588} INFO - Filling up the DagBag from /home/airflow/.local/lib/python3.12/site-packages/airflow/example_dags/example_sla_dag.py
[2026-09-17T18:47:53.829+0000] {processor.py:925} INFO - DAG(s) 'example_sla_dag' retrieved from /home/airflow/.local/lib/python3.12/site-packages/airflow/example_dags/example_sla_dag.py
[2026-09-17T18:47:53.861+0000] {logging_mixin.py:190} INFO - [2026-09-17T18:47:53.861+0000] {dag.py:3239} INFO - Sync 1 DAGs
[2026-09-17T18:47:53.894+0000] {logging_mixin.py:190} INFO - [2026-09-17T18:47:53.893+0000] {dag.py:4180} INFO - Setting next_dagrun for example_sla_dag to 2026-09-17 18:44:00+00:00, run_after=2026-09-17 18:46:00+00:00
[2026-09-17T18:47:53.932+0000] {processor.py:208} INFO - Processing /home/airflow/.local/lib/python3.12/site-packages/airflow/example_dags/example_sla_dag.py took 0.129 seconds
[2026-09-17T18:48:24.503+0000] {processor.py:186} INFO - Started process (PID=227) to work on /home/airflow/.local/lib/python3.12/site-packages/airflow/example_dags/example_sla_dag.py
[2026-09-17T18:48:24.506+0000] {processor.py:914} INFO - Processing file /home/airflow/.local/lib/python3.12/site-packages/airflow/example_dags/example_sla_dag.py for tasks to queue
[2026-09-17T18:48:24.510+0000] {logging_mixin.py:190} INFO - [2026-09-17T18:48:24.509+0000] {dagbag.py:588} INFO - Filling up the DagBag from /home/airflow/.local/lib/python3.12/site-packages/airflow/example_dags/example_sla_dag.py
[2026-09-17T18:48:24.523+0000] {processor.py:925} INFO - DAG(s) 'example_sla_dag' retrieved from /home/airflow/.local/lib/python3.12/site-packages/airflow/example_dags/example_sla_dag.py
[2026-09-17T18:48:24.555+0000] {logging_mixin.py:190} INFO - [2026-09-17T18:48:24.554+0000] {dag.py:3239} INFO - Sync 1 DAGs
[2026-09-17T18:48:24.590+0000] {logging_mixin.py:190} INFO - [2026-09-17T18:48:24.589+0000] {dag.py:4180} INFO - Setting next_dagrun for example_sla_dag to 2026-09-17 18:46:00+00:00, run_after=2026-09-17 18:48:00+00:00
[2026-09-17T18:48:24.620+0000] {processor.py:208} INFO - Processing /home/airflow/.local/lib/python3.12/site-packages/airflow/example_dags/example_sla_dag.py took 0.124 seconds
[2026-09-17T18:48:54.697+0000] {processor.py:186} INFO - Started process (PID=284) to work on /home/airflow/.local/lib/python3.12/site-packages/airflow/example_dags/example_sla_dag.py
[2026-09-17T18:48:54.699+0000] {processor.py:914} INFO - Processing file /home/airflow/.local/lib/python3.12/site-packages/airflow/example_dags/example_sla_dag.py for tasks to queue
[2026-09-17T18:48:54.705+0000] {logging_mixin.py:190} INFO - [2026-09-17T18:48:54.704+0000] {dagbag.py:588} INFO - Filling up the DagBag from /home/airflow/.local/lib/python3.12/site-packages/airflow/example_dags/example_sla_dag.py
[2026-09-17T18:48:54.723+0000] {processor.py:925} INFO - DAG(s) 'example_sla_dag' retrieved from /home/airflow/.local/lib/python3.12/site-packages/airflow/example_dags/example_sla_dag.py
[2026-09-17T18:48:54.755+0000] {logging_mixin.py:190} INFO - [2026-09-17T18:48:54.755+0000] {dag.py:3239} INFO - Sync 1 DAGs
[2026-09-17T18:48:54.788+0000] {logging_mixin.py:190} INFO - [2026-09-17T18:48:54.788+0000] {dag.py:4180} INFO - Setting next_dagrun for example_sla_dag to 2026-09-17 18:46:00+00:00, run_after=2026-09-17 18:48:00+00:00
[2026-09-17T18:48:54.813+0000] {processor.py:208} INFO - Processing /home/airflow/.local/lib/python3.12/site-packages/airflow/example_dags/example_sla_dag.py took 0.125 seconds
[2026-09-17T18:49:25.262+0000] {processor.py:186} INFO - Started process (PID=349) to work on /home/airflow/.local/lib/python3.12/site-packages/airflow/example_dags/example_sla_dag.py
[2026-09-17T18:49:25.264+0000] {processor.py:914} INFO - Processing file /home/airflow/.local/lib/python3.12/site-packages/airflow/example_dags/example_sla_dag.py for tasks to queue
[2026-09-17T18:49:25.267+0000] {logging_mixin.py:190} INFO - [2026-09-17T18:49:25.266+0000] {dagbag.py:588} INFO - Filling up the DagBag from /home/airflow/.local/lib/python3.12/site-packages/airflow/example_dags/example_sla_dag.py
[2026-09-17T18:49:25.278+0000] {processor.py:925} INFO - DAG(s) 'example_sla_dag' retrieved from /home/airflow/.local/lib/python3.12/site-packages/airflow/example_dags/example_sla_dag.py
[2026-09-17T18:49:25.308+0000] {logging_mixin.py:190} INFO - [2026-09-17T18:49:25.307+0000] {dag.py:3239} INFO - Sync 1 DAGs
[2026-09-17T18:49:25.335+0000] {logging_mixin.py:190} INFO - [2026-09-17T18:49:25.334+0000] {dag.py:4180} INFO - Setting next_dagrun for example_sla_dag to 2026-09-17 18:46:00+00:00, run_after=2026-09-17 18:48:00+00:00
[2026-09-17T18:49:25.361+0000] {processor.py:208} INFO - Processing /home/airflow/.local/lib/python3.12/site-packages/airflow/example_dags/example_sla_dag.py took 0.105 seconds
[2026-09-17T18:50:53.267+0000] {processor.py:186} INFO - Started process (PID=77) to work on /home/airflow/.local/lib/python3.12/site-packages/airflow/example_dags/example_sla_dag.py
[2026-09-17T18:50:53.270+0000] {processor.py:914} INFO - Processing file /home/airflow/.local/lib/python3.12/site-packages/airflow/example_dags/example_sla_dag.py for tasks to queue
[2026-09-17T18:50:53.272+0000] {logging_mixin.py:190} INFO - [2026-09-17T18:50:53.272+0000] {dagbag.py:588} INFO - Filling up the DagBag from /home/airflow/.local/lib/python3.12/site-packages/airflow/example_dags/example_sla_dag.py
[2026-09-17T18:50:53.285+0000] {processor.py:925} INFO - DAG(s) 'example_sla_dag' retrieved from /home/airflow/.local/lib/python3.12/site-packages/airflow/example_dags/example_sla_dag.py
[2026-09-17T18:50:53.317+0000] {logging_mixin.py:190} INFO - [2026-09-17T18:50:53.316+0000] {dag.py:3239} INFO - Sync 1 DAGs
[2026-09-17T18:50:53.349+0000] {logging_mixin.py:190} INFO - [2026-09-17T18:50:53.348+0000] {dag.py:4180} INFO - Setting next_dagrun for example_sla_dag to 2026-09-17 18:48:00+00:00, run_after=2026-09-17 18:50:00+00:00
[2026-09-17T18:50:53.374+0000] {processor.py:208} INFO - Processing /home/airflow/.local/lib/python3.12/site-packages/airflow/example_dags/example_sla_dag.py took 0.114 seconds
[2026-09-17T18:51:25.278+0000] {processor.py:186} INFO - Started process (PID=142) to work on /home/airflow/.local/lib/python3.12/site-packages/airflow/example_dags/example_sla_dag.py
[2026-09-17T18:51:25.281+0000] {processor.py:914} INFO - Processing file /home/airflow/.local/lib/python3.12/site-packages/airflow/example_dags/example_sla_dag.py for tasks to queue
[2026-09-17T18:51:25.284+0000] {logging_mixin.py:190} INFO - [2026-09-17T18:51:25.283+0000] {dagbag.py:588} INFO - Filling up the DagBag from /home/airflow/.local/lib/python3.12/site-packages/airflow/example_dags/example_sla_dag.py
[2026-09-17T18:51:25.302+0000] {processor.py:925} INFO - DAG(s) 'example_sla_dag' retrieved from /home/airflow/.local/lib/python3.12/site-packages/airflow/example_dags/example_sla_dag.py
[2026-09-17T18:51:25.333+0000] {logging_mixin.py:190} INFO - [2026-09-17T18:51:25.333+0000] {dag.py:3239} INFO - Sync 1 DAGs
[2026-09-17T18:51:25.367+0000] {logging_mixin.py:190} INFO - [2026-09-17T18:51:25.367+0000] {dag.py:4180} INFO - Setting next_dagrun for example_sla_dag to 2026-09-17 18:48:00+00:00, run_after=2026-09-17 18:50:00+00:00
[2026-09-17T18:51:25.392+0000] {processor.py:208} INFO - Processing /home/airflow/.local/lib/python3.12/site-packages/airflow/example_dags/example_sla_dag.py took 0.125 seconds
[2026-09-17T18:51:56.776+0000] {processor.py:186} INFO - Started process (PID=206) to work on /home/airflow/.local/lib/python3.12/site-packages/airflow/example_dags/example_sla_dag.py
[2026-09-17T18:51:56.778+0000] {processor.py:914} INFO - Processing file /home/airflow/.local/lib/python3.12/site-packages/airflow/example_dags/example_sla_dag.py for tasks to queue
[2026-09-17T18:51:56.781+0000] {logging_mixin.py:190} INFO - [2026-09-17T18:51:56.781+0000] {dagbag.py:588} INFO - Filling up the DagBag from /home/airflow/.local/lib/python3.12/site-packages/airflow/example_dags/example_sla_dag.py
[2026-09-17T18:51:56.798+0000] {processor.py:925} INFO - DAG(s) 'example_sla_dag' retrieved from /home/airflow/.local/lib/python3.12/site-packages/airflow/example_dags/example_sla_dag.py
[2026-09-17T18:51:56.838+0000] {logging_mixin.py:190} INFO - [2026-09-17T18:51:56.838+0000] {dag.py:3239} INFO - Sync 1 DAGs
[2026-09-17T18:51:56.889+0000] {logging_mixin.py:190} INFO - [2026-09-17T18:51:56.889+0000] {dag.py:4180} INFO - Setting next_dagrun for example_sla_dag to 2026-09-17 18:48:00+00:00, run_after=2026-09-17 18:50:00+00:00
[2026-09-17T18:51:56.921+0000] {processor.py:208} INFO - Processing /home/airflow/.local/lib/python3.12/site-packages/airflow/example_dags/example_sla_dag.py took 0.153 seconds
[2026-09-17T18:52:27.249+0000] {processor.py:186} INFO - Started process (PID=263) to work on /home/airflow/.local/lib/python3.12/site-packages/airflow/example_dags/example_sla_dag.py
[2026-09-17T18:52:27.251+0000] {processor.py:914} INFO - Processing file /home/airflow/.local/lib/python3.12/site-packages/airflow/example_dags/example_sla_dag.py for tasks to queue
[2026-09-17T18:52:27.253+0000] {logging_mixin.py:190} INFO - [2026-09-17T18:52:27.252+0000] {dagbag.py:588} INFO - Filling up the DagBag from /home/airflow/.local/lib/python3.12/site-packages/airflow/example_dags/example_sla_dag.py
[2026-09-17T18:52:27.264+0000] {processor.py:925} INFO - DAG(s) 'example_sla_dag' retrieved from /home/airflow/.local/lib/python3.12/site-packages/airflow/example_dags/example_sla_dag.py
[2026-09-17T18:52:27.291+0000] {logging_mixin.py:190} INFO - [2026-09-17T18:52:27.290+0000] {dag.py:3239} INFO - Sync 1 DAGs
[2026-09-17T18:52:27.315+0000] {logging_mixin.py:190} INFO - [2026-09-17T18:52:27.315+0000] {dag.py:4180} INFO - Setting next_dagrun for example_sla_dag to 2026-09-17 18:50:00+00:00, run_after=2026-09-17 18:52:00+00:00
[2026-09-17T18:52:27.336+0000] {processor.py:208} INFO - Processing /home/airflow/.local/lib/python3.12/site-packages/airflow/example_dags/example_sla_dag.py took 0.094 seconds
[2026-09-17T18:52:57.788+0000] {processor.py:186} INFO - Started process (PID=327) to work on /home/airflow/.local/lib/python3.12/site-packages/airflow/example_dags/example_sla_dag.py
[2026-09-17T18:52:57.790+0000] {processor.py:914} INFO - Processing file /home/airflow/.local/lib/python3.12/site-packages/airflow/example_dags/example_sla_dag.py for tasks to queue
[2026-09-17T18:52:57.792+0000] {logging_mixin.py:190} INFO - [2026-09-17T18:52:57.792+0000] {dagbag.py:588} INFO - Filling up the DagBag from /home/airflow/.local/lib/python3.12/site-packages/airflow/example_dags/example_sla_dag.py
[2026-09-17T18:52:57.803+0000] {processor.py:925} INFO - DAG(s) 'example_sla_dag' retrieved from /home/airflow/.local/lib/python3.12/site-packages/airflow/example_dags/example_sla_dag.py
[2026-09-17T18:52:57.828+0000] {logging_mixin.py:190} INFO - [2026-09-17T18:52:57.828+0000] {dag.py:3239} INFO - Sync 1 DAGs
[2026-09-17T18:52:57.854+0000] {logging_mixin.py:190} INFO - [2026-09-17T18:52:57.854+0000] {dag.py:4180} INFO - Setting next_dagrun for example_sla_dag to 2026-09-17 18:50:00+00:00, run_after=2026-09-17 18:52:00+00:00
[2026-09-17T18:52:57.875+0000] {processor.py:208} INFO - Processing /home/airflow/.local/lib/python3.12/site-packages/airflow/example_dags/example_sla_dag.py took 0.093 seconds
[2026-09-17T18:53:28.781+0000] {processor.py:186} INFO - Started process (PID=392) to work on /home/airflow/.local/lib/python3.12/site-packages/airflow/example_dags/example_sla_dag.py
[2026-09-17T18:53:28.783+0000] {processor.py:914} INFO - Processing file /home/airflow/.local/lib/python3.12/site-packages/airflow/example_dags/example_sla_dag.py for tasks to queue
[2026-09-17T18:53:28.785+0000] {logging_mixin.py:190} INFO - [2026-09-17T18:53:28.785+0000] {dagbag.py:588} INFO - Filling up the DagBag from /home/airflow/.local/lib/python3.12/site-packages/airflow/example_dags/example_sla_dag.py
[2026-09-17T18:53:28.797+0000] {processor.py:925} INFO - DAG(s) 'example_sla_dag' retrieved from /home/airflow/.local/lib/python3.12/site-packages/airflow/example_dags/example_sla_dag.py
[2026-09-17T18:53:28.820+0000] {logging_mixin.py:190} INFO - [2026-09-17T18:53:28.819+0000] {dag.py:3239} INFO - Sync 1 DAGs
[2026-09-17T18:53:28.848+0000] {logging_mixin.py:190} INFO - [2026-09-17T18:53:28.848+0000] {dag.py:4180} INFO - Setting next_dagrun for example_sla_dag to 2026-09-17 18:50:00+00:00, run_after=2026-09-17 18:52:00+00:00
[2026-09-17T18:53:28.874+0000] {processor.py:208} INFO - Processing /home/airflow/.local/lib/python3.12/site-packages/airflow/example_dags/example_sla_dag.py took 0.098 seconds
[2026-09-17T18:53:59.783+0000] {processor.py:186} INFO - Started process (PID=457) to work on /home/airflow/.local/lib/python3.12/site-packages/airflow/example_dags/example_sla_dag.py
[2026-09-17T18:53:59.785+0000] {processor.py:914} INFO - Processing file /home/airflow/.local/lib/python3.12/site-packages/airflow/example_dags/example_sla_dag.py for tasks to queue
[2026-09-17T18:53:59.788+0000] {logging_mixin.py:190} INFO - [2026-09-17T18:53:59.787+0000] {dagbag.py:588} INFO - Filling up the DagBag from /home/airflow/.local/lib/python3.12/site-packages/airflow/example_dags/example_sla_dag.py
[2026-09-17T18:53:59.803+0000] {processor.py:925} INFO - DAG(s) 'example_sla_dag' retrieved from /home/airflow/.local/lib/python3.12/site-packages/airflow/example_dags/example_sla_dag.py
[2026-09-17T18:53:59.830+0000] {logging_mixin.py:190} INFO - [2026-09-17T18:53:59.829+0000] {dag.py:3239} INFO - Sync 1 DAGs
[2026-09-17T18:53:59.856+0000] {logging_mixin.py:190} INFO - [2026-09-17T18:53:59.855+0000] {dag.py:4180} INFO - Setting next_dagrun for example_sla_dag to 2026-09-17 18:50:00+00:00, run_after=2026-09-17 18:52:00+00:00
[2026-09-17T18:53:59.880+0000] {processor.py:208} INFO - Processing /home/airflow/.local/lib/python3.12/site-packages/airflow/example_dags/example_sla_dag.py took 0.103 seconds
[2026-09-17T18:54:30.295+0000] {processor.py:186} INFO - Started process (PID=522) to work on /home/airflow/.local/lib/python3.12/site-packages/airflow/example_dags/example_sla_dag.py
[2026-09-17T18:54:30.297+0000] {processor.py:914} INFO - Processing file /home/airflow/.local/lib/python3.12/site-packages/airflow/example_dags/example_sla_dag.py for tasks to queue
[2026-09-17T18:54:30.299+0000] {logging_mixin.py:190} INFO - [2026-09-17T18:54:30.298+0000] {dagbag.py:588} INFO - Filling up the DagBag from /home/airflow/.local/lib/python3.12/site-packages/airflow/example_dags/example_sla_dag.py
[2026-09-17T18:54:30.312+0000] {processor.py:925} INFO - DAG(s) 'example_sla_dag' retrieved from /home/airflow/.local/lib/python3.12/site-packages/airflow/example_dags/example_sla_dag.py
[2026-09-17T18:54:30.343+0000] {logging_mixin.py:190} INFO - [2026-09-17T18:54:30.343+0000] {dag.py:3239} INFO - Sync 1 DAGs
[2026-09-17T18:54:30.379+0000] {logging_mixin.py:190} INFO - [2026-09-17T18:54:30.378+0000] {dag.py:4180} INFO - Setting next_dagrun for example_sla_dag to 2026-09-17 18:52:00+00:00, run_after=2026-09-17 18:54:00+00:00
[2026-09-17T18:54:30.407+0000] {processor.py:208} INFO - Processing /home/airflow/.local/lib/python3.12/site-packages/airflow/example_dags/example_sla_dag.py took 0.122 seconds
[2026-09-17T18:55:00.549+0000] {processor.py:186} INFO - Started process (PID=587) to work on /home/airflow/.local/lib/python3.12/site-packages/airflow/example_dags/example_sla_dag.py
[2026-09-17T18:55:00.551+0000] {processor.py:914} INFO - Processing file /home/airflow/.local/lib/python3.12/site-packages/airflow/example_dags/example_sla_dag.py for tasks to queue
[2026-09-17T18:55:00.553+0000] {logging_mixin.py:190} INFO - [2026-09-17T18:55:00.553+0000] {dagbag.py:588} INFO - Filling up the DagBag from /home/airflow/.local/lib/python3.12/site-packages/airflow/example_dags/example_sla_dag.py
[2026-09-17T18:55:00.568+0000] {processor.py:925} INFO - DAG(s) 'example_sla_dag' retrieved from /home/airflow/.local/lib/python3.12/site-packages/airflow/example_dags/example_sla_dag.py
[2026-09-17T18:55:00.594+0000] {logging_mixin.py:190} INFO - [2026-09-17T18:55:00.594+0000] {dag.py:3239} INFO - Sync 1 DAGs
[2026-09-17T18:55:00.620+0000] {logging_mixin.py:190} INFO - [2026-09-17T18:55:00.620+0000] {dag.py:4180} INFO - Setting next_dagrun for example_sla_dag to 2026-09-17 18:52:00+00:00, run_after=2026-09-17 18:54:00+00:00
[2026-09-17T18:55:00.643+0000] {processor.py:208} INFO - Processing /home/airflow/.local/lib/python3.12/site-packages/airflow/example_dags/example_sla_dag.py took 0.101 seconds
[2026-09-17T18:55:30.905+0000] {processor.py:186} INFO - Started process (PID=652) to work on /home/airflow/.local/lib/python3.12/site-packages/airflow/example_dags/example_sla_dag.py
[2026-09-17T18:55:30.906+0000] {processor.py:914} INFO - Processing file /home/airflow/.local/lib/python3.12/site-packages/airflow/example_dags/example_sla_dag.py for tasks to queue
[2026-09-17T18:55:30.908+0000] {logging_mixin.py:190} INFO - [2026-09-17T18:55:30.908+0000] {dagbag.py:588} INFO - Filling up the DagBag from /home/airflow/.local/lib/python3.12/site-packages/airflow/example_dags/example_sla_dag.py
[2026-09-17T18:55:30.919+0000] {processor.py:925} INFO - DAG(s) 'example_sla_dag' retrieved from /home/airflow/.local/lib/python3.12/site-packages/airflow/example_dags/example_sla_dag.py
[2026-09-17T18:55:30.943+0000] {logging_mixin.py:190} INFO - [2026-09-17T18:55:30.943+0000] {dag.py:3239} INFO - Sync 1 DAGs
[2026-09-17T18:55:30.968+0000] {logging_mixin.py:190} INFO - [2026-09-17T18:55:30.967+0000] {dag.py:4180} INFO - Setting next_dagrun for example_sla_dag to 2026-09-17 18:52:00+00:00, run_after=2026-09-17 18:54:00+00:00
[2026-09-17T18:55:30.989+0000] {processor.py:208} INFO - Processing /home/airflow/.local/lib/python3.12/site-packages/airflow/example_dags/example_sla_dag.py took 0.090 seconds
[2026-09-17T18:56:01.120+0000] {processor.py:186} INFO - Started process (PID=716) to work on /home/airflow/.local/lib/python3.12/site-packages/airflow/example_dags/example_sla_dag.py
[2026-09-17T18:56:01.122+0000] {processor.py:914} INFO - Processing file /home/airflow/.local/lib/python3.12/site-packages/airflow/example_dags/example_sla_dag.py for tasks to queue
[2026-09-17T18:56:01.125+0000] {logging_mixin.py:190} INFO - [2026-09-17T18:56:01.124+0000] {dagbag.py:588} INFO - Filling up the DagBag from /home/airflow/.local/lib/python3.12/site-packages/airflow/example_dags/example_sla_dag.py
[2026-09-17T18:56:01.136+0000] {processor.py:925} INFO - DAG(s) 'example_sla_dag' retrieved from /home/airflow/.local/lib/python3.12/site-packages/airflow/example_dags/example_sla_dag.py
[2026-09-17T18:56:01.160+0000] {logging_mixin.py:190} INFO - [2026-09-17T18:56:01.160+0000] {dag.py:3239} INFO - Sync 1 DAGs
[2026-09-17T18:56:01.184+0000] {logging_mixin.py:190} INFO - [2026-09-17T18:56:01.184+0000] {dag.py:4180} INFO - Setting next_dagrun for example_sla_dag to 2026-09-17 18:54:00+00:00, run_after=2026-09-17 18:56:00+00:00
[2026-09-17T18:56:01.206+0000] {processor.py:208} INFO - Processing /home/airflow/.local/lib/python3.12/site-packages/airflow/example_dags/example_sla_dag.py took 0.092 seconds
[2026-09-17T18:56:31.500+0000] {processor.py:186} INFO - Started process (PID=781) to work on /home/airflow/.local/lib/python3.12/site-packages/airflow/example_dags/example_sla_dag.py
[2026-09-17T18:56:31.502+0000] {processor.py:914} INFO - Processing file /home/airflow/.local/lib/python3.12/site-packages/airflow/example_dags/example_sla_dag.py for tasks to queue
[2026-09-17T18:56:31.504+0000] {logging_mixin.py:190} INFO - [2026-09-17T18:56:31.504+0000] {dagbag.py:588} INFO - Filling up the DagBag from /home/airflow/.local/lib/python3.12/site-packages/airflow/example_dags/example_sla_dag.py
[2026-09-17T18:56:31.515+0000] {processor.py:925} INFO - DAG(s) 'example_sla_dag' retrieved from /home/airflow/.local/lib/python3.12/site-packages/airflow/example_dags/example_sla_dag.py
[2026-09-17T18:56:31.541+0000] {logging_mixin.py:190} INFO - [2026-09-17T18:56:31.541+0000] {dag.py:3239} INFO - Sync 1 DAGs
[2026-09-17T18:56:31.568+0000] {logging_mixin.py:190} INFO - [2026-09-17T18:56:31.568+0000] {dag.py:4180} INFO - Setting next_dagrun for example_sla_dag to 2026-09-17 18:54:00+00:00, run_after=2026-09-17 18:56:00+00:00
[2026-09-17T18:56:31.590+0000] {processor.py:208} INFO - Processing /home/airflow/.local/lib/python3.12/site-packages/airflow/example_dags/example_sla_dag.py took 0.095 seconds
[2026-09-17T18:57:02.468+0000] {processor.py:186} INFO - Started process (PID=846) to work on /home/airflow/.local/lib/python3.12/site-packages/airflow/example_dags/example_sla_dag.py
[2026-09-17T18:57:02.471+0000] {processor.py:914} INFO - Processing file /home/airflow/.local/lib/python3.12/site-packages/airflow/example_dags/example_sla_dag.py for tasks to queue
[2026-09-17T18:57:02.474+0000] {logging_mixin.py:190} INFO - [2026-09-17T18:57:02.473+0000] {dagbag.py:588} INFO - Filling up the DagBag from /home/airflow/.local/lib/python3.12/site-packages/airflow/example_dags/example_sla_dag.py
[2026-09-17T18:57:02.487+0000] {processor.py:925} INFO - DAG(s) 'example_sla_dag' retrieved from /home/airflow/.local/lib/python3.12/site-packages/airflow/example_dags/example_sla_dag.py
[2026-09-17T18:57:02.518+0000] {logging_mixin.py:190} INFO - [2026-09-17T18:57:02.518+0000] {dag.py:3239} INFO - Sync 1 DAGs
[2026-09-17T18:57:02.549+0000] {logging_mixin.py:190} INFO - [2026-09-17T18:57:02.549+0000] {dag.py:4180} INFO - Setting next_dagrun for example_sla_dag to 2026-09-17 18:54:00+00:00, run_after=2026-09-17 18:56:00+00:00
[2026-09-17T18:57:02.582+0000] {processor.py:208} INFO - Processing /home/airflow/.local/lib/python3.12/site-packages/airflow/example_dags/example_sla_dag.py took 0.121 seconds
[2026-09-17T18:57:32.883+0000] {processor.py:186} INFO - Started process (PID=910) to work on /home/airflow/.local/lib/python3.12/site-packages/airflow/example_dags/example_sla_dag.py
[2026-09-17T18:57:32.885+0000] {processor.py:914} INFO - Processing file /home/airflow/.local/lib/python3.12/site-packages/airflow/example_dags/example_sla_dag.py for tasks to queue
[2026-09-17T18:57:32.887+0000] {logging_mixin.py:190} INFO - [2026-09-17T18:57:32.887+0000] {dagbag.py:588} INFO - Filling up the DagBag from /home/airflow/.local/lib/python3.12/site-packages/airflow/example_dags/example_sla_dag.py
[2026-09-17T18:57:32.902+0000] {processor.py:925} INFO - DAG(s) 'example_sla_dag' retrieved from /home/airflow/.local/lib/python3.12/site-packages/airflow/example_dags/example_sla_dag.py
[2026-09-17T18:57:32.931+0000] {logging_mixin.py:190} INFO - [2026-09-17T18:57:32.931+0000] {dag.py:3239} INFO - Sync 1 DAGs
[2026-09-17T18:57:32.965+0000] {logging_mixin.py:190} INFO - [2026-09-17T18:57:32.965+0000] {dag.py:4180} INFO - Setting next_dagrun for example_sla_dag to 2026-09-17 18:54:00+00:00, run_after=2026-09-17 18:56:00+00:00
[2026-09-17T18:57:32.994+0000] {processor.py:208} INFO - Processing /home/airflow/.local/lib/python3.12/site-packages/airflow/example_dags/example_sla_dag.py took 0.118 seconds
[2026-09-17T18:58:03.642+0000] {processor.py:186} INFO - Started process (PID=968) to work on /home/airflow/.local/lib/python3.12/site-packages/airflow/example_dags/example_sla_dag.py
[2026-09-17T18:58:03.644+0000] {processor.py:914} INFO - Processing file /home/airflow/.local/lib/python3.12/site-packages/airflow/example_dags/example_sla_dag.py for tasks to queue
[2026-09-17T18:58:03.648+0000] {logging_mixin.py:190} INFO - [2026-09-17T18:58:03.647+0000] {dagbag.py:588} INFO - Filling up the DagBag from /home/airflow/.local/lib/python3.12/site-packages/airflow/example_dags/example_sla_dag.py
[2026-09-17T18:58:03.666+0000] {processor.py:925} INFO - DAG(s) 'example_sla_dag' retrieved from /home/airflow/.local/lib/python3.12/site-packages/airflow/example_dags/example_sla_dag.py
[2026-09-17T18:58:03.697+0000] {logging_mixin.py:190} INFO - [2026-09-17T18:58:03.696+0000] {dag.py:3239} INFO - Sync 1 DAGs
[2026-09-17T18:58:03.727+0000] {logging_mixin.py:190} INFO - [2026-09-17T18:58:03.727+0000] {dag.py:4180} INFO - Setting next_dagrun for example_sla_dag to 2026-09-17 18:56:00+00:00, run_after=2026-09-17 18:58:00+00:00
[2026-09-17T18:58:03.750+0000] {processor.py:208} INFO - Processing /home/airflow/.local/lib/python3.12/site-packages/airflow/example_dags/example_sla_dag.py took 0.122 seconds
[2026-09-17T18:58:33.845+0000] {processor.py:186} INFO - Started process (PID=1033) to work on /home/airflow/.local/lib/python3.12/site-packages/airflow/example_dags/example_sla_dag.py
[2026-09-17T18:58:33.847+0000] {processor.py:914} INFO - Processing file /home/airflow/.local/lib/python3.12/site-packages/airflow/example_dags/example_sla_dag.py for tasks to queue
[2026-09-17T18:58:33.850+0000] {logging_mixin.py:190} INFO - [2026-09-17T18:58:33.849+0000] {dagbag.py:588} INFO - Filling up the DagBag from /home/airflow/.local/lib/python3.12/site-packages/airflow/example_dags/example_sla_dag.py
[2026-09-17T18:58:33.861+0000] {processor.py:925} INFO - DAG(s) 'example_sla_dag' retrieved from /home/airflow/.local/lib/python3.12/site-packages/airflow/example_dags/example_sla_dag.py
[2026-09-17T18:58:33.888+0000] {logging_mixin.py:190} INFO - [2026-09-17T18:58:33.888+0000] {dag.py:3239} INFO - Sync 1 DAGs
[2026-09-17T18:58:33.915+0000] {logging_mixin.py:190} INFO - [2026-09-17T18:58:33.915+0000] {dag.py:4180} INFO - Setting next_dagrun for example_sla_dag to 2026-09-17 18:56:00+00:00, run_after=2026-09-17 18:58:00+00:00
[2026-09-17T18:58:33.940+0000] {processor.py:208} INFO - Processing /home/airflow/.local/lib/python3.12/site-packages/airflow/example_dags/example_sla_dag.py took 0.101 seconds
[2026-09-17T18:59:04.522+0000] {processor.py:186} INFO - Started process (PID=1098) to work on /home/airflow/.local/lib/python3.12/site-packages/airflow/example_dags/example_sla_dag.py
[2026-09-17T18:59:04.525+0000] {processor.py:914} INFO - Processing file /home/airflow/.local/lib/python3.12/site-packages/airflow/example_dags/example_sla_dag.py for tasks to queue
[2026-09-17T18:59:04.528+0000] {logging_mixin.py:190} INFO - [2026-09-17T18:59:04.528+0000] {dagbag.py:588} INFO - Filling up the DagBag from /home/airflow/.local/lib/python3.12/site-packages/airflow/example_dags/example_sla_dag.py
[2026-09-17T18:59:04.546+0000] {processor.py:925} INFO - DAG(s) 'example_sla_dag' retrieved from /home/airflow/.local/lib/python3.12/site-packages/airflow/example_dags/example_sla_dag.py
[2026-09-17T18:59:04.591+0000] {logging_mixin.py:190} INFO - [2026-09-17T18:59:04.591+0000] {dag.py:3239} INFO - Sync 1 DAGs
[2026-09-17T18:59:04.626+0000] {logging_mixin.py:190} INFO - [2026-09-17T18:59:04.625+0000] {dag.py:4180} INFO - Setting next_dagrun for example_sla_dag to 2026-09-17 18:56:00+00:00, run_after=2026-09-17 18:58:00+00:00
[2026-09-17T18:59:04.654+0000] {processor.py:208} INFO - Processing /home/airflow/.local/lib/python3.12/site-packages/airflow/example_dags/example_sla_dag.py took 0.143 seconds
[2026-09-17T18:59:37.125+0000] {processor.py:186} INFO - Started process (PID=1164) to work on /home/airflow/.local/lib/python3.12/site-packages/airflow/example_dags/example_sla_dag.py
[2026-09-17T18:59:37.127+0000] {processor.py:914} INFO - Processing file /home/airflow/.local/lib/python3.12/site-packages/airflow/example_dags/example_sla_dag.py for tasks to queue
[2026-09-17T18:59:37.131+0000] {logging_mixin.py:190} INFO - [2026-09-17T18:59:37.130+0000] {dagbag.py:588} INFO - Filling up the DagBag from /home/airflow/.local/lib/python3.12/site-packages/airflow/example_dags/example_sla_dag.py
[2026-09-17T18:59:37.148+0000] {processor.py:925} INFO - DAG(s) 'example_sla_dag' retrieved from /home/airflow/.local/lib/python3.12/site-packages/airflow/example_dags/example_sla_dag.py
[2026-09-17T18:59:37.183+0000] {logging_mixin.py:190} INFO - [2026-09-17T18:59:37.182+0000] {dag.py:3239} INFO - Sync 1 DAGs
[2026-09-17T18:59:37.220+0000] {logging_mixin.py:190} INFO - [2026-09-17T18:59:37.220+0000] {dag.py:4180} INFO - Setting next_dagrun for example_sla_dag to 2026-09-17 18:56:00+00:00, run_after=2026-09-17 18:58:00+00:00
[2026-09-17T18:59:37.251+0000] {processor.py:208} INFO - Processing /home/airflow/.local/lib/python3.12/site-packages/airflow/example_dags/example_sla_dag.py took 0.160 seconds
[2026-09-17T19:00:07.999+0000] {processor.py:186} INFO - Started process (PID=1229) to work on /home/airflow/.local/lib/python3.12/site-packages/airflow/example_dags/example_sla_dag.py
[2026-09-17T19:00:08.001+0000] {processor.py:914} INFO - Processing file /home/airflow/.local/lib/python3.12/site-packages/airflow/example_dags/example_sla_dag.py for tasks to queue
[2026-09-17T19:00:08.002+0000] {logging_mixin.py:190} INFO - [2026-09-17T19:00:08.002+0000] {dagbag.py:588} INFO - Filling up the DagBag from /home/airflow/.local/lib/python3.12/site-packages/airflow/example_dags/example_sla_dag.py
[2026-09-17T19:00:08.016+0000] {processor.py:925} INFO - DAG(s) 'example_sla_dag' retrieved from /home/airflow/.local/lib/python3.12/site-packages/airflow/example_dags/example_sla_dag.py
[2026-09-17T19:00:08.044+0000] {logging_mixin.py:190} INFO - [2026-09-17T19:00:08.044+0000] {dag.py:3239} INFO - Sync 1 DAGs
[2026-09-17T19:00:08.074+0000] {logging_mixin.py:190} INFO - [2026-09-17T19:00:08.074+0000] {dag.py:4180} INFO - Setting next_dagrun for example_sla_dag to 2026-09-17 18:58:00+00:00, run_after=2026-09-17 19:00:00+00:00
[2026-09-17T19:00:08.105+0000] {processor.py:208} INFO - Processing /home/airflow/.local/lib/python3.12/site-packages/airflow/example_dags/example_sla_dag.py took 0.112 seconds
[2026-09-17T19:00:38.266+0000] {processor.py:186} INFO - Started process (PID=1294) to work on /home/airflow/.local/lib/python3.12/site-packages/airflow/example_dags/example_sla_dag.py
[2026-09-17T19:00:38.268+0000] {processor.py:914} INFO - Processing file /home/airflow/.local/lib/python3.12/site-packages/airflow/example_dags/example_sla_dag.py for tasks to queue
[2026-09-17T19:00:38.270+0000] {logging_mixin.py:190} INFO - [2026-09-17T19:00:38.270+0000] {dagbag.py:588} INFO - Filling up the DagBag from /home/airflow/.local/lib/python3.12/site-packages/airflow/example_dags/example_sla_dag.py
[2026-09-17T19:00:38.283+0000] {processor.py:925} INFO - DAG(s) 'example_sla_dag' retrieved from /home/airflow/.local/lib/python3.12/site-packages/airflow/example_dags/example_sla_dag.py
[2026-09-17T19:00:38.311+0000] {logging_mixin.py:190} INFO - [2026-09-17T19:00:38.310+0000] {dag.py:3239} INFO - Sync 1 DAGs
[2026-09-17T19:00:38.338+0000] {logging_mixin.py:190} INFO - [2026-09-17T19:00:38.338+0000] {dag.py:4180} INFO - Setting next_dagrun for example_sla_dag to 2026-09-17 18:58:00+00:00, run_after=2026-09-17 19:00:00+00:00
[2026-09-17T19:00:38.365+0000] {processor.py:208} INFO - Processing /home/airflow/.local/lib/python3.12/site-packages/airflow/example_dags/example_sla_dag.py took 0.106 seconds
[2026-09-17T19:01:08.951+0000] {processor.py:186} INFO - Started process (PID=1359) to work on /home/airflow/.local/lib/python3.12/site-packages/airflow/example_dags/example_sla_dag.py
[2026-09-17T19:01:08.953+0000] {processor.py:914} INFO - Processing file /home/airflow/.local/lib/python3.12/site-packages/airflow/example_dags/example_sla_dag.py for tasks to queue
[2026-09-17T19:01:08.955+0000] {logging_mixin.py:190} INFO - [2026-09-17T19:01:08.955+0000] {dagbag.py:588} INFO - Filling up the DagBag from /home/airflow/.local/lib/python3.12/site-packages/airflow/example_dags/example_sla_dag.py
[2026-09-17T19:01:08.967+0000] {processor.py:925} INFO - DAG(s) 'example_sla_dag' retrieved from /home/airflow/.local/lib/python3.12/site-packages/airflow/example_dags/example_sla_dag.py
[2026-09-17T19:01:08.992+0000] {logging_mixin.py:190} INFO - [2026-09-17T19:01:08.991+0000] {dag.py:3239} INFO - Sync 1 DAGs
[2026-09-17T19:01:09.020+0000] {logging_mixin.py:190} INFO - [2026-09-17T19:01:09.019+0000] {dag.py:4180} INFO - Setting next_dagrun for example_sla_dag to 2026-09-17 18:58:00+00:00, run_after=2026-09-17 19:00:00+00:00
[2026-09-17T19:01:09.043+0000] {processor.py:208} INFO - Processing /home/airflow/.local/lib/python3.12/site-packages/airflow/example_dags/example_sla_dag.py took 0.098 seconds
[2026-09-17T19:01:39.468+0000] {processor.py:186} INFO - Started process (PID=1424) to work on /home/airflow/.local/lib/python3.12/site-packages/airflow/example_dags/example_sla_dag.py
[2026-09-17T19:01:39.470+0000] {processor.py:914} INFO - Processing file /home/airflow/.local/lib/python3.12/site-packages/airflow/example_dags/example_sla_dag.py for tasks to queue
[2026-09-17T19:01:39.473+0000] {logging_mixin.py:190} INFO - [2026-09-17T19:01:39.472+0000] {dagbag.py:588} INFO - Filling up the DagBag from /home/airflow/.local/lib/python3.12/site-packages/airflow/example_dags/example_sla_dag.py
[2026-09-17T19:01:39.490+0000] {processor.py:925} INFO - DAG(s) 'example_sla_dag' retrieved from /home/airflow/.local/lib/python3.12/site-packages/airflow/example_dags/example_sla_dag.py
[2026-09-17T19:01:39.521+0000] {logging_mixin.py:190} INFO - [2026-09-17T19:01:39.520+0000] {dag.py:3239} INFO - Sync 1 DAGs
[2026-09-17T19:01:39.562+0000] {logging_mixin.py:190} INFO - [2026-09-17T19:01:39.561+0000] {dag.py:4180} INFO - Setting next_dagrun for example_sla_dag to 2026-09-17 18:58:00+00:00, run_after=2026-09-17 19:00:00+00:00
[2026-09-17T19:01:39.592+0000] {processor.py:208} INFO - Processing /home/airflow/.local/lib/python3.12/site-packages/airflow/example_dags/example_sla_dag.py took 0.132 seconds
[2026-09-17T19:02:09.894+0000] {processor.py:186} INFO - Started process (PID=1481) to work on /home/airflow/.local/lib/python3.12/site-packages/airflow/example_dags/example_sla_dag.py
[2026-09-17T19:02:09.896+0000] {processor.py:914} INFO - Processing file /home/airflow/.local/lib/python3.12/site-packages/airflow/example_dags/example_sla_dag.py for tasks to queue
[2026-09-17T19:02:09.898+0000] {logging_mixin.py:190} INFO - [2026-09-17T19:02:09.898+0000] {dagbag.py:588} INFO - Filling up the DagBag from /home/airflow/.local/lib/python3.12/site-packages/airflow/example_dags/example_sla_dag.py
[2026-09-17T19:02:09.916+0000] {processor.py:925} INFO - DAG(s) 'example_sla_dag' retrieved from /home/airflow/.local/lib/python3.12/site-packages/airflow/example_dags/example_sla_dag.py
[2026-09-17T19:02:09.950+0000] {logging_mixin.py:190} INFO - [2026-09-17T19:02:09.950+0000] {dag.py:3239} INFO - Sync 1 DAGs
[2026-09-17T19:02:09.995+0000] {logging_mixin.py:190} INFO - [2026-09-17T19:02:09.994+0000] {dag.py:4180} INFO - Setting next_dagrun for example_sla_dag to 2026-09-17 19:00:00+00:00, run_after=2026-09-17 19:02:00+00:00
[2026-09-17T19:02:10.033+0000] {processor.py:208} INFO - Processing /home/airflow/.local/lib/python3.12/site-packages/airflow/example_dags/example_sla_dag.py took 0.148 seconds
[2026-09-17T19:02:40.371+0000] {processor.py:186} INFO - Started process (PID=1546) to work on /home/airflow/.local/lib/python3.12/site-packages/airflow/example_dags/example_sla_dag.py
[2026-09-17T19:02:40.373+0000] {processor.py:914} INFO - Processing file /home/airflow/.local/lib/python3.12/site-packages/airflow/example_dags/example_sla_dag.py for tasks to queue
[2026-09-17T19:02:40.376+0000] {logging_mixin.py:190} INFO - [2026-09-17T19:02:40.375+0000] {dagbag.py:588} INFO - Filling up the DagBag from /home/airflow/.local/lib/python3.12/site-packages/airflow/example_dags/example_sla_dag.py
[2026-09-17T19:02:40.388+0000] {processor.py:925} INFO - DAG(s) 'example_sla_dag' retrieved from /home/airflow/.local/lib/python3.12/site-packages/airflow/example_dags/example_sla_dag.py
[2026-09-17T19:02:40.415+0000] {logging_mixin.py:190} INFO - [2026-09-17T19:02:40.415+0000] {dag.py:3239} INFO - Sync 1 DAGs
[2026-09-17T19:02:40.442+0000] {logging_mixin.py:190} INFO - [2026-09-17T19:02:40.442+0000] {dag.py:4180} INFO - Setting next_dagrun for example_sla_dag to 2026-09-17 19:00:00+00:00, run_after=2026-09-17 19:02:00+00:00
[2026-09-17T19:02:40.463+0000] {processor.py:208} INFO - Processing /home/airflow/.local/lib/python3.12/site-packages/airflow/example_dags/example_sla_dag.py took 0.100 seconds
[2026-09-17T19:03:10.758+0000] {processor.py:186} INFO - Started process (PID=1611) to work on /home/airflow/.local/lib/python3.12/site-packages/airflow/example_dags/example_sla_dag.py
[2026-09-17T19:03:10.760+0000] {processor.py:914} INFO - Processing file /home/airflow/.local/lib/python3.12/site-packages/airflow/example_dags/example_sla_dag.py for tasks to queue
[2026-09-17T19:03:10.763+0000] {logging_mixin.py:190} INFO - [2026-09-17T19:03:10.763+0000] {dagbag.py:588} INFO - Filling up the DagBag from /home/airflow/.local/lib/python3.12/site-packages/airflow/example_dags/example_sla_dag.py
[2026-09-17T19:03:10.778+0000] {processor.py:925} INFO - DAG(s) 'example_sla_dag' retrieved from /home/airflow/.local/lib/python3.12/site-packages/airflow/example_dags/example_sla_dag.py
[2026-09-17T19:03:10.808+0000] {logging_mixin.py:190} INFO - [2026-09-17T19:03:10.808+0000] {dag.py:3239} INFO - Sync 1 DAGs
[2026-09-17T19:03:10.839+0000] {logging_mixin.py:190} INFO - [2026-09-17T19:03:10.839+0000] {dag.py:4180} INFO - Setting next_dagrun for example_sla_dag to 2026-09-17 19:00:00+00:00, run_after=2026-09-17 19:02:00+00:00
[2026-09-17T19:03:10.863+0000] {processor.py:208} INFO - Processing /home/airflow/.local/lib/python3.12/site-packages/airflow/example_dags/example_sla_dag.py took 0.112 seconds
[2026-09-17T19:03:41.623+0000] {processor.py:186} INFO - Started process (PID=1676) to work on /home/airflow/.local/lib/python3.12/site-packages/airflow/example_dags/example_sla_dag.py
[2026-09-17T19:03:41.625+0000] {processor.py:914} INFO - Processing file /home/airflow/.local/lib/python3.12/site-packages/airflow/example_dags/example_sla_dag.py for tasks to queue
[2026-09-17T19:03:41.627+0000] {logging_mixin.py:190} INFO - [2026-09-17T19:03:41.627+0000] {dagbag.py:588} INFO - Filling up the DagBag from /home/airflow/.local/lib/python3.12/site-packages/airflow/example_dags/example_sla_dag.py
[2026-09-17T19:03:41.641+0000] {processor.py:925} INFO - DAG(s) 'example_sla_dag' retrieved from /home/airflow/.local/lib/python3.12/site-packages/airflow/example_dags/example_sla_dag.py
[2026-09-17T19:03:41.675+0000] {logging_mixin.py:190} INFO - [2026-09-17T19:03:41.675+0000] {dag.py:3239} INFO - Sync 1 DAGs
[2026-09-17T19:03:41.710+0000] {logging_mixin.py:190} INFO - [2026-09-17T19:03:41.709+0000] {dag.py:4180} INFO - Setting next_dagrun for example_sla_dag to 2026-09-17 19:00:00+00:00, run_after=2026-09-17 19:02:00+00:00
[2026-09-17T19:03:41.741+0000] {processor.py:208} INFO - Processing /home/airflow/.local/lib/python3.12/site-packages/airflow/example_dags/example_sla_dag.py took 0.126 seconds
[2026-09-17T19:04:11.910+0000] {processor.py:186} INFO - Started process (PID=1741) to work on /home/airflow/.local/lib/python3.12/site-packages/airflow/example_dags/example_sla_dag.py
[2026-09-17T19:04:11.912+0000] {processor.py:914} INFO - Processing file /home/airflow/.local/lib/python3.12/site-packages/airflow/example_dags/example_sla_dag.py for tasks to queue
[2026-09-17T19:04:11.915+0000] {logging_mixin.py:190} INFO - [2026-09-17T19:04:11.914+0000] {dagbag.py:588} INFO - Filling up the DagBag from /home/airflow/.local/lib/python3.12/site-packages/airflow/example_dags/example_sla_dag.py
[2026-09-17T19:04:11.926+0000] {processor.py:925} INFO - DAG(s) 'example_sla_dag' retrieved from /home/airflow/.local/lib/python3.12/site-packages/airflow/example_dags/example_sla_dag.py
[2026-09-17T19:04:11.954+0000] {logging_mixin.py:190} INFO - [2026-09-17T19:04:11.953+0000] {dag.py:3239} INFO - Sync 1 DAGs
[2026-09-17T19:04:11.980+0000] {logging_mixin.py:190} INFO - [2026-09-17T19:04:11.980+0000] {dag.py:4180} INFO - Setting next_dagrun for example_sla_dag to 2026-09-17 19:02:00+00:00, run_after=2026-09-17 19:04:00+00:00
[2026-09-17T19:04:12.002+0000] {processor.py:208} INFO - Processing /home/airflow/.local/lib/python3.12/site-packages/airflow/example_dags/example_sla_dag.py took 0.098 seconds
[2026-09-17T19:04:42.347+0000] {processor.py:186} INFO - Started process (PID=1806) to work on /home/airflow/.local/lib/python3.12/site-packages/airflow/example_dags/example_sla_dag.py
[2026-09-17T19:04:42.349+0000] {processor.py:914} INFO - Processing file /home/airflow/.local/lib/python3.12/site-packages/airflow/example_dags/example_sla_dag.py for tasks to queue
[2026-09-17T19:04:42.352+0000] {logging_mixin.py:190} INFO - [2026-09-17T19:04:42.352+0000] {dagbag.py:588} INFO - Filling up the DagBag from /home/airflow/.local/lib/python3.12/site-packages/airflow/example_dags/example_sla_dag.py
[2026-09-17T19:04:42.367+0000] {processor.py:925} INFO - DAG(s) 'example_sla_dag' retrieved from /home/airflow/.local/lib/python3.12/site-packages/airflow/example_dags/example_sla_dag.py
[2026-09-17T19:04:42.397+0000] {logging_mixin.py:190} INFO - [2026-09-17T19:04:42.397+0000] {dag.py:3239} INFO - Sync 1 DAGs
[2026-09-17T19:04:42.430+0000] {logging_mixin.py:190} INFO - [2026-09-17T19:04:42.430+0000] {dag.py:4180} INFO - Setting next_dagrun for example_sla_dag to 2026-09-17 19:02:00+00:00, run_after=2026-09-17 19:04:00+00:00
[2026-09-17T19:04:42.452+0000] {processor.py:208} INFO - Processing /home/airflow/.local/lib/python3.12/site-packages/airflow/example_dags/example_sla_dag.py took 0.112 seconds
[2026-09-17T19:05:12.586+0000] {processor.py:186} INFO - Started process (PID=1871) to work on /home/airflow/.local/lib/python3.12/site-packages/airflow/example_dags/example_sla_dag.py
[2026-09-17T19:05:12.589+0000] {processor.py:914} INFO - Processing file /home/airflow/.local/lib/python3.12/site-packages/airflow/example_dags/example_sla_dag.py for tasks to queue
[2026-09-17T19:05:12.591+0000] {logging_mixin.py:190} INFO - [2026-09-17T19:05:12.590+0000] {dagbag.py:588} INFO - Filling up the DagBag from /home/airflow/.local/lib/python3.12/site-packages/airflow/example_dags/example_sla_dag.py
[2026-09-17T19:05:12.604+0000] {processor.py:925} INFO - DAG(s) 'example_sla_dag' retrieved from /home/airflow/.local/lib/python3.12/site-packages/airflow/example_dags/example_sla_dag.py
[2026-09-17T19:05:12.634+0000] {logging_mixin.py:190} INFO - [2026-09-17T19:05:12.634+0000] {dag.py:3239} INFO - Sync 1 DAGs
[2026-09-17T19:05:12.665+0000] {logging_mixin.py:190} INFO - [2026-09-17T19:05:12.665+0000] {dag.py:4180} INFO - Setting next_dagrun for example_sla_dag to 2026-09-17 19:02:00+00:00, run_after=2026-09-17 19:04:00+00:00
[2026-09-17T19:05:12.691+0000] {processor.py:208} INFO - Processing /home/airflow/.local/lib/python3.12/site-packages/airflow/example_dags/example_sla_dag.py took 0.112 seconds
[2026-09-17T19:05:43.358+0000] {processor.py:186} INFO - Started process (PID=1936) to work on /home/airflow/.local/lib/python3.12/site-packages/airflow/example_dags/example_sla_dag.py
[2026-09-17T19:05:43.359+0000] {processor.py:914} INFO - Processing file /home/airflow/.local/lib/python3.12/site-packages/airflow/example_dags/example_sla_dag.py for tasks to queue
[2026-09-17T19:05:43.361+0000] {logging_mixin.py:190} INFO - [2026-09-17T19:05:43.361+0000] {dagbag.py:588} INFO - Filling up the DagBag from /home/airflow/.local/lib/python3.12/site-packages/airflow/example_dags/example_sla_dag.py
[2026-09-17T19:05:43.374+0000] {processor.py:925} INFO - DAG(s) 'example_sla_dag' retrieved from /home/airflow/.local/lib/python3.12/site-packages/airflow/example_dags/example_sla_dag.py
[2026-09-17T19:05:43.407+0000] {logging_mixin.py:190} INFO - [2026-09-17T19:05:43.406+0000] {dag.py:3239} INFO - Sync 1 DAGs
[2026-09-17T19:05:43.444+0000] {logging_mixin.py:190} INFO - [2026-09-17T19:05:43.444+0000] {dag.py:4180} INFO - Setting next_dagrun for example_sla_dag to 2026-09-17 19:02:00+00:00, run_after=2026-09-17 19:04:00+00:00
[2026-09-17T19:05:43.475+0000] {processor.py:208} INFO - Processing /home/airflow/.local/lib/python3.12/site-packages/airflow/example_dags/example_sla_dag.py took 0.123 seconds
[2026-09-17T19:06:13.776+0000] {processor.py:186} INFO - Started process (PID=2001) to work on /home/airflow/.local/lib/python3.12/site-packages/airflow/example_dags/example_sla_dag.py
[2026-09-17T19:06:13.778+0000] {processor.py:914} INFO - Processing file /home/airflow/.local/lib/python3.12/site-packages/airflow/example_dags/example_sla_dag.py for tasks to queue
[2026-09-17T19:06:13.780+0000] {logging_mixin.py:190} INFO - [2026-09-17T19:06:13.780+0000] {dagbag.py:588} INFO - Filling up the DagBag from /home/airflow/.local/lib/python3.12/site-packages/airflow/example_dags/example_sla_dag.py
[2026-09-17T19:06:13.793+0000] {processor.py:925} INFO - DAG(s) 'example_sla_dag' retrieved from /home/airflow/.local/lib/python3.12/site-packages/airflow/example_dags/example_sla_dag.py
[2026-09-17T19:06:13.819+0000] {logging_mixin.py:190} INFO - [2026-09-17T19:06:13.818+0000] {dag.py:3239} INFO - Sync 1 DAGs
[2026-09-17T19:06:13.850+0000] {logging_mixin.py:190} INFO - [2026-09-17T19:06:13.850+0000] {dag.py:4180} INFO - Setting next_dagrun for example_sla_dag to 2026-09-17 19:04:00+00:00, run_after=2026-09-17 19:06:00+00:00
[2026-09-17T19:06:13.879+0000] {processor.py:208} INFO - Processing /home/airflow/.local/lib/python3.12/site-packages/airflow/example_dags/example_sla_dag.py took 0.109 seconds
[2026-09-17T19:06:44.609+0000] {processor.py:186} INFO - Started process (PID=2065) to work on /home/airflow/.local/lib/python3.12/site-packages/airflow/example_dags/example_sla_dag.py
[2026-09-17T19:06:44.611+0000] {processor.py:914} INFO - Processing file /home/airflow/.local/lib/python3.12/site-packages/airflow/example_dags/example_sla_dag.py for tasks to queue
[2026-09-17T19:06:44.614+0000] {logging_mixin.py:190} INFO - [2026-09-17T19:06:44.613+0000] {dagbag.py:588} INFO - Filling up the DagBag from /home/airflow/.local/lib/python3.12/site-packages/airflow/example_dags/example_sla_dag.py
[2026-09-17T19:06:44.631+0000] {processor.py:925} INFO - DAG(s) 'example_sla_dag' retrieved from /home/airflow/.local/lib/python3.12/site-packages/airflow/example_dags/example_sla_dag.py
[2026-09-17T19:06:44.669+0000] {logging_mixin.py:190} INFO - [2026-09-17T19:06:44.668+0000] {dag.py:3239} INFO - Sync 1 DAGs
[2026-09-17T19:06:44.711+0000] {logging_mixin.py:190} INFO - [2026-09-17T19:06:44.711+0000] {dag.py:4180} INFO - Setting next_dagrun for example_sla_dag to 2026-09-17 19:04:00+00:00, run_after=2026-09-17 19:06:00+00:00
[2026-09-17T19:06:44.748+0000] {processor.py:208} INFO - Processing /home/airflow/.local/lib/python3.12/site-packages/airflow/example_dags/example_sla_dag.py took 0.147 seconds
[2026-09-17T19:07:14.804+0000] {processor.py:186} INFO - Started process (PID=2123) to work on /home/airflow/.local/lib/python3.12/site-packages/airflow/example_dags/example_sla_dag.py
[2026-09-17T19:07:14.806+0000] {processor.py:914} INFO - Processing file /home/airflow/.local/lib/python3.12/site-packages/airflow/example_dags/example_sla_dag.py for tasks to queue
[2026-09-17T19:07:14.808+0000] {logging_mixin.py:190} INFO - [2026-09-17T19:07:14.808+0000] {dagbag.py:588} INFO - Filling up the DagBag from /home/airflow/.local/lib/python3.12/site-packages/airflow/example_dags/example_sla_dag.py
[2026-09-17T19:07:14.823+0000] {processor.py:925} INFO - DAG(s) 'example_sla_dag' retrieved from /home/airflow/.local/lib/python3.12/site-packages/airflow/example_dags/example_sla_dag.py
[2026-09-17T19:07:14.852+0000] {logging_mixin.py:190} INFO - [2026-09-17T19:07:14.852+0000] {dag.py:3239} INFO - Sync 1 DAGs
[2026-09-17T19:07:14.881+0000] {logging_mixin.py:190} INFO - [2026-09-17T19:07:14.881+0000] {dag.py:4180} INFO - Setting next_dagrun for example_sla_dag to 2026-09-17 19:04:00+00:00, run_after=2026-09-17 19:06:00+00:00
[2026-09-17T19:07:14.901+0000] {processor.py:208} INFO - Processing /home/airflow/.local/lib/python3.12/site-packages/airflow/example_dags/example_sla_dag.py took 0.103 seconds
[2026-09-17T19:07:45.669+0000] {processor.py:186} INFO - Started process (PID=2188) to work on /home/airflow/.local/lib/python3.12/site-packages/airflow/example_dags/example_sla_dag.py
[2026-09-17T19:07:45.671+0000] {processor.py:914} INFO - Processing file /home/airflow/.local/lib/python3.12/site-packages/airflow/example_dags/example_sla_dag.py for tasks to queue
[2026-09-17T19:07:45.673+0000] {logging_mixin.py:190} INFO - [2026-09-17T19:07:45.673+0000] {dagbag.py:588} INFO - Filling up the DagBag from /home/airflow/.local/lib/python3.12/site-packages/airflow/example_dags/example_sla_dag.py
[2026-09-17T19:07:45.685+0000] {processor.py:925} INFO - DAG(s) 'example_sla_dag' retrieved from /home/airflow/.local/lib/python3.12/site-packages/airflow/example_dags/example_sla_dag.py
[2026-09-17T19:07:45.714+0000] {logging_mixin.py:190} INFO - [2026-09-17T19:07:45.714+0000] {dag.py:3239} INFO - Sync 1 DAGs
[2026-09-17T19:07:45.747+0000] {logging_mixin.py:190} INFO - [2026-09-17T19:07:45.746+0000] {dag.py:4180} INFO - Setting next_dagrun for example_sla_dag to 2026-09-17 19:04:00+00:00, run_after=2026-09-17 19:06:00+00:00
[2026-09-17T19:07:45.775+0000] {processor.py:208} INFO - Processing /home/airflow/.local/lib/python3.12/site-packages/airflow/example_dags/example_sla_dag.py took 0.112 seconds
[2026-09-17T19:08:16.712+0000] {processor.py:186} INFO - Started process (PID=2253) to work on /home/airflow/.local/lib/python3.12/site-packages/airflow/example_dags/example_sla_dag.py
[2026-09-17T19:08:16.715+0000] {processor.py:914} INFO - Processing file /home/airflow/.local/lib/python3.12/site-packages/airflow/example_dags/example_sla_dag.py for tasks to queue
[2026-09-17T19:08:16.718+0000] {logging_mixin.py:190} INFO - [2026-09-17T19:08:16.717+0000] {dagbag.py:588} INFO - Filling up the DagBag from /home/airflow/.local/lib/python3.12/site-packages/airflow/example_dags/example_sla_dag.py
[2026-09-17T19:08:16.730+0000] {processor.py:925} INFO - DAG(s) 'example_sla_dag' retrieved from /home/airflow/.local/lib/python3.12/site-packages/airflow/example_dags/example_sla_dag.py
[2026-09-17T19:08:16.758+0000] {logging_mixin.py:190} INFO - [2026-09-17T19:08:16.758+0000] {dag.py:3239} INFO - Sync 1 DAGs
[2026-09-17T19:08:16.792+0000] {logging_mixin.py:190} INFO - [2026-09-17T19:08:16.792+0000] {dag.py:4180} INFO - Setting next_dagrun for example_sla_dag to 2026-09-17 19:06:00+00:00, run_after=2026-09-17 19:08:00+00:00
[2026-09-17T19:08:16.817+0000] {processor.py:208} INFO - Processing /home/airflow/.local/lib/python3.12/site-packages/airflow/example_dags/example_sla_dag.py took 0.112 seconds
[2026-09-17T19:08:47.632+0000] {processor.py:186} INFO - Started process (PID=2318) to work on /home/airflow/.local/lib/python3.12/site-packages/airflow/example_dags/example_sla_dag.py
[2026-09-17T19:08:47.634+0000] {processor.py:914} INFO - Processing file /home/airflow/.local/lib/python3.12/site-packages/airflow/example_dags/example_sla_dag.py for tasks to queue
[2026-09-17T19:08:47.636+0000] {logging_mixin.py:190} INFO - [2026-09-17T19:08:47.636+0000] {dagbag.py:588} INFO - Filling up the DagBag from /home/airflow/.local/lib/python3.12/site-packages/airflow/example_dags/example_sla_dag.py
[2026-09-17T19:08:47.648+0000] {processor.py:925} INFO - DAG(s) 'example_sla_dag' retrieved from /home/airflow/.local/lib/python3.12/site-packages/airflow/example_dags/example_sla_dag.py
[2026-09-17T19:08:47.674+0000] {logging_mixin.py:190} INFO - [2026-09-17T19:08:47.674+0000] {dag.py:3239} INFO - Sync 1 DAGs
[2026-09-17T19:08:47.699+0000] {logging_mixin.py:190} INFO - [2026-09-17T19:08:47.699+0000] {dag.py:4180} INFO - Setting next_dagrun for example_sla_dag to 2026-09-17 19:06:00+00:00, run_after=2026-09-17 19:08:00+00:00
[2026-09-17T19:08:47.720+0000] {processor.py:208} INFO - Processing /home/airflow/.local/lib/python3.12/site-packages/airflow/example_dags/example_sla_dag.py took 0.094 seconds
[2026-09-17T19:09:17.979+0000] {processor.py:186} INFO - Started process (PID=2383) to work on /home/airflow/.local/lib/python3.12/site-packages/airflow/example_dags/example_sla_dag.py
[2026-09-17T19:09:17.980+0000] {processor.py:914} INFO - Processing file /home/airflow/.local/lib/python3.12/site-packages/airflow/example_dags/example_sla_dag.py for tasks to queue
[2026-09-17T19:09:17.982+0000] {logging_mixin.py:190} INFO - [2026-09-17T19:09:17.982+0000] {dagbag.py:588} INFO - Filling up the DagBag from /home/airflow/.local/lib/python3.12/site-packages/airflow/example_dags/example_sla_dag.py
[2026-09-17T19:09:17.994+0000] {processor.py:925} INFO - DAG(s) 'example_sla_dag' retrieved from /home/airflow/.local/lib/python3.12/site-packages/airflow/example_dags/example_sla_dag.py
[2026-09-17T19:09:18.017+0000] {logging_mixin.py:190} INFO - [2026-09-17T19:09:18.016+0000] {dag.py:3239} INFO - Sync 1 DAGs
[2026-09-17T19:09:18.043+0000] {logging_mixin.py:190} INFO - [2026-09-17T19:09:18.043+0000] {dag.py:4180} INFO - Setting next_dagrun for example_sla_dag to 2026-09-17 19:06:00+00:00, run_after=2026-09-17 19:08:00+00:00
[2026-09-17T19:09:18.064+0000] {processor.py:208} INFO - Processing /home/airflow/.local/lib/python3.12/site-packages/airflow/example_dags/example_sla_dag.py took 0.092 seconds
[2026-09-17T19:09:48.949+0000] {processor.py:186} INFO - Started process (PID=2448) to work on /home/airflow/.local/lib/python3.12/site-packages/airflow/example_dags/example_sla_dag.py
[2026-09-17T19:09:48.951+0000] {processor.py:914} INFO - Processing file /home/airflow/.local/lib/python3.12/site-packages/airflow/example_dags/example_sla_dag.py for tasks to queue
[2026-09-17T19:09:48.953+0000] {logging_mixin.py:190} INFO - [2026-09-17T19:09:48.953+0000] {dagbag.py:588} INFO - Filling up the DagBag from /home/airflow/.local/lib/python3.12/site-packages/airflow/example_dags/example_sla_dag.py
[2026-09-17T19:09:48.964+0000] {processor.py:925} INFO - DAG(s) 'example_sla_dag' retrieved from /home/airflow/.local/lib/python3.12/site-packages/airflow/example_dags/example_sla_dag.py
[2026-09-17T19:09:48.988+0000] {logging_mixin.py:190} INFO - [2026-09-17T19:09:48.988+0000] {dag.py:3239} INFO - Sync 1 DAGs
[2026-09-17T19:09:49.012+0000] {logging_mixin.py:190} INFO - [2026-09-17T19:09:49.012+0000] {dag.py:4180} INFO - Setting next_dagrun for example_sla_dag to 2026-09-17 19:06:00+00:00, run_after=2026-09-17 19:08:00+00:00
[2026-09-17T19:09:49.035+0000] {processor.py:208} INFO - Processing /home/airflow/.local/lib/python3.12/site-packages/airflow/example_dags/example_sla_dag.py took 0.092 seconds
[2026-09-17T19:10:21.072+0000] {processor.py:186} INFO - Started process (PID=2511) to work on /home/airflow/.local/lib/python3.12/site-packages/airflow/example_dags/example_sla_dag.py
[2026-09-17T19:10:21.074+0000] {processor.py:914} INFO - Processing file /home/airflow/.local/lib/python3.12/site-packages/airflow/example_dags/example_sla_dag.py for tasks to queue
[2026-09-17T19:10:21.076+0000] {logging_mixin.py:190} INFO - [2026-09-17T19:10:21.076+0000] {dagbag.py:588} INFO - Filling up the DagBag from /home/airflow/.local/lib/python3.12/site-packages/airflow/example_dags/example_sla_dag.py
[2026-09-17T19:10:21.087+0000] {processor.py:925} INFO - DAG(s) 'example_sla_dag' retrieved from /home/airflow/.local/lib/python3.12/site-packages/airflow/example_dags/example_sla_dag.py
[2026-09-17T19:10:21.113+0000] {logging_mixin.py:190} INFO - [2026-09-17T19:10:21.112+0000] {dag.py:3239} INFO - Sync 1 DAGs
[2026-09-17T19:10:21.137+0000] {logging_mixin.py:190} INFO - [2026-09-17T19:10:21.136+0000] {dag.py:4180} INFO - Setting next_dagrun for example_sla_dag to 2026-09-17 19:08:00+00:00, run_after=2026-09-17 19:10:00+00:00
[2026-09-17T19:10:21.159+0000] {processor.py:208} INFO - Processing /home/airflow/.local/lib/python3.12/site-packages/airflow/example_dags/example_sla_dag.py took 0.093 seconds
[2026-09-17T19:10:51.382+0000] {processor.py:186} INFO - Started process (PID=2576) to work on /home/airflow/.local/lib/python3.12/site-packages/airflow/example_dags/example_sla_dag.py
[2026-09-17T19:10:51.384+0000] {processor.py:914} INFO - Processing file /home/airflow/.local/lib/python3.12/site-packages/airflow/example_dags/example_sla_dag.py for tasks to queue
[2026-09-17T19:10:51.387+0000] {logging_mixin.py:190} INFO - [2026-09-17T19:10:51.386+0000] {dagbag.py:588} INFO - Filling up the DagBag from /home/airflow/.local/lib/python3.12/site-packages/airflow/example_dags/example_sla_dag.py
[2026-09-17T19:10:51.406+0000] {processor.py:925} INFO - DAG(s) 'example_sla_dag' retrieved from /home/airflow/.local/lib/python3.12/site-packages/airflow/example_dags/example_sla_dag.py
[2026-09-17T19:10:51.446+0000] {logging_mixin.py:190} INFO - [2026-09-17T19:10:51.445+0000] {dag.py:3239} INFO - Sync 1 DAGs
[2026-09-17T19:10:51.480+0000] {logging_mixin.py:190} INFO - [2026-09-17T19:10:51.480+0000] {dag.py:4180} INFO - Setting next_dagrun for example_sla_dag to 2026-09-17 19:08:00+00:00, run_after=2026-09-17 19:10:00+00:00
[2026-09-17T19:10:51.505+0000] {processor.py:208} INFO - Processing /home/airflow/.local/lib/python3.12/site-packages/airflow/example_dags/example_sla_dag.py took 0.136 seconds
[2026-09-17T19:11:22.191+0000] {processor.py:186} INFO - Started process (PID=2641) to work on /home/airflow/.local/lib/python3.12/site-packages/airflow/example_dags/example_sla_dag.py
[2026-09-17T19:11:22.193+0000] {processor.py:914} INFO - Processing file /home/airflow/.local/lib/python3.12/site-packages/airflow/example_dags/example_sla_dag.py for tasks to queue
[2026-09-17T19:11:22.195+0000] {logging_mixin.py:190} INFO - [2026-09-17T19:11:22.194+0000] {dagbag.py:588} INFO - Filling up the DagBag from /home/airflow/.local/lib/python3.12/site-packages/airflow/example_dags/example_sla_dag.py
[2026-09-17T19:11:22.206+0000] {processor.py:925} INFO - DAG(s) 'example_sla_dag' retrieved from /home/airflow/.local/lib/python3.12/site-packages/airflow/example_dags/example_sla_dag.py
[2026-09-17T19:11:22.230+0000] {logging_mixin.py:190} INFO - [2026-09-17T19:11:22.229+0000] {dag.py:3239} INFO - Sync 1 DAGs
[2026-09-17T19:11:22.258+0000] {logging_mixin.py:190} INFO - [2026-09-17T19:11:22.258+0000] {dag.py:4180} INFO - Setting next_dagrun for example_sla_dag to 2026-09-17 19:08:00+00:00, run_after=2026-09-17 19:10:00+00:00
[2026-09-17T19:11:22.279+0000] {processor.py:208} INFO - Processing /home/airflow/.local/lib/python3.12/site-packages/airflow/example_dags/example_sla_dag.py took 0.094 seconds
[2026-09-17T19:11:53.587+0000] {processor.py:186} INFO - Started process (PID=2702) to work on /home/airflow/.local/lib/python3.12/site-packages/airflow/example_dags/example_sla_dag.py
[2026-09-17T19:11:53.589+0000] {processor.py:914} INFO - Processing file /home/airflow/.local/lib/python3.12/site-packages/airflow/example_dags/example_sla_dag.py for tasks to queue
[2026-09-17T19:11:53.591+0000] {logging_mixin.py:190} INFO - [2026-09-17T19:11:53.591+0000] {dagbag.py:588} INFO - Filling up the DagBag from /home/airflow/.local/lib/python3.12/site-packages/airflow/example_dags/example_sla_dag.py
[2026-09-17T19:11:53.605+0000] {processor.py:925} INFO - DAG(s) 'example_sla_dag' retrieved from /home/airflow/.local/lib/python3.12/site-packages/airflow/example_dags/example_sla_dag.py
[2026-09-17T19:11:53.631+0000] {logging_mixin.py:190} INFO - [2026-09-17T19:11:53.631+0000] {dag.py:3239} INFO - Sync 1 DAGs
[2026-09-17T19:11:53.658+0000] {logging_mixin.py:190} INFO - [2026-09-17T19:11:53.658+0000] {dag.py:4180} INFO - Setting next_dagrun for example_sla_dag to 2026-09-17 19:08:00+00:00, run_after=2026-09-17 19:10:00+00:00
[2026-09-17T19:11:53.685+0000] {processor.py:208} INFO - Processing /home/airflow/.local/lib/python3.12/site-packages/airflow/example_dags/example_sla_dag.py took 0.104 seconds
[2026-09-17T19:12:25.342+0000] {processor.py:186} INFO - Started process (PID=2767) to work on /home/airflow/.local/lib/python3.12/site-packages/airflow/example_dags/example_sla_dag.py
[2026-09-17T19:12:25.345+0000] {processor.py:914} INFO - Processing file /home/airflow/.local/lib/python3.12/site-packages/airflow/example_dags/example_sla_dag.py for tasks to queue
[2026-09-17T19:12:25.347+0000] {logging_mixin.py:190} INFO - [2026-09-17T19:12:25.347+0000] {dagbag.py:588} INFO - Filling up the DagBag from /home/airflow/.local/lib/python3.12/site-packages/airflow/example_dags/example_sla_dag.py
[2026-09-17T19:12:25.362+0000] {processor.py:925} INFO - DAG(s) 'example_sla_dag' retrieved from /home/airflow/.local/lib/python3.12/site-packages/airflow/example_dags/example_sla_dag.py
[2026-09-17T19:12:25.395+0000] {logging_mixin.py:190} INFO - [2026-09-17T19:12:25.395+0000] {dag.py:3239} INFO - Sync 1 DAGs
[2026-09-17T19:12:25.429+0000] {logging_mixin.py:190} INFO - [2026-09-17T19:12:25.428+0000] {dag.py:4180} INFO - Setting next_dagrun for example_sla_dag to 2026-09-17 19:10:00+00:00, run_after=2026-09-17 19:12:00+00:00
[2026-09-17T19:12:25.461+0000] {processor.py:208} INFO - Processing /home/airflow/.local/lib/python3.12/site-packages/airflow/example_dags/example_sla_dag.py took 0.126 seconds
[2026-09-17T19:12:56.444+0000] {processor.py:186} INFO - Started process (PID=2829) to work on /home/airflow/.local/lib/python3.12/site-packages/airflow/example_dags/example_sla_dag.py
[2026-09-17T19:12:56.447+0000] {processor.py:914} INFO - Processing file /home/airflow/.local/lib/python3.12/site-packages/airflow/example_dags/example_sla_dag.py for tasks to queue
[2026-09-17T19:12:56.450+0000] {logging_mixin.py:190} INFO - [2026-09-17T19:12:56.449+0000] {dagbag.py:588} INFO - Filling up the DagBag from /home/airflow/.local/lib/python3.12/site-packages/airflow/example_dags/example_sla_dag.py
[2026-09-17T19:12:56.463+0000] {processor.py:925} INFO - DAG(s) 'example_sla_dag' retrieved from /home/airflow/.local/lib/python3.12/site-packages/airflow/example_dags/example_sla_dag.py
[2026-09-17T19:12:56.493+0000] {logging_mixin.py:190} INFO - [2026-09-17T19:12:56.493+0000] {dag.py:3239} INFO - Sync 1 DAGs
[2026-09-17T19:12:56.525+0000] {logging_mixin.py:190} INFO - [2026-09-17T19:12:56.525+0000] {dag.py:4180} INFO - Setting next_dagrun for example_sla_dag to 2026-09-17 19:10:00+00:00, run_after=2026-09-17 19:12:00+00:00
[2026-09-17T19:12:56.553+0000] {processor.py:208} INFO - Processing /home/airflow/.local/lib/python3.12/site-packages/airflow/example_dags/example_sla_dag.py took 0.116 seconds
[2026-09-17T19:13:27.078+0000] {processor.py:186} INFO - Started process (PID=2887) to work on /home/airflow/.local/lib/python3.12/site-packages/airflow/example_dags/example_sla_dag.py
[2026-09-17T19:13:27.080+0000] {processor.py:914} INFO - Processing file /home/airflow/.local/lib/python3.12/site-packages/airflow/example_dags/example_sla_dag.py for tasks to queue
[2026-09-17T19:13:27.082+0000] {logging_mixin.py:190} INFO - [2026-09-17T19:13:27.082+0000] {dagbag.py:588} INFO - Filling up the DagBag from /home/airflow/.local/lib/python3.12/site-packages/airflow/example_dags/example_sla_dag.py
[2026-09-17T19:13:27.093+0000] {processor.py:925} INFO - DAG(s) 'example_sla_dag' retrieved from /home/airflow/.local/lib/python3.12/site-packages/airflow/example_dags/example_sla_dag.py
[2026-09-17T19:13:27.120+0000] {logging_mixin.py:190} INFO - [2026-09-17T19:13:27.120+0000] {dag.py:3239} INFO - Sync 1 DAGs
[2026-09-17T19:13:27.147+0000] {logging_mixin.py:190} INFO - [2026-09-17T19:13:27.147+0000] {dag.py:4180} INFO - Setting next_dagrun for example_sla_dag to 2026-09-17 19:10:00+00:00, run_after=2026-09-17 19:12:00+00:00
[2026-09-17T19:13:27.170+0000] {processor.py:208} INFO - Processing /home/airflow/.local/lib/python3.12/site-packages/airflow/example_dags/example_sla_dag.py took 0.098 seconds
[2026-09-17T19:14:00.819+0000] {processor.py:186} INFO - Started process (PID=2950) to work on /home/airflow/.local/lib/python3.12/site-packages/airflow/example_dags/example_sla_dag.py
[2026-09-17T19:14:00.821+0000] {processor.py:914} INFO - Processing file /home/airflow/.local/lib/python3.12/site-packages/airflow/example_dags/example_sla_dag.py for tasks to queue
[2026-09-17T19:14:00.823+0000] {logging_mixin.py:190} INFO - [2026-09-17T19:14:00.823+0000] {dagbag.py:588} INFO - Filling up the DagBag from /home/airflow/.local/lib/python3.12/site-packages/airflow/example_dags/example_sla_dag.py
[2026-09-17T19:14:00.840+0000] {processor.py:925} INFO - DAG(s) 'example_sla_dag' retrieved from /home/airflow/.local/lib/python3.12/site-packages/airflow/example_dags/example_sla_dag.py
[2026-09-17T19:14:00.873+0000] {logging_mixin.py:190} INFO - [2026-09-17T19:14:00.873+0000] {dag.py:3239} INFO - Sync 1 DAGs
[2026-09-17T19:14:00.907+0000] {logging_mixin.py:190} INFO - [2026-09-17T19:14:00.907+0000] {dag.py:4180} INFO - Setting next_dagrun for example_sla_dag to 2026-09-17 19:12:00+00:00, run_after=2026-09-17 19:14:00+00:00
[2026-09-17T19:14:00.938+0000] {processor.py:208} INFO - Processing /home/airflow/.local/lib/python3.12/site-packages/airflow/example_dags/example_sla_dag.py took 0.125 seconds
[2026-09-17T19:14:31.403+0000] {processor.py:186} INFO - Started process (PID=3015) to work on /home/airflow/.local/lib/python3.12/site-packages/airflow/example_dags/example_sla_dag.py
[2026-09-17T19:14:31.405+0000] {processor.py:914} INFO - Processing file /home/airflow/.local/lib/python3.12/site-packages/airflow/example_dags/example_sla_dag.py for tasks to queue
[2026-09-17T19:14:31.407+0000] {logging_mixin.py:190} INFO - [2026-09-17T19:14:31.407+0000] {dagbag.py:588} INFO - Filling up the DagBag from /home/airflow/.local/lib/python3.12/site-packages/airflow/example_dags/example_sla_dag.py
[2026-09-17T19:14:31.422+0000] {processor.py:925} INFO - DAG(s) 'example_sla_dag' retrieved from /home/airflow/.local/lib/python3.12/site-packages/airflow/example_dags/example_sla_dag.py
[2026-09-17T19:14:31.451+0000] {logging_mixin.py:190} INFO - [2026-09-17T19:14:31.451+0000] {dag.py:3239} INFO - Sync 1 DAGs
[2026-09-17T19:14:31.481+0000] {logging_mixin.py:190} INFO - [2026-09-17T19:14:31.480+0000] {dag.py:4180} INFO - Setting next_dagrun for example_sla_dag to 2026-09-17 19:12:00+00:00, run_after=2026-09-17 19:14:00+00:00
[2026-09-17T19:14:31.505+0000] {processor.py:208} INFO - Processing /home/airflow/.local/lib/python3.12/site-packages/airflow/example_dags/example_sla_dag.py took 0.111 seconds
[2026-09-17T19:15:02.112+0000] {processor.py:186} INFO - Started process (PID=3075) to work on /home/airflow/.local/lib/python3.12/site-packages/airflow/example_dags/example_sla_dag.py
[2026-09-17T19:15:02.114+0000] {processor.py:914} INFO - Processing file /home/airflow/.local/lib/python3.12/site-packages/airflow/example_dags/example_sla_dag.py for tasks to queue
[2026-09-17T19:15:02.117+0000] {logging_mixin.py:190} INFO - [2026-09-17T19:15:02.116+0000] {dagbag.py:588} INFO - Filling up the DagBag from /home/airflow/.local/lib/python3.12/site-packages/airflow/example_dags/example_sla_dag.py
[2026-09-17T19:15:02.129+0000] {processor.py:925} INFO - DAG(s) 'example_sla_dag' retrieved from /home/airflow/.local/lib/python3.12/site-packages/airflow/example_dags/example_sla_dag.py
[2026-09-17T19:15:02.155+0000] {logging_mixin.py:190} INFO - [2026-09-17T19:15:02.154+0000] {dag.py:3239} INFO - Sync 1 DAGs
[2026-09-17T19:15:02.183+0000] {logging_mixin.py:190} INFO - [2026-09-17T19:15:02.183+0000] {dag.py:4180} INFO - Setting next_dagrun for example_sla_dag to 2026-09-17 19:12:00+00:00, run_after=2026-09-17 19:14:00+00:00
[2026-09-17T19:15:02.208+0000] {processor.py:208} INFO - Processing /home/airflow/.local/lib/python3.12/site-packages/airflow/example_dags/example_sla_dag.py took 0.102 seconds
[2026-09-17T19:15:32.555+0000] {processor.py:186} INFO - Started process (PID=3137) to work on /home/airflow/.local/lib/python3.12/site-packages/airflow/example_dags/example_sla_dag.py
[2026-09-17T19:15:32.557+0000] {processor.py:914} INFO - Processing file /home/airflow/.local/lib/python3.12/site-packages/airflow/example_dags/example_sla_dag.py for tasks to queue
[2026-09-17T19:15:32.561+0000] {logging_mixin.py:190} INFO - [2026-09-17T19:15:32.560+0000] {dagbag.py:588} INFO - Filling up the DagBag from /home/airflow/.local/lib/python3.12/site-packages/airflow/example_dags/example_sla_dag.py
[2026-09-17T19:15:32.575+0000] {processor.py:925} INFO - DAG(s) 'example_sla_dag' retrieved from /home/airflow/.local/lib/python3.12/site-packages/airflow/example_dags/example_sla_dag.py
[2026-09-17T19:15:32.606+0000] {logging_mixin.py:190} INFO - [2026-09-17T19:15:32.606+0000] {dag.py:3239} INFO - Sync 1 DAGs
[2026-09-17T19:15:32.636+0000] {logging_mixin.py:190} INFO - [2026-09-17T19:15:32.636+0000] {dag.py:4180} INFO - Setting next_dagrun for example_sla_dag to 2026-09-17 19:12:00+00:00, run_after=2026-09-17 19:14:00+00:00
[2026-09-17T19:15:32.665+0000] {processor.py:208} INFO - Processing /home/airflow/.local/lib/python3.12/site-packages/airflow/example_dags/example_sla_dag.py took 0.118 seconds
[2026-09-17T19:16:02.795+0000] {processor.py:186} INFO - Started process (PID=3202) to work on /home/airflow/.local/lib/python3.12/site-packages/airflow/example_dags/example_sla_dag.py
[2026-09-17T19:16:02.797+0000] {processor.py:914} INFO - Processing file /home/airflow/.local/lib/python3.12/site-packages/airflow/example_dags/example_sla_dag.py for tasks to queue
[2026-09-17T19:16:02.799+0000] {logging_mixin.py:190} INFO - [2026-09-17T19:16:02.799+0000] {dagbag.py:588} INFO - Filling up the DagBag from /home/airflow/.local/lib/python3.12/site-packages/airflow/example_dags/example_sla_dag.py
[2026-09-17T19:16:02.811+0000] {processor.py:925} INFO - DAG(s) 'example_sla_dag' retrieved from /home/airflow/.local/lib/python3.12/site-packages/airflow/example_dags/example_sla_dag.py
[2026-09-17T19:16:02.840+0000] {logging_mixin.py:190} INFO - [2026-09-17T19:16:02.839+0000] {dag.py:3239} INFO - Sync 1 DAGs
[2026-09-17T19:16:02.867+0000] {logging_mixin.py:190} INFO - [2026-09-17T19:16:02.866+0000] {dag.py:4180} INFO - Setting next_dagrun for example_sla_dag to 2026-09-17 19:14:00+00:00, run_after=2026-09-17 19:16:00+00:00
[2026-09-17T19:16:02.891+0000] {processor.py:208} INFO - Processing /home/airflow/.local/lib/python3.12/site-packages/airflow/example_dags/example_sla_dag.py took 0.102 seconds
[2026-09-17T19:16:33.550+0000] {processor.py:186} INFO - Started process (PID=3267) to work on /home/airflow/.local/lib/python3.12/site-packages/airflow/example_dags/example_sla_dag.py
[2026-09-17T19:16:33.552+0000] {processor.py:914} INFO - Processing file /home/airflow/.local/lib/python3.12/site-packages/airflow/example_dags/example_sla_dag.py for tasks to queue
[2026-09-17T19:16:33.554+0000] {logging_mixin.py:190} INFO - [2026-09-17T19:16:33.554+0000] {dagbag.py:588} INFO - Filling up the DagBag from /home/airflow/.local/lib/python3.12/site-packages/airflow/example_dags/example_sla_dag.py
[2026-09-17T19:16:33.568+0000] {processor.py:925} INFO - DAG(s) 'example_sla_dag' retrieved from /home/airflow/.local/lib/python3.12/site-packages/airflow/example_dags/example_sla_dag.py
[2026-09-17T19:16:33.596+0000] {logging_mixin.py:190} INFO - [2026-09-17T19:16:33.595+0000] {dag.py:3239} INFO - Sync 1 DAGs
[2026-09-17T19:16:33.624+0000] {logging_mixin.py:190} INFO - [2026-09-17T19:16:33.624+0000] {dag.py:4180} INFO - Setting next_dagrun for example_sla_dag to 2026-09-17 19:14:00+00:00, run_after=2026-09-17 19:16:00+00:00
[2026-09-17T19:16:33.649+0000] {processor.py:208} INFO - Processing /home/airflow/.local/lib/python3.12/site-packages/airflow/example_dags/example_sla_dag.py took 0.108 seconds
[2026-09-17T19:17:04.090+0000] {processor.py:186} INFO - Started process (PID=3332) to work on /home/airflow/.local/lib/python3.12/site-packages/airflow/example_dags/example_sla_dag.py
[2026-09-17T19:17:04.092+0000] {processor.py:914} INFO - Processing file /home/airflow/.local/lib/python3.12/site-packages/airflow/example_dags/example_sla_dag.py for tasks to queue
[2026-09-17T19:17:04.094+0000] {logging_mixin.py:190} INFO - [2026-09-17T19:17:04.094+0000] {dagbag.py:588} INFO - Filling up the DagBag from /home/airflow/.local/lib/python3.12/site-packages/airflow/example_dags/example_sla_dag.py
[2026-09-17T19:17:04.105+0000] {processor.py:925} INFO - DAG(s) 'example_sla_dag' retrieved from /home/airflow/.local/lib/python3.12/site-packages/airflow/example_dags/example_sla_dag.py
[2026-09-17T19:17:04.131+0000] {logging_mixin.py:190} INFO - [2026-09-17T19:17:04.131+0000] {dag.py:3239} INFO - Sync 1 DAGs
[2026-09-17T19:17:04.160+0000] {logging_mixin.py:190} INFO - [2026-09-17T19:17:04.160+0000] {dag.py:4180} INFO - Setting next_dagrun for example_sla_dag to 2026-09-17 19:14:00+00:00, run_after=2026-09-17 19:16:00+00:00
[2026-09-17T19:17:04.181+0000] {processor.py:208} INFO - Processing /home/airflow/.local/lib/python3.12/site-packages/airflow/example_dags/example_sla_dag.py took 0.097 seconds
[2026-09-17T19:17:34.710+0000] {processor.py:186} INFO - Started process (PID=3397) to work on /home/airflow/.local/lib/python3.12/site-packages/airflow/example_dags/example_sla_dag.py
[2026-09-17T19:17:34.712+0000] {processor.py:914} INFO - Processing file /home/airflow/.local/lib/python3.12/site-packages/airflow/example_dags/example_sla_dag.py for tasks to queue
[2026-09-17T19:17:34.714+0000] {logging_mixin.py:190} INFO - [2026-09-17T19:17:34.714+0000] {dagbag.py:588} INFO - Filling up the DagBag from /home/airflow/.local/lib/python3.12/site-packages/airflow/example_dags/example_sla_dag.py
[2026-09-17T19:17:34.725+0000] {processor.py:925} INFO - DAG(s) 'example_sla_dag' retrieved from /home/airflow/.local/lib/python3.12/site-packages/airflow/example_dags/example_sla_dag.py
[2026-09-17T19:17:34.753+0000] {logging_mixin.py:190} INFO - [2026-09-17T19:17:34.753+0000] {dag.py:3239} INFO - Sync 1 DAGs
[2026-09-17T19:17:34.781+0000] {logging_mixin.py:190} INFO - [2026-09-17T19:17:34.781+0000] {dag.py:4180} INFO - Setting next_dagrun for example_sla_dag to 2026-09-17 19:14:00+00:00, run_after=2026-09-17 19:16:00+00:00
[2026-09-17T19:17:34.808+0000] {processor.py:208} INFO - Processing /home/airflow/.local/lib/python3.12/site-packages/airflow/example_dags/example_sla_dag.py took 0.104 seconds
[2026-09-17T19:18:04.927+0000] {processor.py:186} INFO - Started process (PID=3461) to work on /home/airflow/.local/lib/python3.12/site-packages/airflow/example_dags/example_sla_dag.py
[2026-09-17T19:18:04.929+0000] {processor.py:914} INFO - Processing file /home/airflow/.local/lib/python3.12/site-packages/airflow/example_dags/example_sla_dag.py for tasks to queue
[2026-09-17T19:18:04.931+0000] {logging_mixin.py:190} INFO - [2026-09-17T19:18:04.931+0000] {dagbag.py:588} INFO - Filling up the DagBag from /home/airflow/.local/lib/python3.12/site-packages/airflow/example_dags/example_sla_dag.py
[2026-09-17T19:18:04.943+0000] {processor.py:925} INFO - DAG(s) 'example_sla_dag' retrieved from /home/airflow/.local/lib/python3.12/site-packages/airflow/example_dags/example_sla_dag.py
[2026-09-17T19:18:04.972+0000] {logging_mixin.py:190} INFO - [2026-09-17T19:18:04.972+0000] {dag.py:3239} INFO - Sync 1 DAGs
[2026-09-17T19:18:04.999+0000] {logging_mixin.py:190} INFO - [2026-09-17T19:18:04.999+0000] {dag.py:4180} INFO - Setting next_dagrun for example_sla_dag to 2026-09-17 19:16:00+00:00, run_after=2026-09-17 19:18:00+00:00
[2026-09-17T19:18:05.022+0000] {processor.py:208} INFO - Processing /home/airflow/.local/lib/python3.12/site-packages/airflow/example_dags/example_sla_dag.py took 0.101 seconds
[2026-09-17T19:18:36.427+0000] {processor.py:186} INFO - Started process (PID=3526) to work on /home/airflow/.local/lib/python3.12/site-packages/airflow/example_dags/example_sla_dag.py
[2026-09-17T19:18:36.429+0000] {processor.py:914} INFO - Processing file /home/airflow/.local/lib/python3.12/site-packages/airflow/example_dags/example_sla_dag.py for tasks to queue
[2026-09-17T19:18:36.431+0000] {logging_mixin.py:190} INFO - [2026-09-17T19:18:36.431+0000] {dagbag.py:588} INFO - Filling up the DagBag from /home/airflow/.local/lib/python3.12/site-packages/airflow/example_dags/example_sla_dag.py
[2026-09-17T19:18:36.446+0000] {processor.py:925} INFO - DAG(s) 'example_sla_dag' retrieved from /home/airflow/.local/lib/python3.12/site-packages/airflow/example_dags/example_sla_dag.py
[2026-09-17T19:18:36.474+0000] {logging_mixin.py:190} INFO - [2026-09-17T19:18:36.474+0000] {dag.py:3239} INFO - Sync 1 DAGs
[2026-09-17T19:18:36.503+0000] {logging_mixin.py:190} INFO - [2026-09-17T19:18:36.503+0000] {dag.py:4180} INFO - Setting next_dagrun for example_sla_dag to 2026-09-17 19:16:00+00:00, run_after=2026-09-17 19:18:00+00:00
[2026-09-17T19:18:36.526+0000] {processor.py:208} INFO - Processing /home/airflow/.local/lib/python3.12/site-packages/airflow/example_dags/example_sla_dag.py took 0.107 seconds
[2026-09-17T19:19:07.379+0000] {processor.py:186} INFO - Started process (PID=3591) to work on /home/airflow/.local/lib/python3.12/site-packages/airflow/example_dags/example_sla_dag.py
[2026-09-17T19:19:07.381+0000] {processor.py:914} INFO - Processing file /home/airflow/.local/lib/python3.12/site-packages/airflow/example_dags/example_sla_dag.py for tasks to queue
[2026-09-17T19:19:07.384+0000] {logging_mixin.py:190} INFO - [2026-09-17T19:19:07.383+0000] {dagbag.py:588} INFO - Filling up the DagBag from /home/airflow/.local/lib/python3.12/site-packages/airflow/example_dags/example_sla_dag.py
[2026-09-17T19:19:07.398+0000] {processor.py:925} INFO - DAG(s) 'example_sla_dag' retrieved from /home/airflow/.local/lib/python3.12/site-packages/airflow/example_dags/example_sla_dag.py
[2026-09-17T19:19:07.432+0000] {logging_mixin.py:190} INFO - [2026-09-17T19:19:07.432+0000] {dag.py:3239} INFO - Sync 1 DAGs
[2026-09-17T19:19:07.464+0000] {logging_mixin.py:190} INFO - [2026-09-17T19:19:07.464+0000] {dag.py:4180} INFO - Setting next_dagrun for example_sla_dag to 2026-09-17 19:16:00+00:00, run_after=2026-09-17 19:18:00+00:00
[2026-09-17T19:19:07.488+0000] {processor.py:208} INFO - Processing /home/airflow/.local/lib/python3.12/site-packages/airflow/example_dags/example_sla_dag.py took 0.116 seconds
[2026-09-17T19:19:37.699+0000] {processor.py:186} INFO - Started process (PID=3654) to work on /home/airflow/.local/lib/python3.12/site-packages/airflow/example_dags/example_sla_dag.py
[2026-09-17T19:19:37.701+0000] {processor.py:914} INFO - Processing file /home/airflow/.local/lib/python3.12/site-packages/airflow/example_dags/example_sla_dag.py for tasks to queue
[2026-09-17T19:19:37.704+0000] {logging_mixin.py:190} INFO - [2026-09-17T19:19:37.704+0000] {dagbag.py:588} INFO - Filling up the DagBag from /home/airflow/.local/lib/python3.12/site-packages/airflow/example_dags/example_sla_dag.py
[2026-09-17T19:19:37.720+0000] {processor.py:925} INFO - DAG(s) 'example_sla_dag' retrieved from /home/airflow/.local/lib/python3.12/site-packages/airflow/example_dags/example_sla_dag.py
[2026-09-17T19:19:37.753+0000] {logging_mixin.py:190} INFO - [2026-09-17T19:19:37.753+0000] {dag.py:3239} INFO - Sync 1 DAGs
[2026-09-17T19:19:37.788+0000] {logging_mixin.py:190} INFO - [2026-09-17T19:19:37.788+0000] {dag.py:4180} INFO - Setting next_dagrun for example_sla_dag to 2026-09-17 19:16:00+00:00, run_after=2026-09-17 19:18:00+00:00
[2026-09-17T19:19:37.816+0000] {processor.py:208} INFO - Processing /home/airflow/.local/lib/python3.12/site-packages/airflow/example_dags/example_sla_dag.py took 0.125 seconds
[2026-09-17T19:20:07.904+0000] {processor.py:186} INFO - Started process (PID=3712) to work on /home/airflow/.local/lib/python3.12/site-packages/airflow/example_dags/example_sla_dag.py
[2026-09-17T19:20:07.906+0000] {processor.py:914} INFO - Processing file /home/airflow/.local/lib/python3.12/site-packages/airflow/example_dags/example_sla_dag.py for tasks to queue
[2026-09-17T19:20:07.908+0000] {logging_mixin.py:190} INFO - [2026-09-17T19:20:07.908+0000] {dagbag.py:588} INFO - Filling up the DagBag from /home/airflow/.local/lib/python3.12/site-packages/airflow/example_dags/example_sla_dag.py
[2026-09-17T19:20:07.920+0000] {processor.py:925} INFO - DAG(s) 'example_sla_dag' retrieved from /home/airflow/.local/lib/python3.12/site-packages/airflow/example_dags/example_sla_dag.py
[2026-09-17T19:20:07.945+0000] {logging_mixin.py:190} INFO - [2026-09-17T19:20:07.945+0000] {dag.py:3239} INFO - Sync 1 DAGs
[2026-09-17T19:20:07.972+0000] {logging_mixin.py:190} INFO - [2026-09-17T19:20:07.972+0000] {dag.py:4180} INFO - Setting next_dagrun for example_sla_dag to 2026-09-17 19:18:00+00:00, run_after=2026-09-17 19:20:00+00:00
[2026-09-17T19:20:07.995+0000] {processor.py:208} INFO - Processing /home/airflow/.local/lib/python3.12/site-packages/airflow/example_dags/example_sla_dag.py took 0.098 seconds
[2026-09-17T19:20:38.437+0000] {processor.py:186} INFO - Started process (PID=3777) to work on /home/airflow/.local/lib/python3.12/site-packages/airflow/example_dags/example_sla_dag.py
[2026-09-17T19:20:38.439+0000] {processor.py:914} INFO - Processing file /home/airflow/.local/lib/python3.12/site-packages/airflow/example_dags/example_sla_dag.py for tasks to queue
[2026-09-17T19:20:38.441+0000] {logging_mixin.py:190} INFO - [2026-09-17T19:20:38.441+0000] {dagbag.py:588} INFO - Filling up the DagBag from /home/airflow/.local/lib/python3.12/site-packages/airflow/example_dags/example_sla_dag.py
[2026-09-17T19:20:38.456+0000] {processor.py:925} INFO - DAG(s) 'example_sla_dag' retrieved from /home/airflow/.local/lib/python3.12/site-packages/airflow/example_dags/example_sla_dag.py
[2026-09-17T19:20:38.482+0000] {logging_mixin.py:190} INFO - [2026-09-17T19:20:38.481+0000] {dag.py:3239} INFO - Sync 1 DAGs
[2026-09-17T19:20:38.508+0000] {logging_mixin.py:190} INFO - [2026-09-17T19:20:38.508+0000] {dag.py:4180} INFO - Setting next_dagrun for example_sla_dag to 2026-09-17 19:18:00+00:00, run_after=2026-09-17 19:20:00+00:00
[2026-09-17T19:20:38.532+0000] {processor.py:208} INFO - Processing /home/airflow/.local/lib/python3.12/site-packages/airflow/example_dags/example_sla_dag.py took 0.102 seconds
[2026-09-17T19:21:08.661+0000] {processor.py:186} INFO - Started process (PID=3841) to work on /home/airflow/.local/lib/python3.12/site-packages/airflow/example_dags/example_sla_dag.py
[2026-09-17T19:21:08.663+0000] {processor.py:914} INFO - Processing file /home/airflow/.local/lib/python3.12/site-packages/airflow/example_dags/example_sla_dag.py for tasks to queue
[2026-09-17T19:21:08.665+0000] {logging_mixin.py:190} INFO - [2026-09-17T19:21:08.665+0000] {dagbag.py:588} INFO - Filling up the DagBag from /home/airflow/.local/lib/python3.12/site-packages/airflow/example_dags/example_sla_dag.py
[2026-09-17T19:21:08.675+0000] {processor.py:925} INFO - DAG(s) 'example_sla_dag' retrieved from /home/airflow/.local/lib/python3.12/site-packages/airflow/example_dags/example_sla_dag.py
[2026-09-17T19:21:08.703+0000] {logging_mixin.py:190} INFO - [2026-09-17T19:21:08.703+0000] {dag.py:3239} INFO - Sync 1 DAGs
[2026-09-17T19:21:08.731+0000] {logging_mixin.py:190} INFO - [2026-09-17T19:21:08.731+0000] {dag.py:4180} INFO - Setting next_dagrun for example_sla_dag to 2026-09-17 19:18:00+00:00, run_after=2026-09-17 19:20:00+00:00
[2026-09-17T19:21:08.754+0000] {processor.py:208} INFO - Processing /home/airflow/.local/lib/python3.12/site-packages/airflow/example_dags/example_sla_dag.py took 0.098 seconds
[2026-09-17T19:21:38.865+0000] {processor.py:186} INFO - Started process (PID=3906) to work on /home/airflow/.local/lib/python3.12/site-packages/airflow/example_dags/example_sla_dag.py
[2026-09-17T19:21:38.866+0000] {processor.py:914} INFO - Processing file /home/airflow/.local/lib/python3.12/site-packages/airflow/example_dags/example_sla_dag.py for tasks to queue
[2026-09-17T19:21:38.868+0000] {logging_mixin.py:190} INFO - [2026-09-17T19:21:38.868+0000] {dagbag.py:588} INFO - Filling up the DagBag from /home/airflow/.local/lib/python3.12/site-packages/airflow/example_dags/example_sla_dag.py
[2026-09-17T19:21:38.882+0000] {processor.py:925} INFO - DAG(s) 'example_sla_dag' retrieved from /home/airflow/.local/lib/python3.12/site-packages/airflow/example_dags/example_sla_dag.py
[2026-09-17T19:21:38.911+0000] {logging_mixin.py:190} INFO - [2026-09-17T19:21:38.911+0000] {dag.py:3239} INFO - Sync 1 DAGs
[2026-09-17T19:21:38.940+0000] {logging_mixin.py:190} INFO - [2026-09-17T19:21:38.939+0000] {dag.py:4180} INFO - Setting next_dagrun for example_sla_dag to 2026-09-17 19:18:00+00:00, run_after=2026-09-17 19:20:00+00:00
[2026-09-17T19:21:38.963+0000] {processor.py:208} INFO - Processing /home/airflow/.local/lib/python3.12/site-packages/airflow/example_dags/example_sla_dag.py took 0.105 seconds
[2026-09-17T19:22:09.052+0000] {processor.py:186} INFO - Started process (PID=3971) to work on /home/airflow/.local/lib/python3.12/site-packages/airflow/example_dags/example_sla_dag.py
[2026-09-17T19:22:09.054+0000] {processor.py:914} INFO - Processing file /home/airflow/.local/lib/python3.12/site-packages/airflow/example_dags/example_sla_dag.py for tasks to queue
[2026-09-17T19:22:09.057+0000] {logging_mixin.py:190} INFO - [2026-09-17T19:22:09.056+0000] {dagbag.py:588} INFO - Filling up the DagBag from /home/airflow/.local/lib/python3.12/site-packages/airflow/example_dags/example_sla_dag.py
[2026-09-17T19:22:09.068+0000] {processor.py:925} INFO - DAG(s) 'example_sla_dag' retrieved from /home/airflow/.local/lib/python3.12/site-packages/airflow/example_dags/example_sla_dag.py
[2026-09-17T19:22:09.095+0000] {logging_mixin.py:190} INFO - [2026-09-17T19:22:09.095+0000] {dag.py:3239} INFO - Sync 1 DAGs
[2026-09-17T19:22:09.123+0000] {logging_mixin.py:190} INFO - [2026-09-17T19:22:09.123+0000] {dag.py:4180} INFO - Setting next_dagrun for example_sla_dag to 2026-09-17 19:20:00+00:00, run_after=2026-09-17 19:22:00+00:00
[2026-09-17T19:22:09.146+0000] {processor.py:208} INFO - Processing /home/airflow/.local/lib/python3.12/site-packages/airflow/example_dags/example_sla_dag.py took 0.100 seconds
[2026-09-17T19:22:39.858+0000] {processor.py:186} INFO - Started process (PID=4036) to work on /home/airflow/.local/lib/python3.12/site-packages/airflow/example_dags/example_sla_dag.py
[2026-09-17T19:22:39.860+0000] {processor.py:914} INFO - Processing file /home/airflow/.local/lib/python3.12/site-packages/airflow/example_dags/example_sla_dag.py for tasks to queue
[2026-09-17T19:22:39.863+0000] {logging_mixin.py:190} INFO - [2026-09-17T19:22:39.862+0000] {dagbag.py:588} INFO - Filling up the DagBag from /home/airflow/.local/lib/python3.12/site-packages/airflow/example_dags/example_sla_dag.py
[2026-09-17T19:22:39.875+0000] {processor.py:925} INFO - DAG(s) 'example_sla_dag' retrieved from /home/airflow/.local/lib/python3.12/site-packages/airflow/example_dags/example_sla_dag.py
[2026-09-17T19:22:39.900+0000] {logging_mixin.py:190} INFO - [2026-09-17T19:22:39.900+0000] {dag.py:3239} INFO - Sync 1 DAGs
[2026-09-17T19:22:39.924+0000] {logging_mixin.py:190} INFO - [2026-09-17T19:22:39.924+0000] {dag.py:4180} INFO - Setting next_dagrun for example_sla_dag to 2026-09-17 19:20:00+00:00, run_after=2026-09-17 19:22:00+00:00
[2026-09-17T19:22:39.950+0000] {processor.py:208} INFO - Processing /home/airflow/.local/lib/python3.12/site-packages/airflow/example_dags/example_sla_dag.py took 0.097 seconds
[2026-09-17T19:23:10.179+0000] {processor.py:186} INFO - Started process (PID=4101) to work on /home/airflow/.local/lib/python3.12/site-packages/airflow/example_dags/example_sla_dag.py
[2026-09-17T19:23:10.181+0000] {processor.py:914} INFO - Processing file /home/airflow/.local/lib/python3.12/site-packages/airflow/example_dags/example_sla_dag.py for tasks to queue
[2026-09-17T19:23:10.183+0000] {logging_mixin.py:190} INFO - [2026-09-17T19:23:10.183+0000] {dagbag.py:588} INFO - Filling up the DagBag from /home/airflow/.local/lib/python3.12/site-packages/airflow/example_dags/example_sla_dag.py
[2026-09-17T19:23:10.195+0000] {processor.py:925} INFO - DAG(s) 'example_sla_dag' retrieved from /home/airflow/.local/lib/python3.12/site-packages/airflow/example_dags/example_sla_dag.py
[2026-09-17T19:23:10.219+0000] {logging_mixin.py:190} INFO - [2026-09-17T19:23:10.218+0000] {dag.py:3239} INFO - Sync 1 DAGs
[2026-09-17T19:23:10.244+0000] {logging_mixin.py:190} INFO - [2026-09-17T19:23:10.244+0000] {dag.py:4180} INFO - Setting next_dagrun for example_sla_dag to 2026-09-17 19:20:00+00:00, run_after=2026-09-17 19:22:00+00:00
[2026-09-17T19:23:10.266+0000] {processor.py:208} INFO - Processing /home/airflow/.local/lib/python3.12/site-packages/airflow/example_dags/example_sla_dag.py took 0.093 seconds
[2026-09-17T19:23:40.613+0000] {processor.py:186} INFO - Started process (PID=4166) to work on /home/airflow/.local/lib/python3.12/site-packages/airflow/example_dags/example_sla_dag.py
[2026-09-17T19:23:40.614+0000] {processor.py:914} INFO - Processing file /home/airflow/.local/lib/python3.12/site-packages/airflow/example_dags/example_sla_dag.py for tasks to queue
[2026-09-17T19:23:40.616+0000] {logging_mixin.py:190} INFO - [2026-09-17T19:23:40.616+0000] {dagbag.py:588} INFO - Filling up the DagBag from /home/airflow/.local/lib/python3.12/site-packages/airflow/example_dags/example_sla_dag.py
[2026-09-17T19:23:40.627+0000] {processor.py:925} INFO - DAG(s) 'example_sla_dag' retrieved from /home/airflow/.local/lib/python3.12/site-packages/airflow/example_dags/example_sla_dag.py
[2026-09-17T19:23:40.654+0000] {logging_mixin.py:190} INFO - [2026-09-17T19:23:40.654+0000] {dag.py:3239} INFO - Sync 1 DAGs
[2026-09-17T19:23:40.683+0000] {logging_mixin.py:190} INFO - [2026-09-17T19:23:40.683+0000] {dag.py:4180} INFO - Setting next_dagrun for example_sla_dag to 2026-09-17 19:20:00+00:00, run_after=2026-09-17 19:22:00+00:00
[2026-09-17T19:23:40.706+0000] {processor.py:208} INFO - Processing /home/airflow/.local/lib/python3.12/site-packages/airflow/example_dags/example_sla_dag.py took 0.099 seconds
[2026-09-17T19:24:10.837+0000] {processor.py:186} INFO - Started process (PID=4231) to work on /home/airflow/.local/lib/python3.12/site-packages/airflow/example_dags/example_sla_dag.py
[2026-09-17T19:24:10.838+0000] {processor.py:914} INFO - Processing file /home/airflow/.local/lib/python3.12/site-packages/airflow/example_dags/example_sla_dag.py for tasks to queue
[2026-09-17T19:24:10.841+0000] {logging_mixin.py:190} INFO - [2026-09-17T19:24:10.840+0000] {dagbag.py:588} INFO - Filling up the DagBag from /home/airflow/.local/lib/python3.12/site-packages/airflow/example_dags/example_sla_dag.py
[2026-09-17T19:24:10.852+0000] {processor.py:925} INFO - DAG(s) 'example_sla_dag' retrieved from /home/airflow/.local/lib/python3.12/site-packages/airflow/example_dags/example_sla_dag.py
[2026-09-17T19:24:10.881+0000] {logging_mixin.py:190} INFO - [2026-09-17T19:24:10.880+0000] {dag.py:3239} INFO - Sync 1 DAGs
[2026-09-17T19:24:10.910+0000] {logging_mixin.py:190} INFO - [2026-09-17T19:24:10.909+0000] {dag.py:4180} INFO - Setting next_dagrun for example_sla_dag to 2026-09-17 19:22:00+00:00, run_after=2026-09-17 19:24:00+00:00
[2026-09-17T19:24:10.936+0000] {processor.py:208} INFO - Processing /home/airflow/.local/lib/python3.12/site-packages/airflow/example_dags/example_sla_dag.py took 0.106 seconds
[2026-09-17T19:24:41.255+0000] {processor.py:186} INFO - Started process (PID=4296) to work on /home/airflow/.local/lib/python3.12/site-packages/airflow/example_dags/example_sla_dag.py
[2026-09-17T19:24:41.257+0000] {processor.py:914} INFO - Processing file /home/airflow/.local/lib/python3.12/site-packages/airflow/example_dags/example_sla_dag.py for tasks to queue
[2026-09-17T19:24:41.260+0000] {logging_mixin.py:190} INFO - [2026-09-17T19:24:41.259+0000] {dagbag.py:588} INFO - Filling up the DagBag from /home/airflow/.local/lib/python3.12/site-packages/airflow/example_dags/example_sla_dag.py
[2026-09-17T19:24:41.275+0000] {processor.py:925} INFO - DAG(s) 'example_sla_dag' retrieved from /home/airflow/.local/lib/python3.12/site-packages/airflow/example_dags/example_sla_dag.py
[2026-09-17T19:24:41.307+0000] {logging_mixin.py:190} INFO - [2026-09-17T19:24:41.306+0000] {dag.py:3239} INFO - Sync 1 DAGs
[2026-09-17T19:24:41.338+0000] {logging_mixin.py:190} INFO - [2026-09-17T19:24:41.338+0000] {dag.py:4180} INFO - Setting next_dagrun for example_sla_dag to 2026-09-17 19:22:00+00:00, run_after=2026-09-17 19:24:00+00:00
[2026-09-17T19:24:41.362+0000] {processor.py:208} INFO - Processing /home/airflow/.local/lib/python3.12/site-packages/airflow/example_dags/example_sla_dag.py took 0.115 seconds
[2026-09-17T19:25:12.166+0000] {processor.py:186} INFO - Started process (PID=4360) to work on /home/airflow/.local/lib/python3.12/site-packages/airflow/example_dags/example_sla_dag.py
[2026-09-17T19:25:12.168+0000] {processor.py:914} INFO - Processing file /home/airflow/.local/lib/python3.12/site-packages/airflow/example_dags/example_sla_dag.py for tasks to queue
[2026-09-17T19:25:12.170+0000] {logging_mixin.py:190} INFO - [2026-09-17T19:25:12.170+0000] {dagbag.py:588} INFO - Filling up the DagBag from /home/airflow/.local/lib/python3.12/site-packages/airflow/example_dags/example_sla_dag.py
[2026-09-17T19:25:12.182+0000] {processor.py:925} INFO - DAG(s) 'example_sla_dag' retrieved from /home/airflow/.local/lib/python3.12/site-packages/airflow/example_dags/example_sla_dag.py
[2026-09-17T19:25:12.209+0000] {logging_mixin.py:190} INFO - [2026-09-17T19:25:12.209+0000] {dag.py:3239} INFO - Sync 1 DAGs
[2026-09-17T19:25:12.238+0000] {logging_mixin.py:190} INFO - [2026-09-17T19:25:12.238+0000] {dag.py:4180} INFO - Setting next_dagrun for example_sla_dag to 2026-09-17 19:22:00+00:00, run_after=2026-09-17 19:24:00+00:00
[2026-09-17T19:25:12.262+0000] {processor.py:208} INFO - Processing /home/airflow/.local/lib/python3.12/site-packages/airflow/example_dags/example_sla_dag.py took 0.102 seconds
[2026-09-17T19:25:42.806+0000] {processor.py:186} INFO - Started process (PID=4418) to work on /home/airflow/.local/lib/python3.12/site-packages/airflow/example_dags/example_sla_dag.py
[2026-09-17T19:25:42.809+0000] {processor.py:914} INFO - Processing file /home/airflow/.local/lib/python3.12/site-packages/airflow/example_dags/example_sla_dag.py for tasks to queue
[2026-09-17T19:25:42.812+0000] {logging_mixin.py:190} INFO - [2026-09-17T19:25:42.811+0000] {dagbag.py:588} INFO - Filling up the DagBag from /home/airflow/.local/lib/python3.12/site-packages/airflow/example_dags/example_sla_dag.py
[2026-09-17T19:25:42.828+0000] {processor.py:925} INFO - DAG(s) 'example_sla_dag' retrieved from /home/airflow/.local/lib/python3.12/site-packages/airflow/example_dags/example_sla_dag.py
[2026-09-17T19:25:42.866+0000] {logging_mixin.py:190} INFO - [2026-09-17T19:25:42.866+0000] {dag.py:3239} INFO - Sync 1 DAGs
[2026-09-17T19:25:42.899+0000] {logging_mixin.py:190} INFO - [2026-09-17T19:25:42.899+0000] {dag.py:4180} INFO - Setting next_dagrun for example_sla_dag to 2026-09-17 19:22:00+00:00, run_after=2026-09-17 19:24:00+00:00
[2026-09-17T19:25:42.926+0000] {processor.py:208} INFO - Processing /home/airflow/.local/lib/python3.12/site-packages/airflow/example_dags/example_sla_dag.py took 0.130 seconds
[2026-09-17T19:26:13.533+0000] {processor.py:186} INFO - Started process (PID=4483) to work on /home/airflow/.local/lib/python3.12/site-packages/airflow/example_dags/example_sla_dag.py
[2026-09-17T19:26:13.535+0000] {processor.py:914} INFO - Processing file /home/airflow/.local/lib/python3.12/site-packages/airflow/example_dags/example_sla_dag.py for tasks to queue
[2026-09-17T19:26:13.538+0000] {logging_mixin.py:190} INFO - [2026-09-17T19:26:13.537+0000] {dagbag.py:588} INFO - Filling up the DagBag from /home/airflow/.local/lib/python3.12/site-packages/airflow/example_dags/example_sla_dag.py
[2026-09-17T19:26:13.553+0000] {processor.py:925} INFO - DAG(s) 'example_sla_dag' retrieved from /home/airflow/.local/lib/python3.12/site-packages/airflow/example_dags/example_sla_dag.py
[2026-09-17T19:26:13.579+0000] {logging_mixin.py:190} INFO - [2026-09-17T19:26:13.579+0000] {dag.py:3239} INFO - Sync 1 DAGs
[2026-09-17T19:26:13.613+0000] {logging_mixin.py:190} INFO - [2026-09-17T19:26:13.613+0000] {dag.py:4180} INFO - Setting next_dagrun for example_sla_dag to 2026-09-17 19:24:00+00:00, run_after=2026-09-17 19:26:00+00:00
[2026-09-17T19:26:13.646+0000] {processor.py:208} INFO - Processing /home/airflow/.local/lib/python3.12/site-packages/airflow/example_dags/example_sla_dag.py took 0.122 seconds
[2026-09-17T19:26:44.338+0000] {processor.py:186} INFO - Started process (PID=4548) to work on /home/airflow/.local/lib/python3.12/site-packages/airflow/example_dags/example_sla_dag.py
[2026-09-17T19:26:44.339+0000] {processor.py:914} INFO - Processing file /home/airflow/.local/lib/python3.12/site-packages/airflow/example_dags/example_sla_dag.py for tasks to queue
[2026-09-17T19:26:44.342+0000] {logging_mixin.py:190} INFO - [2026-09-17T19:26:44.341+0000] {dagbag.py:588} INFO - Filling up the DagBag from /home/airflow/.local/lib/python3.12/site-packages/airflow/example_dags/example_sla_dag.py
[2026-09-17T19:26:44.355+0000] {processor.py:925} INFO - DAG(s) 'example_sla_dag' retrieved from /home/airflow/.local/lib/python3.12/site-packages/airflow/example_dags/example_sla_dag.py
[2026-09-17T19:26:44.380+0000] {logging_mixin.py:190} INFO - [2026-09-17T19:26:44.380+0000] {dag.py:3239} INFO - Sync 1 DAGs
[2026-09-17T19:26:44.405+0000] {logging_mixin.py:190} INFO - [2026-09-17T19:26:44.405+0000] {dag.py:4180} INFO - Setting next_dagrun for example_sla_dag to 2026-09-17 19:24:00+00:00, run_after=2026-09-17 19:26:00+00:00
[2026-09-17T19:26:44.434+0000] {processor.py:208} INFO - Processing /home/airflow/.local/lib/python3.12/site-packages/airflow/example_dags/example_sla_dag.py took 0.104 seconds
[2026-09-17T19:27:15.271+0000] {processor.py:186} INFO - Started process (PID=4613) to work on /home/airflow/.local/lib/python3.12/site-packages/airflow/example_dags/example_sla_dag.py
[2026-09-17T19:27:15.273+0000] {processor.py:914} INFO - Processing file /home/airflow/.local/lib/python3.12/site-packages/airflow/example_dags/example_sla_dag.py for tasks to queue
[2026-09-17T19:27:15.276+0000] {logging_mixin.py:190} INFO - [2026-09-17T19:27:15.276+0000] {dagbag.py:588} INFO - Filling up the DagBag from /home/airflow/.local/lib/python3.12/site-packages/airflow/example_dags/example_sla_dag.py
[2026-09-17T19:27:15.289+0000] {processor.py:925} INFO - DAG(s) 'example_sla_dag' retrieved from /home/airflow/.local/lib/python3.12/site-packages/airflow/example_dags/example_sla_dag.py
[2026-09-17T19:27:15.315+0000] {logging_mixin.py:190} INFO - [2026-09-17T19:27:15.315+0000] {dag.py:3239} INFO - Sync 1 DAGs
[2026-09-17T19:27:15.529+0000] {logging_mixin.py:190} INFO - [2026-09-17T19:27:15.529+0000] {dag.py:4180} INFO - Setting next_dagrun for example_sla_dag to 2026-09-17 19:24:00+00:00, run_after=2026-09-17 19:26:00+00:00
[2026-09-17T19:27:15.553+0000] {processor.py:208} INFO - Processing /home/airflow/.local/lib/python3.12/site-packages/airflow/example_dags/example_sla_dag.py took 0.290 seconds
[2026-09-17T19:27:46.179+0000] {processor.py:186} INFO - Started process (PID=4678) to work on /home/airflow/.local/lib/python3.12/site-packages/airflow/example_dags/example_sla_dag.py
[2026-09-17T19:27:46.181+0000] {processor.py:914} INFO - Processing file /home/airflow/.local/lib/python3.12/site-packages/airflow/example_dags/example_sla_dag.py for tasks to queue
[2026-09-17T19:27:46.184+0000] {logging_mixin.py:190} INFO - [2026-09-17T19:27:46.184+0000] {dagbag.py:588} INFO - Filling up the DagBag from /home/airflow/.local/lib/python3.12/site-packages/airflow/example_dags/example_sla_dag.py
[2026-09-17T19:27:46.198+0000] {processor.py:925} INFO - DAG(s) 'example_sla_dag' retrieved from /home/airflow/.local/lib/python3.12/site-packages/airflow/example_dags/example_sla_dag.py
[2026-09-17T19:27:46.227+0000] {logging_mixin.py:190} INFO - [2026-09-17T19:27:46.226+0000] {dag.py:3239} INFO - Sync 1 DAGs
[2026-09-17T19:27:46.429+0000] {logging_mixin.py:190} INFO - [2026-09-17T19:27:46.429+0000] {dag.py:4180} INFO - Setting next_dagrun for example_sla_dag to 2026-09-17 19:24:00+00:00, run_after=2026-09-17 19:26:00+00:00
[2026-09-17T19:27:46.451+0000] {processor.py:208} INFO - Processing /home/airflow/.local/lib/python3.12/site-packages/airflow/example_dags/example_sla_dag.py took 0.279 seconds
[2026-09-17T19:28:16.532+0000] {processor.py:186} INFO - Started process (PID=4743) to work on /home/airflow/.local/lib/python3.12/site-packages/airflow/example_dags/example_sla_dag.py
[2026-09-17T19:28:16.534+0000] {processor.py:914} INFO - Processing file /home/airflow/.local/lib/python3.12/site-packages/airflow/example_dags/example_sla_dag.py for tasks to queue
[2026-09-17T19:28:16.537+0000] {logging_mixin.py:190} INFO - [2026-09-17T19:28:16.536+0000] {dagbag.py:588} INFO - Filling up the DagBag from /home/airflow/.local/lib/python3.12/site-packages/airflow/example_dags/example_sla_dag.py
[2026-09-17T19:28:16.549+0000] {processor.py:925} INFO - DAG(s) 'example_sla_dag' retrieved from /home/airflow/.local/lib/python3.12/site-packages/airflow/example_dags/example_sla_dag.py
[2026-09-17T19:28:16.577+0000] {logging_mixin.py:190} INFO - [2026-09-17T19:28:16.577+0000] {dag.py:3239} INFO - Sync 1 DAGs
[2026-09-17T19:28:16.605+0000] {logging_mixin.py:190} INFO - [2026-09-17T19:28:16.605+0000] {dag.py:4180} INFO - Setting next_dagrun for example_sla_dag to 2026-09-17 19:26:00+00:00, run_after=2026-09-17 19:28:00+00:00
[2026-09-17T19:28:16.636+0000] {processor.py:208} INFO - Processing /home/airflow/.local/lib/python3.12/site-packages/airflow/example_dags/example_sla_dag.py took 0.111 seconds
[2026-09-17T19:48:20.498+0000] {processor.py:186} INFO - Started process (PID=77) to work on /home/airflow/.local/lib/python3.12/site-packages/airflow/example_dags/example_sla_dag.py
[2026-09-17T19:48:20.500+0000] {processor.py:914} INFO - Processing file /home/airflow/.local/lib/python3.12/site-packages/airflow/example_dags/example_sla_dag.py for tasks to queue
[2026-09-17T19:48:20.502+0000] {logging_mixin.py:190} INFO - [2026-09-17T19:48:20.501+0000] {dagbag.py:588} INFO - Filling up the DagBag from /home/airflow/.local/lib/python3.12/site-packages/airflow/example_dags/example_sla_dag.py
[2026-09-17T19:48:20.515+0000] {processor.py:925} INFO - DAG(s) 'example_sla_dag' retrieved from /home/airflow/.local/lib/python3.12/site-packages/airflow/example_dags/example_sla_dag.py
[2026-09-17T19:48:20.544+0000] {logging_mixin.py:190} INFO - [2026-09-17T19:48:20.543+0000] {dag.py:3239} INFO - Sync 1 DAGs
[2026-09-17T19:48:20.584+0000] {logging_mixin.py:190} INFO - [2026-09-17T19:48:20.584+0000] {dag.py:4180} INFO - Setting next_dagrun for example_sla_dag to 2026-09-17 19:46:00+00:00, run_after=2026-09-17 19:48:00+00:00
[2026-09-17T19:48:20.611+0000] {processor.py:208} INFO - Processing /home/airflow/.local/lib/python3.12/site-packages/airflow/example_dags/example_sla_dag.py took 0.118 seconds
[2026-09-17T19:48:51.196+0000] {processor.py:186} INFO - Started process (PID=142) to work on /home/airflow/.local/lib/python3.12/site-packages/airflow/example_dags/example_sla_dag.py
[2026-09-17T19:48:51.198+0000] {processor.py:914} INFO - Processing file /home/airflow/.local/lib/python3.12/site-packages/airflow/example_dags/example_sla_dag.py for tasks to queue
[2026-09-17T19:48:51.200+0000] {logging_mixin.py:190} INFO - [2026-09-17T19:48:51.200+0000] {dagbag.py:588} INFO - Filling up the DagBag from /home/airflow/.local/lib/python3.12/site-packages/airflow/example_dags/example_sla_dag.py
[2026-09-17T19:48:51.212+0000] {processor.py:925} INFO - DAG(s) 'example_sla_dag' retrieved from /home/airflow/.local/lib/python3.12/site-packages/airflow/example_dags/example_sla_dag.py
[2026-09-17T19:48:51.241+0000] {logging_mixin.py:190} INFO - [2026-09-17T19:48:51.240+0000] {dag.py:3239} INFO - Sync 1 DAGs
[2026-09-17T19:48:51.269+0000] {logging_mixin.py:190} INFO - [2026-09-17T19:48:51.269+0000] {dag.py:4180} INFO - Setting next_dagrun for example_sla_dag to 2026-09-17 19:46:00+00:00, run_after=2026-09-17 19:48:00+00:00
[2026-09-17T19:48:51.294+0000] {processor.py:208} INFO - Processing /home/airflow/.local/lib/python3.12/site-packages/airflow/example_dags/example_sla_dag.py took 0.105 seconds
[2026-09-17T19:49:23.013+0000] {processor.py:186} INFO - Started process (PID=206) to work on /home/airflow/.local/lib/python3.12/site-packages/airflow/example_dags/example_sla_dag.py
[2026-09-17T19:49:23.015+0000] {processor.py:914} INFO - Processing file /home/airflow/.local/lib/python3.12/site-packages/airflow/example_dags/example_sla_dag.py for tasks to queue
[2026-09-17T19:49:23.018+0000] {logging_mixin.py:190} INFO - [2026-09-17T19:49:23.017+0000] {dagbag.py:588} INFO - Filling up the DagBag from /home/airflow/.local/lib/python3.12/site-packages/airflow/example_dags/example_sla_dag.py
[2026-09-17T19:49:23.031+0000] {processor.py:925} INFO - DAG(s) 'example_sla_dag' retrieved from /home/airflow/.local/lib/python3.12/site-packages/airflow/example_dags/example_sla_dag.py
[2026-09-17T19:49:23.061+0000] {logging_mixin.py:190} INFO - [2026-09-17T19:49:23.061+0000] {dag.py:3239} INFO - Sync 1 DAGs
[2026-09-17T19:49:23.090+0000] {logging_mixin.py:190} INFO - [2026-09-17T19:49:23.090+0000] {dag.py:4180} INFO - Setting next_dagrun for example_sla_dag to 2026-09-17 19:46:00+00:00, run_after=2026-09-17 19:48:00+00:00
[2026-09-17T19:49:23.116+0000] {processor.py:208} INFO - Processing /home/airflow/.local/lib/python3.12/site-packages/airflow/example_dags/example_sla_dag.py took 0.109 seconds
[2026-09-17T19:49:53.207+0000] {processor.py:186} INFO - Started process (PID=263) to work on /home/airflow/.local/lib/python3.12/site-packages/airflow/example_dags/example_sla_dag.py
[2026-09-17T19:49:53.209+0000] {processor.py:914} INFO - Processing file /home/airflow/.local/lib/python3.12/site-packages/airflow/example_dags/example_sla_dag.py for tasks to queue
[2026-09-17T19:49:53.211+0000] {logging_mixin.py:190} INFO - [2026-09-17T19:49:53.211+0000] {dagbag.py:588} INFO - Filling up the DagBag from /home/airflow/.local/lib/python3.12/site-packages/airflow/example_dags/example_sla_dag.py
[2026-09-17T19:49:53.223+0000] {processor.py:925} INFO - DAG(s) 'example_sla_dag' retrieved from /home/airflow/.local/lib/python3.12/site-packages/airflow/example_dags/example_sla_dag.py
[2026-09-17T19:49:53.252+0000] {logging_mixin.py:190} INFO - [2026-09-17T19:49:53.252+0000] {dag.py:3239} INFO - Sync 1 DAGs
[2026-09-17T19:49:53.279+0000] {logging_mixin.py:190} INFO - [2026-09-17T19:49:53.278+0000] {dag.py:4180} INFO - Setting next_dagrun for example_sla_dag to 2026-09-17 19:46:00+00:00, run_after=2026-09-17 19:48:00+00:00
[2026-09-17T19:49:53.300+0000] {processor.py:208} INFO - Processing /home/airflow/.local/lib/python3.12/site-packages/airflow/example_dags/example_sla_dag.py took 0.099 seconds
[2026-09-17T19:50:23.984+0000] {processor.py:186} INFO - Started process (PID=328) to work on /home/airflow/.local/lib/python3.12/site-packages/airflow/example_dags/example_sla_dag.py
[2026-09-17T19:50:23.986+0000] {processor.py:914} INFO - Processing file /home/airflow/.local/lib/python3.12/site-packages/airflow/example_dags/example_sla_dag.py for tasks to queue
[2026-09-17T19:50:23.988+0000] {logging_mixin.py:190} INFO - [2026-09-17T19:50:23.987+0000] {dagbag.py:588} INFO - Filling up the DagBag from /home/airflow/.local/lib/python3.12/site-packages/airflow/example_dags/example_sla_dag.py
[2026-09-17T19:50:23.998+0000] {processor.py:925} INFO - DAG(s) 'example_sla_dag' retrieved from /home/airflow/.local/lib/python3.12/site-packages/airflow/example_dags/example_sla_dag.py
[2026-09-17T19:50:24.022+0000] {logging_mixin.py:190} INFO - [2026-09-17T19:50:24.022+0000] {dag.py:3239} INFO - Sync 1 DAGs
[2026-09-17T19:50:24.052+0000] {logging_mixin.py:190} INFO - [2026-09-17T19:50:24.051+0000] {dag.py:4180} INFO - Setting next_dagrun for example_sla_dag to 2026-09-17 19:48:00+00:00, run_after=2026-09-17 19:50:00+00:00
[2026-09-17T19:50:24.086+0000] {processor.py:208} INFO - Processing /home/airflow/.local/lib/python3.12/site-packages/airflow/example_dags/example_sla_dag.py took 0.108 seconds
[2026-09-17T19:50:55.135+0000] {processor.py:186} INFO - Started process (PID=393) to work on /home/airflow/.local/lib/python3.12/site-packages/airflow/example_dags/example_sla_dag.py
[2026-09-17T19:50:55.137+0000] {processor.py:914} INFO - Processing file /home/airflow/.local/lib/python3.12/site-packages/airflow/example_dags/example_sla_dag.py for tasks to queue
[2026-09-17T19:50:55.139+0000] {logging_mixin.py:190} INFO - [2026-09-17T19:50:55.139+0000] {dagbag.py:588} INFO - Filling up the DagBag from /home/airflow/.local/lib/python3.12/site-packages/airflow/example_dags/example_sla_dag.py
[2026-09-17T19:50:55.151+0000] {processor.py:925} INFO - DAG(s) 'example_sla_dag' retrieved from /home/airflow/.local/lib/python3.12/site-packages/airflow/example_dags/example_sla_dag.py
[2026-09-17T19:50:55.178+0000] {logging_mixin.py:190} INFO - [2026-09-17T19:50:55.177+0000] {dag.py:3239} INFO - Sync 1 DAGs
[2026-09-17T19:50:55.205+0000] {logging_mixin.py:190} INFO - [2026-09-17T19:50:55.205+0000] {dag.py:4180} INFO - Setting next_dagrun for example_sla_dag to 2026-09-17 19:48:00+00:00, run_after=2026-09-17 19:50:00+00:00
[2026-09-17T19:50:55.228+0000] {processor.py:208} INFO - Processing /home/airflow/.local/lib/python3.12/site-packages/airflow/example_dags/example_sla_dag.py took 0.100 seconds
[2026-09-17T19:51:25.440+0000] {processor.py:186} INFO - Started process (PID=457) to work on /home/airflow/.local/lib/python3.12/site-packages/airflow/example_dags/example_sla_dag.py
[2026-09-17T19:51:25.442+0000] {processor.py:914} INFO - Processing file /home/airflow/.local/lib/python3.12/site-packages/airflow/example_dags/example_sla_dag.py for tasks to queue
[2026-09-17T19:51:25.444+0000] {logging_mixin.py:190} INFO - [2026-09-17T19:51:25.443+0000] {dagbag.py:588} INFO - Filling up the DagBag from /home/airflow/.local/lib/python3.12/site-packages/airflow/example_dags/example_sla_dag.py
[2026-09-17T19:51:25.455+0000] {processor.py:925} INFO - DAG(s) 'example_sla_dag' retrieved from /home/airflow/.local/lib/python3.12/site-packages/airflow/example_dags/example_sla_dag.py
[2026-09-17T19:51:25.480+0000] {logging_mixin.py:190} INFO - [2026-09-17T19:51:25.480+0000] {dag.py:3239} INFO - Sync 1 DAGs
[2026-09-17T19:51:25.506+0000] {logging_mixin.py:190} INFO - [2026-09-17T19:51:25.506+0000] {dag.py:4180} INFO - Setting next_dagrun for example_sla_dag to 2026-09-17 19:48:00+00:00, run_after=2026-09-17 19:50:00+00:00
[2026-09-17T19:51:25.527+0000] {processor.py:208} INFO - Processing /home/airflow/.local/lib/python3.12/site-packages/airflow/example_dags/example_sla_dag.py took 0.094 seconds
[2026-09-17T19:51:55.645+0000] {processor.py:186} INFO - Started process (PID=522) to work on /home/airflow/.local/lib/python3.12/site-packages/airflow/example_dags/example_sla_dag.py
[2026-09-17T19:51:55.647+0000] {processor.py:914} INFO - Processing file /home/airflow/.local/lib/python3.12/site-packages/airflow/example_dags/example_sla_dag.py for tasks to queue
[2026-09-17T19:51:55.649+0000] {logging_mixin.py:190} INFO - [2026-09-17T19:51:55.649+0000] {dagbag.py:588} INFO - Filling up the DagBag from /home/airflow/.local/lib/python3.12/site-packages/airflow/example_dags/example_sla_dag.py
[2026-09-17T19:51:55.662+0000] {processor.py:925} INFO - DAG(s) 'example_sla_dag' retrieved from /home/airflow/.local/lib/python3.12/site-packages/airflow/example_dags/example_sla_dag.py
[2026-09-17T19:51:55.688+0000] {logging_mixin.py:190} INFO - [2026-09-17T19:51:55.688+0000] {dag.py:3239} INFO - Sync 1 DAGs
[2026-09-17T19:51:55.714+0000] {logging_mixin.py:190} INFO - [2026-09-17T19:51:55.714+0000] {dag.py:4180} INFO - Setting next_dagrun for example_sla_dag to 2026-09-17 19:48:00+00:00, run_after=2026-09-17 19:50:00+00:00
[2026-09-17T19:51:55.736+0000] {processor.py:208} INFO - Processing /home/airflow/.local/lib/python3.12/site-packages/airflow/example_dags/example_sla_dag.py took 0.098 seconds
[2026-09-17T19:52:26.384+0000] {processor.py:186} INFO - Started process (PID=586) to work on /home/airflow/.local/lib/python3.12/site-packages/airflow/example_dags/example_sla_dag.py
[2026-09-17T19:52:26.386+0000] {processor.py:914} INFO - Processing file /home/airflow/.local/lib/python3.12/site-packages/airflow/example_dags/example_sla_dag.py for tasks to queue
[2026-09-17T19:52:26.388+0000] {logging_mixin.py:190} INFO - [2026-09-17T19:52:26.388+0000] {dagbag.py:588} INFO - Filling up the DagBag from /home/airflow/.local/lib/python3.12/site-packages/airflow/example_dags/example_sla_dag.py
[2026-09-17T19:52:26.402+0000] {processor.py:925} INFO - DAG(s) 'example_sla_dag' retrieved from /home/airflow/.local/lib/python3.12/site-packages/airflow/example_dags/example_sla_dag.py
[2026-09-17T19:52:26.428+0000] {logging_mixin.py:190} INFO - [2026-09-17T19:52:26.428+0000] {dag.py:3239} INFO - Sync 1 DAGs
[2026-09-17T19:52:26.456+0000] {logging_mixin.py:190} INFO - [2026-09-17T19:52:26.456+0000] {dag.py:4180} INFO - Setting next_dagrun for example_sla_dag to 2026-09-17 19:50:00+00:00, run_after=2026-09-17 19:52:00+00:00
[2026-09-17T19:52:26.479+0000] {processor.py:208} INFO - Processing /home/airflow/.local/lib/python3.12/site-packages/airflow/example_dags/example_sla_dag.py took 0.103 seconds
[2026-09-17T19:52:56.950+0000] {processor.py:186} INFO - Started process (PID=651) to work on /home/airflow/.local/lib/python3.12/site-packages/airflow/example_dags/example_sla_dag.py
[2026-09-17T19:52:56.952+0000] {processor.py:914} INFO - Processing file /home/airflow/.local/lib/python3.12/site-packages/airflow/example_dags/example_sla_dag.py for tasks to queue
[2026-09-17T19:52:56.954+0000] {logging_mixin.py:190} INFO - [2026-09-17T19:52:56.953+0000] {dagbag.py:588} INFO - Filling up the DagBag from /home/airflow/.local/lib/python3.12/site-packages/airflow/example_dags/example_sla_dag.py
[2026-09-17T19:52:56.965+0000] {processor.py:925} INFO - DAG(s) 'example_sla_dag' retrieved from /home/airflow/.local/lib/python3.12/site-packages/airflow/example_dags/example_sla_dag.py
[2026-09-17T19:52:56.991+0000] {logging_mixin.py:190} INFO - [2026-09-17T19:52:56.991+0000] {dag.py:3239} INFO - Sync 1 DAGs
[2026-09-17T19:52:57.018+0000] {logging_mixin.py:190} INFO - [2026-09-17T19:52:57.018+0000] {dag.py:4180} INFO - Setting next_dagrun for example_sla_dag to 2026-09-17 19:50:00+00:00, run_after=2026-09-17 19:52:00+00:00
[2026-09-17T19:52:57.041+0000] {processor.py:208} INFO - Processing /home/airflow/.local/lib/python3.12/site-packages/airflow/example_dags/example_sla_dag.py took 0.097 seconds
[2026-09-17T19:53:27.526+0000] {processor.py:186} INFO - Started process (PID=716) to work on /home/airflow/.local/lib/python3.12/site-packages/airflow/example_dags/example_sla_dag.py
[2026-09-17T19:53:27.528+0000] {processor.py:914} INFO - Processing file /home/airflow/.local/lib/python3.12/site-packages/airflow/example_dags/example_sla_dag.py for tasks to queue
[2026-09-17T19:53:27.530+0000] {logging_mixin.py:190} INFO - [2026-09-17T19:53:27.529+0000] {dagbag.py:588} INFO - Filling up the DagBag from /home/airflow/.local/lib/python3.12/site-packages/airflow/example_dags/example_sla_dag.py
[2026-09-17T19:53:27.542+0000] {processor.py:925} INFO - DAG(s) 'example_sla_dag' retrieved from /home/airflow/.local/lib/python3.12/site-packages/airflow/example_dags/example_sla_dag.py
[2026-09-17T19:53:27.568+0000] {logging_mixin.py:190} INFO - [2026-09-17T19:53:27.567+0000] {dag.py:3239} INFO - Sync 1 DAGs
[2026-09-17T19:53:27.594+0000] {logging_mixin.py:190} INFO - [2026-09-17T19:53:27.593+0000] {dag.py:4180} INFO - Setting next_dagrun for example_sla_dag to 2026-09-17 19:50:00+00:00, run_after=2026-09-17 19:52:00+00:00
[2026-09-17T19:53:27.624+0000] {processor.py:208} INFO - Processing /home/airflow/.local/lib/python3.12/site-packages/airflow/example_dags/example_sla_dag.py took 0.105 seconds
[2026-09-17T19:53:58.173+0000] {processor.py:186} INFO - Started process (PID=781) to work on /home/airflow/.local/lib/python3.12/site-packages/airflow/example_dags/example_sla_dag.py
[2026-09-17T19:53:58.175+0000] {processor.py:914} INFO - Processing file /home/airflow/.local/lib/python3.12/site-packages/airflow/example_dags/example_sla_dag.py for tasks to queue
[2026-09-17T19:53:58.177+0000] {logging_mixin.py:190} INFO - [2026-09-17T19:53:58.177+0000] {dagbag.py:588} INFO - Filling up the DagBag from /home/airflow/.local/lib/python3.12/site-packages/airflow/example_dags/example_sla_dag.py
[2026-09-17T19:53:58.190+0000] {processor.py:925} INFO - DAG(s) 'example_sla_dag' retrieved from /home/airflow/.local/lib/python3.12/site-packages/airflow/example_dags/example_sla_dag.py
[2026-09-17T19:53:58.220+0000] {logging_mixin.py:190} INFO - [2026-09-17T19:53:58.220+0000] {dag.py:3239} INFO - Sync 1 DAGs
[2026-09-17T19:53:58.249+0000] {logging_mixin.py:190} INFO - [2026-09-17T19:53:58.249+0000] {dag.py:4180} INFO - Setting next_dagrun for example_sla_dag to 2026-09-17 19:50:00+00:00, run_after=2026-09-17 19:52:00+00:00
[2026-09-17T19:53:58.272+0000] {processor.py:208} INFO - Processing /home/airflow/.local/lib/python3.12/site-packages/airflow/example_dags/example_sla_dag.py took 0.106 seconds
[2026-09-17T19:54:28.871+0000] {processor.py:186} INFO - Started process (PID=846) to work on /home/airflow/.local/lib/python3.12/site-packages/airflow/example_dags/example_sla_dag.py
[2026-09-17T19:54:28.873+0000] {processor.py:914} INFO - Processing file /home/airflow/.local/lib/python3.12/site-packages/airflow/example_dags/example_sla_dag.py for tasks to queue
[2026-09-17T19:54:28.876+0000] {logging_mixin.py:190} INFO - [2026-09-17T19:54:28.875+0000] {dagbag.py:588} INFO - Filling up the DagBag from /home/airflow/.local/lib/python3.12/site-packages/airflow/example_dags/example_sla_dag.py
[2026-09-17T19:54:28.890+0000] {processor.py:925} INFO - DAG(s) 'example_sla_dag' retrieved from /home/airflow/.local/lib/python3.12/site-packages/airflow/example_dags/example_sla_dag.py
[2026-09-17T19:54:28.920+0000] {logging_mixin.py:190} INFO - [2026-09-17T19:54:28.920+0000] {dag.py:3239} INFO - Sync 1 DAGs
[2026-09-17T19:54:28.947+0000] {logging_mixin.py:190} INFO - [2026-09-17T19:54:28.947+0000] {dag.py:4180} INFO - Setting next_dagrun for example_sla_dag to 2026-09-17 19:52:00+00:00, run_after=2026-09-17 19:54:00+00:00
[2026-09-17T19:54:28.971+0000] {processor.py:208} INFO - Processing /home/airflow/.local/lib/python3.12/site-packages/airflow/example_dags/example_sla_dag.py took 0.106 seconds
[2026-09-17T19:54:59.476+0000] {processor.py:186} INFO - Started process (PID=910) to work on /home/airflow/.local/lib/python3.12/site-packages/airflow/example_dags/example_sla_dag.py
[2026-09-17T19:54:59.479+0000] {processor.py:914} INFO - Processing file /home/airflow/.local/lib/python3.12/site-packages/airflow/example_dags/example_sla_dag.py for tasks to queue
[2026-09-17T19:54:59.482+0000] {logging_mixin.py:190} INFO - [2026-09-17T19:54:59.482+0000] {dagbag.py:588} INFO - Filling up the DagBag from /home/airflow/.local/lib/python3.12/site-packages/airflow/example_dags/example_sla_dag.py
[2026-09-17T19:54:59.501+0000] {processor.py:925} INFO - DAG(s) 'example_sla_dag' retrieved from /home/airflow/.local/lib/python3.12/site-packages/airflow/example_dags/example_sla_dag.py
[2026-09-17T19:54:59.547+0000] {logging_mixin.py:190} INFO - [2026-09-17T19:54:59.547+0000] {dag.py:3239} INFO - Sync 1 DAGs
[2026-09-17T19:54:59.594+0000] {logging_mixin.py:190} INFO - [2026-09-17T19:54:59.593+0000] {dag.py:4180} INFO - Setting next_dagrun for example_sla_dag to 2026-09-17 19:52:00+00:00, run_after=2026-09-17 19:54:00+00:00
[2026-09-17T19:54:59.631+0000] {processor.py:208} INFO - Processing /home/airflow/.local/lib/python3.12/site-packages/airflow/example_dags/example_sla_dag.py took 0.164 seconds
[2026-09-17T19:55:29.850+0000] {processor.py:186} INFO - Started process (PID=968) to work on /home/airflow/.local/lib/python3.12/site-packages/airflow/example_dags/example_sla_dag.py
[2026-09-17T19:55:29.852+0000] {processor.py:914} INFO - Processing file /home/airflow/.local/lib/python3.12/site-packages/airflow/example_dags/example_sla_dag.py for tasks to queue
[2026-09-17T19:55:29.855+0000] {logging_mixin.py:190} INFO - [2026-09-17T19:55:29.855+0000] {dagbag.py:588} INFO - Filling up the DagBag from /home/airflow/.local/lib/python3.12/site-packages/airflow/example_dags/example_sla_dag.py
[2026-09-17T19:55:29.868+0000] {processor.py:925} INFO - DAG(s) 'example_sla_dag' retrieved from /home/airflow/.local/lib/python3.12/site-packages/airflow/example_dags/example_sla_dag.py
[2026-09-17T19:55:29.895+0000] {logging_mixin.py:190} INFO - [2026-09-17T19:55:29.894+0000] {dag.py:3239} INFO - Sync 1 DAGs
[2026-09-17T19:55:29.921+0000] {logging_mixin.py:190} INFO - [2026-09-17T19:55:29.921+0000] {dag.py:4180} INFO - Setting next_dagrun for example_sla_dag to 2026-09-17 19:52:00+00:00, run_after=2026-09-17 19:54:00+00:00
[2026-09-17T19:55:29.941+0000] {processor.py:208} INFO - Processing /home/airflow/.local/lib/python3.12/site-packages/airflow/example_dags/example_sla_dag.py took 0.097 seconds
[2026-09-17T19:56:00.192+0000] {processor.py:186} INFO - Started process (PID=1033) to work on /home/airflow/.local/lib/python3.12/site-packages/airflow/example_dags/example_sla_dag.py
[2026-09-17T19:56:00.193+0000] {processor.py:914} INFO - Processing file /home/airflow/.local/lib/python3.12/site-packages/airflow/example_dags/example_sla_dag.py for tasks to queue
[2026-09-17T19:56:00.196+0000] {logging_mixin.py:190} INFO - [2026-09-17T19:56:00.195+0000] {dagbag.py:588} INFO - Filling up the DagBag from /home/airflow/.local/lib/python3.12/site-packages/airflow/example_dags/example_sla_dag.py
[2026-09-17T19:56:00.208+0000] {processor.py:925} INFO - DAG(s) 'example_sla_dag' retrieved from /home/airflow/.local/lib/python3.12/site-packages/airflow/example_dags/example_sla_dag.py
[2026-09-17T19:56:00.234+0000] {logging_mixin.py:190} INFO - [2026-09-17T19:56:00.233+0000] {dag.py:3239} INFO - Sync 1 DAGs
[2026-09-17T19:56:00.260+0000] {logging_mixin.py:190} INFO - [2026-09-17T19:56:00.260+0000] {dag.py:4180} INFO - Setting next_dagrun for example_sla_dag to 2026-09-17 19:54:00+00:00, run_after=2026-09-17 19:56:00+00:00
[2026-09-17T19:56:00.281+0000] {processor.py:208} INFO - Processing /home/airflow/.local/lib/python3.12/site-packages/airflow/example_dags/example_sla_dag.py took 0.096 seconds
[2026-09-17T19:56:30.592+0000] {processor.py:186} INFO - Started process (PID=1098) to work on /home/airflow/.local/lib/python3.12/site-packages/airflow/example_dags/example_sla_dag.py
[2026-09-17T19:56:30.595+0000] {processor.py:914} INFO - Processing file /home/airflow/.local/lib/python3.12/site-packages/airflow/example_dags/example_sla_dag.py for tasks to queue
[2026-09-17T19:56:30.597+0000] {logging_mixin.py:190} INFO - [2026-09-17T19:56:30.597+0000] {dagbag.py:588} INFO - Filling up the DagBag from /home/airflow/.local/lib/python3.12/site-packages/airflow/example_dags/example_sla_dag.py
[2026-09-17T19:56:30.610+0000] {processor.py:925} INFO - DAG(s) 'example_sla_dag' retrieved from /home/airflow/.local/lib/python3.12/site-packages/airflow/example_dags/example_sla_dag.py
[2026-09-17T19:56:30.637+0000] {logging_mixin.py:190} INFO - [2026-09-17T19:56:30.637+0000] {dag.py:3239} INFO - Sync 1 DAGs
[2026-09-17T19:56:30.667+0000] {logging_mixin.py:190} INFO - [2026-09-17T19:56:30.666+0000] {dag.py:4180} INFO - Setting next_dagrun for example_sla_dag to 2026-09-17 19:54:00+00:00, run_after=2026-09-17 19:56:00+00:00
[2026-09-17T19:56:30.689+0000] {processor.py:208} INFO - Processing /home/airflow/.local/lib/python3.12/site-packages/airflow/example_dags/example_sla_dag.py took 0.104 seconds
[2026-09-17T19:57:00.880+0000] {processor.py:186} INFO - Started process (PID=1163) to work on /home/airflow/.local/lib/python3.12/site-packages/airflow/example_dags/example_sla_dag.py
[2026-09-17T19:57:00.882+0000] {processor.py:914} INFO - Processing file /home/airflow/.local/lib/python3.12/site-packages/airflow/example_dags/example_sla_dag.py for tasks to queue
[2026-09-17T19:57:00.884+0000] {logging_mixin.py:190} INFO - [2026-09-17T19:57:00.883+0000] {dagbag.py:588} INFO - Filling up the DagBag from /home/airflow/.local/lib/python3.12/site-packages/airflow/example_dags/example_sla_dag.py
[2026-09-17T19:57:00.895+0000] {processor.py:925} INFO - DAG(s) 'example_sla_dag' retrieved from /home/airflow/.local/lib/python3.12/site-packages/airflow/example_dags/example_sla_dag.py
[2026-09-17T19:57:00.919+0000] {logging_mixin.py:190} INFO - [2026-09-17T19:57:00.919+0000] {dag.py:3239} INFO - Sync 1 DAGs
[2026-09-17T19:57:00.951+0000] {logging_mixin.py:190} INFO - [2026-09-17T19:57:00.951+0000] {dag.py:4180} INFO - Setting next_dagrun for example_sla_dag to 2026-09-17 19:54:00+00:00, run_after=2026-09-17 19:56:00+00:00
[2026-09-17T19:57:00.974+0000] {processor.py:208} INFO - Processing /home/airflow/.local/lib/python3.12/site-packages/airflow/example_dags/example_sla_dag.py took 0.100 seconds
[2026-09-17T19:57:31.371+0000] {processor.py:186} INFO - Started process (PID=1228) to work on /home/airflow/.local/lib/python3.12/site-packages/airflow/example_dags/example_sla_dag.py
[2026-09-17T19:57:31.373+0000] {processor.py:914} INFO - Processing file /home/airflow/.local/lib/python3.12/site-packages/airflow/example_dags/example_sla_dag.py for tasks to queue
[2026-09-17T19:57:31.376+0000] {logging_mixin.py:190} INFO - [2026-09-17T19:57:31.375+0000] {dagbag.py:588} INFO - Filling up the DagBag from /home/airflow/.local/lib/python3.12/site-packages/airflow/example_dags/example_sla_dag.py
[2026-09-17T19:57:31.394+0000] {processor.py:925} INFO - DAG(s) 'example_sla_dag' retrieved from /home/airflow/.local/lib/python3.12/site-packages/airflow/example_dags/example_sla_dag.py
[2026-09-17T19:57:31.426+0000] {logging_mixin.py:190} INFO - [2026-09-17T19:57:31.425+0000] {dag.py:3239} INFO - Sync 1 DAGs
[2026-09-17T19:57:31.458+0000] {logging_mixin.py:190} INFO - [2026-09-17T19:57:31.457+0000] {dag.py:4180} INFO - Setting next_dagrun for example_sla_dag to 2026-09-17 19:54:00+00:00, run_after=2026-09-17 19:56:00+00:00
[2026-09-17T19:57:31.484+0000] {processor.py:208} INFO - Processing /home/airflow/.local/lib/python3.12/site-packages/airflow/example_dags/example_sla_dag.py took 0.122 seconds
[2026-09-17T19:58:02.298+0000] {processor.py:186} INFO - Started process (PID=1293) to work on /home/airflow/.local/lib/python3.12/site-packages/airflow/example_dags/example_sla_dag.py
[2026-09-17T19:58:02.302+0000] {processor.py:914} INFO - Processing file /home/airflow/.local/lib/python3.12/site-packages/airflow/example_dags/example_sla_dag.py for tasks to queue
[2026-09-17T19:58:02.306+0000] {logging_mixin.py:190} INFO - [2026-09-17T19:58:02.304+0000] {dagbag.py:588} INFO - Filling up the DagBag from /home/airflow/.local/lib/python3.12/site-packages/airflow/example_dags/example_sla_dag.py
[2026-09-17T19:58:02.327+0000] {processor.py:925} INFO - DAG(s) 'example_sla_dag' retrieved from /home/airflow/.local/lib/python3.12/site-packages/airflow/example_dags/example_sla_dag.py
[2026-09-17T19:58:02.374+0000] {logging_mixin.py:190} INFO - [2026-09-17T19:58:02.373+0000] {dag.py:3239} INFO - Sync 1 DAGs
[2026-09-17T19:58:02.415+0000] {logging_mixin.py:190} INFO - [2026-09-17T19:58:02.415+0000] {dag.py:4180} INFO - Setting next_dagrun for example_sla_dag to 2026-09-17 19:56:00+00:00, run_after=2026-09-17 19:58:00+00:00
[2026-09-17T19:58:02.443+0000] {processor.py:208} INFO - Processing /home/airflow/.local/lib/python3.12/site-packages/airflow/example_dags/example_sla_dag.py took 0.158 seconds
[2026-09-17T19:58:32.590+0000] {processor.py:186} INFO - Started process (PID=1358) to work on /home/airflow/.local/lib/python3.12/site-packages/airflow/example_dags/example_sla_dag.py
[2026-09-17T19:58:32.592+0000] {processor.py:914} INFO - Processing file /home/airflow/.local/lib/python3.12/site-packages/airflow/example_dags/example_sla_dag.py for tasks to queue
[2026-09-17T19:58:32.594+0000] {logging_mixin.py:190} INFO - [2026-09-17T19:58:32.594+0000] {dagbag.py:588} INFO - Filling up the DagBag from /home/airflow/.local/lib/python3.12/site-packages/airflow/example_dags/example_sla_dag.py
[2026-09-17T19:58:32.606+0000] {processor.py:925} INFO - DAG(s) 'example_sla_dag' retrieved from /home/airflow/.local/lib/python3.12/site-packages/airflow/example_dags/example_sla_dag.py
[2026-09-17T19:58:32.632+0000] {logging_mixin.py:190} INFO - [2026-09-17T19:58:32.631+0000] {dag.py:3239} INFO - Sync 1 DAGs
[2026-09-17T19:58:32.658+0000] {logging_mixin.py:190} INFO - [2026-09-17T19:58:32.658+0000] {dag.py:4180} INFO - Setting next_dagrun for example_sla_dag to 2026-09-17 19:56:00+00:00, run_after=2026-09-17 19:58:00+00:00
[2026-09-17T19:58:32.676+0000] {processor.py:208} INFO - Processing /home/airflow/.local/lib/python3.12/site-packages/airflow/example_dags/example_sla_dag.py took 0.092 seconds
[2026-09-17T19:59:02.803+0000] {processor.py:186} INFO - Started process (PID=1423) to work on /home/airflow/.local/lib/python3.12/site-packages/airflow/example_dags/example_sla_dag.py
[2026-09-17T19:59:02.805+0000] {processor.py:914} INFO - Processing file /home/airflow/.local/lib/python3.12/site-packages/airflow/example_dags/example_sla_dag.py for tasks to queue
[2026-09-17T19:59:02.807+0000] {logging_mixin.py:190} INFO - [2026-09-17T19:59:02.807+0000] {dagbag.py:588} INFO - Filling up the DagBag from /home/airflow/.local/lib/python3.12/site-packages/airflow/example_dags/example_sla_dag.py
[2026-09-17T19:59:02.819+0000] {processor.py:925} INFO - DAG(s) 'example_sla_dag' retrieved from /home/airflow/.local/lib/python3.12/site-packages/airflow/example_dags/example_sla_dag.py
[2026-09-17T19:59:02.848+0000] {logging_mixin.py:190} INFO - [2026-09-17T19:59:02.848+0000] {dag.py:3239} INFO - Sync 1 DAGs
[2026-09-17T19:59:02.875+0000] {logging_mixin.py:190} INFO - [2026-09-17T19:59:02.875+0000] {dag.py:4180} INFO - Setting next_dagrun for example_sla_dag to 2026-09-17 19:56:00+00:00, run_after=2026-09-17 19:58:00+00:00
[2026-09-17T19:59:02.897+0000] {processor.py:208} INFO - Processing /home/airflow/.local/lib/python3.12/site-packages/airflow/example_dags/example_sla_dag.py took 0.099 seconds
[2026-09-17T19:59:32.949+0000] {processor.py:186} INFO - Started process (PID=1488) to work on /home/airflow/.local/lib/python3.12/site-packages/airflow/example_dags/example_sla_dag.py
[2026-09-17T19:59:32.951+0000] {processor.py:914} INFO - Processing file /home/airflow/.local/lib/python3.12/site-packages/airflow/example_dags/example_sla_dag.py for tasks to queue
[2026-09-17T19:59:32.953+0000] {logging_mixin.py:190} INFO - [2026-09-17T19:59:32.953+0000] {dagbag.py:588} INFO - Filling up the DagBag from /home/airflow/.local/lib/python3.12/site-packages/airflow/example_dags/example_sla_dag.py
[2026-09-17T19:59:32.965+0000] {processor.py:925} INFO - DAG(s) 'example_sla_dag' retrieved from /home/airflow/.local/lib/python3.12/site-packages/airflow/example_dags/example_sla_dag.py
[2026-09-17T19:59:32.990+0000] {logging_mixin.py:190} INFO - [2026-09-17T19:59:32.990+0000] {dag.py:3239} INFO - Sync 1 DAGs
[2026-09-17T19:59:33.016+0000] {logging_mixin.py:190} INFO - [2026-09-17T19:59:33.016+0000] {dag.py:4180} INFO - Setting next_dagrun for example_sla_dag to 2026-09-17 19:56:00+00:00, run_after=2026-09-17 19:58:00+00:00
[2026-09-17T19:59:33.041+0000] {processor.py:208} INFO - Processing /home/airflow/.local/lib/python3.12/site-packages/airflow/example_dags/example_sla_dag.py took 0.099 seconds
[2026-09-17T20:00:03.601+0000] {processor.py:186} INFO - Started process (PID=1552) to work on /home/airflow/.local/lib/python3.12/site-packages/airflow/example_dags/example_sla_dag.py
[2026-09-17T20:00:03.604+0000] {processor.py:914} INFO - Processing file /home/airflow/.local/lib/python3.12/site-packages/airflow/example_dags/example_sla_dag.py for tasks to queue
[2026-09-17T20:00:03.606+0000] {logging_mixin.py:190} INFO - [2026-09-17T20:00:03.606+0000] {dagbag.py:588} INFO - Filling up the DagBag from /home/airflow/.local/lib/python3.12/site-packages/airflow/example_dags/example_sla_dag.py
[2026-09-17T20:00:03.621+0000] {processor.py:925} INFO - DAG(s) 'example_sla_dag' retrieved from /home/airflow/.local/lib/python3.12/site-packages/airflow/example_dags/example_sla_dag.py
[2026-09-17T20:00:03.652+0000] {logging_mixin.py:190} INFO - [2026-09-17T20:00:03.652+0000] {dag.py:3239} INFO - Sync 1 DAGs
[2026-09-17T20:00:03.688+0000] {logging_mixin.py:190} INFO - [2026-09-17T20:00:03.688+0000] {dag.py:4180} INFO - Setting next_dagrun for example_sla_dag to 2026-09-17 19:58:00+00:00, run_after=2026-09-17 20:00:00+00:00
[2026-09-17T20:00:03.716+0000] {processor.py:208} INFO - Processing /home/airflow/.local/lib/python3.12/site-packages/airflow/example_dags/example_sla_dag.py took 0.122 seconds
[2026-09-17T20:00:34.190+0000] {processor.py:186} INFO - Started process (PID=1610) to work on /home/airflow/.local/lib/python3.12/site-packages/airflow/example_dags/example_sla_dag.py
[2026-09-17T20:00:34.193+0000] {processor.py:914} INFO - Processing file /home/airflow/.local/lib/python3.12/site-packages/airflow/example_dags/example_sla_dag.py for tasks to queue
[2026-09-17T20:00:34.195+0000] {logging_mixin.py:190} INFO - [2026-09-17T20:00:34.194+0000] {dagbag.py:588} INFO - Filling up the DagBag from /home/airflow/.local/lib/python3.12/site-packages/airflow/example_dags/example_sla_dag.py
[2026-09-17T20:00:34.206+0000] {processor.py:925} INFO - DAG(s) 'example_sla_dag' retrieved from /home/airflow/.local/lib/python3.12/site-packages/airflow/example_dags/example_sla_dag.py
[2026-09-17T20:00:34.232+0000] {logging_mixin.py:190} INFO - [2026-09-17T20:00:34.232+0000] {dag.py:3239} INFO - Sync 1 DAGs
[2026-09-17T20:00:34.260+0000] {logging_mixin.py:190} INFO - [2026-09-17T20:00:34.260+0000] {dag.py:4180} INFO - Setting next_dagrun for example_sla_dag to 2026-09-17 19:58:00+00:00, run_after=2026-09-17 20:00:00+00:00
[2026-09-17T20:00:34.280+0000] {processor.py:208} INFO - Processing /home/airflow/.local/lib/python3.12/site-packages/airflow/example_dags/example_sla_dag.py took 0.096 seconds
[2026-09-17T20:01:04.433+0000] {processor.py:186} INFO - Started process (PID=1675) to work on /home/airflow/.local/lib/python3.12/site-packages/airflow/example_dags/example_sla_dag.py
[2026-09-17T20:01:04.435+0000] {processor.py:914} INFO - Processing file /home/airflow/.local/lib/python3.12/site-packages/airflow/example_dags/example_sla_dag.py for tasks to queue
[2026-09-17T20:01:04.438+0000] {logging_mixin.py:190} INFO - [2026-09-17T20:01:04.437+0000] {dagbag.py:588} INFO - Filling up the DagBag from /home/airflow/.local/lib/python3.12/site-packages/airflow/example_dags/example_sla_dag.py
[2026-09-17T20:01:04.451+0000] {processor.py:925} INFO - DAG(s) 'example_sla_dag' retrieved from /home/airflow/.local/lib/python3.12/site-packages/airflow/example_dags/example_sla_dag.py
[2026-09-17T20:01:04.478+0000] {logging_mixin.py:190} INFO - [2026-09-17T20:01:04.477+0000] {dag.py:3239} INFO - Sync 1 DAGs
[2026-09-17T20:01:04.506+0000] {logging_mixin.py:190} INFO - [2026-09-17T20:01:04.506+0000] {dag.py:4180} INFO - Setting next_dagrun for example_sla_dag to 2026-09-17 19:58:00+00:00, run_after=2026-09-17 20:00:00+00:00
[2026-09-17T20:01:04.529+0000] {processor.py:208} INFO - Processing /home/airflow/.local/lib/python3.12/site-packages/airflow/example_dags/example_sla_dag.py took 0.104 seconds
[2026-09-17T20:01:34.651+0000] {processor.py:186} INFO - Started process (PID=1740) to work on /home/airflow/.local/lib/python3.12/site-packages/airflow/example_dags/example_sla_dag.py
[2026-09-17T20:01:34.653+0000] {processor.py:914} INFO - Processing file /home/airflow/.local/lib/python3.12/site-packages/airflow/example_dags/example_sla_dag.py for tasks to queue
[2026-09-17T20:01:34.655+0000] {logging_mixin.py:190} INFO - [2026-09-17T20:01:34.655+0000] {dagbag.py:588} INFO - Filling up the DagBag from /home/airflow/.local/lib/python3.12/site-packages/airflow/example_dags/example_sla_dag.py
[2026-09-17T20:01:34.668+0000] {processor.py:925} INFO - DAG(s) 'example_sla_dag' retrieved from /home/airflow/.local/lib/python3.12/site-packages/airflow/example_dags/example_sla_dag.py
[2026-09-17T20:01:34.695+0000] {logging_mixin.py:190} INFO - [2026-09-17T20:01:34.695+0000] {dag.py:3239} INFO - Sync 1 DAGs
[2026-09-17T20:01:34.722+0000] {logging_mixin.py:190} INFO - [2026-09-17T20:01:34.722+0000] {dag.py:4180} INFO - Setting next_dagrun for example_sla_dag to 2026-09-17 19:58:00+00:00, run_after=2026-09-17 20:00:00+00:00
[2026-09-17T20:01:34.743+0000] {processor.py:208} INFO - Processing /home/airflow/.local/lib/python3.12/site-packages/airflow/example_dags/example_sla_dag.py took 0.099 seconds
[2026-09-17T20:02:04.937+0000] {processor.py:186} INFO - Started process (PID=1805) to work on /home/airflow/.local/lib/python3.12/site-packages/airflow/example_dags/example_sla_dag.py
[2026-09-17T20:02:04.939+0000] {processor.py:914} INFO - Processing file /home/airflow/.local/lib/python3.12/site-packages/airflow/example_dags/example_sla_dag.py for tasks to queue
[2026-09-17T20:02:04.942+0000] {logging_mixin.py:190} INFO - [2026-09-17T20:02:04.941+0000] {dagbag.py:588} INFO - Filling up the DagBag from /home/airflow/.local/lib/python3.12/site-packages/airflow/example_dags/example_sla_dag.py
[2026-09-17T20:02:04.953+0000] {processor.py:925} INFO - DAG(s) 'example_sla_dag' retrieved from /home/airflow/.local/lib/python3.12/site-packages/airflow/example_dags/example_sla_dag.py
[2026-09-17T20:02:04.980+0000] {logging_mixin.py:190} INFO - [2026-09-17T20:02:04.979+0000] {dag.py:3239} INFO - Sync 1 DAGs
[2026-09-17T20:02:05.008+0000] {logging_mixin.py:190} INFO - [2026-09-17T20:02:05.008+0000] {dag.py:4180} INFO - Setting next_dagrun for example_sla_dag to 2026-09-17 20:00:00+00:00, run_after=2026-09-17 20:02:00+00:00
[2026-09-17T20:02:05.031+0000] {processor.py:208} INFO - Processing /home/airflow/.local/lib/python3.12/site-packages/airflow/example_dags/example_sla_dag.py took 0.100 seconds
[2026-09-17T20:09:43.082+0000] {processor.py:186} INFO - Started process (PID=77) to work on /home/airflow/.local/lib/python3.12/site-packages/airflow/example_dags/example_sla_dag.py
[2026-09-17T20:09:43.084+0000] {processor.py:914} INFO - Processing file /home/airflow/.local/lib/python3.12/site-packages/airflow/example_dags/example_sla_dag.py for tasks to queue
[2026-09-17T20:09:43.087+0000] {logging_mixin.py:190} INFO - [2026-09-17T20:09:43.086+0000] {dagbag.py:588} INFO - Filling up the DagBag from /home/airflow/.local/lib/python3.12/site-packages/airflow/example_dags/example_sla_dag.py
[2026-09-17T20:09:43.103+0000] {processor.py:925} INFO - DAG(s) 'example_sla_dag' retrieved from /home/airflow/.local/lib/python3.12/site-packages/airflow/example_dags/example_sla_dag.py
[2026-09-17T20:09:43.281+0000] {logging_mixin.py:190} INFO - [2026-09-17T20:09:43.279+0000] {override.py:1911} INFO - Created Permission View: can edit on DAG:example_sla_dag
[2026-09-17T20:09:43.299+0000] {logging_mixin.py:190} INFO - [2026-09-17T20:09:43.298+0000] {override.py:1911} INFO - Created Permission View: can read on DAG:example_sla_dag
[2026-09-17T20:09:43.312+0000] {logging_mixin.py:190} INFO - [2026-09-17T20:09:43.312+0000] {override.py:1911} INFO - Created Permission View: can delete on DAG:example_sla_dag
[2026-09-17T20:09:43.327+0000] {logging_mixin.py:190} INFO - [2026-09-17T20:09:43.327+0000] {override.py:1911} INFO - Created Permission View: can create on DAG Run:example_sla_dag
[2026-09-17T20:09:43.341+0000] {logging_mixin.py:190} INFO - [2026-09-17T20:09:43.341+0000] {override.py:1911} INFO - Created Permission View: menu access on DAG Run:example_sla_dag
[2026-09-17T20:09:43.354+0000] {logging_mixin.py:190} INFO - [2026-09-17T20:09:43.354+0000] {override.py:1911} INFO - Created Permission View: can read on DAG Run:example_sla_dag
[2026-09-17T20:09:43.368+0000] {logging_mixin.py:190} INFO - [2026-09-17T20:09:43.367+0000] {override.py:1911} INFO - Created Permission View: can delete on DAG Run:example_sla_dag
[2026-09-17T20:09:43.370+0000] {logging_mixin.py:190} INFO - [2026-09-17T20:09:43.369+0000] {dag.py:3239} INFO - Sync 1 DAGs
[2026-09-17T20:09:43.394+0000] {logging_mixin.py:190} INFO - [2026-09-17T20:09:43.394+0000] {dag.py:3262} INFO - Creating ORM DAG for example_sla_dag
[2026-09-17T20:09:43.426+0000] {logging_mixin.py:190} INFO - [2026-09-17T20:09:43.425+0000] {dag.py:4180} INFO - Setting next_dagrun for example_sla_dag to 2026-09-17 20:06:00+00:00, run_after=2026-09-17 20:08:00+00:00
[2026-09-17T20:09:43.461+0000] {processor.py:208} INFO - Processing /home/airflow/.local/lib/python3.12/site-packages/airflow/example_dags/example_sla_dag.py took 0.387 seconds
[2026-09-17T20:10:13.698+0000] {processor.py:186} INFO - Started process (PID=141) to work on /home/airflow/.local/lib/python3.12/site-packages/airflow/example_dags/example_sla_dag.py
[2026-09-17T20:10:13.701+0000] {processor.py:914} INFO - Processing file /home/airflow/.local/lib/python3.12/site-packages/airflow/example_dags/example_sla_dag.py for tasks to queue
[2026-09-17T20:10:13.703+0000] {logging_mixin.py:190} INFO - [2026-09-17T20:10:13.703+0000] {dagbag.py:588} INFO - Filling up the DagBag from /home/airflow/.local/lib/python3.12/site-packages/airflow/example_dags/example_sla_dag.py
[2026-09-17T20:10:13.716+0000] {processor.py:925} INFO - DAG(s) 'example_sla_dag' retrieved from /home/airflow/.local/lib/python3.12/site-packages/airflow/example_dags/example_sla_dag.py
[2026-09-17T20:10:13.745+0000] {logging_mixin.py:190} INFO - [2026-09-17T20:10:13.744+0000] {dag.py:3239} INFO - Sync 1 DAGs
[2026-09-17T20:10:13.774+0000] {logging_mixin.py:190} INFO - [2026-09-17T20:10:13.774+0000] {dag.py:4180} INFO - Setting next_dagrun for example_sla_dag to 2026-09-17 20:08:00+00:00, run_after=2026-09-17 20:10:00+00:00
[2026-09-17T20:10:13.802+0000] {processor.py:208} INFO - Processing /home/airflow/.local/lib/python3.12/site-packages/airflow/example_dags/example_sla_dag.py took 0.111 seconds
[2026-09-17T20:10:44.466+0000] {processor.py:186} INFO - Started process (PID=206) to work on /home/airflow/.local/lib/python3.12/site-packages/airflow/example_dags/example_sla_dag.py
[2026-09-17T20:10:44.468+0000] {processor.py:914} INFO - Processing file /home/airflow/.local/lib/python3.12/site-packages/airflow/example_dags/example_sla_dag.py for tasks to queue
[2026-09-17T20:10:44.470+0000] {logging_mixin.py:190} INFO - [2026-09-17T20:10:44.469+0000] {dagbag.py:588} INFO - Filling up the DagBag from /home/airflow/.local/lib/python3.12/site-packages/airflow/example_dags/example_sla_dag.py
[2026-09-17T20:10:44.482+0000] {processor.py:925} INFO - DAG(s) 'example_sla_dag' retrieved from /home/airflow/.local/lib/python3.12/site-packages/airflow/example_dags/example_sla_dag.py
[2026-09-17T20:10:44.507+0000] {logging_mixin.py:190} INFO - [2026-09-17T20:10:44.506+0000] {dag.py:3239} INFO - Sync 1 DAGs
[2026-09-17T20:10:44.532+0000] {logging_mixin.py:190} INFO - [2026-09-17T20:10:44.532+0000] {dag.py:4180} INFO - Setting next_dagrun for example_sla_dag to 2026-09-17 20:08:00+00:00, run_after=2026-09-17 20:10:00+00:00
[2026-09-17T20:10:44.554+0000] {processor.py:208} INFO - Processing /home/airflow/.local/lib/python3.12/site-packages/airflow/example_dags/example_sla_dag.py took 0.094 seconds
[2026-09-17T20:11:15.187+0000] {processor.py:186} INFO - Started process (PID=270) to work on /home/airflow/.local/lib/python3.12/site-packages/airflow/example_dags/example_sla_dag.py
[2026-09-17T20:11:15.198+0000] {processor.py:914} INFO - Processing file /home/airflow/.local/lib/python3.12/site-packages/airflow/example_dags/example_sla_dag.py for tasks to queue
[2026-09-17T20:11:15.205+0000] {logging_mixin.py:190} INFO - [2026-09-17T20:11:15.202+0000] {dagbag.py:588} INFO - Filling up the DagBag from /home/airflow/.local/lib/python3.12/site-packages/airflow/example_dags/example_sla_dag.py
[2026-09-17T20:11:15.272+0000] {processor.py:925} INFO - DAG(s) 'example_sla_dag' retrieved from /home/airflow/.local/lib/python3.12/site-packages/airflow/example_dags/example_sla_dag.py
[2026-09-17T20:11:15.314+0000] {logging_mixin.py:190} INFO - [2026-09-17T20:11:15.313+0000] {dag.py:3239} INFO - Sync 1 DAGs
[2026-09-17T20:11:15.378+0000] {logging_mixin.py:190} INFO - [2026-09-17T20:11:15.378+0000] {dag.py:4180} INFO - Setting next_dagrun for example_sla_dag to 2026-09-17 20:08:00+00:00, run_after=2026-09-17 20:10:00+00:00
[2026-09-17T20:11:15.411+0000] {processor.py:208} INFO - Processing /home/airflow/.local/lib/python3.12/site-packages/airflow/example_dags/example_sla_dag.py took 0.317 seconds
[2026-09-17T20:11:45.841+0000] {processor.py:186} INFO - Started process (PID=328) to work on /home/airflow/.local/lib/python3.12/site-packages/airflow/example_dags/example_sla_dag.py
[2026-09-17T20:11:45.845+0000] {processor.py:914} INFO - Processing file /home/airflow/.local/lib/python3.12/site-packages/airflow/example_dags/example_sla_dag.py for tasks to queue
[2026-09-17T20:11:45.850+0000] {logging_mixin.py:190} INFO - [2026-09-17T20:11:45.849+0000] {dagbag.py:588} INFO - Filling up the DagBag from /home/airflow/.local/lib/python3.12/site-packages/airflow/example_dags/example_sla_dag.py
[2026-09-17T20:11:45.869+0000] {processor.py:925} INFO - DAG(s) 'example_sla_dag' retrieved from /home/airflow/.local/lib/python3.12/site-packages/airflow/example_dags/example_sla_dag.py
[2026-09-17T20:11:45.921+0000] {logging_mixin.py:190} INFO - [2026-09-17T20:11:45.920+0000] {dag.py:3239} INFO - Sync 1 DAGs
[2026-09-17T20:11:45.966+0000] {logging_mixin.py:190} INFO - [2026-09-17T20:11:45.966+0000] {dag.py:4180} INFO - Setting next_dagrun for example_sla_dag to 2026-09-17 20:08:00+00:00, run_after=2026-09-17 20:10:00+00:00
[2026-09-17T20:11:46.001+0000] {processor.py:208} INFO - Processing /home/airflow/.local/lib/python3.12/site-packages/airflow/example_dags/example_sla_dag.py took 0.171 seconds
[2026-09-17T20:12:16.099+0000] {processor.py:186} INFO - Started process (PID=393) to work on /home/airflow/.local/lib/python3.12/site-packages/airflow/example_dags/example_sla_dag.py
[2026-09-17T20:12:16.100+0000] {processor.py:914} INFO - Processing file /home/airflow/.local/lib/python3.12/site-packages/airflow/example_dags/example_sla_dag.py for tasks to queue
[2026-09-17T20:12:16.103+0000] {logging_mixin.py:190} INFO - [2026-09-17T20:12:16.103+0000] {dagbag.py:588} INFO - Filling up the DagBag from /home/airflow/.local/lib/python3.12/site-packages/airflow/example_dags/example_sla_dag.py
[2026-09-17T20:12:16.118+0000] {processor.py:925} INFO - DAG(s) 'example_sla_dag' retrieved from /home/airflow/.local/lib/python3.12/site-packages/airflow/example_dags/example_sla_dag.py
[2026-09-17T20:12:16.151+0000] {logging_mixin.py:190} INFO - [2026-09-17T20:12:16.150+0000] {dag.py:3239} INFO - Sync 1 DAGs
[2026-09-17T20:12:16.186+0000] {logging_mixin.py:190} INFO - [2026-09-17T20:12:16.186+0000] {dag.py:4180} INFO - Setting next_dagrun for example_sla_dag to 2026-09-17 20:10:00+00:00, run_after=2026-09-17 20:12:00+00:00
[2026-09-17T20:12:16.216+0000] {processor.py:208} INFO - Processing /home/airflow/.local/lib/python3.12/site-packages/airflow/example_dags/example_sla_dag.py took 0.126 seconds
[2026-09-17T20:12:46.925+0000] {processor.py:186} INFO - Started process (PID=458) to work on /home/airflow/.local/lib/python3.12/site-packages/airflow/example_dags/example_sla_dag.py
[2026-09-17T20:12:46.927+0000] {processor.py:914} INFO - Processing file /home/airflow/.local/lib/python3.12/site-packages/airflow/example_dags/example_sla_dag.py for tasks to queue
[2026-09-17T20:12:46.929+0000] {logging_mixin.py:190} INFO - [2026-09-17T20:12:46.929+0000] {dagbag.py:588} INFO - Filling up the DagBag from /home/airflow/.local/lib/python3.12/site-packages/airflow/example_dags/example_sla_dag.py
[2026-09-17T20:12:46.943+0000] {processor.py:925} INFO - DAG(s) 'example_sla_dag' retrieved from /home/airflow/.local/lib/python3.12/site-packages/airflow/example_dags/example_sla_dag.py
[2026-09-17T20:12:46.974+0000] {logging_mixin.py:190} INFO - [2026-09-17T20:12:46.973+0000] {dag.py:3239} INFO - Sync 1 DAGs
[2026-09-17T20:12:47.003+0000] {logging_mixin.py:190} INFO - [2026-09-17T20:12:47.002+0000] {dag.py:4180} INFO - Setting next_dagrun for example_sla_dag to 2026-09-17 20:10:00+00:00, run_after=2026-09-17 20:12:00+00:00
[2026-09-17T20:12:47.026+0000] {processor.py:208} INFO - Processing /home/airflow/.local/lib/python3.12/site-packages/airflow/example_dags/example_sla_dag.py took 0.108 seconds
[2026-09-17T20:13:18.264+0000] {processor.py:186} INFO - Started process (PID=523) to work on /home/airflow/.local/lib/python3.12/site-packages/airflow/example_dags/example_sla_dag.py
[2026-09-17T20:13:18.265+0000] {processor.py:914} INFO - Processing file /home/airflow/.local/lib/python3.12/site-packages/airflow/example_dags/example_sla_dag.py for tasks to queue
[2026-09-17T20:13:18.267+0000] {logging_mixin.py:190} INFO - [2026-09-17T20:13:18.267+0000] {dagbag.py:588} INFO - Filling up the DagBag from /home/airflow/.local/lib/python3.12/site-packages/airflow/example_dags/example_sla_dag.py
[2026-09-17T20:13:18.279+0000] {processor.py:925} INFO - DAG(s) 'example_sla_dag' retrieved from /home/airflow/.local/lib/python3.12/site-packages/airflow/example_dags/example_sla_dag.py
[2026-09-17T20:13:18.308+0000] {logging_mixin.py:190} INFO - [2026-09-17T20:13:18.308+0000] {dag.py:3239} INFO - Sync 1 DAGs
[2026-09-17T20:13:18.335+0000] {logging_mixin.py:190} INFO - [2026-09-17T20:13:18.335+0000] {dag.py:4180} INFO - Setting next_dagrun for example_sla_dag to 2026-09-17 20:10:00+00:00, run_after=2026-09-17 20:12:00+00:00
[2026-09-17T20:13:18.363+0000] {processor.py:208} INFO - Processing /home/airflow/.local/lib/python3.12/site-packages/airflow/example_dags/example_sla_dag.py took 0.105 seconds
[2026-09-17T20:13:49.874+0000] {processor.py:186} INFO - Started process (PID=588) to work on /home/airflow/.local/lib/python3.12/site-packages/airflow/example_dags/example_sla_dag.py
[2026-09-17T20:13:49.876+0000] {processor.py:914} INFO - Processing file /home/airflow/.local/lib/python3.12/site-packages/airflow/example_dags/example_sla_dag.py for tasks to queue
[2026-09-17T20:13:49.878+0000] {logging_mixin.py:190} INFO - [2026-09-17T20:13:49.878+0000] {dagbag.py:588} INFO - Filling up the DagBag from /home/airflow/.local/lib/python3.12/site-packages/airflow/example_dags/example_sla_dag.py
[2026-09-17T20:13:49.890+0000] {processor.py:925} INFO - DAG(s) 'example_sla_dag' retrieved from /home/airflow/.local/lib/python3.12/site-packages/airflow/example_dags/example_sla_dag.py
[2026-09-17T20:13:49.917+0000] {logging_mixin.py:190} INFO - [2026-09-17T20:13:49.917+0000] {dag.py:3239} INFO - Sync 1 DAGs
[2026-09-17T20:13:49.945+0000] {logging_mixin.py:190} INFO - [2026-09-17T20:13:49.944+0000] {dag.py:4180} INFO - Setting next_dagrun for example_sla_dag to 2026-09-17 20:10:00+00:00, run_after=2026-09-17 20:12:00+00:00
[2026-09-17T20:13:49.966+0000] {processor.py:208} INFO - Processing /home/airflow/.local/lib/python3.12/site-packages/airflow/example_dags/example_sla_dag.py took 0.098 seconds
[2026-09-17T20:14:21.277+0000] {processor.py:186} INFO - Started process (PID=653) to work on /home/airflow/.local/lib/python3.12/site-packages/airflow/example_dags/example_sla_dag.py
[2026-09-17T20:14:21.279+0000] {processor.py:914} INFO - Processing file /home/airflow/.local/lib/python3.12/site-packages/airflow/example_dags/example_sla_dag.py for tasks to queue
[2026-09-17T20:14:21.282+0000] {logging_mixin.py:190} INFO - [2026-09-17T20:14:21.281+0000] {dagbag.py:588} INFO - Filling up the DagBag from /home/airflow/.local/lib/python3.12/site-packages/airflow/example_dags/example_sla_dag.py
[2026-09-17T20:14:21.299+0000] {processor.py:925} INFO - DAG(s) 'example_sla_dag' retrieved from /home/airflow/.local/lib/python3.12/site-packages/airflow/example_dags/example_sla_dag.py
[2026-09-17T20:14:21.346+0000] {logging_mixin.py:190} INFO - [2026-09-17T20:14:21.346+0000] {dag.py:3239} INFO - Sync 1 DAGs
[2026-09-17T20:14:21.420+0000] {logging_mixin.py:190} INFO - [2026-09-17T20:14:21.420+0000] {dag.py:4180} INFO - Setting next_dagrun for example_sla_dag to 2026-09-17 20:12:00+00:00, run_after=2026-09-17 20:14:00+00:00
[2026-09-17T20:14:21.463+0000] {processor.py:208} INFO - Processing /home/airflow/.local/lib/python3.12/site-packages/airflow/example_dags/example_sla_dag.py took 0.192 seconds
[2026-09-17T20:14:52.633+0000] {processor.py:186} INFO - Started process (PID=718) to work on /home/airflow/.local/lib/python3.12/site-packages/airflow/example_dags/example_sla_dag.py
[2026-09-17T20:14:52.635+0000] {processor.py:914} INFO - Processing file /home/airflow/.local/lib/python3.12/site-packages/airflow/example_dags/example_sla_dag.py for tasks to queue
[2026-09-17T20:14:52.637+0000] {logging_mixin.py:190} INFO - [2026-09-17T20:14:52.637+0000] {dagbag.py:588} INFO - Filling up the DagBag from /home/airflow/.local/lib/python3.12/site-packages/airflow/example_dags/example_sla_dag.py
[2026-09-17T20:14:52.651+0000] {processor.py:925} INFO - DAG(s) 'example_sla_dag' retrieved from /home/airflow/.local/lib/python3.12/site-packages/airflow/example_dags/example_sla_dag.py
[2026-09-17T20:14:52.677+0000] {logging_mixin.py:190} INFO - [2026-09-17T20:14:52.677+0000] {dag.py:3239} INFO - Sync 1 DAGs
[2026-09-17T20:14:52.703+0000] {logging_mixin.py:190} INFO - [2026-09-17T20:14:52.703+0000] {dag.py:4180} INFO - Setting next_dagrun for example_sla_dag to 2026-09-17 20:12:00+00:00, run_after=2026-09-17 20:14:00+00:00
[2026-09-17T20:14:52.725+0000] {processor.py:208} INFO - Processing /home/airflow/.local/lib/python3.12/site-packages/airflow/example_dags/example_sla_dag.py took 0.100 seconds
[2026-09-17T20:15:24.003+0000] {processor.py:186} INFO - Started process (PID=783) to work on /home/airflow/.local/lib/python3.12/site-packages/airflow/example_dags/example_sla_dag.py
[2026-09-17T20:15:24.005+0000] {processor.py:914} INFO - Processing file /home/airflow/.local/lib/python3.12/site-packages/airflow/example_dags/example_sla_dag.py for tasks to queue
[2026-09-17T20:15:24.008+0000] {logging_mixin.py:190} INFO - [2026-09-17T20:15:24.007+0000] {dagbag.py:588} INFO - Filling up the DagBag from /home/airflow/.local/lib/python3.12/site-packages/airflow/example_dags/example_sla_dag.py
[2026-09-17T20:15:24.019+0000] {processor.py:925} INFO - DAG(s) 'example_sla_dag' retrieved from /home/airflow/.local/lib/python3.12/site-packages/airflow/example_dags/example_sla_dag.py
[2026-09-17T20:15:24.045+0000] {logging_mixin.py:190} INFO - [2026-09-17T20:15:24.045+0000] {dag.py:3239} INFO - Sync 1 DAGs
[2026-09-17T20:15:24.071+0000] {logging_mixin.py:190} INFO - [2026-09-17T20:15:24.071+0000] {dag.py:4180} INFO - Setting next_dagrun for example_sla_dag to 2026-09-17 20:12:00+00:00, run_after=2026-09-17 20:14:00+00:00
[2026-09-17T20:15:24.093+0000] {processor.py:208} INFO - Processing /home/airflow/.local/lib/python3.12/site-packages/airflow/example_dags/example_sla_dag.py took 0.095 seconds
[2026-09-17T20:15:55.440+0000] {processor.py:186} INFO - Started process (PID=848) to work on /home/airflow/.local/lib/python3.12/site-packages/airflow/example_dags/example_sla_dag.py
[2026-09-17T20:15:55.442+0000] {processor.py:914} INFO - Processing file /home/airflow/.local/lib/python3.12/site-packages/airflow/example_dags/example_sla_dag.py for tasks to queue
[2026-09-17T20:15:55.444+0000] {logging_mixin.py:190} INFO - [2026-09-17T20:15:55.444+0000] {dagbag.py:588} INFO - Filling up the DagBag from /home/airflow/.local/lib/python3.12/site-packages/airflow/example_dags/example_sla_dag.py
[2026-09-17T20:15:55.457+0000] {processor.py:925} INFO - DAG(s) 'example_sla_dag' retrieved from /home/airflow/.local/lib/python3.12/site-packages/airflow/example_dags/example_sla_dag.py
[2026-09-17T20:15:55.484+0000] {logging_mixin.py:190} INFO - [2026-09-17T20:15:55.484+0000] {dag.py:3239} INFO - Sync 1 DAGs
[2026-09-17T20:15:55.512+0000] {logging_mixin.py:190} INFO - [2026-09-17T20:15:55.512+0000] {dag.py:4180} INFO - Setting next_dagrun for example_sla_dag to 2026-09-17 20:12:00+00:00, run_after=2026-09-17 20:14:00+00:00
[2026-09-17T20:15:55.536+0000] {processor.py:208} INFO - Processing /home/airflow/.local/lib/python3.12/site-packages/airflow/example_dags/example_sla_dag.py took 0.103 seconds
[2026-09-17T20:16:26.741+0000] {processor.py:186} INFO - Started process (PID=913) to work on /home/airflow/.local/lib/python3.12/site-packages/airflow/example_dags/example_sla_dag.py
[2026-09-17T20:16:26.743+0000] {processor.py:914} INFO - Processing file /home/airflow/.local/lib/python3.12/site-packages/airflow/example_dags/example_sla_dag.py for tasks to queue
[2026-09-17T20:16:26.745+0000] {logging_mixin.py:190} INFO - [2026-09-17T20:16:26.745+0000] {dagbag.py:588} INFO - Filling up the DagBag from /home/airflow/.local/lib/python3.12/site-packages/airflow/example_dags/example_sla_dag.py
[2026-09-17T20:16:26.758+0000] {processor.py:925} INFO - DAG(s) 'example_sla_dag' retrieved from /home/airflow/.local/lib/python3.12/site-packages/airflow/example_dags/example_sla_dag.py
[2026-09-17T20:16:26.789+0000] {logging_mixin.py:190} INFO - [2026-09-17T20:16:26.788+0000] {dag.py:3239} INFO - Sync 1 DAGs
[2026-09-17T20:16:26.817+0000] {logging_mixin.py:190} INFO - [2026-09-17T20:16:26.817+0000] {dag.py:4180} INFO - Setting next_dagrun for example_sla_dag to 2026-09-17 20:14:00+00:00, run_after=2026-09-17 20:16:00+00:00
[2026-09-17T20:16:26.839+0000] {processor.py:208} INFO - Processing /home/airflow/.local/lib/python3.12/site-packages/airflow/example_dags/example_sla_dag.py took 0.105 seconds
[2026-09-17T20:16:58.828+0000] {processor.py:186} INFO - Started process (PID=978) to work on /home/airflow/.local/lib/python3.12/site-packages/airflow/example_dags/example_sla_dag.py
[2026-09-17T20:16:58.831+0000] {processor.py:914} INFO - Processing file /home/airflow/.local/lib/python3.12/site-packages/airflow/example_dags/example_sla_dag.py for tasks to queue
[2026-09-17T20:16:58.834+0000] {logging_mixin.py:190} INFO - [2026-09-17T20:16:58.833+0000] {dagbag.py:588} INFO - Filling up the DagBag from /home/airflow/.local/lib/python3.12/site-packages/airflow/example_dags/example_sla_dag.py
[2026-09-17T20:16:58.849+0000] {processor.py:925} INFO - DAG(s) 'example_sla_dag' retrieved from /home/airflow/.local/lib/python3.12/site-packages/airflow/example_dags/example_sla_dag.py
[2026-09-17T20:16:58.876+0000] {logging_mixin.py:190} INFO - [2026-09-17T20:16:58.876+0000] {dag.py:3239} INFO - Sync 1 DAGs
[2026-09-17T20:16:58.906+0000] {logging_mixin.py:190} INFO - [2026-09-17T20:16:58.906+0000] {dag.py:4180} INFO - Setting next_dagrun for example_sla_dag to 2026-09-17 20:14:00+00:00, run_after=2026-09-17 20:16:00+00:00
[2026-09-17T20:16:58.934+0000] {processor.py:208} INFO - Processing /home/airflow/.local/lib/python3.12/site-packages/airflow/example_dags/example_sla_dag.py took 0.112 seconds
[2026-09-17T20:17:30.131+0000] {processor.py:186} INFO - Started process (PID=1043) to work on /home/airflow/.local/lib/python3.12/site-packages/airflow/example_dags/example_sla_dag.py
[2026-09-17T20:17:30.133+0000] {processor.py:914} INFO - Processing file /home/airflow/.local/lib/python3.12/site-packages/airflow/example_dags/example_sla_dag.py for tasks to queue
[2026-09-17T20:17:30.136+0000] {logging_mixin.py:190} INFO - [2026-09-17T20:17:30.136+0000] {dagbag.py:588} INFO - Filling up the DagBag from /home/airflow/.local/lib/python3.12/site-packages/airflow/example_dags/example_sla_dag.py
[2026-09-17T20:17:30.148+0000] {processor.py:925} INFO - DAG(s) 'example_sla_dag' retrieved from /home/airflow/.local/lib/python3.12/site-packages/airflow/example_dags/example_sla_dag.py
[2026-09-17T20:17:30.173+0000] {logging_mixin.py:190} INFO - [2026-09-17T20:17:30.173+0000] {dag.py:3239} INFO - Sync 1 DAGs
[2026-09-17T20:17:30.201+0000] {logging_mixin.py:190} INFO - [2026-09-17T20:17:30.201+0000] {dag.py:4180} INFO - Setting next_dagrun for example_sla_dag to 2026-09-17 20:14:00+00:00, run_after=2026-09-17 20:16:00+00:00
[2026-09-17T20:17:30.227+0000] {processor.py:208} INFO - Processing /home/airflow/.local/lib/python3.12/site-packages/airflow/example_dags/example_sla_dag.py took 0.101 seconds
[2026-09-17T20:18:00.978+0000] {processor.py:186} INFO - Started process (PID=1108) to work on /home/airflow/.local/lib/python3.12/site-packages/airflow/example_dags/example_sla_dag.py
[2026-09-17T20:18:00.980+0000] {processor.py:914} INFO - Processing file /home/airflow/.local/lib/python3.12/site-packages/airflow/example_dags/example_sla_dag.py for tasks to queue
[2026-09-17T20:18:00.982+0000] {logging_mixin.py:190} INFO - [2026-09-17T20:18:00.982+0000] {dagbag.py:588} INFO - Filling up the DagBag from /home/airflow/.local/lib/python3.12/site-packages/airflow/example_dags/example_sla_dag.py
[2026-09-17T20:18:00.994+0000] {processor.py:925} INFO - DAG(s) 'example_sla_dag' retrieved from /home/airflow/.local/lib/python3.12/site-packages/airflow/example_dags/example_sla_dag.py
[2026-09-17T20:18:01.018+0000] {logging_mixin.py:190} INFO - [2026-09-17T20:18:01.018+0000] {dag.py:3239} INFO - Sync 1 DAGs
[2026-09-17T20:18:01.044+0000] {logging_mixin.py:190} INFO - [2026-09-17T20:18:01.044+0000] {dag.py:4180} INFO - Setting next_dagrun for example_sla_dag to 2026-09-17 20:16:00+00:00, run_after=2026-09-17 20:18:00+00:00
[2026-09-17T20:18:01.067+0000] {processor.py:208} INFO - Processing /home/airflow/.local/lib/python3.12/site-packages/airflow/example_dags/example_sla_dag.py took 0.096 seconds
[2026-09-17T20:18:32.876+0000] {processor.py:186} INFO - Started process (PID=1173) to work on /home/airflow/.local/lib/python3.12/site-packages/airflow/example_dags/example_sla_dag.py
[2026-09-17T20:18:32.878+0000] {processor.py:914} INFO - Processing file /home/airflow/.local/lib/python3.12/site-packages/airflow/example_dags/example_sla_dag.py for tasks to queue
[2026-09-17T20:18:32.881+0000] {logging_mixin.py:190} INFO - [2026-09-17T20:18:32.880+0000] {dagbag.py:588} INFO - Filling up the DagBag from /home/airflow/.local/lib/python3.12/site-packages/airflow/example_dags/example_sla_dag.py
[2026-09-17T20:18:32.896+0000] {processor.py:925} INFO - DAG(s) 'example_sla_dag' retrieved from /home/airflow/.local/lib/python3.12/site-packages/airflow/example_dags/example_sla_dag.py
[2026-09-17T20:18:32.927+0000] {logging_mixin.py:190} INFO - [2026-09-17T20:18:32.926+0000] {dag.py:3239} INFO - Sync 1 DAGs
[2026-09-17T20:18:32.959+0000] {logging_mixin.py:190} INFO - [2026-09-17T20:18:32.959+0000] {dag.py:4180} INFO - Setting next_dagrun for example_sla_dag to 2026-09-17 20:16:00+00:00, run_after=2026-09-17 20:18:00+00:00
[2026-09-17T20:18:32.987+0000] {processor.py:208} INFO - Processing /home/airflow/.local/lib/python3.12/site-packages/airflow/example_dags/example_sla_dag.py took 0.118 seconds
[2026-09-17T20:19:03.787+0000] {processor.py:186} INFO - Started process (PID=1238) to work on /home/airflow/.local/lib/python3.12/site-packages/airflow/example_dags/example_sla_dag.py
[2026-09-17T20:19:03.789+0000] {processor.py:914} INFO - Processing file /home/airflow/.local/lib/python3.12/site-packages/airflow/example_dags/example_sla_dag.py for tasks to queue
[2026-09-17T20:19:03.792+0000] {logging_mixin.py:190} INFO - [2026-09-17T20:19:03.792+0000] {dagbag.py:588} INFO - Filling up the DagBag from /home/airflow/.local/lib/python3.12/site-packages/airflow/example_dags/example_sla_dag.py
[2026-09-17T20:19:03.806+0000] {processor.py:925} INFO - DAG(s) 'example_sla_dag' retrieved from /home/airflow/.local/lib/python3.12/site-packages/airflow/example_dags/example_sla_dag.py
[2026-09-17T20:19:03.837+0000] {logging_mixin.py:190} INFO - [2026-09-17T20:19:03.837+0000] {dag.py:3239} INFO - Sync 1 DAGs
[2026-09-17T20:19:03.866+0000] {logging_mixin.py:190} INFO - [2026-09-17T20:19:03.866+0000] {dag.py:4180} INFO - Setting next_dagrun for example_sla_dag to 2026-09-17 20:16:00+00:00, run_after=2026-09-17 20:18:00+00:00
[2026-09-17T20:19:03.891+0000] {processor.py:208} INFO - Processing /home/airflow/.local/lib/python3.12/site-packages/airflow/example_dags/example_sla_dag.py took 0.112 seconds
[2026-09-17T20:19:35.250+0000] {processor.py:186} INFO - Started process (PID=1296) to work on /home/airflow/.local/lib/python3.12/site-packages/airflow/example_dags/example_sla_dag.py
[2026-09-17T20:19:35.251+0000] {processor.py:914} INFO - Processing file /home/airflow/.local/lib/python3.12/site-packages/airflow/example_dags/example_sla_dag.py for tasks to queue
[2026-09-17T20:19:35.253+0000] {logging_mixin.py:190} INFO - [2026-09-17T20:19:35.253+0000] {dagbag.py:588} INFO - Filling up the DagBag from /home/airflow/.local/lib/python3.12/site-packages/airflow/example_dags/example_sla_dag.py
[2026-09-17T20:19:35.265+0000] {processor.py:925} INFO - DAG(s) 'example_sla_dag' retrieved from /home/airflow/.local/lib/python3.12/site-packages/airflow/example_dags/example_sla_dag.py
[2026-09-17T20:19:35.294+0000] {logging_mixin.py:190} INFO - [2026-09-17T20:19:35.294+0000] {dag.py:3239} INFO - Sync 1 DAGs
[2026-09-17T20:19:35.320+0000] {logging_mixin.py:190} INFO - [2026-09-17T20:19:35.320+0000] {dag.py:4180} INFO - Setting next_dagrun for example_sla_dag to 2026-09-17 20:16:00+00:00, run_after=2026-09-17 20:18:00+00:00
[2026-09-17T20:19:35.342+0000] {processor.py:208} INFO - Processing /home/airflow/.local/lib/python3.12/site-packages/airflow/example_dags/example_sla_dag.py took 0.098 seconds
[2026-09-17T20:20:06.562+0000] {processor.py:186} INFO - Started process (PID=1361) to work on /home/airflow/.local/lib/python3.12/site-packages/airflow/example_dags/example_sla_dag.py
[2026-09-17T20:20:06.564+0000] {processor.py:914} INFO - Processing file /home/airflow/.local/lib/python3.12/site-packages/airflow/example_dags/example_sla_dag.py for tasks to queue
[2026-09-17T20:20:06.566+0000] {logging_mixin.py:190} INFO - [2026-09-17T20:20:06.566+0000] {dagbag.py:588} INFO - Filling up the DagBag from /home/airflow/.local/lib/python3.12/site-packages/airflow/example_dags/example_sla_dag.py
[2026-09-17T20:20:06.575+0000] {processor.py:925} INFO - DAG(s) 'example_sla_dag' retrieved from /home/airflow/.local/lib/python3.12/site-packages/airflow/example_dags/example_sla_dag.py
[2026-09-17T20:20:06.601+0000] {logging_mixin.py:190} INFO - [2026-09-17T20:20:06.601+0000] {dag.py:3239} INFO - Sync 1 DAGs
[2026-09-17T20:20:06.626+0000] {logging_mixin.py:190} INFO - [2026-09-17T20:20:06.626+0000] {dag.py:4180} INFO - Setting next_dagrun for example_sla_dag to 2026-09-17 20:18:00+00:00, run_after=2026-09-17 20:20:00+00:00
[2026-09-17T20:20:06.647+0000] {processor.py:208} INFO - Processing /home/airflow/.local/lib/python3.12/site-packages/airflow/example_dags/example_sla_dag.py took 0.093 seconds
[2026-09-17T20:20:37.990+0000] {processor.py:186} INFO - Started process (PID=1426) to work on /home/airflow/.local/lib/python3.12/site-packages/airflow/example_dags/example_sla_dag.py
[2026-09-17T20:20:37.992+0000] {processor.py:914} INFO - Processing file /home/airflow/.local/lib/python3.12/site-packages/airflow/example_dags/example_sla_dag.py for tasks to queue
[2026-09-17T20:20:37.994+0000] {logging_mixin.py:190} INFO - [2026-09-17T20:20:37.994+0000] {dagbag.py:588} INFO - Filling up the DagBag from /home/airflow/.local/lib/python3.12/site-packages/airflow/example_dags/example_sla_dag.py
[2026-09-17T20:20:38.005+0000] {processor.py:925} INFO - DAG(s) 'example_sla_dag' retrieved from /home/airflow/.local/lib/python3.12/site-packages/airflow/example_dags/example_sla_dag.py
[2026-09-17T20:20:38.032+0000] {logging_mixin.py:190} INFO - [2026-09-17T20:20:38.031+0000] {dag.py:3239} INFO - Sync 1 DAGs
[2026-09-17T20:20:38.059+0000] {logging_mixin.py:190} INFO - [2026-09-17T20:20:38.058+0000] {dag.py:4180} INFO - Setting next_dagrun for example_sla_dag to 2026-09-17 20:18:00+00:00, run_after=2026-09-17 20:20:00+00:00
[2026-09-17T20:20:38.080+0000] {processor.py:208} INFO - Processing /home/airflow/.local/lib/python3.12/site-packages/airflow/example_dags/example_sla_dag.py took 0.095 seconds
[2026-09-17T20:21:08.956+0000] {processor.py:186} INFO - Started process (PID=1491) to work on /home/airflow/.local/lib/python3.12/site-packages/airflow/example_dags/example_sla_dag.py
[2026-09-17T20:21:08.958+0000] {processor.py:914} INFO - Processing file /home/airflow/.local/lib/python3.12/site-packages/airflow/example_dags/example_sla_dag.py for tasks to queue
[2026-09-17T20:21:08.960+0000] {logging_mixin.py:190} INFO - [2026-09-17T20:21:08.960+0000] {dagbag.py:588} INFO - Filling up the DagBag from /home/airflow/.local/lib/python3.12/site-packages/airflow/example_dags/example_sla_dag.py
[2026-09-17T20:21:08.973+0000] {processor.py:925} INFO - DAG(s) 'example_sla_dag' retrieved from /home/airflow/.local/lib/python3.12/site-packages/airflow/example_dags/example_sla_dag.py
[2026-09-17T20:21:09.002+0000] {logging_mixin.py:190} INFO - [2026-09-17T20:21:09.002+0000] {dag.py:3239} INFO - Sync 1 DAGs
[2026-09-17T20:21:09.031+0000] {logging_mixin.py:190} INFO - [2026-09-17T20:21:09.031+0000] {dag.py:4180} INFO - Setting next_dagrun for example_sla_dag to 2026-09-17 20:18:00+00:00, run_after=2026-09-17 20:20:00+00:00
[2026-09-17T20:21:09.056+0000] {processor.py:208} INFO - Processing /home/airflow/.local/lib/python3.12/site-packages/airflow/example_dags/example_sla_dag.py took 0.106 seconds
[2026-09-17T20:21:40.326+0000] {processor.py:186} INFO - Started process (PID=1556) to work on /home/airflow/.local/lib/python3.12/site-packages/airflow/example_dags/example_sla_dag.py
[2026-09-17T20:21:40.328+0000] {processor.py:914} INFO - Processing file /home/airflow/.local/lib/python3.12/site-packages/airflow/example_dags/example_sla_dag.py for tasks to queue
[2026-09-17T20:21:40.331+0000] {logging_mixin.py:190} INFO - [2026-09-17T20:21:40.330+0000] {dagbag.py:588} INFO - Filling up the DagBag from /home/airflow/.local/lib/python3.12/site-packages/airflow/example_dags/example_sla_dag.py
[2026-09-17T20:21:40.348+0000] {processor.py:925} INFO - DAG(s) 'example_sla_dag' retrieved from /home/airflow/.local/lib/python3.12/site-packages/airflow/example_dags/example_sla_dag.py
[2026-09-17T20:21:40.378+0000] {logging_mixin.py:190} INFO - [2026-09-17T20:21:40.378+0000] {dag.py:3239} INFO - Sync 1 DAGs
[2026-09-17T20:21:40.406+0000] {logging_mixin.py:190} INFO - [2026-09-17T20:21:40.406+0000] {dag.py:4180} INFO - Setting next_dagrun for example_sla_dag to 2026-09-17 20:18:00+00:00, run_after=2026-09-17 20:20:00+00:00
[2026-09-17T20:21:40.428+0000] {processor.py:208} INFO - Processing /home/airflow/.local/lib/python3.12/site-packages/airflow/example_dags/example_sla_dag.py took 0.110 seconds
[2026-09-17T20:22:12.051+0000] {processor.py:186} INFO - Started process (PID=1622) to work on /home/airflow/.local/lib/python3.12/site-packages/airflow/example_dags/example_sla_dag.py
[2026-09-17T20:22:12.052+0000] {processor.py:914} INFO - Processing file /home/airflow/.local/lib/python3.12/site-packages/airflow/example_dags/example_sla_dag.py for tasks to queue
[2026-09-17T20:22:12.054+0000] {logging_mixin.py:190} INFO - [2026-09-17T20:22:12.054+0000] {dagbag.py:588} INFO - Filling up the DagBag from /home/airflow/.local/lib/python3.12/site-packages/airflow/example_dags/example_sla_dag.py
[2026-09-17T20:22:12.065+0000] {processor.py:925} INFO - DAG(s) 'example_sla_dag' retrieved from /home/airflow/.local/lib/python3.12/site-packages/airflow/example_dags/example_sla_dag.py
[2026-09-17T20:22:12.090+0000] {logging_mixin.py:190} INFO - [2026-09-17T20:22:12.090+0000] {dag.py:3239} INFO - Sync 1 DAGs
[2026-09-17T20:22:12.115+0000] {logging_mixin.py:190} INFO - [2026-09-17T20:22:12.115+0000] {dag.py:4180} INFO - Setting next_dagrun for example_sla_dag to 2026-09-17 20:20:00+00:00, run_after=2026-09-17 20:22:00+00:00
[2026-09-17T20:22:12.136+0000] {processor.py:208} INFO - Processing /home/airflow/.local/lib/python3.12/site-packages/airflow/example_dags/example_sla_dag.py took 0.091 seconds
[2026-09-17T20:22:43.753+0000] {processor.py:186} INFO - Started process (PID=1687) to work on /home/airflow/.local/lib/python3.12/site-packages/airflow/example_dags/example_sla_dag.py
[2026-09-17T20:22:43.755+0000] {processor.py:914} INFO - Processing file /home/airflow/.local/lib/python3.12/site-packages/airflow/example_dags/example_sla_dag.py for tasks to queue
[2026-09-17T20:22:43.757+0000] {logging_mixin.py:190} INFO - [2026-09-17T20:22:43.757+0000] {dagbag.py:588} INFO - Filling up the DagBag from /home/airflow/.local/lib/python3.12/site-packages/airflow/example_dags/example_sla_dag.py
[2026-09-17T20:22:43.775+0000] {processor.py:925} INFO - DAG(s) 'example_sla_dag' retrieved from /home/airflow/.local/lib/python3.12/site-packages/airflow/example_dags/example_sla_dag.py
[2026-09-17T20:22:43.804+0000] {logging_mixin.py:190} INFO - [2026-09-17T20:22:43.804+0000] {dag.py:3239} INFO - Sync 1 DAGs
[2026-09-17T20:22:43.833+0000] {logging_mixin.py:190} INFO - [2026-09-17T20:22:43.833+0000] {dag.py:4180} INFO - Setting next_dagrun for example_sla_dag to 2026-09-17 20:20:00+00:00, run_after=2026-09-17 20:22:00+00:00
[2026-09-17T20:22:43.855+0000] {processor.py:208} INFO - Processing /home/airflow/.local/lib/python3.12/site-packages/airflow/example_dags/example_sla_dag.py took 0.113 seconds
[2026-09-17T20:23:15.168+0000] {processor.py:186} INFO - Started process (PID=1752) to work on /home/airflow/.local/lib/python3.12/site-packages/airflow/example_dags/example_sla_dag.py
[2026-09-17T20:23:15.170+0000] {processor.py:914} INFO - Processing file /home/airflow/.local/lib/python3.12/site-packages/airflow/example_dags/example_sla_dag.py for tasks to queue
[2026-09-17T20:23:15.173+0000] {logging_mixin.py:190} INFO - [2026-09-17T20:23:15.172+0000] {dagbag.py:588} INFO - Filling up the DagBag from /home/airflow/.local/lib/python3.12/site-packages/airflow/example_dags/example_sla_dag.py
[2026-09-17T20:23:15.185+0000] {processor.py:925} INFO - DAG(s) 'example_sla_dag' retrieved from /home/airflow/.local/lib/python3.12/site-packages/airflow/example_dags/example_sla_dag.py
[2026-09-17T20:23:15.210+0000] {logging_mixin.py:190} INFO - [2026-09-17T20:23:15.210+0000] {dag.py:3239} INFO - Sync 1 DAGs
[2026-09-17T20:23:15.236+0000] {logging_mixin.py:190} INFO - [2026-09-17T20:23:15.235+0000] {dag.py:4180} INFO - Setting next_dagrun for example_sla_dag to 2026-09-17 20:20:00+00:00, run_after=2026-09-17 20:22:00+00:00
[2026-09-17T20:23:15.256+0000] {processor.py:208} INFO - Processing /home/airflow/.local/lib/python3.12/site-packages/airflow/example_dags/example_sla_dag.py took 0.094 seconds
[2026-09-17T20:23:46.610+0000] {processor.py:186} INFO - Started process (PID=1817) to work on /home/airflow/.local/lib/python3.12/site-packages/airflow/example_dags/example_sla_dag.py
[2026-09-17T20:23:46.613+0000] {processor.py:914} INFO - Processing file /home/airflow/.local/lib/python3.12/site-packages/airflow/example_dags/example_sla_dag.py for tasks to queue
[2026-09-17T20:23:46.615+0000] {logging_mixin.py:190} INFO - [2026-09-17T20:23:46.614+0000] {dagbag.py:588} INFO - Filling up the DagBag from /home/airflow/.local/lib/python3.12/site-packages/airflow/example_dags/example_sla_dag.py
[2026-09-17T20:23:46.628+0000] {processor.py:925} INFO - DAG(s) 'example_sla_dag' retrieved from /home/airflow/.local/lib/python3.12/site-packages/airflow/example_dags/example_sla_dag.py
[2026-09-17T20:23:46.652+0000] {logging_mixin.py:190} INFO - [2026-09-17T20:23:46.652+0000] {dag.py:3239} INFO - Sync 1 DAGs
[2026-09-17T20:23:46.676+0000] {logging_mixin.py:190} INFO - [2026-09-17T20:23:46.675+0000] {dag.py:4180} INFO - Setting next_dagrun for example_sla_dag to 2026-09-17 20:20:00+00:00, run_after=2026-09-17 20:22:00+00:00
[2026-09-17T20:23:46.697+0000] {processor.py:208} INFO - Processing /home/airflow/.local/lib/python3.12/site-packages/airflow/example_dags/example_sla_dag.py took 0.092 seconds
[2026-09-17T20:24:18.068+0000] {processor.py:186} INFO - Started process (PID=1882) to work on /home/airflow/.local/lib/python3.12/site-packages/airflow/example_dags/example_sla_dag.py
[2026-09-17T20:24:18.070+0000] {processor.py:914} INFO - Processing file /home/airflow/.local/lib/python3.12/site-packages/airflow/example_dags/example_sla_dag.py for tasks to queue
[2026-09-17T20:24:18.073+0000] {logging_mixin.py:190} INFO - [2026-09-17T20:24:18.072+0000] {dagbag.py:588} INFO - Filling up the DagBag from /home/airflow/.local/lib/python3.12/site-packages/airflow/example_dags/example_sla_dag.py
[2026-09-17T20:24:18.084+0000] {processor.py:925} INFO - DAG(s) 'example_sla_dag' retrieved from /home/airflow/.local/lib/python3.12/site-packages/airflow/example_dags/example_sla_dag.py
[2026-09-17T20:24:18.113+0000] {logging_mixin.py:190} INFO - [2026-09-17T20:24:18.112+0000] {dag.py:3239} INFO - Sync 1 DAGs
[2026-09-17T20:24:18.142+0000] {logging_mixin.py:190} INFO - [2026-09-17T20:24:18.142+0000] {dag.py:4180} INFO - Setting next_dagrun for example_sla_dag to 2026-09-17 20:22:00+00:00, run_after=2026-09-17 20:24:00+00:00
[2026-09-17T20:24:18.167+0000] {processor.py:208} INFO - Processing /home/airflow/.local/lib/python3.12/site-packages/airflow/example_dags/example_sla_dag.py took 0.105 seconds
[2026-09-17T20:24:49.655+0000] {processor.py:186} INFO - Started process (PID=1947) to work on /home/airflow/.local/lib/python3.12/site-packages/airflow/example_dags/example_sla_dag.py
[2026-09-17T20:24:49.657+0000] {processor.py:914} INFO - Processing file /home/airflow/.local/lib/python3.12/site-packages/airflow/example_dags/example_sla_dag.py for tasks to queue
[2026-09-17T20:24:49.660+0000] {logging_mixin.py:190} INFO - [2026-09-17T20:24:49.659+0000] {dagbag.py:588} INFO - Filling up the DagBag from /home/airflow/.local/lib/python3.12/site-packages/airflow/example_dags/example_sla_dag.py
[2026-09-17T20:24:49.674+0000] {processor.py:925} INFO - DAG(s) 'example_sla_dag' retrieved from /home/airflow/.local/lib/python3.12/site-packages/airflow/example_dags/example_sla_dag.py
[2026-09-17T20:24:49.706+0000] {logging_mixin.py:190} INFO - [2026-09-17T20:24:49.706+0000] {dag.py:3239} INFO - Sync 1 DAGs
[2026-09-17T20:24:49.739+0000] {logging_mixin.py:190} INFO - [2026-09-17T20:24:49.739+0000] {dag.py:4180} INFO - Setting next_dagrun for example_sla_dag to 2026-09-17 20:22:00+00:00, run_after=2026-09-17 20:24:00+00:00
[2026-09-17T20:24:49.764+0000] {processor.py:208} INFO - Processing /home/airflow/.local/lib/python3.12/site-packages/airflow/example_dags/example_sla_dag.py took 0.116 seconds
[2026-09-17T20:25:20.967+0000] {processor.py:186} INFO - Started process (PID=2012) to work on /home/airflow/.local/lib/python3.12/site-packages/airflow/example_dags/example_sla_dag.py
[2026-09-17T20:25:20.969+0000] {processor.py:914} INFO - Processing file /home/airflow/.local/lib/python3.12/site-packages/airflow/example_dags/example_sla_dag.py for tasks to queue
[2026-09-17T20:25:20.971+0000] {logging_mixin.py:190} INFO - [2026-09-17T20:25:20.971+0000] {dagbag.py:588} INFO - Filling up the DagBag from /home/airflow/.local/lib/python3.12/site-packages/airflow/example_dags/example_sla_dag.py
[2026-09-17T20:25:20.985+0000] {processor.py:925} INFO - DAG(s) 'example_sla_dag' retrieved from /home/airflow/.local/lib/python3.12/site-packages/airflow/example_dags/example_sla_dag.py
[2026-09-17T20:25:21.012+0000] {logging_mixin.py:190} INFO - [2026-09-17T20:25:21.011+0000] {dag.py:3239} INFO - Sync 1 DAGs
[2026-09-17T20:25:21.038+0000] {logging_mixin.py:190} INFO - [2026-09-17T20:25:21.038+0000] {dag.py:4180} INFO - Setting next_dagrun for example_sla_dag to 2026-09-17 20:22:00+00:00, run_after=2026-09-17 20:24:00+00:00
[2026-09-17T20:25:21.060+0000] {processor.py:208} INFO - Processing /home/airflow/.local/lib/python3.12/site-packages/airflow/example_dags/example_sla_dag.py took 0.099 seconds
[2026-09-17T20:25:52.965+0000] {processor.py:186} INFO - Started process (PID=2077) to work on /home/airflow/.local/lib/python3.12/site-packages/airflow/example_dags/example_sla_dag.py
[2026-09-17T20:25:52.967+0000] {processor.py:914} INFO - Processing file /home/airflow/.local/lib/python3.12/site-packages/airflow/example_dags/example_sla_dag.py for tasks to queue
[2026-09-17T20:25:52.971+0000] {logging_mixin.py:190} INFO - [2026-09-17T20:25:52.970+0000] {dagbag.py:588} INFO - Filling up the DagBag from /home/airflow/.local/lib/python3.12/site-packages/airflow/example_dags/example_sla_dag.py
[2026-09-17T20:25:52.993+0000] {processor.py:925} INFO - DAG(s) 'example_sla_dag' retrieved from /home/airflow/.local/lib/python3.12/site-packages/airflow/example_dags/example_sla_dag.py
[2026-09-17T20:25:53.025+0000] {logging_mixin.py:190} INFO - [2026-09-17T20:25:53.025+0000] {dag.py:3239} INFO - Sync 1 DAGs
[2026-09-17T20:25:53.056+0000] {logging_mixin.py:190} INFO - [2026-09-17T20:25:53.056+0000] {dag.py:4180} INFO - Setting next_dagrun for example_sla_dag to 2026-09-17 20:22:00+00:00, run_after=2026-09-17 20:24:00+00:00
[2026-09-17T20:25:53.081+0000] {processor.py:208} INFO - Processing /home/airflow/.local/lib/python3.12/site-packages/airflow/example_dags/example_sla_dag.py took 0.129 seconds
[2026-09-17T20:26:24.330+0000] {processor.py:186} INFO - Started process (PID=2145) to work on /home/airflow/.local/lib/python3.12/site-packages/airflow/example_dags/example_sla_dag.py
[2026-09-17T20:26:24.331+0000] {processor.py:914} INFO - Processing file /home/airflow/.local/lib/python3.12/site-packages/airflow/example_dags/example_sla_dag.py for tasks to queue
[2026-09-17T20:26:24.334+0000] {logging_mixin.py:190} INFO - [2026-09-17T20:26:24.333+0000] {dagbag.py:588} INFO - Filling up the DagBag from /home/airflow/.local/lib/python3.12/site-packages/airflow/example_dags/example_sla_dag.py
[2026-09-17T20:26:24.346+0000] {processor.py:925} INFO - DAG(s) 'example_sla_dag' retrieved from /home/airflow/.local/lib/python3.12/site-packages/airflow/example_dags/example_sla_dag.py
[2026-09-17T20:26:24.371+0000] {logging_mixin.py:190} INFO - [2026-09-17T20:26:24.371+0000] {dag.py:3239} INFO - Sync 1 DAGs
[2026-09-17T20:26:24.398+0000] {logging_mixin.py:190} INFO - [2026-09-17T20:26:24.398+0000] {dag.py:4180} INFO - Setting next_dagrun for example_sla_dag to 2026-09-17 20:24:00+00:00, run_after=2026-09-17 20:26:00+00:00
[2026-09-17T20:26:24.422+0000] {processor.py:208} INFO - Processing /home/airflow/.local/lib/python3.12/site-packages/airflow/example_dags/example_sla_dag.py took 0.099 seconds
[2026-09-17T20:26:55.325+0000] {processor.py:186} INFO - Started process (PID=2210) to work on /home/airflow/.local/lib/python3.12/site-packages/airflow/example_dags/example_sla_dag.py
[2026-09-17T20:26:55.327+0000] {processor.py:914} INFO - Processing file /home/airflow/.local/lib/python3.12/site-packages/airflow/example_dags/example_sla_dag.py for tasks to queue
[2026-09-17T20:26:55.329+0000] {logging_mixin.py:190} INFO - [2026-09-17T20:26:55.329+0000] {dagbag.py:588} INFO - Filling up the DagBag from /home/airflow/.local/lib/python3.12/site-packages/airflow/example_dags/example_sla_dag.py
[2026-09-17T20:26:55.344+0000] {processor.py:925} INFO - DAG(s) 'example_sla_dag' retrieved from /home/airflow/.local/lib/python3.12/site-packages/airflow/example_dags/example_sla_dag.py
[2026-09-17T20:26:55.376+0000] {logging_mixin.py:190} INFO - [2026-09-17T20:26:55.375+0000] {dag.py:3239} INFO - Sync 1 DAGs
[2026-09-17T20:26:55.407+0000] {logging_mixin.py:190} INFO - [2026-09-17T20:26:55.407+0000] {dag.py:4180} INFO - Setting next_dagrun for example_sla_dag to 2026-09-17 20:24:00+00:00, run_after=2026-09-17 20:26:00+00:00
[2026-09-17T20:26:55.432+0000] {processor.py:208} INFO - Processing /home/airflow/.local/lib/python3.12/site-packages/airflow/example_dags/example_sla_dag.py took 0.114 seconds
[2026-09-17T20:28:36.619+0000] {processor.py:186} INFO - Started process (PID=77) to work on /home/airflow/.local/lib/python3.12/site-packages/airflow/example_dags/example_sla_dag.py
[2026-09-17T20:28:36.621+0000] {processor.py:914} INFO - Processing file /home/airflow/.local/lib/python3.12/site-packages/airflow/example_dags/example_sla_dag.py for tasks to queue
[2026-09-17T20:28:36.623+0000] {logging_mixin.py:190} INFO - [2026-09-17T20:28:36.623+0000] {dagbag.py:588} INFO - Filling up the DagBag from /home/airflow/.local/lib/python3.12/site-packages/airflow/example_dags/example_sla_dag.py
[2026-09-17T20:28:36.638+0000] {processor.py:925} INFO - DAG(s) 'example_sla_dag' retrieved from /home/airflow/.local/lib/python3.12/site-packages/airflow/example_dags/example_sla_dag.py
[2026-09-17T20:28:36.664+0000] {logging_mixin.py:190} INFO - [2026-09-17T20:28:36.664+0000] {dag.py:3239} INFO - Sync 1 DAGs
[2026-09-17T20:28:36.694+0000] {logging_mixin.py:190} INFO - [2026-09-17T20:28:36.694+0000] {dag.py:4180} INFO - Setting next_dagrun for example_sla_dag to 2026-09-17 20:26:00+00:00, run_after=2026-09-17 20:28:00+00:00
[2026-09-17T20:28:36.719+0000] {processor.py:208} INFO - Processing /home/airflow/.local/lib/python3.12/site-packages/airflow/example_dags/example_sla_dag.py took 0.107 seconds
[2026-09-17T20:29:07.058+0000] {processor.py:186} INFO - Started process (PID=142) to work on /home/airflow/.local/lib/python3.12/site-packages/airflow/example_dags/example_sla_dag.py
[2026-09-17T20:29:07.060+0000] {processor.py:914} INFO - Processing file /home/airflow/.local/lib/python3.12/site-packages/airflow/example_dags/example_sla_dag.py for tasks to queue
[2026-09-17T20:29:07.063+0000] {logging_mixin.py:190} INFO - [2026-09-17T20:29:07.062+0000] {dagbag.py:588} INFO - Filling up the DagBag from /home/airflow/.local/lib/python3.12/site-packages/airflow/example_dags/example_sla_dag.py
[2026-09-17T20:29:07.075+0000] {processor.py:925} INFO - DAG(s) 'example_sla_dag' retrieved from /home/airflow/.local/lib/python3.12/site-packages/airflow/example_dags/example_sla_dag.py
[2026-09-17T20:29:07.107+0000] {logging_mixin.py:190} INFO - [2026-09-17T20:29:07.106+0000] {dag.py:3239} INFO - Sync 1 DAGs
[2026-09-17T20:29:07.136+0000] {logging_mixin.py:190} INFO - [2026-09-17T20:29:07.135+0000] {dag.py:4180} INFO - Setting next_dagrun for example_sla_dag to 2026-09-17 20:26:00+00:00, run_after=2026-09-17 20:28:00+00:00
[2026-09-17T20:29:07.166+0000] {processor.py:208} INFO - Processing /home/airflow/.local/lib/python3.12/site-packages/airflow/example_dags/example_sla_dag.py took 0.115 seconds
[2026-09-17T20:29:38.507+0000] {processor.py:186} INFO - Started process (PID=205) to work on /home/airflow/.local/lib/python3.12/site-packages/airflow/example_dags/example_sla_dag.py
[2026-09-17T20:29:38.510+0000] {processor.py:914} INFO - Processing file /home/airflow/.local/lib/python3.12/site-packages/airflow/example_dags/example_sla_dag.py for tasks to queue
[2026-09-17T20:29:38.514+0000] {logging_mixin.py:190} INFO - [2026-09-17T20:29:38.513+0000] {dagbag.py:588} INFO - Filling up the DagBag from /home/airflow/.local/lib/python3.12/site-packages/airflow/example_dags/example_sla_dag.py
[2026-09-17T20:29:38.536+0000] {processor.py:925} INFO - DAG(s) 'example_sla_dag' retrieved from /home/airflow/.local/lib/python3.12/site-packages/airflow/example_dags/example_sla_dag.py
[2026-09-17T20:29:38.571+0000] {logging_mixin.py:190} INFO - [2026-09-17T20:29:38.570+0000] {dag.py:3239} INFO - Sync 1 DAGs
[2026-09-17T20:29:38.605+0000] {logging_mixin.py:190} INFO - [2026-09-17T20:29:38.605+0000] {dag.py:4180} INFO - Setting next_dagrun for example_sla_dag to 2026-09-17 20:26:00+00:00, run_after=2026-09-17 20:28:00+00:00
[2026-09-17T20:29:38.635+0000] {processor.py:208} INFO - Processing /home/airflow/.local/lib/python3.12/site-packages/airflow/example_dags/example_sla_dag.py took 0.137 seconds
[2026-09-17T20:30:09.487+0000] {processor.py:186} INFO - Started process (PID=263) to work on /home/airflow/.local/lib/python3.12/site-packages/airflow/example_dags/example_sla_dag.py
[2026-09-17T20:30:09.489+0000] {processor.py:914} INFO - Processing file /home/airflow/.local/lib/python3.12/site-packages/airflow/example_dags/example_sla_dag.py for tasks to queue
[2026-09-17T20:30:09.492+0000] {logging_mixin.py:190} INFO - [2026-09-17T20:30:09.491+0000] {dagbag.py:588} INFO - Filling up the DagBag from /home/airflow/.local/lib/python3.12/site-packages/airflow/example_dags/example_sla_dag.py
[2026-09-17T20:30:09.505+0000] {processor.py:925} INFO - DAG(s) 'example_sla_dag' retrieved from /home/airflow/.local/lib/python3.12/site-packages/airflow/example_dags/example_sla_dag.py
[2026-09-17T20:30:09.530+0000] {logging_mixin.py:190} INFO - [2026-09-17T20:30:09.530+0000] {dag.py:3239} INFO - Sync 1 DAGs
[2026-09-17T20:30:09.556+0000] {logging_mixin.py:190} INFO - [2026-09-17T20:30:09.556+0000] {dag.py:4180} INFO - Setting next_dagrun for example_sla_dag to 2026-09-17 20:28:00+00:00, run_after=2026-09-17 20:30:00+00:00
[2026-09-17T20:30:09.581+0000] {processor.py:208} INFO - Processing /home/airflow/.local/lib/python3.12/site-packages/airflow/example_dags/example_sla_dag.py took 0.100 seconds
[2026-09-17T20:30:40.616+0000] {processor.py:186} INFO - Started process (PID=328) to work on /home/airflow/.local/lib/python3.12/site-packages/airflow/example_dags/example_sla_dag.py
[2026-09-17T20:30:40.618+0000] {processor.py:914} INFO - Processing file /home/airflow/.local/lib/python3.12/site-packages/airflow/example_dags/example_sla_dag.py for tasks to queue
[2026-09-17T20:30:40.621+0000] {logging_mixin.py:190} INFO - [2026-09-17T20:30:40.620+0000] {dagbag.py:588} INFO - Filling up the DagBag from /home/airflow/.local/lib/python3.12/site-packages/airflow/example_dags/example_sla_dag.py
[2026-09-17T20:30:40.634+0000] {processor.py:925} INFO - DAG(s) 'example_sla_dag' retrieved from /home/airflow/.local/lib/python3.12/site-packages/airflow/example_dags/example_sla_dag.py
[2026-09-17T20:30:40.665+0000] {logging_mixin.py:190} INFO - [2026-09-17T20:30:40.665+0000] {dag.py:3239} INFO - Sync 1 DAGs
[2026-09-17T20:30:40.693+0000] {logging_mixin.py:190} INFO - [2026-09-17T20:30:40.693+0000] {dag.py:4180} INFO - Setting next_dagrun for example_sla_dag to 2026-09-17 20:28:00+00:00, run_after=2026-09-17 20:30:00+00:00
[2026-09-17T20:30:40.714+0000] {processor.py:208} INFO - Processing /home/airflow/.local/lib/python3.12/site-packages/airflow/example_dags/example_sla_dag.py took 0.104 seconds
[2026-09-17T20:31:11.121+0000] {processor.py:186} INFO - Started process (PID=393) to work on /home/airflow/.local/lib/python3.12/site-packages/airflow/example_dags/example_sla_dag.py
[2026-09-17T20:31:11.122+0000] {processor.py:914} INFO - Processing file /home/airflow/.local/lib/python3.12/site-packages/airflow/example_dags/example_sla_dag.py for tasks to queue
[2026-09-17T20:31:11.125+0000] {logging_mixin.py:190} INFO - [2026-09-17T20:31:11.125+0000] {dagbag.py:588} INFO - Filling up the DagBag from /home/airflow/.local/lib/python3.12/site-packages/airflow/example_dags/example_sla_dag.py
[2026-09-17T20:31:11.137+0000] {processor.py:925} INFO - DAG(s) 'example_sla_dag' retrieved from /home/airflow/.local/lib/python3.12/site-packages/airflow/example_dags/example_sla_dag.py
[2026-09-17T20:31:11.161+0000] {logging_mixin.py:190} INFO - [2026-09-17T20:31:11.160+0000] {dag.py:3239} INFO - Sync 1 DAGs
[2026-09-17T20:31:11.186+0000] {logging_mixin.py:190} INFO - [2026-09-17T20:31:11.186+0000] {dag.py:4180} INFO - Setting next_dagrun for example_sla_dag to 2026-09-17 20:28:00+00:00, run_after=2026-09-17 20:30:00+00:00
[2026-09-17T20:31:11.208+0000] {processor.py:208} INFO - Processing /home/airflow/.local/lib/python3.12/site-packages/airflow/example_dags/example_sla_dag.py took 0.093 seconds
[2026-09-17T20:31:42.734+0000] {processor.py:186} INFO - Started process (PID=458) to work on /home/airflow/.local/lib/python3.12/site-packages/airflow/example_dags/example_sla_dag.py
[2026-09-17T20:31:42.738+0000] {processor.py:914} INFO - Processing file /home/airflow/.local/lib/python3.12/site-packages/airflow/example_dags/example_sla_dag.py for tasks to queue
[2026-09-17T20:31:42.740+0000] {logging_mixin.py:190} INFO - [2026-09-17T20:31:42.740+0000] {dagbag.py:588} INFO - Filling up the DagBag from /home/airflow/.local/lib/python3.12/site-packages/airflow/example_dags/example_sla_dag.py
[2026-09-17T20:31:42.759+0000] {processor.py:925} INFO - DAG(s) 'example_sla_dag' retrieved from /home/airflow/.local/lib/python3.12/site-packages/airflow/example_dags/example_sla_dag.py
[2026-09-17T20:31:42.797+0000] {logging_mixin.py:190} INFO - [2026-09-17T20:31:42.796+0000] {dag.py:3239} INFO - Sync 1 DAGs
[2026-09-17T20:31:42.837+0000] {logging_mixin.py:190} INFO - [2026-09-17T20:31:42.836+0000] {dag.py:4180} INFO - Setting next_dagrun for example_sla_dag to 2026-09-17 20:28:00+00:00, run_after=2026-09-17 20:30:00+00:00
[2026-09-17T20:31:42.859+0000] {processor.py:208} INFO - Processing /home/airflow/.local/lib/python3.12/site-packages/airflow/example_dags/example_sla_dag.py took 0.138 seconds
[2026-09-17T20:32:19.683+0000] {processor.py:186} INFO - Started process (PID=524) to work on /home/airflow/.local/lib/python3.12/site-packages/airflow/example_dags/example_sla_dag.py
[2026-09-17T20:32:19.685+0000] {processor.py:914} INFO - Processing file /home/airflow/.local/lib/python3.12/site-packages/airflow/example_dags/example_sla_dag.py for tasks to queue
[2026-09-17T20:32:19.688+0000] {logging_mixin.py:190} INFO - [2026-09-17T20:32:19.687+0000] {dagbag.py:588} INFO - Filling up the DagBag from /home/airflow/.local/lib/python3.12/site-packages/airflow/example_dags/example_sla_dag.py
[2026-09-17T20:32:19.705+0000] {processor.py:925} INFO - DAG(s) 'example_sla_dag' retrieved from /home/airflow/.local/lib/python3.12/site-packages/airflow/example_dags/example_sla_dag.py
[2026-09-17T20:32:19.737+0000] {logging_mixin.py:190} INFO - [2026-09-17T20:32:19.736+0000] {dag.py:3239} INFO - Sync 1 DAGs
[2026-09-17T20:32:19.769+0000] {logging_mixin.py:190} INFO - [2026-09-17T20:32:19.769+0000] {dag.py:4180} INFO - Setting next_dagrun for example_sla_dag to 2026-09-17 20:30:00+00:00, run_after=2026-09-17 20:32:00+00:00
[2026-09-17T20:32:19.796+0000] {processor.py:208} INFO - Processing /home/airflow/.local/lib/python3.12/site-packages/airflow/example_dags/example_sla_dag.py took 0.119 seconds
[2026-09-17T20:32:50.299+0000] {processor.py:186} INFO - Started process (PID=589) to work on /home/airflow/.local/lib/python3.12/site-packages/airflow/example_dags/example_sla_dag.py
[2026-09-17T20:32:50.301+0000] {processor.py:914} INFO - Processing file /home/airflow/.local/lib/python3.12/site-packages/airflow/example_dags/example_sla_dag.py for tasks to queue
[2026-09-17T20:32:50.302+0000] {logging_mixin.py:190} INFO - [2026-09-17T20:32:50.302+0000] {dagbag.py:588} INFO - Filling up the DagBag from /home/airflow/.local/lib/python3.12/site-packages/airflow/example_dags/example_sla_dag.py
[2026-09-17T20:32:50.314+0000] {processor.py:925} INFO - DAG(s) 'example_sla_dag' retrieved from /home/airflow/.local/lib/python3.12/site-packages/airflow/example_dags/example_sla_dag.py
[2026-09-17T20:32:50.344+0000] {logging_mixin.py:190} INFO - [2026-09-17T20:32:50.343+0000] {dag.py:3239} INFO - Sync 1 DAGs
[2026-09-17T20:32:50.370+0000] {logging_mixin.py:190} INFO - [2026-09-17T20:32:50.369+0000] {dag.py:4180} INFO - Setting next_dagrun for example_sla_dag to 2026-09-17 20:30:00+00:00, run_after=2026-09-17 20:32:00+00:00
[2026-09-17T20:32:50.392+0000] {processor.py:208} INFO - Processing /home/airflow/.local/lib/python3.12/site-packages/airflow/example_dags/example_sla_dag.py took 0.099 seconds
[2026-09-17T20:33:20.732+0000] {processor.py:186} INFO - Started process (PID=653) to work on /home/airflow/.local/lib/python3.12/site-packages/airflow/example_dags/example_sla_dag.py
[2026-09-17T20:33:20.734+0000] {processor.py:914} INFO - Processing file /home/airflow/.local/lib/python3.12/site-packages/airflow/example_dags/example_sla_dag.py for tasks to queue
[2026-09-17T20:33:20.736+0000] {logging_mixin.py:190} INFO - [2026-09-17T20:33:20.736+0000] {dagbag.py:588} INFO - Filling up the DagBag from /home/airflow/.local/lib/python3.12/site-packages/airflow/example_dags/example_sla_dag.py
[2026-09-17T20:33:20.747+0000] {processor.py:925} INFO - DAG(s) 'example_sla_dag' retrieved from /home/airflow/.local/lib/python3.12/site-packages/airflow/example_dags/example_sla_dag.py
[2026-09-17T20:33:20.774+0000] {logging_mixin.py:190} INFO - [2026-09-17T20:33:20.773+0000] {dag.py:3239} INFO - Sync 1 DAGs
[2026-09-17T20:33:20.798+0000] {logging_mixin.py:190} INFO - [2026-09-17T20:33:20.798+0000] {dag.py:4180} INFO - Setting next_dagrun for example_sla_dag to 2026-09-17 20:30:00+00:00, run_after=2026-09-17 20:32:00+00:00
[2026-09-17T20:33:20.820+0000] {processor.py:208} INFO - Processing /home/airflow/.local/lib/python3.12/site-packages/airflow/example_dags/example_sla_dag.py took 0.095 seconds
[2026-09-17T20:33:50.930+0000] {processor.py:186} INFO - Started process (PID=717) to work on /home/airflow/.local/lib/python3.12/site-packages/airflow/example_dags/example_sla_dag.py
[2026-09-17T20:33:50.933+0000] {processor.py:914} INFO - Processing file /home/airflow/.local/lib/python3.12/site-packages/airflow/example_dags/example_sla_dag.py for tasks to queue
[2026-09-17T20:33:50.936+0000] {logging_mixin.py:190} INFO - [2026-09-17T20:33:50.935+0000] {dagbag.py:588} INFO - Filling up the DagBag from /home/airflow/.local/lib/python3.12/site-packages/airflow/example_dags/example_sla_dag.py
[2026-09-17T20:33:50.955+0000] {processor.py:925} INFO - DAG(s) 'example_sla_dag' retrieved from /home/airflow/.local/lib/python3.12/site-packages/airflow/example_dags/example_sla_dag.py
[2026-09-17T20:33:50.998+0000] {logging_mixin.py:190} INFO - [2026-09-17T20:33:50.998+0000] {dag.py:3239} INFO - Sync 1 DAGs
[2026-09-17T20:33:51.049+0000] {logging_mixin.py:190} INFO - [2026-09-17T20:33:51.048+0000] {dag.py:4180} INFO - Setting next_dagrun for example_sla_dag to 2026-09-17 20:30:00+00:00, run_after=2026-09-17 20:32:00+00:00
[2026-09-17T20:33:51.082+0000] {processor.py:208} INFO - Processing /home/airflow/.local/lib/python3.12/site-packages/airflow/example_dags/example_sla_dag.py took 0.161 seconds
[2026-09-17T20:34:21.293+0000] {processor.py:186} INFO - Started process (PID=782) to work on /home/airflow/.local/lib/python3.12/site-packages/airflow/example_dags/example_sla_dag.py
[2026-09-17T20:34:21.295+0000] {processor.py:914} INFO - Processing file /home/airflow/.local/lib/python3.12/site-packages/airflow/example_dags/example_sla_dag.py for tasks to queue
[2026-09-17T20:34:21.297+0000] {logging_mixin.py:190} INFO - [2026-09-17T20:34:21.297+0000] {dagbag.py:588} INFO - Filling up the DagBag from /home/airflow/.local/lib/python3.12/site-packages/airflow/example_dags/example_sla_dag.py
[2026-09-17T20:34:21.310+0000] {processor.py:925} INFO - DAG(s) 'example_sla_dag' retrieved from /home/airflow/.local/lib/python3.12/site-packages/airflow/example_dags/example_sla_dag.py
[2026-09-17T20:34:21.339+0000] {logging_mixin.py:190} INFO - [2026-09-17T20:34:21.339+0000] {dag.py:3239} INFO - Sync 1 DAGs
[2026-09-17T20:34:21.370+0000] {logging_mixin.py:190} INFO - [2026-09-17T20:34:21.369+0000] {dag.py:4180} INFO - Setting next_dagrun for example_sla_dag to 2026-09-17 20:32:00+00:00, run_after=2026-09-17 20:34:00+00:00
[2026-09-17T20:34:21.395+0000] {processor.py:208} INFO - Processing /home/airflow/.local/lib/python3.12/site-packages/airflow/example_dags/example_sla_dag.py took 0.108 seconds
[2026-09-17T20:34:51.604+0000] {processor.py:186} INFO - Started process (PID=847) to work on /home/airflow/.local/lib/python3.12/site-packages/airflow/example_dags/example_sla_dag.py
[2026-09-17T20:34:51.606+0000] {processor.py:914} INFO - Processing file /home/airflow/.local/lib/python3.12/site-packages/airflow/example_dags/example_sla_dag.py for tasks to queue
[2026-09-17T20:34:51.609+0000] {logging_mixin.py:190} INFO - [2026-09-17T20:34:51.608+0000] {dagbag.py:588} INFO - Filling up the DagBag from /home/airflow/.local/lib/python3.12/site-packages/airflow/example_dags/example_sla_dag.py
[2026-09-17T20:34:51.623+0000] {processor.py:925} INFO - DAG(s) 'example_sla_dag' retrieved from /home/airflow/.local/lib/python3.12/site-packages/airflow/example_dags/example_sla_dag.py
[2026-09-17T20:34:51.664+0000] {logging_mixin.py:190} INFO - [2026-09-17T20:34:51.663+0000] {dag.py:3239} INFO - Sync 1 DAGs
[2026-09-17T20:34:51.711+0000] {logging_mixin.py:190} INFO - [2026-09-17T20:34:51.710+0000] {dag.py:4180} INFO - Setting next_dagrun for example_sla_dag to 2026-09-17 20:32:00+00:00, run_after=2026-09-17 20:34:00+00:00
[2026-09-17T20:34:51.745+0000] {processor.py:208} INFO - Processing /home/airflow/.local/lib/python3.12/site-packages/airflow/example_dags/example_sla_dag.py took 0.149 seconds
[2026-09-17T20:35:21.813+0000] {processor.py:186} INFO - Started process (PID=911) to work on /home/airflow/.local/lib/python3.12/site-packages/airflow/example_dags/example_sla_dag.py
[2026-09-17T20:35:21.815+0000] {processor.py:914} INFO - Processing file /home/airflow/.local/lib/python3.12/site-packages/airflow/example_dags/example_sla_dag.py for tasks to queue
[2026-09-17T20:35:21.817+0000] {logging_mixin.py:190} INFO - [2026-09-17T20:35:21.817+0000] {dagbag.py:588} INFO - Filling up the DagBag from /home/airflow/.local/lib/python3.12/site-packages/airflow/example_dags/example_sla_dag.py
[2026-09-17T20:35:21.829+0000] {processor.py:925} INFO - DAG(s) 'example_sla_dag' retrieved from /home/airflow/.local/lib/python3.12/site-packages/airflow/example_dags/example_sla_dag.py
[2026-09-17T20:35:21.859+0000] {logging_mixin.py:190} INFO - [2026-09-17T20:35:21.859+0000] {dag.py:3239} INFO - Sync 1 DAGs
[2026-09-17T20:35:21.890+0000] {logging_mixin.py:190} INFO - [2026-09-17T20:35:21.890+0000] {dag.py:4180} INFO - Setting next_dagrun for example_sla_dag to 2026-09-17 20:32:00+00:00, run_after=2026-09-17 20:34:00+00:00
[2026-09-17T20:35:21.915+0000] {processor.py:208} INFO - Processing /home/airflow/.local/lib/python3.12/site-packages/airflow/example_dags/example_sla_dag.py took 0.109 seconds
[2026-09-17T20:35:52.256+0000] {processor.py:186} INFO - Started process (PID=975) to work on /home/airflow/.local/lib/python3.12/site-packages/airflow/example_dags/example_sla_dag.py
[2026-09-17T20:35:52.258+0000] {processor.py:914} INFO - Processing file /home/airflow/.local/lib/python3.12/site-packages/airflow/example_dags/example_sla_dag.py for tasks to queue
[2026-09-17T20:35:52.260+0000] {logging_mixin.py:190} INFO - [2026-09-17T20:35:52.259+0000] {dagbag.py:588} INFO - Filling up the DagBag from /home/airflow/.local/lib/python3.12/site-packages/airflow/example_dags/example_sla_dag.py
[2026-09-17T20:35:52.272+0000] {processor.py:925} INFO - DAG(s) 'example_sla_dag' retrieved from /home/airflow/.local/lib/python3.12/site-packages/airflow/example_dags/example_sla_dag.py
[2026-09-17T20:35:52.305+0000] {logging_mixin.py:190} INFO - [2026-09-17T20:35:52.304+0000] {dag.py:3239} INFO - Sync 1 DAGs
[2026-09-17T20:35:52.337+0000] {logging_mixin.py:190} INFO - [2026-09-17T20:35:52.337+0000] {dag.py:4180} INFO - Setting next_dagrun for example_sla_dag to 2026-09-17 20:32:00+00:00, run_after=2026-09-17 20:34:00+00:00
[2026-09-17T20:35:52.364+0000] {processor.py:208} INFO - Processing /home/airflow/.local/lib/python3.12/site-packages/airflow/example_dags/example_sla_dag.py took 0.116 seconds
[2026-09-17T20:36:22.618+0000] {processor.py:186} INFO - Started process (PID=1033) to work on /home/airflow/.local/lib/python3.12/site-packages/airflow/example_dags/example_sla_dag.py
[2026-09-17T20:36:22.619+0000] {processor.py:914} INFO - Processing file /home/airflow/.local/lib/python3.12/site-packages/airflow/example_dags/example_sla_dag.py for tasks to queue
[2026-09-17T20:36:22.622+0000] {logging_mixin.py:190} INFO - [2026-09-17T20:36:22.621+0000] {dagbag.py:588} INFO - Filling up the DagBag from /home/airflow/.local/lib/python3.12/site-packages/airflow/example_dags/example_sla_dag.py
[2026-09-17T20:36:22.635+0000] {processor.py:925} INFO - DAG(s) 'example_sla_dag' retrieved from /home/airflow/.local/lib/python3.12/site-packages/airflow/example_dags/example_sla_dag.py
[2026-09-17T20:36:22.665+0000] {logging_mixin.py:190} INFO - [2026-09-17T20:36:22.665+0000] {dag.py:3239} INFO - Sync 1 DAGs
[2026-09-17T20:36:22.694+0000] {logging_mixin.py:190} INFO - [2026-09-17T20:36:22.694+0000] {dag.py:4180} INFO - Setting next_dagrun for example_sla_dag to 2026-09-17 20:34:00+00:00, run_after=2026-09-17 20:36:00+00:00
[2026-09-17T20:36:22.716+0000] {processor.py:208} INFO - Processing /home/airflow/.local/lib/python3.12/site-packages/airflow/example_dags/example_sla_dag.py took 0.105 seconds
[2026-09-17T20:36:52.808+0000] {processor.py:186} INFO - Started process (PID=1098) to work on /home/airflow/.local/lib/python3.12/site-packages/airflow/example_dags/example_sla_dag.py
[2026-09-17T20:36:52.810+0000] {processor.py:914} INFO - Processing file /home/airflow/.local/lib/python3.12/site-packages/airflow/example_dags/example_sla_dag.py for tasks to queue
[2026-09-17T20:36:52.813+0000] {logging_mixin.py:190} INFO - [2026-09-17T20:36:52.812+0000] {dagbag.py:588} INFO - Filling up the DagBag from /home/airflow/.local/lib/python3.12/site-packages/airflow/example_dags/example_sla_dag.py
[2026-09-17T20:36:52.826+0000] {processor.py:925} INFO - DAG(s) 'example_sla_dag' retrieved from /home/airflow/.local/lib/python3.12/site-packages/airflow/example_dags/example_sla_dag.py
[2026-09-17T20:36:52.856+0000] {logging_mixin.py:190} INFO - [2026-09-17T20:36:52.856+0000] {dag.py:3239} INFO - Sync 1 DAGs
[2026-09-17T20:36:52.887+0000] {logging_mixin.py:190} INFO - [2026-09-17T20:36:52.887+0000] {dag.py:4180} INFO - Setting next_dagrun for example_sla_dag to 2026-09-17 20:34:00+00:00, run_after=2026-09-17 20:36:00+00:00
[2026-09-17T20:36:52.912+0000] {processor.py:208} INFO - Processing /home/airflow/.local/lib/python3.12/site-packages/airflow/example_dags/example_sla_dag.py took 0.110 seconds
[2026-09-17T20:37:23.363+0000] {processor.py:186} INFO - Started process (PID=1163) to work on /home/airflow/.local/lib/python3.12/site-packages/airflow/example_dags/example_sla_dag.py
[2026-09-17T20:37:23.365+0000] {processor.py:914} INFO - Processing file /home/airflow/.local/lib/python3.12/site-packages/airflow/example_dags/example_sla_dag.py for tasks to queue
[2026-09-17T20:37:23.368+0000] {logging_mixin.py:190} INFO - [2026-09-17T20:37:23.367+0000] {dagbag.py:588} INFO - Filling up the DagBag from /home/airflow/.local/lib/python3.12/site-packages/airflow/example_dags/example_sla_dag.py
[2026-09-17T20:37:23.381+0000] {processor.py:925} INFO - DAG(s) 'example_sla_dag' retrieved from /home/airflow/.local/lib/python3.12/site-packages/airflow/example_dags/example_sla_dag.py
[2026-09-17T20:37:23.418+0000] {logging_mixin.py:190} INFO - [2026-09-17T20:37:23.417+0000] {dag.py:3239} INFO - Sync 1 DAGs
[2026-09-17T20:37:23.447+0000] {logging_mixin.py:190} INFO - [2026-09-17T20:37:23.447+0000] {dag.py:4180} INFO - Setting next_dagrun for example_sla_dag to 2026-09-17 20:34:00+00:00, run_after=2026-09-17 20:36:00+00:00
[2026-09-17T20:37:23.473+0000] {processor.py:208} INFO - Processing /home/airflow/.local/lib/python3.12/site-packages/airflow/example_dags/example_sla_dag.py took 0.115 seconds
[2026-09-17T20:37:54.182+0000] {processor.py:186} INFO - Started process (PID=1228) to work on /home/airflow/.local/lib/python3.12/site-packages/airflow/example_dags/example_sla_dag.py
[2026-09-17T20:37:54.184+0000] {processor.py:914} INFO - Processing file /home/airflow/.local/lib/python3.12/site-packages/airflow/example_dags/example_sla_dag.py for tasks to queue
[2026-09-17T20:37:54.186+0000] {logging_mixin.py:190} INFO - [2026-09-17T20:37:54.185+0000] {dagbag.py:588} INFO - Filling up the DagBag from /home/airflow/.local/lib/python3.12/site-packages/airflow/example_dags/example_sla_dag.py
[2026-09-17T20:37:54.197+0000] {processor.py:925} INFO - DAG(s) 'example_sla_dag' retrieved from /home/airflow/.local/lib/python3.12/site-packages/airflow/example_dags/example_sla_dag.py
[2026-09-17T20:37:54.222+0000] {logging_mixin.py:190} INFO - [2026-09-17T20:37:54.222+0000] {dag.py:3239} INFO - Sync 1 DAGs
[2026-09-17T20:37:54.249+0000] {logging_mixin.py:190} INFO - [2026-09-17T20:37:54.248+0000] {dag.py:4180} INFO - Setting next_dagrun for example_sla_dag to 2026-09-17 20:34:00+00:00, run_after=2026-09-17 20:36:00+00:00
[2026-09-17T20:37:54.271+0000] {processor.py:208} INFO - Processing /home/airflow/.local/lib/python3.12/site-packages/airflow/example_dags/example_sla_dag.py took 0.095 seconds
[2026-09-17T20:38:25.131+0000] {processor.py:186} INFO - Started process (PID=1293) to work on /home/airflow/.local/lib/python3.12/site-packages/airflow/example_dags/example_sla_dag.py
[2026-09-17T20:38:25.133+0000] {processor.py:914} INFO - Processing file /home/airflow/.local/lib/python3.12/site-packages/airflow/example_dags/example_sla_dag.py for tasks to queue
[2026-09-17T20:38:25.135+0000] {logging_mixin.py:190} INFO - [2026-09-17T20:38:25.135+0000] {dagbag.py:588} INFO - Filling up the DagBag from /home/airflow/.local/lib/python3.12/site-packages/airflow/example_dags/example_sla_dag.py
[2026-09-17T20:38:25.146+0000] {processor.py:925} INFO - DAG(s) 'example_sla_dag' retrieved from /home/airflow/.local/lib/python3.12/site-packages/airflow/example_dags/example_sla_dag.py
[2026-09-17T20:38:25.171+0000] {logging_mixin.py:190} INFO - [2026-09-17T20:38:25.171+0000] {dag.py:3239} INFO - Sync 1 DAGs
[2026-09-17T20:38:25.198+0000] {logging_mixin.py:190} INFO - [2026-09-17T20:38:25.198+0000] {dag.py:4180} INFO - Setting next_dagrun for example_sla_dag to 2026-09-17 20:36:00+00:00, run_after=2026-09-17 20:38:00+00:00
[2026-09-17T20:38:25.218+0000] {processor.py:208} INFO - Processing /home/airflow/.local/lib/python3.12/site-packages/airflow/example_dags/example_sla_dag.py took 0.093 seconds
[2026-09-17T20:38:56.117+0000] {processor.py:186} INFO - Started process (PID=1358) to work on /home/airflow/.local/lib/python3.12/site-packages/airflow/example_dags/example_sla_dag.py
[2026-09-17T20:38:56.119+0000] {processor.py:914} INFO - Processing file /home/airflow/.local/lib/python3.12/site-packages/airflow/example_dags/example_sla_dag.py for tasks to queue
[2026-09-17T20:38:56.122+0000] {logging_mixin.py:190} INFO - [2026-09-17T20:38:56.121+0000] {dagbag.py:588} INFO - Filling up the DagBag from /home/airflow/.local/lib/python3.12/site-packages/airflow/example_dags/example_sla_dag.py
[2026-09-17T20:38:56.142+0000] {processor.py:925} INFO - DAG(s) 'example_sla_dag' retrieved from /home/airflow/.local/lib/python3.12/site-packages/airflow/example_dags/example_sla_dag.py
[2026-09-17T20:38:56.179+0000] {logging_mixin.py:190} INFO - [2026-09-17T20:38:56.178+0000] {dag.py:3239} INFO - Sync 1 DAGs
[2026-09-17T20:38:56.216+0000] {logging_mixin.py:190} INFO - [2026-09-17T20:38:56.215+0000] {dag.py:4180} INFO - Setting next_dagrun for example_sla_dag to 2026-09-17 20:36:00+00:00, run_after=2026-09-17 20:38:00+00:00
[2026-09-17T20:38:56.246+0000] {processor.py:208} INFO - Processing /home/airflow/.local/lib/python3.12/site-packages/airflow/example_dags/example_sla_dag.py took 0.143 seconds
[2026-09-17T20:39:26.647+0000] {processor.py:186} INFO - Started process (PID=1423) to work on /home/airflow/.local/lib/python3.12/site-packages/airflow/example_dags/example_sla_dag.py
[2026-09-17T20:39:26.649+0000] {processor.py:914} INFO - Processing file /home/airflow/.local/lib/python3.12/site-packages/airflow/example_dags/example_sla_dag.py for tasks to queue
[2026-09-17T20:39:26.652+0000] {logging_mixin.py:190} INFO - [2026-09-17T20:39:26.652+0000] {dagbag.py:588} INFO - Filling up the DagBag from /home/airflow/.local/lib/python3.12/site-packages/airflow/example_dags/example_sla_dag.py
[2026-09-17T20:39:26.664+0000] {processor.py:925} INFO - DAG(s) 'example_sla_dag' retrieved from /home/airflow/.local/lib/python3.12/site-packages/airflow/example_dags/example_sla_dag.py
[2026-09-17T20:39:26.689+0000] {logging_mixin.py:190} INFO - [2026-09-17T20:39:26.688+0000] {dag.py:3239} INFO - Sync 1 DAGs
[2026-09-17T20:39:26.715+0000] {logging_mixin.py:190} INFO - [2026-09-17T20:39:26.715+0000] {dag.py:4180} INFO - Setting next_dagrun for example_sla_dag to 2026-09-17 20:36:00+00:00, run_after=2026-09-17 20:38:00+00:00
[2026-09-17T20:39:26.737+0000] {processor.py:208} INFO - Processing /home/airflow/.local/lib/python3.12/site-packages/airflow/example_dags/example_sla_dag.py took 0.097 seconds
[2026-09-17T20:39:57.202+0000] {processor.py:186} INFO - Started process (PID=1489) to work on /home/airflow/.local/lib/python3.12/site-packages/airflow/example_dags/example_sla_dag.py
[2026-09-17T20:39:57.205+0000] {processor.py:914} INFO - Processing file /home/airflow/.local/lib/python3.12/site-packages/airflow/example_dags/example_sla_dag.py for tasks to queue
[2026-09-17T20:39:57.207+0000] {logging_mixin.py:190} INFO - [2026-09-17T20:39:57.207+0000] {dagbag.py:588} INFO - Filling up the DagBag from /home/airflow/.local/lib/python3.12/site-packages/airflow/example_dags/example_sla_dag.py
[2026-09-17T20:39:57.222+0000] {processor.py:925} INFO - DAG(s) 'example_sla_dag' retrieved from /home/airflow/.local/lib/python3.12/site-packages/airflow/example_dags/example_sla_dag.py
[2026-09-17T20:39:57.251+0000] {logging_mixin.py:190} INFO - [2026-09-17T20:39:57.250+0000] {dag.py:3239} INFO - Sync 1 DAGs
[2026-09-17T20:39:57.280+0000] {logging_mixin.py:190} INFO - [2026-09-17T20:39:57.280+0000] {dag.py:4180} INFO - Setting next_dagrun for example_sla_dag to 2026-09-17 20:36:00+00:00, run_after=2026-09-17 20:38:00+00:00
[2026-09-17T20:39:57.305+0000] {processor.py:208} INFO - Processing /home/airflow/.local/lib/python3.12/site-packages/airflow/example_dags/example_sla_dag.py took 0.111 seconds
[2026-09-17T20:40:27.550+0000] {processor.py:186} INFO - Started process (PID=1554) to work on /home/airflow/.local/lib/python3.12/site-packages/airflow/example_dags/example_sla_dag.py
[2026-09-17T20:40:27.551+0000] {processor.py:914} INFO - Processing file /home/airflow/.local/lib/python3.12/site-packages/airflow/example_dags/example_sla_dag.py for tasks to queue
[2026-09-17T20:40:27.554+0000] {logging_mixin.py:190} INFO - [2026-09-17T20:40:27.553+0000] {dagbag.py:588} INFO - Filling up the DagBag from /home/airflow/.local/lib/python3.12/site-packages/airflow/example_dags/example_sla_dag.py
[2026-09-17T20:40:27.565+0000] {processor.py:925} INFO - DAG(s) 'example_sla_dag' retrieved from /home/airflow/.local/lib/python3.12/site-packages/airflow/example_dags/example_sla_dag.py
[2026-09-17T20:40:27.590+0000] {logging_mixin.py:190} INFO - [2026-09-17T20:40:27.590+0000] {dag.py:3239} INFO - Sync 1 DAGs
[2026-09-17T20:40:27.616+0000] {logging_mixin.py:190} INFO - [2026-09-17T20:40:27.615+0000] {dag.py:4180} INFO - Setting next_dagrun for example_sla_dag to 2026-09-17 20:38:00+00:00, run_after=2026-09-17 20:40:00+00:00
[2026-09-17T20:40:27.634+0000] {processor.py:208} INFO - Processing /home/airflow/.local/lib/python3.12/site-packages/airflow/example_dags/example_sla_dag.py took 0.090 seconds
[2026-09-17T20:40:58.085+0000] {processor.py:186} INFO - Started process (PID=1619) to work on /home/airflow/.local/lib/python3.12/site-packages/airflow/example_dags/example_sla_dag.py
[2026-09-17T20:40:58.087+0000] {processor.py:914} INFO - Processing file /home/airflow/.local/lib/python3.12/site-packages/airflow/example_dags/example_sla_dag.py for tasks to queue
[2026-09-17T20:40:58.090+0000] {logging_mixin.py:190} INFO - [2026-09-17T20:40:58.089+0000] {dagbag.py:588} INFO - Filling up the DagBag from /home/airflow/.local/lib/python3.12/site-packages/airflow/example_dags/example_sla_dag.py
[2026-09-17T20:40:58.101+0000] {processor.py:925} INFO - DAG(s) 'example_sla_dag' retrieved from /home/airflow/.local/lib/python3.12/site-packages/airflow/example_dags/example_sla_dag.py
[2026-09-17T20:40:58.131+0000] {logging_mixin.py:190} INFO - [2026-09-17T20:40:58.131+0000] {dag.py:3239} INFO - Sync 1 DAGs
[2026-09-17T20:40:58.158+0000] {logging_mixin.py:190} INFO - [2026-09-17T20:40:58.158+0000] {dag.py:4180} INFO - Setting next_dagrun for example_sla_dag to 2026-09-17 20:38:00+00:00, run_after=2026-09-17 20:40:00+00:00
[2026-09-17T20:40:58.191+0000] {processor.py:208} INFO - Processing /home/airflow/.local/lib/python3.12/site-packages/airflow/example_dags/example_sla_dag.py took 0.113 seconds
[2026-09-17T20:41:28.271+0000] {processor.py:186} INFO - Started process (PID=1684) to work on /home/airflow/.local/lib/python3.12/site-packages/airflow/example_dags/example_sla_dag.py
[2026-09-17T20:41:28.274+0000] {processor.py:914} INFO - Processing file /home/airflow/.local/lib/python3.12/site-packages/airflow/example_dags/example_sla_dag.py for tasks to queue
[2026-09-17T20:41:28.277+0000] {logging_mixin.py:190} INFO - [2026-09-17T20:41:28.276+0000] {dagbag.py:588} INFO - Filling up the DagBag from /home/airflow/.local/lib/python3.12/site-packages/airflow/example_dags/example_sla_dag.py
[2026-09-17T20:41:28.290+0000] {processor.py:925} INFO - DAG(s) 'example_sla_dag' retrieved from /home/airflow/.local/lib/python3.12/site-packages/airflow/example_dags/example_sla_dag.py
[2026-09-17T20:41:28.324+0000] {logging_mixin.py:190} INFO - [2026-09-17T20:41:28.323+0000] {dag.py:3239} INFO - Sync 1 DAGs
[2026-09-17T20:41:28.356+0000] {logging_mixin.py:190} INFO - [2026-09-17T20:41:28.355+0000] {dag.py:4180} INFO - Setting next_dagrun for example_sla_dag to 2026-09-17 20:38:00+00:00, run_after=2026-09-17 20:40:00+00:00
[2026-09-17T20:41:28.381+0000] {processor.py:208} INFO - Processing /home/airflow/.local/lib/python3.12/site-packages/airflow/example_dags/example_sla_dag.py took 0.117 seconds
[2026-09-17T20:41:58.521+0000] {processor.py:186} INFO - Started process (PID=1741) to work on /home/airflow/.local/lib/python3.12/site-packages/airflow/example_dags/example_sla_dag.py
[2026-09-17T20:41:58.524+0000] {processor.py:914} INFO - Processing file /home/airflow/.local/lib/python3.12/site-packages/airflow/example_dags/example_sla_dag.py for tasks to queue
[2026-09-17T20:41:58.526+0000] {logging_mixin.py:190} INFO - [2026-09-17T20:41:58.525+0000] {dagbag.py:588} INFO - Filling up the DagBag from /home/airflow/.local/lib/python3.12/site-packages/airflow/example_dags/example_sla_dag.py
[2026-09-17T20:41:58.537+0000] {processor.py:925} INFO - DAG(s) 'example_sla_dag' retrieved from /home/airflow/.local/lib/python3.12/site-packages/airflow/example_dags/example_sla_dag.py
[2026-09-17T20:41:58.563+0000] {logging_mixin.py:190} INFO - [2026-09-17T20:41:58.563+0000] {dag.py:3239} INFO - Sync 1 DAGs
[2026-09-17T20:41:58.592+0000] {logging_mixin.py:190} INFO - [2026-09-17T20:41:58.592+0000] {dag.py:4180} INFO - Setting next_dagrun for example_sla_dag to 2026-09-17 20:38:00+00:00, run_after=2026-09-17 20:40:00+00:00
[2026-09-17T20:41:58.614+0000] {processor.py:208} INFO - Processing /home/airflow/.local/lib/python3.12/site-packages/airflow/example_dags/example_sla_dag.py took 0.099 seconds
[2026-09-17T20:42:29.930+0000] {processor.py:186} INFO - Started process (PID=1806) to work on /home/airflow/.local/lib/python3.12/site-packages/airflow/example_dags/example_sla_dag.py
[2026-09-17T20:42:29.937+0000] {processor.py:914} INFO - Processing file /home/airflow/.local/lib/python3.12/site-packages/airflow/example_dags/example_sla_dag.py for tasks to queue
[2026-09-17T20:42:29.944+0000] {logging_mixin.py:190} INFO - [2026-09-17T20:42:29.942+0000] {dagbag.py:588} INFO - Filling up the DagBag from /home/airflow/.local/lib/python3.12/site-packages/airflow/example_dags/example_sla_dag.py
[2026-09-17T20:42:29.998+0000] {processor.py:925} INFO - DAG(s) 'example_sla_dag' retrieved from /home/airflow/.local/lib/python3.12/site-packages/airflow/example_dags/example_sla_dag.py
[2026-09-17T20:42:30.083+0000] {logging_mixin.py:190} INFO - [2026-09-17T20:42:30.082+0000] {dag.py:3239} INFO - Sync 1 DAGs
[2026-09-17T20:42:30.188+0000] {logging_mixin.py:190} INFO - [2026-09-17T20:42:30.187+0000] {dag.py:4180} INFO - Setting next_dagrun for example_sla_dag to 2026-09-17 20:40:00+00:00, run_after=2026-09-17 20:42:00+00:00
[2026-09-17T20:42:30.268+0000] {processor.py:208} INFO - Processing /home/airflow/.local/lib/python3.12/site-packages/airflow/example_dags/example_sla_dag.py took 0.367 seconds
[2026-09-17T20:43:01.237+0000] {processor.py:186} INFO - Started process (PID=1871) to work on /home/airflow/.local/lib/python3.12/site-packages/airflow/example_dags/example_sla_dag.py
[2026-09-17T20:43:01.241+0000] {processor.py:914} INFO - Processing file /home/airflow/.local/lib/python3.12/site-packages/airflow/example_dags/example_sla_dag.py for tasks to queue
[2026-09-17T20:43:01.247+0000] {logging_mixin.py:190} INFO - [2026-09-17T20:43:01.245+0000] {dagbag.py:588} INFO - Filling up the DagBag from /home/airflow/.local/lib/python3.12/site-packages/airflow/example_dags/example_sla_dag.py
[2026-09-17T20:43:01.295+0000] {processor.py:925} INFO - DAG(s) 'example_sla_dag' retrieved from /home/airflow/.local/lib/python3.12/site-packages/airflow/example_dags/example_sla_dag.py
[2026-09-17T20:43:01.379+0000] {logging_mixin.py:190} INFO - [2026-09-17T20:43:01.378+0000] {dag.py:3239} INFO - Sync 1 DAGs
[2026-09-17T20:43:01.482+0000] {logging_mixin.py:190} INFO - [2026-09-17T20:43:01.481+0000] {dag.py:4180} INFO - Setting next_dagrun for example_sla_dag to 2026-09-17 20:40:00+00:00, run_after=2026-09-17 20:42:00+00:00
[2026-09-17T20:43:01.565+0000] {processor.py:208} INFO - Processing /home/airflow/.local/lib/python3.12/site-packages/airflow/example_dags/example_sla_dag.py took 0.349 seconds
[2026-09-17T20:44:04.842+0000] {processor.py:186} INFO - Started process (PID=1945) to work on /home/airflow/.local/lib/python3.12/site-packages/airflow/example_dags/example_sla_dag.py
[2026-09-17T20:44:04.846+0000] {processor.py:914} INFO - Processing file /home/airflow/.local/lib/python3.12/site-packages/airflow/example_dags/example_sla_dag.py for tasks to queue
[2026-09-17T20:44:04.852+0000] {logging_mixin.py:190} INFO - [2026-09-17T20:44:04.851+0000] {dagbag.py:588} INFO - Filling up the DagBag from /home/airflow/.local/lib/python3.12/site-packages/airflow/example_dags/example_sla_dag.py
[2026-09-17T20:44:04.903+0000] {processor.py:925} INFO - DAG(s) 'example_sla_dag' retrieved from /home/airflow/.local/lib/python3.12/site-packages/airflow/example_dags/example_sla_dag.py
[2026-09-17T20:44:05.001+0000] {logging_mixin.py:190} INFO - [2026-09-17T20:44:05.001+0000] {dag.py:3239} INFO - Sync 1 DAGs
[2026-09-17T20:44:05.117+0000] {logging_mixin.py:190} INFO - [2026-09-17T20:44:05.117+0000] {dag.py:4180} INFO - Setting next_dagrun for example_sla_dag to 2026-09-17 20:42:00+00:00, run_after=2026-09-17 20:44:00+00:00
[2026-09-17T20:44:05.210+0000] {processor.py:208} INFO - Processing /home/airflow/.local/lib/python3.12/site-packages/airflow/example_dags/example_sla_dag.py took 0.392 seconds
[2026-09-17T20:44:35.633+0000] {processor.py:186} INFO - Started process (PID=2009) to work on /home/airflow/.local/lib/python3.12/site-packages/airflow/example_dags/example_sla_dag.py
[2026-09-17T20:44:35.636+0000] {processor.py:914} INFO - Processing file /home/airflow/.local/lib/python3.12/site-packages/airflow/example_dags/example_sla_dag.py for tasks to queue
[2026-09-17T20:44:35.639+0000] {logging_mixin.py:190} INFO - [2026-09-17T20:44:35.638+0000] {dagbag.py:588} INFO - Filling up the DagBag from /home/airflow/.local/lib/python3.12/site-packages/airflow/example_dags/example_sla_dag.py
[2026-09-17T20:44:35.661+0000] {processor.py:925} INFO - DAG(s) 'example_sla_dag' retrieved from /home/airflow/.local/lib/python3.12/site-packages/airflow/example_dags/example_sla_dag.py
[2026-09-17T20:44:35.721+0000] {logging_mixin.py:190} INFO - [2026-09-17T20:44:35.718+0000] {dag.py:3239} INFO - Sync 1 DAGs
[2026-09-17T20:44:35.811+0000] {logging_mixin.py:190} INFO - [2026-09-17T20:44:35.810+0000] {dag.py:4180} INFO - Setting next_dagrun for example_sla_dag to 2026-09-17 20:42:00+00:00, run_after=2026-09-17 20:44:00+00:00
[2026-09-17T20:44:35.881+0000] {processor.py:208} INFO - Processing /home/airflow/.local/lib/python3.12/site-packages/airflow/example_dags/example_sla_dag.py took 0.262 seconds
[2026-09-17T20:45:07.373+0000] {processor.py:186} INFO - Started process (PID=2067) to work on /home/airflow/.local/lib/python3.12/site-packages/airflow/example_dags/example_sla_dag.py
[2026-09-17T20:45:07.374+0000] {processor.py:914} INFO - Processing file /home/airflow/.local/lib/python3.12/site-packages/airflow/example_dags/example_sla_dag.py for tasks to queue
[2026-09-17T20:45:07.377+0000] {logging_mixin.py:190} INFO - [2026-09-17T20:45:07.376+0000] {dagbag.py:588} INFO - Filling up the DagBag from /home/airflow/.local/lib/python3.12/site-packages/airflow/example_dags/example_sla_dag.py
[2026-09-17T20:45:07.388+0000] {processor.py:925} INFO - DAG(s) 'example_sla_dag' retrieved from /home/airflow/.local/lib/python3.12/site-packages/airflow/example_dags/example_sla_dag.py
[2026-09-17T20:45:07.413+0000] {logging_mixin.py:190} INFO - [2026-09-17T20:45:07.413+0000] {dag.py:3239} INFO - Sync 1 DAGs
[2026-09-17T20:45:07.441+0000] {logging_mixin.py:190} INFO - [2026-09-17T20:45:07.441+0000] {dag.py:4180} INFO - Setting next_dagrun for example_sla_dag to 2026-09-17 20:42:00+00:00, run_after=2026-09-17 20:44:00+00:00
[2026-09-17T20:45:07.729+0000] {processor.py:208} INFO - Processing /home/airflow/.local/lib/python3.12/site-packages/airflow/example_dags/example_sla_dag.py took 0.362 seconds
[2026-09-17T20:45:40.163+0000] {processor.py:186} INFO - Started process (PID=2132) to work on /home/airflow/.local/lib/python3.12/site-packages/airflow/example_dags/example_sla_dag.py
[2026-09-17T20:45:40.165+0000] {processor.py:914} INFO - Processing file /home/airflow/.local/lib/python3.12/site-packages/airflow/example_dags/example_sla_dag.py for tasks to queue
[2026-09-17T20:45:40.170+0000] {logging_mixin.py:190} INFO - [2026-09-17T20:45:40.169+0000] {dagbag.py:588} INFO - Filling up the DagBag from /home/airflow/.local/lib/python3.12/site-packages/airflow/example_dags/example_sla_dag.py
[2026-09-17T20:45:40.187+0000] {processor.py:925} INFO - DAG(s) 'example_sla_dag' retrieved from /home/airflow/.local/lib/python3.12/site-packages/airflow/example_dags/example_sla_dag.py
[2026-09-17T20:45:40.234+0000] {logging_mixin.py:190} INFO - [2026-09-17T20:45:40.233+0000] {dag.py:3239} INFO - Sync 1 DAGs
[2026-09-17T20:45:40.293+0000] {logging_mixin.py:190} INFO - [2026-09-17T20:45:40.292+0000] {dag.py:4180} INFO - Setting next_dagrun for example_sla_dag to 2026-09-17 20:42:00+00:00, run_after=2026-09-17 20:44:00+00:00
[2026-09-17T20:45:40.349+0000] {processor.py:208} INFO - Processing /home/airflow/.local/lib/python3.12/site-packages/airflow/example_dags/example_sla_dag.py took 0.195 seconds
[2026-09-17T20:46:11.477+0000] {processor.py:186} INFO - Started process (PID=2199) to work on /home/airflow/.local/lib/python3.12/site-packages/airflow/example_dags/example_sla_dag.py
[2026-09-17T20:46:11.478+0000] {processor.py:914} INFO - Processing file /home/airflow/.local/lib/python3.12/site-packages/airflow/example_dags/example_sla_dag.py for tasks to queue
[2026-09-17T20:46:11.481+0000] {logging_mixin.py:190} INFO - [2026-09-17T20:46:11.480+0000] {dagbag.py:588} INFO - Filling up the DagBag from /home/airflow/.local/lib/python3.12/site-packages/airflow/example_dags/example_sla_dag.py
[2026-09-17T20:46:11.493+0000] {processor.py:925} INFO - DAG(s) 'example_sla_dag' retrieved from /home/airflow/.local/lib/python3.12/site-packages/airflow/example_dags/example_sla_dag.py
[2026-09-17T20:46:11.522+0000] {logging_mixin.py:190} INFO - [2026-09-17T20:46:11.521+0000] {dag.py:3239} INFO - Sync 1 DAGs
[2026-09-17T20:46:11.557+0000] {logging_mixin.py:190} INFO - [2026-09-17T20:46:11.557+0000] {dag.py:4180} INFO - Setting next_dagrun for example_sla_dag to 2026-09-17 20:44:00+00:00, run_after=2026-09-17 20:46:00+00:00
[2026-09-17T20:46:11.581+0000] {processor.py:208} INFO - Processing /home/airflow/.local/lib/python3.12/site-packages/airflow/example_dags/example_sla_dag.py took 0.112 seconds
[2026-09-17T20:46:49.354+0000] {processor.py:186} INFO - Started process (PID=2264) to work on /home/airflow/.local/lib/python3.12/site-packages/airflow/example_dags/example_sla_dag.py
[2026-09-17T20:46:49.356+0000] {processor.py:914} INFO - Processing file /home/airflow/.local/lib/python3.12/site-packages/airflow/example_dags/example_sla_dag.py for tasks to queue
[2026-09-17T20:46:49.359+0000] {logging_mixin.py:190} INFO - [2026-09-17T20:46:49.358+0000] {dagbag.py:588} INFO - Filling up the DagBag from /home/airflow/.local/lib/python3.12/site-packages/airflow/example_dags/example_sla_dag.py
[2026-09-17T20:46:49.372+0000] {processor.py:925} INFO - DAG(s) 'example_sla_dag' retrieved from /home/airflow/.local/lib/python3.12/site-packages/airflow/example_dags/example_sla_dag.py
[2026-09-17T20:46:49.401+0000] {logging_mixin.py:190} INFO - [2026-09-17T20:46:49.401+0000] {dag.py:3239} INFO - Sync 1 DAGs
[2026-09-17T20:46:49.432+0000] {logging_mixin.py:190} INFO - [2026-09-17T20:46:49.432+0000] {dag.py:4180} INFO - Setting next_dagrun for example_sla_dag to 2026-09-17 20:44:00+00:00, run_after=2026-09-17 20:46:00+00:00
[2026-09-17T20:46:49.478+0000] {processor.py:208} INFO - Processing /home/airflow/.local/lib/python3.12/site-packages/airflow/example_dags/example_sla_dag.py took 0.130 seconds
[2026-09-17T20:47:21.227+0000] {processor.py:186} INFO - Started process (PID=2329) to work on /home/airflow/.local/lib/python3.12/site-packages/airflow/example_dags/example_sla_dag.py
[2026-09-17T20:47:21.232+0000] {processor.py:914} INFO - Processing file /home/airflow/.local/lib/python3.12/site-packages/airflow/example_dags/example_sla_dag.py for tasks to queue
[2026-09-17T20:47:21.235+0000] {logging_mixin.py:190} INFO - [2026-09-17T20:47:21.234+0000] {dagbag.py:588} INFO - Filling up the DagBag from /home/airflow/.local/lib/python3.12/site-packages/airflow/example_dags/example_sla_dag.py
[2026-09-17T20:47:21.263+0000] {processor.py:925} INFO - DAG(s) 'example_sla_dag' retrieved from /home/airflow/.local/lib/python3.12/site-packages/airflow/example_dags/example_sla_dag.py
[2026-09-17T20:47:21.313+0000] {logging_mixin.py:190} INFO - [2026-09-17T20:47:21.312+0000] {dag.py:3239} INFO - Sync 1 DAGs
[2026-09-17T20:47:21.383+0000] {logging_mixin.py:190} INFO - [2026-09-17T20:47:21.382+0000] {dag.py:4180} INFO - Setting next_dagrun for example_sla_dag to 2026-09-17 20:44:00+00:00, run_after=2026-09-17 20:46:00+00:00
[2026-09-17T20:47:21.452+0000] {processor.py:208} INFO - Processing /home/airflow/.local/lib/python3.12/site-packages/airflow/example_dags/example_sla_dag.py took 0.241 seconds
[2026-09-17T20:47:52.409+0000] {processor.py:186} INFO - Started process (PID=2395) to work on /home/airflow/.local/lib/python3.12/site-packages/airflow/example_dags/example_sla_dag.py
[2026-09-17T20:47:52.411+0000] {processor.py:914} INFO - Processing file /home/airflow/.local/lib/python3.12/site-packages/airflow/example_dags/example_sla_dag.py for tasks to queue
[2026-09-17T20:47:52.414+0000] {logging_mixin.py:190} INFO - [2026-09-17T20:47:52.413+0000] {dagbag.py:588} INFO - Filling up the DagBag from /home/airflow/.local/lib/python3.12/site-packages/airflow/example_dags/example_sla_dag.py
[2026-09-17T20:47:52.426+0000] {processor.py:925} INFO - DAG(s) 'example_sla_dag' retrieved from /home/airflow/.local/lib/python3.12/site-packages/airflow/example_dags/example_sla_dag.py
[2026-09-17T20:47:52.456+0000] {logging_mixin.py:190} INFO - [2026-09-17T20:47:52.455+0000] {dag.py:3239} INFO - Sync 1 DAGs
[2026-09-17T20:47:52.485+0000] {logging_mixin.py:190} INFO - [2026-09-17T20:47:52.485+0000] {dag.py:4180} INFO - Setting next_dagrun for example_sla_dag to 2026-09-17 20:44:00+00:00, run_after=2026-09-17 20:46:00+00:00
[2026-09-17T20:47:52.506+0000] {processor.py:208} INFO - Processing /home/airflow/.local/lib/python3.12/site-packages/airflow/example_dags/example_sla_dag.py took 0.104 seconds
[2026-09-17T20:48:23.452+0000] {processor.py:186} INFO - Started process (PID=2461) to work on /home/airflow/.local/lib/python3.12/site-packages/airflow/example_dags/example_sla_dag.py
[2026-09-17T20:48:23.454+0000] {processor.py:914} INFO - Processing file /home/airflow/.local/lib/python3.12/site-packages/airflow/example_dags/example_sla_dag.py for tasks to queue
[2026-09-17T20:48:23.457+0000] {logging_mixin.py:190} INFO - [2026-09-17T20:48:23.456+0000] {dagbag.py:588} INFO - Filling up the DagBag from /home/airflow/.local/lib/python3.12/site-packages/airflow/example_dags/example_sla_dag.py
[2026-09-17T20:48:23.470+0000] {processor.py:925} INFO - DAG(s) 'example_sla_dag' retrieved from /home/airflow/.local/lib/python3.12/site-packages/airflow/example_dags/example_sla_dag.py
[2026-09-17T20:48:23.502+0000] {logging_mixin.py:190} INFO - [2026-09-17T20:48:23.502+0000] {dag.py:3239} INFO - Sync 1 DAGs
[2026-09-17T20:48:23.535+0000] {logging_mixin.py:190} INFO - [2026-09-17T20:48:23.535+0000] {dag.py:4180} INFO - Setting next_dagrun for example_sla_dag to 2026-09-17 20:46:00+00:00, run_after=2026-09-17 20:48:00+00:00
[2026-09-17T20:48:23.561+0000] {processor.py:208} INFO - Processing /home/airflow/.local/lib/python3.12/site-packages/airflow/example_dags/example_sla_dag.py took 0.115 seconds
[2026-09-17T20:49:07.385+0000] {processor.py:186} INFO - Started process (PID=2526) to work on /home/airflow/.local/lib/python3.12/site-packages/airflow/example_dags/example_sla_dag.py
[2026-09-17T20:49:07.388+0000] {processor.py:914} INFO - Processing file /home/airflow/.local/lib/python3.12/site-packages/airflow/example_dags/example_sla_dag.py for tasks to queue
[2026-09-17T20:49:07.391+0000] {logging_mixin.py:190} INFO - [2026-09-17T20:49:07.390+0000] {dagbag.py:588} INFO - Filling up the DagBag from /home/airflow/.local/lib/python3.12/site-packages/airflow/example_dags/example_sla_dag.py
[2026-09-17T20:49:07.405+0000] {processor.py:925} INFO - DAG(s) 'example_sla_dag' retrieved from /home/airflow/.local/lib/python3.12/site-packages/airflow/example_dags/example_sla_dag.py
[2026-09-17T20:49:07.440+0000] {logging_mixin.py:190} INFO - [2026-09-17T20:49:07.440+0000] {dag.py:3239} INFO - Sync 1 DAGs
[2026-09-17T20:49:07.490+0000] {logging_mixin.py:190} INFO - [2026-09-17T20:49:07.489+0000] {dag.py:4180} INFO - Setting next_dagrun for example_sla_dag to 2026-09-17 20:46:00+00:00, run_after=2026-09-17 20:48:00+00:00
[2026-09-17T20:49:07.550+0000] {processor.py:208} INFO - Processing /home/airflow/.local/lib/python3.12/site-packages/airflow/example_dags/example_sla_dag.py took 0.173 seconds
