[2026-09-17T18:47:19.598+0000] {processor.py:186} INFO - Started process (PID=85) to work on /home/airflow/.local/lib/python3.12/site-packages/airflow/example_dags/example_dataset_alias_with_no_taskflow.py
[2026-09-17T18:47:19.600+0000] {processor.py:914} INFO - Processing file /home/airflow/.local/lib/python3.12/site-packages/airflow/example_dags/example_dataset_alias_with_no_taskflow.py for tasks to queue
[2026-09-17T18:47:19.605+0000] {logging_mixin.py:190} INFO - [2026-09-17T18:47:19.604+0000] {dagbag.py:588} INFO - Filling up the DagBag from /home/airflow/.local/lib/python3.12/site-packages/airflow/example_dags/example_dataset_alias_with_no_taskflow.py
[2026-09-17T18:47:20.457+0000] {processor.py:925} INFO - DAG(s) 'dataset_alias_example_alias_producer_with_no_taskflow', 'dataset_s3_bucket_consumer_with_no_taskflow', 'dataset_s3_bucket_producer_with_no_taskflow', 'dataset_alias_example_alias_consumer_with_no_taskflow' retrieved from /home/airflow/.local/lib/python3.12/site-packages/airflow/example_dags/example_dataset_alias_with_no_taskflow.py
[2026-09-17T18:47:20.780+0000] {logging_mixin.py:190} INFO - [2026-09-17T18:47:20.779+0000] {dag.py:3239} INFO - Sync 4 DAGs
[2026-09-17T18:47:20.831+0000] {logging_mixin.py:190} INFO - [2026-09-17T18:47:20.830+0000] {dag.py:4180} INFO - Setting next_dagrun for dataset_alias_example_alias_consumer_with_no_taskflow to None, run_after=None
[2026-09-17T18:47:20.839+0000] {logging_mixin.py:190} INFO - [2026-09-17T18:47:20.839+0000] {dag.py:4180} INFO - Setting next_dagrun for dataset_alias_example_alias_producer_with_no_taskflow to None, run_after=None
[2026-09-17T18:47:20.846+0000] {logging_mixin.py:190} INFO - [2026-09-17T18:47:20.845+0000] {dag.py:4180} INFO - Setting next_dagrun for dataset_s3_bucket_consumer_with_no_taskflow to None, run_after=None
[2026-09-17T18:47:20.851+0000] {logging_mixin.py:190} INFO - [2026-09-17T18:47:20.850+0000] {dag.py:4180} INFO - Setting next_dagrun for dataset_s3_bucket_producer_with_no_taskflow to None, run_after=None
[2026-09-17T18:47:20.915+0000] {processor.py:208} INFO - Processing /home/airflow/.local/lib/python3.12/site-packages/airflow/example_dags/example_dataset_alias_with_no_taskflow.py took 1.324 seconds
[2026-09-17T18:47:51.508+0000] {processor.py:186} INFO - Started process (PID=151) to work on /home/airflow/.local/lib/python3.12/site-packages/airflow/example_dags/example_dataset_alias_with_no_taskflow.py
[2026-09-17T18:47:51.509+0000] {processor.py:914} INFO - Processing file /home/airflow/.local/lib/python3.12/site-packages/airflow/example_dags/example_dataset_alias_with_no_taskflow.py for tasks to queue
[2026-09-17T18:47:51.513+0000] {logging_mixin.py:190} INFO - [2026-09-17T18:47:51.513+0000] {dagbag.py:588} INFO - Filling up the DagBag from /home/airflow/.local/lib/python3.12/site-packages/airflow/example_dags/example_dataset_alias_with_no_taskflow.py
[2026-09-17T18:47:52.243+0000] {processor.py:925} INFO - DAG(s) 'dataset_s3_bucket_producer_with_no_taskflow', 'dataset_alias_example_alias_producer_with_no_taskflow', 'dataset_alias_example_alias_consumer_with_no_taskflow', 'dataset_s3_bucket_consumer_with_no_taskflow' retrieved from /home/airflow/.local/lib/python3.12/site-packages/airflow/example_dags/example_dataset_alias_with_no_taskflow.py
[2026-09-17T18:47:52.273+0000] {logging_mixin.py:190} INFO - [2026-09-17T18:47:52.273+0000] {dag.py:3239} INFO - Sync 4 DAGs
[2026-09-17T18:47:52.300+0000] {logging_mixin.py:190} INFO - [2026-09-17T18:47:52.300+0000] {dag.py:4180} INFO - Setting next_dagrun for dataset_alias_example_alias_consumer_with_no_taskflow to None, run_after=None
[2026-09-17T18:47:52.305+0000] {logging_mixin.py:190} INFO - [2026-09-17T18:47:52.305+0000] {dag.py:4180} INFO - Setting next_dagrun for dataset_alias_example_alias_producer_with_no_taskflow to None, run_after=None
[2026-09-17T18:47:52.309+0000] {logging_mixin.py:190} INFO - [2026-09-17T18:47:52.308+0000] {dag.py:4180} INFO - Setting next_dagrun for dataset_s3_bucket_consumer_with_no_taskflow to None, run_after=None
[2026-09-17T18:47:52.312+0000] {logging_mixin.py:190} INFO - [2026-09-17T18:47:52.312+0000] {dag.py:4180} INFO - Setting next_dagrun for dataset_s3_bucket_producer_with_no_taskflow to None, run_after=None
[2026-09-17T18:47:52.344+0000] {processor.py:208} INFO - Processing /home/airflow/.local/lib/python3.12/site-packages/airflow/example_dags/example_dataset_alias_with_no_taskflow.py took 0.843 seconds
[2026-09-17T18:48:22.447+0000] {processor.py:186} INFO - Started process (PID=220) to work on /home/airflow/.local/lib/python3.12/site-packages/airflow/example_dags/example_dataset_alias_with_no_taskflow.py
[2026-09-17T18:48:22.449+0000] {processor.py:914} INFO - Processing file /home/airflow/.local/lib/python3.12/site-packages/airflow/example_dags/example_dataset_alias_with_no_taskflow.py for tasks to queue
[2026-09-17T18:48:22.453+0000] {logging_mixin.py:190} INFO - [2026-09-17T18:48:22.452+0000] {dagbag.py:588} INFO - Filling up the DagBag from /home/airflow/.local/lib/python3.12/site-packages/airflow/example_dags/example_dataset_alias_with_no_taskflow.py
[2026-09-17T18:48:23.295+0000] {processor.py:925} INFO - DAG(s) 'dataset_s3_bucket_producer_with_no_taskflow', 'dataset_s3_bucket_consumer_with_no_taskflow', 'dataset_alias_example_alias_consumer_with_no_taskflow', 'dataset_alias_example_alias_producer_with_no_taskflow' retrieved from /home/airflow/.local/lib/python3.12/site-packages/airflow/example_dags/example_dataset_alias_with_no_taskflow.py
[2026-09-17T18:48:23.333+0000] {logging_mixin.py:190} INFO - [2026-09-17T18:48:23.332+0000] {dag.py:3239} INFO - Sync 4 DAGs
[2026-09-17T18:48:23.364+0000] {logging_mixin.py:190} INFO - [2026-09-17T18:48:23.364+0000] {dag.py:4180} INFO - Setting next_dagrun for dataset_alias_example_alias_consumer_with_no_taskflow to None, run_after=None
[2026-09-17T18:48:23.369+0000] {logging_mixin.py:190} INFO - [2026-09-17T18:48:23.369+0000] {dag.py:4180} INFO - Setting next_dagrun for dataset_alias_example_alias_producer_with_no_taskflow to None, run_after=None
[2026-09-17T18:48:23.373+0000] {logging_mixin.py:190} INFO - [2026-09-17T18:48:23.372+0000] {dag.py:4180} INFO - Setting next_dagrun for dataset_s3_bucket_consumer_with_no_taskflow to None, run_after=None
[2026-09-17T18:48:23.376+0000] {logging_mixin.py:190} INFO - [2026-09-17T18:48:23.376+0000] {dag.py:4180} INFO - Setting next_dagrun for dataset_s3_bucket_producer_with_no_taskflow to None, run_after=None
[2026-09-17T18:48:23.411+0000] {processor.py:208} INFO - Processing /home/airflow/.local/lib/python3.12/site-packages/airflow/example_dags/example_dataset_alias_with_no_taskflow.py took 0.971 seconds
[2026-09-17T18:48:53.583+0000] {processor.py:186} INFO - Started process (PID=282) to work on /home/airflow/.local/lib/python3.12/site-packages/airflow/example_dags/example_dataset_alias_with_no_taskflow.py
[2026-09-17T18:48:53.585+0000] {processor.py:914} INFO - Processing file /home/airflow/.local/lib/python3.12/site-packages/airflow/example_dags/example_dataset_alias_with_no_taskflow.py for tasks to queue
[2026-09-17T18:48:53.589+0000] {logging_mixin.py:190} INFO - [2026-09-17T18:48:53.588+0000] {dagbag.py:588} INFO - Filling up the DagBag from /home/airflow/.local/lib/python3.12/site-packages/airflow/example_dags/example_dataset_alias_with_no_taskflow.py
[2026-09-17T18:48:54.509+0000] {processor.py:925} INFO - DAG(s) 'dataset_alias_example_alias_consumer_with_no_taskflow', 'dataset_s3_bucket_producer_with_no_taskflow', 'dataset_alias_example_alias_producer_with_no_taskflow', 'dataset_s3_bucket_consumer_with_no_taskflow' retrieved from /home/airflow/.local/lib/python3.12/site-packages/airflow/example_dags/example_dataset_alias_with_no_taskflow.py
[2026-09-17T18:48:54.541+0000] {logging_mixin.py:190} INFO - [2026-09-17T18:48:54.541+0000] {dag.py:3239} INFO - Sync 4 DAGs
[2026-09-17T18:48:54.569+0000] {logging_mixin.py:190} INFO - [2026-09-17T18:48:54.569+0000] {dag.py:4180} INFO - Setting next_dagrun for dataset_alias_example_alias_consumer_with_no_taskflow to None, run_after=None
[2026-09-17T18:48:54.573+0000] {logging_mixin.py:190} INFO - [2026-09-17T18:48:54.573+0000] {dag.py:4180} INFO - Setting next_dagrun for dataset_alias_example_alias_producer_with_no_taskflow to None, run_after=None
[2026-09-17T18:48:54.576+0000] {logging_mixin.py:190} INFO - [2026-09-17T18:48:54.576+0000] {dag.py:4180} INFO - Setting next_dagrun for dataset_s3_bucket_consumer_with_no_taskflow to None, run_after=None
[2026-09-17T18:48:54.579+0000] {logging_mixin.py:190} INFO - [2026-09-17T18:48:54.579+0000] {dag.py:4180} INFO - Setting next_dagrun for dataset_s3_bucket_producer_with_no_taskflow to None, run_after=None
[2026-09-17T18:48:54.610+0000] {processor.py:208} INFO - Processing /home/airflow/.local/lib/python3.12/site-packages/airflow/example_dags/example_dataset_alias_with_no_taskflow.py took 1.035 seconds
[2026-09-17T18:49:25.260+0000] {processor.py:186} INFO - Started process (PID=348) to work on /home/airflow/.local/lib/python3.12/site-packages/airflow/example_dags/example_dataset_alias_with_no_taskflow.py
[2026-09-17T18:49:25.262+0000] {processor.py:914} INFO - Processing file /home/airflow/.local/lib/python3.12/site-packages/airflow/example_dags/example_dataset_alias_with_no_taskflow.py for tasks to queue
[2026-09-17T18:49:25.265+0000] {logging_mixin.py:190} INFO - [2026-09-17T18:49:25.264+0000] {dagbag.py:588} INFO - Filling up the DagBag from /home/airflow/.local/lib/python3.12/site-packages/airflow/example_dags/example_dataset_alias_with_no_taskflow.py
[2026-09-17T18:49:25.871+0000] {processor.py:925} INFO - DAG(s) 'dataset_s3_bucket_producer_with_no_taskflow', 'dataset_alias_example_alias_consumer_with_no_taskflow', 'dataset_s3_bucket_consumer_with_no_taskflow', 'dataset_alias_example_alias_producer_with_no_taskflow' retrieved from /home/airflow/.local/lib/python3.12/site-packages/airflow/example_dags/example_dataset_alias_with_no_taskflow.py
[2026-09-17T18:49:25.902+0000] {logging_mixin.py:190} INFO - [2026-09-17T18:49:25.901+0000] {dag.py:3239} INFO - Sync 4 DAGs
[2026-09-17T18:49:25.929+0000] {logging_mixin.py:190} INFO - [2026-09-17T18:49:25.929+0000] {dag.py:4180} INFO - Setting next_dagrun for dataset_alias_example_alias_consumer_with_no_taskflow to None, run_after=None
[2026-09-17T18:49:25.933+0000] {logging_mixin.py:190} INFO - [2026-09-17T18:49:25.932+0000] {dag.py:4180} INFO - Setting next_dagrun for dataset_alias_example_alias_producer_with_no_taskflow to None, run_after=None
[2026-09-17T18:49:25.936+0000] {logging_mixin.py:190} INFO - [2026-09-17T18:49:25.936+0000] {dag.py:4180} INFO - Setting next_dagrun for dataset_s3_bucket_consumer_with_no_taskflow to None, run_after=None
[2026-09-17T18:49:25.939+0000] {logging_mixin.py:190} INFO - [2026-09-17T18:49:25.939+0000] {dag.py:4180} INFO - Setting next_dagrun for dataset_s3_bucket_producer_with_no_taskflow to None, run_after=None
[2026-09-17T18:49:25.966+0000] {processor.py:208} INFO - Processing /home/airflow/.local/lib/python3.12/site-packages/airflow/example_dags/example_dataset_alias_with_no_taskflow.py took 0.712 seconds
[2026-09-17T18:50:51.558+0000] {processor.py:186} INFO - Started process (PID=64) to work on /home/airflow/.local/lib/python3.12/site-packages/airflow/example_dags/example_dataset_alias_with_no_taskflow.py
[2026-09-17T18:50:51.560+0000] {processor.py:914} INFO - Processing file /home/airflow/.local/lib/python3.12/site-packages/airflow/example_dags/example_dataset_alias_with_no_taskflow.py for tasks to queue
[2026-09-17T18:50:51.563+0000] {logging_mixin.py:190} INFO - [2026-09-17T18:50:51.563+0000] {dagbag.py:588} INFO - Filling up the DagBag from /home/airflow/.local/lib/python3.12/site-packages/airflow/example_dags/example_dataset_alias_with_no_taskflow.py
[2026-09-17T18:50:52.135+0000] {processor.py:925} INFO - DAG(s) 'dataset_s3_bucket_consumer_with_no_taskflow', 'dataset_s3_bucket_producer_with_no_taskflow', 'dataset_alias_example_alias_consumer_with_no_taskflow', 'dataset_alias_example_alias_producer_with_no_taskflow' retrieved from /home/airflow/.local/lib/python3.12/site-packages/airflow/example_dags/example_dataset_alias_with_no_taskflow.py
[2026-09-17T18:50:52.173+0000] {logging_mixin.py:190} INFO - [2026-09-17T18:50:52.172+0000] {dag.py:3239} INFO - Sync 4 DAGs
[2026-09-17T18:50:52.203+0000] {logging_mixin.py:190} INFO - [2026-09-17T18:50:52.203+0000] {dag.py:4180} INFO - Setting next_dagrun for dataset_alias_example_alias_consumer_with_no_taskflow to None, run_after=None
[2026-09-17T18:50:52.208+0000] {logging_mixin.py:190} INFO - [2026-09-17T18:50:52.208+0000] {dag.py:4180} INFO - Setting next_dagrun for dataset_alias_example_alias_producer_with_no_taskflow to None, run_after=None
[2026-09-17T18:50:52.211+0000] {logging_mixin.py:190} INFO - [2026-09-17T18:50:52.210+0000] {dag.py:4180} INFO - Setting next_dagrun for dataset_s3_bucket_consumer_with_no_taskflow to None, run_after=None
[2026-09-17T18:50:52.215+0000] {logging_mixin.py:190} INFO - [2026-09-17T18:50:52.214+0000] {dag.py:4180} INFO - Setting next_dagrun for dataset_s3_bucket_producer_with_no_taskflow to None, run_after=None
[2026-09-17T18:50:52.250+0000] {processor.py:208} INFO - Processing /home/airflow/.local/lib/python3.12/site-packages/airflow/example_dags/example_dataset_alias_with_no_taskflow.py took 0.700 seconds
[2026-09-17T18:51:22.912+0000] {processor.py:186} INFO - Started process (PID=130) to work on /home/airflow/.local/lib/python3.12/site-packages/airflow/example_dags/example_dataset_alias_with_no_taskflow.py
[2026-09-17T18:51:22.917+0000] {processor.py:914} INFO - Processing file /home/airflow/.local/lib/python3.12/site-packages/airflow/example_dags/example_dataset_alias_with_no_taskflow.py for tasks to queue
[2026-09-17T18:51:22.921+0000] {logging_mixin.py:190} INFO - [2026-09-17T18:51:22.920+0000] {dagbag.py:588} INFO - Filling up the DagBag from /home/airflow/.local/lib/python3.12/site-packages/airflow/example_dags/example_dataset_alias_with_no_taskflow.py
[2026-09-17T18:51:23.759+0000] {processor.py:925} INFO - DAG(s) 'dataset_alias_example_alias_consumer_with_no_taskflow', 'dataset_alias_example_alias_producer_with_no_taskflow', 'dataset_s3_bucket_consumer_with_no_taskflow', 'dataset_s3_bucket_producer_with_no_taskflow' retrieved from /home/airflow/.local/lib/python3.12/site-packages/airflow/example_dags/example_dataset_alias_with_no_taskflow.py
[2026-09-17T18:51:24.413+0000] {logging_mixin.py:190} INFO - [2026-09-17T18:51:24.412+0000] {dag.py:3239} INFO - Sync 4 DAGs
[2026-09-17T18:51:24.459+0000] {logging_mixin.py:190} INFO - [2026-09-17T18:51:24.458+0000] {dag.py:4180} INFO - Setting next_dagrun for dataset_alias_example_alias_consumer_with_no_taskflow to None, run_after=None
[2026-09-17T18:51:24.466+0000] {logging_mixin.py:190} INFO - [2026-09-17T18:51:24.465+0000] {dag.py:4180} INFO - Setting next_dagrun for dataset_alias_example_alias_producer_with_no_taskflow to None, run_after=None
[2026-09-17T18:51:24.470+0000] {logging_mixin.py:190} INFO - [2026-09-17T18:51:24.470+0000] {dag.py:4180} INFO - Setting next_dagrun for dataset_s3_bucket_consumer_with_no_taskflow to None, run_after=None
[2026-09-17T18:51:24.475+0000] {logging_mixin.py:190} INFO - [2026-09-17T18:51:24.474+0000] {dag.py:4180} INFO - Setting next_dagrun for dataset_s3_bucket_producer_with_no_taskflow to None, run_after=None
[2026-09-17T18:51:24.518+0000] {processor.py:208} INFO - Processing /home/airflow/.local/lib/python3.12/site-packages/airflow/example_dags/example_dataset_alias_with_no_taskflow.py took 1.622 seconds
[2026-09-17T18:51:55.129+0000] {processor.py:186} INFO - Started process (PID=192) to work on /home/airflow/.local/lib/python3.12/site-packages/airflow/example_dags/example_dataset_alias_with_no_taskflow.py
[2026-09-17T18:51:55.133+0000] {processor.py:914} INFO - Processing file /home/airflow/.local/lib/python3.12/site-packages/airflow/example_dags/example_dataset_alias_with_no_taskflow.py for tasks to queue
[2026-09-17T18:51:55.137+0000] {logging_mixin.py:190} INFO - [2026-09-17T18:51:55.136+0000] {dagbag.py:588} INFO - Filling up the DagBag from /home/airflow/.local/lib/python3.12/site-packages/airflow/example_dags/example_dataset_alias_with_no_taskflow.py
[2026-09-17T18:51:55.880+0000] {processor.py:925} INFO - DAG(s) 'dataset_s3_bucket_consumer_with_no_taskflow', 'dataset_alias_example_alias_consumer_with_no_taskflow', 'dataset_alias_example_alias_producer_with_no_taskflow', 'dataset_s3_bucket_producer_with_no_taskflow' retrieved from /home/airflow/.local/lib/python3.12/site-packages/airflow/example_dags/example_dataset_alias_with_no_taskflow.py
[2026-09-17T18:51:55.927+0000] {logging_mixin.py:190} INFO - [2026-09-17T18:51:55.926+0000] {dag.py:3239} INFO - Sync 4 DAGs
[2026-09-17T18:51:56.422+0000] {logging_mixin.py:190} INFO - [2026-09-17T18:51:56.421+0000] {dag.py:4180} INFO - Setting next_dagrun for dataset_alias_example_alias_consumer_with_no_taskflow to None, run_after=None
[2026-09-17T18:51:56.429+0000] {logging_mixin.py:190} INFO - [2026-09-17T18:51:56.428+0000] {dag.py:4180} INFO - Setting next_dagrun for dataset_alias_example_alias_producer_with_no_taskflow to None, run_after=None
[2026-09-17T18:51:56.433+0000] {logging_mixin.py:190} INFO - [2026-09-17T18:51:56.432+0000] {dag.py:4180} INFO - Setting next_dagrun for dataset_s3_bucket_consumer_with_no_taskflow to None, run_after=None
[2026-09-17T18:51:56.437+0000] {logging_mixin.py:190} INFO - [2026-09-17T18:51:56.437+0000] {dag.py:4180} INFO - Setting next_dagrun for dataset_s3_bucket_producer_with_no_taskflow to None, run_after=None
[2026-09-17T18:51:56.485+0000] {processor.py:208} INFO - Processing /home/airflow/.local/lib/python3.12/site-packages/airflow/example_dags/example_dataset_alias_with_no_taskflow.py took 1.371 seconds
[2026-09-17T18:52:27.118+0000] {processor.py:186} INFO - Started process (PID=261) to work on /home/airflow/.local/lib/python3.12/site-packages/airflow/example_dags/example_dataset_alias_with_no_taskflow.py
[2026-09-17T18:52:27.121+0000] {processor.py:914} INFO - Processing file /home/airflow/.local/lib/python3.12/site-packages/airflow/example_dags/example_dataset_alias_with_no_taskflow.py for tasks to queue
[2026-09-17T18:52:27.124+0000] {logging_mixin.py:190} INFO - [2026-09-17T18:52:27.123+0000] {dagbag.py:588} INFO - Filling up the DagBag from /home/airflow/.local/lib/python3.12/site-packages/airflow/example_dags/example_dataset_alias_with_no_taskflow.py
[2026-09-17T18:52:27.615+0000] {processor.py:925} INFO - DAG(s) 'dataset_alias_example_alias_producer_with_no_taskflow', 'dataset_s3_bucket_consumer_with_no_taskflow', 'dataset_s3_bucket_producer_with_no_taskflow', 'dataset_alias_example_alias_consumer_with_no_taskflow' retrieved from /home/airflow/.local/lib/python3.12/site-packages/airflow/example_dags/example_dataset_alias_with_no_taskflow.py
[2026-09-17T18:52:27.643+0000] {logging_mixin.py:190} INFO - [2026-09-17T18:52:27.643+0000] {dag.py:3239} INFO - Sync 4 DAGs
[2026-09-17T18:52:27.896+0000] {logging_mixin.py:190} INFO - [2026-09-17T18:52:27.895+0000] {dag.py:4180} INFO - Setting next_dagrun for dataset_alias_example_alias_consumer_with_no_taskflow to None, run_after=None
[2026-09-17T18:52:27.901+0000] {logging_mixin.py:190} INFO - [2026-09-17T18:52:27.900+0000] {dag.py:4180} INFO - Setting next_dagrun for dataset_alias_example_alias_producer_with_no_taskflow to None, run_after=None
[2026-09-17T18:52:27.905+0000] {logging_mixin.py:190} INFO - [2026-09-17T18:52:27.904+0000] {dag.py:4180} INFO - Setting next_dagrun for dataset_s3_bucket_consumer_with_no_taskflow to None, run_after=None
[2026-09-17T18:52:27.908+0000] {logging_mixin.py:190} INFO - [2026-09-17T18:52:27.907+0000] {dag.py:4180} INFO - Setting next_dagrun for dataset_s3_bucket_producer_with_no_taskflow to None, run_after=None
[2026-09-17T18:52:27.937+0000] {processor.py:208} INFO - Processing /home/airflow/.local/lib/python3.12/site-packages/airflow/example_dags/example_dataset_alias_with_no_taskflow.py took 0.827 seconds
[2026-09-17T18:52:58.301+0000] {processor.py:186} INFO - Started process (PID=330) to work on /home/airflow/.local/lib/python3.12/site-packages/airflow/example_dags/example_dataset_alias_with_no_taskflow.py
[2026-09-17T18:52:58.303+0000] {processor.py:914} INFO - Processing file /home/airflow/.local/lib/python3.12/site-packages/airflow/example_dags/example_dataset_alias_with_no_taskflow.py for tasks to queue
[2026-09-17T18:52:58.305+0000] {logging_mixin.py:190} INFO - [2026-09-17T18:52:58.305+0000] {dagbag.py:588} INFO - Filling up the DagBag from /home/airflow/.local/lib/python3.12/site-packages/airflow/example_dags/example_dataset_alias_with_no_taskflow.py
[2026-09-17T18:52:58.776+0000] {processor.py:925} INFO - DAG(s) 'dataset_alias_example_alias_producer_with_no_taskflow', 'dataset_s3_bucket_producer_with_no_taskflow', 'dataset_alias_example_alias_consumer_with_no_taskflow', 'dataset_s3_bucket_consumer_with_no_taskflow' retrieved from /home/airflow/.local/lib/python3.12/site-packages/airflow/example_dags/example_dataset_alias_with_no_taskflow.py
[2026-09-17T18:52:58.805+0000] {logging_mixin.py:190} INFO - [2026-09-17T18:52:58.805+0000] {dag.py:3239} INFO - Sync 4 DAGs
[2026-09-17T18:52:59.017+0000] {logging_mixin.py:190} INFO - [2026-09-17T18:52:59.017+0000] {dag.py:4180} INFO - Setting next_dagrun for dataset_alias_example_alias_consumer_with_no_taskflow to None, run_after=None
[2026-09-17T18:52:59.021+0000] {logging_mixin.py:190} INFO - [2026-09-17T18:52:59.021+0000] {dag.py:4180} INFO - Setting next_dagrun for dataset_alias_example_alias_producer_with_no_taskflow to None, run_after=None
[2026-09-17T18:52:59.025+0000] {logging_mixin.py:190} INFO - [2026-09-17T18:52:59.025+0000] {dag.py:4180} INFO - Setting next_dagrun for dataset_s3_bucket_consumer_with_no_taskflow to None, run_after=None
[2026-09-17T18:52:59.028+0000] {logging_mixin.py:190} INFO - [2026-09-17T18:52:59.028+0000] {dag.py:4180} INFO - Setting next_dagrun for dataset_s3_bucket_producer_with_no_taskflow to None, run_after=None
[2026-09-17T18:52:59.057+0000] {processor.py:208} INFO - Processing /home/airflow/.local/lib/python3.12/site-packages/airflow/example_dags/example_dataset_alias_with_no_taskflow.py took 0.762 seconds
[2026-09-17T18:53:29.387+0000] {processor.py:186} INFO - Started process (PID=397) to work on /home/airflow/.local/lib/python3.12/site-packages/airflow/example_dags/example_dataset_alias_with_no_taskflow.py
[2026-09-17T18:53:29.389+0000] {processor.py:914} INFO - Processing file /home/airflow/.local/lib/python3.12/site-packages/airflow/example_dags/example_dataset_alias_with_no_taskflow.py for tasks to queue
[2026-09-17T18:53:29.391+0000] {logging_mixin.py:190} INFO - [2026-09-17T18:53:29.391+0000] {dagbag.py:588} INFO - Filling up the DagBag from /home/airflow/.local/lib/python3.12/site-packages/airflow/example_dags/example_dataset_alias_with_no_taskflow.py
[2026-09-17T18:53:30.041+0000] {processor.py:925} INFO - DAG(s) 'dataset_s3_bucket_consumer_with_no_taskflow', 'dataset_alias_example_alias_consumer_with_no_taskflow', 'dataset_alias_example_alias_producer_with_no_taskflow', 'dataset_s3_bucket_producer_with_no_taskflow' retrieved from /home/airflow/.local/lib/python3.12/site-packages/airflow/example_dags/example_dataset_alias_with_no_taskflow.py
[2026-09-17T18:53:30.073+0000] {logging_mixin.py:190} INFO - [2026-09-17T18:53:30.072+0000] {dag.py:3239} INFO - Sync 4 DAGs
[2026-09-17T18:53:30.104+0000] {logging_mixin.py:190} INFO - [2026-09-17T18:53:30.104+0000] {dag.py:4180} INFO - Setting next_dagrun for dataset_alias_example_alias_consumer_with_no_taskflow to None, run_after=None
[2026-09-17T18:53:30.110+0000] {logging_mixin.py:190} INFO - [2026-09-17T18:53:30.110+0000] {dag.py:4180} INFO - Setting next_dagrun for dataset_alias_example_alias_producer_with_no_taskflow to None, run_after=None
[2026-09-17T18:53:30.117+0000] {logging_mixin.py:190} INFO - [2026-09-17T18:53:30.117+0000] {dag.py:4180} INFO - Setting next_dagrun for dataset_s3_bucket_consumer_with_no_taskflow to None, run_after=None
[2026-09-17T18:53:30.122+0000] {logging_mixin.py:190} INFO - [2026-09-17T18:53:30.122+0000] {dag.py:4180} INFO - Setting next_dagrun for dataset_s3_bucket_producer_with_no_taskflow to None, run_after=None
[2026-09-17T18:53:30.159+0000] {processor.py:208} INFO - Processing /home/airflow/.local/lib/python3.12/site-packages/airflow/example_dags/example_dataset_alias_with_no_taskflow.py took 0.779 seconds
[2026-09-17T18:54:00.585+0000] {processor.py:186} INFO - Started process (PID=463) to work on /home/airflow/.local/lib/python3.12/site-packages/airflow/example_dags/example_dataset_alias_with_no_taskflow.py
[2026-09-17T18:54:00.587+0000] {processor.py:914} INFO - Processing file /home/airflow/.local/lib/python3.12/site-packages/airflow/example_dags/example_dataset_alias_with_no_taskflow.py for tasks to queue
[2026-09-17T18:54:00.589+0000] {logging_mixin.py:190} INFO - [2026-09-17T18:54:00.589+0000] {dagbag.py:588} INFO - Filling up the DagBag from /home/airflow/.local/lib/python3.12/site-packages/airflow/example_dags/example_dataset_alias_with_no_taskflow.py
[2026-09-17T18:54:01.190+0000] {processor.py:925} INFO - DAG(s) 'dataset_alias_example_alias_consumer_with_no_taskflow', 'dataset_s3_bucket_producer_with_no_taskflow', 'dataset_s3_bucket_consumer_with_no_taskflow', 'dataset_alias_example_alias_producer_with_no_taskflow' retrieved from /home/airflow/.local/lib/python3.12/site-packages/airflow/example_dags/example_dataset_alias_with_no_taskflow.py
[2026-09-17T18:54:01.218+0000] {logging_mixin.py:190} INFO - [2026-09-17T18:54:01.217+0000] {dag.py:3239} INFO - Sync 4 DAGs
[2026-09-17T18:54:01.243+0000] {logging_mixin.py:190} INFO - [2026-09-17T18:54:01.243+0000] {dag.py:4180} INFO - Setting next_dagrun for dataset_alias_example_alias_consumer_with_no_taskflow to None, run_after=None
[2026-09-17T18:54:01.248+0000] {logging_mixin.py:190} INFO - [2026-09-17T18:54:01.247+0000] {dag.py:4180} INFO - Setting next_dagrun for dataset_alias_example_alias_producer_with_no_taskflow to None, run_after=None
[2026-09-17T18:54:01.251+0000] {logging_mixin.py:190} INFO - [2026-09-17T18:54:01.251+0000] {dag.py:4180} INFO - Setting next_dagrun for dataset_s3_bucket_consumer_with_no_taskflow to None, run_after=None
[2026-09-17T18:54:01.254+0000] {logging_mixin.py:190} INFO - [2026-09-17T18:54:01.253+0000] {dag.py:4180} INFO - Setting next_dagrun for dataset_s3_bucket_producer_with_no_taskflow to None, run_after=None
[2026-09-17T18:54:01.284+0000] {processor.py:208} INFO - Processing /home/airflow/.local/lib/python3.12/site-packages/airflow/example_dags/example_dataset_alias_with_no_taskflow.py took 0.705 seconds
[2026-09-17T18:54:31.937+0000] {processor.py:186} INFO - Started process (PID=528) to work on /home/airflow/.local/lib/python3.12/site-packages/airflow/example_dags/example_dataset_alias_with_no_taskflow.py
[2026-09-17T18:54:31.939+0000] {processor.py:914} INFO - Processing file /home/airflow/.local/lib/python3.12/site-packages/airflow/example_dags/example_dataset_alias_with_no_taskflow.py for tasks to queue
[2026-09-17T18:54:31.941+0000] {logging_mixin.py:190} INFO - [2026-09-17T18:54:31.940+0000] {dagbag.py:588} INFO - Filling up the DagBag from /home/airflow/.local/lib/python3.12/site-packages/airflow/example_dags/example_dataset_alias_with_no_taskflow.py
[2026-09-17T18:54:32.391+0000] {processor.py:925} INFO - DAG(s) 'dataset_s3_bucket_producer_with_no_taskflow', 'dataset_s3_bucket_consumer_with_no_taskflow', 'dataset_alias_example_alias_producer_with_no_taskflow', 'dataset_alias_example_alias_consumer_with_no_taskflow' retrieved from /home/airflow/.local/lib/python3.12/site-packages/airflow/example_dags/example_dataset_alias_with_no_taskflow.py
[2026-09-17T18:54:32.592+0000] {logging_mixin.py:190} INFO - [2026-09-17T18:54:32.591+0000] {dag.py:3239} INFO - Sync 4 DAGs
[2026-09-17T18:54:32.617+0000] {logging_mixin.py:190} INFO - [2026-09-17T18:54:32.617+0000] {dag.py:4180} INFO - Setting next_dagrun for dataset_alias_example_alias_consumer_with_no_taskflow to None, run_after=None
[2026-09-17T18:54:32.621+0000] {logging_mixin.py:190} INFO - [2026-09-17T18:54:32.621+0000] {dag.py:4180} INFO - Setting next_dagrun for dataset_alias_example_alias_producer_with_no_taskflow to None, run_after=None
[2026-09-17T18:54:32.625+0000] {logging_mixin.py:190} INFO - [2026-09-17T18:54:32.624+0000] {dag.py:4180} INFO - Setting next_dagrun for dataset_s3_bucket_consumer_with_no_taskflow to None, run_after=None
[2026-09-17T18:54:32.627+0000] {logging_mixin.py:190} INFO - [2026-09-17T18:54:32.627+0000] {dag.py:4180} INFO - Setting next_dagrun for dataset_s3_bucket_producer_with_no_taskflow to None, run_after=None
[2026-09-17T18:54:32.657+0000] {processor.py:208} INFO - Processing /home/airflow/.local/lib/python3.12/site-packages/airflow/example_dags/example_dataset_alias_with_no_taskflow.py took 0.725 seconds
[2026-09-17T18:55:03.172+0000] {processor.py:186} INFO - Started process (PID=593) to work on /home/airflow/.local/lib/python3.12/site-packages/airflow/example_dags/example_dataset_alias_with_no_taskflow.py
[2026-09-17T18:55:03.174+0000] {processor.py:914} INFO - Processing file /home/airflow/.local/lib/python3.12/site-packages/airflow/example_dags/example_dataset_alias_with_no_taskflow.py for tasks to queue
[2026-09-17T18:55:03.176+0000] {logging_mixin.py:190} INFO - [2026-09-17T18:55:03.176+0000] {dagbag.py:588} INFO - Filling up the DagBag from /home/airflow/.local/lib/python3.12/site-packages/airflow/example_dags/example_dataset_alias_with_no_taskflow.py
[2026-09-17T18:55:03.793+0000] {processor.py:925} INFO - DAG(s) 'dataset_alias_example_alias_producer_with_no_taskflow', 'dataset_alias_example_alias_consumer_with_no_taskflow', 'dataset_s3_bucket_producer_with_no_taskflow', 'dataset_s3_bucket_consumer_with_no_taskflow' retrieved from /home/airflow/.local/lib/python3.12/site-packages/airflow/example_dags/example_dataset_alias_with_no_taskflow.py
[2026-09-17T18:55:03.822+0000] {logging_mixin.py:190} INFO - [2026-09-17T18:55:03.821+0000] {dag.py:3239} INFO - Sync 4 DAGs
[2026-09-17T18:55:03.851+0000] {logging_mixin.py:190} INFO - [2026-09-17T18:55:03.851+0000] {dag.py:4180} INFO - Setting next_dagrun for dataset_alias_example_alias_consumer_with_no_taskflow to None, run_after=None
[2026-09-17T18:55:03.856+0000] {logging_mixin.py:190} INFO - [2026-09-17T18:55:03.856+0000] {dag.py:4180} INFO - Setting next_dagrun for dataset_alias_example_alias_producer_with_no_taskflow to None, run_after=None
[2026-09-17T18:55:03.859+0000] {logging_mixin.py:190} INFO - [2026-09-17T18:55:03.859+0000] {dag.py:4180} INFO - Setting next_dagrun for dataset_s3_bucket_consumer_with_no_taskflow to None, run_after=None
[2026-09-17T18:55:03.862+0000] {logging_mixin.py:190} INFO - [2026-09-17T18:55:03.861+0000] {dag.py:4180} INFO - Setting next_dagrun for dataset_s3_bucket_producer_with_no_taskflow to None, run_after=None
[2026-09-17T18:55:03.888+0000] {processor.py:208} INFO - Processing /home/airflow/.local/lib/python3.12/site-packages/airflow/example_dags/example_dataset_alias_with_no_taskflow.py took 0.723 seconds
[2026-09-17T18:55:34.655+0000] {processor.py:186} INFO - Started process (PID=658) to work on /home/airflow/.local/lib/python3.12/site-packages/airflow/example_dags/example_dataset_alias_with_no_taskflow.py
[2026-09-17T18:55:34.657+0000] {processor.py:914} INFO - Processing file /home/airflow/.local/lib/python3.12/site-packages/airflow/example_dags/example_dataset_alias_with_no_taskflow.py for tasks to queue
[2026-09-17T18:55:34.660+0000] {logging_mixin.py:190} INFO - [2026-09-17T18:55:34.659+0000] {dagbag.py:588} INFO - Filling up the DagBag from /home/airflow/.local/lib/python3.12/site-packages/airflow/example_dags/example_dataset_alias_with_no_taskflow.py
[2026-09-17T18:55:35.356+0000] {processor.py:925} INFO - DAG(s) 'dataset_alias_example_alias_consumer_with_no_taskflow', 'dataset_alias_example_alias_producer_with_no_taskflow', 'dataset_s3_bucket_producer_with_no_taskflow', 'dataset_s3_bucket_consumer_with_no_taskflow' retrieved from /home/airflow/.local/lib/python3.12/site-packages/airflow/example_dags/example_dataset_alias_with_no_taskflow.py
[2026-09-17T18:55:35.382+0000] {logging_mixin.py:190} INFO - [2026-09-17T18:55:35.382+0000] {dag.py:3239} INFO - Sync 4 DAGs
[2026-09-17T18:55:35.412+0000] {logging_mixin.py:190} INFO - [2026-09-17T18:55:35.411+0000] {dag.py:4180} INFO - Setting next_dagrun for dataset_alias_example_alias_consumer_with_no_taskflow to None, run_after=None
[2026-09-17T18:55:35.416+0000] {logging_mixin.py:190} INFO - [2026-09-17T18:55:35.416+0000] {dag.py:4180} INFO - Setting next_dagrun for dataset_alias_example_alias_producer_with_no_taskflow to None, run_after=None
[2026-09-17T18:55:35.419+0000] {logging_mixin.py:190} INFO - [2026-09-17T18:55:35.419+0000] {dag.py:4180} INFO - Setting next_dagrun for dataset_s3_bucket_consumer_with_no_taskflow to None, run_after=None
[2026-09-17T18:55:35.422+0000] {logging_mixin.py:190} INFO - [2026-09-17T18:55:35.421+0000] {dag.py:4180} INFO - Setting next_dagrun for dataset_s3_bucket_producer_with_no_taskflow to None, run_after=None
[2026-09-17T18:55:35.449+0000] {processor.py:208} INFO - Processing /home/airflow/.local/lib/python3.12/site-packages/airflow/example_dags/example_dataset_alias_with_no_taskflow.py took 0.800 seconds
[2026-09-17T18:56:05.525+0000] {processor.py:186} INFO - Started process (PID=723) to work on /home/airflow/.local/lib/python3.12/site-packages/airflow/example_dags/example_dataset_alias_with_no_taskflow.py
[2026-09-17T18:56:05.527+0000] {processor.py:914} INFO - Processing file /home/airflow/.local/lib/python3.12/site-packages/airflow/example_dags/example_dataset_alias_with_no_taskflow.py for tasks to queue
[2026-09-17T18:56:05.529+0000] {logging_mixin.py:190} INFO - [2026-09-17T18:56:05.529+0000] {dagbag.py:588} INFO - Filling up the DagBag from /home/airflow/.local/lib/python3.12/site-packages/airflow/example_dags/example_dataset_alias_with_no_taskflow.py
[2026-09-17T18:56:06.122+0000] {processor.py:925} INFO - DAG(s) 'dataset_alias_example_alias_producer_with_no_taskflow', 'dataset_alias_example_alias_consumer_with_no_taskflow', 'dataset_s3_bucket_consumer_with_no_taskflow', 'dataset_s3_bucket_producer_with_no_taskflow' retrieved from /home/airflow/.local/lib/python3.12/site-packages/airflow/example_dags/example_dataset_alias_with_no_taskflow.py
[2026-09-17T18:56:06.148+0000] {logging_mixin.py:190} INFO - [2026-09-17T18:56:06.148+0000] {dag.py:3239} INFO - Sync 4 DAGs
[2026-09-17T18:56:06.172+0000] {logging_mixin.py:190} INFO - [2026-09-17T18:56:06.172+0000] {dag.py:4180} INFO - Setting next_dagrun for dataset_alias_example_alias_consumer_with_no_taskflow to None, run_after=None
[2026-09-17T18:56:06.176+0000] {logging_mixin.py:190} INFO - [2026-09-17T18:56:06.176+0000] {dag.py:4180} INFO - Setting next_dagrun for dataset_alias_example_alias_producer_with_no_taskflow to None, run_after=None
[2026-09-17T18:56:06.179+0000] {logging_mixin.py:190} INFO - [2026-09-17T18:56:06.178+0000] {dag.py:4180} INFO - Setting next_dagrun for dataset_s3_bucket_consumer_with_no_taskflow to None, run_after=None
[2026-09-17T18:56:06.181+0000] {logging_mixin.py:190} INFO - [2026-09-17T18:56:06.181+0000] {dag.py:4180} INFO - Setting next_dagrun for dataset_s3_bucket_producer_with_no_taskflow to None, run_after=None
[2026-09-17T18:56:06.208+0000] {processor.py:208} INFO - Processing /home/airflow/.local/lib/python3.12/site-packages/airflow/example_dags/example_dataset_alias_with_no_taskflow.py took 0.689 seconds
[2026-09-17T18:56:36.304+0000] {processor.py:186} INFO - Started process (PID=788) to work on /home/airflow/.local/lib/python3.12/site-packages/airflow/example_dags/example_dataset_alias_with_no_taskflow.py
[2026-09-17T18:56:36.306+0000] {processor.py:914} INFO - Processing file /home/airflow/.local/lib/python3.12/site-packages/airflow/example_dags/example_dataset_alias_with_no_taskflow.py for tasks to queue
[2026-09-17T18:56:36.308+0000] {logging_mixin.py:190} INFO - [2026-09-17T18:56:36.308+0000] {dagbag.py:588} INFO - Filling up the DagBag from /home/airflow/.local/lib/python3.12/site-packages/airflow/example_dags/example_dataset_alias_with_no_taskflow.py
[2026-09-17T18:56:36.978+0000] {processor.py:925} INFO - DAG(s) 'dataset_alias_example_alias_producer_with_no_taskflow', 'dataset_s3_bucket_producer_with_no_taskflow', 'dataset_alias_example_alias_consumer_with_no_taskflow', 'dataset_s3_bucket_consumer_with_no_taskflow' retrieved from /home/airflow/.local/lib/python3.12/site-packages/airflow/example_dags/example_dataset_alias_with_no_taskflow.py
[2026-09-17T18:56:37.005+0000] {logging_mixin.py:190} INFO - [2026-09-17T18:56:37.005+0000] {dag.py:3239} INFO - Sync 4 DAGs
[2026-09-17T18:56:37.031+0000] {logging_mixin.py:190} INFO - [2026-09-17T18:56:37.031+0000] {dag.py:4180} INFO - Setting next_dagrun for dataset_alias_example_alias_consumer_with_no_taskflow to None, run_after=None
[2026-09-17T18:56:37.035+0000] {logging_mixin.py:190} INFO - [2026-09-17T18:56:37.035+0000] {dag.py:4180} INFO - Setting next_dagrun for dataset_alias_example_alias_producer_with_no_taskflow to None, run_after=None
[2026-09-17T18:56:37.040+0000] {logging_mixin.py:190} INFO - [2026-09-17T18:56:37.040+0000] {dag.py:4180} INFO - Setting next_dagrun for dataset_s3_bucket_consumer_with_no_taskflow to None, run_after=None
[2026-09-17T18:56:37.043+0000] {logging_mixin.py:190} INFO - [2026-09-17T18:56:37.043+0000] {dag.py:4180} INFO - Setting next_dagrun for dataset_s3_bucket_producer_with_no_taskflow to None, run_after=None
[2026-09-17T18:56:37.068+0000] {processor.py:208} INFO - Processing /home/airflow/.local/lib/python3.12/site-packages/airflow/example_dags/example_dataset_alias_with_no_taskflow.py took 0.773 seconds
[2026-09-17T18:57:07.376+0000] {processor.py:186} INFO - Started process (PID=853) to work on /home/airflow/.local/lib/python3.12/site-packages/airflow/example_dags/example_dataset_alias_with_no_taskflow.py
[2026-09-17T18:57:07.378+0000] {processor.py:914} INFO - Processing file /home/airflow/.local/lib/python3.12/site-packages/airflow/example_dags/example_dataset_alias_with_no_taskflow.py for tasks to queue
[2026-09-17T18:57:07.380+0000] {logging_mixin.py:190} INFO - [2026-09-17T18:57:07.380+0000] {dagbag.py:588} INFO - Filling up the DagBag from /home/airflow/.local/lib/python3.12/site-packages/airflow/example_dags/example_dataset_alias_with_no_taskflow.py
[2026-09-17T18:57:08.017+0000] {processor.py:925} INFO - DAG(s) 'dataset_s3_bucket_consumer_with_no_taskflow', 'dataset_alias_example_alias_consumer_with_no_taskflow', 'dataset_alias_example_alias_producer_with_no_taskflow', 'dataset_s3_bucket_producer_with_no_taskflow' retrieved from /home/airflow/.local/lib/python3.12/site-packages/airflow/example_dags/example_dataset_alias_with_no_taskflow.py
[2026-09-17T18:57:08.047+0000] {logging_mixin.py:190} INFO - [2026-09-17T18:57:08.046+0000] {dag.py:3239} INFO - Sync 4 DAGs
[2026-09-17T18:57:08.073+0000] {logging_mixin.py:190} INFO - [2026-09-17T18:57:08.073+0000] {dag.py:4180} INFO - Setting next_dagrun for dataset_alias_example_alias_consumer_with_no_taskflow to None, run_after=None
[2026-09-17T18:57:08.078+0000] {logging_mixin.py:190} INFO - [2026-09-17T18:57:08.078+0000] {dag.py:4180} INFO - Setting next_dagrun for dataset_alias_example_alias_producer_with_no_taskflow to None, run_after=None
[2026-09-17T18:57:08.082+0000] {logging_mixin.py:190} INFO - [2026-09-17T18:57:08.082+0000] {dag.py:4180} INFO - Setting next_dagrun for dataset_s3_bucket_consumer_with_no_taskflow to None, run_after=None
[2026-09-17T18:57:08.085+0000] {logging_mixin.py:190} INFO - [2026-09-17T18:57:08.085+0000] {dag.py:4180} INFO - Setting next_dagrun for dataset_s3_bucket_producer_with_no_taskflow to None, run_after=None
[2026-09-17T18:57:08.117+0000] {processor.py:208} INFO - Processing /home/airflow/.local/lib/python3.12/site-packages/airflow/example_dags/example_dataset_alias_with_no_taskflow.py took 0.747 seconds
[2026-09-17T18:57:38.604+0000] {processor.py:186} INFO - Started process (PID=918) to work on /home/airflow/.local/lib/python3.12/site-packages/airflow/example_dags/example_dataset_alias_with_no_taskflow.py
[2026-09-17T18:57:38.606+0000] {processor.py:914} INFO - Processing file /home/airflow/.local/lib/python3.12/site-packages/airflow/example_dags/example_dataset_alias_with_no_taskflow.py for tasks to queue
[2026-09-17T18:57:38.608+0000] {logging_mixin.py:190} INFO - [2026-09-17T18:57:38.608+0000] {dagbag.py:588} INFO - Filling up the DagBag from /home/airflow/.local/lib/python3.12/site-packages/airflow/example_dags/example_dataset_alias_with_no_taskflow.py
[2026-09-17T18:57:39.286+0000] {processor.py:925} INFO - DAG(s) 'dataset_alias_example_alias_consumer_with_no_taskflow', 'dataset_s3_bucket_consumer_with_no_taskflow', 'dataset_alias_example_alias_producer_with_no_taskflow', 'dataset_s3_bucket_producer_with_no_taskflow' retrieved from /home/airflow/.local/lib/python3.12/site-packages/airflow/example_dags/example_dataset_alias_with_no_taskflow.py
[2026-09-17T18:57:39.315+0000] {logging_mixin.py:190} INFO - [2026-09-17T18:57:39.314+0000] {dag.py:3239} INFO - Sync 4 DAGs
[2026-09-17T18:57:39.341+0000] {logging_mixin.py:190} INFO - [2026-09-17T18:57:39.341+0000] {dag.py:4180} INFO - Setting next_dagrun for dataset_alias_example_alias_consumer_with_no_taskflow to None, run_after=None
[2026-09-17T18:57:39.345+0000] {logging_mixin.py:190} INFO - [2026-09-17T18:57:39.345+0000] {dag.py:4180} INFO - Setting next_dagrun for dataset_alias_example_alias_producer_with_no_taskflow to None, run_after=None
[2026-09-17T18:57:39.348+0000] {logging_mixin.py:190} INFO - [2026-09-17T18:57:39.348+0000] {dag.py:4180} INFO - Setting next_dagrun for dataset_s3_bucket_consumer_with_no_taskflow to None, run_after=None
[2026-09-17T18:57:39.352+0000] {logging_mixin.py:190} INFO - [2026-09-17T18:57:39.352+0000] {dag.py:4180} INFO - Setting next_dagrun for dataset_s3_bucket_producer_with_no_taskflow to None, run_after=None
[2026-09-17T18:57:39.383+0000] {processor.py:208} INFO - Processing /home/airflow/.local/lib/python3.12/site-packages/airflow/example_dags/example_dataset_alias_with_no_taskflow.py took 0.785 seconds
[2026-09-17T18:58:10.300+0000] {processor.py:186} INFO - Started process (PID=983) to work on /home/airflow/.local/lib/python3.12/site-packages/airflow/example_dags/example_dataset_alias_with_no_taskflow.py
[2026-09-17T18:58:10.302+0000] {processor.py:914} INFO - Processing file /home/airflow/.local/lib/python3.12/site-packages/airflow/example_dags/example_dataset_alias_with_no_taskflow.py for tasks to queue
[2026-09-17T18:58:10.305+0000] {logging_mixin.py:190} INFO - [2026-09-17T18:58:10.305+0000] {dagbag.py:588} INFO - Filling up the DagBag from /home/airflow/.local/lib/python3.12/site-packages/airflow/example_dags/example_dataset_alias_with_no_taskflow.py
[2026-09-17T18:58:11.015+0000] {processor.py:925} INFO - DAG(s) 'dataset_alias_example_alias_producer_with_no_taskflow', 'dataset_s3_bucket_consumer_with_no_taskflow', 'dataset_alias_example_alias_consumer_with_no_taskflow', 'dataset_s3_bucket_producer_with_no_taskflow' retrieved from /home/airflow/.local/lib/python3.12/site-packages/airflow/example_dags/example_dataset_alias_with_no_taskflow.py
[2026-09-17T18:58:11.051+0000] {logging_mixin.py:190} INFO - [2026-09-17T18:58:11.050+0000] {dag.py:3239} INFO - Sync 4 DAGs
[2026-09-17T18:58:11.078+0000] {logging_mixin.py:190} INFO - [2026-09-17T18:58:11.077+0000] {dag.py:4180} INFO - Setting next_dagrun for dataset_alias_example_alias_consumer_with_no_taskflow to None, run_after=None
[2026-09-17T18:58:11.083+0000] {logging_mixin.py:190} INFO - [2026-09-17T18:58:11.082+0000] {dag.py:4180} INFO - Setting next_dagrun for dataset_alias_example_alias_producer_with_no_taskflow to None, run_after=None
[2026-09-17T18:58:11.087+0000] {logging_mixin.py:190} INFO - [2026-09-17T18:58:11.086+0000] {dag.py:4180} INFO - Setting next_dagrun for dataset_s3_bucket_consumer_with_no_taskflow to None, run_after=None
[2026-09-17T18:58:11.090+0000] {logging_mixin.py:190} INFO - [2026-09-17T18:58:11.090+0000] {dag.py:4180} INFO - Setting next_dagrun for dataset_s3_bucket_producer_with_no_taskflow to None, run_after=None
[2026-09-17T18:58:11.122+0000] {processor.py:208} INFO - Processing /home/airflow/.local/lib/python3.12/site-packages/airflow/example_dags/example_dataset_alias_with_no_taskflow.py took 0.828 seconds
[2026-09-17T18:58:41.450+0000] {processor.py:186} INFO - Started process (PID=1047) to work on /home/airflow/.local/lib/python3.12/site-packages/airflow/example_dags/example_dataset_alias_with_no_taskflow.py
[2026-09-17T18:58:41.452+0000] {processor.py:914} INFO - Processing file /home/airflow/.local/lib/python3.12/site-packages/airflow/example_dags/example_dataset_alias_with_no_taskflow.py for tasks to queue
[2026-09-17T18:58:41.455+0000] {logging_mixin.py:190} INFO - [2026-09-17T18:58:41.455+0000] {dagbag.py:588} INFO - Filling up the DagBag from /home/airflow/.local/lib/python3.12/site-packages/airflow/example_dags/example_dataset_alias_with_no_taskflow.py
[2026-09-17T18:58:42.286+0000] {processor.py:925} INFO - DAG(s) 'dataset_alias_example_alias_producer_with_no_taskflow', 'dataset_s3_bucket_producer_with_no_taskflow', 'dataset_s3_bucket_consumer_with_no_taskflow', 'dataset_alias_example_alias_consumer_with_no_taskflow' retrieved from /home/airflow/.local/lib/python3.12/site-packages/airflow/example_dags/example_dataset_alias_with_no_taskflow.py
[2026-09-17T18:58:42.322+0000] {logging_mixin.py:190} INFO - [2026-09-17T18:58:42.321+0000] {dag.py:3239} INFO - Sync 4 DAGs
[2026-09-17T18:58:42.351+0000] {logging_mixin.py:190} INFO - [2026-09-17T18:58:42.351+0000] {dag.py:4180} INFO - Setting next_dagrun for dataset_alias_example_alias_consumer_with_no_taskflow to None, run_after=None
[2026-09-17T18:58:42.356+0000] {logging_mixin.py:190} INFO - [2026-09-17T18:58:42.355+0000] {dag.py:4180} INFO - Setting next_dagrun for dataset_alias_example_alias_producer_with_no_taskflow to None, run_after=None
[2026-09-17T18:58:42.359+0000] {logging_mixin.py:190} INFO - [2026-09-17T18:58:42.359+0000] {dag.py:4180} INFO - Setting next_dagrun for dataset_s3_bucket_consumer_with_no_taskflow to None, run_after=None
[2026-09-17T18:58:42.363+0000] {logging_mixin.py:190} INFO - [2026-09-17T18:58:42.362+0000] {dag.py:4180} INFO - Setting next_dagrun for dataset_s3_bucket_producer_with_no_taskflow to None, run_after=None
[2026-09-17T18:58:42.394+0000] {processor.py:208} INFO - Processing /home/airflow/.local/lib/python3.12/site-packages/airflow/example_dags/example_dataset_alias_with_no_taskflow.py took 0.951 seconds
[2026-09-17T18:59:13.198+0000] {processor.py:186} INFO - Started process (PID=1105) to work on /home/airflow/.local/lib/python3.12/site-packages/airflow/example_dags/example_dataset_alias_with_no_taskflow.py
[2026-09-17T18:59:13.202+0000] {processor.py:914} INFO - Processing file /home/airflow/.local/lib/python3.12/site-packages/airflow/example_dags/example_dataset_alias_with_no_taskflow.py for tasks to queue
[2026-09-17T18:59:13.207+0000] {logging_mixin.py:190} INFO - [2026-09-17T18:59:13.206+0000] {dagbag.py:588} INFO - Filling up the DagBag from /home/airflow/.local/lib/python3.12/site-packages/airflow/example_dags/example_dataset_alias_with_no_taskflow.py
[2026-09-17T18:59:15.795+0000] {processor.py:925} INFO - DAG(s) 'dataset_s3_bucket_consumer_with_no_taskflow', 'dataset_alias_example_alias_producer_with_no_taskflow', 'dataset_alias_example_alias_consumer_with_no_taskflow', 'dataset_s3_bucket_producer_with_no_taskflow' retrieved from /home/airflow/.local/lib/python3.12/site-packages/airflow/example_dags/example_dataset_alias_with_no_taskflow.py
[2026-09-17T18:59:15.907+0000] {logging_mixin.py:190} INFO - [2026-09-17T18:59:15.905+0000] {dag.py:3239} INFO - Sync 4 DAGs
[2026-09-17T18:59:16.037+0000] {logging_mixin.py:190} INFO - [2026-09-17T18:59:16.034+0000] {dag.py:4180} INFO - Setting next_dagrun for dataset_alias_example_alias_consumer_with_no_taskflow to None, run_after=None
[2026-09-17T18:59:16.050+0000] {logging_mixin.py:190} INFO - [2026-09-17T18:59:16.049+0000] {dag.py:4180} INFO - Setting next_dagrun for dataset_alias_example_alias_producer_with_no_taskflow to None, run_after=None
[2026-09-17T18:59:16.062+0000] {logging_mixin.py:190} INFO - [2026-09-17T18:59:16.061+0000] {dag.py:4180} INFO - Setting next_dagrun for dataset_s3_bucket_consumer_with_no_taskflow to None, run_after=None
[2026-09-17T18:59:16.069+0000] {logging_mixin.py:190} INFO - [2026-09-17T18:59:16.068+0000] {dag.py:4180} INFO - Setting next_dagrun for dataset_s3_bucket_producer_with_no_taskflow to None, run_after=None
[2026-09-17T18:59:16.171+0000] {processor.py:208} INFO - Processing /home/airflow/.local/lib/python3.12/site-packages/airflow/example_dags/example_dataset_alias_with_no_taskflow.py took 2.982 seconds
[2026-09-17T18:59:46.340+0000] {processor.py:186} INFO - Started process (PID=1171) to work on /home/airflow/.local/lib/python3.12/site-packages/airflow/example_dags/example_dataset_alias_with_no_taskflow.py
[2026-09-17T18:59:46.342+0000] {processor.py:914} INFO - Processing file /home/airflow/.local/lib/python3.12/site-packages/airflow/example_dags/example_dataset_alias_with_no_taskflow.py for tasks to queue
[2026-09-17T18:59:46.344+0000] {logging_mixin.py:190} INFO - [2026-09-17T18:59:46.344+0000] {dagbag.py:588} INFO - Filling up the DagBag from /home/airflow/.local/lib/python3.12/site-packages/airflow/example_dags/example_dataset_alias_with_no_taskflow.py
[2026-09-17T18:59:47.238+0000] {processor.py:925} INFO - DAG(s) 'dataset_alias_example_alias_producer_with_no_taskflow', 'dataset_alias_example_alias_consumer_with_no_taskflow', 'dataset_s3_bucket_producer_with_no_taskflow', 'dataset_s3_bucket_consumer_with_no_taskflow' retrieved from /home/airflow/.local/lib/python3.12/site-packages/airflow/example_dags/example_dataset_alias_with_no_taskflow.py
[2026-09-17T18:59:47.270+0000] {logging_mixin.py:190} INFO - [2026-09-17T18:59:47.269+0000] {dag.py:3239} INFO - Sync 4 DAGs
[2026-09-17T18:59:47.305+0000] {logging_mixin.py:190} INFO - [2026-09-17T18:59:47.305+0000] {dag.py:4180} INFO - Setting next_dagrun for dataset_alias_example_alias_consumer_with_no_taskflow to None, run_after=None
[2026-09-17T18:59:47.310+0000] {logging_mixin.py:190} INFO - [2026-09-17T18:59:47.309+0000] {dag.py:4180} INFO - Setting next_dagrun for dataset_alias_example_alias_producer_with_no_taskflow to None, run_after=None
[2026-09-17T18:59:47.312+0000] {logging_mixin.py:190} INFO - [2026-09-17T18:59:47.312+0000] {dag.py:4180} INFO - Setting next_dagrun for dataset_s3_bucket_consumer_with_no_taskflow to None, run_after=None
[2026-09-17T18:59:47.315+0000] {logging_mixin.py:190} INFO - [2026-09-17T18:59:47.314+0000] {dag.py:4180} INFO - Setting next_dagrun for dataset_s3_bucket_producer_with_no_taskflow to None, run_after=None
[2026-09-17T18:59:47.339+0000] {processor.py:208} INFO - Processing /home/airflow/.local/lib/python3.12/site-packages/airflow/example_dags/example_dataset_alias_with_no_taskflow.py took 1.006 seconds
[2026-09-17T19:00:17.473+0000] {processor.py:186} INFO - Started process (PID=1236) to work on /home/airflow/.local/lib/python3.12/site-packages/airflow/example_dags/example_dataset_alias_with_no_taskflow.py
[2026-09-17T19:00:17.475+0000] {processor.py:914} INFO - Processing file /home/airflow/.local/lib/python3.12/site-packages/airflow/example_dags/example_dataset_alias_with_no_taskflow.py for tasks to queue
[2026-09-17T19:00:17.479+0000] {logging_mixin.py:190} INFO - [2026-09-17T19:00:17.479+0000] {dagbag.py:588} INFO - Filling up the DagBag from /home/airflow/.local/lib/python3.12/site-packages/airflow/example_dags/example_dataset_alias_with_no_taskflow.py
[2026-09-17T19:00:18.477+0000] {processor.py:925} INFO - DAG(s) 'dataset_alias_example_alias_producer_with_no_taskflow', 'dataset_alias_example_alias_consumer_with_no_taskflow', 'dataset_s3_bucket_consumer_with_no_taskflow', 'dataset_s3_bucket_producer_with_no_taskflow' retrieved from /home/airflow/.local/lib/python3.12/site-packages/airflow/example_dags/example_dataset_alias_with_no_taskflow.py
[2026-09-17T19:00:18.507+0000] {logging_mixin.py:190} INFO - [2026-09-17T19:00:18.507+0000] {dag.py:3239} INFO - Sync 4 DAGs
[2026-09-17T19:00:18.536+0000] {logging_mixin.py:190} INFO - [2026-09-17T19:00:18.536+0000] {dag.py:4180} INFO - Setting next_dagrun for dataset_alias_example_alias_consumer_with_no_taskflow to None, run_after=None
[2026-09-17T19:00:18.543+0000] {logging_mixin.py:190} INFO - [2026-09-17T19:00:18.543+0000] {dag.py:4180} INFO - Setting next_dagrun for dataset_alias_example_alias_producer_with_no_taskflow to None, run_after=None
[2026-09-17T19:00:18.546+0000] {logging_mixin.py:190} INFO - [2026-09-17T19:00:18.545+0000] {dag.py:4180} INFO - Setting next_dagrun for dataset_s3_bucket_consumer_with_no_taskflow to None, run_after=None
[2026-09-17T19:00:18.549+0000] {logging_mixin.py:190} INFO - [2026-09-17T19:00:18.549+0000] {dag.py:4180} INFO - Setting next_dagrun for dataset_s3_bucket_producer_with_no_taskflow to None, run_after=None
[2026-09-17T19:00:18.578+0000] {processor.py:208} INFO - Processing /home/airflow/.local/lib/python3.12/site-packages/airflow/example_dags/example_dataset_alias_with_no_taskflow.py took 1.117 seconds
[2026-09-17T19:00:48.761+0000] {processor.py:186} INFO - Started process (PID=1301) to work on /home/airflow/.local/lib/python3.12/site-packages/airflow/example_dags/example_dataset_alias_with_no_taskflow.py
[2026-09-17T19:00:48.763+0000] {processor.py:914} INFO - Processing file /home/airflow/.local/lib/python3.12/site-packages/airflow/example_dags/example_dataset_alias_with_no_taskflow.py for tasks to queue
[2026-09-17T19:00:48.765+0000] {logging_mixin.py:190} INFO - [2026-09-17T19:00:48.765+0000] {dagbag.py:588} INFO - Filling up the DagBag from /home/airflow/.local/lib/python3.12/site-packages/airflow/example_dags/example_dataset_alias_with_no_taskflow.py
[2026-09-17T19:00:49.461+0000] {processor.py:925} INFO - DAG(s) 'dataset_alias_example_alias_producer_with_no_taskflow', 'dataset_alias_example_alias_consumer_with_no_taskflow', 'dataset_s3_bucket_consumer_with_no_taskflow', 'dataset_s3_bucket_producer_with_no_taskflow' retrieved from /home/airflow/.local/lib/python3.12/site-packages/airflow/example_dags/example_dataset_alias_with_no_taskflow.py
[2026-09-17T19:00:49.490+0000] {logging_mixin.py:190} INFO - [2026-09-17T19:00:49.489+0000] {dag.py:3239} INFO - Sync 4 DAGs
[2026-09-17T19:00:49.516+0000] {logging_mixin.py:190} INFO - [2026-09-17T19:00:49.516+0000] {dag.py:4180} INFO - Setting next_dagrun for dataset_alias_example_alias_consumer_with_no_taskflow to None, run_after=None
[2026-09-17T19:00:49.521+0000] {logging_mixin.py:190} INFO - [2026-09-17T19:00:49.521+0000] {dag.py:4180} INFO - Setting next_dagrun for dataset_alias_example_alias_producer_with_no_taskflow to None, run_after=None
[2026-09-17T19:00:49.524+0000] {logging_mixin.py:190} INFO - [2026-09-17T19:00:49.523+0000] {dag.py:4180} INFO - Setting next_dagrun for dataset_s3_bucket_consumer_with_no_taskflow to None, run_after=None
[2026-09-17T19:00:49.527+0000] {logging_mixin.py:190} INFO - [2026-09-17T19:00:49.527+0000] {dag.py:4180} INFO - Setting next_dagrun for dataset_s3_bucket_producer_with_no_taskflow to None, run_after=None
[2026-09-17T19:00:49.565+0000] {processor.py:208} INFO - Processing /home/airflow/.local/lib/python3.12/site-packages/airflow/example_dags/example_dataset_alias_with_no_taskflow.py took 0.809 seconds
[2026-09-17T19:01:19.825+0000] {processor.py:186} INFO - Started process (PID=1366) to work on /home/airflow/.local/lib/python3.12/site-packages/airflow/example_dags/example_dataset_alias_with_no_taskflow.py
[2026-09-17T19:01:19.827+0000] {processor.py:914} INFO - Processing file /home/airflow/.local/lib/python3.12/site-packages/airflow/example_dags/example_dataset_alias_with_no_taskflow.py for tasks to queue
[2026-09-17T19:01:19.829+0000] {logging_mixin.py:190} INFO - [2026-09-17T19:01:19.829+0000] {dagbag.py:588} INFO - Filling up the DagBag from /home/airflow/.local/lib/python3.12/site-packages/airflow/example_dags/example_dataset_alias_with_no_taskflow.py
[2026-09-17T19:01:20.463+0000] {processor.py:925} INFO - DAG(s) 'dataset_s3_bucket_producer_with_no_taskflow', 'dataset_alias_example_alias_producer_with_no_taskflow', 'dataset_alias_example_alias_consumer_with_no_taskflow', 'dataset_s3_bucket_consumer_with_no_taskflow' retrieved from /home/airflow/.local/lib/python3.12/site-packages/airflow/example_dags/example_dataset_alias_with_no_taskflow.py
[2026-09-17T19:01:20.492+0000] {logging_mixin.py:190} INFO - [2026-09-17T19:01:20.491+0000] {dag.py:3239} INFO - Sync 4 DAGs
[2026-09-17T19:01:20.519+0000] {logging_mixin.py:190} INFO - [2026-09-17T19:01:20.519+0000] {dag.py:4180} INFO - Setting next_dagrun for dataset_alias_example_alias_consumer_with_no_taskflow to None, run_after=None
[2026-09-17T19:01:20.524+0000] {logging_mixin.py:190} INFO - [2026-09-17T19:01:20.524+0000] {dag.py:4180} INFO - Setting next_dagrun for dataset_alias_example_alias_producer_with_no_taskflow to None, run_after=None
[2026-09-17T19:01:20.528+0000] {logging_mixin.py:190} INFO - [2026-09-17T19:01:20.528+0000] {dag.py:4180} INFO - Setting next_dagrun for dataset_s3_bucket_consumer_with_no_taskflow to None, run_after=None
[2026-09-17T19:01:20.531+0000] {logging_mixin.py:190} INFO - [2026-09-17T19:01:20.531+0000] {dag.py:4180} INFO - Setting next_dagrun for dataset_s3_bucket_producer_with_no_taskflow to None, run_after=None
[2026-09-17T19:01:20.557+0000] {processor.py:208} INFO - Processing /home/airflow/.local/lib/python3.12/site-packages/airflow/example_dags/example_dataset_alias_with_no_taskflow.py took 0.737 seconds
[2026-09-17T19:01:51.085+0000] {processor.py:186} INFO - Started process (PID=1431) to work on /home/airflow/.local/lib/python3.12/site-packages/airflow/example_dags/example_dataset_alias_with_no_taskflow.py
[2026-09-17T19:01:51.087+0000] {processor.py:914} INFO - Processing file /home/airflow/.local/lib/python3.12/site-packages/airflow/example_dags/example_dataset_alias_with_no_taskflow.py for tasks to queue
[2026-09-17T19:01:51.090+0000] {logging_mixin.py:190} INFO - [2026-09-17T19:01:51.089+0000] {dagbag.py:588} INFO - Filling up the DagBag from /home/airflow/.local/lib/python3.12/site-packages/airflow/example_dags/example_dataset_alias_with_no_taskflow.py
[2026-09-17T19:01:51.898+0000] {processor.py:925} INFO - DAG(s) 'dataset_alias_example_alias_producer_with_no_taskflow', 'dataset_s3_bucket_consumer_with_no_taskflow', 'dataset_alias_example_alias_consumer_with_no_taskflow', 'dataset_s3_bucket_producer_with_no_taskflow' retrieved from /home/airflow/.local/lib/python3.12/site-packages/airflow/example_dags/example_dataset_alias_with_no_taskflow.py
[2026-09-17T19:01:51.928+0000] {logging_mixin.py:190} INFO - [2026-09-17T19:01:51.927+0000] {dag.py:3239} INFO - Sync 4 DAGs
[2026-09-17T19:01:51.954+0000] {logging_mixin.py:190} INFO - [2026-09-17T19:01:51.953+0000] {dag.py:4180} INFO - Setting next_dagrun for dataset_alias_example_alias_consumer_with_no_taskflow to None, run_after=None
[2026-09-17T19:01:51.958+0000] {logging_mixin.py:190} INFO - [2026-09-17T19:01:51.957+0000] {dag.py:4180} INFO - Setting next_dagrun for dataset_alias_example_alias_producer_with_no_taskflow to None, run_after=None
[2026-09-17T19:01:51.961+0000] {logging_mixin.py:190} INFO - [2026-09-17T19:01:51.960+0000] {dag.py:4180} INFO - Setting next_dagrun for dataset_s3_bucket_consumer_with_no_taskflow to None, run_after=None
[2026-09-17T19:01:51.964+0000] {logging_mixin.py:190} INFO - [2026-09-17T19:01:51.963+0000] {dag.py:4180} INFO - Setting next_dagrun for dataset_s3_bucket_producer_with_no_taskflow to None, run_after=None
[2026-09-17T19:01:51.988+0000] {processor.py:208} INFO - Processing /home/airflow/.local/lib/python3.12/site-packages/airflow/example_dags/example_dataset_alias_with_no_taskflow.py took 0.910 seconds
[2026-09-17T19:02:22.504+0000] {processor.py:186} INFO - Started process (PID=1496) to work on /home/airflow/.local/lib/python3.12/site-packages/airflow/example_dags/example_dataset_alias_with_no_taskflow.py
[2026-09-17T19:02:22.506+0000] {processor.py:914} INFO - Processing file /home/airflow/.local/lib/python3.12/site-packages/airflow/example_dags/example_dataset_alias_with_no_taskflow.py for tasks to queue
[2026-09-17T19:02:22.509+0000] {logging_mixin.py:190} INFO - [2026-09-17T19:02:22.508+0000] {dagbag.py:588} INFO - Filling up the DagBag from /home/airflow/.local/lib/python3.12/site-packages/airflow/example_dags/example_dataset_alias_with_no_taskflow.py
[2026-09-17T19:02:23.150+0000] {processor.py:925} INFO - DAG(s) 'dataset_s3_bucket_consumer_with_no_taskflow', 'dataset_alias_example_alias_producer_with_no_taskflow', 'dataset_s3_bucket_producer_with_no_taskflow', 'dataset_alias_example_alias_consumer_with_no_taskflow' retrieved from /home/airflow/.local/lib/python3.12/site-packages/airflow/example_dags/example_dataset_alias_with_no_taskflow.py
[2026-09-17T19:02:23.177+0000] {logging_mixin.py:190} INFO - [2026-09-17T19:02:23.177+0000] {dag.py:3239} INFO - Sync 4 DAGs
[2026-09-17T19:02:23.201+0000] {logging_mixin.py:190} INFO - [2026-09-17T19:02:23.201+0000] {dag.py:4180} INFO - Setting next_dagrun for dataset_alias_example_alias_consumer_with_no_taskflow to None, run_after=None
[2026-09-17T19:02:23.206+0000] {logging_mixin.py:190} INFO - [2026-09-17T19:02:23.205+0000] {dag.py:4180} INFO - Setting next_dagrun for dataset_alias_example_alias_producer_with_no_taskflow to None, run_after=None
[2026-09-17T19:02:23.209+0000] {logging_mixin.py:190} INFO - [2026-09-17T19:02:23.208+0000] {dag.py:4180} INFO - Setting next_dagrun for dataset_s3_bucket_consumer_with_no_taskflow to None, run_after=None
[2026-09-17T19:02:23.211+0000] {logging_mixin.py:190} INFO - [2026-09-17T19:02:23.211+0000] {dag.py:4180} INFO - Setting next_dagrun for dataset_s3_bucket_producer_with_no_taskflow to None, run_after=None
[2026-09-17T19:02:23.238+0000] {processor.py:208} INFO - Processing /home/airflow/.local/lib/python3.12/site-packages/airflow/example_dags/example_dataset_alias_with_no_taskflow.py took 0.744 seconds
[2026-09-17T19:02:53.745+0000] {processor.py:186} INFO - Started process (PID=1561) to work on /home/airflow/.local/lib/python3.12/site-packages/airflow/example_dags/example_dataset_alias_with_no_taskflow.py
[2026-09-17T19:02:53.747+0000] {processor.py:914} INFO - Processing file /home/airflow/.local/lib/python3.12/site-packages/airflow/example_dags/example_dataset_alias_with_no_taskflow.py for tasks to queue
[2026-09-17T19:02:53.751+0000] {logging_mixin.py:190} INFO - [2026-09-17T19:02:53.751+0000] {dagbag.py:588} INFO - Filling up the DagBag from /home/airflow/.local/lib/python3.12/site-packages/airflow/example_dags/example_dataset_alias_with_no_taskflow.py
[2026-09-17T19:02:54.608+0000] {processor.py:925} INFO - DAG(s) 'dataset_alias_example_alias_producer_with_no_taskflow', 'dataset_alias_example_alias_consumer_with_no_taskflow', 'dataset_s3_bucket_consumer_with_no_taskflow', 'dataset_s3_bucket_producer_with_no_taskflow' retrieved from /home/airflow/.local/lib/python3.12/site-packages/airflow/example_dags/example_dataset_alias_with_no_taskflow.py
[2026-09-17T19:02:54.638+0000] {logging_mixin.py:190} INFO - [2026-09-17T19:02:54.637+0000] {dag.py:3239} INFO - Sync 4 DAGs
[2026-09-17T19:02:54.669+0000] {logging_mixin.py:190} INFO - [2026-09-17T19:02:54.668+0000] {dag.py:4180} INFO - Setting next_dagrun for dataset_alias_example_alias_consumer_with_no_taskflow to None, run_after=None
[2026-09-17T19:02:54.674+0000] {logging_mixin.py:190} INFO - [2026-09-17T19:02:54.674+0000] {dag.py:4180} INFO - Setting next_dagrun for dataset_alias_example_alias_producer_with_no_taskflow to None, run_after=None
[2026-09-17T19:02:54.678+0000] {logging_mixin.py:190} INFO - [2026-09-17T19:02:54.678+0000] {dag.py:4180} INFO - Setting next_dagrun for dataset_s3_bucket_consumer_with_no_taskflow to None, run_after=None
[2026-09-17T19:02:54.682+0000] {logging_mixin.py:190} INFO - [2026-09-17T19:02:54.682+0000] {dag.py:4180} INFO - Setting next_dagrun for dataset_s3_bucket_producer_with_no_taskflow to None, run_after=None
[2026-09-17T19:02:54.715+0000] {processor.py:208} INFO - Processing /home/airflow/.local/lib/python3.12/site-packages/airflow/example_dags/example_dataset_alias_with_no_taskflow.py took 0.979 seconds
[2026-09-17T19:03:25.226+0000] {processor.py:186} INFO - Started process (PID=1626) to work on /home/airflow/.local/lib/python3.12/site-packages/airflow/example_dags/example_dataset_alias_with_no_taskflow.py
[2026-09-17T19:03:25.229+0000] {processor.py:914} INFO - Processing file /home/airflow/.local/lib/python3.12/site-packages/airflow/example_dags/example_dataset_alias_with_no_taskflow.py for tasks to queue
[2026-09-17T19:03:25.231+0000] {logging_mixin.py:190} INFO - [2026-09-17T19:03:25.231+0000] {dagbag.py:588} INFO - Filling up the DagBag from /home/airflow/.local/lib/python3.12/site-packages/airflow/example_dags/example_dataset_alias_with_no_taskflow.py
[2026-09-17T19:03:25.936+0000] {processor.py:925} INFO - DAG(s) 'dataset_alias_example_alias_producer_with_no_taskflow', 'dataset_s3_bucket_producer_with_no_taskflow', 'dataset_alias_example_alias_consumer_with_no_taskflow', 'dataset_s3_bucket_consumer_with_no_taskflow' retrieved from /home/airflow/.local/lib/python3.12/site-packages/airflow/example_dags/example_dataset_alias_with_no_taskflow.py
[2026-09-17T19:03:25.963+0000] {logging_mixin.py:190} INFO - [2026-09-17T19:03:25.963+0000] {dag.py:3239} INFO - Sync 4 DAGs
[2026-09-17T19:03:25.989+0000] {logging_mixin.py:190} INFO - [2026-09-17T19:03:25.988+0000] {dag.py:4180} INFO - Setting next_dagrun for dataset_alias_example_alias_consumer_with_no_taskflow to None, run_after=None
[2026-09-17T19:03:25.994+0000] {logging_mixin.py:190} INFO - [2026-09-17T19:03:25.994+0000] {dag.py:4180} INFO - Setting next_dagrun for dataset_alias_example_alias_producer_with_no_taskflow to None, run_after=None
[2026-09-17T19:03:25.996+0000] {logging_mixin.py:190} INFO - [2026-09-17T19:03:25.996+0000] {dag.py:4180} INFO - Setting next_dagrun for dataset_s3_bucket_consumer_with_no_taskflow to None, run_after=None
[2026-09-17T19:03:25.999+0000] {logging_mixin.py:190} INFO - [2026-09-17T19:03:25.999+0000] {dag.py:4180} INFO - Setting next_dagrun for dataset_s3_bucket_producer_with_no_taskflow to None, run_after=None
[2026-09-17T19:03:26.025+0000] {processor.py:208} INFO - Processing /home/airflow/.local/lib/python3.12/site-packages/airflow/example_dags/example_dataset_alias_with_no_taskflow.py took 0.806 seconds
[2026-09-17T19:03:56.508+0000] {processor.py:186} INFO - Started process (PID=1691) to work on /home/airflow/.local/lib/python3.12/site-packages/airflow/example_dags/example_dataset_alias_with_no_taskflow.py
[2026-09-17T19:03:56.511+0000] {processor.py:914} INFO - Processing file /home/airflow/.local/lib/python3.12/site-packages/airflow/example_dags/example_dataset_alias_with_no_taskflow.py for tasks to queue
[2026-09-17T19:03:56.513+0000] {logging_mixin.py:190} INFO - [2026-09-17T19:03:56.513+0000] {dagbag.py:588} INFO - Filling up the DagBag from /home/airflow/.local/lib/python3.12/site-packages/airflow/example_dags/example_dataset_alias_with_no_taskflow.py
[2026-09-17T19:03:57.198+0000] {processor.py:925} INFO - DAG(s) 'dataset_alias_example_alias_consumer_with_no_taskflow', 'dataset_alias_example_alias_producer_with_no_taskflow', 'dataset_s3_bucket_producer_with_no_taskflow', 'dataset_s3_bucket_consumer_with_no_taskflow' retrieved from /home/airflow/.local/lib/python3.12/site-packages/airflow/example_dags/example_dataset_alias_with_no_taskflow.py
[2026-09-17T19:03:57.227+0000] {logging_mixin.py:190} INFO - [2026-09-17T19:03:57.226+0000] {dag.py:3239} INFO - Sync 4 DAGs
[2026-09-17T19:03:57.253+0000] {logging_mixin.py:190} INFO - [2026-09-17T19:03:57.253+0000] {dag.py:4180} INFO - Setting next_dagrun for dataset_alias_example_alias_consumer_with_no_taskflow to None, run_after=None
[2026-09-17T19:03:57.259+0000] {logging_mixin.py:190} INFO - [2026-09-17T19:03:57.258+0000] {dag.py:4180} INFO - Setting next_dagrun for dataset_alias_example_alias_producer_with_no_taskflow to None, run_after=None
[2026-09-17T19:03:57.262+0000] {logging_mixin.py:190} INFO - [2026-09-17T19:03:57.261+0000] {dag.py:4180} INFO - Setting next_dagrun for dataset_s3_bucket_consumer_with_no_taskflow to None, run_after=None
[2026-09-17T19:03:57.264+0000] {logging_mixin.py:190} INFO - [2026-09-17T19:03:57.264+0000] {dag.py:4180} INFO - Setting next_dagrun for dataset_s3_bucket_producer_with_no_taskflow to None, run_after=None
[2026-09-17T19:03:57.293+0000] {processor.py:208} INFO - Processing /home/airflow/.local/lib/python3.12/site-packages/airflow/example_dags/example_dataset_alias_with_no_taskflow.py took 0.791 seconds
[2026-09-17T19:04:27.397+0000] {processor.py:186} INFO - Started process (PID=1755) to work on /home/airflow/.local/lib/python3.12/site-packages/airflow/example_dags/example_dataset_alias_with_no_taskflow.py
[2026-09-17T19:04:27.399+0000] {processor.py:914} INFO - Processing file /home/airflow/.local/lib/python3.12/site-packages/airflow/example_dags/example_dataset_alias_with_no_taskflow.py for tasks to queue
[2026-09-17T19:04:27.401+0000] {logging_mixin.py:190} INFO - [2026-09-17T19:04:27.401+0000] {dagbag.py:588} INFO - Filling up the DagBag from /home/airflow/.local/lib/python3.12/site-packages/airflow/example_dags/example_dataset_alias_with_no_taskflow.py
[2026-09-17T19:04:28.296+0000] {processor.py:925} INFO - DAG(s) 'dataset_s3_bucket_consumer_with_no_taskflow', 'dataset_s3_bucket_producer_with_no_taskflow', 'dataset_alias_example_alias_consumer_with_no_taskflow', 'dataset_alias_example_alias_producer_with_no_taskflow' retrieved from /home/airflow/.local/lib/python3.12/site-packages/airflow/example_dags/example_dataset_alias_with_no_taskflow.py
[2026-09-17T19:04:28.333+0000] {logging_mixin.py:190} INFO - [2026-09-17T19:04:28.331+0000] {dag.py:3239} INFO - Sync 4 DAGs
[2026-09-17T19:04:28.366+0000] {logging_mixin.py:190} INFO - [2026-09-17T19:04:28.366+0000] {dag.py:4180} INFO - Setting next_dagrun for dataset_alias_example_alias_consumer_with_no_taskflow to None, run_after=None
[2026-09-17T19:04:28.371+0000] {logging_mixin.py:190} INFO - [2026-09-17T19:04:28.371+0000] {dag.py:4180} INFO - Setting next_dagrun for dataset_alias_example_alias_producer_with_no_taskflow to None, run_after=None
[2026-09-17T19:04:28.375+0000] {logging_mixin.py:190} INFO - [2026-09-17T19:04:28.375+0000] {dag.py:4180} INFO - Setting next_dagrun for dataset_s3_bucket_consumer_with_no_taskflow to None, run_after=None
[2026-09-17T19:04:28.379+0000] {logging_mixin.py:190} INFO - [2026-09-17T19:04:28.379+0000] {dag.py:4180} INFO - Setting next_dagrun for dataset_s3_bucket_producer_with_no_taskflow to None, run_after=None
[2026-09-17T19:04:28.418+0000] {processor.py:208} INFO - Processing /home/airflow/.local/lib/python3.12/site-packages/airflow/example_dags/example_dataset_alias_with_no_taskflow.py took 1.027 seconds
[2026-09-17T19:04:59.041+0000] {processor.py:186} INFO - Started process (PID=1813) to work on /home/airflow/.local/lib/python3.12/site-packages/airflow/example_dags/example_dataset_alias_with_no_taskflow.py
[2026-09-17T19:04:59.043+0000] {processor.py:914} INFO - Processing file /home/airflow/.local/lib/python3.12/site-packages/airflow/example_dags/example_dataset_alias_with_no_taskflow.py for tasks to queue
[2026-09-17T19:04:59.046+0000] {logging_mixin.py:190} INFO - [2026-09-17T19:04:59.045+0000] {dagbag.py:588} INFO - Filling up the DagBag from /home/airflow/.local/lib/python3.12/site-packages/airflow/example_dags/example_dataset_alias_with_no_taskflow.py
[2026-09-17T19:04:59.875+0000] {processor.py:925} INFO - DAG(s) 'dataset_alias_example_alias_consumer_with_no_taskflow', 'dataset_s3_bucket_producer_with_no_taskflow', 'dataset_alias_example_alias_producer_with_no_taskflow', 'dataset_s3_bucket_consumer_with_no_taskflow' retrieved from /home/airflow/.local/lib/python3.12/site-packages/airflow/example_dags/example_dataset_alias_with_no_taskflow.py
[2026-09-17T19:04:59.907+0000] {logging_mixin.py:190} INFO - [2026-09-17T19:04:59.906+0000] {dag.py:3239} INFO - Sync 4 DAGs
[2026-09-17T19:04:59.943+0000] {logging_mixin.py:190} INFO - [2026-09-17T19:04:59.943+0000] {dag.py:4180} INFO - Setting next_dagrun for dataset_alias_example_alias_consumer_with_no_taskflow to None, run_after=None
[2026-09-17T19:04:59.948+0000] {logging_mixin.py:190} INFO - [2026-09-17T19:04:59.948+0000] {dag.py:4180} INFO - Setting next_dagrun for dataset_alias_example_alias_producer_with_no_taskflow to None, run_after=None
[2026-09-17T19:04:59.952+0000] {logging_mixin.py:190} INFO - [2026-09-17T19:04:59.952+0000] {dag.py:4180} INFO - Setting next_dagrun for dataset_s3_bucket_consumer_with_no_taskflow to None, run_after=None
[2026-09-17T19:04:59.956+0000] {logging_mixin.py:190} INFO - [2026-09-17T19:04:59.956+0000] {dag.py:4180} INFO - Setting next_dagrun for dataset_s3_bucket_producer_with_no_taskflow to None, run_after=None
[2026-09-17T19:04:59.993+0000] {processor.py:208} INFO - Processing /home/airflow/.local/lib/python3.12/site-packages/airflow/example_dags/example_dataset_alias_with_no_taskflow.py took 0.959 seconds
[2026-09-17T19:05:30.602+0000] {processor.py:186} INFO - Started process (PID=1878) to work on /home/airflow/.local/lib/python3.12/site-packages/airflow/example_dags/example_dataset_alias_with_no_taskflow.py
[2026-09-17T19:05:30.606+0000] {processor.py:914} INFO - Processing file /home/airflow/.local/lib/python3.12/site-packages/airflow/example_dags/example_dataset_alias_with_no_taskflow.py for tasks to queue
[2026-09-17T19:05:30.613+0000] {logging_mixin.py:190} INFO - [2026-09-17T19:05:30.611+0000] {dagbag.py:588} INFO - Filling up the DagBag from /home/airflow/.local/lib/python3.12/site-packages/airflow/example_dags/example_dataset_alias_with_no_taskflow.py
[2026-09-17T19:05:32.397+0000] {processor.py:925} INFO - DAG(s) 'dataset_s3_bucket_consumer_with_no_taskflow', 'dataset_alias_example_alias_consumer_with_no_taskflow', 'dataset_alias_example_alias_producer_with_no_taskflow', 'dataset_s3_bucket_producer_with_no_taskflow' retrieved from /home/airflow/.local/lib/python3.12/site-packages/airflow/example_dags/example_dataset_alias_with_no_taskflow.py
[2026-09-17T19:05:32.442+0000] {logging_mixin.py:190} INFO - [2026-09-17T19:05:32.441+0000] {dag.py:3239} INFO - Sync 4 DAGs
[2026-09-17T19:05:32.483+0000] {logging_mixin.py:190} INFO - [2026-09-17T19:05:32.483+0000] {dag.py:4180} INFO - Setting next_dagrun for dataset_alias_example_alias_consumer_with_no_taskflow to None, run_after=None
[2026-09-17T19:05:32.494+0000] {logging_mixin.py:190} INFO - [2026-09-17T19:05:32.494+0000] {dag.py:4180} INFO - Setting next_dagrun for dataset_alias_example_alias_producer_with_no_taskflow to None, run_after=None
[2026-09-17T19:05:32.499+0000] {logging_mixin.py:190} INFO - [2026-09-17T19:05:32.498+0000] {dag.py:4180} INFO - Setting next_dagrun for dataset_s3_bucket_consumer_with_no_taskflow to None, run_after=None
[2026-09-17T19:05:32.503+0000] {logging_mixin.py:190} INFO - [2026-09-17T19:05:32.502+0000] {dag.py:4180} INFO - Setting next_dagrun for dataset_s3_bucket_producer_with_no_taskflow to None, run_after=None
[2026-09-17T19:05:32.556+0000] {processor.py:208} INFO - Processing /home/airflow/.local/lib/python3.12/site-packages/airflow/example_dags/example_dataset_alias_with_no_taskflow.py took 1.967 seconds
[2026-09-17T19:06:02.877+0000] {processor.py:186} INFO - Started process (PID=1943) to work on /home/airflow/.local/lib/python3.12/site-packages/airflow/example_dags/example_dataset_alias_with_no_taskflow.py
[2026-09-17T19:06:02.879+0000] {processor.py:914} INFO - Processing file /home/airflow/.local/lib/python3.12/site-packages/airflow/example_dags/example_dataset_alias_with_no_taskflow.py for tasks to queue
[2026-09-17T19:06:02.881+0000] {logging_mixin.py:190} INFO - [2026-09-17T19:06:02.880+0000] {dagbag.py:588} INFO - Filling up the DagBag from /home/airflow/.local/lib/python3.12/site-packages/airflow/example_dags/example_dataset_alias_with_no_taskflow.py
[2026-09-17T19:06:03.561+0000] {processor.py:925} INFO - DAG(s) 'dataset_s3_bucket_producer_with_no_taskflow', 'dataset_alias_example_alias_producer_with_no_taskflow', 'dataset_s3_bucket_consumer_with_no_taskflow', 'dataset_alias_example_alias_consumer_with_no_taskflow' retrieved from /home/airflow/.local/lib/python3.12/site-packages/airflow/example_dags/example_dataset_alias_with_no_taskflow.py
[2026-09-17T19:06:03.593+0000] {logging_mixin.py:190} INFO - [2026-09-17T19:06:03.593+0000] {dag.py:3239} INFO - Sync 4 DAGs
[2026-09-17T19:06:03.629+0000] {logging_mixin.py:190} INFO - [2026-09-17T19:06:03.629+0000] {dag.py:4180} INFO - Setting next_dagrun for dataset_alias_example_alias_consumer_with_no_taskflow to None, run_after=None
[2026-09-17T19:06:03.634+0000] {logging_mixin.py:190} INFO - [2026-09-17T19:06:03.634+0000] {dag.py:4180} INFO - Setting next_dagrun for dataset_alias_example_alias_producer_with_no_taskflow to None, run_after=None
[2026-09-17T19:06:03.638+0000] {logging_mixin.py:190} INFO - [2026-09-17T19:06:03.638+0000] {dag.py:4180} INFO - Setting next_dagrun for dataset_s3_bucket_consumer_with_no_taskflow to None, run_after=None
[2026-09-17T19:06:03.642+0000] {logging_mixin.py:190} INFO - [2026-09-17T19:06:03.642+0000] {dag.py:4180} INFO - Setting next_dagrun for dataset_s3_bucket_producer_with_no_taskflow to None, run_after=None
[2026-09-17T19:06:03.677+0000] {processor.py:208} INFO - Processing /home/airflow/.local/lib/python3.12/site-packages/airflow/example_dags/example_dataset_alias_with_no_taskflow.py took 0.807 seconds
[2026-09-17T19:06:34.218+0000] {processor.py:186} INFO - Started process (PID=2008) to work on /home/airflow/.local/lib/python3.12/site-packages/airflow/example_dags/example_dataset_alias_with_no_taskflow.py
[2026-09-17T19:06:34.220+0000] {processor.py:914} INFO - Processing file /home/airflow/.local/lib/python3.12/site-packages/airflow/example_dags/example_dataset_alias_with_no_taskflow.py for tasks to queue
[2026-09-17T19:06:34.222+0000] {logging_mixin.py:190} INFO - [2026-09-17T19:06:34.222+0000] {dagbag.py:588} INFO - Filling up the DagBag from /home/airflow/.local/lib/python3.12/site-packages/airflow/example_dags/example_dataset_alias_with_no_taskflow.py
[2026-09-17T19:06:34.835+0000] {processor.py:925} INFO - DAG(s) 'dataset_s3_bucket_producer_with_no_taskflow', 'dataset_alias_example_alias_consumer_with_no_taskflow', 'dataset_s3_bucket_consumer_with_no_taskflow', 'dataset_alias_example_alias_producer_with_no_taskflow' retrieved from /home/airflow/.local/lib/python3.12/site-packages/airflow/example_dags/example_dataset_alias_with_no_taskflow.py
[2026-09-17T19:06:34.862+0000] {logging_mixin.py:190} INFO - [2026-09-17T19:06:34.861+0000] {dag.py:3239} INFO - Sync 4 DAGs
[2026-09-17T19:06:34.887+0000] {logging_mixin.py:190} INFO - [2026-09-17T19:06:34.887+0000] {dag.py:4180} INFO - Setting next_dagrun for dataset_alias_example_alias_consumer_with_no_taskflow to None, run_after=None
[2026-09-17T19:06:34.892+0000] {logging_mixin.py:190} INFO - [2026-09-17T19:06:34.892+0000] {dag.py:4180} INFO - Setting next_dagrun for dataset_alias_example_alias_producer_with_no_taskflow to None, run_after=None
[2026-09-17T19:06:34.896+0000] {logging_mixin.py:190} INFO - [2026-09-17T19:06:34.895+0000] {dag.py:4180} INFO - Setting next_dagrun for dataset_s3_bucket_consumer_with_no_taskflow to None, run_after=None
[2026-09-17T19:06:34.898+0000] {logging_mixin.py:190} INFO - [2026-09-17T19:06:34.898+0000] {dag.py:4180} INFO - Setting next_dagrun for dataset_s3_bucket_producer_with_no_taskflow to None, run_after=None
[2026-09-17T19:06:34.929+0000] {processor.py:208} INFO - Processing /home/airflow/.local/lib/python3.12/site-packages/airflow/example_dags/example_dataset_alias_with_no_taskflow.py took 0.718 seconds
[2026-09-17T19:07:05.435+0000] {processor.py:186} INFO - Started process (PID=2073) to work on /home/airflow/.local/lib/python3.12/site-packages/airflow/example_dags/example_dataset_alias_with_no_taskflow.py
[2026-09-17T19:07:05.438+0000] {processor.py:914} INFO - Processing file /home/airflow/.local/lib/python3.12/site-packages/airflow/example_dags/example_dataset_alias_with_no_taskflow.py for tasks to queue
[2026-09-17T19:07:05.440+0000] {logging_mixin.py:190} INFO - [2026-09-17T19:07:05.440+0000] {dagbag.py:588} INFO - Filling up the DagBag from /home/airflow/.local/lib/python3.12/site-packages/airflow/example_dags/example_dataset_alias_with_no_taskflow.py
[2026-09-17T19:07:06.107+0000] {processor.py:925} INFO - DAG(s) 'dataset_alias_example_alias_consumer_with_no_taskflow', 'dataset_s3_bucket_consumer_with_no_taskflow', 'dataset_s3_bucket_producer_with_no_taskflow', 'dataset_alias_example_alias_producer_with_no_taskflow' retrieved from /home/airflow/.local/lib/python3.12/site-packages/airflow/example_dags/example_dataset_alias_with_no_taskflow.py
[2026-09-17T19:07:06.133+0000] {logging_mixin.py:190} INFO - [2026-09-17T19:07:06.133+0000] {dag.py:3239} INFO - Sync 4 DAGs
[2026-09-17T19:07:06.156+0000] {logging_mixin.py:190} INFO - [2026-09-17T19:07:06.156+0000] {dag.py:4180} INFO - Setting next_dagrun for dataset_alias_example_alias_consumer_with_no_taskflow to None, run_after=None
[2026-09-17T19:07:06.160+0000] {logging_mixin.py:190} INFO - [2026-09-17T19:07:06.160+0000] {dag.py:4180} INFO - Setting next_dagrun for dataset_alias_example_alias_producer_with_no_taskflow to None, run_after=None
[2026-09-17T19:07:06.163+0000] {logging_mixin.py:190} INFO - [2026-09-17T19:07:06.163+0000] {dag.py:4180} INFO - Setting next_dagrun for dataset_s3_bucket_consumer_with_no_taskflow to None, run_after=None
[2026-09-17T19:07:06.167+0000] {logging_mixin.py:190} INFO - [2026-09-17T19:07:06.166+0000] {dag.py:4180} INFO - Setting next_dagrun for dataset_s3_bucket_producer_with_no_taskflow to None, run_after=None
[2026-09-17T19:07:06.199+0000] {processor.py:208} INFO - Processing /home/airflow/.local/lib/python3.12/site-packages/airflow/example_dags/example_dataset_alias_with_no_taskflow.py took 0.770 seconds
[2026-09-17T19:07:36.516+0000] {processor.py:186} INFO - Started process (PID=2138) to work on /home/airflow/.local/lib/python3.12/site-packages/airflow/example_dags/example_dataset_alias_with_no_taskflow.py
[2026-09-17T19:07:36.518+0000] {processor.py:914} INFO - Processing file /home/airflow/.local/lib/python3.12/site-packages/airflow/example_dags/example_dataset_alias_with_no_taskflow.py for tasks to queue
[2026-09-17T19:07:36.521+0000] {logging_mixin.py:190} INFO - [2026-09-17T19:07:36.521+0000] {dagbag.py:588} INFO - Filling up the DagBag from /home/airflow/.local/lib/python3.12/site-packages/airflow/example_dags/example_dataset_alias_with_no_taskflow.py
[2026-09-17T19:07:37.215+0000] {processor.py:925} INFO - DAG(s) 'dataset_alias_example_alias_consumer_with_no_taskflow', 'dataset_s3_bucket_consumer_with_no_taskflow', 'dataset_s3_bucket_producer_with_no_taskflow', 'dataset_alias_example_alias_producer_with_no_taskflow' retrieved from /home/airflow/.local/lib/python3.12/site-packages/airflow/example_dags/example_dataset_alias_with_no_taskflow.py
[2026-09-17T19:07:37.244+0000] {logging_mixin.py:190} INFO - [2026-09-17T19:07:37.244+0000] {dag.py:3239} INFO - Sync 4 DAGs
[2026-09-17T19:07:37.270+0000] {logging_mixin.py:190} INFO - [2026-09-17T19:07:37.270+0000] {dag.py:4180} INFO - Setting next_dagrun for dataset_alias_example_alias_consumer_with_no_taskflow to None, run_after=None
[2026-09-17T19:07:37.274+0000] {logging_mixin.py:190} INFO - [2026-09-17T19:07:37.274+0000] {dag.py:4180} INFO - Setting next_dagrun for dataset_alias_example_alias_producer_with_no_taskflow to None, run_after=None
[2026-09-17T19:07:37.277+0000] {logging_mixin.py:190} INFO - [2026-09-17T19:07:37.277+0000] {dag.py:4180} INFO - Setting next_dagrun for dataset_s3_bucket_consumer_with_no_taskflow to None, run_after=None
[2026-09-17T19:07:37.280+0000] {logging_mixin.py:190} INFO - [2026-09-17T19:07:37.279+0000] {dag.py:4180} INFO - Setting next_dagrun for dataset_s3_bucket_producer_with_no_taskflow to None, run_after=None
[2026-09-17T19:07:37.308+0000] {processor.py:208} INFO - Processing /home/airflow/.local/lib/python3.12/site-packages/airflow/example_dags/example_dataset_alias_with_no_taskflow.py took 0.799 seconds
[2026-09-17T19:08:08.113+0000] {processor.py:186} INFO - Started process (PID=2203) to work on /home/airflow/.local/lib/python3.12/site-packages/airflow/example_dags/example_dataset_alias_with_no_taskflow.py
[2026-09-17T19:08:08.116+0000] {processor.py:914} INFO - Processing file /home/airflow/.local/lib/python3.12/site-packages/airflow/example_dags/example_dataset_alias_with_no_taskflow.py for tasks to queue
[2026-09-17T19:08:08.118+0000] {logging_mixin.py:190} INFO - [2026-09-17T19:08:08.118+0000] {dagbag.py:588} INFO - Filling up the DagBag from /home/airflow/.local/lib/python3.12/site-packages/airflow/example_dags/example_dataset_alias_with_no_taskflow.py
[2026-09-17T19:08:08.826+0000] {processor.py:925} INFO - DAG(s) 'dataset_s3_bucket_consumer_with_no_taskflow', 'dataset_alias_example_alias_consumer_with_no_taskflow', 'dataset_s3_bucket_producer_with_no_taskflow', 'dataset_alias_example_alias_producer_with_no_taskflow' retrieved from /home/airflow/.local/lib/python3.12/site-packages/airflow/example_dags/example_dataset_alias_with_no_taskflow.py
[2026-09-17T19:08:08.851+0000] {logging_mixin.py:190} INFO - [2026-09-17T19:08:08.850+0000] {dag.py:3239} INFO - Sync 4 DAGs
[2026-09-17T19:08:08.881+0000] {logging_mixin.py:190} INFO - [2026-09-17T19:08:08.880+0000] {dag.py:4180} INFO - Setting next_dagrun for dataset_alias_example_alias_consumer_with_no_taskflow to None, run_after=None
[2026-09-17T19:08:08.886+0000] {logging_mixin.py:190} INFO - [2026-09-17T19:08:08.885+0000] {dag.py:4180} INFO - Setting next_dagrun for dataset_alias_example_alias_producer_with_no_taskflow to None, run_after=None
[2026-09-17T19:08:08.889+0000] {logging_mixin.py:190} INFO - [2026-09-17T19:08:08.889+0000] {dag.py:4180} INFO - Setting next_dagrun for dataset_s3_bucket_consumer_with_no_taskflow to None, run_after=None
[2026-09-17T19:08:08.893+0000] {logging_mixin.py:190} INFO - [2026-09-17T19:08:08.893+0000] {dag.py:4180} INFO - Setting next_dagrun for dataset_s3_bucket_producer_with_no_taskflow to None, run_after=None
[2026-09-17T19:08:08.926+0000] {processor.py:208} INFO - Processing /home/airflow/.local/lib/python3.12/site-packages/airflow/example_dags/example_dataset_alias_with_no_taskflow.py took 0.820 seconds
[2026-09-17T19:08:39.487+0000] {processor.py:186} INFO - Started process (PID=2268) to work on /home/airflow/.local/lib/python3.12/site-packages/airflow/example_dags/example_dataset_alias_with_no_taskflow.py
[2026-09-17T19:08:39.490+0000] {processor.py:914} INFO - Processing file /home/airflow/.local/lib/python3.12/site-packages/airflow/example_dags/example_dataset_alias_with_no_taskflow.py for tasks to queue
[2026-09-17T19:08:39.492+0000] {logging_mixin.py:190} INFO - [2026-09-17T19:08:39.492+0000] {dagbag.py:588} INFO - Filling up the DagBag from /home/airflow/.local/lib/python3.12/site-packages/airflow/example_dags/example_dataset_alias_with_no_taskflow.py
[2026-09-17T19:08:40.277+0000] {processor.py:925} INFO - DAG(s) 'dataset_s3_bucket_producer_with_no_taskflow', 'dataset_alias_example_alias_consumer_with_no_taskflow', 'dataset_alias_example_alias_producer_with_no_taskflow', 'dataset_s3_bucket_consumer_with_no_taskflow' retrieved from /home/airflow/.local/lib/python3.12/site-packages/airflow/example_dags/example_dataset_alias_with_no_taskflow.py
[2026-09-17T19:08:40.304+0000] {logging_mixin.py:190} INFO - [2026-09-17T19:08:40.304+0000] {dag.py:3239} INFO - Sync 4 DAGs
[2026-09-17T19:08:40.334+0000] {logging_mixin.py:190} INFO - [2026-09-17T19:08:40.333+0000] {dag.py:4180} INFO - Setting next_dagrun for dataset_alias_example_alias_consumer_with_no_taskflow to None, run_after=None
[2026-09-17T19:08:40.338+0000] {logging_mixin.py:190} INFO - [2026-09-17T19:08:40.338+0000] {dag.py:4180} INFO - Setting next_dagrun for dataset_alias_example_alias_producer_with_no_taskflow to None, run_after=None
[2026-09-17T19:08:40.341+0000] {logging_mixin.py:190} INFO - [2026-09-17T19:08:40.341+0000] {dag.py:4180} INFO - Setting next_dagrun for dataset_s3_bucket_consumer_with_no_taskflow to None, run_after=None
[2026-09-17T19:08:40.344+0000] {logging_mixin.py:190} INFO - [2026-09-17T19:08:40.344+0000] {dag.py:4180} INFO - Setting next_dagrun for dataset_s3_bucket_producer_with_no_taskflow to None, run_after=None
[2026-09-17T19:08:40.377+0000] {processor.py:208} INFO - Processing /home/airflow/.local/lib/python3.12/site-packages/airflow/example_dags/example_dataset_alias_with_no_taskflow.py took 0.899 seconds
[2026-09-17T19:09:10.613+0000] {processor.py:186} INFO - Started process (PID=2333) to work on /home/airflow/.local/lib/python3.12/site-packages/airflow/example_dags/example_dataset_alias_with_no_taskflow.py
[2026-09-17T19:09:10.615+0000] {processor.py:914} INFO - Processing file /home/airflow/.local/lib/python3.12/site-packages/airflow/example_dags/example_dataset_alias_with_no_taskflow.py for tasks to queue
[2026-09-17T19:09:10.617+0000] {logging_mixin.py:190} INFO - [2026-09-17T19:09:10.617+0000] {dagbag.py:588} INFO - Filling up the DagBag from /home/airflow/.local/lib/python3.12/site-packages/airflow/example_dags/example_dataset_alias_with_no_taskflow.py
[2026-09-17T19:09:11.279+0000] {processor.py:925} INFO - DAG(s) 'dataset_alias_example_alias_producer_with_no_taskflow', 'dataset_alias_example_alias_consumer_with_no_taskflow', 'dataset_s3_bucket_consumer_with_no_taskflow', 'dataset_s3_bucket_producer_with_no_taskflow' retrieved from /home/airflow/.local/lib/python3.12/site-packages/airflow/example_dags/example_dataset_alias_with_no_taskflow.py
[2026-09-17T19:09:11.313+0000] {logging_mixin.py:190} INFO - [2026-09-17T19:09:11.312+0000] {dag.py:3239} INFO - Sync 4 DAGs
[2026-09-17T19:09:11.341+0000] {logging_mixin.py:190} INFO - [2026-09-17T19:09:11.340+0000] {dag.py:4180} INFO - Setting next_dagrun for dataset_alias_example_alias_consumer_with_no_taskflow to None, run_after=None
[2026-09-17T19:09:11.347+0000] {logging_mixin.py:190} INFO - [2026-09-17T19:09:11.347+0000] {dag.py:4180} INFO - Setting next_dagrun for dataset_alias_example_alias_producer_with_no_taskflow to None, run_after=None
[2026-09-17T19:09:11.350+0000] {logging_mixin.py:190} INFO - [2026-09-17T19:09:11.350+0000] {dag.py:4180} INFO - Setting next_dagrun for dataset_s3_bucket_consumer_with_no_taskflow to None, run_after=None
[2026-09-17T19:09:11.353+0000] {logging_mixin.py:190} INFO - [2026-09-17T19:09:11.353+0000] {dag.py:4180} INFO - Setting next_dagrun for dataset_s3_bucket_producer_with_no_taskflow to None, run_after=None
[2026-09-17T19:09:11.387+0000] {processor.py:208} INFO - Processing /home/airflow/.local/lib/python3.12/site-packages/airflow/example_dags/example_dataset_alias_with_no_taskflow.py took 0.779 seconds
[2026-09-17T19:09:41.727+0000] {processor.py:186} INFO - Started process (PID=2398) to work on /home/airflow/.local/lib/python3.12/site-packages/airflow/example_dags/example_dataset_alias_with_no_taskflow.py
[2026-09-17T19:09:41.729+0000] {processor.py:914} INFO - Processing file /home/airflow/.local/lib/python3.12/site-packages/airflow/example_dags/example_dataset_alias_with_no_taskflow.py for tasks to queue
[2026-09-17T19:09:41.731+0000] {logging_mixin.py:190} INFO - [2026-09-17T19:09:41.730+0000] {dagbag.py:588} INFO - Filling up the DagBag from /home/airflow/.local/lib/python3.12/site-packages/airflow/example_dags/example_dataset_alias_with_no_taskflow.py
[2026-09-17T19:09:42.463+0000] {processor.py:925} INFO - DAG(s) 'dataset_alias_example_alias_consumer_with_no_taskflow', 'dataset_s3_bucket_consumer_with_no_taskflow', 'dataset_alias_example_alias_producer_with_no_taskflow', 'dataset_s3_bucket_producer_with_no_taskflow' retrieved from /home/airflow/.local/lib/python3.12/site-packages/airflow/example_dags/example_dataset_alias_with_no_taskflow.py
[2026-09-17T19:09:42.503+0000] {logging_mixin.py:190} INFO - [2026-09-17T19:09:42.502+0000] {dag.py:3239} INFO - Sync 4 DAGs
[2026-09-17T19:09:42.538+0000] {logging_mixin.py:190} INFO - [2026-09-17T19:09:42.538+0000] {dag.py:4180} INFO - Setting next_dagrun for dataset_alias_example_alias_consumer_with_no_taskflow to None, run_after=None
[2026-09-17T19:09:42.542+0000] {logging_mixin.py:190} INFO - [2026-09-17T19:09:42.542+0000] {dag.py:4180} INFO - Setting next_dagrun for dataset_alias_example_alias_producer_with_no_taskflow to None, run_after=None
[2026-09-17T19:09:42.545+0000] {logging_mixin.py:190} INFO - [2026-09-17T19:09:42.545+0000] {dag.py:4180} INFO - Setting next_dagrun for dataset_s3_bucket_consumer_with_no_taskflow to None, run_after=None
[2026-09-17T19:09:42.549+0000] {logging_mixin.py:190} INFO - [2026-09-17T19:09:42.548+0000] {dag.py:4180} INFO - Setting next_dagrun for dataset_s3_bucket_producer_with_no_taskflow to None, run_after=None
[2026-09-17T19:09:42.580+0000] {processor.py:208} INFO - Processing /home/airflow/.local/lib/python3.12/site-packages/airflow/example_dags/example_dataset_alias_with_no_taskflow.py took 0.861 seconds
[2026-09-17T19:10:12.708+0000] {processor.py:186} INFO - Started process (PID=2463) to work on /home/airflow/.local/lib/python3.12/site-packages/airflow/example_dags/example_dataset_alias_with_no_taskflow.py
[2026-09-17T19:10:12.710+0000] {processor.py:914} INFO - Processing file /home/airflow/.local/lib/python3.12/site-packages/airflow/example_dags/example_dataset_alias_with_no_taskflow.py for tasks to queue
[2026-09-17T19:10:12.711+0000] {logging_mixin.py:190} INFO - [2026-09-17T19:10:12.711+0000] {dagbag.py:588} INFO - Filling up the DagBag from /home/airflow/.local/lib/python3.12/site-packages/airflow/example_dags/example_dataset_alias_with_no_taskflow.py
[2026-09-17T19:10:13.353+0000] {processor.py:925} INFO - DAG(s) 'dataset_s3_bucket_producer_with_no_taskflow', 'dataset_s3_bucket_consumer_with_no_taskflow', 'dataset_alias_example_alias_producer_with_no_taskflow', 'dataset_alias_example_alias_consumer_with_no_taskflow' retrieved from /home/airflow/.local/lib/python3.12/site-packages/airflow/example_dags/example_dataset_alias_with_no_taskflow.py
[2026-09-17T19:10:13.385+0000] {logging_mixin.py:190} INFO - [2026-09-17T19:10:13.384+0000] {dag.py:3239} INFO - Sync 4 DAGs
[2026-09-17T19:10:13.412+0000] {logging_mixin.py:190} INFO - [2026-09-17T19:10:13.412+0000] {dag.py:4180} INFO - Setting next_dagrun for dataset_alias_example_alias_consumer_with_no_taskflow to None, run_after=None
[2026-09-17T19:10:13.417+0000] {logging_mixin.py:190} INFO - [2026-09-17T19:10:13.416+0000] {dag.py:4180} INFO - Setting next_dagrun for dataset_alias_example_alias_producer_with_no_taskflow to None, run_after=None
[2026-09-17T19:10:13.420+0000] {logging_mixin.py:190} INFO - [2026-09-17T19:10:13.420+0000] {dag.py:4180} INFO - Setting next_dagrun for dataset_s3_bucket_consumer_with_no_taskflow to None, run_after=None
[2026-09-17T19:10:13.423+0000] {logging_mixin.py:190} INFO - [2026-09-17T19:10:13.422+0000] {dag.py:4180} INFO - Setting next_dagrun for dataset_s3_bucket_producer_with_no_taskflow to None, run_after=None
[2026-09-17T19:10:13.455+0000] {processor.py:208} INFO - Processing /home/airflow/.local/lib/python3.12/site-packages/airflow/example_dags/example_dataset_alias_with_no_taskflow.py took 0.754 seconds
[2026-09-17T19:10:44.018+0000] {processor.py:186} INFO - Started process (PID=2528) to work on /home/airflow/.local/lib/python3.12/site-packages/airflow/example_dags/example_dataset_alias_with_no_taskflow.py
[2026-09-17T19:10:44.021+0000] {processor.py:914} INFO - Processing file /home/airflow/.local/lib/python3.12/site-packages/airflow/example_dags/example_dataset_alias_with_no_taskflow.py for tasks to queue
[2026-09-17T19:10:44.025+0000] {logging_mixin.py:190} INFO - [2026-09-17T19:10:44.024+0000] {dagbag.py:588} INFO - Filling up the DagBag from /home/airflow/.local/lib/python3.12/site-packages/airflow/example_dags/example_dataset_alias_with_no_taskflow.py
[2026-09-17T19:10:45.404+0000] {processor.py:925} INFO - DAG(s) 'dataset_alias_example_alias_producer_with_no_taskflow', 'dataset_s3_bucket_producer_with_no_taskflow', 'dataset_s3_bucket_consumer_with_no_taskflow', 'dataset_alias_example_alias_consumer_with_no_taskflow' retrieved from /home/airflow/.local/lib/python3.12/site-packages/airflow/example_dags/example_dataset_alias_with_no_taskflow.py
[2026-09-17T19:10:45.467+0000] {logging_mixin.py:190} INFO - [2026-09-17T19:10:45.465+0000] {dag.py:3239} INFO - Sync 4 DAGs
[2026-09-17T19:10:45.532+0000] {logging_mixin.py:190} INFO - [2026-09-17T19:10:45.531+0000] {dag.py:4180} INFO - Setting next_dagrun for dataset_alias_example_alias_consumer_with_no_taskflow to None, run_after=None
[2026-09-17T19:10:45.540+0000] {logging_mixin.py:190} INFO - [2026-09-17T19:10:45.540+0000] {dag.py:4180} INFO - Setting next_dagrun for dataset_alias_example_alias_producer_with_no_taskflow to None, run_after=None
[2026-09-17T19:10:45.546+0000] {logging_mixin.py:190} INFO - [2026-09-17T19:10:45.546+0000] {dag.py:4180} INFO - Setting next_dagrun for dataset_s3_bucket_consumer_with_no_taskflow to None, run_after=None
[2026-09-17T19:10:45.550+0000] {logging_mixin.py:190} INFO - [2026-09-17T19:10:45.550+0000] {dag.py:4180} INFO - Setting next_dagrun for dataset_s3_bucket_producer_with_no_taskflow to None, run_after=None
[2026-09-17T19:10:45.599+0000] {processor.py:208} INFO - Processing /home/airflow/.local/lib/python3.12/site-packages/airflow/example_dags/example_dataset_alias_with_no_taskflow.py took 1.595 seconds
[2026-09-17T19:11:16.309+0000] {processor.py:186} INFO - Started process (PID=2593) to work on /home/airflow/.local/lib/python3.12/site-packages/airflow/example_dags/example_dataset_alias_with_no_taskflow.py
[2026-09-17T19:11:16.310+0000] {processor.py:914} INFO - Processing file /home/airflow/.local/lib/python3.12/site-packages/airflow/example_dags/example_dataset_alias_with_no_taskflow.py for tasks to queue
[2026-09-17T19:11:16.312+0000] {logging_mixin.py:190} INFO - [2026-09-17T19:11:16.312+0000] {dagbag.py:588} INFO - Filling up the DagBag from /home/airflow/.local/lib/python3.12/site-packages/airflow/example_dags/example_dataset_alias_with_no_taskflow.py
[2026-09-17T19:11:17.215+0000] {processor.py:925} INFO - DAG(s) 'dataset_alias_example_alias_producer_with_no_taskflow', 'dataset_s3_bucket_producer_with_no_taskflow', 'dataset_s3_bucket_consumer_with_no_taskflow', 'dataset_alias_example_alias_consumer_with_no_taskflow' retrieved from /home/airflow/.local/lib/python3.12/site-packages/airflow/example_dags/example_dataset_alias_with_no_taskflow.py
[2026-09-17T19:11:17.263+0000] {logging_mixin.py:190} INFO - [2026-09-17T19:11:17.263+0000] {dag.py:3239} INFO - Sync 4 DAGs
[2026-09-17T19:11:17.307+0000] {logging_mixin.py:190} INFO - [2026-09-17T19:11:17.307+0000] {dag.py:4180} INFO - Setting next_dagrun for dataset_alias_example_alias_consumer_with_no_taskflow to None, run_after=None
[2026-09-17T19:11:17.314+0000] {logging_mixin.py:190} INFO - [2026-09-17T19:11:17.313+0000] {dag.py:4180} INFO - Setting next_dagrun for dataset_alias_example_alias_producer_with_no_taskflow to None, run_after=None
[2026-09-17T19:11:17.319+0000] {logging_mixin.py:190} INFO - [2026-09-17T19:11:17.318+0000] {dag.py:4180} INFO - Setting next_dagrun for dataset_s3_bucket_consumer_with_no_taskflow to None, run_after=None
[2026-09-17T19:11:17.322+0000] {logging_mixin.py:190} INFO - [2026-09-17T19:11:17.322+0000] {dag.py:4180} INFO - Setting next_dagrun for dataset_s3_bucket_producer_with_no_taskflow to None, run_after=None
[2026-09-17T19:11:17.357+0000] {processor.py:208} INFO - Processing /home/airflow/.local/lib/python3.12/site-packages/airflow/example_dags/example_dataset_alias_with_no_taskflow.py took 1.055 seconds
[2026-09-17T19:11:48.530+0000] {processor.py:186} INFO - Started process (PID=2660) to work on /home/airflow/.local/lib/python3.12/site-packages/airflow/example_dags/example_dataset_alias_with_no_taskflow.py
[2026-09-17T19:11:48.533+0000] {processor.py:914} INFO - Processing file /home/airflow/.local/lib/python3.12/site-packages/airflow/example_dags/example_dataset_alias_with_no_taskflow.py for tasks to queue
[2026-09-17T19:11:48.536+0000] {logging_mixin.py:190} INFO - [2026-09-17T19:11:48.535+0000] {dagbag.py:588} INFO - Filling up the DagBag from /home/airflow/.local/lib/python3.12/site-packages/airflow/example_dags/example_dataset_alias_with_no_taskflow.py
[2026-09-17T19:11:49.317+0000] {processor.py:925} INFO - DAG(s) 'dataset_alias_example_alias_consumer_with_no_taskflow', 'dataset_s3_bucket_consumer_with_no_taskflow', 'dataset_s3_bucket_producer_with_no_taskflow', 'dataset_alias_example_alias_producer_with_no_taskflow' retrieved from /home/airflow/.local/lib/python3.12/site-packages/airflow/example_dags/example_dataset_alias_with_no_taskflow.py
[2026-09-17T19:11:49.348+0000] {logging_mixin.py:190} INFO - [2026-09-17T19:11:49.348+0000] {dag.py:3239} INFO - Sync 4 DAGs
[2026-09-17T19:11:49.379+0000] {logging_mixin.py:190} INFO - [2026-09-17T19:11:49.379+0000] {dag.py:4180} INFO - Setting next_dagrun for dataset_alias_example_alias_consumer_with_no_taskflow to None, run_after=None
[2026-09-17T19:11:49.385+0000] {logging_mixin.py:190} INFO - [2026-09-17T19:11:49.385+0000] {dag.py:4180} INFO - Setting next_dagrun for dataset_alias_example_alias_producer_with_no_taskflow to None, run_after=None
[2026-09-17T19:11:49.389+0000] {logging_mixin.py:190} INFO - [2026-09-17T19:11:49.389+0000] {dag.py:4180} INFO - Setting next_dagrun for dataset_s3_bucket_consumer_with_no_taskflow to None, run_after=None
[2026-09-17T19:11:49.393+0000] {logging_mixin.py:190} INFO - [2026-09-17T19:11:49.392+0000] {dag.py:4180} INFO - Setting next_dagrun for dataset_s3_bucket_producer_with_no_taskflow to None, run_after=None
[2026-09-17T19:11:49.427+0000] {processor.py:208} INFO - Processing /home/airflow/.local/lib/python3.12/site-packages/airflow/example_dags/example_dataset_alias_with_no_taskflow.py took 0.905 seconds
[2026-09-17T19:12:19.735+0000] {processor.py:186} INFO - Started process (PID=2718) to work on /home/airflow/.local/lib/python3.12/site-packages/airflow/example_dags/example_dataset_alias_with_no_taskflow.py
[2026-09-17T19:12:19.737+0000] {processor.py:914} INFO - Processing file /home/airflow/.local/lib/python3.12/site-packages/airflow/example_dags/example_dataset_alias_with_no_taskflow.py for tasks to queue
[2026-09-17T19:12:19.739+0000] {logging_mixin.py:190} INFO - [2026-09-17T19:12:19.739+0000] {dagbag.py:588} INFO - Filling up the DagBag from /home/airflow/.local/lib/python3.12/site-packages/airflow/example_dags/example_dataset_alias_with_no_taskflow.py
[2026-09-17T19:12:20.525+0000] {processor.py:925} INFO - DAG(s) 'dataset_s3_bucket_consumer_with_no_taskflow', 'dataset_alias_example_alias_producer_with_no_taskflow', 'dataset_s3_bucket_producer_with_no_taskflow', 'dataset_alias_example_alias_consumer_with_no_taskflow' retrieved from /home/airflow/.local/lib/python3.12/site-packages/airflow/example_dags/example_dataset_alias_with_no_taskflow.py
[2026-09-17T19:12:20.556+0000] {logging_mixin.py:190} INFO - [2026-09-17T19:12:20.555+0000] {dag.py:3239} INFO - Sync 4 DAGs
[2026-09-17T19:12:20.580+0000] {logging_mixin.py:190} INFO - [2026-09-17T19:12:20.580+0000] {dag.py:4180} INFO - Setting next_dagrun for dataset_alias_example_alias_consumer_with_no_taskflow to None, run_after=None
[2026-09-17T19:12:20.584+0000] {logging_mixin.py:190} INFO - [2026-09-17T19:12:20.584+0000] {dag.py:4180} INFO - Setting next_dagrun for dataset_alias_example_alias_producer_with_no_taskflow to None, run_after=None
[2026-09-17T19:12:20.587+0000] {logging_mixin.py:190} INFO - [2026-09-17T19:12:20.587+0000] {dag.py:4180} INFO - Setting next_dagrun for dataset_s3_bucket_consumer_with_no_taskflow to None, run_after=None
[2026-09-17T19:12:20.590+0000] {logging_mixin.py:190} INFO - [2026-09-17T19:12:20.590+0000] {dag.py:4180} INFO - Setting next_dagrun for dataset_s3_bucket_producer_with_no_taskflow to None, run_after=None
[2026-09-17T19:12:20.616+0000] {processor.py:208} INFO - Processing /home/airflow/.local/lib/python3.12/site-packages/airflow/example_dags/example_dataset_alias_with_no_taskflow.py took 0.887 seconds
[2026-09-17T19:12:51.891+0000] {processor.py:186} INFO - Started process (PID=2788) to work on /home/airflow/.local/lib/python3.12/site-packages/airflow/example_dags/example_dataset_alias_with_no_taskflow.py
[2026-09-17T19:12:51.893+0000] {processor.py:914} INFO - Processing file /home/airflow/.local/lib/python3.12/site-packages/airflow/example_dags/example_dataset_alias_with_no_taskflow.py for tasks to queue
[2026-09-17T19:12:51.896+0000] {logging_mixin.py:190} INFO - [2026-09-17T19:12:51.896+0000] {dagbag.py:588} INFO - Filling up the DagBag from /home/airflow/.local/lib/python3.12/site-packages/airflow/example_dags/example_dataset_alias_with_no_taskflow.py
[2026-09-17T19:12:52.501+0000] {processor.py:925} INFO - DAG(s) 'dataset_s3_bucket_consumer_with_no_taskflow', 'dataset_s3_bucket_producer_with_no_taskflow', 'dataset_alias_example_alias_consumer_with_no_taskflow', 'dataset_alias_example_alias_producer_with_no_taskflow' retrieved from /home/airflow/.local/lib/python3.12/site-packages/airflow/example_dags/example_dataset_alias_with_no_taskflow.py
[2026-09-17T19:12:52.528+0000] {logging_mixin.py:190} INFO - [2026-09-17T19:12:52.527+0000] {dag.py:3239} INFO - Sync 4 DAGs
[2026-09-17T19:12:52.559+0000] {logging_mixin.py:190} INFO - [2026-09-17T19:12:52.559+0000] {dag.py:4180} INFO - Setting next_dagrun for dataset_alias_example_alias_consumer_with_no_taskflow to None, run_after=None
[2026-09-17T19:12:52.563+0000] {logging_mixin.py:190} INFO - [2026-09-17T19:12:52.563+0000] {dag.py:4180} INFO - Setting next_dagrun for dataset_alias_example_alias_producer_with_no_taskflow to None, run_after=None
[2026-09-17T19:12:52.566+0000] {logging_mixin.py:190} INFO - [2026-09-17T19:12:52.566+0000] {dag.py:4180} INFO - Setting next_dagrun for dataset_s3_bucket_consumer_with_no_taskflow to None, run_after=None
[2026-09-17T19:12:52.569+0000] {logging_mixin.py:190} INFO - [2026-09-17T19:12:52.569+0000] {dag.py:4180} INFO - Setting next_dagrun for dataset_s3_bucket_producer_with_no_taskflow to None, run_after=None
[2026-09-17T19:12:52.595+0000] {processor.py:208} INFO - Processing /home/airflow/.local/lib/python3.12/site-packages/airflow/example_dags/example_dataset_alias_with_no_taskflow.py took 0.710 seconds
[2026-09-17T19:13:23.175+0000] {processor.py:186} INFO - Started process (PID=2854) to work on /home/airflow/.local/lib/python3.12/site-packages/airflow/example_dags/example_dataset_alias_with_no_taskflow.py
[2026-09-17T19:13:23.177+0000] {processor.py:914} INFO - Processing file /home/airflow/.local/lib/python3.12/site-packages/airflow/example_dags/example_dataset_alias_with_no_taskflow.py for tasks to queue
[2026-09-17T19:13:23.179+0000] {logging_mixin.py:190} INFO - [2026-09-17T19:13:23.179+0000] {dagbag.py:588} INFO - Filling up the DagBag from /home/airflow/.local/lib/python3.12/site-packages/airflow/example_dags/example_dataset_alias_with_no_taskflow.py
[2026-09-17T19:13:23.853+0000] {processor.py:925} INFO - DAG(s) 'dataset_alias_example_alias_producer_with_no_taskflow', 'dataset_s3_bucket_consumer_with_no_taskflow', 'dataset_alias_example_alias_consumer_with_no_taskflow', 'dataset_s3_bucket_producer_with_no_taskflow' retrieved from /home/airflow/.local/lib/python3.12/site-packages/airflow/example_dags/example_dataset_alias_with_no_taskflow.py
[2026-09-17T19:13:23.882+0000] {logging_mixin.py:190} INFO - [2026-09-17T19:13:23.882+0000] {dag.py:3239} INFO - Sync 4 DAGs
[2026-09-17T19:13:23.909+0000] {logging_mixin.py:190} INFO - [2026-09-17T19:13:23.909+0000] {dag.py:4180} INFO - Setting next_dagrun for dataset_alias_example_alias_consumer_with_no_taskflow to None, run_after=None
[2026-09-17T19:13:23.914+0000] {logging_mixin.py:190} INFO - [2026-09-17T19:13:23.913+0000] {dag.py:4180} INFO - Setting next_dagrun for dataset_alias_example_alias_producer_with_no_taskflow to None, run_after=None
[2026-09-17T19:13:23.917+0000] {logging_mixin.py:190} INFO - [2026-09-17T19:13:23.917+0000] {dag.py:4180} INFO - Setting next_dagrun for dataset_s3_bucket_consumer_with_no_taskflow to None, run_after=None
[2026-09-17T19:13:23.920+0000] {logging_mixin.py:190} INFO - [2026-09-17T19:13:23.920+0000] {dag.py:4180} INFO - Setting next_dagrun for dataset_s3_bucket_producer_with_no_taskflow to None, run_after=None
[2026-09-17T19:13:23.953+0000] {processor.py:208} INFO - Processing /home/airflow/.local/lib/python3.12/site-packages/airflow/example_dags/example_dataset_alias_with_no_taskflow.py took 0.783 seconds
[2026-09-17T19:13:54.743+0000] {processor.py:186} INFO - Started process (PID=2922) to work on /home/airflow/.local/lib/python3.12/site-packages/airflow/example_dags/example_dataset_alias_with_no_taskflow.py
[2026-09-17T19:13:54.750+0000] {processor.py:914} INFO - Processing file /home/airflow/.local/lib/python3.12/site-packages/airflow/example_dags/example_dataset_alias_with_no_taskflow.py for tasks to queue
[2026-09-17T19:13:54.759+0000] {logging_mixin.py:190} INFO - [2026-09-17T19:13:54.758+0000] {dagbag.py:588} INFO - Filling up the DagBag from /home/airflow/.local/lib/python3.12/site-packages/airflow/example_dags/example_dataset_alias_with_no_taskflow.py
[2026-09-17T19:13:56.247+0000] {processor.py:925} INFO - DAG(s) 'dataset_alias_example_alias_consumer_with_no_taskflow', 'dataset_s3_bucket_consumer_with_no_taskflow', 'dataset_alias_example_alias_producer_with_no_taskflow', 'dataset_s3_bucket_producer_with_no_taskflow' retrieved from /home/airflow/.local/lib/python3.12/site-packages/airflow/example_dags/example_dataset_alias_with_no_taskflow.py
[2026-09-17T19:13:56.293+0000] {logging_mixin.py:190} INFO - [2026-09-17T19:13:56.292+0000] {dag.py:3239} INFO - Sync 4 DAGs
[2026-09-17T19:13:56.334+0000] {logging_mixin.py:190} INFO - [2026-09-17T19:13:56.334+0000] {dag.py:4180} INFO - Setting next_dagrun for dataset_alias_example_alias_consumer_with_no_taskflow to None, run_after=None
[2026-09-17T19:13:56.342+0000] {logging_mixin.py:190} INFO - [2026-09-17T19:13:56.341+0000] {dag.py:4180} INFO - Setting next_dagrun for dataset_alias_example_alias_producer_with_no_taskflow to None, run_after=None
[2026-09-17T19:13:56.347+0000] {logging_mixin.py:190} INFO - [2026-09-17T19:13:56.346+0000] {dag.py:4180} INFO - Setting next_dagrun for dataset_s3_bucket_consumer_with_no_taskflow to None, run_after=None
[2026-09-17T19:13:56.352+0000] {logging_mixin.py:190} INFO - [2026-09-17T19:13:56.351+0000] {dag.py:4180} INFO - Setting next_dagrun for dataset_s3_bucket_producer_with_no_taskflow to None, run_after=None
[2026-09-17T19:13:56.399+0000] {processor.py:208} INFO - Processing /home/airflow/.local/lib/python3.12/site-packages/airflow/example_dags/example_dataset_alias_with_no_taskflow.py took 1.677 seconds
[2026-09-17T19:14:26.527+0000] {processor.py:186} INFO - Started process (PID=2992) to work on /home/airflow/.local/lib/python3.12/site-packages/airflow/example_dags/example_dataset_alias_with_no_taskflow.py
[2026-09-17T19:14:26.529+0000] {processor.py:914} INFO - Processing file /home/airflow/.local/lib/python3.12/site-packages/airflow/example_dags/example_dataset_alias_with_no_taskflow.py for tasks to queue
[2026-09-17T19:14:26.532+0000] {logging_mixin.py:190} INFO - [2026-09-17T19:14:26.531+0000] {dagbag.py:588} INFO - Filling up the DagBag from /home/airflow/.local/lib/python3.12/site-packages/airflow/example_dags/example_dataset_alias_with_no_taskflow.py
[2026-09-17T19:14:27.116+0000] {processor.py:925} INFO - DAG(s) 'dataset_s3_bucket_consumer_with_no_taskflow', 'dataset_alias_example_alias_consumer_with_no_taskflow', 'dataset_s3_bucket_producer_with_no_taskflow', 'dataset_alias_example_alias_producer_with_no_taskflow' retrieved from /home/airflow/.local/lib/python3.12/site-packages/airflow/example_dags/example_dataset_alias_with_no_taskflow.py
[2026-09-17T19:14:27.144+0000] {logging_mixin.py:190} INFO - [2026-09-17T19:14:27.143+0000] {dag.py:3239} INFO - Sync 4 DAGs
[2026-09-17T19:14:27.170+0000] {logging_mixin.py:190} INFO - [2026-09-17T19:14:27.170+0000] {dag.py:4180} INFO - Setting next_dagrun for dataset_alias_example_alias_consumer_with_no_taskflow to None, run_after=None
[2026-09-17T19:14:27.174+0000] {logging_mixin.py:190} INFO - [2026-09-17T19:14:27.174+0000] {dag.py:4180} INFO - Setting next_dagrun for dataset_alias_example_alias_producer_with_no_taskflow to None, run_after=None
[2026-09-17T19:14:27.178+0000] {logging_mixin.py:190} INFO - [2026-09-17T19:14:27.177+0000] {dag.py:4180} INFO - Setting next_dagrun for dataset_s3_bucket_consumer_with_no_taskflow to None, run_after=None
[2026-09-17T19:14:27.181+0000] {logging_mixin.py:190} INFO - [2026-09-17T19:14:27.181+0000] {dag.py:4180} INFO - Setting next_dagrun for dataset_s3_bucket_producer_with_no_taskflow to None, run_after=None
[2026-09-17T19:14:27.210+0000] {processor.py:208} INFO - Processing /home/airflow/.local/lib/python3.12/site-packages/airflow/example_dags/example_dataset_alias_with_no_taskflow.py took 0.690 seconds
[2026-09-17T19:14:57.405+0000] {processor.py:186} INFO - Started process (PID=3057) to work on /home/airflow/.local/lib/python3.12/site-packages/airflow/example_dags/example_dataset_alias_with_no_taskflow.py
[2026-09-17T19:14:57.408+0000] {processor.py:914} INFO - Processing file /home/airflow/.local/lib/python3.12/site-packages/airflow/example_dags/example_dataset_alias_with_no_taskflow.py for tasks to queue
[2026-09-17T19:14:57.410+0000] {logging_mixin.py:190} INFO - [2026-09-17T19:14:57.409+0000] {dagbag.py:588} INFO - Filling up the DagBag from /home/airflow/.local/lib/python3.12/site-packages/airflow/example_dags/example_dataset_alias_with_no_taskflow.py
[2026-09-17T19:14:58.019+0000] {processor.py:925} INFO - DAG(s) 'dataset_s3_bucket_consumer_with_no_taskflow', 'dataset_alias_example_alias_producer_with_no_taskflow', 'dataset_alias_example_alias_consumer_with_no_taskflow', 'dataset_s3_bucket_producer_with_no_taskflow' retrieved from /home/airflow/.local/lib/python3.12/site-packages/airflow/example_dags/example_dataset_alias_with_no_taskflow.py
[2026-09-17T19:14:58.056+0000] {logging_mixin.py:190} INFO - [2026-09-17T19:14:58.055+0000] {dag.py:3239} INFO - Sync 4 DAGs
[2026-09-17T19:14:58.085+0000] {logging_mixin.py:190} INFO - [2026-09-17T19:14:58.085+0000] {dag.py:4180} INFO - Setting next_dagrun for dataset_alias_example_alias_consumer_with_no_taskflow to None, run_after=None
[2026-09-17T19:14:58.092+0000] {logging_mixin.py:190} INFO - [2026-09-17T19:14:58.092+0000] {dag.py:4180} INFO - Setting next_dagrun for dataset_alias_example_alias_producer_with_no_taskflow to None, run_after=None
[2026-09-17T19:14:58.096+0000] {logging_mixin.py:190} INFO - [2026-09-17T19:14:58.096+0000] {dag.py:4180} INFO - Setting next_dagrun for dataset_s3_bucket_consumer_with_no_taskflow to None, run_after=None
[2026-09-17T19:14:58.099+0000] {logging_mixin.py:190} INFO - [2026-09-17T19:14:58.099+0000] {dag.py:4180} INFO - Setting next_dagrun for dataset_s3_bucket_producer_with_no_taskflow to None, run_after=None
[2026-09-17T19:14:58.133+0000] {processor.py:208} INFO - Processing /home/airflow/.local/lib/python3.12/site-packages/airflow/example_dags/example_dataset_alias_with_no_taskflow.py took 0.734 seconds
[2026-09-17T19:15:28.485+0000] {processor.py:186} INFO - Started process (PID=3123) to work on /home/airflow/.local/lib/python3.12/site-packages/airflow/example_dags/example_dataset_alias_with_no_taskflow.py
[2026-09-17T19:15:28.487+0000] {processor.py:914} INFO - Processing file /home/airflow/.local/lib/python3.12/site-packages/airflow/example_dags/example_dataset_alias_with_no_taskflow.py for tasks to queue
[2026-09-17T19:15:28.490+0000] {logging_mixin.py:190} INFO - [2026-09-17T19:15:28.489+0000] {dagbag.py:588} INFO - Filling up the DagBag from /home/airflow/.local/lib/python3.12/site-packages/airflow/example_dags/example_dataset_alias_with_no_taskflow.py
[2026-09-17T19:15:29.148+0000] {processor.py:925} INFO - DAG(s) 'dataset_s3_bucket_producer_with_no_taskflow', 'dataset_alias_example_alias_consumer_with_no_taskflow', 'dataset_alias_example_alias_producer_with_no_taskflow', 'dataset_s3_bucket_consumer_with_no_taskflow' retrieved from /home/airflow/.local/lib/python3.12/site-packages/airflow/example_dags/example_dataset_alias_with_no_taskflow.py
[2026-09-17T19:15:29.175+0000] {logging_mixin.py:190} INFO - [2026-09-17T19:15:29.175+0000] {dag.py:3239} INFO - Sync 4 DAGs
[2026-09-17T19:15:29.200+0000] {logging_mixin.py:190} INFO - [2026-09-17T19:15:29.200+0000] {dag.py:4180} INFO - Setting next_dagrun for dataset_alias_example_alias_consumer_with_no_taskflow to None, run_after=None
[2026-09-17T19:15:29.204+0000] {logging_mixin.py:190} INFO - [2026-09-17T19:15:29.204+0000] {dag.py:4180} INFO - Setting next_dagrun for dataset_alias_example_alias_producer_with_no_taskflow to None, run_after=None
[2026-09-17T19:15:29.209+0000] {logging_mixin.py:190} INFO - [2026-09-17T19:15:29.208+0000] {dag.py:4180} INFO - Setting next_dagrun for dataset_s3_bucket_consumer_with_no_taskflow to None, run_after=None
[2026-09-17T19:15:29.211+0000] {logging_mixin.py:190} INFO - [2026-09-17T19:15:29.211+0000] {dag.py:4180} INFO - Setting next_dagrun for dataset_s3_bucket_producer_with_no_taskflow to None, run_after=None
[2026-09-17T19:15:29.238+0000] {processor.py:208} INFO - Processing /home/airflow/.local/lib/python3.12/site-packages/airflow/example_dags/example_dataset_alias_with_no_taskflow.py took 0.760 seconds
[2026-09-17T19:15:59.449+0000] {processor.py:186} INFO - Started process (PID=3192) to work on /home/airflow/.local/lib/python3.12/site-packages/airflow/example_dags/example_dataset_alias_with_no_taskflow.py
[2026-09-17T19:15:59.451+0000] {processor.py:914} INFO - Processing file /home/airflow/.local/lib/python3.12/site-packages/airflow/example_dags/example_dataset_alias_with_no_taskflow.py for tasks to queue
[2026-09-17T19:15:59.453+0000] {logging_mixin.py:190} INFO - [2026-09-17T19:15:59.453+0000] {dagbag.py:588} INFO - Filling up the DagBag from /home/airflow/.local/lib/python3.12/site-packages/airflow/example_dags/example_dataset_alias_with_no_taskflow.py
[2026-09-17T19:16:00.099+0000] {processor.py:925} INFO - DAG(s) 'dataset_s3_bucket_producer_with_no_taskflow', 'dataset_alias_example_alias_producer_with_no_taskflow', 'dataset_alias_example_alias_consumer_with_no_taskflow', 'dataset_s3_bucket_consumer_with_no_taskflow' retrieved from /home/airflow/.local/lib/python3.12/site-packages/airflow/example_dags/example_dataset_alias_with_no_taskflow.py
[2026-09-17T19:16:00.124+0000] {logging_mixin.py:190} INFO - [2026-09-17T19:16:00.123+0000] {dag.py:3239} INFO - Sync 4 DAGs
[2026-09-17T19:16:00.151+0000] {logging_mixin.py:190} INFO - [2026-09-17T19:16:00.151+0000] {dag.py:4180} INFO - Setting next_dagrun for dataset_alias_example_alias_consumer_with_no_taskflow to None, run_after=None
[2026-09-17T19:16:00.156+0000] {logging_mixin.py:190} INFO - [2026-09-17T19:16:00.156+0000] {dag.py:4180} INFO - Setting next_dagrun for dataset_alias_example_alias_producer_with_no_taskflow to None, run_after=None
[2026-09-17T19:16:00.159+0000] {logging_mixin.py:190} INFO - [2026-09-17T19:16:00.159+0000] {dag.py:4180} INFO - Setting next_dagrun for dataset_s3_bucket_consumer_with_no_taskflow to None, run_after=None
[2026-09-17T19:16:00.162+0000] {logging_mixin.py:190} INFO - [2026-09-17T19:16:00.162+0000] {dag.py:4180} INFO - Setting next_dagrun for dataset_s3_bucket_producer_with_no_taskflow to None, run_after=None
[2026-09-17T19:16:00.188+0000] {processor.py:208} INFO - Processing /home/airflow/.local/lib/python3.12/site-packages/airflow/example_dags/example_dataset_alias_with_no_taskflow.py took 0.745 seconds
[2026-09-17T19:16:30.410+0000] {processor.py:186} INFO - Started process (PID=3257) to work on /home/airflow/.local/lib/python3.12/site-packages/airflow/example_dags/example_dataset_alias_with_no_taskflow.py
[2026-09-17T19:16:30.412+0000] {processor.py:914} INFO - Processing file /home/airflow/.local/lib/python3.12/site-packages/airflow/example_dags/example_dataset_alias_with_no_taskflow.py for tasks to queue
[2026-09-17T19:16:30.414+0000] {logging_mixin.py:190} INFO - [2026-09-17T19:16:30.414+0000] {dagbag.py:588} INFO - Filling up the DagBag from /home/airflow/.local/lib/python3.12/site-packages/airflow/example_dags/example_dataset_alias_with_no_taskflow.py
[2026-09-17T19:16:31.037+0000] {processor.py:925} INFO - DAG(s) 'dataset_alias_example_alias_producer_with_no_taskflow', 'dataset_s3_bucket_consumer_with_no_taskflow', 'dataset_alias_example_alias_consumer_with_no_taskflow', 'dataset_s3_bucket_producer_with_no_taskflow' retrieved from /home/airflow/.local/lib/python3.12/site-packages/airflow/example_dags/example_dataset_alias_with_no_taskflow.py
[2026-09-17T19:16:31.062+0000] {logging_mixin.py:190} INFO - [2026-09-17T19:16:31.061+0000] {dag.py:3239} INFO - Sync 4 DAGs
[2026-09-17T19:16:31.085+0000] {logging_mixin.py:190} INFO - [2026-09-17T19:16:31.084+0000] {dag.py:4180} INFO - Setting next_dagrun for dataset_alias_example_alias_consumer_with_no_taskflow to None, run_after=None
[2026-09-17T19:16:31.089+0000] {logging_mixin.py:190} INFO - [2026-09-17T19:16:31.089+0000] {dag.py:4180} INFO - Setting next_dagrun for dataset_alias_example_alias_producer_with_no_taskflow to None, run_after=None
[2026-09-17T19:16:31.092+0000] {logging_mixin.py:190} INFO - [2026-09-17T19:16:31.092+0000] {dag.py:4180} INFO - Setting next_dagrun for dataset_s3_bucket_consumer_with_no_taskflow to None, run_after=None
[2026-09-17T19:16:31.095+0000] {logging_mixin.py:190} INFO - [2026-09-17T19:16:31.095+0000] {dag.py:4180} INFO - Setting next_dagrun for dataset_s3_bucket_producer_with_no_taskflow to None, run_after=None
[2026-09-17T19:16:31.119+0000] {processor.py:208} INFO - Processing /home/airflow/.local/lib/python3.12/site-packages/airflow/example_dags/example_dataset_alias_with_no_taskflow.py took 0.717 seconds
[2026-09-17T19:17:01.427+0000] {processor.py:186} INFO - Started process (PID=3322) to work on /home/airflow/.local/lib/python3.12/site-packages/airflow/example_dags/example_dataset_alias_with_no_taskflow.py
[2026-09-17T19:17:01.429+0000] {processor.py:914} INFO - Processing file /home/airflow/.local/lib/python3.12/site-packages/airflow/example_dags/example_dataset_alias_with_no_taskflow.py for tasks to queue
[2026-09-17T19:17:01.431+0000] {logging_mixin.py:190} INFO - [2026-09-17T19:17:01.430+0000] {dagbag.py:588} INFO - Filling up the DagBag from /home/airflow/.local/lib/python3.12/site-packages/airflow/example_dags/example_dataset_alias_with_no_taskflow.py
[2026-09-17T19:17:02.015+0000] {processor.py:925} INFO - DAG(s) 'dataset_s3_bucket_consumer_with_no_taskflow', 'dataset_alias_example_alias_consumer_with_no_taskflow', 'dataset_alias_example_alias_producer_with_no_taskflow', 'dataset_s3_bucket_producer_with_no_taskflow' retrieved from /home/airflow/.local/lib/python3.12/site-packages/airflow/example_dags/example_dataset_alias_with_no_taskflow.py
[2026-09-17T19:17:02.041+0000] {logging_mixin.py:190} INFO - [2026-09-17T19:17:02.041+0000] {dag.py:3239} INFO - Sync 4 DAGs
[2026-09-17T19:17:02.068+0000] {logging_mixin.py:190} INFO - [2026-09-17T19:17:02.067+0000] {dag.py:4180} INFO - Setting next_dagrun for dataset_alias_example_alias_consumer_with_no_taskflow to None, run_after=None
[2026-09-17T19:17:02.072+0000] {logging_mixin.py:190} INFO - [2026-09-17T19:17:02.072+0000] {dag.py:4180} INFO - Setting next_dagrun for dataset_alias_example_alias_producer_with_no_taskflow to None, run_after=None
[2026-09-17T19:17:02.075+0000] {logging_mixin.py:190} INFO - [2026-09-17T19:17:02.075+0000] {dag.py:4180} INFO - Setting next_dagrun for dataset_s3_bucket_consumer_with_no_taskflow to None, run_after=None
[2026-09-17T19:17:02.078+0000] {logging_mixin.py:190} INFO - [2026-09-17T19:17:02.078+0000] {dag.py:4180} INFO - Setting next_dagrun for dataset_s3_bucket_producer_with_no_taskflow to None, run_after=None
[2026-09-17T19:17:02.111+0000] {processor.py:208} INFO - Processing /home/airflow/.local/lib/python3.12/site-packages/airflow/example_dags/example_dataset_alias_with_no_taskflow.py took 0.690 seconds
[2026-09-17T19:17:32.696+0000] {processor.py:186} INFO - Started process (PID=3387) to work on /home/airflow/.local/lib/python3.12/site-packages/airflow/example_dags/example_dataset_alias_with_no_taskflow.py
[2026-09-17T19:17:32.698+0000] {processor.py:914} INFO - Processing file /home/airflow/.local/lib/python3.12/site-packages/airflow/example_dags/example_dataset_alias_with_no_taskflow.py for tasks to queue
[2026-09-17T19:17:32.700+0000] {logging_mixin.py:190} INFO - [2026-09-17T19:17:32.700+0000] {dagbag.py:588} INFO - Filling up the DagBag from /home/airflow/.local/lib/python3.12/site-packages/airflow/example_dags/example_dataset_alias_with_no_taskflow.py
[2026-09-17T19:17:33.417+0000] {processor.py:925} INFO - DAG(s) 'dataset_s3_bucket_consumer_with_no_taskflow', 'dataset_s3_bucket_producer_with_no_taskflow', 'dataset_alias_example_alias_consumer_with_no_taskflow', 'dataset_alias_example_alias_producer_with_no_taskflow' retrieved from /home/airflow/.local/lib/python3.12/site-packages/airflow/example_dags/example_dataset_alias_with_no_taskflow.py
[2026-09-17T19:17:33.443+0000] {logging_mixin.py:190} INFO - [2026-09-17T19:17:33.443+0000] {dag.py:3239} INFO - Sync 4 DAGs
[2026-09-17T19:17:33.466+0000] {logging_mixin.py:190} INFO - [2026-09-17T19:17:33.466+0000] {dag.py:4180} INFO - Setting next_dagrun for dataset_alias_example_alias_consumer_with_no_taskflow to None, run_after=None
[2026-09-17T19:17:33.471+0000] {logging_mixin.py:190} INFO - [2026-09-17T19:17:33.470+0000] {dag.py:4180} INFO - Setting next_dagrun for dataset_alias_example_alias_producer_with_no_taskflow to None, run_after=None
[2026-09-17T19:17:33.473+0000] {logging_mixin.py:190} INFO - [2026-09-17T19:17:33.473+0000] {dag.py:4180} INFO - Setting next_dagrun for dataset_s3_bucket_consumer_with_no_taskflow to None, run_after=None
[2026-09-17T19:17:33.476+0000] {logging_mixin.py:190} INFO - [2026-09-17T19:17:33.475+0000] {dag.py:4180} INFO - Setting next_dagrun for dataset_s3_bucket_producer_with_no_taskflow to None, run_after=None
[2026-09-17T19:17:33.507+0000] {processor.py:208} INFO - Processing /home/airflow/.local/lib/python3.12/site-packages/airflow/example_dags/example_dataset_alias_with_no_taskflow.py took 0.817 seconds
[2026-09-17T19:18:03.689+0000] {processor.py:186} INFO - Started process (PID=3452) to work on /home/airflow/.local/lib/python3.12/site-packages/airflow/example_dags/example_dataset_alias_with_no_taskflow.py
[2026-09-17T19:18:03.692+0000] {processor.py:914} INFO - Processing file /home/airflow/.local/lib/python3.12/site-packages/airflow/example_dags/example_dataset_alias_with_no_taskflow.py for tasks to queue
[2026-09-17T19:18:03.694+0000] {logging_mixin.py:190} INFO - [2026-09-17T19:18:03.693+0000] {dagbag.py:588} INFO - Filling up the DagBag from /home/airflow/.local/lib/python3.12/site-packages/airflow/example_dags/example_dataset_alias_with_no_taskflow.py
[2026-09-17T19:18:04.332+0000] {processor.py:925} INFO - DAG(s) 'dataset_alias_example_alias_consumer_with_no_taskflow', 'dataset_s3_bucket_consumer_with_no_taskflow', 'dataset_alias_example_alias_producer_with_no_taskflow', 'dataset_s3_bucket_producer_with_no_taskflow' retrieved from /home/airflow/.local/lib/python3.12/site-packages/airflow/example_dags/example_dataset_alias_with_no_taskflow.py
[2026-09-17T19:18:04.360+0000] {logging_mixin.py:190} INFO - [2026-09-17T19:18:04.359+0000] {dag.py:3239} INFO - Sync 4 DAGs
[2026-09-17T19:18:04.383+0000] {logging_mixin.py:190} INFO - [2026-09-17T19:18:04.383+0000] {dag.py:4180} INFO - Setting next_dagrun for dataset_alias_example_alias_consumer_with_no_taskflow to None, run_after=None
[2026-09-17T19:18:04.387+0000] {logging_mixin.py:190} INFO - [2026-09-17T19:18:04.387+0000] {dag.py:4180} INFO - Setting next_dagrun for dataset_alias_example_alias_producer_with_no_taskflow to None, run_after=None
[2026-09-17T19:18:04.390+0000] {logging_mixin.py:190} INFO - [2026-09-17T19:18:04.390+0000] {dag.py:4180} INFO - Setting next_dagrun for dataset_s3_bucket_consumer_with_no_taskflow to None, run_after=None
[2026-09-17T19:18:04.393+0000] {logging_mixin.py:190} INFO - [2026-09-17T19:18:04.392+0000] {dag.py:4180} INFO - Setting next_dagrun for dataset_s3_bucket_producer_with_no_taskflow to None, run_after=None
[2026-09-17T19:18:04.422+0000] {processor.py:208} INFO - Processing /home/airflow/.local/lib/python3.12/site-packages/airflow/example_dags/example_dataset_alias_with_no_taskflow.py took 0.738 seconds
[2026-09-17T19:18:35.343+0000] {processor.py:186} INFO - Started process (PID=3520) to work on /home/airflow/.local/lib/python3.12/site-packages/airflow/example_dags/example_dataset_alias_with_no_taskflow.py
[2026-09-17T19:18:35.345+0000] {processor.py:914} INFO - Processing file /home/airflow/.local/lib/python3.12/site-packages/airflow/example_dags/example_dataset_alias_with_no_taskflow.py for tasks to queue
[2026-09-17T19:18:35.347+0000] {logging_mixin.py:190} INFO - [2026-09-17T19:18:35.347+0000] {dagbag.py:588} INFO - Filling up the DagBag from /home/airflow/.local/lib/python3.12/site-packages/airflow/example_dags/example_dataset_alias_with_no_taskflow.py
[2026-09-17T19:18:35.936+0000] {processor.py:925} INFO - DAG(s) 'dataset_s3_bucket_producer_with_no_taskflow', 'dataset_alias_example_alias_producer_with_no_taskflow', 'dataset_s3_bucket_consumer_with_no_taskflow', 'dataset_alias_example_alias_consumer_with_no_taskflow' retrieved from /home/airflow/.local/lib/python3.12/site-packages/airflow/example_dags/example_dataset_alias_with_no_taskflow.py
[2026-09-17T19:18:35.964+0000] {logging_mixin.py:190} INFO - [2026-09-17T19:18:35.964+0000] {dag.py:3239} INFO - Sync 4 DAGs
[2026-09-17T19:18:35.988+0000] {logging_mixin.py:190} INFO - [2026-09-17T19:18:35.988+0000] {dag.py:4180} INFO - Setting next_dagrun for dataset_alias_example_alias_consumer_with_no_taskflow to None, run_after=None
[2026-09-17T19:18:35.993+0000] {logging_mixin.py:190} INFO - [2026-09-17T19:18:35.992+0000] {dag.py:4180} INFO - Setting next_dagrun for dataset_alias_example_alias_producer_with_no_taskflow to None, run_after=None
[2026-09-17T19:18:35.996+0000] {logging_mixin.py:190} INFO - [2026-09-17T19:18:35.995+0000] {dag.py:4180} INFO - Setting next_dagrun for dataset_s3_bucket_consumer_with_no_taskflow to None, run_after=None
[2026-09-17T19:18:35.998+0000] {logging_mixin.py:190} INFO - [2026-09-17T19:18:35.998+0000] {dag.py:4180} INFO - Setting next_dagrun for dataset_s3_bucket_producer_with_no_taskflow to None, run_after=None
[2026-09-17T19:18:36.023+0000] {processor.py:208} INFO - Processing /home/airflow/.local/lib/python3.12/site-packages/airflow/example_dags/example_dataset_alias_with_no_taskflow.py took 0.686 seconds
[2026-09-17T19:19:06.660+0000] {processor.py:186} INFO - Started process (PID=3586) to work on /home/airflow/.local/lib/python3.12/site-packages/airflow/example_dags/example_dataset_alias_with_no_taskflow.py
[2026-09-17T19:19:06.662+0000] {processor.py:914} INFO - Processing file /home/airflow/.local/lib/python3.12/site-packages/airflow/example_dags/example_dataset_alias_with_no_taskflow.py for tasks to queue
[2026-09-17T19:19:06.666+0000] {logging_mixin.py:190} INFO - [2026-09-17T19:19:06.665+0000] {dagbag.py:588} INFO - Filling up the DagBag from /home/airflow/.local/lib/python3.12/site-packages/airflow/example_dags/example_dataset_alias_with_no_taskflow.py
[2026-09-17T19:19:07.414+0000] {processor.py:925} INFO - DAG(s) 'dataset_s3_bucket_consumer_with_no_taskflow', 'dataset_alias_example_alias_consumer_with_no_taskflow', 'dataset_alias_example_alias_producer_with_no_taskflow', 'dataset_s3_bucket_producer_with_no_taskflow' retrieved from /home/airflow/.local/lib/python3.12/site-packages/airflow/example_dags/example_dataset_alias_with_no_taskflow.py
[2026-09-17T19:19:07.450+0000] {logging_mixin.py:190} INFO - [2026-09-17T19:19:07.450+0000] {dag.py:3239} INFO - Sync 4 DAGs
[2026-09-17T19:19:07.477+0000] {logging_mixin.py:190} INFO - [2026-09-17T19:19:07.477+0000] {dag.py:4180} INFO - Setting next_dagrun for dataset_alias_example_alias_consumer_with_no_taskflow to None, run_after=None
[2026-09-17T19:19:07.481+0000] {logging_mixin.py:190} INFO - [2026-09-17T19:19:07.481+0000] {dag.py:4180} INFO - Setting next_dagrun for dataset_alias_example_alias_producer_with_no_taskflow to None, run_after=None
[2026-09-17T19:19:07.485+0000] {logging_mixin.py:190} INFO - [2026-09-17T19:19:07.484+0000] {dag.py:4180} INFO - Setting next_dagrun for dataset_s3_bucket_consumer_with_no_taskflow to None, run_after=None
[2026-09-17T19:19:07.487+0000] {logging_mixin.py:190} INFO - [2026-09-17T19:19:07.487+0000] {dag.py:4180} INFO - Setting next_dagrun for dataset_s3_bucket_producer_with_no_taskflow to None, run_after=None
[2026-09-17T19:19:07.515+0000] {processor.py:208} INFO - Processing /home/airflow/.local/lib/python3.12/site-packages/airflow/example_dags/example_dataset_alias_with_no_taskflow.py took 0.862 seconds
[2026-09-17T19:19:37.762+0000] {processor.py:186} INFO - Started process (PID=3655) to work on /home/airflow/.local/lib/python3.12/site-packages/airflow/example_dags/example_dataset_alias_with_no_taskflow.py
[2026-09-17T19:19:37.764+0000] {processor.py:914} INFO - Processing file /home/airflow/.local/lib/python3.12/site-packages/airflow/example_dags/example_dataset_alias_with_no_taskflow.py for tasks to queue
[2026-09-17T19:19:37.767+0000] {logging_mixin.py:190} INFO - [2026-09-17T19:19:37.766+0000] {dagbag.py:588} INFO - Filling up the DagBag from /home/airflow/.local/lib/python3.12/site-packages/airflow/example_dags/example_dataset_alias_with_no_taskflow.py
[2026-09-17T19:19:38.595+0000] {processor.py:925} INFO - DAG(s) 'dataset_alias_example_alias_producer_with_no_taskflow', 'dataset_s3_bucket_consumer_with_no_taskflow', 'dataset_alias_example_alias_consumer_with_no_taskflow', 'dataset_s3_bucket_producer_with_no_taskflow' retrieved from /home/airflow/.local/lib/python3.12/site-packages/airflow/example_dags/example_dataset_alias_with_no_taskflow.py
[2026-09-17T19:19:38.631+0000] {logging_mixin.py:190} INFO - [2026-09-17T19:19:38.631+0000] {dag.py:3239} INFO - Sync 4 DAGs
[2026-09-17T19:19:38.662+0000] {logging_mixin.py:190} INFO - [2026-09-17T19:19:38.661+0000] {dag.py:4180} INFO - Setting next_dagrun for dataset_alias_example_alias_consumer_with_no_taskflow to None, run_after=None
[2026-09-17T19:19:38.666+0000] {logging_mixin.py:190} INFO - [2026-09-17T19:19:38.666+0000] {dag.py:4180} INFO - Setting next_dagrun for dataset_alias_example_alias_producer_with_no_taskflow to None, run_after=None
[2026-09-17T19:19:38.670+0000] {logging_mixin.py:190} INFO - [2026-09-17T19:19:38.670+0000] {dag.py:4180} INFO - Setting next_dagrun for dataset_s3_bucket_consumer_with_no_taskflow to None, run_after=None
[2026-09-17T19:19:38.673+0000] {logging_mixin.py:190} INFO - [2026-09-17T19:19:38.673+0000] {dag.py:4180} INFO - Setting next_dagrun for dataset_s3_bucket_producer_with_no_taskflow to None, run_after=None
[2026-09-17T19:19:38.706+0000] {processor.py:208} INFO - Processing /home/airflow/.local/lib/python3.12/site-packages/airflow/example_dags/example_dataset_alias_with_no_taskflow.py took 0.951 seconds
[2026-09-17T19:20:09.056+0000] {processor.py:186} INFO - Started process (PID=3713) to work on /home/airflow/.local/lib/python3.12/site-packages/airflow/example_dags/example_dataset_alias_with_no_taskflow.py
[2026-09-17T19:20:09.058+0000] {processor.py:914} INFO - Processing file /home/airflow/.local/lib/python3.12/site-packages/airflow/example_dags/example_dataset_alias_with_no_taskflow.py for tasks to queue
[2026-09-17T19:20:09.060+0000] {logging_mixin.py:190} INFO - [2026-09-17T19:20:09.060+0000] {dagbag.py:588} INFO - Filling up the DagBag from /home/airflow/.local/lib/python3.12/site-packages/airflow/example_dags/example_dataset_alias_with_no_taskflow.py
[2026-09-17T19:20:09.786+0000] {processor.py:925} INFO - DAG(s) 'dataset_alias_example_alias_producer_with_no_taskflow', 'dataset_s3_bucket_consumer_with_no_taskflow', 'dataset_s3_bucket_producer_with_no_taskflow', 'dataset_alias_example_alias_consumer_with_no_taskflow' retrieved from /home/airflow/.local/lib/python3.12/site-packages/airflow/example_dags/example_dataset_alias_with_no_taskflow.py
[2026-09-17T19:20:09.817+0000] {logging_mixin.py:190} INFO - [2026-09-17T19:20:09.817+0000] {dag.py:3239} INFO - Sync 4 DAGs
[2026-09-17T19:20:09.846+0000] {logging_mixin.py:190} INFO - [2026-09-17T19:20:09.845+0000] {dag.py:4180} INFO - Setting next_dagrun for dataset_alias_example_alias_consumer_with_no_taskflow to None, run_after=None
[2026-09-17T19:20:09.851+0000] {logging_mixin.py:190} INFO - [2026-09-17T19:20:09.851+0000] {dag.py:4180} INFO - Setting next_dagrun for dataset_alias_example_alias_producer_with_no_taskflow to None, run_after=None
[2026-09-17T19:20:09.854+0000] {logging_mixin.py:190} INFO - [2026-09-17T19:20:09.854+0000] {dag.py:4180} INFO - Setting next_dagrun for dataset_s3_bucket_consumer_with_no_taskflow to None, run_after=None
[2026-09-17T19:20:09.857+0000] {logging_mixin.py:190} INFO - [2026-09-17T19:20:09.857+0000] {dag.py:4180} INFO - Setting next_dagrun for dataset_s3_bucket_producer_with_no_taskflow to None, run_after=None
[2026-09-17T19:20:09.891+0000] {processor.py:208} INFO - Processing /home/airflow/.local/lib/python3.12/site-packages/airflow/example_dags/example_dataset_alias_with_no_taskflow.py took 0.844 seconds
[2026-09-17T19:20:40.017+0000] {processor.py:186} INFO - Started process (PID=3783) to work on /home/airflow/.local/lib/python3.12/site-packages/airflow/example_dags/example_dataset_alias_with_no_taskflow.py
[2026-09-17T19:20:40.019+0000] {processor.py:914} INFO - Processing file /home/airflow/.local/lib/python3.12/site-packages/airflow/example_dags/example_dataset_alias_with_no_taskflow.py for tasks to queue
[2026-09-17T19:20:40.021+0000] {logging_mixin.py:190} INFO - [2026-09-17T19:20:40.021+0000] {dagbag.py:588} INFO - Filling up the DagBag from /home/airflow/.local/lib/python3.12/site-packages/airflow/example_dags/example_dataset_alias_with_no_taskflow.py
[2026-09-17T19:20:40.601+0000] {processor.py:925} INFO - DAG(s) 'dataset_s3_bucket_consumer_with_no_taskflow', 'dataset_alias_example_alias_consumer_with_no_taskflow', 'dataset_s3_bucket_producer_with_no_taskflow', 'dataset_alias_example_alias_producer_with_no_taskflow' retrieved from /home/airflow/.local/lib/python3.12/site-packages/airflow/example_dags/example_dataset_alias_with_no_taskflow.py
[2026-09-17T19:20:40.631+0000] {logging_mixin.py:190} INFO - [2026-09-17T19:20:40.631+0000] {dag.py:3239} INFO - Sync 4 DAGs
[2026-09-17T19:20:40.658+0000] {logging_mixin.py:190} INFO - [2026-09-17T19:20:40.657+0000] {dag.py:4180} INFO - Setting next_dagrun for dataset_alias_example_alias_consumer_with_no_taskflow to None, run_after=None
[2026-09-17T19:20:40.662+0000] {logging_mixin.py:190} INFO - [2026-09-17T19:20:40.661+0000] {dag.py:4180} INFO - Setting next_dagrun for dataset_alias_example_alias_producer_with_no_taskflow to None, run_after=None
[2026-09-17T19:20:40.665+0000] {logging_mixin.py:190} INFO - [2026-09-17T19:20:40.664+0000] {dag.py:4180} INFO - Setting next_dagrun for dataset_s3_bucket_consumer_with_no_taskflow to None, run_after=None
[2026-09-17T19:20:40.669+0000] {logging_mixin.py:190} INFO - [2026-09-17T19:20:40.669+0000] {dag.py:4180} INFO - Setting next_dagrun for dataset_s3_bucket_producer_with_no_taskflow to None, run_after=None
[2026-09-17T19:20:40.701+0000] {processor.py:208} INFO - Processing /home/airflow/.local/lib/python3.12/site-packages/airflow/example_dags/example_dataset_alias_with_no_taskflow.py took 0.690 seconds
[2026-09-17T19:21:11.234+0000] {processor.py:186} INFO - Started process (PID=3848) to work on /home/airflow/.local/lib/python3.12/site-packages/airflow/example_dags/example_dataset_alias_with_no_taskflow.py
[2026-09-17T19:21:11.236+0000] {processor.py:914} INFO - Processing file /home/airflow/.local/lib/python3.12/site-packages/airflow/example_dags/example_dataset_alias_with_no_taskflow.py for tasks to queue
[2026-09-17T19:21:11.238+0000] {logging_mixin.py:190} INFO - [2026-09-17T19:21:11.238+0000] {dagbag.py:588} INFO - Filling up the DagBag from /home/airflow/.local/lib/python3.12/site-packages/airflow/example_dags/example_dataset_alias_with_no_taskflow.py
[2026-09-17T19:21:11.815+0000] {processor.py:925} INFO - DAG(s) 'dataset_s3_bucket_consumer_with_no_taskflow', 'dataset_s3_bucket_producer_with_no_taskflow', 'dataset_alias_example_alias_consumer_with_no_taskflow', 'dataset_alias_example_alias_producer_with_no_taskflow' retrieved from /home/airflow/.local/lib/python3.12/site-packages/airflow/example_dags/example_dataset_alias_with_no_taskflow.py
[2026-09-17T19:21:11.843+0000] {logging_mixin.py:190} INFO - [2026-09-17T19:21:11.842+0000] {dag.py:3239} INFO - Sync 4 DAGs
[2026-09-17T19:21:11.866+0000] {logging_mixin.py:190} INFO - [2026-09-17T19:21:11.866+0000] {dag.py:4180} INFO - Setting next_dagrun for dataset_alias_example_alias_consumer_with_no_taskflow to None, run_after=None
[2026-09-17T19:21:11.870+0000] {logging_mixin.py:190} INFO - [2026-09-17T19:21:11.870+0000] {dag.py:4180} INFO - Setting next_dagrun for dataset_alias_example_alias_producer_with_no_taskflow to None, run_after=None
[2026-09-17T19:21:11.873+0000] {logging_mixin.py:190} INFO - [2026-09-17T19:21:11.873+0000] {dag.py:4180} INFO - Setting next_dagrun for dataset_s3_bucket_consumer_with_no_taskflow to None, run_after=None
[2026-09-17T19:21:11.876+0000] {logging_mixin.py:190} INFO - [2026-09-17T19:21:11.876+0000] {dag.py:4180} INFO - Setting next_dagrun for dataset_s3_bucket_producer_with_no_taskflow to None, run_after=None
[2026-09-17T19:21:11.907+0000] {processor.py:208} INFO - Processing /home/airflow/.local/lib/python3.12/site-packages/airflow/example_dags/example_dataset_alias_with_no_taskflow.py took 0.680 seconds
[2026-09-17T19:21:42.727+0000] {processor.py:186} INFO - Started process (PID=3913) to work on /home/airflow/.local/lib/python3.12/site-packages/airflow/example_dags/example_dataset_alias_with_no_taskflow.py
[2026-09-17T19:21:42.728+0000] {processor.py:914} INFO - Processing file /home/airflow/.local/lib/python3.12/site-packages/airflow/example_dags/example_dataset_alias_with_no_taskflow.py for tasks to queue
[2026-09-17T19:21:42.731+0000] {logging_mixin.py:190} INFO - [2026-09-17T19:21:42.730+0000] {dagbag.py:588} INFO - Filling up the DagBag from /home/airflow/.local/lib/python3.12/site-packages/airflow/example_dags/example_dataset_alias_with_no_taskflow.py
[2026-09-17T19:21:43.372+0000] {processor.py:925} INFO - DAG(s) 'dataset_s3_bucket_consumer_with_no_taskflow', 'dataset_s3_bucket_producer_with_no_taskflow', 'dataset_alias_example_alias_producer_with_no_taskflow', 'dataset_alias_example_alias_consumer_with_no_taskflow' retrieved from /home/airflow/.local/lib/python3.12/site-packages/airflow/example_dags/example_dataset_alias_with_no_taskflow.py
[2026-09-17T19:21:43.399+0000] {logging_mixin.py:190} INFO - [2026-09-17T19:21:43.399+0000] {dag.py:3239} INFO - Sync 4 DAGs
[2026-09-17T19:21:43.423+0000] {logging_mixin.py:190} INFO - [2026-09-17T19:21:43.423+0000] {dag.py:4180} INFO - Setting next_dagrun for dataset_alias_example_alias_consumer_with_no_taskflow to None, run_after=None
[2026-09-17T19:21:43.428+0000] {logging_mixin.py:190} INFO - [2026-09-17T19:21:43.428+0000] {dag.py:4180} INFO - Setting next_dagrun for dataset_alias_example_alias_producer_with_no_taskflow to None, run_after=None
[2026-09-17T19:21:43.432+0000] {logging_mixin.py:190} INFO - [2026-09-17T19:21:43.431+0000] {dag.py:4180} INFO - Setting next_dagrun for dataset_s3_bucket_consumer_with_no_taskflow to None, run_after=None
[2026-09-17T19:21:43.435+0000] {logging_mixin.py:190} INFO - [2026-09-17T19:21:43.435+0000] {dag.py:4180} INFO - Setting next_dagrun for dataset_s3_bucket_producer_with_no_taskflow to None, run_after=None
[2026-09-17T19:21:43.463+0000] {processor.py:208} INFO - Processing /home/airflow/.local/lib/python3.12/site-packages/airflow/example_dags/example_dataset_alias_with_no_taskflow.py took 0.745 seconds
[2026-09-17T19:22:13.617+0000] {processor.py:186} INFO - Started process (PID=3982) to work on /home/airflow/.local/lib/python3.12/site-packages/airflow/example_dags/example_dataset_alias_with_no_taskflow.py
[2026-09-17T19:22:13.620+0000] {processor.py:914} INFO - Processing file /home/airflow/.local/lib/python3.12/site-packages/airflow/example_dags/example_dataset_alias_with_no_taskflow.py for tasks to queue
[2026-09-17T19:22:13.623+0000] {logging_mixin.py:190} INFO - [2026-09-17T19:22:13.623+0000] {dagbag.py:588} INFO - Filling up the DagBag from /home/airflow/.local/lib/python3.12/site-packages/airflow/example_dags/example_dataset_alias_with_no_taskflow.py
[2026-09-17T19:22:14.244+0000] {processor.py:925} INFO - DAG(s) 'dataset_alias_example_alias_consumer_with_no_taskflow', 'dataset_s3_bucket_consumer_with_no_taskflow', 'dataset_s3_bucket_producer_with_no_taskflow', 'dataset_alias_example_alias_producer_with_no_taskflow' retrieved from /home/airflow/.local/lib/python3.12/site-packages/airflow/example_dags/example_dataset_alias_with_no_taskflow.py
[2026-09-17T19:22:14.270+0000] {logging_mixin.py:190} INFO - [2026-09-17T19:22:14.270+0000] {dag.py:3239} INFO - Sync 4 DAGs
[2026-09-17T19:22:14.297+0000] {logging_mixin.py:190} INFO - [2026-09-17T19:22:14.297+0000] {dag.py:4180} INFO - Setting next_dagrun for dataset_alias_example_alias_consumer_with_no_taskflow to None, run_after=None
[2026-09-17T19:22:14.302+0000] {logging_mixin.py:190} INFO - [2026-09-17T19:22:14.302+0000] {dag.py:4180} INFO - Setting next_dagrun for dataset_alias_example_alias_producer_with_no_taskflow to None, run_after=None
[2026-09-17T19:22:14.305+0000] {logging_mixin.py:190} INFO - [2026-09-17T19:22:14.305+0000] {dag.py:4180} INFO - Setting next_dagrun for dataset_s3_bucket_consumer_with_no_taskflow to None, run_after=None
[2026-09-17T19:22:14.308+0000] {logging_mixin.py:190} INFO - [2026-09-17T19:22:14.308+0000] {dag.py:4180} INFO - Setting next_dagrun for dataset_s3_bucket_producer_with_no_taskflow to None, run_after=None
[2026-09-17T19:22:14.338+0000] {processor.py:208} INFO - Processing /home/airflow/.local/lib/python3.12/site-packages/airflow/example_dags/example_dataset_alias_with_no_taskflow.py took 0.730 seconds
[2026-09-17T19:22:44.923+0000] {processor.py:186} INFO - Started process (PID=4048) to work on /home/airflow/.local/lib/python3.12/site-packages/airflow/example_dags/example_dataset_alias_with_no_taskflow.py
[2026-09-17T19:22:44.925+0000] {processor.py:914} INFO - Processing file /home/airflow/.local/lib/python3.12/site-packages/airflow/example_dags/example_dataset_alias_with_no_taskflow.py for tasks to queue
[2026-09-17T19:22:44.927+0000] {logging_mixin.py:190} INFO - [2026-09-17T19:22:44.926+0000] {dagbag.py:588} INFO - Filling up the DagBag from /home/airflow/.local/lib/python3.12/site-packages/airflow/example_dags/example_dataset_alias_with_no_taskflow.py
[2026-09-17T19:22:45.537+0000] {processor.py:925} INFO - DAG(s) 'dataset_s3_bucket_producer_with_no_taskflow', 'dataset_s3_bucket_consumer_with_no_taskflow', 'dataset_alias_example_alias_consumer_with_no_taskflow', 'dataset_alias_example_alias_producer_with_no_taskflow' retrieved from /home/airflow/.local/lib/python3.12/site-packages/airflow/example_dags/example_dataset_alias_with_no_taskflow.py
[2026-09-17T19:22:45.565+0000] {logging_mixin.py:190} INFO - [2026-09-17T19:22:45.564+0000] {dag.py:3239} INFO - Sync 4 DAGs
[2026-09-17T19:22:45.591+0000] {logging_mixin.py:190} INFO - [2026-09-17T19:22:45.590+0000] {dag.py:4180} INFO - Setting next_dagrun for dataset_alias_example_alias_consumer_with_no_taskflow to None, run_after=None
[2026-09-17T19:22:45.595+0000] {logging_mixin.py:190} INFO - [2026-09-17T19:22:45.594+0000] {dag.py:4180} INFO - Setting next_dagrun for dataset_alias_example_alias_producer_with_no_taskflow to None, run_after=None
[2026-09-17T19:22:45.598+0000] {logging_mixin.py:190} INFO - [2026-09-17T19:22:45.597+0000] {dag.py:4180} INFO - Setting next_dagrun for dataset_s3_bucket_consumer_with_no_taskflow to None, run_after=None
[2026-09-17T19:22:45.601+0000] {logging_mixin.py:190} INFO - [2026-09-17T19:22:45.600+0000] {dag.py:4180} INFO - Setting next_dagrun for dataset_s3_bucket_producer_with_no_taskflow to None, run_after=None
[2026-09-17T19:22:45.634+0000] {processor.py:208} INFO - Processing /home/airflow/.local/lib/python3.12/site-packages/airflow/example_dags/example_dataset_alias_with_no_taskflow.py took 0.718 seconds
[2026-09-17T19:23:15.715+0000] {processor.py:186} INFO - Started process (PID=4116) to work on /home/airflow/.local/lib/python3.12/site-packages/airflow/example_dags/example_dataset_alias_with_no_taskflow.py
[2026-09-17T19:23:15.718+0000] {processor.py:914} INFO - Processing file /home/airflow/.local/lib/python3.12/site-packages/airflow/example_dags/example_dataset_alias_with_no_taskflow.py for tasks to queue
[2026-09-17T19:23:15.719+0000] {logging_mixin.py:190} INFO - [2026-09-17T19:23:15.719+0000] {dagbag.py:588} INFO - Filling up the DagBag from /home/airflow/.local/lib/python3.12/site-packages/airflow/example_dags/example_dataset_alias_with_no_taskflow.py
[2026-09-17T19:23:16.415+0000] {processor.py:925} INFO - DAG(s) 'dataset_alias_example_alias_consumer_with_no_taskflow', 'dataset_alias_example_alias_producer_with_no_taskflow', 'dataset_s3_bucket_producer_with_no_taskflow', 'dataset_s3_bucket_consumer_with_no_taskflow' retrieved from /home/airflow/.local/lib/python3.12/site-packages/airflow/example_dags/example_dataset_alias_with_no_taskflow.py
[2026-09-17T19:23:16.451+0000] {logging_mixin.py:190} INFO - [2026-09-17T19:23:16.450+0000] {dag.py:3239} INFO - Sync 4 DAGs
[2026-09-17T19:23:16.489+0000] {logging_mixin.py:190} INFO - [2026-09-17T19:23:16.488+0000] {dag.py:4180} INFO - Setting next_dagrun for dataset_alias_example_alias_consumer_with_no_taskflow to None, run_after=None
[2026-09-17T19:23:16.494+0000] {logging_mixin.py:190} INFO - [2026-09-17T19:23:16.494+0000] {dag.py:4180} INFO - Setting next_dagrun for dataset_alias_example_alias_producer_with_no_taskflow to None, run_after=None
[2026-09-17T19:23:16.498+0000] {logging_mixin.py:190} INFO - [2026-09-17T19:23:16.498+0000] {dag.py:4180} INFO - Setting next_dagrun for dataset_s3_bucket_consumer_with_no_taskflow to None, run_after=None
[2026-09-17T19:23:16.502+0000] {logging_mixin.py:190} INFO - [2026-09-17T19:23:16.501+0000] {dag.py:4180} INFO - Setting next_dagrun for dataset_s3_bucket_producer_with_no_taskflow to None, run_after=None
[2026-09-17T19:23:16.538+0000] {processor.py:208} INFO - Processing /home/airflow/.local/lib/python3.12/site-packages/airflow/example_dags/example_dataset_alias_with_no_taskflow.py took 0.828 seconds
[2026-09-17T19:23:46.687+0000] {processor.py:186} INFO - Started process (PID=4188) to work on /home/airflow/.local/lib/python3.12/site-packages/airflow/example_dags/example_dataset_alias_with_no_taskflow.py
[2026-09-17T19:23:46.689+0000] {processor.py:914} INFO - Processing file /home/airflow/.local/lib/python3.12/site-packages/airflow/example_dags/example_dataset_alias_with_no_taskflow.py for tasks to queue
[2026-09-17T19:23:46.692+0000] {logging_mixin.py:190} INFO - [2026-09-17T19:23:46.692+0000] {dagbag.py:588} INFO - Filling up the DagBag from /home/airflow/.local/lib/python3.12/site-packages/airflow/example_dags/example_dataset_alias_with_no_taskflow.py
[2026-09-17T19:23:47.331+0000] {processor.py:925} INFO - DAG(s) 'dataset_s3_bucket_producer_with_no_taskflow', 'dataset_alias_example_alias_consumer_with_no_taskflow', 'dataset_alias_example_alias_producer_with_no_taskflow', 'dataset_s3_bucket_consumer_with_no_taskflow' retrieved from /home/airflow/.local/lib/python3.12/site-packages/airflow/example_dags/example_dataset_alias_with_no_taskflow.py
[2026-09-17T19:23:47.354+0000] {logging_mixin.py:190} INFO - [2026-09-17T19:23:47.354+0000] {dag.py:3239} INFO - Sync 4 DAGs
[2026-09-17T19:23:47.378+0000] {logging_mixin.py:190} INFO - [2026-09-17T19:23:47.378+0000] {dag.py:4180} INFO - Setting next_dagrun for dataset_alias_example_alias_consumer_with_no_taskflow to None, run_after=None
[2026-09-17T19:23:47.382+0000] {logging_mixin.py:190} INFO - [2026-09-17T19:23:47.382+0000] {dag.py:4180} INFO - Setting next_dagrun for dataset_alias_example_alias_producer_with_no_taskflow to None, run_after=None
[2026-09-17T19:23:47.385+0000] {logging_mixin.py:190} INFO - [2026-09-17T19:23:47.385+0000] {dag.py:4180} INFO - Setting next_dagrun for dataset_s3_bucket_consumer_with_no_taskflow to None, run_after=None
[2026-09-17T19:23:47.388+0000] {logging_mixin.py:190} INFO - [2026-09-17T19:23:47.388+0000] {dag.py:4180} INFO - Setting next_dagrun for dataset_s3_bucket_producer_with_no_taskflow to None, run_after=None
[2026-09-17T19:23:47.411+0000] {processor.py:208} INFO - Processing /home/airflow/.local/lib/python3.12/site-packages/airflow/example_dags/example_dataset_alias_with_no_taskflow.py took 0.731 seconds
[2026-09-17T19:24:17.870+0000] {processor.py:186} INFO - Started process (PID=4253) to work on /home/airflow/.local/lib/python3.12/site-packages/airflow/example_dags/example_dataset_alias_with_no_taskflow.py
[2026-09-17T19:24:17.872+0000] {processor.py:914} INFO - Processing file /home/airflow/.local/lib/python3.12/site-packages/airflow/example_dags/example_dataset_alias_with_no_taskflow.py for tasks to queue
[2026-09-17T19:24:17.875+0000] {logging_mixin.py:190} INFO - [2026-09-17T19:24:17.875+0000] {dagbag.py:588} INFO - Filling up the DagBag from /home/airflow/.local/lib/python3.12/site-packages/airflow/example_dags/example_dataset_alias_with_no_taskflow.py
[2026-09-17T19:24:18.484+0000] {processor.py:925} INFO - DAG(s) 'dataset_alias_example_alias_producer_with_no_taskflow', 'dataset_s3_bucket_producer_with_no_taskflow', 'dataset_alias_example_alias_consumer_with_no_taskflow', 'dataset_s3_bucket_consumer_with_no_taskflow' retrieved from /home/airflow/.local/lib/python3.12/site-packages/airflow/example_dags/example_dataset_alias_with_no_taskflow.py
[2026-09-17T19:24:18.510+0000] {logging_mixin.py:190} INFO - [2026-09-17T19:24:18.509+0000] {dag.py:3239} INFO - Sync 4 DAGs
[2026-09-17T19:24:18.535+0000] {logging_mixin.py:190} INFO - [2026-09-17T19:24:18.535+0000] {dag.py:4180} INFO - Setting next_dagrun for dataset_alias_example_alias_consumer_with_no_taskflow to None, run_after=None
[2026-09-17T19:24:18.540+0000] {logging_mixin.py:190} INFO - [2026-09-17T19:24:18.540+0000] {dag.py:4180} INFO - Setting next_dagrun for dataset_alias_example_alias_producer_with_no_taskflow to None, run_after=None
[2026-09-17T19:24:18.543+0000] {logging_mixin.py:190} INFO - [2026-09-17T19:24:18.543+0000] {dag.py:4180} INFO - Setting next_dagrun for dataset_s3_bucket_consumer_with_no_taskflow to None, run_after=None
[2026-09-17T19:24:18.546+0000] {logging_mixin.py:190} INFO - [2026-09-17T19:24:18.546+0000] {dag.py:4180} INFO - Setting next_dagrun for dataset_s3_bucket_producer_with_no_taskflow to None, run_after=None
[2026-09-17T19:24:18.576+0000] {processor.py:208} INFO - Processing /home/airflow/.local/lib/python3.12/site-packages/airflow/example_dags/example_dataset_alias_with_no_taskflow.py took 0.713 seconds
[2026-09-17T19:24:49.526+0000] {processor.py:186} INFO - Started process (PID=4319) to work on /home/airflow/.local/lib/python3.12/site-packages/airflow/example_dags/example_dataset_alias_with_no_taskflow.py
[2026-09-17T19:24:49.528+0000] {processor.py:914} INFO - Processing file /home/airflow/.local/lib/python3.12/site-packages/airflow/example_dags/example_dataset_alias_with_no_taskflow.py for tasks to queue
[2026-09-17T19:24:49.531+0000] {logging_mixin.py:190} INFO - [2026-09-17T19:24:49.530+0000] {dagbag.py:588} INFO - Filling up the DagBag from /home/airflow/.local/lib/python3.12/site-packages/airflow/example_dags/example_dataset_alias_with_no_taskflow.py
[2026-09-17T19:24:50.158+0000] {processor.py:925} INFO - DAG(s) 'dataset_alias_example_alias_consumer_with_no_taskflow', 'dataset_s3_bucket_consumer_with_no_taskflow', 'dataset_alias_example_alias_producer_with_no_taskflow', 'dataset_s3_bucket_producer_with_no_taskflow' retrieved from /home/airflow/.local/lib/python3.12/site-packages/airflow/example_dags/example_dataset_alias_with_no_taskflow.py
[2026-09-17T19:24:50.185+0000] {logging_mixin.py:190} INFO - [2026-09-17T19:24:50.185+0000] {dag.py:3239} INFO - Sync 4 DAGs
[2026-09-17T19:24:50.208+0000] {logging_mixin.py:190} INFO - [2026-09-17T19:24:50.208+0000] {dag.py:4180} INFO - Setting next_dagrun for dataset_alias_example_alias_consumer_with_no_taskflow to None, run_after=None
[2026-09-17T19:24:50.213+0000] {logging_mixin.py:190} INFO - [2026-09-17T19:24:50.213+0000] {dag.py:4180} INFO - Setting next_dagrun for dataset_alias_example_alias_producer_with_no_taskflow to None, run_after=None
[2026-09-17T19:24:50.216+0000] {logging_mixin.py:190} INFO - [2026-09-17T19:24:50.216+0000] {dag.py:4180} INFO - Setting next_dagrun for dataset_s3_bucket_consumer_with_no_taskflow to None, run_after=None
[2026-09-17T19:24:50.219+0000] {logging_mixin.py:190} INFO - [2026-09-17T19:24:50.219+0000] {dag.py:4180} INFO - Setting next_dagrun for dataset_s3_bucket_producer_with_no_taskflow to None, run_after=None
[2026-09-17T19:24:50.249+0000] {processor.py:208} INFO - Processing /home/airflow/.local/lib/python3.12/site-packages/airflow/example_dags/example_dataset_alias_with_no_taskflow.py took 0.730 seconds
[2026-09-17T19:25:20.963+0000] {processor.py:186} INFO - Started process (PID=4384) to work on /home/airflow/.local/lib/python3.12/site-packages/airflow/example_dags/example_dataset_alias_with_no_taskflow.py
[2026-09-17T19:25:20.965+0000] {processor.py:914} INFO - Processing file /home/airflow/.local/lib/python3.12/site-packages/airflow/example_dags/example_dataset_alias_with_no_taskflow.py for tasks to queue
[2026-09-17T19:25:20.968+0000] {logging_mixin.py:190} INFO - [2026-09-17T19:25:20.967+0000] {dagbag.py:588} INFO - Filling up the DagBag from /home/airflow/.local/lib/python3.12/site-packages/airflow/example_dags/example_dataset_alias_with_no_taskflow.py
[2026-09-17T19:25:21.550+0000] {processor.py:925} INFO - DAG(s) 'dataset_s3_bucket_producer_with_no_taskflow', 'dataset_alias_example_alias_consumer_with_no_taskflow', 'dataset_alias_example_alias_producer_with_no_taskflow', 'dataset_s3_bucket_consumer_with_no_taskflow' retrieved from /home/airflow/.local/lib/python3.12/site-packages/airflow/example_dags/example_dataset_alias_with_no_taskflow.py
[2026-09-17T19:25:21.576+0000] {logging_mixin.py:190} INFO - [2026-09-17T19:25:21.575+0000] {dag.py:3239} INFO - Sync 4 DAGs
[2026-09-17T19:25:21.597+0000] {logging_mixin.py:190} INFO - [2026-09-17T19:25:21.597+0000] {dag.py:4180} INFO - Setting next_dagrun for dataset_alias_example_alias_consumer_with_no_taskflow to None, run_after=None
[2026-09-17T19:25:21.601+0000] {logging_mixin.py:190} INFO - [2026-09-17T19:25:21.601+0000] {dag.py:4180} INFO - Setting next_dagrun for dataset_alias_example_alias_producer_with_no_taskflow to None, run_after=None
[2026-09-17T19:25:21.604+0000] {logging_mixin.py:190} INFO - [2026-09-17T19:25:21.604+0000] {dag.py:4180} INFO - Setting next_dagrun for dataset_s3_bucket_consumer_with_no_taskflow to None, run_after=None
[2026-09-17T19:25:21.607+0000] {logging_mixin.py:190} INFO - [2026-09-17T19:25:21.606+0000] {dag.py:4180} INFO - Setting next_dagrun for dataset_s3_bucket_producer_with_no_taskflow to None, run_after=None
[2026-09-17T19:25:21.638+0000] {processor.py:208} INFO - Processing /home/airflow/.local/lib/python3.12/site-packages/airflow/example_dags/example_dataset_alias_with_no_taskflow.py took 0.681 seconds
[2026-09-17T19:25:51.743+0000] {processor.py:186} INFO - Started process (PID=4449) to work on /home/airflow/.local/lib/python3.12/site-packages/airflow/example_dags/example_dataset_alias_with_no_taskflow.py
[2026-09-17T19:25:51.746+0000] {processor.py:914} INFO - Processing file /home/airflow/.local/lib/python3.12/site-packages/airflow/example_dags/example_dataset_alias_with_no_taskflow.py for tasks to queue
[2026-09-17T19:25:51.748+0000] {logging_mixin.py:190} INFO - [2026-09-17T19:25:51.747+0000] {dagbag.py:588} INFO - Filling up the DagBag from /home/airflow/.local/lib/python3.12/site-packages/airflow/example_dags/example_dataset_alias_with_no_taskflow.py
[2026-09-17T19:25:52.453+0000] {processor.py:925} INFO - DAG(s) 'dataset_s3_bucket_consumer_with_no_taskflow', 'dataset_s3_bucket_producer_with_no_taskflow', 'dataset_alias_example_alias_producer_with_no_taskflow', 'dataset_alias_example_alias_consumer_with_no_taskflow' retrieved from /home/airflow/.local/lib/python3.12/site-packages/airflow/example_dags/example_dataset_alias_with_no_taskflow.py
[2026-09-17T19:25:52.479+0000] {logging_mixin.py:190} INFO - [2026-09-17T19:25:52.479+0000] {dag.py:3239} INFO - Sync 4 DAGs
[2026-09-17T19:25:52.504+0000] {logging_mixin.py:190} INFO - [2026-09-17T19:25:52.503+0000] {dag.py:4180} INFO - Setting next_dagrun for dataset_alias_example_alias_consumer_with_no_taskflow to None, run_after=None
[2026-09-17T19:25:52.509+0000] {logging_mixin.py:190} INFO - [2026-09-17T19:25:52.508+0000] {dag.py:4180} INFO - Setting next_dagrun for dataset_alias_example_alias_producer_with_no_taskflow to None, run_after=None
[2026-09-17T19:25:52.513+0000] {logging_mixin.py:190} INFO - [2026-09-17T19:25:52.513+0000] {dag.py:4180} INFO - Setting next_dagrun for dataset_s3_bucket_consumer_with_no_taskflow to None, run_after=None
[2026-09-17T19:25:52.517+0000] {logging_mixin.py:190} INFO - [2026-09-17T19:25:52.516+0000] {dag.py:4180} INFO - Setting next_dagrun for dataset_s3_bucket_producer_with_no_taskflow to None, run_after=None
[2026-09-17T19:25:52.547+0000] {processor.py:208} INFO - Processing /home/airflow/.local/lib/python3.12/site-packages/airflow/example_dags/example_dataset_alias_with_no_taskflow.py took 0.811 seconds
[2026-09-17T19:26:23.237+0000] {processor.py:186} INFO - Started process (PID=4514) to work on /home/airflow/.local/lib/python3.12/site-packages/airflow/example_dags/example_dataset_alias_with_no_taskflow.py
[2026-09-17T19:26:23.239+0000] {processor.py:914} INFO - Processing file /home/airflow/.local/lib/python3.12/site-packages/airflow/example_dags/example_dataset_alias_with_no_taskflow.py for tasks to queue
[2026-09-17T19:26:23.242+0000] {logging_mixin.py:190} INFO - [2026-09-17T19:26:23.241+0000] {dagbag.py:588} INFO - Filling up the DagBag from /home/airflow/.local/lib/python3.12/site-packages/airflow/example_dags/example_dataset_alias_with_no_taskflow.py
[2026-09-17T19:26:24.131+0000] {processor.py:925} INFO - DAG(s) 'dataset_alias_example_alias_consumer_with_no_taskflow', 'dataset_s3_bucket_consumer_with_no_taskflow', 'dataset_s3_bucket_producer_with_no_taskflow', 'dataset_alias_example_alias_producer_with_no_taskflow' retrieved from /home/airflow/.local/lib/python3.12/site-packages/airflow/example_dags/example_dataset_alias_with_no_taskflow.py
[2026-09-17T19:26:24.157+0000] {logging_mixin.py:190} INFO - [2026-09-17T19:26:24.156+0000] {dag.py:3239} INFO - Sync 4 DAGs
[2026-09-17T19:26:24.182+0000] {logging_mixin.py:190} INFO - [2026-09-17T19:26:24.181+0000] {dag.py:4180} INFO - Setting next_dagrun for dataset_alias_example_alias_consumer_with_no_taskflow to None, run_after=None
[2026-09-17T19:26:24.186+0000] {logging_mixin.py:190} INFO - [2026-09-17T19:26:24.186+0000] {dag.py:4180} INFO - Setting next_dagrun for dataset_alias_example_alias_producer_with_no_taskflow to None, run_after=None
[2026-09-17T19:26:24.189+0000] {logging_mixin.py:190} INFO - [2026-09-17T19:26:24.188+0000] {dag.py:4180} INFO - Setting next_dagrun for dataset_s3_bucket_consumer_with_no_taskflow to None, run_after=None
[2026-09-17T19:26:24.192+0000] {logging_mixin.py:190} INFO - [2026-09-17T19:26:24.191+0000] {dag.py:4180} INFO - Setting next_dagrun for dataset_s3_bucket_producer_with_no_taskflow to None, run_after=None
[2026-09-17T19:26:24.229+0000] {processor.py:208} INFO - Processing /home/airflow/.local/lib/python3.12/site-packages/airflow/example_dags/example_dataset_alias_with_no_taskflow.py took 1.000 seconds
[2026-09-17T19:26:54.970+0000] {processor.py:186} INFO - Started process (PID=4578) to work on /home/airflow/.local/lib/python3.12/site-packages/airflow/example_dags/example_dataset_alias_with_no_taskflow.py
[2026-09-17T19:26:54.973+0000] {processor.py:914} INFO - Processing file /home/airflow/.local/lib/python3.12/site-packages/airflow/example_dags/example_dataset_alias_with_no_taskflow.py for tasks to queue
[2026-09-17T19:26:54.976+0000] {logging_mixin.py:190} INFO - [2026-09-17T19:26:54.975+0000] {dagbag.py:588} INFO - Filling up the DagBag from /home/airflow/.local/lib/python3.12/site-packages/airflow/example_dags/example_dataset_alias_with_no_taskflow.py
[2026-09-17T19:26:55.983+0000] {processor.py:925} INFO - DAG(s) 'dataset_alias_example_alias_producer_with_no_taskflow', 'dataset_alias_example_alias_consumer_with_no_taskflow', 'dataset_s3_bucket_consumer_with_no_taskflow', 'dataset_s3_bucket_producer_with_no_taskflow' retrieved from /home/airflow/.local/lib/python3.12/site-packages/airflow/example_dags/example_dataset_alias_with_no_taskflow.py
[2026-09-17T19:26:56.024+0000] {logging_mixin.py:190} INFO - [2026-09-17T19:26:56.024+0000] {dag.py:3239} INFO - Sync 4 DAGs
[2026-09-17T19:26:56.061+0000] {logging_mixin.py:190} INFO - [2026-09-17T19:26:56.061+0000] {dag.py:4180} INFO - Setting next_dagrun for dataset_alias_example_alias_consumer_with_no_taskflow to None, run_after=None
[2026-09-17T19:26:56.067+0000] {logging_mixin.py:190} INFO - [2026-09-17T19:26:56.066+0000] {dag.py:4180} INFO - Setting next_dagrun for dataset_alias_example_alias_producer_with_no_taskflow to None, run_after=None
[2026-09-17T19:26:56.071+0000] {logging_mixin.py:190} INFO - [2026-09-17T19:26:56.070+0000] {dag.py:4180} INFO - Setting next_dagrun for dataset_s3_bucket_consumer_with_no_taskflow to None, run_after=None
[2026-09-17T19:26:56.076+0000] {logging_mixin.py:190} INFO - [2026-09-17T19:26:56.076+0000] {dag.py:4180} INFO - Setting next_dagrun for dataset_s3_bucket_producer_with_no_taskflow to None, run_after=None
[2026-09-17T19:26:56.115+0000] {processor.py:208} INFO - Processing /home/airflow/.local/lib/python3.12/site-packages/airflow/example_dags/example_dataset_alias_with_no_taskflow.py took 1.156 seconds
[2026-09-17T19:27:26.429+0000] {processor.py:186} INFO - Started process (PID=4636) to work on /home/airflow/.local/lib/python3.12/site-packages/airflow/example_dags/example_dataset_alias_with_no_taskflow.py
[2026-09-17T19:27:26.431+0000] {processor.py:914} INFO - Processing file /home/airflow/.local/lib/python3.12/site-packages/airflow/example_dags/example_dataset_alias_with_no_taskflow.py for tasks to queue
[2026-09-17T19:27:26.433+0000] {logging_mixin.py:190} INFO - [2026-09-17T19:27:26.433+0000] {dagbag.py:588} INFO - Filling up the DagBag from /home/airflow/.local/lib/python3.12/site-packages/airflow/example_dags/example_dataset_alias_with_no_taskflow.py
[2026-09-17T19:27:27.081+0000] {processor.py:925} INFO - DAG(s) 'dataset_alias_example_alias_producer_with_no_taskflow', 'dataset_alias_example_alias_consumer_with_no_taskflow', 'dataset_s3_bucket_producer_with_no_taskflow', 'dataset_s3_bucket_consumer_with_no_taskflow' retrieved from /home/airflow/.local/lib/python3.12/site-packages/airflow/example_dags/example_dataset_alias_with_no_taskflow.py
[2026-09-17T19:27:27.116+0000] {logging_mixin.py:190} INFO - [2026-09-17T19:27:27.115+0000] {dag.py:3239} INFO - Sync 4 DAGs
[2026-09-17T19:27:27.143+0000] {logging_mixin.py:190} INFO - [2026-09-17T19:27:27.143+0000] {dag.py:4180} INFO - Setting next_dagrun for dataset_alias_example_alias_consumer_with_no_taskflow to None, run_after=None
[2026-09-17T19:27:27.148+0000] {logging_mixin.py:190} INFO - [2026-09-17T19:27:27.148+0000] {dag.py:4180} INFO - Setting next_dagrun for dataset_alias_example_alias_producer_with_no_taskflow to None, run_after=None
[2026-09-17T19:27:27.151+0000] {logging_mixin.py:190} INFO - [2026-09-17T19:27:27.151+0000] {dag.py:4180} INFO - Setting next_dagrun for dataset_s3_bucket_consumer_with_no_taskflow to None, run_after=None
[2026-09-17T19:27:27.155+0000] {logging_mixin.py:190} INFO - [2026-09-17T19:27:27.154+0000] {dag.py:4180} INFO - Setting next_dagrun for dataset_s3_bucket_producer_with_no_taskflow to None, run_after=None
[2026-09-17T19:27:27.188+0000] {processor.py:208} INFO - Processing /home/airflow/.local/lib/python3.12/site-packages/airflow/example_dags/example_dataset_alias_with_no_taskflow.py took 0.765 seconds
[2026-09-17T19:27:57.928+0000] {processor.py:186} INFO - Started process (PID=4701) to work on /home/airflow/.local/lib/python3.12/site-packages/airflow/example_dags/example_dataset_alias_with_no_taskflow.py
[2026-09-17T19:27:57.930+0000] {processor.py:914} INFO - Processing file /home/airflow/.local/lib/python3.12/site-packages/airflow/example_dags/example_dataset_alias_with_no_taskflow.py for tasks to queue
[2026-09-17T19:27:57.934+0000] {logging_mixin.py:190} INFO - [2026-09-17T19:27:57.933+0000] {dagbag.py:588} INFO - Filling up the DagBag from /home/airflow/.local/lib/python3.12/site-packages/airflow/example_dags/example_dataset_alias_with_no_taskflow.py
[2026-09-17T19:27:58.414+0000] {processor.py:925} INFO - DAG(s) 'dataset_s3_bucket_consumer_with_no_taskflow', 'dataset_s3_bucket_producer_with_no_taskflow', 'dataset_alias_example_alias_producer_with_no_taskflow', 'dataset_alias_example_alias_consumer_with_no_taskflow' retrieved from /home/airflow/.local/lib/python3.12/site-packages/airflow/example_dags/example_dataset_alias_with_no_taskflow.py
[2026-09-17T19:27:58.442+0000] {logging_mixin.py:190} INFO - [2026-09-17T19:27:58.441+0000] {dag.py:3239} INFO - Sync 4 DAGs
[2026-09-17T19:27:58.470+0000] {logging_mixin.py:190} INFO - [2026-09-17T19:27:58.470+0000] {dag.py:4180} INFO - Setting next_dagrun for dataset_alias_example_alias_consumer_with_no_taskflow to None, run_after=None
[2026-09-17T19:27:58.474+0000] {logging_mixin.py:190} INFO - [2026-09-17T19:27:58.474+0000] {dag.py:4180} INFO - Setting next_dagrun for dataset_alias_example_alias_producer_with_no_taskflow to None, run_after=None
[2026-09-17T19:27:58.477+0000] {logging_mixin.py:190} INFO - [2026-09-17T19:27:58.477+0000] {dag.py:4180} INFO - Setting next_dagrun for dataset_s3_bucket_consumer_with_no_taskflow to None, run_after=None
[2026-09-17T19:27:58.480+0000] {logging_mixin.py:190} INFO - [2026-09-17T19:27:58.480+0000] {dag.py:4180} INFO - Setting next_dagrun for dataset_s3_bucket_producer_with_no_taskflow to None, run_after=None
[2026-09-17T19:27:58.513+0000] {processor.py:208} INFO - Processing /home/airflow/.local/lib/python3.12/site-packages/airflow/example_dags/example_dataset_alias_with_no_taskflow.py took 0.591 seconds
[2026-09-17T19:28:29.299+0000] {processor.py:186} INFO - Started process (PID=4766) to work on /home/airflow/.local/lib/python3.12/site-packages/airflow/example_dags/example_dataset_alias_with_no_taskflow.py
[2026-09-17T19:28:29.301+0000] {processor.py:914} INFO - Processing file /home/airflow/.local/lib/python3.12/site-packages/airflow/example_dags/example_dataset_alias_with_no_taskflow.py for tasks to queue
[2026-09-17T19:28:29.304+0000] {logging_mixin.py:190} INFO - [2026-09-17T19:28:29.304+0000] {dagbag.py:588} INFO - Filling up the DagBag from /home/airflow/.local/lib/python3.12/site-packages/airflow/example_dags/example_dataset_alias_with_no_taskflow.py
[2026-09-17T19:28:29.818+0000] {processor.py:925} INFO - DAG(s) 'dataset_s3_bucket_consumer_with_no_taskflow', 'dataset_alias_example_alias_producer_with_no_taskflow', 'dataset_alias_example_alias_consumer_with_no_taskflow', 'dataset_s3_bucket_producer_with_no_taskflow' retrieved from /home/airflow/.local/lib/python3.12/site-packages/airflow/example_dags/example_dataset_alias_with_no_taskflow.py
[2026-09-17T19:28:29.851+0000] {logging_mixin.py:190} INFO - [2026-09-17T19:28:29.851+0000] {dag.py:3239} INFO - Sync 4 DAGs
[2026-09-17T19:28:29.877+0000] {logging_mixin.py:190} INFO - [2026-09-17T19:28:29.877+0000] {dag.py:4180} INFO - Setting next_dagrun for dataset_alias_example_alias_consumer_with_no_taskflow to None, run_after=None
[2026-09-17T19:28:29.882+0000] {logging_mixin.py:190} INFO - [2026-09-17T19:28:29.881+0000] {dag.py:4180} INFO - Setting next_dagrun for dataset_alias_example_alias_producer_with_no_taskflow to None, run_after=None
[2026-09-17T19:28:29.885+0000] {logging_mixin.py:190} INFO - [2026-09-17T19:28:29.885+0000] {dag.py:4180} INFO - Setting next_dagrun for dataset_s3_bucket_consumer_with_no_taskflow to None, run_after=None
[2026-09-17T19:28:29.888+0000] {logging_mixin.py:190} INFO - [2026-09-17T19:28:29.888+0000] {dag.py:4180} INFO - Setting next_dagrun for dataset_s3_bucket_producer_with_no_taskflow to None, run_after=None
[2026-09-17T19:28:29.919+0000] {processor.py:208} INFO - Processing /home/airflow/.local/lib/python3.12/site-packages/airflow/example_dags/example_dataset_alias_with_no_taskflow.py took 0.629 seconds
[2026-09-17T19:48:18.632+0000] {processor.py:186} INFO - Started process (PID=64) to work on /home/airflow/.local/lib/python3.12/site-packages/airflow/example_dags/example_dataset_alias_with_no_taskflow.py
[2026-09-17T19:48:18.634+0000] {processor.py:914} INFO - Processing file /home/airflow/.local/lib/python3.12/site-packages/airflow/example_dags/example_dataset_alias_with_no_taskflow.py for tasks to queue
[2026-09-17T19:48:18.638+0000] {logging_mixin.py:190} INFO - [2026-09-17T19:48:18.637+0000] {dagbag.py:588} INFO - Filling up the DagBag from /home/airflow/.local/lib/python3.12/site-packages/airflow/example_dags/example_dataset_alias_with_no_taskflow.py
[2026-09-17T19:48:19.251+0000] {processor.py:925} INFO - DAG(s) 'dataset_alias_example_alias_consumer_with_no_taskflow', 'dataset_s3_bucket_consumer_with_no_taskflow', 'dataset_s3_bucket_producer_with_no_taskflow', 'dataset_alias_example_alias_producer_with_no_taskflow' retrieved from /home/airflow/.local/lib/python3.12/site-packages/airflow/example_dags/example_dataset_alias_with_no_taskflow.py
[2026-09-17T19:48:19.301+0000] {logging_mixin.py:190} INFO - [2026-09-17T19:48:19.301+0000] {dag.py:3239} INFO - Sync 4 DAGs
[2026-09-17T19:48:19.336+0000] {logging_mixin.py:190} INFO - [2026-09-17T19:48:19.336+0000] {dag.py:4180} INFO - Setting next_dagrun for dataset_alias_example_alias_consumer_with_no_taskflow to None, run_after=None
[2026-09-17T19:48:19.342+0000] {logging_mixin.py:190} INFO - [2026-09-17T19:48:19.342+0000] {dag.py:4180} INFO - Setting next_dagrun for dataset_alias_example_alias_producer_with_no_taskflow to None, run_after=None
[2026-09-17T19:48:19.346+0000] {logging_mixin.py:190} INFO - [2026-09-17T19:48:19.345+0000] {dag.py:4180} INFO - Setting next_dagrun for dataset_s3_bucket_consumer_with_no_taskflow to None, run_after=None
[2026-09-17T19:48:19.350+0000] {logging_mixin.py:190} INFO - [2026-09-17T19:48:19.350+0000] {dag.py:4180} INFO - Setting next_dagrun for dataset_s3_bucket_producer_with_no_taskflow to None, run_after=None
[2026-09-17T19:48:19.391+0000] {processor.py:208} INFO - Processing /home/airflow/.local/lib/python3.12/site-packages/airflow/example_dags/example_dataset_alias_with_no_taskflow.py took 0.766 seconds
[2026-09-17T19:48:49.763+0000] {processor.py:186} INFO - Started process (PID=128) to work on /home/airflow/.local/lib/python3.12/site-packages/airflow/example_dags/example_dataset_alias_with_no_taskflow.py
[2026-09-17T19:48:49.765+0000] {processor.py:914} INFO - Processing file /home/airflow/.local/lib/python3.12/site-packages/airflow/example_dags/example_dataset_alias_with_no_taskflow.py for tasks to queue
[2026-09-17T19:48:49.767+0000] {logging_mixin.py:190} INFO - [2026-09-17T19:48:49.766+0000] {dagbag.py:588} INFO - Filling up the DagBag from /home/airflow/.local/lib/python3.12/site-packages/airflow/example_dags/example_dataset_alias_with_no_taskflow.py
[2026-09-17T19:48:50.290+0000] {processor.py:925} INFO - DAG(s) 'dataset_s3_bucket_producer_with_no_taskflow', 'dataset_alias_example_alias_producer_with_no_taskflow', 'dataset_alias_example_alias_consumer_with_no_taskflow', 'dataset_s3_bucket_consumer_with_no_taskflow' retrieved from /home/airflow/.local/lib/python3.12/site-packages/airflow/example_dags/example_dataset_alias_with_no_taskflow.py
[2026-09-17T19:48:50.321+0000] {logging_mixin.py:190} INFO - [2026-09-17T19:48:50.321+0000] {dag.py:3239} INFO - Sync 4 DAGs
[2026-09-17T19:48:50.624+0000] {logging_mixin.py:190} INFO - [2026-09-17T19:48:50.623+0000] {dag.py:4180} INFO - Setting next_dagrun for dataset_alias_example_alias_consumer_with_no_taskflow to None, run_after=None
[2026-09-17T19:48:50.628+0000] {logging_mixin.py:190} INFO - [2026-09-17T19:48:50.628+0000] {dag.py:4180} INFO - Setting next_dagrun for dataset_alias_example_alias_producer_with_no_taskflow to None, run_after=None
[2026-09-17T19:48:50.631+0000] {logging_mixin.py:190} INFO - [2026-09-17T19:48:50.631+0000] {dag.py:4180} INFO - Setting next_dagrun for dataset_s3_bucket_consumer_with_no_taskflow to None, run_after=None
[2026-09-17T19:48:50.634+0000] {logging_mixin.py:190} INFO - [2026-09-17T19:48:50.634+0000] {dag.py:4180} INFO - Setting next_dagrun for dataset_s3_bucket_producer_with_no_taskflow to None, run_after=None
[2026-09-17T19:48:50.665+0000] {processor.py:208} INFO - Processing /home/airflow/.local/lib/python3.12/site-packages/airflow/example_dags/example_dataset_alias_with_no_taskflow.py took 0.910 seconds
[2026-09-17T19:49:21.013+0000] {processor.py:186} INFO - Started process (PID=186) to work on /home/airflow/.local/lib/python3.12/site-packages/airflow/example_dags/example_dataset_alias_with_no_taskflow.py
[2026-09-17T19:49:21.016+0000] {processor.py:914} INFO - Processing file /home/airflow/.local/lib/python3.12/site-packages/airflow/example_dags/example_dataset_alias_with_no_taskflow.py for tasks to queue
[2026-09-17T19:49:21.023+0000] {logging_mixin.py:190} INFO - [2026-09-17T19:49:21.022+0000] {dagbag.py:588} INFO - Filling up the DagBag from /home/airflow/.local/lib/python3.12/site-packages/airflow/example_dags/example_dataset_alias_with_no_taskflow.py
[2026-09-17T19:49:21.838+0000] {processor.py:925} INFO - DAG(s) 'dataset_s3_bucket_consumer_with_no_taskflow', 'dataset_alias_example_alias_producer_with_no_taskflow', 'dataset_alias_example_alias_consumer_with_no_taskflow', 'dataset_s3_bucket_producer_with_no_taskflow' retrieved from /home/airflow/.local/lib/python3.12/site-packages/airflow/example_dags/example_dataset_alias_with_no_taskflow.py
[2026-09-17T19:49:21.875+0000] {logging_mixin.py:190} INFO - [2026-09-17T19:49:21.874+0000] {dag.py:3239} INFO - Sync 4 DAGs
[2026-09-17T19:49:22.230+0000] {logging_mixin.py:190} INFO - [2026-09-17T19:49:22.229+0000] {dag.py:4180} INFO - Setting next_dagrun for dataset_alias_example_alias_consumer_with_no_taskflow to None, run_after=None
[2026-09-17T19:49:22.235+0000] {logging_mixin.py:190} INFO - [2026-09-17T19:49:22.234+0000] {dag.py:4180} INFO - Setting next_dagrun for dataset_alias_example_alias_producer_with_no_taskflow to None, run_after=None
[2026-09-17T19:49:22.239+0000] {logging_mixin.py:190} INFO - [2026-09-17T19:49:22.239+0000] {dag.py:4180} INFO - Setting next_dagrun for dataset_s3_bucket_consumer_with_no_taskflow to None, run_after=None
[2026-09-17T19:49:22.246+0000] {logging_mixin.py:190} INFO - [2026-09-17T19:49:22.245+0000] {dag.py:4180} INFO - Setting next_dagrun for dataset_s3_bucket_producer_with_no_taskflow to None, run_after=None
[2026-09-17T19:49:22.279+0000] {processor.py:208} INFO - Processing /home/airflow/.local/lib/python3.12/site-packages/airflow/example_dags/example_dataset_alias_with_no_taskflow.py took 1.276 seconds
[2026-09-17T19:49:52.422+0000] {processor.py:186} INFO - Started process (PID=256) to work on /home/airflow/.local/lib/python3.12/site-packages/airflow/example_dags/example_dataset_alias_with_no_taskflow.py
[2026-09-17T19:49:52.424+0000] {processor.py:914} INFO - Processing file /home/airflow/.local/lib/python3.12/site-packages/airflow/example_dags/example_dataset_alias_with_no_taskflow.py for tasks to queue
[2026-09-17T19:49:52.426+0000] {logging_mixin.py:190} INFO - [2026-09-17T19:49:52.426+0000] {dagbag.py:588} INFO - Filling up the DagBag from /home/airflow/.local/lib/python3.12/site-packages/airflow/example_dags/example_dataset_alias_with_no_taskflow.py
[2026-09-17T19:49:52.876+0000] {processor.py:925} INFO - DAG(s) 'dataset_s3_bucket_consumer_with_no_taskflow', 'dataset_s3_bucket_producer_with_no_taskflow', 'dataset_alias_example_alias_producer_with_no_taskflow', 'dataset_alias_example_alias_consumer_with_no_taskflow' retrieved from /home/airflow/.local/lib/python3.12/site-packages/airflow/example_dags/example_dataset_alias_with_no_taskflow.py
[2026-09-17T19:49:52.903+0000] {logging_mixin.py:190} INFO - [2026-09-17T19:49:52.902+0000] {dag.py:3239} INFO - Sync 4 DAGs
[2026-09-17T19:49:53.103+0000] {logging_mixin.py:190} INFO - [2026-09-17T19:49:53.103+0000] {dag.py:4180} INFO - Setting next_dagrun for dataset_alias_example_alias_consumer_with_no_taskflow to None, run_after=None
[2026-09-17T19:49:53.107+0000] {logging_mixin.py:190} INFO - [2026-09-17T19:49:53.107+0000] {dag.py:4180} INFO - Setting next_dagrun for dataset_alias_example_alias_producer_with_no_taskflow to None, run_after=None
[2026-09-17T19:49:53.110+0000] {logging_mixin.py:190} INFO - [2026-09-17T19:49:53.110+0000] {dag.py:4180} INFO - Setting next_dagrun for dataset_s3_bucket_consumer_with_no_taskflow to None, run_after=None
[2026-09-17T19:49:53.113+0000] {logging_mixin.py:190} INFO - [2026-09-17T19:49:53.113+0000] {dag.py:4180} INFO - Setting next_dagrun for dataset_s3_bucket_producer_with_no_taskflow to None, run_after=None
[2026-09-17T19:49:53.142+0000] {processor.py:208} INFO - Processing /home/airflow/.local/lib/python3.12/site-packages/airflow/example_dags/example_dataset_alias_with_no_taskflow.py took 0.725 seconds
[2026-09-17T19:50:23.229+0000] {processor.py:186} INFO - Started process (PID=323) to work on /home/airflow/.local/lib/python3.12/site-packages/airflow/example_dags/example_dataset_alias_with_no_taskflow.py
[2026-09-17T19:50:23.231+0000] {processor.py:914} INFO - Processing file /home/airflow/.local/lib/python3.12/site-packages/airflow/example_dags/example_dataset_alias_with_no_taskflow.py for tasks to queue
[2026-09-17T19:50:23.233+0000] {logging_mixin.py:190} INFO - [2026-09-17T19:50:23.233+0000] {dagbag.py:588} INFO - Filling up the DagBag from /home/airflow/.local/lib/python3.12/site-packages/airflow/example_dags/example_dataset_alias_with_no_taskflow.py
[2026-09-17T19:50:23.682+0000] {processor.py:925} INFO - DAG(s) 'dataset_s3_bucket_consumer_with_no_taskflow', 'dataset_s3_bucket_producer_with_no_taskflow', 'dataset_alias_example_alias_producer_with_no_taskflow', 'dataset_alias_example_alias_consumer_with_no_taskflow' retrieved from /home/airflow/.local/lib/python3.12/site-packages/airflow/example_dags/example_dataset_alias_with_no_taskflow.py
[2026-09-17T19:50:23.710+0000] {logging_mixin.py:190} INFO - [2026-09-17T19:50:23.710+0000] {dag.py:3239} INFO - Sync 4 DAGs
[2026-09-17T19:50:23.737+0000] {logging_mixin.py:190} INFO - [2026-09-17T19:50:23.736+0000] {dag.py:4180} INFO - Setting next_dagrun for dataset_alias_example_alias_consumer_with_no_taskflow to None, run_after=None
[2026-09-17T19:50:23.741+0000] {logging_mixin.py:190} INFO - [2026-09-17T19:50:23.741+0000] {dag.py:4180} INFO - Setting next_dagrun for dataset_alias_example_alias_producer_with_no_taskflow to None, run_after=None
[2026-09-17T19:50:23.920+0000] {logging_mixin.py:190} INFO - [2026-09-17T19:50:23.920+0000] {dag.py:4180} INFO - Setting next_dagrun for dataset_s3_bucket_consumer_with_no_taskflow to None, run_after=None
[2026-09-17T19:50:23.923+0000] {logging_mixin.py:190} INFO - [2026-09-17T19:50:23.923+0000] {dag.py:4180} INFO - Setting next_dagrun for dataset_s3_bucket_producer_with_no_taskflow to None, run_after=None
[2026-09-17T19:50:23.949+0000] {processor.py:208} INFO - Processing /home/airflow/.local/lib/python3.12/site-packages/airflow/example_dags/example_dataset_alias_with_no_taskflow.py took 0.725 seconds
[2026-09-17T19:50:54.782+0000] {processor.py:186} INFO - Started process (PID=390) to work on /home/airflow/.local/lib/python3.12/site-packages/airflow/example_dags/example_dataset_alias_with_no_taskflow.py
[2026-09-17T19:50:54.784+0000] {processor.py:914} INFO - Processing file /home/airflow/.local/lib/python3.12/site-packages/airflow/example_dags/example_dataset_alias_with_no_taskflow.py for tasks to queue
[2026-09-17T19:50:54.786+0000] {logging_mixin.py:190} INFO - [2026-09-17T19:50:54.786+0000] {dagbag.py:588} INFO - Filling up the DagBag from /home/airflow/.local/lib/python3.12/site-packages/airflow/example_dags/example_dataset_alias_with_no_taskflow.py
[2026-09-17T19:50:55.248+0000] {processor.py:925} INFO - DAG(s) 'dataset_s3_bucket_producer_with_no_taskflow', 'dataset_alias_example_alias_consumer_with_no_taskflow', 'dataset_alias_example_alias_producer_with_no_taskflow', 'dataset_s3_bucket_consumer_with_no_taskflow' retrieved from /home/airflow/.local/lib/python3.12/site-packages/airflow/example_dags/example_dataset_alias_with_no_taskflow.py
[2026-09-17T19:50:55.277+0000] {logging_mixin.py:190} INFO - [2026-09-17T19:50:55.277+0000] {dag.py:3239} INFO - Sync 4 DAGs
[2026-09-17T19:50:55.304+0000] {logging_mixin.py:190} INFO - [2026-09-17T19:50:55.303+0000] {dag.py:4180} INFO - Setting next_dagrun for dataset_alias_example_alias_consumer_with_no_taskflow to None, run_after=None
[2026-09-17T19:50:55.307+0000] {logging_mixin.py:190} INFO - [2026-09-17T19:50:55.307+0000] {dag.py:4180} INFO - Setting next_dagrun for dataset_alias_example_alias_producer_with_no_taskflow to None, run_after=None
[2026-09-17T19:50:55.312+0000] {logging_mixin.py:190} INFO - [2026-09-17T19:50:55.312+0000] {dag.py:4180} INFO - Setting next_dagrun for dataset_s3_bucket_consumer_with_no_taskflow to None, run_after=None
[2026-09-17T19:50:55.315+0000] {logging_mixin.py:190} INFO - [2026-09-17T19:50:55.315+0000] {dag.py:4180} INFO - Setting next_dagrun for dataset_s3_bucket_producer_with_no_taskflow to None, run_after=None
[2026-09-17T19:50:55.522+0000] {processor.py:208} INFO - Processing /home/airflow/.local/lib/python3.12/site-packages/airflow/example_dags/example_dataset_alias_with_no_taskflow.py took 0.745 seconds
[2026-09-17T19:51:25.578+0000] {processor.py:186} INFO - Started process (PID=459) to work on /home/airflow/.local/lib/python3.12/site-packages/airflow/example_dags/example_dataset_alias_with_no_taskflow.py
[2026-09-17T19:51:25.580+0000] {processor.py:914} INFO - Processing file /home/airflow/.local/lib/python3.12/site-packages/airflow/example_dags/example_dataset_alias_with_no_taskflow.py for tasks to queue
[2026-09-17T19:51:25.582+0000] {logging_mixin.py:190} INFO - [2026-09-17T19:51:25.582+0000] {dagbag.py:588} INFO - Filling up the DagBag from /home/airflow/.local/lib/python3.12/site-packages/airflow/example_dags/example_dataset_alias_with_no_taskflow.py
[2026-09-17T19:51:26.223+0000] {processor.py:925} INFO - DAG(s) 'dataset_s3_bucket_producer_with_no_taskflow', 'dataset_s3_bucket_consumer_with_no_taskflow', 'dataset_alias_example_alias_producer_with_no_taskflow', 'dataset_alias_example_alias_consumer_with_no_taskflow' retrieved from /home/airflow/.local/lib/python3.12/site-packages/airflow/example_dags/example_dataset_alias_with_no_taskflow.py
[2026-09-17T19:51:26.253+0000] {logging_mixin.py:190} INFO - [2026-09-17T19:51:26.252+0000] {dag.py:3239} INFO - Sync 4 DAGs
[2026-09-17T19:51:26.277+0000] {logging_mixin.py:190} INFO - [2026-09-17T19:51:26.277+0000] {dag.py:4180} INFO - Setting next_dagrun for dataset_alias_example_alias_consumer_with_no_taskflow to None, run_after=None
[2026-09-17T19:51:26.283+0000] {logging_mixin.py:190} INFO - [2026-09-17T19:51:26.282+0000] {dag.py:4180} INFO - Setting next_dagrun for dataset_alias_example_alias_producer_with_no_taskflow to None, run_after=None
[2026-09-17T19:51:26.285+0000] {logging_mixin.py:190} INFO - [2026-09-17T19:51:26.285+0000] {dag.py:4180} INFO - Setting next_dagrun for dataset_s3_bucket_consumer_with_no_taskflow to None, run_after=None
[2026-09-17T19:51:26.288+0000] {logging_mixin.py:190} INFO - [2026-09-17T19:51:26.288+0000] {dag.py:4180} INFO - Setting next_dagrun for dataset_s3_bucket_producer_with_no_taskflow to None, run_after=None
[2026-09-17T19:51:26.312+0000] {processor.py:208} INFO - Processing /home/airflow/.local/lib/python3.12/site-packages/airflow/example_dags/example_dataset_alias_with_no_taskflow.py took 0.741 seconds
[2026-09-17T19:51:56.565+0000] {processor.py:186} INFO - Started process (PID=528) to work on /home/airflow/.local/lib/python3.12/site-packages/airflow/example_dags/example_dataset_alias_with_no_taskflow.py
[2026-09-17T19:51:56.567+0000] {processor.py:914} INFO - Processing file /home/airflow/.local/lib/python3.12/site-packages/airflow/example_dags/example_dataset_alias_with_no_taskflow.py for tasks to queue
[2026-09-17T19:51:56.569+0000] {logging_mixin.py:190} INFO - [2026-09-17T19:51:56.569+0000] {dagbag.py:588} INFO - Filling up the DagBag from /home/airflow/.local/lib/python3.12/site-packages/airflow/example_dags/example_dataset_alias_with_no_taskflow.py
[2026-09-17T19:51:57.159+0000] {processor.py:925} INFO - DAG(s) 'dataset_s3_bucket_producer_with_no_taskflow', 'dataset_s3_bucket_consumer_with_no_taskflow', 'dataset_alias_example_alias_producer_with_no_taskflow', 'dataset_alias_example_alias_consumer_with_no_taskflow' retrieved from /home/airflow/.local/lib/python3.12/site-packages/airflow/example_dags/example_dataset_alias_with_no_taskflow.py
[2026-09-17T19:51:57.185+0000] {logging_mixin.py:190} INFO - [2026-09-17T19:51:57.185+0000] {dag.py:3239} INFO - Sync 4 DAGs
[2026-09-17T19:51:57.208+0000] {logging_mixin.py:190} INFO - [2026-09-17T19:51:57.207+0000] {dag.py:4180} INFO - Setting next_dagrun for dataset_alias_example_alias_consumer_with_no_taskflow to None, run_after=None
[2026-09-17T19:51:57.212+0000] {logging_mixin.py:190} INFO - [2026-09-17T19:51:57.212+0000] {dag.py:4180} INFO - Setting next_dagrun for dataset_alias_example_alias_producer_with_no_taskflow to None, run_after=None
[2026-09-17T19:51:57.215+0000] {logging_mixin.py:190} INFO - [2026-09-17T19:51:57.214+0000] {dag.py:4180} INFO - Setting next_dagrun for dataset_s3_bucket_consumer_with_no_taskflow to None, run_after=None
[2026-09-17T19:51:57.217+0000] {logging_mixin.py:190} INFO - [2026-09-17T19:51:57.217+0000] {dag.py:4180} INFO - Setting next_dagrun for dataset_s3_bucket_producer_with_no_taskflow to None, run_after=None
[2026-09-17T19:51:57.244+0000] {processor.py:208} INFO - Processing /home/airflow/.local/lib/python3.12/site-packages/airflow/example_dags/example_dataset_alias_with_no_taskflow.py took 0.684 seconds
[2026-09-17T19:52:27.501+0000] {processor.py:186} INFO - Started process (PID=593) to work on /home/airflow/.local/lib/python3.12/site-packages/airflow/example_dags/example_dataset_alias_with_no_taskflow.py
[2026-09-17T19:52:27.503+0000] {processor.py:914} INFO - Processing file /home/airflow/.local/lib/python3.12/site-packages/airflow/example_dags/example_dataset_alias_with_no_taskflow.py for tasks to queue
[2026-09-17T19:52:27.505+0000] {logging_mixin.py:190} INFO - [2026-09-17T19:52:27.505+0000] {dagbag.py:588} INFO - Filling up the DagBag from /home/airflow/.local/lib/python3.12/site-packages/airflow/example_dags/example_dataset_alias_with_no_taskflow.py
[2026-09-17T19:52:28.001+0000] {processor.py:925} INFO - DAG(s) 'dataset_alias_example_alias_consumer_with_no_taskflow', 'dataset_s3_bucket_producer_with_no_taskflow', 'dataset_alias_example_alias_producer_with_no_taskflow', 'dataset_s3_bucket_consumer_with_no_taskflow' retrieved from /home/airflow/.local/lib/python3.12/site-packages/airflow/example_dags/example_dataset_alias_with_no_taskflow.py
[2026-09-17T19:52:28.206+0000] {logging_mixin.py:190} INFO - [2026-09-17T19:52:28.206+0000] {dag.py:3239} INFO - Sync 4 DAGs
[2026-09-17T19:52:28.230+0000] {logging_mixin.py:190} INFO - [2026-09-17T19:52:28.230+0000] {dag.py:4180} INFO - Setting next_dagrun for dataset_alias_example_alias_consumer_with_no_taskflow to None, run_after=None
[2026-09-17T19:52:28.234+0000] {logging_mixin.py:190} INFO - [2026-09-17T19:52:28.234+0000] {dag.py:4180} INFO - Setting next_dagrun for dataset_alias_example_alias_producer_with_no_taskflow to None, run_after=None
[2026-09-17T19:52:28.237+0000] {logging_mixin.py:190} INFO - [2026-09-17T19:52:28.237+0000] {dag.py:4180} INFO - Setting next_dagrun for dataset_s3_bucket_consumer_with_no_taskflow to None, run_after=None
[2026-09-17T19:52:28.241+0000] {logging_mixin.py:190} INFO - [2026-09-17T19:52:28.240+0000] {dag.py:4180} INFO - Setting next_dagrun for dataset_s3_bucket_producer_with_no_taskflow to None, run_after=None
[2026-09-17T19:52:28.270+0000] {processor.py:208} INFO - Processing /home/airflow/.local/lib/python3.12/site-packages/airflow/example_dags/example_dataset_alias_with_no_taskflow.py took 0.775 seconds
[2026-09-17T19:52:58.390+0000] {processor.py:186} INFO - Started process (PID=658) to work on /home/airflow/.local/lib/python3.12/site-packages/airflow/example_dags/example_dataset_alias_with_no_taskflow.py
[2026-09-17T19:52:58.392+0000] {processor.py:914} INFO - Processing file /home/airflow/.local/lib/python3.12/site-packages/airflow/example_dags/example_dataset_alias_with_no_taskflow.py for tasks to queue
[2026-09-17T19:52:58.395+0000] {logging_mixin.py:190} INFO - [2026-09-17T19:52:58.394+0000] {dagbag.py:588} INFO - Filling up the DagBag from /home/airflow/.local/lib/python3.12/site-packages/airflow/example_dags/example_dataset_alias_with_no_taskflow.py
[2026-09-17T19:52:59.116+0000] {processor.py:925} INFO - DAG(s) 'dataset_s3_bucket_producer_with_no_taskflow', 'dataset_alias_example_alias_producer_with_no_taskflow', 'dataset_s3_bucket_consumer_with_no_taskflow', 'dataset_alias_example_alias_consumer_with_no_taskflow' retrieved from /home/airflow/.local/lib/python3.12/site-packages/airflow/example_dags/example_dataset_alias_with_no_taskflow.py
[2026-09-17T19:52:59.144+0000] {logging_mixin.py:190} INFO - [2026-09-17T19:52:59.143+0000] {dag.py:3239} INFO - Sync 4 DAGs
[2026-09-17T19:52:59.168+0000] {logging_mixin.py:190} INFO - [2026-09-17T19:52:59.168+0000] {dag.py:4180} INFO - Setting next_dagrun for dataset_alias_example_alias_consumer_with_no_taskflow to None, run_after=None
[2026-09-17T19:52:59.172+0000] {logging_mixin.py:190} INFO - [2026-09-17T19:52:59.172+0000] {dag.py:4180} INFO - Setting next_dagrun for dataset_alias_example_alias_producer_with_no_taskflow to None, run_after=None
[2026-09-17T19:52:59.175+0000] {logging_mixin.py:190} INFO - [2026-09-17T19:52:59.175+0000] {dag.py:4180} INFO - Setting next_dagrun for dataset_s3_bucket_consumer_with_no_taskflow to None, run_after=None
[2026-09-17T19:52:59.178+0000] {logging_mixin.py:190} INFO - [2026-09-17T19:52:59.177+0000] {dag.py:4180} INFO - Setting next_dagrun for dataset_s3_bucket_producer_with_no_taskflow to None, run_after=None
[2026-09-17T19:52:59.207+0000] {processor.py:208} INFO - Processing /home/airflow/.local/lib/python3.12/site-packages/airflow/example_dags/example_dataset_alias_with_no_taskflow.py took 0.824 seconds
[2026-09-17T19:53:30.009+0000] {processor.py:186} INFO - Started process (PID=723) to work on /home/airflow/.local/lib/python3.12/site-packages/airflow/example_dags/example_dataset_alias_with_no_taskflow.py
[2026-09-17T19:53:30.011+0000] {processor.py:914} INFO - Processing file /home/airflow/.local/lib/python3.12/site-packages/airflow/example_dags/example_dataset_alias_with_no_taskflow.py for tasks to queue
[2026-09-17T19:53:30.013+0000] {logging_mixin.py:190} INFO - [2026-09-17T19:53:30.013+0000] {dagbag.py:588} INFO - Filling up the DagBag from /home/airflow/.local/lib/python3.12/site-packages/airflow/example_dags/example_dataset_alias_with_no_taskflow.py
[2026-09-17T19:53:30.732+0000] {processor.py:925} INFO - DAG(s) 'dataset_s3_bucket_consumer_with_no_taskflow', 'dataset_alias_example_alias_producer_with_no_taskflow', 'dataset_alias_example_alias_consumer_with_no_taskflow', 'dataset_s3_bucket_producer_with_no_taskflow' retrieved from /home/airflow/.local/lib/python3.12/site-packages/airflow/example_dags/example_dataset_alias_with_no_taskflow.py
[2026-09-17T19:53:30.762+0000] {logging_mixin.py:190} INFO - [2026-09-17T19:53:30.762+0000] {dag.py:3239} INFO - Sync 4 DAGs
[2026-09-17T19:53:30.793+0000] {logging_mixin.py:190} INFO - [2026-09-17T19:53:30.793+0000] {dag.py:4180} INFO - Setting next_dagrun for dataset_alias_example_alias_consumer_with_no_taskflow to None, run_after=None
[2026-09-17T19:53:30.798+0000] {logging_mixin.py:190} INFO - [2026-09-17T19:53:30.798+0000] {dag.py:4180} INFO - Setting next_dagrun for dataset_alias_example_alias_producer_with_no_taskflow to None, run_after=None
[2026-09-17T19:53:30.802+0000] {logging_mixin.py:190} INFO - [2026-09-17T19:53:30.801+0000] {dag.py:4180} INFO - Setting next_dagrun for dataset_s3_bucket_consumer_with_no_taskflow to None, run_after=None
[2026-09-17T19:53:30.805+0000] {logging_mixin.py:190} INFO - [2026-09-17T19:53:30.805+0000] {dag.py:4180} INFO - Setting next_dagrun for dataset_s3_bucket_producer_with_no_taskflow to None, run_after=None
[2026-09-17T19:53:30.840+0000] {processor.py:208} INFO - Processing /home/airflow/.local/lib/python3.12/site-packages/airflow/example_dags/example_dataset_alias_with_no_taskflow.py took 0.837 seconds
[2026-09-17T19:54:01.696+0000] {processor.py:186} INFO - Started process (PID=788) to work on /home/airflow/.local/lib/python3.12/site-packages/airflow/example_dags/example_dataset_alias_with_no_taskflow.py
[2026-09-17T19:54:01.698+0000] {processor.py:914} INFO - Processing file /home/airflow/.local/lib/python3.12/site-packages/airflow/example_dags/example_dataset_alias_with_no_taskflow.py for tasks to queue
[2026-09-17T19:54:01.702+0000] {logging_mixin.py:190} INFO - [2026-09-17T19:54:01.701+0000] {dagbag.py:588} INFO - Filling up the DagBag from /home/airflow/.local/lib/python3.12/site-packages/airflow/example_dags/example_dataset_alias_with_no_taskflow.py
[2026-09-17T19:54:02.414+0000] {processor.py:925} INFO - DAG(s) 'dataset_alias_example_alias_consumer_with_no_taskflow', 'dataset_s3_bucket_consumer_with_no_taskflow', 'dataset_alias_example_alias_producer_with_no_taskflow', 'dataset_s3_bucket_producer_with_no_taskflow' retrieved from /home/airflow/.local/lib/python3.12/site-packages/airflow/example_dags/example_dataset_alias_with_no_taskflow.py
[2026-09-17T19:54:02.443+0000] {logging_mixin.py:190} INFO - [2026-09-17T19:54:02.442+0000] {dag.py:3239} INFO - Sync 4 DAGs
[2026-09-17T19:54:02.468+0000] {logging_mixin.py:190} INFO - [2026-09-17T19:54:02.468+0000] {dag.py:4180} INFO - Setting next_dagrun for dataset_alias_example_alias_consumer_with_no_taskflow to None, run_after=None
[2026-09-17T19:54:02.473+0000] {logging_mixin.py:190} INFO - [2026-09-17T19:54:02.472+0000] {dag.py:4180} INFO - Setting next_dagrun for dataset_alias_example_alias_producer_with_no_taskflow to None, run_after=None
[2026-09-17T19:54:02.476+0000] {logging_mixin.py:190} INFO - [2026-09-17T19:54:02.475+0000] {dag.py:4180} INFO - Setting next_dagrun for dataset_s3_bucket_consumer_with_no_taskflow to None, run_after=None
[2026-09-17T19:54:02.479+0000] {logging_mixin.py:190} INFO - [2026-09-17T19:54:02.479+0000] {dag.py:4180} INFO - Setting next_dagrun for dataset_s3_bucket_producer_with_no_taskflow to None, run_after=None
[2026-09-17T19:54:02.506+0000] {processor.py:208} INFO - Processing /home/airflow/.local/lib/python3.12/site-packages/airflow/example_dags/example_dataset_alias_with_no_taskflow.py took 0.818 seconds
[2026-09-17T19:54:33.368+0000] {processor.py:186} INFO - Started process (PID=853) to work on /home/airflow/.local/lib/python3.12/site-packages/airflow/example_dags/example_dataset_alias_with_no_taskflow.py
[2026-09-17T19:54:33.370+0000] {processor.py:914} INFO - Processing file /home/airflow/.local/lib/python3.12/site-packages/airflow/example_dags/example_dataset_alias_with_no_taskflow.py for tasks to queue
[2026-09-17T19:54:33.372+0000] {logging_mixin.py:190} INFO - [2026-09-17T19:54:33.371+0000] {dagbag.py:588} INFO - Filling up the DagBag from /home/airflow/.local/lib/python3.12/site-packages/airflow/example_dags/example_dataset_alias_with_no_taskflow.py
[2026-09-17T19:54:34.008+0000] {processor.py:925} INFO - DAG(s) 'dataset_alias_example_alias_producer_with_no_taskflow', 'dataset_alias_example_alias_consumer_with_no_taskflow', 'dataset_s3_bucket_consumer_with_no_taskflow', 'dataset_s3_bucket_producer_with_no_taskflow' retrieved from /home/airflow/.local/lib/python3.12/site-packages/airflow/example_dags/example_dataset_alias_with_no_taskflow.py
[2026-09-17T19:54:34.033+0000] {logging_mixin.py:190} INFO - [2026-09-17T19:54:34.033+0000] {dag.py:3239} INFO - Sync 4 DAGs
[2026-09-17T19:54:34.058+0000] {logging_mixin.py:190} INFO - [2026-09-17T19:54:34.058+0000] {dag.py:4180} INFO - Setting next_dagrun for dataset_alias_example_alias_consumer_with_no_taskflow to None, run_after=None
[2026-09-17T19:54:34.063+0000] {logging_mixin.py:190} INFO - [2026-09-17T19:54:34.062+0000] {dag.py:4180} INFO - Setting next_dagrun for dataset_alias_example_alias_producer_with_no_taskflow to None, run_after=None
[2026-09-17T19:54:34.065+0000] {logging_mixin.py:190} INFO - [2026-09-17T19:54:34.065+0000] {dag.py:4180} INFO - Setting next_dagrun for dataset_s3_bucket_consumer_with_no_taskflow to None, run_after=None
[2026-09-17T19:54:34.068+0000] {logging_mixin.py:190} INFO - [2026-09-17T19:54:34.067+0000] {dag.py:4180} INFO - Setting next_dagrun for dataset_s3_bucket_producer_with_no_taskflow to None, run_after=None
[2026-09-17T19:54:34.095+0000] {processor.py:208} INFO - Processing /home/airflow/.local/lib/python3.12/site-packages/airflow/example_dags/example_dataset_alias_with_no_taskflow.py took 0.732 seconds
[2026-09-17T19:55:04.231+0000] {processor.py:186} INFO - Started process (PID=918) to work on /home/airflow/.local/lib/python3.12/site-packages/airflow/example_dags/example_dataset_alias_with_no_taskflow.py
[2026-09-17T19:55:04.232+0000] {processor.py:914} INFO - Processing file /home/airflow/.local/lib/python3.12/site-packages/airflow/example_dags/example_dataset_alias_with_no_taskflow.py for tasks to queue
[2026-09-17T19:55:04.235+0000] {logging_mixin.py:190} INFO - [2026-09-17T19:55:04.234+0000] {dagbag.py:588} INFO - Filling up the DagBag from /home/airflow/.local/lib/python3.12/site-packages/airflow/example_dags/example_dataset_alias_with_no_taskflow.py
[2026-09-17T19:55:04.870+0000] {processor.py:925} INFO - DAG(s) 'dataset_s3_bucket_consumer_with_no_taskflow', 'dataset_alias_example_alias_consumer_with_no_taskflow', 'dataset_s3_bucket_producer_with_no_taskflow', 'dataset_alias_example_alias_producer_with_no_taskflow' retrieved from /home/airflow/.local/lib/python3.12/site-packages/airflow/example_dags/example_dataset_alias_with_no_taskflow.py
[2026-09-17T19:55:04.894+0000] {logging_mixin.py:190} INFO - [2026-09-17T19:55:04.894+0000] {dag.py:3239} INFO - Sync 4 DAGs
[2026-09-17T19:55:04.921+0000] {logging_mixin.py:190} INFO - [2026-09-17T19:55:04.921+0000] {dag.py:4180} INFO - Setting next_dagrun for dataset_alias_example_alias_consumer_with_no_taskflow to None, run_after=None
[2026-09-17T19:55:04.925+0000] {logging_mixin.py:190} INFO - [2026-09-17T19:55:04.925+0000] {dag.py:4180} INFO - Setting next_dagrun for dataset_alias_example_alias_producer_with_no_taskflow to None, run_after=None
[2026-09-17T19:55:04.928+0000] {logging_mixin.py:190} INFO - [2026-09-17T19:55:04.928+0000] {dag.py:4180} INFO - Setting next_dagrun for dataset_s3_bucket_consumer_with_no_taskflow to None, run_after=None
[2026-09-17T19:55:04.931+0000] {logging_mixin.py:190} INFO - [2026-09-17T19:55:04.931+0000] {dag.py:4180} INFO - Setting next_dagrun for dataset_s3_bucket_producer_with_no_taskflow to None, run_after=None
[2026-09-17T19:55:04.957+0000] {processor.py:208} INFO - Processing /home/airflow/.local/lib/python3.12/site-packages/airflow/example_dags/example_dataset_alias_with_no_taskflow.py took 0.733 seconds
[2026-09-17T19:55:35.378+0000] {processor.py:186} INFO - Started process (PID=983) to work on /home/airflow/.local/lib/python3.12/site-packages/airflow/example_dags/example_dataset_alias_with_no_taskflow.py
[2026-09-17T19:55:35.380+0000] {processor.py:914} INFO - Processing file /home/airflow/.local/lib/python3.12/site-packages/airflow/example_dags/example_dataset_alias_with_no_taskflow.py for tasks to queue
[2026-09-17T19:55:35.383+0000] {logging_mixin.py:190} INFO - [2026-09-17T19:55:35.382+0000] {dagbag.py:588} INFO - Filling up the DagBag from /home/airflow/.local/lib/python3.12/site-packages/airflow/example_dags/example_dataset_alias_with_no_taskflow.py
[2026-09-17T19:55:36.080+0000] {processor.py:925} INFO - DAG(s) 'dataset_s3_bucket_consumer_with_no_taskflow', 'dataset_alias_example_alias_producer_with_no_taskflow', 'dataset_s3_bucket_producer_with_no_taskflow', 'dataset_alias_example_alias_consumer_with_no_taskflow' retrieved from /home/airflow/.local/lib/python3.12/site-packages/airflow/example_dags/example_dataset_alias_with_no_taskflow.py
[2026-09-17T19:55:36.105+0000] {logging_mixin.py:190} INFO - [2026-09-17T19:55:36.104+0000] {dag.py:3239} INFO - Sync 4 DAGs
[2026-09-17T19:55:36.131+0000] {logging_mixin.py:190} INFO - [2026-09-17T19:55:36.131+0000] {dag.py:4180} INFO - Setting next_dagrun for dataset_alias_example_alias_consumer_with_no_taskflow to None, run_after=None
[2026-09-17T19:55:36.134+0000] {logging_mixin.py:190} INFO - [2026-09-17T19:55:36.134+0000] {dag.py:4180} INFO - Setting next_dagrun for dataset_alias_example_alias_producer_with_no_taskflow to None, run_after=None
[2026-09-17T19:55:36.137+0000] {logging_mixin.py:190} INFO - [2026-09-17T19:55:36.137+0000] {dag.py:4180} INFO - Setting next_dagrun for dataset_s3_bucket_consumer_with_no_taskflow to None, run_after=None
[2026-09-17T19:55:36.140+0000] {logging_mixin.py:190} INFO - [2026-09-17T19:55:36.139+0000] {dag.py:4180} INFO - Setting next_dagrun for dataset_s3_bucket_producer_with_no_taskflow to None, run_after=None
[2026-09-17T19:55:36.166+0000] {processor.py:208} INFO - Processing /home/airflow/.local/lib/python3.12/site-packages/airflow/example_dags/example_dataset_alias_with_no_taskflow.py took 0.794 seconds
[2026-09-17T19:56:06.743+0000] {processor.py:186} INFO - Started process (PID=1047) to work on /home/airflow/.local/lib/python3.12/site-packages/airflow/example_dags/example_dataset_alias_with_no_taskflow.py
[2026-09-17T19:56:06.746+0000] {processor.py:914} INFO - Processing file /home/airflow/.local/lib/python3.12/site-packages/airflow/example_dags/example_dataset_alias_with_no_taskflow.py for tasks to queue
[2026-09-17T19:56:06.750+0000] {logging_mixin.py:190} INFO - [2026-09-17T19:56:06.749+0000] {dagbag.py:588} INFO - Filling up the DagBag from /home/airflow/.local/lib/python3.12/site-packages/airflow/example_dags/example_dataset_alias_with_no_taskflow.py
[2026-09-17T19:56:07.781+0000] {processor.py:925} INFO - DAG(s) 'dataset_alias_example_alias_consumer_with_no_taskflow', 'dataset_s3_bucket_consumer_with_no_taskflow', 'dataset_s3_bucket_producer_with_no_taskflow', 'dataset_alias_example_alias_producer_with_no_taskflow' retrieved from /home/airflow/.local/lib/python3.12/site-packages/airflow/example_dags/example_dataset_alias_with_no_taskflow.py
[2026-09-17T19:56:07.828+0000] {logging_mixin.py:190} INFO - [2026-09-17T19:56:07.827+0000] {dag.py:3239} INFO - Sync 4 DAGs
[2026-09-17T19:56:07.866+0000] {logging_mixin.py:190} INFO - [2026-09-17T19:56:07.866+0000] {dag.py:4180} INFO - Setting next_dagrun for dataset_alias_example_alias_consumer_with_no_taskflow to None, run_after=None
[2026-09-17T19:56:07.873+0000] {logging_mixin.py:190} INFO - [2026-09-17T19:56:07.873+0000] {dag.py:4180} INFO - Setting next_dagrun for dataset_alias_example_alias_producer_with_no_taskflow to None, run_after=None
[2026-09-17T19:56:07.882+0000] {logging_mixin.py:190} INFO - [2026-09-17T19:56:07.882+0000] {dag.py:4180} INFO - Setting next_dagrun for dataset_s3_bucket_consumer_with_no_taskflow to None, run_after=None
[2026-09-17T19:56:07.886+0000] {logging_mixin.py:190} INFO - [2026-09-17T19:56:07.885+0000] {dag.py:4180} INFO - Setting next_dagrun for dataset_s3_bucket_producer_with_no_taskflow to None, run_after=None
[2026-09-17T19:56:07.925+0000] {processor.py:208} INFO - Processing /home/airflow/.local/lib/python3.12/site-packages/airflow/example_dags/example_dataset_alias_with_no_taskflow.py took 1.193 seconds
[2026-09-17T19:56:38.114+0000] {processor.py:186} INFO - Started process (PID=1105) to work on /home/airflow/.local/lib/python3.12/site-packages/airflow/example_dags/example_dataset_alias_with_no_taskflow.py
[2026-09-17T19:56:38.117+0000] {processor.py:914} INFO - Processing file /home/airflow/.local/lib/python3.12/site-packages/airflow/example_dags/example_dataset_alias_with_no_taskflow.py for tasks to queue
[2026-09-17T19:56:38.120+0000] {logging_mixin.py:190} INFO - [2026-09-17T19:56:38.119+0000] {dagbag.py:588} INFO - Filling up the DagBag from /home/airflow/.local/lib/python3.12/site-packages/airflow/example_dags/example_dataset_alias_with_no_taskflow.py
[2026-09-17T19:56:38.989+0000] {processor.py:925} INFO - DAG(s) 'dataset_alias_example_alias_producer_with_no_taskflow', 'dataset_s3_bucket_consumer_with_no_taskflow', 'dataset_s3_bucket_producer_with_no_taskflow', 'dataset_alias_example_alias_consumer_with_no_taskflow' retrieved from /home/airflow/.local/lib/python3.12/site-packages/airflow/example_dags/example_dataset_alias_with_no_taskflow.py
[2026-09-17T19:56:39.023+0000] {logging_mixin.py:190} INFO - [2026-09-17T19:56:39.023+0000] {dag.py:3239} INFO - Sync 4 DAGs
[2026-09-17T19:56:39.052+0000] {logging_mixin.py:190} INFO - [2026-09-17T19:56:39.052+0000] {dag.py:4180} INFO - Setting next_dagrun for dataset_alias_example_alias_consumer_with_no_taskflow to None, run_after=None
[2026-09-17T19:56:39.058+0000] {logging_mixin.py:190} INFO - [2026-09-17T19:56:39.057+0000] {dag.py:4180} INFO - Setting next_dagrun for dataset_alias_example_alias_producer_with_no_taskflow to None, run_after=None
[2026-09-17T19:56:39.062+0000] {logging_mixin.py:190} INFO - [2026-09-17T19:56:39.061+0000] {dag.py:4180} INFO - Setting next_dagrun for dataset_s3_bucket_consumer_with_no_taskflow to None, run_after=None
[2026-09-17T19:56:39.066+0000] {logging_mixin.py:190} INFO - [2026-09-17T19:56:39.066+0000] {dag.py:4180} INFO - Setting next_dagrun for dataset_s3_bucket_producer_with_no_taskflow to None, run_after=None
[2026-09-17T19:56:39.107+0000] {processor.py:208} INFO - Processing /home/airflow/.local/lib/python3.12/site-packages/airflow/example_dags/example_dataset_alias_with_no_taskflow.py took 0.999 seconds
[2026-09-17T19:57:09.483+0000] {processor.py:186} INFO - Started process (PID=1170) to work on /home/airflow/.local/lib/python3.12/site-packages/airflow/example_dags/example_dataset_alias_with_no_taskflow.py
[2026-09-17T19:57:09.485+0000] {processor.py:914} INFO - Processing file /home/airflow/.local/lib/python3.12/site-packages/airflow/example_dags/example_dataset_alias_with_no_taskflow.py for tasks to queue
[2026-09-17T19:57:09.487+0000] {logging_mixin.py:190} INFO - [2026-09-17T19:57:09.486+0000] {dagbag.py:588} INFO - Filling up the DagBag from /home/airflow/.local/lib/python3.12/site-packages/airflow/example_dags/example_dataset_alias_with_no_taskflow.py
[2026-09-17T19:57:10.155+0000] {processor.py:925} INFO - DAG(s) 'dataset_alias_example_alias_consumer_with_no_taskflow', 'dataset_s3_bucket_producer_with_no_taskflow', 'dataset_alias_example_alias_producer_with_no_taskflow', 'dataset_s3_bucket_consumer_with_no_taskflow' retrieved from /home/airflow/.local/lib/python3.12/site-packages/airflow/example_dags/example_dataset_alias_with_no_taskflow.py
[2026-09-17T19:57:10.181+0000] {logging_mixin.py:190} INFO - [2026-09-17T19:57:10.181+0000] {dag.py:3239} INFO - Sync 4 DAGs
[2026-09-17T19:57:10.206+0000] {logging_mixin.py:190} INFO - [2026-09-17T19:57:10.206+0000] {dag.py:4180} INFO - Setting next_dagrun for dataset_alias_example_alias_consumer_with_no_taskflow to None, run_after=None
[2026-09-17T19:57:10.210+0000] {logging_mixin.py:190} INFO - [2026-09-17T19:57:10.210+0000] {dag.py:4180} INFO - Setting next_dagrun for dataset_alias_example_alias_producer_with_no_taskflow to None, run_after=None
[2026-09-17T19:57:10.213+0000] {logging_mixin.py:190} INFO - [2026-09-17T19:57:10.213+0000] {dag.py:4180} INFO - Setting next_dagrun for dataset_s3_bucket_consumer_with_no_taskflow to None, run_after=None
[2026-09-17T19:57:10.216+0000] {logging_mixin.py:190} INFO - [2026-09-17T19:57:10.216+0000] {dag.py:4180} INFO - Setting next_dagrun for dataset_s3_bucket_producer_with_no_taskflow to None, run_after=None
[2026-09-17T19:57:10.248+0000] {processor.py:208} INFO - Processing /home/airflow/.local/lib/python3.12/site-packages/airflow/example_dags/example_dataset_alias_with_no_taskflow.py took 0.772 seconds
[2026-09-17T19:57:41.020+0000] {processor.py:186} INFO - Started process (PID=1235) to work on /home/airflow/.local/lib/python3.12/site-packages/airflow/example_dags/example_dataset_alias_with_no_taskflow.py
[2026-09-17T19:57:41.022+0000] {processor.py:914} INFO - Processing file /home/airflow/.local/lib/python3.12/site-packages/airflow/example_dags/example_dataset_alias_with_no_taskflow.py for tasks to queue
[2026-09-17T19:57:41.025+0000] {logging_mixin.py:190} INFO - [2026-09-17T19:57:41.024+0000] {dagbag.py:588} INFO - Filling up the DagBag from /home/airflow/.local/lib/python3.12/site-packages/airflow/example_dags/example_dataset_alias_with_no_taskflow.py
[2026-09-17T19:57:41.873+0000] {processor.py:925} INFO - DAG(s) 'dataset_s3_bucket_producer_with_no_taskflow', 'dataset_alias_example_alias_consumer_with_no_taskflow', 'dataset_alias_example_alias_producer_with_no_taskflow', 'dataset_s3_bucket_consumer_with_no_taskflow' retrieved from /home/airflow/.local/lib/python3.12/site-packages/airflow/example_dags/example_dataset_alias_with_no_taskflow.py
[2026-09-17T19:57:41.900+0000] {logging_mixin.py:190} INFO - [2026-09-17T19:57:41.899+0000] {dag.py:3239} INFO - Sync 4 DAGs
[2026-09-17T19:57:41.923+0000] {logging_mixin.py:190} INFO - [2026-09-17T19:57:41.923+0000] {dag.py:4180} INFO - Setting next_dagrun for dataset_alias_example_alias_consumer_with_no_taskflow to None, run_after=None
[2026-09-17T19:57:41.927+0000] {logging_mixin.py:190} INFO - [2026-09-17T19:57:41.927+0000] {dag.py:4180} INFO - Setting next_dagrun for dataset_alias_example_alias_producer_with_no_taskflow to None, run_after=None
[2026-09-17T19:57:41.930+0000] {logging_mixin.py:190} INFO - [2026-09-17T19:57:41.930+0000] {dag.py:4180} INFO - Setting next_dagrun for dataset_s3_bucket_consumer_with_no_taskflow to None, run_after=None
[2026-09-17T19:57:41.933+0000] {logging_mixin.py:190} INFO - [2026-09-17T19:57:41.933+0000] {dag.py:4180} INFO - Setting next_dagrun for dataset_s3_bucket_producer_with_no_taskflow to None, run_after=None
[2026-09-17T19:57:41.963+0000] {processor.py:208} INFO - Processing /home/airflow/.local/lib/python3.12/site-packages/airflow/example_dags/example_dataset_alias_with_no_taskflow.py took 0.951 seconds
[2026-09-17T19:58:12.927+0000] {processor.py:186} INFO - Started process (PID=1300) to work on /home/airflow/.local/lib/python3.12/site-packages/airflow/example_dags/example_dataset_alias_with_no_taskflow.py
[2026-09-17T19:58:12.929+0000] {processor.py:914} INFO - Processing file /home/airflow/.local/lib/python3.12/site-packages/airflow/example_dags/example_dataset_alias_with_no_taskflow.py for tasks to queue
[2026-09-17T19:58:12.931+0000] {logging_mixin.py:190} INFO - [2026-09-17T19:58:12.931+0000] {dagbag.py:588} INFO - Filling up the DagBag from /home/airflow/.local/lib/python3.12/site-packages/airflow/example_dags/example_dataset_alias_with_no_taskflow.py
[2026-09-17T19:58:13.596+0000] {processor.py:925} INFO - DAG(s) 'dataset_s3_bucket_consumer_with_no_taskflow', 'dataset_s3_bucket_producer_with_no_taskflow', 'dataset_alias_example_alias_producer_with_no_taskflow', 'dataset_alias_example_alias_consumer_with_no_taskflow' retrieved from /home/airflow/.local/lib/python3.12/site-packages/airflow/example_dags/example_dataset_alias_with_no_taskflow.py
[2026-09-17T19:58:13.624+0000] {logging_mixin.py:190} INFO - [2026-09-17T19:58:13.623+0000] {dag.py:3239} INFO - Sync 4 DAGs
[2026-09-17T19:58:13.649+0000] {logging_mixin.py:190} INFO - [2026-09-17T19:58:13.649+0000] {dag.py:4180} INFO - Setting next_dagrun for dataset_alias_example_alias_consumer_with_no_taskflow to None, run_after=None
[2026-09-17T19:58:13.654+0000] {logging_mixin.py:190} INFO - [2026-09-17T19:58:13.654+0000] {dag.py:4180} INFO - Setting next_dagrun for dataset_alias_example_alias_producer_with_no_taskflow to None, run_after=None
[2026-09-17T19:58:13.656+0000] {logging_mixin.py:190} INFO - [2026-09-17T19:58:13.656+0000] {dag.py:4180} INFO - Setting next_dagrun for dataset_s3_bucket_consumer_with_no_taskflow to None, run_after=None
[2026-09-17T19:58:13.659+0000] {logging_mixin.py:190} INFO - [2026-09-17T19:58:13.659+0000] {dag.py:4180} INFO - Setting next_dagrun for dataset_s3_bucket_producer_with_no_taskflow to None, run_after=None
[2026-09-17T19:58:13.686+0000] {processor.py:208} INFO - Processing /home/airflow/.local/lib/python3.12/site-packages/airflow/example_dags/example_dataset_alias_with_no_taskflow.py took 0.765 seconds
[2026-09-17T19:58:44.195+0000] {processor.py:186} INFO - Started process (PID=1365) to work on /home/airflow/.local/lib/python3.12/site-packages/airflow/example_dags/example_dataset_alias_with_no_taskflow.py
[2026-09-17T19:58:44.197+0000] {processor.py:914} INFO - Processing file /home/airflow/.local/lib/python3.12/site-packages/airflow/example_dags/example_dataset_alias_with_no_taskflow.py for tasks to queue
[2026-09-17T19:58:44.200+0000] {logging_mixin.py:190} INFO - [2026-09-17T19:58:44.199+0000] {dagbag.py:588} INFO - Filling up the DagBag from /home/airflow/.local/lib/python3.12/site-packages/airflow/example_dags/example_dataset_alias_with_no_taskflow.py
[2026-09-17T19:58:44.799+0000] {processor.py:925} INFO - DAG(s) 'dataset_s3_bucket_producer_with_no_taskflow', 'dataset_s3_bucket_consumer_with_no_taskflow', 'dataset_alias_example_alias_consumer_with_no_taskflow', 'dataset_alias_example_alias_producer_with_no_taskflow' retrieved from /home/airflow/.local/lib/python3.12/site-packages/airflow/example_dags/example_dataset_alias_with_no_taskflow.py
[2026-09-17T19:58:44.823+0000] {logging_mixin.py:190} INFO - [2026-09-17T19:58:44.822+0000] {dag.py:3239} INFO - Sync 4 DAGs
[2026-09-17T19:58:44.846+0000] {logging_mixin.py:190} INFO - [2026-09-17T19:58:44.845+0000] {dag.py:4180} INFO - Setting next_dagrun for dataset_alias_example_alias_consumer_with_no_taskflow to None, run_after=None
[2026-09-17T19:58:44.850+0000] {logging_mixin.py:190} INFO - [2026-09-17T19:58:44.850+0000] {dag.py:4180} INFO - Setting next_dagrun for dataset_alias_example_alias_producer_with_no_taskflow to None, run_after=None
[2026-09-17T19:58:44.853+0000] {logging_mixin.py:190} INFO - [2026-09-17T19:58:44.852+0000] {dag.py:4180} INFO - Setting next_dagrun for dataset_s3_bucket_consumer_with_no_taskflow to None, run_after=None
[2026-09-17T19:58:44.856+0000] {logging_mixin.py:190} INFO - [2026-09-17T19:58:44.855+0000] {dag.py:4180} INFO - Setting next_dagrun for dataset_s3_bucket_producer_with_no_taskflow to None, run_after=None
[2026-09-17T19:58:44.884+0000] {processor.py:208} INFO - Processing /home/airflow/.local/lib/python3.12/site-packages/airflow/example_dags/example_dataset_alias_with_no_taskflow.py took 0.696 seconds
[2026-09-17T19:59:15.408+0000] {processor.py:186} INFO - Started process (PID=1430) to work on /home/airflow/.local/lib/python3.12/site-packages/airflow/example_dags/example_dataset_alias_with_no_taskflow.py
[2026-09-17T19:59:15.410+0000] {processor.py:914} INFO - Processing file /home/airflow/.local/lib/python3.12/site-packages/airflow/example_dags/example_dataset_alias_with_no_taskflow.py for tasks to queue
[2026-09-17T19:59:15.412+0000] {logging_mixin.py:190} INFO - [2026-09-17T19:59:15.412+0000] {dagbag.py:588} INFO - Filling up the DagBag from /home/airflow/.local/lib/python3.12/site-packages/airflow/example_dags/example_dataset_alias_with_no_taskflow.py
[2026-09-17T19:59:16.153+0000] {processor.py:925} INFO - DAG(s) 'dataset_s3_bucket_producer_with_no_taskflow', 'dataset_alias_example_alias_consumer_with_no_taskflow', 'dataset_s3_bucket_consumer_with_no_taskflow', 'dataset_alias_example_alias_producer_with_no_taskflow' retrieved from /home/airflow/.local/lib/python3.12/site-packages/airflow/example_dags/example_dataset_alias_with_no_taskflow.py
[2026-09-17T19:59:16.180+0000] {logging_mixin.py:190} INFO - [2026-09-17T19:59:16.180+0000] {dag.py:3239} INFO - Sync 4 DAGs
[2026-09-17T19:59:16.214+0000] {logging_mixin.py:190} INFO - [2026-09-17T19:59:16.214+0000] {dag.py:4180} INFO - Setting next_dagrun for dataset_alias_example_alias_consumer_with_no_taskflow to None, run_after=None
[2026-09-17T19:59:16.218+0000] {logging_mixin.py:190} INFO - [2026-09-17T19:59:16.218+0000] {dag.py:4180} INFO - Setting next_dagrun for dataset_alias_example_alias_producer_with_no_taskflow to None, run_after=None
[2026-09-17T19:59:16.221+0000] {logging_mixin.py:190} INFO - [2026-09-17T19:59:16.221+0000] {dag.py:4180} INFO - Setting next_dagrun for dataset_s3_bucket_consumer_with_no_taskflow to None, run_after=None
[2026-09-17T19:59:16.224+0000] {logging_mixin.py:190} INFO - [2026-09-17T19:59:16.224+0000] {dag.py:4180} INFO - Setting next_dagrun for dataset_s3_bucket_producer_with_no_taskflow to None, run_after=None
[2026-09-17T19:59:16.258+0000] {processor.py:208} INFO - Processing /home/airflow/.local/lib/python3.12/site-packages/airflow/example_dags/example_dataset_alias_with_no_taskflow.py took 0.858 seconds
[2026-09-17T19:59:46.677+0000] {processor.py:186} INFO - Started process (PID=1495) to work on /home/airflow/.local/lib/python3.12/site-packages/airflow/example_dags/example_dataset_alias_with_no_taskflow.py
[2026-09-17T19:59:46.679+0000] {processor.py:914} INFO - Processing file /home/airflow/.local/lib/python3.12/site-packages/airflow/example_dags/example_dataset_alias_with_no_taskflow.py for tasks to queue
[2026-09-17T19:59:46.681+0000] {logging_mixin.py:190} INFO - [2026-09-17T19:59:46.680+0000] {dagbag.py:588} INFO - Filling up the DagBag from /home/airflow/.local/lib/python3.12/site-packages/airflow/example_dags/example_dataset_alias_with_no_taskflow.py
[2026-09-17T19:59:47.298+0000] {processor.py:925} INFO - DAG(s) 'dataset_alias_example_alias_consumer_with_no_taskflow', 'dataset_alias_example_alias_producer_with_no_taskflow', 'dataset_s3_bucket_producer_with_no_taskflow', 'dataset_s3_bucket_consumer_with_no_taskflow' retrieved from /home/airflow/.local/lib/python3.12/site-packages/airflow/example_dags/example_dataset_alias_with_no_taskflow.py
[2026-09-17T19:59:47.322+0000] {logging_mixin.py:190} INFO - [2026-09-17T19:59:47.322+0000] {dag.py:3239} INFO - Sync 4 DAGs
[2026-09-17T19:59:47.346+0000] {logging_mixin.py:190} INFO - [2026-09-17T19:59:47.345+0000] {dag.py:4180} INFO - Setting next_dagrun for dataset_alias_example_alias_consumer_with_no_taskflow to None, run_after=None
[2026-09-17T19:59:47.350+0000] {logging_mixin.py:190} INFO - [2026-09-17T19:59:47.349+0000] {dag.py:4180} INFO - Setting next_dagrun for dataset_alias_example_alias_producer_with_no_taskflow to None, run_after=None
[2026-09-17T19:59:47.352+0000] {logging_mixin.py:190} INFO - [2026-09-17T19:59:47.352+0000] {dag.py:4180} INFO - Setting next_dagrun for dataset_s3_bucket_consumer_with_no_taskflow to None, run_after=None
[2026-09-17T19:59:47.355+0000] {logging_mixin.py:190} INFO - [2026-09-17T19:59:47.354+0000] {dag.py:4180} INFO - Setting next_dagrun for dataset_s3_bucket_producer_with_no_taskflow to None, run_after=None
[2026-09-17T19:59:47.379+0000] {processor.py:208} INFO - Processing /home/airflow/.local/lib/python3.12/site-packages/airflow/example_dags/example_dataset_alias_with_no_taskflow.py took 0.707 seconds
[2026-09-17T20:00:18.323+0000] {processor.py:186} INFO - Started process (PID=1560) to work on /home/airflow/.local/lib/python3.12/site-packages/airflow/example_dags/example_dataset_alias_with_no_taskflow.py
[2026-09-17T20:00:18.325+0000] {processor.py:914} INFO - Processing file /home/airflow/.local/lib/python3.12/site-packages/airflow/example_dags/example_dataset_alias_with_no_taskflow.py for tasks to queue
[2026-09-17T20:00:18.327+0000] {logging_mixin.py:190} INFO - [2026-09-17T20:00:18.326+0000] {dagbag.py:588} INFO - Filling up the DagBag from /home/airflow/.local/lib/python3.12/site-packages/airflow/example_dags/example_dataset_alias_with_no_taskflow.py
[2026-09-17T20:00:19.025+0000] {processor.py:925} INFO - DAG(s) 'dataset_alias_example_alias_consumer_with_no_taskflow', 'dataset_s3_bucket_producer_with_no_taskflow', 'dataset_s3_bucket_consumer_with_no_taskflow', 'dataset_alias_example_alias_producer_with_no_taskflow' retrieved from /home/airflow/.local/lib/python3.12/site-packages/airflow/example_dags/example_dataset_alias_with_no_taskflow.py
[2026-09-17T20:00:19.051+0000] {logging_mixin.py:190} INFO - [2026-09-17T20:00:19.050+0000] {dag.py:3239} INFO - Sync 4 DAGs
[2026-09-17T20:00:19.076+0000] {logging_mixin.py:190} INFO - [2026-09-17T20:00:19.075+0000] {dag.py:4180} INFO - Setting next_dagrun for dataset_alias_example_alias_consumer_with_no_taskflow to None, run_after=None
[2026-09-17T20:00:19.080+0000] {logging_mixin.py:190} INFO - [2026-09-17T20:00:19.079+0000] {dag.py:4180} INFO - Setting next_dagrun for dataset_alias_example_alias_producer_with_no_taskflow to None, run_after=None
[2026-09-17T20:00:19.082+0000] {logging_mixin.py:190} INFO - [2026-09-17T20:00:19.082+0000] {dag.py:4180} INFO - Setting next_dagrun for dataset_s3_bucket_consumer_with_no_taskflow to None, run_after=None
[2026-09-17T20:00:19.085+0000] {logging_mixin.py:190} INFO - [2026-09-17T20:00:19.085+0000] {dag.py:4180} INFO - Setting next_dagrun for dataset_s3_bucket_producer_with_no_taskflow to None, run_after=None
[2026-09-17T20:00:19.111+0000] {processor.py:208} INFO - Processing /home/airflow/.local/lib/python3.12/site-packages/airflow/example_dags/example_dataset_alias_with_no_taskflow.py took 0.795 seconds
[2026-09-17T20:00:49.821+0000] {processor.py:186} INFO - Started process (PID=1625) to work on /home/airflow/.local/lib/python3.12/site-packages/airflow/example_dags/example_dataset_alias_with_no_taskflow.py
[2026-09-17T20:00:49.824+0000] {processor.py:914} INFO - Processing file /home/airflow/.local/lib/python3.12/site-packages/airflow/example_dags/example_dataset_alias_with_no_taskflow.py for tasks to queue
[2026-09-17T20:00:49.826+0000] {logging_mixin.py:190} INFO - [2026-09-17T20:00:49.826+0000] {dagbag.py:588} INFO - Filling up the DagBag from /home/airflow/.local/lib/python3.12/site-packages/airflow/example_dags/example_dataset_alias_with_no_taskflow.py
[2026-09-17T20:00:50.475+0000] {processor.py:925} INFO - DAG(s) 'dataset_s3_bucket_producer_with_no_taskflow', 'dataset_alias_example_alias_producer_with_no_taskflow', 'dataset_alias_example_alias_consumer_with_no_taskflow', 'dataset_s3_bucket_consumer_with_no_taskflow' retrieved from /home/airflow/.local/lib/python3.12/site-packages/airflow/example_dags/example_dataset_alias_with_no_taskflow.py
[2026-09-17T20:00:50.501+0000] {logging_mixin.py:190} INFO - [2026-09-17T20:00:50.500+0000] {dag.py:3239} INFO - Sync 4 DAGs
[2026-09-17T20:00:50.525+0000] {logging_mixin.py:190} INFO - [2026-09-17T20:00:50.525+0000] {dag.py:4180} INFO - Setting next_dagrun for dataset_alias_example_alias_consumer_with_no_taskflow to None, run_after=None
[2026-09-17T20:00:50.529+0000] {logging_mixin.py:190} INFO - [2026-09-17T20:00:50.529+0000] {dag.py:4180} INFO - Setting next_dagrun for dataset_alias_example_alias_producer_with_no_taskflow to None, run_after=None
[2026-09-17T20:00:50.532+0000] {logging_mixin.py:190} INFO - [2026-09-17T20:00:50.532+0000] {dag.py:4180} INFO - Setting next_dagrun for dataset_s3_bucket_consumer_with_no_taskflow to None, run_after=None
[2026-09-17T20:00:50.535+0000] {logging_mixin.py:190} INFO - [2026-09-17T20:00:50.535+0000] {dag.py:4180} INFO - Setting next_dagrun for dataset_s3_bucket_producer_with_no_taskflow to None, run_after=None
[2026-09-17T20:00:50.566+0000] {processor.py:208} INFO - Processing /home/airflow/.local/lib/python3.12/site-packages/airflow/example_dags/example_dataset_alias_with_no_taskflow.py took 0.753 seconds
[2026-09-17T20:01:21.066+0000] {processor.py:186} INFO - Started process (PID=1690) to work on /home/airflow/.local/lib/python3.12/site-packages/airflow/example_dags/example_dataset_alias_with_no_taskflow.py
[2026-09-17T20:01:21.068+0000] {processor.py:914} INFO - Processing file /home/airflow/.local/lib/python3.12/site-packages/airflow/example_dags/example_dataset_alias_with_no_taskflow.py for tasks to queue
[2026-09-17T20:01:21.070+0000] {logging_mixin.py:190} INFO - [2026-09-17T20:01:21.070+0000] {dagbag.py:588} INFO - Filling up the DagBag from /home/airflow/.local/lib/python3.12/site-packages/airflow/example_dags/example_dataset_alias_with_no_taskflow.py
[2026-09-17T20:01:21.685+0000] {processor.py:925} INFO - DAG(s) 'dataset_s3_bucket_consumer_with_no_taskflow', 'dataset_s3_bucket_producer_with_no_taskflow', 'dataset_alias_example_alias_consumer_with_no_taskflow', 'dataset_alias_example_alias_producer_with_no_taskflow' retrieved from /home/airflow/.local/lib/python3.12/site-packages/airflow/example_dags/example_dataset_alias_with_no_taskflow.py
[2026-09-17T20:01:21.711+0000] {logging_mixin.py:190} INFO - [2026-09-17T20:01:21.710+0000] {dag.py:3239} INFO - Sync 4 DAGs
[2026-09-17T20:01:21.735+0000] {logging_mixin.py:190} INFO - [2026-09-17T20:01:21.735+0000] {dag.py:4180} INFO - Setting next_dagrun for dataset_alias_example_alias_consumer_with_no_taskflow to None, run_after=None
[2026-09-17T20:01:21.739+0000] {logging_mixin.py:190} INFO - [2026-09-17T20:01:21.739+0000] {dag.py:4180} INFO - Setting next_dagrun for dataset_alias_example_alias_producer_with_no_taskflow to None, run_after=None
[2026-09-17T20:01:21.742+0000] {logging_mixin.py:190} INFO - [2026-09-17T20:01:21.742+0000] {dag.py:4180} INFO - Setting next_dagrun for dataset_s3_bucket_consumer_with_no_taskflow to None, run_after=None
[2026-09-17T20:01:21.745+0000] {logging_mixin.py:190} INFO - [2026-09-17T20:01:21.745+0000] {dag.py:4180} INFO - Setting next_dagrun for dataset_s3_bucket_producer_with_no_taskflow to None, run_after=None
[2026-09-17T20:01:21.773+0000] {processor.py:208} INFO - Processing /home/airflow/.local/lib/python3.12/site-packages/airflow/example_dags/example_dataset_alias_with_no_taskflow.py took 0.713 seconds
[2026-09-17T20:01:52.278+0000] {processor.py:186} INFO - Started process (PID=1755) to work on /home/airflow/.local/lib/python3.12/site-packages/airflow/example_dags/example_dataset_alias_with_no_taskflow.py
[2026-09-17T20:01:52.280+0000] {processor.py:914} INFO - Processing file /home/airflow/.local/lib/python3.12/site-packages/airflow/example_dags/example_dataset_alias_with_no_taskflow.py for tasks to queue
[2026-09-17T20:01:52.282+0000] {logging_mixin.py:190} INFO - [2026-09-17T20:01:52.281+0000] {dagbag.py:588} INFO - Filling up the DagBag from /home/airflow/.local/lib/python3.12/site-packages/airflow/example_dags/example_dataset_alias_with_no_taskflow.py
[2026-09-17T20:01:52.926+0000] {processor.py:925} INFO - DAG(s) 'dataset_alias_example_alias_producer_with_no_taskflow', 'dataset_alias_example_alias_consumer_with_no_taskflow', 'dataset_s3_bucket_consumer_with_no_taskflow', 'dataset_s3_bucket_producer_with_no_taskflow' retrieved from /home/airflow/.local/lib/python3.12/site-packages/airflow/example_dags/example_dataset_alias_with_no_taskflow.py
[2026-09-17T20:01:52.952+0000] {logging_mixin.py:190} INFO - [2026-09-17T20:01:52.952+0000] {dag.py:3239} INFO - Sync 4 DAGs
[2026-09-17T20:01:52.977+0000] {logging_mixin.py:190} INFO - [2026-09-17T20:01:52.976+0000] {dag.py:4180} INFO - Setting next_dagrun for dataset_alias_example_alias_consumer_with_no_taskflow to None, run_after=None
[2026-09-17T20:01:52.981+0000] {logging_mixin.py:190} INFO - [2026-09-17T20:01:52.981+0000] {dag.py:4180} INFO - Setting next_dagrun for dataset_alias_example_alias_producer_with_no_taskflow to None, run_after=None
[2026-09-17T20:01:52.984+0000] {logging_mixin.py:190} INFO - [2026-09-17T20:01:52.984+0000] {dag.py:4180} INFO - Setting next_dagrun for dataset_s3_bucket_consumer_with_no_taskflow to None, run_after=None
[2026-09-17T20:01:52.988+0000] {logging_mixin.py:190} INFO - [2026-09-17T20:01:52.988+0000] {dag.py:4180} INFO - Setting next_dagrun for dataset_s3_bucket_producer_with_no_taskflow to None, run_after=None
[2026-09-17T20:01:53.017+0000] {processor.py:208} INFO - Processing /home/airflow/.local/lib/python3.12/site-packages/airflow/example_dags/example_dataset_alias_with_no_taskflow.py took 0.744 seconds
[2026-09-17T20:02:23.632+0000] {processor.py:186} INFO - Started process (PID=1820) to work on /home/airflow/.local/lib/python3.12/site-packages/airflow/example_dags/example_dataset_alias_with_no_taskflow.py
[2026-09-17T20:02:23.634+0000] {processor.py:914} INFO - Processing file /home/airflow/.local/lib/python3.12/site-packages/airflow/example_dags/example_dataset_alias_with_no_taskflow.py for tasks to queue
[2026-09-17T20:02:23.636+0000] {logging_mixin.py:190} INFO - [2026-09-17T20:02:23.635+0000] {dagbag.py:588} INFO - Filling up the DagBag from /home/airflow/.local/lib/python3.12/site-packages/airflow/example_dags/example_dataset_alias_with_no_taskflow.py
[2026-09-17T20:02:24.266+0000] {processor.py:925} INFO - DAG(s) 'dataset_alias_example_alias_consumer_with_no_taskflow', 'dataset_s3_bucket_consumer_with_no_taskflow', 'dataset_alias_example_alias_producer_with_no_taskflow', 'dataset_s3_bucket_producer_with_no_taskflow' retrieved from /home/airflow/.local/lib/python3.12/site-packages/airflow/example_dags/example_dataset_alias_with_no_taskflow.py
[2026-09-17T20:02:24.293+0000] {logging_mixin.py:190} INFO - [2026-09-17T20:02:24.291+0000] {dag.py:3239} INFO - Sync 4 DAGs
[2026-09-17T20:02:24.318+0000] {logging_mixin.py:190} INFO - [2026-09-17T20:02:24.317+0000] {dag.py:4180} INFO - Setting next_dagrun for dataset_alias_example_alias_consumer_with_no_taskflow to None, run_after=None
[2026-09-17T20:02:24.322+0000] {logging_mixin.py:190} INFO - [2026-09-17T20:02:24.321+0000] {dag.py:4180} INFO - Setting next_dagrun for dataset_alias_example_alias_producer_with_no_taskflow to None, run_after=None
[2026-09-17T20:02:24.325+0000] {logging_mixin.py:190} INFO - [2026-09-17T20:02:24.324+0000] {dag.py:4180} INFO - Setting next_dagrun for dataset_s3_bucket_consumer_with_no_taskflow to None, run_after=None
[2026-09-17T20:02:24.328+0000] {logging_mixin.py:190} INFO - [2026-09-17T20:02:24.327+0000] {dag.py:4180} INFO - Setting next_dagrun for dataset_s3_bucket_producer_with_no_taskflow to None, run_after=None
[2026-09-17T20:02:24.355+0000] {processor.py:208} INFO - Processing /home/airflow/.local/lib/python3.12/site-packages/airflow/example_dags/example_dataset_alias_with_no_taskflow.py took 0.729 seconds
[2026-09-17T20:09:37.912+0000] {processor.py:186} INFO - Started process (PID=64) to work on /home/airflow/.local/lib/python3.12/site-packages/airflow/example_dags/example_dataset_alias_with_no_taskflow.py
[2026-09-17T20:09:37.914+0000] {processor.py:914} INFO - Processing file /home/airflow/.local/lib/python3.12/site-packages/airflow/example_dags/example_dataset_alias_with_no_taskflow.py for tasks to queue
[2026-09-17T20:09:37.917+0000] {logging_mixin.py:190} INFO - [2026-09-17T20:09:37.916+0000] {dagbag.py:588} INFO - Filling up the DagBag from /home/airflow/.local/lib/python3.12/site-packages/airflow/example_dags/example_dataset_alias_with_no_taskflow.py
[2026-09-17T20:09:38.485+0000] {processor.py:925} INFO - DAG(s) 'dataset_s3_bucket_consumer_with_no_taskflow', 'dataset_alias_example_alias_consumer_with_no_taskflow', 'dataset_s3_bucket_producer_with_no_taskflow', 'dataset_alias_example_alias_producer_with_no_taskflow' retrieved from /home/airflow/.local/lib/python3.12/site-packages/airflow/example_dags/example_dataset_alias_with_no_taskflow.py
[2026-09-17T20:09:38.961+0000] {logging_mixin.py:190} INFO - [2026-09-17T20:09:38.960+0000] {override.py:1911} INFO - Created Permission View: can edit on DAG:dataset_s3_bucket_consumer_with_no_taskflow
[2026-09-17T20:09:38.981+0000] {logging_mixin.py:190} INFO - [2026-09-17T20:09:38.980+0000] {override.py:1911} INFO - Created Permission View: can read on DAG:dataset_s3_bucket_consumer_with_no_taskflow
[2026-09-17T20:09:38.996+0000] {logging_mixin.py:190} INFO - [2026-09-17T20:09:38.996+0000] {override.py:1911} INFO - Created Permission View: can delete on DAG:dataset_s3_bucket_consumer_with_no_taskflow
[2026-09-17T20:09:39.011+0000] {logging_mixin.py:190} INFO - [2026-09-17T20:09:39.011+0000] {override.py:1911} INFO - Created Permission View: can create on DAG Run:dataset_s3_bucket_consumer_with_no_taskflow
[2026-09-17T20:09:39.025+0000] {logging_mixin.py:190} INFO - [2026-09-17T20:09:39.025+0000] {override.py:1911} INFO - Created Permission View: menu access on DAG Run:dataset_s3_bucket_consumer_with_no_taskflow
[2026-09-17T20:09:39.040+0000] {logging_mixin.py:190} INFO - [2026-09-17T20:09:39.039+0000] {override.py:1911} INFO - Created Permission View: can read on DAG Run:dataset_s3_bucket_consumer_with_no_taskflow
[2026-09-17T20:09:39.054+0000] {logging_mixin.py:190} INFO - [2026-09-17T20:09:39.054+0000] {override.py:1911} INFO - Created Permission View: can delete on DAG Run:dataset_s3_bucket_consumer_with_no_taskflow
[2026-09-17T20:09:39.083+0000] {logging_mixin.py:190} INFO - [2026-09-17T20:09:39.082+0000] {override.py:1911} INFO - Created Permission View: can edit on DAG:dataset_alias_example_alias_consumer_with_no_taskflow
[2026-09-17T20:09:39.097+0000] {logging_mixin.py:190} INFO - [2026-09-17T20:09:39.096+0000] {override.py:1911} INFO - Created Permission View: can read on DAG:dataset_alias_example_alias_consumer_with_no_taskflow
[2026-09-17T20:09:39.115+0000] {logging_mixin.py:190} INFO - [2026-09-17T20:09:39.114+0000] {override.py:1911} INFO - Created Permission View: can delete on DAG:dataset_alias_example_alias_consumer_with_no_taskflow
[2026-09-17T20:09:39.134+0000] {logging_mixin.py:190} INFO - [2026-09-17T20:09:39.133+0000] {override.py:1911} INFO - Created Permission View: can create on DAG Run:dataset_alias_example_alias_consumer_with_no_taskflow
[2026-09-17T20:09:39.153+0000] {logging_mixin.py:190} INFO - [2026-09-17T20:09:39.153+0000] {override.py:1911} INFO - Created Permission View: menu access on DAG Run:dataset_alias_example_alias_consumer_with_no_taskflow
[2026-09-17T20:09:39.172+0000] {logging_mixin.py:190} INFO - [2026-09-17T20:09:39.171+0000] {override.py:1911} INFO - Created Permission View: can read on DAG Run:dataset_alias_example_alias_consumer_with_no_taskflow
[2026-09-17T20:09:39.191+0000] {logging_mixin.py:190} INFO - [2026-09-17T20:09:39.190+0000] {override.py:1911} INFO - Created Permission View: can delete on DAG Run:dataset_alias_example_alias_consumer_with_no_taskflow
[2026-09-17T20:09:39.225+0000] {logging_mixin.py:190} INFO - [2026-09-17T20:09:39.224+0000] {override.py:1911} INFO - Created Permission View: can edit on DAG:dataset_s3_bucket_producer_with_no_taskflow
[2026-09-17T20:09:39.245+0000] {logging_mixin.py:190} INFO - [2026-09-17T20:09:39.244+0000] {override.py:1911} INFO - Created Permission View: can read on DAG:dataset_s3_bucket_producer_with_no_taskflow
[2026-09-17T20:09:39.263+0000] {logging_mixin.py:190} INFO - [2026-09-17T20:09:39.262+0000] {override.py:1911} INFO - Created Permission View: can delete on DAG:dataset_s3_bucket_producer_with_no_taskflow
[2026-09-17T20:09:39.284+0000] {logging_mixin.py:190} INFO - [2026-09-17T20:09:39.283+0000] {override.py:1911} INFO - Created Permission View: can create on DAG Run:dataset_s3_bucket_producer_with_no_taskflow
[2026-09-17T20:09:39.304+0000] {logging_mixin.py:190} INFO - [2026-09-17T20:09:39.303+0000] {override.py:1911} INFO - Created Permission View: menu access on DAG Run:dataset_s3_bucket_producer_with_no_taskflow
[2026-09-17T20:09:39.322+0000] {logging_mixin.py:190} INFO - [2026-09-17T20:09:39.322+0000] {override.py:1911} INFO - Created Permission View: can read on DAG Run:dataset_s3_bucket_producer_with_no_taskflow
[2026-09-17T20:09:39.357+0000] {logging_mixin.py:190} INFO - [2026-09-17T20:09:39.356+0000] {override.py:1911} INFO - Created Permission View: can delete on DAG Run:dataset_s3_bucket_producer_with_no_taskflow
[2026-09-17T20:09:39.415+0000] {logging_mixin.py:190} INFO - [2026-09-17T20:09:39.414+0000] {override.py:1911} INFO - Created Permission View: can edit on DAG:dataset_alias_example_alias_producer_with_no_taskflow
[2026-09-17T20:09:39.447+0000] {logging_mixin.py:190} INFO - [2026-09-17T20:09:39.446+0000] {override.py:1911} INFO - Created Permission View: can read on DAG:dataset_alias_example_alias_producer_with_no_taskflow
[2026-09-17T20:09:39.477+0000] {logging_mixin.py:190} INFO - [2026-09-17T20:09:39.476+0000] {override.py:1911} INFO - Created Permission View: can delete on DAG:dataset_alias_example_alias_producer_with_no_taskflow
[2026-09-17T20:09:39.504+0000] {logging_mixin.py:190} INFO - [2026-09-17T20:09:39.503+0000] {override.py:1911} INFO - Created Permission View: can create on DAG Run:dataset_alias_example_alias_producer_with_no_taskflow
[2026-09-17T20:09:39.534+0000] {logging_mixin.py:190} INFO - [2026-09-17T20:09:39.533+0000] {override.py:1911} INFO - Created Permission View: menu access on DAG Run:dataset_alias_example_alias_producer_with_no_taskflow
[2026-09-17T20:09:39.561+0000] {logging_mixin.py:190} INFO - [2026-09-17T20:09:39.560+0000] {override.py:1911} INFO - Created Permission View: can read on DAG Run:dataset_alias_example_alias_producer_with_no_taskflow
[2026-09-17T20:09:39.590+0000] {logging_mixin.py:190} INFO - [2026-09-17T20:09:39.589+0000] {override.py:1911} INFO - Created Permission View: can delete on DAG Run:dataset_alias_example_alias_producer_with_no_taskflow
[2026-09-17T20:09:39.594+0000] {logging_mixin.py:190} INFO - [2026-09-17T20:09:39.592+0000] {dag.py:3239} INFO - Sync 4 DAGs
[2026-09-17T20:09:39.634+0000] {logging_mixin.py:190} INFO - [2026-09-17T20:09:39.633+0000] {dag.py:3262} INFO - Creating ORM DAG for dataset_alias_example_alias_producer_with_no_taskflow
[2026-09-17T20:09:39.636+0000] {logging_mixin.py:190} INFO - [2026-09-17T20:09:39.636+0000] {dag.py:3262} INFO - Creating ORM DAG for dataset_s3_bucket_consumer_with_no_taskflow
[2026-09-17T20:09:39.639+0000] {logging_mixin.py:190} INFO - [2026-09-17T20:09:39.638+0000] {dag.py:3262} INFO - Creating ORM DAG for dataset_alias_example_alias_consumer_with_no_taskflow
[2026-09-17T20:09:39.642+0000] {logging_mixin.py:190} INFO - [2026-09-17T20:09:39.642+0000] {dag.py:3262} INFO - Creating ORM DAG for dataset_s3_bucket_producer_with_no_taskflow
[2026-09-17T20:09:39.665+0000] {logging_mixin.py:190} INFO - [2026-09-17T20:09:39.665+0000] {dag.py:4180} INFO - Setting next_dagrun for dataset_alias_example_alias_consumer_with_no_taskflow to None, run_after=None
[2026-09-17T20:09:39.669+0000] {logging_mixin.py:190} INFO - [2026-09-17T20:09:39.668+0000] {dag.py:4180} INFO - Setting next_dagrun for dataset_alias_example_alias_producer_with_no_taskflow to None, run_after=None
[2026-09-17T20:09:39.672+0000] {logging_mixin.py:190} INFO - [2026-09-17T20:09:39.671+0000] {dag.py:4180} INFO - Setting next_dagrun for dataset_s3_bucket_consumer_with_no_taskflow to None, run_after=None
[2026-09-17T20:09:39.675+0000] {logging_mixin.py:190} INFO - [2026-09-17T20:09:39.675+0000] {dag.py:4180} INFO - Setting next_dagrun for dataset_s3_bucket_producer_with_no_taskflow to None, run_after=None
[2026-09-17T20:09:39.745+0000] {processor.py:208} INFO - Processing /home/airflow/.local/lib/python3.12/site-packages/airflow/example_dags/example_dataset_alias_with_no_taskflow.py took 1.839 seconds
[2026-09-17T20:10:10.217+0000] {processor.py:186} INFO - Started process (PID=131) to work on /home/airflow/.local/lib/python3.12/site-packages/airflow/example_dags/example_dataset_alias_with_no_taskflow.py
[2026-09-17T20:10:10.219+0000] {processor.py:914} INFO - Processing file /home/airflow/.local/lib/python3.12/site-packages/airflow/example_dags/example_dataset_alias_with_no_taskflow.py for tasks to queue
[2026-09-17T20:10:10.221+0000] {logging_mixin.py:190} INFO - [2026-09-17T20:10:10.221+0000] {dagbag.py:588} INFO - Filling up the DagBag from /home/airflow/.local/lib/python3.12/site-packages/airflow/example_dags/example_dataset_alias_with_no_taskflow.py
[2026-09-17T20:10:10.704+0000] {processor.py:925} INFO - DAG(s) 'dataset_alias_example_alias_consumer_with_no_taskflow', 'dataset_s3_bucket_consumer_with_no_taskflow', 'dataset_s3_bucket_producer_with_no_taskflow', 'dataset_alias_example_alias_producer_with_no_taskflow' retrieved from /home/airflow/.local/lib/python3.12/site-packages/airflow/example_dags/example_dataset_alias_with_no_taskflow.py
[2026-09-17T20:10:10.736+0000] {logging_mixin.py:190} INFO - [2026-09-17T20:10:10.735+0000] {dag.py:3239} INFO - Sync 4 DAGs
[2026-09-17T20:10:10.972+0000] {logging_mixin.py:190} INFO - [2026-09-17T20:10:10.971+0000] {dag.py:4180} INFO - Setting next_dagrun for dataset_alias_example_alias_consumer_with_no_taskflow to None, run_after=None
[2026-09-17T20:10:10.976+0000] {logging_mixin.py:190} INFO - [2026-09-17T20:10:10.976+0000] {dag.py:4180} INFO - Setting next_dagrun for dataset_alias_example_alias_producer_with_no_taskflow to None, run_after=None
[2026-09-17T20:10:10.980+0000] {logging_mixin.py:190} INFO - [2026-09-17T20:10:10.979+0000] {dag.py:4180} INFO - Setting next_dagrun for dataset_s3_bucket_consumer_with_no_taskflow to None, run_after=None
[2026-09-17T20:10:10.983+0000] {logging_mixin.py:190} INFO - [2026-09-17T20:10:10.982+0000] {dag.py:4180} INFO - Setting next_dagrun for dataset_s3_bucket_producer_with_no_taskflow to None, run_after=None
[2026-09-17T20:10:11.013+0000] {processor.py:208} INFO - Processing /home/airflow/.local/lib/python3.12/site-packages/airflow/example_dags/example_dataset_alias_with_no_taskflow.py took 0.803 seconds
[2026-09-17T20:10:41.222+0000] {processor.py:186} INFO - Started process (PID=196) to work on /home/airflow/.local/lib/python3.12/site-packages/airflow/example_dags/example_dataset_alias_with_no_taskflow.py
[2026-09-17T20:10:41.225+0000] {processor.py:914} INFO - Processing file /home/airflow/.local/lib/python3.12/site-packages/airflow/example_dags/example_dataset_alias_with_no_taskflow.py for tasks to queue
[2026-09-17T20:10:41.230+0000] {logging_mixin.py:190} INFO - [2026-09-17T20:10:41.229+0000] {dagbag.py:588} INFO - Filling up the DagBag from /home/airflow/.local/lib/python3.12/site-packages/airflow/example_dags/example_dataset_alias_with_no_taskflow.py
[2026-09-17T20:10:41.797+0000] {processor.py:925} INFO - DAG(s) 'dataset_alias_example_alias_consumer_with_no_taskflow', 'dataset_s3_bucket_producer_with_no_taskflow', 'dataset_s3_bucket_consumer_with_no_taskflow', 'dataset_alias_example_alias_producer_with_no_taskflow' retrieved from /home/airflow/.local/lib/python3.12/site-packages/airflow/example_dags/example_dataset_alias_with_no_taskflow.py
[2026-09-17T20:10:41.830+0000] {logging_mixin.py:190} INFO - [2026-09-17T20:10:41.829+0000] {dag.py:3239} INFO - Sync 4 DAGs
[2026-09-17T20:10:41.864+0000] {logging_mixin.py:190} INFO - [2026-09-17T20:10:41.863+0000] {dag.py:4180} INFO - Setting next_dagrun for dataset_alias_example_alias_consumer_with_no_taskflow to None, run_after=None
[2026-09-17T20:10:41.868+0000] {logging_mixin.py:190} INFO - [2026-09-17T20:10:41.868+0000] {dag.py:4180} INFO - Setting next_dagrun for dataset_alias_example_alias_producer_with_no_taskflow to None, run_after=None
[2026-09-17T20:10:41.871+0000] {logging_mixin.py:190} INFO - [2026-09-17T20:10:41.871+0000] {dag.py:4180} INFO - Setting next_dagrun for dataset_s3_bucket_consumer_with_no_taskflow to None, run_after=None
[2026-09-17T20:10:41.875+0000] {logging_mixin.py:190} INFO - [2026-09-17T20:10:41.874+0000] {dag.py:4180} INFO - Setting next_dagrun for dataset_s3_bucket_producer_with_no_taskflow to None, run_after=None
[2026-09-17T20:10:41.915+0000] {processor.py:208} INFO - Processing /home/airflow/.local/lib/python3.12/site-packages/airflow/example_dags/example_dataset_alias_with_no_taskflow.py took 0.710 seconds
[2026-09-17T20:11:12.084+0000] {processor.py:186} INFO - Started process (PID=254) to work on /home/airflow/.local/lib/python3.12/site-packages/airflow/example_dags/example_dataset_alias_with_no_taskflow.py
[2026-09-17T20:11:12.087+0000] {processor.py:914} INFO - Processing file /home/airflow/.local/lib/python3.12/site-packages/airflow/example_dags/example_dataset_alias_with_no_taskflow.py for tasks to queue
[2026-09-17T20:11:12.090+0000] {logging_mixin.py:190} INFO - [2026-09-17T20:11:12.090+0000] {dagbag.py:588} INFO - Filling up the DagBag from /home/airflow/.local/lib/python3.12/site-packages/airflow/example_dags/example_dataset_alias_with_no_taskflow.py
[2026-09-17T20:11:12.863+0000] {processor.py:925} INFO - DAG(s) 'dataset_alias_example_alias_producer_with_no_taskflow', 'dataset_s3_bucket_producer_with_no_taskflow', 'dataset_alias_example_alias_consumer_with_no_taskflow', 'dataset_s3_bucket_consumer_with_no_taskflow' retrieved from /home/airflow/.local/lib/python3.12/site-packages/airflow/example_dags/example_dataset_alias_with_no_taskflow.py
[2026-09-17T20:11:12.918+0000] {logging_mixin.py:190} INFO - [2026-09-17T20:11:12.917+0000] {dag.py:3239} INFO - Sync 4 DAGs
[2026-09-17T20:11:12.969+0000] {logging_mixin.py:190} INFO - [2026-09-17T20:11:12.968+0000] {dag.py:4180} INFO - Setting next_dagrun for dataset_alias_example_alias_consumer_with_no_taskflow to None, run_after=None
[2026-09-17T20:11:12.973+0000] {logging_mixin.py:190} INFO - [2026-09-17T20:11:12.973+0000] {dag.py:4180} INFO - Setting next_dagrun for dataset_alias_example_alias_producer_with_no_taskflow to None, run_after=None
[2026-09-17T20:11:12.976+0000] {logging_mixin.py:190} INFO - [2026-09-17T20:11:12.976+0000] {dag.py:4180} INFO - Setting next_dagrun for dataset_s3_bucket_consumer_with_no_taskflow to None, run_after=None
[2026-09-17T20:11:12.980+0000] {logging_mixin.py:190} INFO - [2026-09-17T20:11:12.979+0000] {dag.py:4180} INFO - Setting next_dagrun for dataset_s3_bucket_producer_with_no_taskflow to None, run_after=None
[2026-09-17T20:11:13.017+0000] {processor.py:208} INFO - Processing /home/airflow/.local/lib/python3.12/site-packages/airflow/example_dags/example_dataset_alias_with_no_taskflow.py took 0.941 seconds
[2026-09-17T20:11:43.827+0000] {processor.py:186} INFO - Started process (PID=319) to work on /home/airflow/.local/lib/python3.12/site-packages/airflow/example_dags/example_dataset_alias_with_no_taskflow.py
[2026-09-17T20:11:43.829+0000] {processor.py:914} INFO - Processing file /home/airflow/.local/lib/python3.12/site-packages/airflow/example_dags/example_dataset_alias_with_no_taskflow.py for tasks to queue
[2026-09-17T20:11:43.832+0000] {logging_mixin.py:190} INFO - [2026-09-17T20:11:43.832+0000] {dagbag.py:588} INFO - Filling up the DagBag from /home/airflow/.local/lib/python3.12/site-packages/airflow/example_dags/example_dataset_alias_with_no_taskflow.py
[2026-09-17T20:11:44.299+0000] {processor.py:925} INFO - DAG(s) 'dataset_s3_bucket_producer_with_no_taskflow', 'dataset_alias_example_alias_consumer_with_no_taskflow', 'dataset_alias_example_alias_producer_with_no_taskflow', 'dataset_s3_bucket_consumer_with_no_taskflow' retrieved from /home/airflow/.local/lib/python3.12/site-packages/airflow/example_dags/example_dataset_alias_with_no_taskflow.py
[2026-09-17T20:11:44.528+0000] {logging_mixin.py:190} INFO - [2026-09-17T20:11:44.527+0000] {dag.py:3239} INFO - Sync 4 DAGs
[2026-09-17T20:11:44.560+0000] {logging_mixin.py:190} INFO - [2026-09-17T20:11:44.560+0000] {dag.py:4180} INFO - Setting next_dagrun for dataset_alias_example_alias_consumer_with_no_taskflow to None, run_after=None
[2026-09-17T20:11:44.568+0000] {logging_mixin.py:190} INFO - [2026-09-17T20:11:44.568+0000] {dag.py:4180} INFO - Setting next_dagrun for dataset_alias_example_alias_producer_with_no_taskflow to None, run_after=None
[2026-09-17T20:11:44.572+0000] {logging_mixin.py:190} INFO - [2026-09-17T20:11:44.572+0000] {dag.py:4180} INFO - Setting next_dagrun for dataset_s3_bucket_consumer_with_no_taskflow to None, run_after=None
[2026-09-17T20:11:44.576+0000] {logging_mixin.py:190} INFO - [2026-09-17T20:11:44.576+0000] {dag.py:4180} INFO - Setting next_dagrun for dataset_s3_bucket_producer_with_no_taskflow to None, run_after=None
[2026-09-17T20:11:44.614+0000] {processor.py:208} INFO - Processing /home/airflow/.local/lib/python3.12/site-packages/airflow/example_dags/example_dataset_alias_with_no_taskflow.py took 0.793 seconds
[2026-09-17T20:12:14.771+0000] {processor.py:186} INFO - Started process (PID=384) to work on /home/airflow/.local/lib/python3.12/site-packages/airflow/example_dags/example_dataset_alias_with_no_taskflow.py
[2026-09-17T20:12:14.772+0000] {processor.py:914} INFO - Processing file /home/airflow/.local/lib/python3.12/site-packages/airflow/example_dags/example_dataset_alias_with_no_taskflow.py for tasks to queue
[2026-09-17T20:12:14.775+0000] {logging_mixin.py:190} INFO - [2026-09-17T20:12:14.774+0000] {dagbag.py:588} INFO - Filling up the DagBag from /home/airflow/.local/lib/python3.12/site-packages/airflow/example_dags/example_dataset_alias_with_no_taskflow.py
[2026-09-17T20:12:15.302+0000] {processor.py:925} INFO - DAG(s) 'dataset_s3_bucket_producer_with_no_taskflow', 'dataset_s3_bucket_consumer_with_no_taskflow', 'dataset_alias_example_alias_producer_with_no_taskflow', 'dataset_alias_example_alias_consumer_with_no_taskflow' retrieved from /home/airflow/.local/lib/python3.12/site-packages/airflow/example_dags/example_dataset_alias_with_no_taskflow.py
[2026-09-17T20:12:15.335+0000] {logging_mixin.py:190} INFO - [2026-09-17T20:12:15.335+0000] {dag.py:3239} INFO - Sync 4 DAGs
[2026-09-17T20:12:15.577+0000] {logging_mixin.py:190} INFO - [2026-09-17T20:12:15.576+0000] {dag.py:4180} INFO - Setting next_dagrun for dataset_alias_example_alias_consumer_with_no_taskflow to None, run_after=None
[2026-09-17T20:12:15.582+0000] {logging_mixin.py:190} INFO - [2026-09-17T20:12:15.582+0000] {dag.py:4180} INFO - Setting next_dagrun for dataset_alias_example_alias_producer_with_no_taskflow to None, run_after=None
[2026-09-17T20:12:15.585+0000] {logging_mixin.py:190} INFO - [2026-09-17T20:12:15.585+0000] {dag.py:4180} INFO - Setting next_dagrun for dataset_s3_bucket_consumer_with_no_taskflow to None, run_after=None
[2026-09-17T20:12:15.589+0000] {logging_mixin.py:190} INFO - [2026-09-17T20:12:15.588+0000] {dag.py:4180} INFO - Setting next_dagrun for dataset_s3_bucket_producer_with_no_taskflow to None, run_after=None
[2026-09-17T20:12:15.627+0000] {processor.py:208} INFO - Processing /home/airflow/.local/lib/python3.12/site-packages/airflow/example_dags/example_dataset_alias_with_no_taskflow.py took 0.863 seconds
[2026-09-17T20:12:45.722+0000] {processor.py:186} INFO - Started process (PID=451) to work on /home/airflow/.local/lib/python3.12/site-packages/airflow/example_dags/example_dataset_alias_with_no_taskflow.py
[2026-09-17T20:12:45.723+0000] {processor.py:914} INFO - Processing file /home/airflow/.local/lib/python3.12/site-packages/airflow/example_dags/example_dataset_alias_with_no_taskflow.py for tasks to queue
[2026-09-17T20:12:45.725+0000] {logging_mixin.py:190} INFO - [2026-09-17T20:12:45.725+0000] {dagbag.py:588} INFO - Filling up the DagBag from /home/airflow/.local/lib/python3.12/site-packages/airflow/example_dags/example_dataset_alias_with_no_taskflow.py
[2026-09-17T20:12:46.184+0000] {processor.py:925} INFO - DAG(s) 'dataset_alias_example_alias_consumer_with_no_taskflow', 'dataset_s3_bucket_consumer_with_no_taskflow', 'dataset_alias_example_alias_producer_with_no_taskflow', 'dataset_s3_bucket_producer_with_no_taskflow' retrieved from /home/airflow/.local/lib/python3.12/site-packages/airflow/example_dags/example_dataset_alias_with_no_taskflow.py
[2026-09-17T20:12:46.210+0000] {logging_mixin.py:190} INFO - [2026-09-17T20:12:46.209+0000] {dag.py:3239} INFO - Sync 4 DAGs
[2026-09-17T20:12:46.462+0000] {logging_mixin.py:190} INFO - [2026-09-17T20:12:46.462+0000] {dag.py:4180} INFO - Setting next_dagrun for dataset_alias_example_alias_consumer_with_no_taskflow to None, run_after=None
[2026-09-17T20:12:46.471+0000] {logging_mixin.py:190} INFO - [2026-09-17T20:12:46.471+0000] {dag.py:4180} INFO - Setting next_dagrun for dataset_alias_example_alias_producer_with_no_taskflow to None, run_after=None
[2026-09-17T20:12:46.474+0000] {logging_mixin.py:190} INFO - [2026-09-17T20:12:46.474+0000] {dag.py:4180} INFO - Setting next_dagrun for dataset_s3_bucket_consumer_with_no_taskflow to None, run_after=None
[2026-09-17T20:12:46.477+0000] {logging_mixin.py:190} INFO - [2026-09-17T20:12:46.477+0000] {dag.py:4180} INFO - Setting next_dagrun for dataset_s3_bucket_producer_with_no_taskflow to None, run_after=None
[2026-09-17T20:12:46.505+0000] {processor.py:208} INFO - Processing /home/airflow/.local/lib/python3.12/site-packages/airflow/example_dags/example_dataset_alias_with_no_taskflow.py took 0.790 seconds
[2026-09-17T20:13:16.997+0000] {processor.py:186} INFO - Started process (PID=516) to work on /home/airflow/.local/lib/python3.12/site-packages/airflow/example_dags/example_dataset_alias_with_no_taskflow.py
[2026-09-17T20:13:16.999+0000] {processor.py:914} INFO - Processing file /home/airflow/.local/lib/python3.12/site-packages/airflow/example_dags/example_dataset_alias_with_no_taskflow.py for tasks to queue
[2026-09-17T20:13:17.001+0000] {logging_mixin.py:190} INFO - [2026-09-17T20:13:17.000+0000] {dagbag.py:588} INFO - Filling up the DagBag from /home/airflow/.local/lib/python3.12/site-packages/airflow/example_dags/example_dataset_alias_with_no_taskflow.py
[2026-09-17T20:13:17.649+0000] {processor.py:925} INFO - DAG(s) 'dataset_alias_example_alias_producer_with_no_taskflow', 'dataset_s3_bucket_consumer_with_no_taskflow', 'dataset_s3_bucket_producer_with_no_taskflow', 'dataset_alias_example_alias_consumer_with_no_taskflow' retrieved from /home/airflow/.local/lib/python3.12/site-packages/airflow/example_dags/example_dataset_alias_with_no_taskflow.py
[2026-09-17T20:13:17.674+0000] {logging_mixin.py:190} INFO - [2026-09-17T20:13:17.673+0000] {dag.py:3239} INFO - Sync 4 DAGs
[2026-09-17T20:13:17.701+0000] {logging_mixin.py:190} INFO - [2026-09-17T20:13:17.701+0000] {dag.py:4180} INFO - Setting next_dagrun for dataset_alias_example_alias_consumer_with_no_taskflow to None, run_after=None
[2026-09-17T20:13:17.705+0000] {logging_mixin.py:190} INFO - [2026-09-17T20:13:17.705+0000] {dag.py:4180} INFO - Setting next_dagrun for dataset_alias_example_alias_producer_with_no_taskflow to None, run_after=None
[2026-09-17T20:13:17.708+0000] {logging_mixin.py:190} INFO - [2026-09-17T20:13:17.708+0000] {dag.py:4180} INFO - Setting next_dagrun for dataset_s3_bucket_consumer_with_no_taskflow to None, run_after=None
[2026-09-17T20:13:17.710+0000] {logging_mixin.py:190} INFO - [2026-09-17T20:13:17.710+0000] {dag.py:4180} INFO - Setting next_dagrun for dataset_s3_bucket_producer_with_no_taskflow to None, run_after=None
[2026-09-17T20:13:17.740+0000] {processor.py:208} INFO - Processing /home/airflow/.local/lib/python3.12/site-packages/airflow/example_dags/example_dataset_alias_with_no_taskflow.py took 0.749 seconds
[2026-09-17T20:13:48.574+0000] {processor.py:186} INFO - Started process (PID=581) to work on /home/airflow/.local/lib/python3.12/site-packages/airflow/example_dags/example_dataset_alias_with_no_taskflow.py
[2026-09-17T20:13:48.576+0000] {processor.py:914} INFO - Processing file /home/airflow/.local/lib/python3.12/site-packages/airflow/example_dags/example_dataset_alias_with_no_taskflow.py for tasks to queue
[2026-09-17T20:13:48.578+0000] {logging_mixin.py:190} INFO - [2026-09-17T20:13:48.578+0000] {dagbag.py:588} INFO - Filling up the DagBag from /home/airflow/.local/lib/python3.12/site-packages/airflow/example_dags/example_dataset_alias_with_no_taskflow.py
[2026-09-17T20:13:49.246+0000] {processor.py:925} INFO - DAG(s) 'dataset_alias_example_alias_consumer_with_no_taskflow', 'dataset_s3_bucket_consumer_with_no_taskflow', 'dataset_s3_bucket_producer_with_no_taskflow', 'dataset_alias_example_alias_producer_with_no_taskflow' retrieved from /home/airflow/.local/lib/python3.12/site-packages/airflow/example_dags/example_dataset_alias_with_no_taskflow.py
[2026-09-17T20:13:49.277+0000] {logging_mixin.py:190} INFO - [2026-09-17T20:13:49.277+0000] {dag.py:3239} INFO - Sync 4 DAGs
[2026-09-17T20:13:49.306+0000] {logging_mixin.py:190} INFO - [2026-09-17T20:13:49.306+0000] {dag.py:4180} INFO - Setting next_dagrun for dataset_alias_example_alias_consumer_with_no_taskflow to None, run_after=None
[2026-09-17T20:13:49.311+0000] {logging_mixin.py:190} INFO - [2026-09-17T20:13:49.310+0000] {dag.py:4180} INFO - Setting next_dagrun for dataset_alias_example_alias_producer_with_no_taskflow to None, run_after=None
[2026-09-17T20:13:49.314+0000] {logging_mixin.py:190} INFO - [2026-09-17T20:13:49.313+0000] {dag.py:4180} INFO - Setting next_dagrun for dataset_s3_bucket_consumer_with_no_taskflow to None, run_after=None
[2026-09-17T20:13:49.317+0000] {logging_mixin.py:190} INFO - [2026-09-17T20:13:49.316+0000] {dag.py:4180} INFO - Setting next_dagrun for dataset_s3_bucket_producer_with_no_taskflow to None, run_after=None
[2026-09-17T20:13:49.348+0000] {processor.py:208} INFO - Processing /home/airflow/.local/lib/python3.12/site-packages/airflow/example_dags/example_dataset_alias_with_no_taskflow.py took 0.796 seconds
[2026-09-17T20:14:19.910+0000] {processor.py:186} INFO - Started process (PID=646) to work on /home/airflow/.local/lib/python3.12/site-packages/airflow/example_dags/example_dataset_alias_with_no_taskflow.py
[2026-09-17T20:14:19.911+0000] {processor.py:914} INFO - Processing file /home/airflow/.local/lib/python3.12/site-packages/airflow/example_dags/example_dataset_alias_with_no_taskflow.py for tasks to queue
[2026-09-17T20:14:19.913+0000] {logging_mixin.py:190} INFO - [2026-09-17T20:14:19.913+0000] {dagbag.py:588} INFO - Filling up the DagBag from /home/airflow/.local/lib/python3.12/site-packages/airflow/example_dags/example_dataset_alias_with_no_taskflow.py
[2026-09-17T20:14:20.587+0000] {processor.py:925} INFO - DAG(s) 'dataset_s3_bucket_producer_with_no_taskflow', 'dataset_alias_example_alias_producer_with_no_taskflow', 'dataset_s3_bucket_consumer_with_no_taskflow', 'dataset_alias_example_alias_consumer_with_no_taskflow' retrieved from /home/airflow/.local/lib/python3.12/site-packages/airflow/example_dags/example_dataset_alias_with_no_taskflow.py
[2026-09-17T20:14:20.616+0000] {logging_mixin.py:190} INFO - [2026-09-17T20:14:20.615+0000] {dag.py:3239} INFO - Sync 4 DAGs
[2026-09-17T20:14:20.639+0000] {logging_mixin.py:190} INFO - [2026-09-17T20:14:20.639+0000] {dag.py:4180} INFO - Setting next_dagrun for dataset_alias_example_alias_consumer_with_no_taskflow to None, run_after=None
[2026-09-17T20:14:20.643+0000] {logging_mixin.py:190} INFO - [2026-09-17T20:14:20.643+0000] {dag.py:4180} INFO - Setting next_dagrun for dataset_alias_example_alias_producer_with_no_taskflow to None, run_after=None
[2026-09-17T20:14:20.646+0000] {logging_mixin.py:190} INFO - [2026-09-17T20:14:20.646+0000] {dag.py:4180} INFO - Setting next_dagrun for dataset_s3_bucket_consumer_with_no_taskflow to None, run_after=None
[2026-09-17T20:14:20.648+0000] {logging_mixin.py:190} INFO - [2026-09-17T20:14:20.648+0000] {dag.py:4180} INFO - Setting next_dagrun for dataset_s3_bucket_producer_with_no_taskflow to None, run_after=None
[2026-09-17T20:14:20.675+0000] {processor.py:208} INFO - Processing /home/airflow/.local/lib/python3.12/site-packages/airflow/example_dags/example_dataset_alias_with_no_taskflow.py took 0.772 seconds
[2026-09-17T20:14:51.349+0000] {processor.py:186} INFO - Started process (PID=711) to work on /home/airflow/.local/lib/python3.12/site-packages/airflow/example_dags/example_dataset_alias_with_no_taskflow.py
[2026-09-17T20:14:51.352+0000] {processor.py:914} INFO - Processing file /home/airflow/.local/lib/python3.12/site-packages/airflow/example_dags/example_dataset_alias_with_no_taskflow.py for tasks to queue
[2026-09-17T20:14:51.354+0000] {logging_mixin.py:190} INFO - [2026-09-17T20:14:51.354+0000] {dagbag.py:588} INFO - Filling up the DagBag from /home/airflow/.local/lib/python3.12/site-packages/airflow/example_dags/example_dataset_alias_with_no_taskflow.py
[2026-09-17T20:14:51.832+0000] {processor.py:925} INFO - DAG(s) 'dataset_s3_bucket_producer_with_no_taskflow', 'dataset_alias_example_alias_producer_with_no_taskflow', 'dataset_alias_example_alias_consumer_with_no_taskflow', 'dataset_s3_bucket_consumer_with_no_taskflow' retrieved from /home/airflow/.local/lib/python3.12/site-packages/airflow/example_dags/example_dataset_alias_with_no_taskflow.py
[2026-09-17T20:14:52.069+0000] {logging_mixin.py:190} INFO - [2026-09-17T20:14:52.068+0000] {dag.py:3239} INFO - Sync 4 DAGs
[2026-09-17T20:14:52.093+0000] {logging_mixin.py:190} INFO - [2026-09-17T20:14:52.093+0000] {dag.py:4180} INFO - Setting next_dagrun for dataset_alias_example_alias_consumer_with_no_taskflow to None, run_after=None
[2026-09-17T20:14:52.097+0000] {logging_mixin.py:190} INFO - [2026-09-17T20:14:52.097+0000] {dag.py:4180} INFO - Setting next_dagrun for dataset_alias_example_alias_producer_with_no_taskflow to None, run_after=None
[2026-09-17T20:14:52.100+0000] {logging_mixin.py:190} INFO - [2026-09-17T20:14:52.100+0000] {dag.py:4180} INFO - Setting next_dagrun for dataset_s3_bucket_consumer_with_no_taskflow to None, run_after=None
[2026-09-17T20:14:52.103+0000] {logging_mixin.py:190} INFO - [2026-09-17T20:14:52.103+0000] {dag.py:4180} INFO - Setting next_dagrun for dataset_s3_bucket_producer_with_no_taskflow to None, run_after=None
[2026-09-17T20:14:52.130+0000] {processor.py:208} INFO - Processing /home/airflow/.local/lib/python3.12/site-packages/airflow/example_dags/example_dataset_alias_with_no_taskflow.py took 0.788 seconds
[2026-09-17T20:15:22.687+0000] {processor.py:186} INFO - Started process (PID=776) to work on /home/airflow/.local/lib/python3.12/site-packages/airflow/example_dags/example_dataset_alias_with_no_taskflow.py
[2026-09-17T20:15:22.689+0000] {processor.py:914} INFO - Processing file /home/airflow/.local/lib/python3.12/site-packages/airflow/example_dags/example_dataset_alias_with_no_taskflow.py for tasks to queue
[2026-09-17T20:15:22.692+0000] {logging_mixin.py:190} INFO - [2026-09-17T20:15:22.691+0000] {dagbag.py:588} INFO - Filling up the DagBag from /home/airflow/.local/lib/python3.12/site-packages/airflow/example_dags/example_dataset_alias_with_no_taskflow.py
[2026-09-17T20:15:23.397+0000] {processor.py:925} INFO - DAG(s) 'dataset_s3_bucket_producer_with_no_taskflow', 'dataset_alias_example_alias_producer_with_no_taskflow', 'dataset_s3_bucket_consumer_with_no_taskflow', 'dataset_alias_example_alias_consumer_with_no_taskflow' retrieved from /home/airflow/.local/lib/python3.12/site-packages/airflow/example_dags/example_dataset_alias_with_no_taskflow.py
[2026-09-17T20:15:23.428+0000] {logging_mixin.py:190} INFO - [2026-09-17T20:15:23.427+0000] {dag.py:3239} INFO - Sync 4 DAGs
[2026-09-17T20:15:23.458+0000] {logging_mixin.py:190} INFO - [2026-09-17T20:15:23.458+0000] {dag.py:4180} INFO - Setting next_dagrun for dataset_alias_example_alias_consumer_with_no_taskflow to None, run_after=None
[2026-09-17T20:15:23.462+0000] {logging_mixin.py:190} INFO - [2026-09-17T20:15:23.462+0000] {dag.py:4180} INFO - Setting next_dagrun for dataset_alias_example_alias_producer_with_no_taskflow to None, run_after=None
[2026-09-17T20:15:23.465+0000] {logging_mixin.py:190} INFO - [2026-09-17T20:15:23.464+0000] {dag.py:4180} INFO - Setting next_dagrun for dataset_s3_bucket_consumer_with_no_taskflow to None, run_after=None
[2026-09-17T20:15:23.467+0000] {logging_mixin.py:190} INFO - [2026-09-17T20:15:23.467+0000] {dag.py:4180} INFO - Setting next_dagrun for dataset_s3_bucket_producer_with_no_taskflow to None, run_after=None
[2026-09-17T20:15:23.494+0000] {processor.py:208} INFO - Processing /home/airflow/.local/lib/python3.12/site-packages/airflow/example_dags/example_dataset_alias_with_no_taskflow.py took 0.813 seconds
[2026-09-17T20:15:53.947+0000] {processor.py:186} INFO - Started process (PID=841) to work on /home/airflow/.local/lib/python3.12/site-packages/airflow/example_dags/example_dataset_alias_with_no_taskflow.py
[2026-09-17T20:15:53.949+0000] {processor.py:914} INFO - Processing file /home/airflow/.local/lib/python3.12/site-packages/airflow/example_dags/example_dataset_alias_with_no_taskflow.py for tasks to queue
[2026-09-17T20:15:53.952+0000] {logging_mixin.py:190} INFO - [2026-09-17T20:15:53.951+0000] {dagbag.py:588} INFO - Filling up the DagBag from /home/airflow/.local/lib/python3.12/site-packages/airflow/example_dags/example_dataset_alias_with_no_taskflow.py
[2026-09-17T20:15:54.641+0000] {processor.py:925} INFO - DAG(s) 'dataset_s3_bucket_consumer_with_no_taskflow', 'dataset_s3_bucket_producer_with_no_taskflow', 'dataset_alias_example_alias_producer_with_no_taskflow', 'dataset_alias_example_alias_consumer_with_no_taskflow' retrieved from /home/airflow/.local/lib/python3.12/site-packages/airflow/example_dags/example_dataset_alias_with_no_taskflow.py
[2026-09-17T20:15:54.685+0000] {logging_mixin.py:190} INFO - [2026-09-17T20:15:54.683+0000] {dag.py:3239} INFO - Sync 4 DAGs
[2026-09-17T20:15:54.749+0000] {logging_mixin.py:190} INFO - [2026-09-17T20:15:54.749+0000] {dag.py:4180} INFO - Setting next_dagrun for dataset_alias_example_alias_consumer_with_no_taskflow to None, run_after=None
[2026-09-17T20:15:54.761+0000] {logging_mixin.py:190} INFO - [2026-09-17T20:15:54.761+0000] {dag.py:4180} INFO - Setting next_dagrun for dataset_alias_example_alias_producer_with_no_taskflow to None, run_after=None
[2026-09-17T20:15:54.768+0000] {logging_mixin.py:190} INFO - [2026-09-17T20:15:54.768+0000] {dag.py:4180} INFO - Setting next_dagrun for dataset_s3_bucket_consumer_with_no_taskflow to None, run_after=None
[2026-09-17T20:15:54.775+0000] {logging_mixin.py:190} INFO - [2026-09-17T20:15:54.775+0000] {dag.py:4180} INFO - Setting next_dagrun for dataset_s3_bucket_producer_with_no_taskflow to None, run_after=None
[2026-09-17T20:15:54.827+0000] {processor.py:208} INFO - Processing /home/airflow/.local/lib/python3.12/site-packages/airflow/example_dags/example_dataset_alias_with_no_taskflow.py took 0.887 seconds
[2026-09-17T20:16:25.491+0000] {processor.py:186} INFO - Started process (PID=906) to work on /home/airflow/.local/lib/python3.12/site-packages/airflow/example_dags/example_dataset_alias_with_no_taskflow.py
[2026-09-17T20:16:25.493+0000] {processor.py:914} INFO - Processing file /home/airflow/.local/lib/python3.12/site-packages/airflow/example_dags/example_dataset_alias_with_no_taskflow.py for tasks to queue
[2026-09-17T20:16:25.495+0000] {logging_mixin.py:190} INFO - [2026-09-17T20:16:25.495+0000] {dagbag.py:588} INFO - Filling up the DagBag from /home/airflow/.local/lib/python3.12/site-packages/airflow/example_dags/example_dataset_alias_with_no_taskflow.py
[2026-09-17T20:16:26.122+0000] {processor.py:925} INFO - DAG(s) 'dataset_s3_bucket_producer_with_no_taskflow', 'dataset_s3_bucket_consumer_with_no_taskflow', 'dataset_alias_example_alias_consumer_with_no_taskflow', 'dataset_alias_example_alias_producer_with_no_taskflow' retrieved from /home/airflow/.local/lib/python3.12/site-packages/airflow/example_dags/example_dataset_alias_with_no_taskflow.py
[2026-09-17T20:16:26.148+0000] {logging_mixin.py:190} INFO - [2026-09-17T20:16:26.147+0000] {dag.py:3239} INFO - Sync 4 DAGs
[2026-09-17T20:16:26.172+0000] {logging_mixin.py:190} INFO - [2026-09-17T20:16:26.172+0000] {dag.py:4180} INFO - Setting next_dagrun for dataset_alias_example_alias_consumer_with_no_taskflow to None, run_after=None
[2026-09-17T20:16:26.176+0000] {logging_mixin.py:190} INFO - [2026-09-17T20:16:26.176+0000] {dag.py:4180} INFO - Setting next_dagrun for dataset_alias_example_alias_producer_with_no_taskflow to None, run_after=None
[2026-09-17T20:16:26.179+0000] {logging_mixin.py:190} INFO - [2026-09-17T20:16:26.179+0000] {dag.py:4180} INFO - Setting next_dagrun for dataset_s3_bucket_consumer_with_no_taskflow to None, run_after=None
[2026-09-17T20:16:26.182+0000] {logging_mixin.py:190} INFO - [2026-09-17T20:16:26.182+0000] {dag.py:4180} INFO - Setting next_dagrun for dataset_s3_bucket_producer_with_no_taskflow to None, run_after=None
[2026-09-17T20:16:26.216+0000] {processor.py:208} INFO - Processing /home/airflow/.local/lib/python3.12/site-packages/airflow/example_dags/example_dataset_alias_with_no_taskflow.py took 0.731 seconds
[2026-09-17T20:16:56.929+0000] {processor.py:186} INFO - Started process (PID=971) to work on /home/airflow/.local/lib/python3.12/site-packages/airflow/example_dags/example_dataset_alias_with_no_taskflow.py
[2026-09-17T20:16:56.931+0000] {processor.py:914} INFO - Processing file /home/airflow/.local/lib/python3.12/site-packages/airflow/example_dags/example_dataset_alias_with_no_taskflow.py for tasks to queue
[2026-09-17T20:16:56.934+0000] {logging_mixin.py:190} INFO - [2026-09-17T20:16:56.934+0000] {dagbag.py:588} INFO - Filling up the DagBag from /home/airflow/.local/lib/python3.12/site-packages/airflow/example_dags/example_dataset_alias_with_no_taskflow.py
[2026-09-17T20:16:58.003+0000] {processor.py:925} INFO - DAG(s) 'dataset_alias_example_alias_producer_with_no_taskflow', 'dataset_alias_example_alias_consumer_with_no_taskflow', 'dataset_s3_bucket_producer_with_no_taskflow', 'dataset_s3_bucket_consumer_with_no_taskflow' retrieved from /home/airflow/.local/lib/python3.12/site-packages/airflow/example_dags/example_dataset_alias_with_no_taskflow.py
[2026-09-17T20:16:58.037+0000] {logging_mixin.py:190} INFO - [2026-09-17T20:16:58.036+0000] {dag.py:3239} INFO - Sync 4 DAGs
[2026-09-17T20:16:58.064+0000] {logging_mixin.py:190} INFO - [2026-09-17T20:16:58.064+0000] {dag.py:4180} INFO - Setting next_dagrun for dataset_alias_example_alias_consumer_with_no_taskflow to None, run_after=None
[2026-09-17T20:16:58.070+0000] {logging_mixin.py:190} INFO - [2026-09-17T20:16:58.069+0000] {dag.py:4180} INFO - Setting next_dagrun for dataset_alias_example_alias_producer_with_no_taskflow to None, run_after=None
[2026-09-17T20:16:58.073+0000] {logging_mixin.py:190} INFO - [2026-09-17T20:16:58.072+0000] {dag.py:4180} INFO - Setting next_dagrun for dataset_s3_bucket_consumer_with_no_taskflow to None, run_after=None
[2026-09-17T20:16:58.076+0000] {logging_mixin.py:190} INFO - [2026-09-17T20:16:58.076+0000] {dag.py:4180} INFO - Setting next_dagrun for dataset_s3_bucket_producer_with_no_taskflow to None, run_after=None
[2026-09-17T20:16:58.116+0000] {processor.py:208} INFO - Processing /home/airflow/.local/lib/python3.12/site-packages/airflow/example_dags/example_dataset_alias_with_no_taskflow.py took 1.196 seconds
[2026-09-17T20:17:28.825+0000] {processor.py:186} INFO - Started process (PID=1036) to work on /home/airflow/.local/lib/python3.12/site-packages/airflow/example_dags/example_dataset_alias_with_no_taskflow.py
[2026-09-17T20:17:28.827+0000] {processor.py:914} INFO - Processing file /home/airflow/.local/lib/python3.12/site-packages/airflow/example_dags/example_dataset_alias_with_no_taskflow.py for tasks to queue
[2026-09-17T20:17:28.829+0000] {logging_mixin.py:190} INFO - [2026-09-17T20:17:28.828+0000] {dagbag.py:588} INFO - Filling up the DagBag from /home/airflow/.local/lib/python3.12/site-packages/airflow/example_dags/example_dataset_alias_with_no_taskflow.py
[2026-09-17T20:17:29.466+0000] {processor.py:925} INFO - DAG(s) 'dataset_alias_example_alias_consumer_with_no_taskflow', 'dataset_s3_bucket_consumer_with_no_taskflow', 'dataset_alias_example_alias_producer_with_no_taskflow', 'dataset_s3_bucket_producer_with_no_taskflow' retrieved from /home/airflow/.local/lib/python3.12/site-packages/airflow/example_dags/example_dataset_alias_with_no_taskflow.py
[2026-09-17T20:17:29.492+0000] {logging_mixin.py:190} INFO - [2026-09-17T20:17:29.492+0000] {dag.py:3239} INFO - Sync 4 DAGs
[2026-09-17T20:17:29.517+0000] {logging_mixin.py:190} INFO - [2026-09-17T20:17:29.517+0000] {dag.py:4180} INFO - Setting next_dagrun for dataset_alias_example_alias_consumer_with_no_taskflow to None, run_after=None
[2026-09-17T20:17:29.521+0000] {logging_mixin.py:190} INFO - [2026-09-17T20:17:29.521+0000] {dag.py:4180} INFO - Setting next_dagrun for dataset_alias_example_alias_producer_with_no_taskflow to None, run_after=None
[2026-09-17T20:17:29.524+0000] {logging_mixin.py:190} INFO - [2026-09-17T20:17:29.524+0000] {dag.py:4180} INFO - Setting next_dagrun for dataset_s3_bucket_consumer_with_no_taskflow to None, run_after=None
[2026-09-17T20:17:29.527+0000] {logging_mixin.py:190} INFO - [2026-09-17T20:17:29.527+0000] {dag.py:4180} INFO - Setting next_dagrun for dataset_s3_bucket_producer_with_no_taskflow to None, run_after=None
[2026-09-17T20:17:29.554+0000] {processor.py:208} INFO - Processing /home/airflow/.local/lib/python3.12/site-packages/airflow/example_dags/example_dataset_alias_with_no_taskflow.py took 0.736 seconds
[2026-09-17T20:17:59.722+0000] {processor.py:186} INFO - Started process (PID=1101) to work on /home/airflow/.local/lib/python3.12/site-packages/airflow/example_dags/example_dataset_alias_with_no_taskflow.py
[2026-09-17T20:17:59.724+0000] {processor.py:914} INFO - Processing file /home/airflow/.local/lib/python3.12/site-packages/airflow/example_dags/example_dataset_alias_with_no_taskflow.py for tasks to queue
[2026-09-17T20:17:59.726+0000] {logging_mixin.py:190} INFO - [2026-09-17T20:17:59.726+0000] {dagbag.py:588} INFO - Filling up the DagBag from /home/airflow/.local/lib/python3.12/site-packages/airflow/example_dags/example_dataset_alias_with_no_taskflow.py
[2026-09-17T20:18:00.370+0000] {processor.py:925} INFO - DAG(s) 'dataset_alias_example_alias_consumer_with_no_taskflow', 'dataset_s3_bucket_consumer_with_no_taskflow', 'dataset_s3_bucket_producer_with_no_taskflow', 'dataset_alias_example_alias_producer_with_no_taskflow' retrieved from /home/airflow/.local/lib/python3.12/site-packages/airflow/example_dags/example_dataset_alias_with_no_taskflow.py
[2026-09-17T20:18:00.399+0000] {logging_mixin.py:190} INFO - [2026-09-17T20:18:00.398+0000] {dag.py:3239} INFO - Sync 4 DAGs
[2026-09-17T20:18:00.422+0000] {logging_mixin.py:190} INFO - [2026-09-17T20:18:00.422+0000] {dag.py:4180} INFO - Setting next_dagrun for dataset_alias_example_alias_consumer_with_no_taskflow to None, run_after=None
[2026-09-17T20:18:00.426+0000] {logging_mixin.py:190} INFO - [2026-09-17T20:18:00.426+0000] {dag.py:4180} INFO - Setting next_dagrun for dataset_alias_example_alias_producer_with_no_taskflow to None, run_after=None
[2026-09-17T20:18:00.429+0000] {logging_mixin.py:190} INFO - [2026-09-17T20:18:00.429+0000] {dag.py:4180} INFO - Setting next_dagrun for dataset_s3_bucket_consumer_with_no_taskflow to None, run_after=None
[2026-09-17T20:18:00.432+0000] {logging_mixin.py:190} INFO - [2026-09-17T20:18:00.432+0000] {dag.py:4180} INFO - Setting next_dagrun for dataset_s3_bucket_producer_with_no_taskflow to None, run_after=None
[2026-09-17T20:18:00.458+0000] {processor.py:208} INFO - Processing /home/airflow/.local/lib/python3.12/site-packages/airflow/example_dags/example_dataset_alias_with_no_taskflow.py took 0.742 seconds
[2026-09-17T20:18:31.240+0000] {processor.py:186} INFO - Started process (PID=1165) to work on /home/airflow/.local/lib/python3.12/site-packages/airflow/example_dags/example_dataset_alias_with_no_taskflow.py
[2026-09-17T20:18:31.242+0000] {processor.py:914} INFO - Processing file /home/airflow/.local/lib/python3.12/site-packages/airflow/example_dags/example_dataset_alias_with_no_taskflow.py for tasks to queue
[2026-09-17T20:18:31.244+0000] {logging_mixin.py:190} INFO - [2026-09-17T20:18:31.244+0000] {dagbag.py:588} INFO - Filling up the DagBag from /home/airflow/.local/lib/python3.12/site-packages/airflow/example_dags/example_dataset_alias_with_no_taskflow.py
[2026-09-17T20:18:32.164+0000] {processor.py:925} INFO - DAG(s) 'dataset_alias_example_alias_consumer_with_no_taskflow', 'dataset_s3_bucket_producer_with_no_taskflow', 'dataset_alias_example_alias_producer_with_no_taskflow', 'dataset_s3_bucket_consumer_with_no_taskflow' retrieved from /home/airflow/.local/lib/python3.12/site-packages/airflow/example_dags/example_dataset_alias_with_no_taskflow.py
[2026-09-17T20:18:32.194+0000] {logging_mixin.py:190} INFO - [2026-09-17T20:18:32.193+0000] {dag.py:3239} INFO - Sync 4 DAGs
[2026-09-17T20:18:32.221+0000] {logging_mixin.py:190} INFO - [2026-09-17T20:18:32.221+0000] {dag.py:4180} INFO - Setting next_dagrun for dataset_alias_example_alias_consumer_with_no_taskflow to None, run_after=None
[2026-09-17T20:18:32.226+0000] {logging_mixin.py:190} INFO - [2026-09-17T20:18:32.225+0000] {dag.py:4180} INFO - Setting next_dagrun for dataset_alias_example_alias_producer_with_no_taskflow to None, run_after=None
[2026-09-17T20:18:32.229+0000] {logging_mixin.py:190} INFO - [2026-09-17T20:18:32.228+0000] {dag.py:4180} INFO - Setting next_dagrun for dataset_s3_bucket_consumer_with_no_taskflow to None, run_after=None
[2026-09-17T20:18:32.232+0000] {logging_mixin.py:190} INFO - [2026-09-17T20:18:32.231+0000] {dag.py:4180} INFO - Setting next_dagrun for dataset_s3_bucket_producer_with_no_taskflow to None, run_after=None
[2026-09-17T20:18:32.262+0000] {processor.py:208} INFO - Processing /home/airflow/.local/lib/python3.12/site-packages/airflow/example_dags/example_dataset_alias_with_no_taskflow.py took 1.028 seconds
[2026-09-17T20:19:02.427+0000] {processor.py:186} INFO - Started process (PID=1223) to work on /home/airflow/.local/lib/python3.12/site-packages/airflow/example_dags/example_dataset_alias_with_no_taskflow.py
[2026-09-17T20:19:02.428+0000] {processor.py:914} INFO - Processing file /home/airflow/.local/lib/python3.12/site-packages/airflow/example_dags/example_dataset_alias_with_no_taskflow.py for tasks to queue
[2026-09-17T20:19:02.430+0000] {logging_mixin.py:190} INFO - [2026-09-17T20:19:02.430+0000] {dagbag.py:588} INFO - Filling up the DagBag from /home/airflow/.local/lib/python3.12/site-packages/airflow/example_dags/example_dataset_alias_with_no_taskflow.py
[2026-09-17T20:19:03.085+0000] {processor.py:925} INFO - DAG(s) 'dataset_alias_example_alias_producer_with_no_taskflow', 'dataset_s3_bucket_producer_with_no_taskflow', 'dataset_alias_example_alias_consumer_with_no_taskflow', 'dataset_s3_bucket_consumer_with_no_taskflow' retrieved from /home/airflow/.local/lib/python3.12/site-packages/airflow/example_dags/example_dataset_alias_with_no_taskflow.py
[2026-09-17T20:19:03.109+0000] {logging_mixin.py:190} INFO - [2026-09-17T20:19:03.109+0000] {dag.py:3239} INFO - Sync 4 DAGs
[2026-09-17T20:19:03.134+0000] {logging_mixin.py:190} INFO - [2026-09-17T20:19:03.133+0000] {dag.py:4180} INFO - Setting next_dagrun for dataset_alias_example_alias_consumer_with_no_taskflow to None, run_after=None
[2026-09-17T20:19:03.138+0000] {logging_mixin.py:190} INFO - [2026-09-17T20:19:03.137+0000] {dag.py:4180} INFO - Setting next_dagrun for dataset_alias_example_alias_producer_with_no_taskflow to None, run_after=None
[2026-09-17T20:19:03.140+0000] {logging_mixin.py:190} INFO - [2026-09-17T20:19:03.140+0000] {dag.py:4180} INFO - Setting next_dagrun for dataset_s3_bucket_consumer_with_no_taskflow to None, run_after=None
[2026-09-17T20:19:03.143+0000] {logging_mixin.py:190} INFO - [2026-09-17T20:19:03.142+0000] {dag.py:4180} INFO - Setting next_dagrun for dataset_s3_bucket_producer_with_no_taskflow to None, run_after=None
[2026-09-17T20:19:03.168+0000] {processor.py:208} INFO - Processing /home/airflow/.local/lib/python3.12/site-packages/airflow/example_dags/example_dataset_alias_with_no_taskflow.py took 0.746 seconds
[2026-09-17T20:19:33.940+0000] {processor.py:186} INFO - Started process (PID=1289) to work on /home/airflow/.local/lib/python3.12/site-packages/airflow/example_dags/example_dataset_alias_with_no_taskflow.py
[2026-09-17T20:19:33.942+0000] {processor.py:914} INFO - Processing file /home/airflow/.local/lib/python3.12/site-packages/airflow/example_dags/example_dataset_alias_with_no_taskflow.py for tasks to queue
[2026-09-17T20:19:33.944+0000] {logging_mixin.py:190} INFO - [2026-09-17T20:19:33.944+0000] {dagbag.py:588} INFO - Filling up the DagBag from /home/airflow/.local/lib/python3.12/site-packages/airflow/example_dags/example_dataset_alias_with_no_taskflow.py
[2026-09-17T20:19:34.623+0000] {processor.py:925} INFO - DAG(s) 'dataset_alias_example_alias_producer_with_no_taskflow', 'dataset_alias_example_alias_consumer_with_no_taskflow', 'dataset_s3_bucket_consumer_with_no_taskflow', 'dataset_s3_bucket_producer_with_no_taskflow' retrieved from /home/airflow/.local/lib/python3.12/site-packages/airflow/example_dags/example_dataset_alias_with_no_taskflow.py
[2026-09-17T20:19:34.649+0000] {logging_mixin.py:190} INFO - [2026-09-17T20:19:34.648+0000] {dag.py:3239} INFO - Sync 4 DAGs
[2026-09-17T20:19:34.675+0000] {logging_mixin.py:190} INFO - [2026-09-17T20:19:34.675+0000] {dag.py:4180} INFO - Setting next_dagrun for dataset_alias_example_alias_consumer_with_no_taskflow to None, run_after=None
[2026-09-17T20:19:34.680+0000] {logging_mixin.py:190} INFO - [2026-09-17T20:19:34.680+0000] {dag.py:4180} INFO - Setting next_dagrun for dataset_alias_example_alias_producer_with_no_taskflow to None, run_after=None
[2026-09-17T20:19:34.683+0000] {logging_mixin.py:190} INFO - [2026-09-17T20:19:34.682+0000] {dag.py:4180} INFO - Setting next_dagrun for dataset_s3_bucket_consumer_with_no_taskflow to None, run_after=None
[2026-09-17T20:19:34.685+0000] {logging_mixin.py:190} INFO - [2026-09-17T20:19:34.685+0000] {dag.py:4180} INFO - Setting next_dagrun for dataset_s3_bucket_producer_with_no_taskflow to None, run_after=None
[2026-09-17T20:19:34.713+0000] {processor.py:208} INFO - Processing /home/airflow/.local/lib/python3.12/site-packages/airflow/example_dags/example_dataset_alias_with_no_taskflow.py took 0.778 seconds
[2026-09-17T20:20:05.266+0000] {processor.py:186} INFO - Started process (PID=1354) to work on /home/airflow/.local/lib/python3.12/site-packages/airflow/example_dags/example_dataset_alias_with_no_taskflow.py
[2026-09-17T20:20:05.269+0000] {processor.py:914} INFO - Processing file /home/airflow/.local/lib/python3.12/site-packages/airflow/example_dags/example_dataset_alias_with_no_taskflow.py for tasks to queue
[2026-09-17T20:20:05.271+0000] {logging_mixin.py:190} INFO - [2026-09-17T20:20:05.271+0000] {dagbag.py:588} INFO - Filling up the DagBag from /home/airflow/.local/lib/python3.12/site-packages/airflow/example_dags/example_dataset_alias_with_no_taskflow.py
[2026-09-17T20:20:05.938+0000] {processor.py:925} INFO - DAG(s) 'dataset_alias_example_alias_producer_with_no_taskflow', 'dataset_s3_bucket_producer_with_no_taskflow', 'dataset_alias_example_alias_consumer_with_no_taskflow', 'dataset_s3_bucket_consumer_with_no_taskflow' retrieved from /home/airflow/.local/lib/python3.12/site-packages/airflow/example_dags/example_dataset_alias_with_no_taskflow.py
[2026-09-17T20:20:05.966+0000] {logging_mixin.py:190} INFO - [2026-09-17T20:20:05.965+0000] {dag.py:3239} INFO - Sync 4 DAGs
[2026-09-17T20:20:05.990+0000] {logging_mixin.py:190} INFO - [2026-09-17T20:20:05.990+0000] {dag.py:4180} INFO - Setting next_dagrun for dataset_alias_example_alias_consumer_with_no_taskflow to None, run_after=None
[2026-09-17T20:20:05.994+0000] {logging_mixin.py:190} INFO - [2026-09-17T20:20:05.994+0000] {dag.py:4180} INFO - Setting next_dagrun for dataset_alias_example_alias_producer_with_no_taskflow to None, run_after=None
[2026-09-17T20:20:05.997+0000] {logging_mixin.py:190} INFO - [2026-09-17T20:20:05.996+0000] {dag.py:4180} INFO - Setting next_dagrun for dataset_s3_bucket_consumer_with_no_taskflow to None, run_after=None
[2026-09-17T20:20:05.999+0000] {logging_mixin.py:190} INFO - [2026-09-17T20:20:05.999+0000] {dag.py:4180} INFO - Setting next_dagrun for dataset_s3_bucket_producer_with_no_taskflow to None, run_after=None
[2026-09-17T20:20:06.026+0000] {processor.py:208} INFO - Processing /home/airflow/.local/lib/python3.12/site-packages/airflow/example_dags/example_dataset_alias_with_no_taskflow.py took 0.765 seconds
[2026-09-17T20:20:36.645+0000] {processor.py:186} INFO - Started process (PID=1419) to work on /home/airflow/.local/lib/python3.12/site-packages/airflow/example_dags/example_dataset_alias_with_no_taskflow.py
[2026-09-17T20:20:36.647+0000] {processor.py:914} INFO - Processing file /home/airflow/.local/lib/python3.12/site-packages/airflow/example_dags/example_dataset_alias_with_no_taskflow.py for tasks to queue
[2026-09-17T20:20:36.650+0000] {logging_mixin.py:190} INFO - [2026-09-17T20:20:36.649+0000] {dagbag.py:588} INFO - Filling up the DagBag from /home/airflow/.local/lib/python3.12/site-packages/airflow/example_dags/example_dataset_alias_with_no_taskflow.py
[2026-09-17T20:20:37.359+0000] {processor.py:925} INFO - DAG(s) 'dataset_s3_bucket_consumer_with_no_taskflow', 'dataset_alias_example_alias_producer_with_no_taskflow', 'dataset_s3_bucket_producer_with_no_taskflow', 'dataset_alias_example_alias_consumer_with_no_taskflow' retrieved from /home/airflow/.local/lib/python3.12/site-packages/airflow/example_dags/example_dataset_alias_with_no_taskflow.py
[2026-09-17T20:20:37.388+0000] {logging_mixin.py:190} INFO - [2026-09-17T20:20:37.387+0000] {dag.py:3239} INFO - Sync 4 DAGs
[2026-09-17T20:20:37.415+0000] {logging_mixin.py:190} INFO - [2026-09-17T20:20:37.415+0000] {dag.py:4180} INFO - Setting next_dagrun for dataset_alias_example_alias_consumer_with_no_taskflow to None, run_after=None
[2026-09-17T20:20:37.420+0000] {logging_mixin.py:190} INFO - [2026-09-17T20:20:37.420+0000] {dag.py:4180} INFO - Setting next_dagrun for dataset_alias_example_alias_producer_with_no_taskflow to None, run_after=None
[2026-09-17T20:20:37.424+0000] {logging_mixin.py:190} INFO - [2026-09-17T20:20:37.424+0000] {dag.py:4180} INFO - Setting next_dagrun for dataset_s3_bucket_consumer_with_no_taskflow to None, run_after=None
[2026-09-17T20:20:37.427+0000] {logging_mixin.py:190} INFO - [2026-09-17T20:20:37.427+0000] {dag.py:4180} INFO - Setting next_dagrun for dataset_s3_bucket_producer_with_no_taskflow to None, run_after=None
[2026-09-17T20:20:37.457+0000] {processor.py:208} INFO - Processing /home/airflow/.local/lib/python3.12/site-packages/airflow/example_dags/example_dataset_alias_with_no_taskflow.py took 0.819 seconds
[2026-09-17T20:21:07.625+0000] {processor.py:186} INFO - Started process (PID=1484) to work on /home/airflow/.local/lib/python3.12/site-packages/airflow/example_dags/example_dataset_alias_with_no_taskflow.py
[2026-09-17T20:21:07.627+0000] {processor.py:914} INFO - Processing file /home/airflow/.local/lib/python3.12/site-packages/airflow/example_dags/example_dataset_alias_with_no_taskflow.py for tasks to queue
[2026-09-17T20:21:07.629+0000] {logging_mixin.py:190} INFO - [2026-09-17T20:21:07.628+0000] {dagbag.py:588} INFO - Filling up the DagBag from /home/airflow/.local/lib/python3.12/site-packages/airflow/example_dags/example_dataset_alias_with_no_taskflow.py
[2026-09-17T20:21:08.317+0000] {processor.py:925} INFO - DAG(s) 'dataset_alias_example_alias_consumer_with_no_taskflow', 'dataset_s3_bucket_consumer_with_no_taskflow', 'dataset_alias_example_alias_producer_with_no_taskflow', 'dataset_s3_bucket_producer_with_no_taskflow' retrieved from /home/airflow/.local/lib/python3.12/site-packages/airflow/example_dags/example_dataset_alias_with_no_taskflow.py
[2026-09-17T20:21:08.347+0000] {logging_mixin.py:190} INFO - [2026-09-17T20:21:08.347+0000] {dag.py:3239} INFO - Sync 4 DAGs
[2026-09-17T20:21:08.374+0000] {logging_mixin.py:190} INFO - [2026-09-17T20:21:08.374+0000] {dag.py:4180} INFO - Setting next_dagrun for dataset_alias_example_alias_consumer_with_no_taskflow to None, run_after=None
[2026-09-17T20:21:08.379+0000] {logging_mixin.py:190} INFO - [2026-09-17T20:21:08.379+0000] {dag.py:4180} INFO - Setting next_dagrun for dataset_alias_example_alias_producer_with_no_taskflow to None, run_after=None
[2026-09-17T20:21:08.383+0000] {logging_mixin.py:190} INFO - [2026-09-17T20:21:08.383+0000] {dag.py:4180} INFO - Setting next_dagrun for dataset_s3_bucket_consumer_with_no_taskflow to None, run_after=None
[2026-09-17T20:21:08.387+0000] {logging_mixin.py:190} INFO - [2026-09-17T20:21:08.386+0000] {dag.py:4180} INFO - Setting next_dagrun for dataset_s3_bucket_producer_with_no_taskflow to None, run_after=None
[2026-09-17T20:21:08.423+0000] {processor.py:208} INFO - Processing /home/airflow/.local/lib/python3.12/site-packages/airflow/example_dags/example_dataset_alias_with_no_taskflow.py took 0.804 seconds
[2026-09-17T20:21:39.048+0000] {processor.py:186} INFO - Started process (PID=1549) to work on /home/airflow/.local/lib/python3.12/site-packages/airflow/example_dags/example_dataset_alias_with_no_taskflow.py
[2026-09-17T20:21:39.049+0000] {processor.py:914} INFO - Processing file /home/airflow/.local/lib/python3.12/site-packages/airflow/example_dags/example_dataset_alias_with_no_taskflow.py for tasks to queue
[2026-09-17T20:21:39.051+0000] {logging_mixin.py:190} INFO - [2026-09-17T20:21:39.051+0000] {dagbag.py:588} INFO - Filling up the DagBag from /home/airflow/.local/lib/python3.12/site-packages/airflow/example_dags/example_dataset_alias_with_no_taskflow.py
[2026-09-17T20:21:39.718+0000] {processor.py:925} INFO - DAG(s) 'dataset_s3_bucket_consumer_with_no_taskflow', 'dataset_s3_bucket_producer_with_no_taskflow', 'dataset_alias_example_alias_producer_with_no_taskflow', 'dataset_alias_example_alias_consumer_with_no_taskflow' retrieved from /home/airflow/.local/lib/python3.12/site-packages/airflow/example_dags/example_dataset_alias_with_no_taskflow.py
[2026-09-17T20:21:39.743+0000] {logging_mixin.py:190} INFO - [2026-09-17T20:21:39.742+0000] {dag.py:3239} INFO - Sync 4 DAGs
[2026-09-17T20:21:39.767+0000] {logging_mixin.py:190} INFO - [2026-09-17T20:21:39.767+0000] {dag.py:4180} INFO - Setting next_dagrun for dataset_alias_example_alias_consumer_with_no_taskflow to None, run_after=None
[2026-09-17T20:21:39.771+0000] {logging_mixin.py:190} INFO - [2026-09-17T20:21:39.771+0000] {dag.py:4180} INFO - Setting next_dagrun for dataset_alias_example_alias_producer_with_no_taskflow to None, run_after=None
[2026-09-17T20:21:39.774+0000] {logging_mixin.py:190} INFO - [2026-09-17T20:21:39.773+0000] {dag.py:4180} INFO - Setting next_dagrun for dataset_s3_bucket_consumer_with_no_taskflow to None, run_after=None
[2026-09-17T20:21:39.777+0000] {logging_mixin.py:190} INFO - [2026-09-17T20:21:39.776+0000] {dag.py:4180} INFO - Setting next_dagrun for dataset_s3_bucket_producer_with_no_taskflow to None, run_after=None
[2026-09-17T20:21:39.805+0000] {processor.py:208} INFO - Processing /home/airflow/.local/lib/python3.12/site-packages/airflow/example_dags/example_dataset_alias_with_no_taskflow.py took 0.763 seconds
[2026-09-17T20:22:10.721+0000] {processor.py:186} INFO - Started process (PID=1615) to work on /home/airflow/.local/lib/python3.12/site-packages/airflow/example_dags/example_dataset_alias_with_no_taskflow.py
[2026-09-17T20:22:10.722+0000] {processor.py:914} INFO - Processing file /home/airflow/.local/lib/python3.12/site-packages/airflow/example_dags/example_dataset_alias_with_no_taskflow.py for tasks to queue
[2026-09-17T20:22:10.724+0000] {logging_mixin.py:190} INFO - [2026-09-17T20:22:10.724+0000] {dagbag.py:588} INFO - Filling up the DagBag from /home/airflow/.local/lib/python3.12/site-packages/airflow/example_dags/example_dataset_alias_with_no_taskflow.py
[2026-09-17T20:22:11.388+0000] {processor.py:925} INFO - DAG(s) 'dataset_alias_example_alias_consumer_with_no_taskflow', 'dataset_s3_bucket_consumer_with_no_taskflow', 'dataset_s3_bucket_producer_with_no_taskflow', 'dataset_alias_example_alias_producer_with_no_taskflow' retrieved from /home/airflow/.local/lib/python3.12/site-packages/airflow/example_dags/example_dataset_alias_with_no_taskflow.py
[2026-09-17T20:22:11.425+0000] {logging_mixin.py:190} INFO - [2026-09-17T20:22:11.425+0000] {dag.py:3239} INFO - Sync 4 DAGs
[2026-09-17T20:22:11.455+0000] {logging_mixin.py:190} INFO - [2026-09-17T20:22:11.454+0000] {dag.py:4180} INFO - Setting next_dagrun for dataset_alias_example_alias_consumer_with_no_taskflow to None, run_after=None
[2026-09-17T20:22:11.460+0000] {logging_mixin.py:190} INFO - [2026-09-17T20:22:11.459+0000] {dag.py:4180} INFO - Setting next_dagrun for dataset_alias_example_alias_producer_with_no_taskflow to None, run_after=None
[2026-09-17T20:22:11.463+0000] {logging_mixin.py:190} INFO - [2026-09-17T20:22:11.463+0000] {dag.py:4180} INFO - Setting next_dagrun for dataset_s3_bucket_consumer_with_no_taskflow to None, run_after=None
[2026-09-17T20:22:11.467+0000] {logging_mixin.py:190} INFO - [2026-09-17T20:22:11.467+0000] {dag.py:4180} INFO - Setting next_dagrun for dataset_s3_bucket_producer_with_no_taskflow to None, run_after=None
[2026-09-17T20:22:11.501+0000] {processor.py:208} INFO - Processing /home/airflow/.local/lib/python3.12/site-packages/airflow/example_dags/example_dataset_alias_with_no_taskflow.py took 0.785 seconds
[2026-09-17T20:22:42.471+0000] {processor.py:186} INFO - Started process (PID=1680) to work on /home/airflow/.local/lib/python3.12/site-packages/airflow/example_dags/example_dataset_alias_with_no_taskflow.py
[2026-09-17T20:22:42.473+0000] {processor.py:914} INFO - Processing file /home/airflow/.local/lib/python3.12/site-packages/airflow/example_dags/example_dataset_alias_with_no_taskflow.py for tasks to queue
[2026-09-17T20:22:42.476+0000] {logging_mixin.py:190} INFO - [2026-09-17T20:22:42.476+0000] {dagbag.py:588} INFO - Filling up the DagBag from /home/airflow/.local/lib/python3.12/site-packages/airflow/example_dags/example_dataset_alias_with_no_taskflow.py
[2026-09-17T20:22:43.147+0000] {processor.py:925} INFO - DAG(s) 'dataset_alias_example_alias_producer_with_no_taskflow', 'dataset_s3_bucket_consumer_with_no_taskflow', 'dataset_alias_example_alias_consumer_with_no_taskflow', 'dataset_s3_bucket_producer_with_no_taskflow' retrieved from /home/airflow/.local/lib/python3.12/site-packages/airflow/example_dags/example_dataset_alias_with_no_taskflow.py
[2026-09-17T20:22:43.179+0000] {logging_mixin.py:190} INFO - [2026-09-17T20:22:43.179+0000] {dag.py:3239} INFO - Sync 4 DAGs
[2026-09-17T20:22:43.205+0000] {logging_mixin.py:190} INFO - [2026-09-17T20:22:43.204+0000] {dag.py:4180} INFO - Setting next_dagrun for dataset_alias_example_alias_consumer_with_no_taskflow to None, run_after=None
[2026-09-17T20:22:43.209+0000] {logging_mixin.py:190} INFO - [2026-09-17T20:22:43.209+0000] {dag.py:4180} INFO - Setting next_dagrun for dataset_alias_example_alias_producer_with_no_taskflow to None, run_after=None
[2026-09-17T20:22:43.212+0000] {logging_mixin.py:190} INFO - [2026-09-17T20:22:43.212+0000] {dag.py:4180} INFO - Setting next_dagrun for dataset_s3_bucket_consumer_with_no_taskflow to None, run_after=None
[2026-09-17T20:22:43.214+0000] {logging_mixin.py:190} INFO - [2026-09-17T20:22:43.214+0000] {dag.py:4180} INFO - Setting next_dagrun for dataset_s3_bucket_producer_with_no_taskflow to None, run_after=None
[2026-09-17T20:22:43.242+0000] {processor.py:208} INFO - Processing /home/airflow/.local/lib/python3.12/site-packages/airflow/example_dags/example_dataset_alias_with_no_taskflow.py took 0.777 seconds
[2026-09-17T20:23:13.925+0000] {processor.py:186} INFO - Started process (PID=1745) to work on /home/airflow/.local/lib/python3.12/site-packages/airflow/example_dags/example_dataset_alias_with_no_taskflow.py
[2026-09-17T20:23:13.928+0000] {processor.py:914} INFO - Processing file /home/airflow/.local/lib/python3.12/site-packages/airflow/example_dags/example_dataset_alias_with_no_taskflow.py for tasks to queue
[2026-09-17T20:23:13.929+0000] {logging_mixin.py:190} INFO - [2026-09-17T20:23:13.929+0000] {dagbag.py:588} INFO - Filling up the DagBag from /home/airflow/.local/lib/python3.12/site-packages/airflow/example_dags/example_dataset_alias_with_no_taskflow.py
[2026-09-17T20:23:14.581+0000] {processor.py:925} INFO - DAG(s) 'dataset_alias_example_alias_consumer_with_no_taskflow', 'dataset_alias_example_alias_producer_with_no_taskflow', 'dataset_s3_bucket_consumer_with_no_taskflow', 'dataset_s3_bucket_producer_with_no_taskflow' retrieved from /home/airflow/.local/lib/python3.12/site-packages/airflow/example_dags/example_dataset_alias_with_no_taskflow.py
[2026-09-17T20:23:14.607+0000] {logging_mixin.py:190} INFO - [2026-09-17T20:23:14.607+0000] {dag.py:3239} INFO - Sync 4 DAGs
[2026-09-17T20:23:14.632+0000] {logging_mixin.py:190} INFO - [2026-09-17T20:23:14.632+0000] {dag.py:4180} INFO - Setting next_dagrun for dataset_alias_example_alias_consumer_with_no_taskflow to None, run_after=None
[2026-09-17T20:23:14.636+0000] {logging_mixin.py:190} INFO - [2026-09-17T20:23:14.636+0000] {dag.py:4180} INFO - Setting next_dagrun for dataset_alias_example_alias_producer_with_no_taskflow to None, run_after=None
[2026-09-17T20:23:14.639+0000] {logging_mixin.py:190} INFO - [2026-09-17T20:23:14.639+0000] {dag.py:4180} INFO - Setting next_dagrun for dataset_s3_bucket_consumer_with_no_taskflow to None, run_after=None
[2026-09-17T20:23:14.643+0000] {logging_mixin.py:190} INFO - [2026-09-17T20:23:14.642+0000] {dag.py:4180} INFO - Setting next_dagrun for dataset_s3_bucket_producer_with_no_taskflow to None, run_after=None
[2026-09-17T20:23:14.671+0000] {processor.py:208} INFO - Processing /home/airflow/.local/lib/python3.12/site-packages/airflow/example_dags/example_dataset_alias_with_no_taskflow.py took 0.753 seconds
[2026-09-17T20:23:45.378+0000] {processor.py:186} INFO - Started process (PID=1810) to work on /home/airflow/.local/lib/python3.12/site-packages/airflow/example_dags/example_dataset_alias_with_no_taskflow.py
[2026-09-17T20:23:45.380+0000] {processor.py:914} INFO - Processing file /home/airflow/.local/lib/python3.12/site-packages/airflow/example_dags/example_dataset_alias_with_no_taskflow.py for tasks to queue
[2026-09-17T20:23:45.381+0000] {logging_mixin.py:190} INFO - [2026-09-17T20:23:45.381+0000] {dagbag.py:588} INFO - Filling up the DagBag from /home/airflow/.local/lib/python3.12/site-packages/airflow/example_dags/example_dataset_alias_with_no_taskflow.py
[2026-09-17T20:23:46.001+0000] {processor.py:925} INFO - DAG(s) 'dataset_alias_example_alias_producer_with_no_taskflow', 'dataset_alias_example_alias_consumer_with_no_taskflow', 'dataset_s3_bucket_consumer_with_no_taskflow', 'dataset_s3_bucket_producer_with_no_taskflow' retrieved from /home/airflow/.local/lib/python3.12/site-packages/airflow/example_dags/example_dataset_alias_with_no_taskflow.py
[2026-09-17T20:23:46.027+0000] {logging_mixin.py:190} INFO - [2026-09-17T20:23:46.026+0000] {dag.py:3239} INFO - Sync 4 DAGs
[2026-09-17T20:23:46.053+0000] {logging_mixin.py:190} INFO - [2026-09-17T20:23:46.053+0000] {dag.py:4180} INFO - Setting next_dagrun for dataset_alias_example_alias_consumer_with_no_taskflow to None, run_after=None
[2026-09-17T20:23:46.057+0000] {logging_mixin.py:190} INFO - [2026-09-17T20:23:46.057+0000] {dag.py:4180} INFO - Setting next_dagrun for dataset_alias_example_alias_producer_with_no_taskflow to None, run_after=None
[2026-09-17T20:23:46.060+0000] {logging_mixin.py:190} INFO - [2026-09-17T20:23:46.059+0000] {dag.py:4180} INFO - Setting next_dagrun for dataset_s3_bucket_consumer_with_no_taskflow to None, run_after=None
[2026-09-17T20:23:46.062+0000] {logging_mixin.py:190} INFO - [2026-09-17T20:23:46.062+0000] {dag.py:4180} INFO - Setting next_dagrun for dataset_s3_bucket_producer_with_no_taskflow to None, run_after=None
[2026-09-17T20:23:46.089+0000] {processor.py:208} INFO - Processing /home/airflow/.local/lib/python3.12/site-packages/airflow/example_dags/example_dataset_alias_with_no_taskflow.py took 0.717 seconds
[2026-09-17T20:24:16.667+0000] {processor.py:186} INFO - Started process (PID=1875) to work on /home/airflow/.local/lib/python3.12/site-packages/airflow/example_dags/example_dataset_alias_with_no_taskflow.py
[2026-09-17T20:24:16.669+0000] {processor.py:914} INFO - Processing file /home/airflow/.local/lib/python3.12/site-packages/airflow/example_dags/example_dataset_alias_with_no_taskflow.py for tasks to queue
[2026-09-17T20:24:16.671+0000] {logging_mixin.py:190} INFO - [2026-09-17T20:24:16.671+0000] {dagbag.py:588} INFO - Filling up the DagBag from /home/airflow/.local/lib/python3.12/site-packages/airflow/example_dags/example_dataset_alias_with_no_taskflow.py
[2026-09-17T20:24:17.332+0000] {processor.py:925} INFO - DAG(s) 'dataset_alias_example_alias_consumer_with_no_taskflow', 'dataset_alias_example_alias_producer_with_no_taskflow', 'dataset_s3_bucket_consumer_with_no_taskflow', 'dataset_s3_bucket_producer_with_no_taskflow' retrieved from /home/airflow/.local/lib/python3.12/site-packages/airflow/example_dags/example_dataset_alias_with_no_taskflow.py
[2026-09-17T20:24:17.358+0000] {logging_mixin.py:190} INFO - [2026-09-17T20:24:17.358+0000] {dag.py:3239} INFO - Sync 4 DAGs
[2026-09-17T20:24:17.385+0000] {logging_mixin.py:190} INFO - [2026-09-17T20:24:17.384+0000] {dag.py:4180} INFO - Setting next_dagrun for dataset_alias_example_alias_consumer_with_no_taskflow to None, run_after=None
[2026-09-17T20:24:17.389+0000] {logging_mixin.py:190} INFO - [2026-09-17T20:24:17.389+0000] {dag.py:4180} INFO - Setting next_dagrun for dataset_alias_example_alias_producer_with_no_taskflow to None, run_after=None
[2026-09-17T20:24:17.392+0000] {logging_mixin.py:190} INFO - [2026-09-17T20:24:17.392+0000] {dag.py:4180} INFO - Setting next_dagrun for dataset_s3_bucket_consumer_with_no_taskflow to None, run_after=None
[2026-09-17T20:24:17.394+0000] {logging_mixin.py:190} INFO - [2026-09-17T20:24:17.394+0000] {dag.py:4180} INFO - Setting next_dagrun for dataset_s3_bucket_producer_with_no_taskflow to None, run_after=None
[2026-09-17T20:24:17.423+0000] {processor.py:208} INFO - Processing /home/airflow/.local/lib/python3.12/site-packages/airflow/example_dags/example_dataset_alias_with_no_taskflow.py took 0.762 seconds
[2026-09-17T20:24:48.209+0000] {processor.py:186} INFO - Started process (PID=1940) to work on /home/airflow/.local/lib/python3.12/site-packages/airflow/example_dags/example_dataset_alias_with_no_taskflow.py
[2026-09-17T20:24:48.211+0000] {processor.py:914} INFO - Processing file /home/airflow/.local/lib/python3.12/site-packages/airflow/example_dags/example_dataset_alias_with_no_taskflow.py for tasks to queue
[2026-09-17T20:24:48.214+0000] {logging_mixin.py:190} INFO - [2026-09-17T20:24:48.213+0000] {dagbag.py:588} INFO - Filling up the DagBag from /home/airflow/.local/lib/python3.12/site-packages/airflow/example_dags/example_dataset_alias_with_no_taskflow.py
[2026-09-17T20:24:48.951+0000] {processor.py:925} INFO - DAG(s) 'dataset_s3_bucket_consumer_with_no_taskflow', 'dataset_alias_example_alias_consumer_with_no_taskflow', 'dataset_alias_example_alias_producer_with_no_taskflow', 'dataset_s3_bucket_producer_with_no_taskflow' retrieved from /home/airflow/.local/lib/python3.12/site-packages/airflow/example_dags/example_dataset_alias_with_no_taskflow.py
[2026-09-17T20:24:48.984+0000] {logging_mixin.py:190} INFO - [2026-09-17T20:24:48.984+0000] {dag.py:3239} INFO - Sync 4 DAGs
[2026-09-17T20:24:49.018+0000] {logging_mixin.py:190} INFO - [2026-09-17T20:24:49.018+0000] {dag.py:4180} INFO - Setting next_dagrun for dataset_alias_example_alias_consumer_with_no_taskflow to None, run_after=None
[2026-09-17T20:24:49.023+0000] {logging_mixin.py:190} INFO - [2026-09-17T20:24:49.023+0000] {dag.py:4180} INFO - Setting next_dagrun for dataset_alias_example_alias_producer_with_no_taskflow to None, run_after=None
[2026-09-17T20:24:49.027+0000] {logging_mixin.py:190} INFO - [2026-09-17T20:24:49.027+0000] {dag.py:4180} INFO - Setting next_dagrun for dataset_s3_bucket_consumer_with_no_taskflow to None, run_after=None
[2026-09-17T20:24:49.031+0000] {logging_mixin.py:190} INFO - [2026-09-17T20:24:49.031+0000] {dag.py:4180} INFO - Setting next_dagrun for dataset_s3_bucket_producer_with_no_taskflow to None, run_after=None
[2026-09-17T20:24:49.063+0000] {processor.py:208} INFO - Processing /home/airflow/.local/lib/python3.12/site-packages/airflow/example_dags/example_dataset_alias_with_no_taskflow.py took 0.861 seconds
[2026-09-17T20:25:19.663+0000] {processor.py:186} INFO - Started process (PID=2005) to work on /home/airflow/.local/lib/python3.12/site-packages/airflow/example_dags/example_dataset_alias_with_no_taskflow.py
[2026-09-17T20:25:19.665+0000] {processor.py:914} INFO - Processing file /home/airflow/.local/lib/python3.12/site-packages/airflow/example_dags/example_dataset_alias_with_no_taskflow.py for tasks to queue
[2026-09-17T20:25:19.667+0000] {logging_mixin.py:190} INFO - [2026-09-17T20:25:19.666+0000] {dagbag.py:588} INFO - Filling up the DagBag from /home/airflow/.local/lib/python3.12/site-packages/airflow/example_dags/example_dataset_alias_with_no_taskflow.py
[2026-09-17T20:25:20.338+0000] {processor.py:925} INFO - DAG(s) 'dataset_s3_bucket_consumer_with_no_taskflow', 'dataset_s3_bucket_producer_with_no_taskflow', 'dataset_alias_example_alias_producer_with_no_taskflow', 'dataset_alias_example_alias_consumer_with_no_taskflow' retrieved from /home/airflow/.local/lib/python3.12/site-packages/airflow/example_dags/example_dataset_alias_with_no_taskflow.py
[2026-09-17T20:25:20.364+0000] {logging_mixin.py:190} INFO - [2026-09-17T20:25:20.363+0000] {dag.py:3239} INFO - Sync 4 DAGs
[2026-09-17T20:25:20.387+0000] {logging_mixin.py:190} INFO - [2026-09-17T20:25:20.387+0000] {dag.py:4180} INFO - Setting next_dagrun for dataset_alias_example_alias_consumer_with_no_taskflow to None, run_after=None
[2026-09-17T20:25:20.392+0000] {logging_mixin.py:190} INFO - [2026-09-17T20:25:20.391+0000] {dag.py:4180} INFO - Setting next_dagrun for dataset_alias_example_alias_producer_with_no_taskflow to None, run_after=None
[2026-09-17T20:25:20.394+0000] {logging_mixin.py:190} INFO - [2026-09-17T20:25:20.394+0000] {dag.py:4180} INFO - Setting next_dagrun for dataset_s3_bucket_consumer_with_no_taskflow to None, run_after=None
[2026-09-17T20:25:20.397+0000] {logging_mixin.py:190} INFO - [2026-09-17T20:25:20.397+0000] {dag.py:4180} INFO - Setting next_dagrun for dataset_s3_bucket_producer_with_no_taskflow to None, run_after=None
[2026-09-17T20:25:20.426+0000] {processor.py:208} INFO - Processing /home/airflow/.local/lib/python3.12/site-packages/airflow/example_dags/example_dataset_alias_with_no_taskflow.py took 0.770 seconds
[2026-09-17T20:25:51.250+0000] {processor.py:186} INFO - Started process (PID=2070) to work on /home/airflow/.local/lib/python3.12/site-packages/airflow/example_dags/example_dataset_alias_with_no_taskflow.py
[2026-09-17T20:25:51.253+0000] {processor.py:914} INFO - Processing file /home/airflow/.local/lib/python3.12/site-packages/airflow/example_dags/example_dataset_alias_with_no_taskflow.py for tasks to queue
[2026-09-17T20:25:51.255+0000] {logging_mixin.py:190} INFO - [2026-09-17T20:25:51.255+0000] {dagbag.py:588} INFO - Filling up the DagBag from /home/airflow/.local/lib/python3.12/site-packages/airflow/example_dags/example_dataset_alias_with_no_taskflow.py
[2026-09-17T20:25:52.123+0000] {processor.py:925} INFO - DAG(s) 'dataset_alias_example_alias_producer_with_no_taskflow', 'dataset_s3_bucket_producer_with_no_taskflow', 'dataset_s3_bucket_consumer_with_no_taskflow', 'dataset_alias_example_alias_consumer_with_no_taskflow' retrieved from /home/airflow/.local/lib/python3.12/site-packages/airflow/example_dags/example_dataset_alias_with_no_taskflow.py
[2026-09-17T20:25:52.150+0000] {logging_mixin.py:190} INFO - [2026-09-17T20:25:52.150+0000] {dag.py:3239} INFO - Sync 4 DAGs
[2026-09-17T20:25:52.175+0000] {logging_mixin.py:190} INFO - [2026-09-17T20:25:52.175+0000] {dag.py:4180} INFO - Setting next_dagrun for dataset_alias_example_alias_consumer_with_no_taskflow to None, run_after=None
[2026-09-17T20:25:52.179+0000] {logging_mixin.py:190} INFO - [2026-09-17T20:25:52.179+0000] {dag.py:4180} INFO - Setting next_dagrun for dataset_alias_example_alias_producer_with_no_taskflow to None, run_after=None
[2026-09-17T20:25:52.182+0000] {logging_mixin.py:190} INFO - [2026-09-17T20:25:52.182+0000] {dag.py:4180} INFO - Setting next_dagrun for dataset_s3_bucket_consumer_with_no_taskflow to None, run_after=None
[2026-09-17T20:25:52.188+0000] {logging_mixin.py:190} INFO - [2026-09-17T20:25:52.188+0000] {dag.py:4180} INFO - Setting next_dagrun for dataset_s3_bucket_producer_with_no_taskflow to None, run_after=None
[2026-09-17T20:25:52.221+0000] {processor.py:208} INFO - Processing /home/airflow/.local/lib/python3.12/site-packages/airflow/example_dags/example_dataset_alias_with_no_taskflow.py took 0.980 seconds
[2026-09-17T20:26:22.763+0000] {processor.py:186} INFO - Started process (PID=2135) to work on /home/airflow/.local/lib/python3.12/site-packages/airflow/example_dags/example_dataset_alias_with_no_taskflow.py
[2026-09-17T20:26:22.765+0000] {processor.py:914} INFO - Processing file /home/airflow/.local/lib/python3.12/site-packages/airflow/example_dags/example_dataset_alias_with_no_taskflow.py for tasks to queue
[2026-09-17T20:26:22.767+0000] {logging_mixin.py:190} INFO - [2026-09-17T20:26:22.767+0000] {dagbag.py:588} INFO - Filling up the DagBag from /home/airflow/.local/lib/python3.12/site-packages/airflow/example_dags/example_dataset_alias_with_no_taskflow.py
[2026-09-17T20:26:23.379+0000] {processor.py:925} INFO - DAG(s) 'dataset_alias_example_alias_producer_with_no_taskflow', 'dataset_s3_bucket_consumer_with_no_taskflow', 'dataset_s3_bucket_producer_with_no_taskflow', 'dataset_alias_example_alias_consumer_with_no_taskflow' retrieved from /home/airflow/.local/lib/python3.12/site-packages/airflow/example_dags/example_dataset_alias_with_no_taskflow.py
[2026-09-17T20:26:23.405+0000] {logging_mixin.py:190} INFO - [2026-09-17T20:26:23.405+0000] {dag.py:3239} INFO - Sync 4 DAGs
[2026-09-17T20:26:23.429+0000] {logging_mixin.py:190} INFO - [2026-09-17T20:26:23.429+0000] {dag.py:4180} INFO - Setting next_dagrun for dataset_alias_example_alias_consumer_with_no_taskflow to None, run_after=None
[2026-09-17T20:26:23.434+0000] {logging_mixin.py:190} INFO - [2026-09-17T20:26:23.433+0000] {dag.py:4180} INFO - Setting next_dagrun for dataset_alias_example_alias_producer_with_no_taskflow to None, run_after=None
[2026-09-17T20:26:23.436+0000] {logging_mixin.py:190} INFO - [2026-09-17T20:26:23.436+0000] {dag.py:4180} INFO - Setting next_dagrun for dataset_s3_bucket_consumer_with_no_taskflow to None, run_after=None
[2026-09-17T20:26:23.440+0000] {logging_mixin.py:190} INFO - [2026-09-17T20:26:23.440+0000] {dag.py:4180} INFO - Setting next_dagrun for dataset_s3_bucket_producer_with_no_taskflow to None, run_after=None
[2026-09-17T20:26:23.466+0000] {processor.py:208} INFO - Processing /home/airflow/.local/lib/python3.12/site-packages/airflow/example_dags/example_dataset_alias_with_no_taskflow.py took 0.709 seconds
[2026-09-17T20:26:53.586+0000] {processor.py:186} INFO - Started process (PID=2200) to work on /home/airflow/.local/lib/python3.12/site-packages/airflow/example_dags/example_dataset_alias_with_no_taskflow.py
[2026-09-17T20:26:53.588+0000] {processor.py:914} INFO - Processing file /home/airflow/.local/lib/python3.12/site-packages/airflow/example_dags/example_dataset_alias_with_no_taskflow.py for tasks to queue
[2026-09-17T20:26:53.590+0000] {logging_mixin.py:190} INFO - [2026-09-17T20:26:53.590+0000] {dagbag.py:588} INFO - Filling up the DagBag from /home/airflow/.local/lib/python3.12/site-packages/airflow/example_dags/example_dataset_alias_with_no_taskflow.py
[2026-09-17T20:26:54.298+0000] {processor.py:925} INFO - DAG(s) 'dataset_s3_bucket_producer_with_no_taskflow', 'dataset_s3_bucket_consumer_with_no_taskflow', 'dataset_alias_example_alias_consumer_with_no_taskflow', 'dataset_alias_example_alias_producer_with_no_taskflow' retrieved from /home/airflow/.local/lib/python3.12/site-packages/airflow/example_dags/example_dataset_alias_with_no_taskflow.py
[2026-09-17T20:26:54.325+0000] {logging_mixin.py:190} INFO - [2026-09-17T20:26:54.325+0000] {dag.py:3239} INFO - Sync 4 DAGs
[2026-09-17T20:26:54.351+0000] {logging_mixin.py:190} INFO - [2026-09-17T20:26:54.351+0000] {dag.py:4180} INFO - Setting next_dagrun for dataset_alias_example_alias_consumer_with_no_taskflow to None, run_after=None
[2026-09-17T20:26:54.355+0000] {logging_mixin.py:190} INFO - [2026-09-17T20:26:54.355+0000] {dag.py:4180} INFO - Setting next_dagrun for dataset_alias_example_alias_producer_with_no_taskflow to None, run_after=None
[2026-09-17T20:26:54.358+0000] {logging_mixin.py:190} INFO - [2026-09-17T20:26:54.358+0000] {dag.py:4180} INFO - Setting next_dagrun for dataset_s3_bucket_consumer_with_no_taskflow to None, run_after=None
[2026-09-17T20:26:54.360+0000] {logging_mixin.py:190} INFO - [2026-09-17T20:26:54.360+0000] {dag.py:4180} INFO - Setting next_dagrun for dataset_s3_bucket_producer_with_no_taskflow to None, run_after=None
[2026-09-17T20:26:54.391+0000] {processor.py:208} INFO - Processing /home/airflow/.local/lib/python3.12/site-packages/airflow/example_dags/example_dataset_alias_with_no_taskflow.py took 0.811 seconds
[2026-09-17T20:28:34.846+0000] {processor.py:186} INFO - Started process (PID=64) to work on /home/airflow/.local/lib/python3.12/site-packages/airflow/example_dags/example_dataset_alias_with_no_taskflow.py
[2026-09-17T20:28:34.848+0000] {processor.py:914} INFO - Processing file /home/airflow/.local/lib/python3.12/site-packages/airflow/example_dags/example_dataset_alias_with_no_taskflow.py for tasks to queue
[2026-09-17T20:28:34.851+0000] {logging_mixin.py:190} INFO - [2026-09-17T20:28:34.850+0000] {dagbag.py:588} INFO - Filling up the DagBag from /home/airflow/.local/lib/python3.12/site-packages/airflow/example_dags/example_dataset_alias_with_no_taskflow.py
[2026-09-17T20:28:35.373+0000] {processor.py:925} INFO - DAG(s) 'dataset_alias_example_alias_producer_with_no_taskflow', 'dataset_s3_bucket_consumer_with_no_taskflow', 'dataset_s3_bucket_producer_with_no_taskflow', 'dataset_alias_example_alias_consumer_with_no_taskflow' retrieved from /home/airflow/.local/lib/python3.12/site-packages/airflow/example_dags/example_dataset_alias_with_no_taskflow.py
[2026-09-17T20:28:35.406+0000] {logging_mixin.py:190} INFO - [2026-09-17T20:28:35.405+0000] {dag.py:3239} INFO - Sync 4 DAGs
[2026-09-17T20:28:35.431+0000] {logging_mixin.py:190} INFO - [2026-09-17T20:28:35.431+0000] {dag.py:4180} INFO - Setting next_dagrun for dataset_alias_example_alias_consumer_with_no_taskflow to None, run_after=None
[2026-09-17T20:28:35.436+0000] {logging_mixin.py:190} INFO - [2026-09-17T20:28:35.436+0000] {dag.py:4180} INFO - Setting next_dagrun for dataset_alias_example_alias_producer_with_no_taskflow to None, run_after=None
[2026-09-17T20:28:35.440+0000] {logging_mixin.py:190} INFO - [2026-09-17T20:28:35.439+0000] {dag.py:4180} INFO - Setting next_dagrun for dataset_s3_bucket_consumer_with_no_taskflow to None, run_after=None
[2026-09-17T20:28:35.443+0000] {logging_mixin.py:190} INFO - [2026-09-17T20:28:35.442+0000] {dag.py:4180} INFO - Setting next_dagrun for dataset_s3_bucket_producer_with_no_taskflow to None, run_after=None
[2026-09-17T20:28:35.479+0000] {processor.py:208} INFO - Processing /home/airflow/.local/lib/python3.12/site-packages/airflow/example_dags/example_dataset_alias_with_no_taskflow.py took 0.639 seconds
[2026-09-17T20:29:05.551+0000] {processor.py:186} INFO - Started process (PID=130) to work on /home/airflow/.local/lib/python3.12/site-packages/airflow/example_dags/example_dataset_alias_with_no_taskflow.py
[2026-09-17T20:29:05.553+0000] {processor.py:914} INFO - Processing file /home/airflow/.local/lib/python3.12/site-packages/airflow/example_dags/example_dataset_alias_with_no_taskflow.py for tasks to queue
[2026-09-17T20:29:05.556+0000] {logging_mixin.py:190} INFO - [2026-09-17T20:29:05.555+0000] {dagbag.py:588} INFO - Filling up the DagBag from /home/airflow/.local/lib/python3.12/site-packages/airflow/example_dags/example_dataset_alias_with_no_taskflow.py
[2026-09-17T20:29:06.127+0000] {processor.py:925} INFO - DAG(s) 'dataset_alias_example_alias_consumer_with_no_taskflow', 'dataset_alias_example_alias_producer_with_no_taskflow', 'dataset_s3_bucket_producer_with_no_taskflow', 'dataset_s3_bucket_consumer_with_no_taskflow' retrieved from /home/airflow/.local/lib/python3.12/site-packages/airflow/example_dags/example_dataset_alias_with_no_taskflow.py
[2026-09-17T20:29:06.163+0000] {logging_mixin.py:190} INFO - [2026-09-17T20:29:06.162+0000] {dag.py:3239} INFO - Sync 4 DAGs
[2026-09-17T20:29:06.444+0000] {logging_mixin.py:190} INFO - [2026-09-17T20:29:06.444+0000] {dag.py:4180} INFO - Setting next_dagrun for dataset_alias_example_alias_consumer_with_no_taskflow to None, run_after=None
[2026-09-17T20:29:06.450+0000] {logging_mixin.py:190} INFO - [2026-09-17T20:29:06.450+0000] {dag.py:4180} INFO - Setting next_dagrun for dataset_alias_example_alias_producer_with_no_taskflow to None, run_after=None
[2026-09-17T20:29:06.454+0000] {logging_mixin.py:190} INFO - [2026-09-17T20:29:06.453+0000] {dag.py:4180} INFO - Setting next_dagrun for dataset_s3_bucket_consumer_with_no_taskflow to None, run_after=None
[2026-09-17T20:29:06.457+0000] {logging_mixin.py:190} INFO - [2026-09-17T20:29:06.457+0000] {dag.py:4180} INFO - Setting next_dagrun for dataset_s3_bucket_producer_with_no_taskflow to None, run_after=None
[2026-09-17T20:29:06.490+0000] {processor.py:208} INFO - Processing /home/airflow/.local/lib/python3.12/site-packages/airflow/example_dags/example_dataset_alias_with_no_taskflow.py took 0.945 seconds
[2026-09-17T20:29:36.697+0000] {processor.py:186} INFO - Started process (PID=188) to work on /home/airflow/.local/lib/python3.12/site-packages/airflow/example_dags/example_dataset_alias_with_no_taskflow.py
[2026-09-17T20:29:36.700+0000] {processor.py:914} INFO - Processing file /home/airflow/.local/lib/python3.12/site-packages/airflow/example_dags/example_dataset_alias_with_no_taskflow.py for tasks to queue
[2026-09-17T20:29:36.703+0000] {logging_mixin.py:190} INFO - [2026-09-17T20:29:36.703+0000] {dagbag.py:588} INFO - Filling up the DagBag from /home/airflow/.local/lib/python3.12/site-packages/airflow/example_dags/example_dataset_alias_with_no_taskflow.py
[2026-09-17T20:29:37.251+0000] {processor.py:925} INFO - DAG(s) 'dataset_alias_example_alias_consumer_with_no_taskflow', 'dataset_alias_example_alias_producer_with_no_taskflow', 'dataset_s3_bucket_consumer_with_no_taskflow', 'dataset_s3_bucket_producer_with_no_taskflow' retrieved from /home/airflow/.local/lib/python3.12/site-packages/airflow/example_dags/example_dataset_alias_with_no_taskflow.py
[2026-09-17T20:29:37.281+0000] {logging_mixin.py:190} INFO - [2026-09-17T20:29:37.281+0000] {dag.py:3239} INFO - Sync 4 DAGs
[2026-09-17T20:29:37.533+0000] {logging_mixin.py:190} INFO - [2026-09-17T20:29:37.532+0000] {dag.py:4180} INFO - Setting next_dagrun for dataset_alias_example_alias_consumer_with_no_taskflow to None, run_after=None
[2026-09-17T20:29:37.538+0000] {logging_mixin.py:190} INFO - [2026-09-17T20:29:37.538+0000] {dag.py:4180} INFO - Setting next_dagrun for dataset_alias_example_alias_producer_with_no_taskflow to None, run_after=None
[2026-09-17T20:29:37.542+0000] {logging_mixin.py:190} INFO - [2026-09-17T20:29:37.541+0000] {dag.py:4180} INFO - Setting next_dagrun for dataset_s3_bucket_consumer_with_no_taskflow to None, run_after=None
[2026-09-17T20:29:37.545+0000] {logging_mixin.py:190} INFO - [2026-09-17T20:29:37.545+0000] {dag.py:4180} INFO - Setting next_dagrun for dataset_s3_bucket_producer_with_no_taskflow to None, run_after=None
[2026-09-17T20:29:37.584+0000] {processor.py:208} INFO - Processing /home/airflow/.local/lib/python3.12/site-packages/airflow/example_dags/example_dataset_alias_with_no_taskflow.py took 0.893 seconds
[2026-09-17T20:30:07.779+0000] {processor.py:186} INFO - Started process (PID=253) to work on /home/airflow/.local/lib/python3.12/site-packages/airflow/example_dags/example_dataset_alias_with_no_taskflow.py
[2026-09-17T20:30:07.781+0000] {processor.py:914} INFO - Processing file /home/airflow/.local/lib/python3.12/site-packages/airflow/example_dags/example_dataset_alias_with_no_taskflow.py for tasks to queue
[2026-09-17T20:30:07.783+0000] {logging_mixin.py:190} INFO - [2026-09-17T20:30:07.782+0000] {dagbag.py:588} INFO - Filling up the DagBag from /home/airflow/.local/lib/python3.12/site-packages/airflow/example_dags/example_dataset_alias_with_no_taskflow.py
[2026-09-17T20:30:08.227+0000] {processor.py:925} INFO - DAG(s) 'dataset_s3_bucket_producer_with_no_taskflow', 'dataset_s3_bucket_consumer_with_no_taskflow', 'dataset_alias_example_alias_producer_with_no_taskflow', 'dataset_alias_example_alias_consumer_with_no_taskflow' retrieved from /home/airflow/.local/lib/python3.12/site-packages/airflow/example_dags/example_dataset_alias_with_no_taskflow.py
[2026-09-17T20:30:08.267+0000] {logging_mixin.py:190} INFO - [2026-09-17T20:30:08.266+0000] {dag.py:3239} INFO - Sync 4 DAGs
[2026-09-17T20:30:08.306+0000] {logging_mixin.py:190} INFO - [2026-09-17T20:30:08.306+0000] {dag.py:4180} INFO - Setting next_dagrun for dataset_alias_example_alias_consumer_with_no_taskflow to None, run_after=None
[2026-09-17T20:30:08.312+0000] {logging_mixin.py:190} INFO - [2026-09-17T20:30:08.312+0000] {dag.py:4180} INFO - Setting next_dagrun for dataset_alias_example_alias_producer_with_no_taskflow to None, run_after=None
[2026-09-17T20:30:08.528+0000] {logging_mixin.py:190} INFO - [2026-09-17T20:30:08.528+0000] {dag.py:4180} INFO - Setting next_dagrun for dataset_s3_bucket_consumer_with_no_taskflow to None, run_after=None
[2026-09-17T20:30:08.531+0000] {logging_mixin.py:190} INFO - [2026-09-17T20:30:08.531+0000] {dag.py:4180} INFO - Setting next_dagrun for dataset_s3_bucket_producer_with_no_taskflow to None, run_after=None
[2026-09-17T20:30:08.560+0000] {processor.py:208} INFO - Processing /home/airflow/.local/lib/python3.12/site-packages/airflow/example_dags/example_dataset_alias_with_no_taskflow.py took 0.787 seconds
[2026-09-17T20:30:38.902+0000] {processor.py:186} INFO - Started process (PID=318) to work on /home/airflow/.local/lib/python3.12/site-packages/airflow/example_dags/example_dataset_alias_with_no_taskflow.py
[2026-09-17T20:30:38.906+0000] {processor.py:914} INFO - Processing file /home/airflow/.local/lib/python3.12/site-packages/airflow/example_dags/example_dataset_alias_with_no_taskflow.py for tasks to queue
[2026-09-17T20:30:38.908+0000] {logging_mixin.py:190} INFO - [2026-09-17T20:30:38.908+0000] {dagbag.py:588} INFO - Filling up the DagBag from /home/airflow/.local/lib/python3.12/site-packages/airflow/example_dags/example_dataset_alias_with_no_taskflow.py
[2026-09-17T20:30:39.414+0000] {processor.py:925} INFO - DAG(s) 'dataset_s3_bucket_producer_with_no_taskflow', 'dataset_alias_example_alias_producer_with_no_taskflow', 'dataset_s3_bucket_consumer_with_no_taskflow', 'dataset_alias_example_alias_consumer_with_no_taskflow' retrieved from /home/airflow/.local/lib/python3.12/site-packages/airflow/example_dags/example_dataset_alias_with_no_taskflow.py
[2026-09-17T20:30:39.441+0000] {logging_mixin.py:190} INFO - [2026-09-17T20:30:39.440+0000] {dag.py:3239} INFO - Sync 4 DAGs
[2026-09-17T20:30:39.472+0000] {logging_mixin.py:190} INFO - [2026-09-17T20:30:39.472+0000] {dag.py:4180} INFO - Setting next_dagrun for dataset_alias_example_alias_consumer_with_no_taskflow to None, run_after=None
[2026-09-17T20:30:39.476+0000] {logging_mixin.py:190} INFO - [2026-09-17T20:30:39.476+0000] {dag.py:4180} INFO - Setting next_dagrun for dataset_alias_example_alias_producer_with_no_taskflow to None, run_after=None
[2026-09-17T20:30:39.479+0000] {logging_mixin.py:190} INFO - [2026-09-17T20:30:39.479+0000] {dag.py:4180} INFO - Setting next_dagrun for dataset_s3_bucket_consumer_with_no_taskflow to None, run_after=None
[2026-09-17T20:30:39.482+0000] {logging_mixin.py:190} INFO - [2026-09-17T20:30:39.481+0000] {dag.py:4180} INFO - Setting next_dagrun for dataset_s3_bucket_producer_with_no_taskflow to None, run_after=None
[2026-09-17T20:30:39.514+0000] {processor.py:208} INFO - Processing /home/airflow/.local/lib/python3.12/site-packages/airflow/example_dags/example_dataset_alias_with_no_taskflow.py took 0.620 seconds
[2026-09-17T20:31:09.602+0000] {processor.py:186} INFO - Started process (PID=382) to work on /home/airflow/.local/lib/python3.12/site-packages/airflow/example_dags/example_dataset_alias_with_no_taskflow.py
[2026-09-17T20:31:09.604+0000] {processor.py:914} INFO - Processing file /home/airflow/.local/lib/python3.12/site-packages/airflow/example_dags/example_dataset_alias_with_no_taskflow.py for tasks to queue
[2026-09-17T20:31:09.607+0000] {logging_mixin.py:190} INFO - [2026-09-17T20:31:09.606+0000] {dagbag.py:588} INFO - Filling up the DagBag from /home/airflow/.local/lib/python3.12/site-packages/airflow/example_dags/example_dataset_alias_with_no_taskflow.py
[2026-09-17T20:31:10.059+0000] {processor.py:925} INFO - DAG(s) 'dataset_alias_example_alias_producer_with_no_taskflow', 'dataset_alias_example_alias_consumer_with_no_taskflow', 'dataset_s3_bucket_producer_with_no_taskflow', 'dataset_s3_bucket_consumer_with_no_taskflow' retrieved from /home/airflow/.local/lib/python3.12/site-packages/airflow/example_dags/example_dataset_alias_with_no_taskflow.py
[2026-09-17T20:31:10.254+0000] {logging_mixin.py:190} INFO - [2026-09-17T20:31:10.253+0000] {dag.py:3239} INFO - Sync 4 DAGs
[2026-09-17T20:31:10.275+0000] {logging_mixin.py:190} INFO - [2026-09-17T20:31:10.275+0000] {dag.py:4180} INFO - Setting next_dagrun for dataset_alias_example_alias_consumer_with_no_taskflow to None, run_after=None
[2026-09-17T20:31:10.279+0000] {logging_mixin.py:190} INFO - [2026-09-17T20:31:10.279+0000] {dag.py:4180} INFO - Setting next_dagrun for dataset_alias_example_alias_producer_with_no_taskflow to None, run_after=None
[2026-09-17T20:31:10.281+0000] {logging_mixin.py:190} INFO - [2026-09-17T20:31:10.281+0000] {dag.py:4180} INFO - Setting next_dagrun for dataset_s3_bucket_consumer_with_no_taskflow to None, run_after=None
[2026-09-17T20:31:10.284+0000] {logging_mixin.py:190} INFO - [2026-09-17T20:31:10.284+0000] {dag.py:4180} INFO - Setting next_dagrun for dataset_s3_bucket_producer_with_no_taskflow to None, run_after=None
[2026-09-17T20:31:10.309+0000] {processor.py:208} INFO - Processing /home/airflow/.local/lib/python3.12/site-packages/airflow/example_dags/example_dataset_alias_with_no_taskflow.py took 0.713 seconds
[2026-09-17T20:31:40.374+0000] {processor.py:186} INFO - Started process (PID=448) to work on /home/airflow/.local/lib/python3.12/site-packages/airflow/example_dags/example_dataset_alias_with_no_taskflow.py
[2026-09-17T20:31:40.376+0000] {processor.py:914} INFO - Processing file /home/airflow/.local/lib/python3.12/site-packages/airflow/example_dags/example_dataset_alias_with_no_taskflow.py for tasks to queue
[2026-09-17T20:31:40.378+0000] {logging_mixin.py:190} INFO - [2026-09-17T20:31:40.377+0000] {dagbag.py:588} INFO - Filling up the DagBag from /home/airflow/.local/lib/python3.12/site-packages/airflow/example_dags/example_dataset_alias_with_no_taskflow.py
[2026-09-17T20:31:40.906+0000] {processor.py:925} INFO - DAG(s) 'dataset_s3_bucket_producer_with_no_taskflow', 'dataset_alias_example_alias_producer_with_no_taskflow', 'dataset_alias_example_alias_consumer_with_no_taskflow', 'dataset_s3_bucket_consumer_with_no_taskflow' retrieved from /home/airflow/.local/lib/python3.12/site-packages/airflow/example_dags/example_dataset_alias_with_no_taskflow.py
[2026-09-17T20:31:41.188+0000] {logging_mixin.py:190} INFO - [2026-09-17T20:31:41.187+0000] {dag.py:3239} INFO - Sync 4 DAGs
[2026-09-17T20:31:41.218+0000] {logging_mixin.py:190} INFO - [2026-09-17T20:31:41.217+0000] {dag.py:4180} INFO - Setting next_dagrun for dataset_alias_example_alias_consumer_with_no_taskflow to None, run_after=None
[2026-09-17T20:31:41.225+0000] {logging_mixin.py:190} INFO - [2026-09-17T20:31:41.224+0000] {dag.py:4180} INFO - Setting next_dagrun for dataset_alias_example_alias_producer_with_no_taskflow to None, run_after=None
[2026-09-17T20:31:41.229+0000] {logging_mixin.py:190} INFO - [2026-09-17T20:31:41.228+0000] {dag.py:4180} INFO - Setting next_dagrun for dataset_s3_bucket_consumer_with_no_taskflow to None, run_after=None
[2026-09-17T20:31:41.232+0000] {logging_mixin.py:190} INFO - [2026-09-17T20:31:41.232+0000] {dag.py:4180} INFO - Setting next_dagrun for dataset_s3_bucket_producer_with_no_taskflow to None, run_after=None
[2026-09-17T20:31:41.267+0000] {processor.py:208} INFO - Processing /home/airflow/.local/lib/python3.12/site-packages/airflow/example_dags/example_dataset_alias_with_no_taskflow.py took 0.899 seconds
[2026-09-17T20:32:11.800+0000] {processor.py:186} INFO - Started process (PID=513) to work on /home/airflow/.local/lib/python3.12/site-packages/airflow/example_dags/example_dataset_alias_with_no_taskflow.py
[2026-09-17T20:32:11.802+0000] {processor.py:914} INFO - Processing file /home/airflow/.local/lib/python3.12/site-packages/airflow/example_dags/example_dataset_alias_with_no_taskflow.py for tasks to queue
[2026-09-17T20:32:11.805+0000] {logging_mixin.py:190} INFO - [2026-09-17T20:32:11.804+0000] {dagbag.py:588} INFO - Filling up the DagBag from /home/airflow/.local/lib/python3.12/site-packages/airflow/example_dags/example_dataset_alias_with_no_taskflow.py
[2026-09-17T20:32:14.196+0000] {processor.py:925} INFO - DAG(s) 'dataset_alias_example_alias_producer_with_no_taskflow', 'dataset_alias_example_alias_consumer_with_no_taskflow', 'dataset_s3_bucket_consumer_with_no_taskflow', 'dataset_s3_bucket_producer_with_no_taskflow' retrieved from /home/airflow/.local/lib/python3.12/site-packages/airflow/example_dags/example_dataset_alias_with_no_taskflow.py
[2026-09-17T20:32:14.226+0000] {logging_mixin.py:190} INFO - [2026-09-17T20:32:14.226+0000] {dag.py:3239} INFO - Sync 4 DAGs
[2026-09-17T20:32:15.701+0000] {logging_mixin.py:190} INFO - [2026-09-17T20:32:15.701+0000] {dag.py:4180} INFO - Setting next_dagrun for dataset_alias_example_alias_consumer_with_no_taskflow to None, run_after=None
[2026-09-17T20:32:15.705+0000] {logging_mixin.py:190} INFO - [2026-09-17T20:32:15.705+0000] {dag.py:4180} INFO - Setting next_dagrun for dataset_alias_example_alias_producer_with_no_taskflow to None, run_after=None
[2026-09-17T20:32:15.708+0000] {logging_mixin.py:190} INFO - [2026-09-17T20:32:15.708+0000] {dag.py:4180} INFO - Setting next_dagrun for dataset_s3_bucket_consumer_with_no_taskflow to None, run_after=None
[2026-09-17T20:32:15.711+0000] {logging_mixin.py:190} INFO - [2026-09-17T20:32:15.711+0000] {dag.py:4180} INFO - Setting next_dagrun for dataset_s3_bucket_producer_with_no_taskflow to None, run_after=None
[2026-09-17T20:32:17.007+0000] {processor.py:208} INFO - Processing /home/airflow/.local/lib/python3.12/site-packages/airflow/example_dags/example_dataset_alias_with_no_taskflow.py took 5.213 seconds
[2026-09-17T20:32:47.107+0000] {processor.py:186} INFO - Started process (PID=581) to work on /home/airflow/.local/lib/python3.12/site-packages/airflow/example_dags/example_dataset_alias_with_no_taskflow.py
[2026-09-17T20:32:47.115+0000] {processor.py:914} INFO - Processing file /home/airflow/.local/lib/python3.12/site-packages/airflow/example_dags/example_dataset_alias_with_no_taskflow.py for tasks to queue
[2026-09-17T20:32:47.119+0000] {logging_mixin.py:190} INFO - [2026-09-17T20:32:47.118+0000] {dagbag.py:588} INFO - Filling up the DagBag from /home/airflow/.local/lib/python3.12/site-packages/airflow/example_dags/example_dataset_alias_with_no_taskflow.py
[2026-09-17T20:32:47.601+0000] {processor.py:925} INFO - DAG(s) 'dataset_s3_bucket_consumer_with_no_taskflow', 'dataset_s3_bucket_producer_with_no_taskflow', 'dataset_alias_example_alias_producer_with_no_taskflow', 'dataset_alias_example_alias_consumer_with_no_taskflow' retrieved from /home/airflow/.local/lib/python3.12/site-packages/airflow/example_dags/example_dataset_alias_with_no_taskflow.py
[2026-09-17T20:32:47.630+0000] {logging_mixin.py:190} INFO - [2026-09-17T20:32:47.629+0000] {dag.py:3239} INFO - Sync 4 DAGs
[2026-09-17T20:32:47.866+0000] {logging_mixin.py:190} INFO - [2026-09-17T20:32:47.865+0000] {dag.py:4180} INFO - Setting next_dagrun for dataset_alias_example_alias_consumer_with_no_taskflow to None, run_after=None
[2026-09-17T20:32:47.870+0000] {logging_mixin.py:190} INFO - [2026-09-17T20:32:47.870+0000] {dag.py:4180} INFO - Setting next_dagrun for dataset_alias_example_alias_producer_with_no_taskflow to None, run_after=None
[2026-09-17T20:32:47.873+0000] {logging_mixin.py:190} INFO - [2026-09-17T20:32:47.873+0000] {dag.py:4180} INFO - Setting next_dagrun for dataset_s3_bucket_consumer_with_no_taskflow to None, run_after=None
[2026-09-17T20:32:47.876+0000] {logging_mixin.py:190} INFO - [2026-09-17T20:32:47.876+0000] {dag.py:4180} INFO - Setting next_dagrun for dataset_s3_bucket_producer_with_no_taskflow to None, run_after=None
[2026-09-17T20:32:47.906+0000] {processor.py:208} INFO - Processing /home/airflow/.local/lib/python3.12/site-packages/airflow/example_dags/example_dataset_alias_with_no_taskflow.py took 0.805 seconds
[2026-09-17T20:33:18.473+0000] {processor.py:186} INFO - Started process (PID=646) to work on /home/airflow/.local/lib/python3.12/site-packages/airflow/example_dags/example_dataset_alias_with_no_taskflow.py
[2026-09-17T20:33:18.477+0000] {processor.py:914} INFO - Processing file /home/airflow/.local/lib/python3.12/site-packages/airflow/example_dags/example_dataset_alias_with_no_taskflow.py for tasks to queue
[2026-09-17T20:33:18.481+0000] {logging_mixin.py:190} INFO - [2026-09-17T20:33:18.481+0000] {dagbag.py:588} INFO - Filling up the DagBag from /home/airflow/.local/lib/python3.12/site-packages/airflow/example_dags/example_dataset_alias_with_no_taskflow.py
[2026-09-17T20:33:19.242+0000] {processor.py:925} INFO - DAG(s) 'dataset_alias_example_alias_consumer_with_no_taskflow', 'dataset_s3_bucket_consumer_with_no_taskflow', 'dataset_s3_bucket_producer_with_no_taskflow', 'dataset_alias_example_alias_producer_with_no_taskflow' retrieved from /home/airflow/.local/lib/python3.12/site-packages/airflow/example_dags/example_dataset_alias_with_no_taskflow.py
[2026-09-17T20:33:19.265+0000] {logging_mixin.py:190} INFO - [2026-09-17T20:33:19.264+0000] {dag.py:3239} INFO - Sync 4 DAGs
[2026-09-17T20:33:19.290+0000] {logging_mixin.py:190} INFO - [2026-09-17T20:33:19.290+0000] {dag.py:4180} INFO - Setting next_dagrun for dataset_alias_example_alias_consumer_with_no_taskflow to None, run_after=None
[2026-09-17T20:33:19.294+0000] {logging_mixin.py:190} INFO - [2026-09-17T20:33:19.293+0000] {dag.py:4180} INFO - Setting next_dagrun for dataset_alias_example_alias_producer_with_no_taskflow to None, run_after=None
[2026-09-17T20:33:19.297+0000] {logging_mixin.py:190} INFO - [2026-09-17T20:33:19.296+0000] {dag.py:4180} INFO - Setting next_dagrun for dataset_s3_bucket_consumer_with_no_taskflow to None, run_after=None
[2026-09-17T20:33:19.300+0000] {logging_mixin.py:190} INFO - [2026-09-17T20:33:19.300+0000] {dag.py:4180} INFO - Setting next_dagrun for dataset_s3_bucket_producer_with_no_taskflow to None, run_after=None
[2026-09-17T20:33:19.325+0000] {processor.py:208} INFO - Processing /home/airflow/.local/lib/python3.12/site-packages/airflow/example_dags/example_dataset_alias_with_no_taskflow.py took 0.860 seconds
[2026-09-17T20:33:49.505+0000] {processor.py:186} INFO - Started process (PID=713) to work on /home/airflow/.local/lib/python3.12/site-packages/airflow/example_dags/example_dataset_alias_with_no_taskflow.py
[2026-09-17T20:33:49.507+0000] {processor.py:914} INFO - Processing file /home/airflow/.local/lib/python3.12/site-packages/airflow/example_dags/example_dataset_alias_with_no_taskflow.py for tasks to queue
[2026-09-17T20:33:49.509+0000] {logging_mixin.py:190} INFO - [2026-09-17T20:33:49.508+0000] {dagbag.py:588} INFO - Filling up the DagBag from /home/airflow/.local/lib/python3.12/site-packages/airflow/example_dags/example_dataset_alias_with_no_taskflow.py
[2026-09-17T20:33:50.167+0000] {processor.py:925} INFO - DAG(s) 'dataset_alias_example_alias_producer_with_no_taskflow', 'dataset_s3_bucket_producer_with_no_taskflow', 'dataset_alias_example_alias_consumer_with_no_taskflow', 'dataset_s3_bucket_consumer_with_no_taskflow' retrieved from /home/airflow/.local/lib/python3.12/site-packages/airflow/example_dags/example_dataset_alias_with_no_taskflow.py
[2026-09-17T20:33:50.190+0000] {logging_mixin.py:190} INFO - [2026-09-17T20:33:50.190+0000] {dag.py:3239} INFO - Sync 4 DAGs
[2026-09-17T20:33:50.216+0000] {logging_mixin.py:190} INFO - [2026-09-17T20:33:50.216+0000] {dag.py:4180} INFO - Setting next_dagrun for dataset_alias_example_alias_consumer_with_no_taskflow to None, run_after=None
[2026-09-17T20:33:50.221+0000] {logging_mixin.py:190} INFO - [2026-09-17T20:33:50.220+0000] {dag.py:4180} INFO - Setting next_dagrun for dataset_alias_example_alias_producer_with_no_taskflow to None, run_after=None
[2026-09-17T20:33:50.224+0000] {logging_mixin.py:190} INFO - [2026-09-17T20:33:50.224+0000] {dag.py:4180} INFO - Setting next_dagrun for dataset_s3_bucket_consumer_with_no_taskflow to None, run_after=None
[2026-09-17T20:33:50.227+0000] {logging_mixin.py:190} INFO - [2026-09-17T20:33:50.227+0000] {dag.py:4180} INFO - Setting next_dagrun for dataset_s3_bucket_producer_with_no_taskflow to None, run_after=None
[2026-09-17T20:33:50.256+0000] {processor.py:208} INFO - Processing /home/airflow/.local/lib/python3.12/site-packages/airflow/example_dags/example_dataset_alias_with_no_taskflow.py took 0.757 seconds
[2026-09-17T20:34:20.381+0000] {processor.py:186} INFO - Started process (PID=776) to work on /home/airflow/.local/lib/python3.12/site-packages/airflow/example_dags/example_dataset_alias_with_no_taskflow.py
[2026-09-17T20:34:20.383+0000] {processor.py:914} INFO - Processing file /home/airflow/.local/lib/python3.12/site-packages/airflow/example_dags/example_dataset_alias_with_no_taskflow.py for tasks to queue
[2026-09-17T20:34:20.386+0000] {logging_mixin.py:190} INFO - [2026-09-17T20:34:20.385+0000] {dagbag.py:588} INFO - Filling up the DagBag from /home/airflow/.local/lib/python3.12/site-packages/airflow/example_dags/example_dataset_alias_with_no_taskflow.py
[2026-09-17T20:34:21.239+0000] {processor.py:925} INFO - DAG(s) 'dataset_alias_example_alias_producer_with_no_taskflow', 'dataset_alias_example_alias_consumer_with_no_taskflow', 'dataset_s3_bucket_consumer_with_no_taskflow', 'dataset_s3_bucket_producer_with_no_taskflow' retrieved from /home/airflow/.local/lib/python3.12/site-packages/airflow/example_dags/example_dataset_alias_with_no_taskflow.py
[2026-09-17T20:34:21.270+0000] {logging_mixin.py:190} INFO - [2026-09-17T20:34:21.270+0000] {dag.py:3239} INFO - Sync 4 DAGs
[2026-09-17T20:34:21.297+0000] {logging_mixin.py:190} INFO - [2026-09-17T20:34:21.297+0000] {dag.py:4180} INFO - Setting next_dagrun for dataset_alias_example_alias_consumer_with_no_taskflow to None, run_after=None
[2026-09-17T20:34:21.301+0000] {logging_mixin.py:190} INFO - [2026-09-17T20:34:21.301+0000] {dag.py:4180} INFO - Setting next_dagrun for dataset_alias_example_alias_producer_with_no_taskflow to None, run_after=None
[2026-09-17T20:34:21.305+0000] {logging_mixin.py:190} INFO - [2026-09-17T20:34:21.304+0000] {dag.py:4180} INFO - Setting next_dagrun for dataset_s3_bucket_consumer_with_no_taskflow to None, run_after=None
[2026-09-17T20:34:21.308+0000] {logging_mixin.py:190} INFO - [2026-09-17T20:34:21.308+0000] {dag.py:4180} INFO - Setting next_dagrun for dataset_s3_bucket_producer_with_no_taskflow to None, run_after=None
[2026-09-17T20:34:21.339+0000] {processor.py:208} INFO - Processing /home/airflow/.local/lib/python3.12/site-packages/airflow/example_dags/example_dataset_alias_with_no_taskflow.py took 0.965 seconds
[2026-09-17T20:34:51.603+0000] {processor.py:186} INFO - Started process (PID=846) to work on /home/airflow/.local/lib/python3.12/site-packages/airflow/example_dags/example_dataset_alias_with_no_taskflow.py
[2026-09-17T20:34:51.605+0000] {processor.py:914} INFO - Processing file /home/airflow/.local/lib/python3.12/site-packages/airflow/example_dags/example_dataset_alias_with_no_taskflow.py for tasks to queue
[2026-09-17T20:34:51.608+0000] {logging_mixin.py:190} INFO - [2026-09-17T20:34:51.608+0000] {dagbag.py:588} INFO - Filling up the DagBag from /home/airflow/.local/lib/python3.12/site-packages/airflow/example_dags/example_dataset_alias_with_no_taskflow.py
[2026-09-17T20:34:52.497+0000] {processor.py:925} INFO - DAG(s) 'dataset_s3_bucket_consumer_with_no_taskflow', 'dataset_s3_bucket_producer_with_no_taskflow', 'dataset_alias_example_alias_consumer_with_no_taskflow', 'dataset_alias_example_alias_producer_with_no_taskflow' retrieved from /home/airflow/.local/lib/python3.12/site-packages/airflow/example_dags/example_dataset_alias_with_no_taskflow.py
[2026-09-17T20:34:52.526+0000] {logging_mixin.py:190} INFO - [2026-09-17T20:34:52.526+0000] {dag.py:3239} INFO - Sync 4 DAGs
[2026-09-17T20:34:52.554+0000] {logging_mixin.py:190} INFO - [2026-09-17T20:34:52.554+0000] {dag.py:4180} INFO - Setting next_dagrun for dataset_alias_example_alias_consumer_with_no_taskflow to None, run_after=None
[2026-09-17T20:34:52.558+0000] {logging_mixin.py:190} INFO - [2026-09-17T20:34:52.558+0000] {dag.py:4180} INFO - Setting next_dagrun for dataset_alias_example_alias_producer_with_no_taskflow to None, run_after=None
[2026-09-17T20:34:52.562+0000] {logging_mixin.py:190} INFO - [2026-09-17T20:34:52.562+0000] {dag.py:4180} INFO - Setting next_dagrun for dataset_s3_bucket_consumer_with_no_taskflow to None, run_after=None
[2026-09-17T20:34:52.565+0000] {logging_mixin.py:190} INFO - [2026-09-17T20:34:52.565+0000] {dag.py:4180} INFO - Setting next_dagrun for dataset_s3_bucket_producer_with_no_taskflow to None, run_after=None
[2026-09-17T20:34:52.592+0000] {processor.py:208} INFO - Processing /home/airflow/.local/lib/python3.12/site-packages/airflow/example_dags/example_dataset_alias_with_no_taskflow.py took 0.998 seconds
[2026-09-17T20:35:22.941+0000] {processor.py:186} INFO - Started process (PID=912) to work on /home/airflow/.local/lib/python3.12/site-packages/airflow/example_dags/example_dataset_alias_with_no_taskflow.py
[2026-09-17T20:35:22.943+0000] {processor.py:914} INFO - Processing file /home/airflow/.local/lib/python3.12/site-packages/airflow/example_dags/example_dataset_alias_with_no_taskflow.py for tasks to queue
[2026-09-17T20:35:22.946+0000] {logging_mixin.py:190} INFO - [2026-09-17T20:35:22.946+0000] {dagbag.py:588} INFO - Filling up the DagBag from /home/airflow/.local/lib/python3.12/site-packages/airflow/example_dags/example_dataset_alias_with_no_taskflow.py
[2026-09-17T20:35:23.607+0000] {processor.py:925} INFO - DAG(s) 'dataset_s3_bucket_consumer_with_no_taskflow', 'dataset_alias_example_alias_producer_with_no_taskflow', 'dataset_s3_bucket_producer_with_no_taskflow', 'dataset_alias_example_alias_consumer_with_no_taskflow' retrieved from /home/airflow/.local/lib/python3.12/site-packages/airflow/example_dags/example_dataset_alias_with_no_taskflow.py
[2026-09-17T20:35:23.636+0000] {logging_mixin.py:190} INFO - [2026-09-17T20:35:23.635+0000] {dag.py:3239} INFO - Sync 4 DAGs
[2026-09-17T20:35:23.660+0000] {logging_mixin.py:190} INFO - [2026-09-17T20:35:23.660+0000] {dag.py:4180} INFO - Setting next_dagrun for dataset_alias_example_alias_consumer_with_no_taskflow to None, run_after=None
[2026-09-17T20:35:23.664+0000] {logging_mixin.py:190} INFO - [2026-09-17T20:35:23.664+0000] {dag.py:4180} INFO - Setting next_dagrun for dataset_alias_example_alias_producer_with_no_taskflow to None, run_after=None
[2026-09-17T20:35:23.668+0000] {logging_mixin.py:190} INFO - [2026-09-17T20:35:23.668+0000] {dag.py:4180} INFO - Setting next_dagrun for dataset_s3_bucket_consumer_with_no_taskflow to None, run_after=None
[2026-09-17T20:35:23.670+0000] {logging_mixin.py:190} INFO - [2026-09-17T20:35:23.670+0000] {dag.py:4180} INFO - Setting next_dagrun for dataset_s3_bucket_producer_with_no_taskflow to None, run_after=None
[2026-09-17T20:35:23.700+0000] {processor.py:208} INFO - Processing /home/airflow/.local/lib/python3.12/site-packages/airflow/example_dags/example_dataset_alias_with_no_taskflow.py took 0.765 seconds
[2026-09-17T20:35:53.929+0000] {processor.py:186} INFO - Started process (PID=982) to work on /home/airflow/.local/lib/python3.12/site-packages/airflow/example_dags/example_dataset_alias_with_no_taskflow.py
[2026-09-17T20:35:53.931+0000] {processor.py:914} INFO - Processing file /home/airflow/.local/lib/python3.12/site-packages/airflow/example_dags/example_dataset_alias_with_no_taskflow.py for tasks to queue
[2026-09-17T20:35:53.935+0000] {logging_mixin.py:190} INFO - [2026-09-17T20:35:53.934+0000] {dagbag.py:588} INFO - Filling up the DagBag from /home/airflow/.local/lib/python3.12/site-packages/airflow/example_dags/example_dataset_alias_with_no_taskflow.py
[2026-09-17T20:35:54.764+0000] {processor.py:925} INFO - DAG(s) 'dataset_alias_example_alias_consumer_with_no_taskflow', 'dataset_alias_example_alias_producer_with_no_taskflow', 'dataset_s3_bucket_consumer_with_no_taskflow', 'dataset_s3_bucket_producer_with_no_taskflow' retrieved from /home/airflow/.local/lib/python3.12/site-packages/airflow/example_dags/example_dataset_alias_with_no_taskflow.py
[2026-09-17T20:35:54.794+0000] {logging_mixin.py:190} INFO - [2026-09-17T20:35:54.793+0000] {dag.py:3239} INFO - Sync 4 DAGs
[2026-09-17T20:35:54.819+0000] {logging_mixin.py:190} INFO - [2026-09-17T20:35:54.819+0000] {dag.py:4180} INFO - Setting next_dagrun for dataset_alias_example_alias_consumer_with_no_taskflow to None, run_after=None
[2026-09-17T20:35:54.824+0000] {logging_mixin.py:190} INFO - [2026-09-17T20:35:54.823+0000] {dag.py:4180} INFO - Setting next_dagrun for dataset_alias_example_alias_producer_with_no_taskflow to None, run_after=None
[2026-09-17T20:35:54.827+0000] {logging_mixin.py:190} INFO - [2026-09-17T20:35:54.827+0000] {dag.py:4180} INFO - Setting next_dagrun for dataset_s3_bucket_consumer_with_no_taskflow to None, run_after=None
[2026-09-17T20:35:54.829+0000] {logging_mixin.py:190} INFO - [2026-09-17T20:35:54.829+0000] {dag.py:4180} INFO - Setting next_dagrun for dataset_s3_bucket_producer_with_no_taskflow to None, run_after=None
[2026-09-17T20:35:54.859+0000] {processor.py:208} INFO - Processing /home/airflow/.local/lib/python3.12/site-packages/airflow/example_dags/example_dataset_alias_with_no_taskflow.py took 0.940 seconds
[2026-09-17T20:36:24.990+0000] {processor.py:186} INFO - Started process (PID=1046) to work on /home/airflow/.local/lib/python3.12/site-packages/airflow/example_dags/example_dataset_alias_with_no_taskflow.py
[2026-09-17T20:36:24.992+0000] {processor.py:914} INFO - Processing file /home/airflow/.local/lib/python3.12/site-packages/airflow/example_dags/example_dataset_alias_with_no_taskflow.py for tasks to queue
[2026-09-17T20:36:24.994+0000] {logging_mixin.py:190} INFO - [2026-09-17T20:36:24.994+0000] {dagbag.py:588} INFO - Filling up the DagBag from /home/airflow/.local/lib/python3.12/site-packages/airflow/example_dags/example_dataset_alias_with_no_taskflow.py
[2026-09-17T20:36:25.717+0000] {processor.py:925} INFO - DAG(s) 'dataset_alias_example_alias_consumer_with_no_taskflow', 'dataset_alias_example_alias_producer_with_no_taskflow', 'dataset_s3_bucket_consumer_with_no_taskflow', 'dataset_s3_bucket_producer_with_no_taskflow' retrieved from /home/airflow/.local/lib/python3.12/site-packages/airflow/example_dags/example_dataset_alias_with_no_taskflow.py
[2026-09-17T20:36:25.747+0000] {logging_mixin.py:190} INFO - [2026-09-17T20:36:25.746+0000] {dag.py:3239} INFO - Sync 4 DAGs
[2026-09-17T20:36:25.773+0000] {logging_mixin.py:190} INFO - [2026-09-17T20:36:25.773+0000] {dag.py:4180} INFO - Setting next_dagrun for dataset_alias_example_alias_consumer_with_no_taskflow to None, run_after=None
[2026-09-17T20:36:25.778+0000] {logging_mixin.py:190} INFO - [2026-09-17T20:36:25.777+0000] {dag.py:4180} INFO - Setting next_dagrun for dataset_alias_example_alias_producer_with_no_taskflow to None, run_after=None
[2026-09-17T20:36:25.780+0000] {logging_mixin.py:190} INFO - [2026-09-17T20:36:25.780+0000] {dag.py:4180} INFO - Setting next_dagrun for dataset_s3_bucket_consumer_with_no_taskflow to None, run_after=None
[2026-09-17T20:36:25.782+0000] {logging_mixin.py:190} INFO - [2026-09-17T20:36:25.782+0000] {dag.py:4180} INFO - Setting next_dagrun for dataset_s3_bucket_producer_with_no_taskflow to None, run_after=None
[2026-09-17T20:36:25.816+0000] {processor.py:208} INFO - Processing /home/airflow/.local/lib/python3.12/site-packages/airflow/example_dags/example_dataset_alias_with_no_taskflow.py took 0.833 seconds
[2026-09-17T20:36:56.342+0000] {processor.py:186} INFO - Started process (PID=1104) to work on /home/airflow/.local/lib/python3.12/site-packages/airflow/example_dags/example_dataset_alias_with_no_taskflow.py
[2026-09-17T20:36:56.344+0000] {processor.py:914} INFO - Processing file /home/airflow/.local/lib/python3.12/site-packages/airflow/example_dags/example_dataset_alias_with_no_taskflow.py for tasks to queue
[2026-09-17T20:36:56.346+0000] {logging_mixin.py:190} INFO - [2026-09-17T20:36:56.346+0000] {dagbag.py:588} INFO - Filling up the DagBag from /home/airflow/.local/lib/python3.12/site-packages/airflow/example_dags/example_dataset_alias_with_no_taskflow.py
[2026-09-17T20:36:57.004+0000] {processor.py:925} INFO - DAG(s) 'dataset_s3_bucket_consumer_with_no_taskflow', 'dataset_alias_example_alias_consumer_with_no_taskflow', 'dataset_alias_example_alias_producer_with_no_taskflow', 'dataset_s3_bucket_producer_with_no_taskflow' retrieved from /home/airflow/.local/lib/python3.12/site-packages/airflow/example_dags/example_dataset_alias_with_no_taskflow.py
[2026-09-17T20:36:57.031+0000] {logging_mixin.py:190} INFO - [2026-09-17T20:36:57.031+0000] {dag.py:3239} INFO - Sync 4 DAGs
[2026-09-17T20:36:57.058+0000] {logging_mixin.py:190} INFO - [2026-09-17T20:36:57.058+0000] {dag.py:4180} INFO - Setting next_dagrun for dataset_alias_example_alias_consumer_with_no_taskflow to None, run_after=None
[2026-09-17T20:36:57.063+0000] {logging_mixin.py:190} INFO - [2026-09-17T20:36:57.063+0000] {dag.py:4180} INFO - Setting next_dagrun for dataset_alias_example_alias_producer_with_no_taskflow to None, run_after=None
[2026-09-17T20:36:57.066+0000] {logging_mixin.py:190} INFO - [2026-09-17T20:36:57.065+0000] {dag.py:4180} INFO - Setting next_dagrun for dataset_s3_bucket_consumer_with_no_taskflow to None, run_after=None
[2026-09-17T20:36:57.069+0000] {logging_mixin.py:190} INFO - [2026-09-17T20:36:57.068+0000] {dag.py:4180} INFO - Setting next_dagrun for dataset_s3_bucket_producer_with_no_taskflow to None, run_after=None
[2026-09-17T20:36:57.095+0000] {processor.py:208} INFO - Processing /home/airflow/.local/lib/python3.12/site-packages/airflow/example_dags/example_dataset_alias_with_no_taskflow.py took 0.760 seconds
[2026-09-17T20:37:27.775+0000] {processor.py:186} INFO - Started process (PID=1169) to work on /home/airflow/.local/lib/python3.12/site-packages/airflow/example_dags/example_dataset_alias_with_no_taskflow.py
[2026-09-17T20:37:27.777+0000] {processor.py:914} INFO - Processing file /home/airflow/.local/lib/python3.12/site-packages/airflow/example_dags/example_dataset_alias_with_no_taskflow.py for tasks to queue
[2026-09-17T20:37:27.779+0000] {logging_mixin.py:190} INFO - [2026-09-17T20:37:27.779+0000] {dagbag.py:588} INFO - Filling up the DagBag from /home/airflow/.local/lib/python3.12/site-packages/airflow/example_dags/example_dataset_alias_with_no_taskflow.py
[2026-09-17T20:37:28.455+0000] {processor.py:925} INFO - DAG(s) 'dataset_alias_example_alias_producer_with_no_taskflow', 'dataset_s3_bucket_producer_with_no_taskflow', 'dataset_s3_bucket_consumer_with_no_taskflow', 'dataset_alias_example_alias_consumer_with_no_taskflow' retrieved from /home/airflow/.local/lib/python3.12/site-packages/airflow/example_dags/example_dataset_alias_with_no_taskflow.py
[2026-09-17T20:37:28.480+0000] {logging_mixin.py:190} INFO - [2026-09-17T20:37:28.480+0000] {dag.py:3239} INFO - Sync 4 DAGs
[2026-09-17T20:37:28.506+0000] {logging_mixin.py:190} INFO - [2026-09-17T20:37:28.506+0000] {dag.py:4180} INFO - Setting next_dagrun for dataset_alias_example_alias_consumer_with_no_taskflow to None, run_after=None
[2026-09-17T20:37:28.510+0000] {logging_mixin.py:190} INFO - [2026-09-17T20:37:28.510+0000] {dag.py:4180} INFO - Setting next_dagrun for dataset_alias_example_alias_producer_with_no_taskflow to None, run_after=None
[2026-09-17T20:37:28.514+0000] {logging_mixin.py:190} INFO - [2026-09-17T20:37:28.513+0000] {dag.py:4180} INFO - Setting next_dagrun for dataset_s3_bucket_consumer_with_no_taskflow to None, run_after=None
[2026-09-17T20:37:28.516+0000] {logging_mixin.py:190} INFO - [2026-09-17T20:37:28.516+0000] {dag.py:4180} INFO - Setting next_dagrun for dataset_s3_bucket_producer_with_no_taskflow to None, run_after=None
[2026-09-17T20:37:28.546+0000] {processor.py:208} INFO - Processing /home/airflow/.local/lib/python3.12/site-packages/airflow/example_dags/example_dataset_alias_with_no_taskflow.py took 0.777 seconds
[2026-09-17T20:37:58.647+0000] {processor.py:186} INFO - Started process (PID=1234) to work on /home/airflow/.local/lib/python3.12/site-packages/airflow/example_dags/example_dataset_alias_with_no_taskflow.py
[2026-09-17T20:37:58.649+0000] {processor.py:914} INFO - Processing file /home/airflow/.local/lib/python3.12/site-packages/airflow/example_dags/example_dataset_alias_with_no_taskflow.py for tasks to queue
[2026-09-17T20:37:58.651+0000] {logging_mixin.py:190} INFO - [2026-09-17T20:37:58.651+0000] {dagbag.py:588} INFO - Filling up the DagBag from /home/airflow/.local/lib/python3.12/site-packages/airflow/example_dags/example_dataset_alias_with_no_taskflow.py
[2026-09-17T20:37:59.448+0000] {processor.py:925} INFO - DAG(s) 'dataset_alias_example_alias_consumer_with_no_taskflow', 'dataset_s3_bucket_consumer_with_no_taskflow', 'dataset_s3_bucket_producer_with_no_taskflow', 'dataset_alias_example_alias_producer_with_no_taskflow' retrieved from /home/airflow/.local/lib/python3.12/site-packages/airflow/example_dags/example_dataset_alias_with_no_taskflow.py
[2026-09-17T20:37:59.476+0000] {logging_mixin.py:190} INFO - [2026-09-17T20:37:59.475+0000] {dag.py:3239} INFO - Sync 4 DAGs
[2026-09-17T20:37:59.504+0000] {logging_mixin.py:190} INFO - [2026-09-17T20:37:59.504+0000] {dag.py:4180} INFO - Setting next_dagrun for dataset_alias_example_alias_consumer_with_no_taskflow to None, run_after=None
[2026-09-17T20:37:59.509+0000] {logging_mixin.py:190} INFO - [2026-09-17T20:37:59.509+0000] {dag.py:4180} INFO - Setting next_dagrun for dataset_alias_example_alias_producer_with_no_taskflow to None, run_after=None
[2026-09-17T20:37:59.512+0000] {logging_mixin.py:190} INFO - [2026-09-17T20:37:59.511+0000] {dag.py:4180} INFO - Setting next_dagrun for dataset_s3_bucket_consumer_with_no_taskflow to None, run_after=None
[2026-09-17T20:37:59.515+0000] {logging_mixin.py:190} INFO - [2026-09-17T20:37:59.514+0000] {dag.py:4180} INFO - Setting next_dagrun for dataset_s3_bucket_producer_with_no_taskflow to None, run_after=None
[2026-09-17T20:37:59.544+0000] {processor.py:208} INFO - Processing /home/airflow/.local/lib/python3.12/site-packages/airflow/example_dags/example_dataset_alias_with_no_taskflow.py took 0.903 seconds
[2026-09-17T20:38:29.669+0000] {processor.py:186} INFO - Started process (PID=1299) to work on /home/airflow/.local/lib/python3.12/site-packages/airflow/example_dags/example_dataset_alias_with_no_taskflow.py
[2026-09-17T20:38:29.671+0000] {processor.py:914} INFO - Processing file /home/airflow/.local/lib/python3.12/site-packages/airflow/example_dags/example_dataset_alias_with_no_taskflow.py for tasks to queue
[2026-09-17T20:38:29.674+0000] {logging_mixin.py:190} INFO - [2026-09-17T20:38:29.674+0000] {dagbag.py:588} INFO - Filling up the DagBag from /home/airflow/.local/lib/python3.12/site-packages/airflow/example_dags/example_dataset_alias_with_no_taskflow.py
[2026-09-17T20:38:30.259+0000] {processor.py:925} INFO - DAG(s) 'dataset_alias_example_alias_consumer_with_no_taskflow', 'dataset_alias_example_alias_producer_with_no_taskflow', 'dataset_s3_bucket_producer_with_no_taskflow', 'dataset_s3_bucket_consumer_with_no_taskflow' retrieved from /home/airflow/.local/lib/python3.12/site-packages/airflow/example_dags/example_dataset_alias_with_no_taskflow.py
[2026-09-17T20:38:30.283+0000] {logging_mixin.py:190} INFO - [2026-09-17T20:38:30.283+0000] {dag.py:3239} INFO - Sync 4 DAGs
[2026-09-17T20:38:30.308+0000] {logging_mixin.py:190} INFO - [2026-09-17T20:38:30.308+0000] {dag.py:4180} INFO - Setting next_dagrun for dataset_alias_example_alias_consumer_with_no_taskflow to None, run_after=None
[2026-09-17T20:38:30.312+0000] {logging_mixin.py:190} INFO - [2026-09-17T20:38:30.312+0000] {dag.py:4180} INFO - Setting next_dagrun for dataset_alias_example_alias_producer_with_no_taskflow to None, run_after=None
[2026-09-17T20:38:30.315+0000] {logging_mixin.py:190} INFO - [2026-09-17T20:38:30.315+0000] {dag.py:4180} INFO - Setting next_dagrun for dataset_s3_bucket_consumer_with_no_taskflow to None, run_after=None
[2026-09-17T20:38:30.319+0000] {logging_mixin.py:190} INFO - [2026-09-17T20:38:30.319+0000] {dag.py:4180} INFO - Setting next_dagrun for dataset_s3_bucket_producer_with_no_taskflow to None, run_after=None
[2026-09-17T20:38:30.345+0000] {processor.py:208} INFO - Processing /home/airflow/.local/lib/python3.12/site-packages/airflow/example_dags/example_dataset_alias_with_no_taskflow.py took 0.682 seconds
[2026-09-17T20:39:00.640+0000] {processor.py:186} INFO - Started process (PID=1364) to work on /home/airflow/.local/lib/python3.12/site-packages/airflow/example_dags/example_dataset_alias_with_no_taskflow.py
[2026-09-17T20:39:00.642+0000] {processor.py:914} INFO - Processing file /home/airflow/.local/lib/python3.12/site-packages/airflow/example_dags/example_dataset_alias_with_no_taskflow.py for tasks to queue
[2026-09-17T20:39:00.644+0000] {logging_mixin.py:190} INFO - [2026-09-17T20:39:00.644+0000] {dagbag.py:588} INFO - Filling up the DagBag from /home/airflow/.local/lib/python3.12/site-packages/airflow/example_dags/example_dataset_alias_with_no_taskflow.py
[2026-09-17T20:39:01.312+0000] {processor.py:925} INFO - DAG(s) 'dataset_s3_bucket_consumer_with_no_taskflow', 'dataset_alias_example_alias_consumer_with_no_taskflow', 'dataset_s3_bucket_producer_with_no_taskflow', 'dataset_alias_example_alias_producer_with_no_taskflow' retrieved from /home/airflow/.local/lib/python3.12/site-packages/airflow/example_dags/example_dataset_alias_with_no_taskflow.py
[2026-09-17T20:39:01.339+0000] {logging_mixin.py:190} INFO - [2026-09-17T20:39:01.338+0000] {dag.py:3239} INFO - Sync 4 DAGs
[2026-09-17T20:39:01.369+0000] {logging_mixin.py:190} INFO - [2026-09-17T20:39:01.369+0000] {dag.py:4180} INFO - Setting next_dagrun for dataset_alias_example_alias_consumer_with_no_taskflow to None, run_after=None
[2026-09-17T20:39:01.376+0000] {logging_mixin.py:190} INFO - [2026-09-17T20:39:01.376+0000] {dag.py:4180} INFO - Setting next_dagrun for dataset_alias_example_alias_producer_with_no_taskflow to None, run_after=None
[2026-09-17T20:39:01.379+0000] {logging_mixin.py:190} INFO - [2026-09-17T20:39:01.379+0000] {dag.py:4180} INFO - Setting next_dagrun for dataset_s3_bucket_consumer_with_no_taskflow to None, run_after=None
[2026-09-17T20:39:01.382+0000] {logging_mixin.py:190} INFO - [2026-09-17T20:39:01.382+0000] {dag.py:4180} INFO - Setting next_dagrun for dataset_s3_bucket_producer_with_no_taskflow to None, run_after=None
[2026-09-17T20:39:01.414+0000] {processor.py:208} INFO - Processing /home/airflow/.local/lib/python3.12/site-packages/airflow/example_dags/example_dataset_alias_with_no_taskflow.py took 0.781 seconds
[2026-09-17T20:39:32.174+0000] {processor.py:186} INFO - Started process (PID=1429) to work on /home/airflow/.local/lib/python3.12/site-packages/airflow/example_dags/example_dataset_alias_with_no_taskflow.py
[2026-09-17T20:39:32.176+0000] {processor.py:914} INFO - Processing file /home/airflow/.local/lib/python3.12/site-packages/airflow/example_dags/example_dataset_alias_with_no_taskflow.py for tasks to queue
[2026-09-17T20:39:32.178+0000] {logging_mixin.py:190} INFO - [2026-09-17T20:39:32.178+0000] {dagbag.py:588} INFO - Filling up the DagBag from /home/airflow/.local/lib/python3.12/site-packages/airflow/example_dags/example_dataset_alias_with_no_taskflow.py
[2026-09-17T20:39:32.799+0000] {processor.py:925} INFO - DAG(s) 'dataset_alias_example_alias_producer_with_no_taskflow', 'dataset_s3_bucket_producer_with_no_taskflow', 'dataset_alias_example_alias_consumer_with_no_taskflow', 'dataset_s3_bucket_consumer_with_no_taskflow' retrieved from /home/airflow/.local/lib/python3.12/site-packages/airflow/example_dags/example_dataset_alias_with_no_taskflow.py
[2026-09-17T20:39:32.823+0000] {logging_mixin.py:190} INFO - [2026-09-17T20:39:32.823+0000] {dag.py:3239} INFO - Sync 4 DAGs
[2026-09-17T20:39:32.850+0000] {logging_mixin.py:190} INFO - [2026-09-17T20:39:32.850+0000] {dag.py:4180} INFO - Setting next_dagrun for dataset_alias_example_alias_consumer_with_no_taskflow to None, run_after=None
[2026-09-17T20:39:32.854+0000] {logging_mixin.py:190} INFO - [2026-09-17T20:39:32.854+0000] {dag.py:4180} INFO - Setting next_dagrun for dataset_alias_example_alias_producer_with_no_taskflow to None, run_after=None
[2026-09-17T20:39:32.857+0000] {logging_mixin.py:190} INFO - [2026-09-17T20:39:32.857+0000] {dag.py:4180} INFO - Setting next_dagrun for dataset_s3_bucket_consumer_with_no_taskflow to None, run_after=None
[2026-09-17T20:39:32.860+0000] {logging_mixin.py:190} INFO - [2026-09-17T20:39:32.860+0000] {dag.py:4180} INFO - Setting next_dagrun for dataset_s3_bucket_producer_with_no_taskflow to None, run_after=None
[2026-09-17T20:39:32.886+0000] {processor.py:208} INFO - Processing /home/airflow/.local/lib/python3.12/site-packages/airflow/example_dags/example_dataset_alias_with_no_taskflow.py took 0.719 seconds
[2026-09-17T20:40:03.805+0000] {processor.py:186} INFO - Started process (PID=1495) to work on /home/airflow/.local/lib/python3.12/site-packages/airflow/example_dags/example_dataset_alias_with_no_taskflow.py
[2026-09-17T20:40:03.808+0000] {processor.py:914} INFO - Processing file /home/airflow/.local/lib/python3.12/site-packages/airflow/example_dags/example_dataset_alias_with_no_taskflow.py for tasks to queue
[2026-09-17T20:40:03.810+0000] {logging_mixin.py:190} INFO - [2026-09-17T20:40:03.809+0000] {dagbag.py:588} INFO - Filling up the DagBag from /home/airflow/.local/lib/python3.12/site-packages/airflow/example_dags/example_dataset_alias_with_no_taskflow.py
[2026-09-17T20:40:04.706+0000] {processor.py:925} INFO - DAG(s) 'dataset_s3_bucket_producer_with_no_taskflow', 'dataset_s3_bucket_consumer_with_no_taskflow', 'dataset_alias_example_alias_consumer_with_no_taskflow', 'dataset_alias_example_alias_producer_with_no_taskflow' retrieved from /home/airflow/.local/lib/python3.12/site-packages/airflow/example_dags/example_dataset_alias_with_no_taskflow.py
[2026-09-17T20:40:04.743+0000] {logging_mixin.py:190} INFO - [2026-09-17T20:40:04.742+0000] {dag.py:3239} INFO - Sync 4 DAGs
[2026-09-17T20:40:04.783+0000] {logging_mixin.py:190} INFO - [2026-09-17T20:40:04.783+0000] {dag.py:4180} INFO - Setting next_dagrun for dataset_alias_example_alias_consumer_with_no_taskflow to None, run_after=None
[2026-09-17T20:40:04.789+0000] {logging_mixin.py:190} INFO - [2026-09-17T20:40:04.789+0000] {dag.py:4180} INFO - Setting next_dagrun for dataset_alias_example_alias_producer_with_no_taskflow to None, run_after=None
[2026-09-17T20:40:04.800+0000] {logging_mixin.py:190} INFO - [2026-09-17T20:40:04.800+0000] {dag.py:4180} INFO - Setting next_dagrun for dataset_s3_bucket_consumer_with_no_taskflow to None, run_after=None
[2026-09-17T20:40:04.805+0000] {logging_mixin.py:190} INFO - [2026-09-17T20:40:04.805+0000] {dag.py:4180} INFO - Setting next_dagrun for dataset_s3_bucket_producer_with_no_taskflow to None, run_after=None
[2026-09-17T20:40:04.853+0000] {processor.py:208} INFO - Processing /home/airflow/.local/lib/python3.12/site-packages/airflow/example_dags/example_dataset_alias_with_no_taskflow.py took 1.054 seconds
[2026-09-17T20:40:34.979+0000] {processor.py:186} INFO - Started process (PID=1560) to work on /home/airflow/.local/lib/python3.12/site-packages/airflow/example_dags/example_dataset_alias_with_no_taskflow.py
[2026-09-17T20:40:34.981+0000] {processor.py:914} INFO - Processing file /home/airflow/.local/lib/python3.12/site-packages/airflow/example_dags/example_dataset_alias_with_no_taskflow.py for tasks to queue
[2026-09-17T20:40:34.984+0000] {logging_mixin.py:190} INFO - [2026-09-17T20:40:34.983+0000] {dagbag.py:588} INFO - Filling up the DagBag from /home/airflow/.local/lib/python3.12/site-packages/airflow/example_dags/example_dataset_alias_with_no_taskflow.py
[2026-09-17T20:40:35.572+0000] {processor.py:925} INFO - DAG(s) 'dataset_s3_bucket_consumer_with_no_taskflow', 'dataset_alias_example_alias_producer_with_no_taskflow', 'dataset_s3_bucket_producer_with_no_taskflow', 'dataset_alias_example_alias_consumer_with_no_taskflow' retrieved from /home/airflow/.local/lib/python3.12/site-packages/airflow/example_dags/example_dataset_alias_with_no_taskflow.py
[2026-09-17T20:40:35.597+0000] {logging_mixin.py:190} INFO - [2026-09-17T20:40:35.596+0000] {dag.py:3239} INFO - Sync 4 DAGs
[2026-09-17T20:40:35.621+0000] {logging_mixin.py:190} INFO - [2026-09-17T20:40:35.621+0000] {dag.py:4180} INFO - Setting next_dagrun for dataset_alias_example_alias_consumer_with_no_taskflow to None, run_after=None
[2026-09-17T20:40:35.626+0000] {logging_mixin.py:190} INFO - [2026-09-17T20:40:35.626+0000] {dag.py:4180} INFO - Setting next_dagrun for dataset_alias_example_alias_producer_with_no_taskflow to None, run_after=None
[2026-09-17T20:40:35.633+0000] {logging_mixin.py:190} INFO - [2026-09-17T20:40:35.632+0000] {dag.py:4180} INFO - Setting next_dagrun for dataset_s3_bucket_consumer_with_no_taskflow to None, run_after=None
[2026-09-17T20:40:35.635+0000] {logging_mixin.py:190} INFO - [2026-09-17T20:40:35.635+0000] {dag.py:4180} INFO - Setting next_dagrun for dataset_s3_bucket_producer_with_no_taskflow to None, run_after=None
[2026-09-17T20:40:35.661+0000] {processor.py:208} INFO - Processing /home/airflow/.local/lib/python3.12/site-packages/airflow/example_dags/example_dataset_alias_with_no_taskflow.py took 0.689 seconds
[2026-09-17T20:41:06.688+0000] {processor.py:186} INFO - Started process (PID=1626) to work on /home/airflow/.local/lib/python3.12/site-packages/airflow/example_dags/example_dataset_alias_with_no_taskflow.py
[2026-09-17T20:41:06.690+0000] {processor.py:914} INFO - Processing file /home/airflow/.local/lib/python3.12/site-packages/airflow/example_dags/example_dataset_alias_with_no_taskflow.py for tasks to queue
[2026-09-17T20:41:06.693+0000] {logging_mixin.py:190} INFO - [2026-09-17T20:41:06.693+0000] {dagbag.py:588} INFO - Filling up the DagBag from /home/airflow/.local/lib/python3.12/site-packages/airflow/example_dags/example_dataset_alias_with_no_taskflow.py
[2026-09-17T20:41:07.307+0000] {processor.py:925} INFO - DAG(s) 'dataset_s3_bucket_producer_with_no_taskflow', 'dataset_alias_example_alias_producer_with_no_taskflow', 'dataset_alias_example_alias_consumer_with_no_taskflow', 'dataset_s3_bucket_consumer_with_no_taskflow' retrieved from /home/airflow/.local/lib/python3.12/site-packages/airflow/example_dags/example_dataset_alias_with_no_taskflow.py
[2026-09-17T20:41:07.337+0000] {logging_mixin.py:190} INFO - [2026-09-17T20:41:07.336+0000] {dag.py:3239} INFO - Sync 4 DAGs
[2026-09-17T20:41:07.366+0000] {logging_mixin.py:190} INFO - [2026-09-17T20:41:07.365+0000] {dag.py:4180} INFO - Setting next_dagrun for dataset_alias_example_alias_consumer_with_no_taskflow to None, run_after=None
[2026-09-17T20:41:07.370+0000] {logging_mixin.py:190} INFO - [2026-09-17T20:41:07.370+0000] {dag.py:4180} INFO - Setting next_dagrun for dataset_alias_example_alias_producer_with_no_taskflow to None, run_after=None
[2026-09-17T20:41:07.374+0000] {logging_mixin.py:190} INFO - [2026-09-17T20:41:07.373+0000] {dag.py:4180} INFO - Setting next_dagrun for dataset_s3_bucket_consumer_with_no_taskflow to None, run_after=None
[2026-09-17T20:41:07.377+0000] {logging_mixin.py:190} INFO - [2026-09-17T20:41:07.377+0000] {dag.py:4180} INFO - Setting next_dagrun for dataset_s3_bucket_producer_with_no_taskflow to None, run_after=None
[2026-09-17T20:41:07.413+0000] {processor.py:208} INFO - Processing /home/airflow/.local/lib/python3.12/site-packages/airflow/example_dags/example_dataset_alias_with_no_taskflow.py took 0.732 seconds
[2026-09-17T20:41:38.054+0000] {processor.py:186} INFO - Started process (PID=1691) to work on /home/airflow/.local/lib/python3.12/site-packages/airflow/example_dags/example_dataset_alias_with_no_taskflow.py
[2026-09-17T20:41:38.056+0000] {processor.py:914} INFO - Processing file /home/airflow/.local/lib/python3.12/site-packages/airflow/example_dags/example_dataset_alias_with_no_taskflow.py for tasks to queue
[2026-09-17T20:41:38.059+0000] {logging_mixin.py:190} INFO - [2026-09-17T20:41:38.058+0000] {dagbag.py:588} INFO - Filling up the DagBag from /home/airflow/.local/lib/python3.12/site-packages/airflow/example_dags/example_dataset_alias_with_no_taskflow.py
[2026-09-17T20:41:38.651+0000] {processor.py:925} INFO - DAG(s) 'dataset_alias_example_alias_consumer_with_no_taskflow', 'dataset_s3_bucket_producer_with_no_taskflow', 'dataset_alias_example_alias_producer_with_no_taskflow', 'dataset_s3_bucket_consumer_with_no_taskflow' retrieved from /home/airflow/.local/lib/python3.12/site-packages/airflow/example_dags/example_dataset_alias_with_no_taskflow.py
[2026-09-17T20:41:38.688+0000] {logging_mixin.py:190} INFO - [2026-09-17T20:41:38.687+0000] {dag.py:3239} INFO - Sync 4 DAGs
[2026-09-17T20:41:38.723+0000] {logging_mixin.py:190} INFO - [2026-09-17T20:41:38.723+0000] {dag.py:4180} INFO - Setting next_dagrun for dataset_alias_example_alias_consumer_with_no_taskflow to None, run_after=None
[2026-09-17T20:41:38.728+0000] {logging_mixin.py:190} INFO - [2026-09-17T20:41:38.727+0000] {dag.py:4180} INFO - Setting next_dagrun for dataset_alias_example_alias_producer_with_no_taskflow to None, run_after=None
[2026-09-17T20:41:38.731+0000] {logging_mixin.py:190} INFO - [2026-09-17T20:41:38.730+0000] {dag.py:4180} INFO - Setting next_dagrun for dataset_s3_bucket_consumer_with_no_taskflow to None, run_after=None
[2026-09-17T20:41:38.735+0000] {logging_mixin.py:190} INFO - [2026-09-17T20:41:38.735+0000] {dag.py:4180} INFO - Setting next_dagrun for dataset_s3_bucket_producer_with_no_taskflow to None, run_after=None
[2026-09-17T20:41:38.761+0000] {processor.py:208} INFO - Processing /home/airflow/.local/lib/python3.12/site-packages/airflow/example_dags/example_dataset_alias_with_no_taskflow.py took 0.713 seconds
[2026-09-17T20:42:09.284+0000] {processor.py:186} INFO - Started process (PID=1756) to work on /home/airflow/.local/lib/python3.12/site-packages/airflow/example_dags/example_dataset_alias_with_no_taskflow.py
[2026-09-17T20:42:09.286+0000] {processor.py:914} INFO - Processing file /home/airflow/.local/lib/python3.12/site-packages/airflow/example_dags/example_dataset_alias_with_no_taskflow.py for tasks to queue
[2026-09-17T20:42:09.288+0000] {logging_mixin.py:190} INFO - [2026-09-17T20:42:09.288+0000] {dagbag.py:588} INFO - Filling up the DagBag from /home/airflow/.local/lib/python3.12/site-packages/airflow/example_dags/example_dataset_alias_with_no_taskflow.py
[2026-09-17T20:42:10.045+0000] {processor.py:925} INFO - DAG(s) 'dataset_s3_bucket_consumer_with_no_taskflow', 'dataset_alias_example_alias_consumer_with_no_taskflow', 'dataset_s3_bucket_producer_with_no_taskflow', 'dataset_alias_example_alias_producer_with_no_taskflow' retrieved from /home/airflow/.local/lib/python3.12/site-packages/airflow/example_dags/example_dataset_alias_with_no_taskflow.py
[2026-09-17T20:42:10.069+0000] {logging_mixin.py:190} INFO - [2026-09-17T20:42:10.069+0000] {dag.py:3239} INFO - Sync 4 DAGs
[2026-09-17T20:42:10.093+0000] {logging_mixin.py:190} INFO - [2026-09-17T20:42:10.093+0000] {dag.py:4180} INFO - Setting next_dagrun for dataset_alias_example_alias_consumer_with_no_taskflow to None, run_after=None
[2026-09-17T20:42:10.097+0000] {logging_mixin.py:190} INFO - [2026-09-17T20:42:10.097+0000] {dag.py:4180} INFO - Setting next_dagrun for dataset_alias_example_alias_producer_with_no_taskflow to None, run_after=None
[2026-09-17T20:42:10.100+0000] {logging_mixin.py:190} INFO - [2026-09-17T20:42:10.100+0000] {dag.py:4180} INFO - Setting next_dagrun for dataset_s3_bucket_consumer_with_no_taskflow to None, run_after=None
[2026-09-17T20:42:10.103+0000] {logging_mixin.py:190} INFO - [2026-09-17T20:42:10.103+0000] {dag.py:4180} INFO - Setting next_dagrun for dataset_s3_bucket_producer_with_no_taskflow to None, run_after=None
[2026-09-17T20:42:10.133+0000] {processor.py:208} INFO - Processing /home/airflow/.local/lib/python3.12/site-packages/airflow/example_dags/example_dataset_alias_with_no_taskflow.py took 0.856 seconds
[2026-09-17T20:42:40.583+0000] {processor.py:186} INFO - Started process (PID=1820) to work on /home/airflow/.local/lib/python3.12/site-packages/airflow/example_dags/example_dataset_alias_with_no_taskflow.py
[2026-09-17T20:42:40.599+0000] {processor.py:914} INFO - Processing file /home/airflow/.local/lib/python3.12/site-packages/airflow/example_dags/example_dataset_alias_with_no_taskflow.py for tasks to queue
[2026-09-17T20:42:40.612+0000] {logging_mixin.py:190} INFO - [2026-09-17T20:42:40.609+0000] {dagbag.py:588} INFO - Filling up the DagBag from /home/airflow/.local/lib/python3.12/site-packages/airflow/example_dags/example_dataset_alias_with_no_taskflow.py
[2026-09-17T20:42:43.738+0000] {processor.py:925} INFO - DAG(s) 'dataset_s3_bucket_consumer_with_no_taskflow', 'dataset_alias_example_alias_producer_with_no_taskflow', 'dataset_s3_bucket_producer_with_no_taskflow', 'dataset_alias_example_alias_consumer_with_no_taskflow' retrieved from /home/airflow/.local/lib/python3.12/site-packages/airflow/example_dags/example_dataset_alias_with_no_taskflow.py
[2026-09-17T20:42:43.834+0000] {logging_mixin.py:190} INFO - [2026-09-17T20:42:43.832+0000] {dag.py:3239} INFO - Sync 4 DAGs
[2026-09-17T20:42:43.930+0000] {logging_mixin.py:190} INFO - [2026-09-17T20:42:43.929+0000] {dag.py:4180} INFO - Setting next_dagrun for dataset_alias_example_alias_consumer_with_no_taskflow to None, run_after=None
[2026-09-17T20:42:43.942+0000] {logging_mixin.py:190} INFO - [2026-09-17T20:42:43.941+0000] {dag.py:4180} INFO - Setting next_dagrun for dataset_alias_example_alias_producer_with_no_taskflow to None, run_after=None
[2026-09-17T20:42:43.949+0000] {logging_mixin.py:190} INFO - [2026-09-17T20:42:43.949+0000] {dag.py:4180} INFO - Setting next_dagrun for dataset_s3_bucket_consumer_with_no_taskflow to None, run_after=None
[2026-09-17T20:42:43.960+0000] {logging_mixin.py:190} INFO - [2026-09-17T20:42:43.958+0000] {dag.py:4180} INFO - Setting next_dagrun for dataset_s3_bucket_producer_with_no_taskflow to None, run_after=None
[2026-09-17T20:42:44.048+0000] {processor.py:208} INFO - Processing /home/airflow/.local/lib/python3.12/site-packages/airflow/example_dags/example_dataset_alias_with_no_taskflow.py took 3.508 seconds
[2026-09-17T20:43:14.321+0000] {processor.py:186} INFO - Started process (PID=1885) to work on /home/airflow/.local/lib/python3.12/site-packages/airflow/example_dags/example_dataset_alias_with_no_taskflow.py
[2026-09-17T20:43:14.325+0000] {processor.py:914} INFO - Processing file /home/airflow/.local/lib/python3.12/site-packages/airflow/example_dags/example_dataset_alias_with_no_taskflow.py for tasks to queue
[2026-09-17T20:43:14.330+0000] {logging_mixin.py:190} INFO - [2026-09-17T20:43:14.329+0000] {dagbag.py:588} INFO - Filling up the DagBag from /home/airflow/.local/lib/python3.12/site-packages/airflow/example_dags/example_dataset_alias_with_no_taskflow.py
[2026-09-17T20:43:16.679+0000] {processor.py:925} INFO - DAG(s) 'dataset_s3_bucket_producer_with_no_taskflow', 'dataset_alias_example_alias_producer_with_no_taskflow', 'dataset_s3_bucket_consumer_with_no_taskflow', 'dataset_alias_example_alias_consumer_with_no_taskflow' retrieved from /home/airflow/.local/lib/python3.12/site-packages/airflow/example_dags/example_dataset_alias_with_no_taskflow.py
[2026-09-17T20:43:16.737+0000] {logging_mixin.py:190} INFO - [2026-09-17T20:43:16.736+0000] {dag.py:3239} INFO - Sync 4 DAGs
[2026-09-17T20:43:16.834+0000] {logging_mixin.py:190} INFO - [2026-09-17T20:43:16.833+0000] {dag.py:4180} INFO - Setting next_dagrun for dataset_alias_example_alias_consumer_with_no_taskflow to None, run_after=None
[2026-09-17T20:43:16.846+0000] {logging_mixin.py:190} INFO - [2026-09-17T20:43:16.845+0000] {dag.py:4180} INFO - Setting next_dagrun for dataset_alias_example_alias_producer_with_no_taskflow to None, run_after=None
[2026-09-17T20:43:16.852+0000] {logging_mixin.py:190} INFO - [2026-09-17T20:43:16.852+0000] {dag.py:4180} INFO - Setting next_dagrun for dataset_s3_bucket_consumer_with_no_taskflow to None, run_after=None
[2026-09-17T20:43:16.856+0000] {logging_mixin.py:190} INFO - [2026-09-17T20:43:16.856+0000] {dag.py:4180} INFO - Setting next_dagrun for dataset_s3_bucket_producer_with_no_taskflow to None, run_after=None
[2026-09-17T20:43:16.943+0000] {processor.py:208} INFO - Processing /home/airflow/.local/lib/python3.12/site-packages/airflow/example_dags/example_dataset_alias_with_no_taskflow.py took 2.649 seconds
[2026-09-17T20:43:53.988+0000] {processor.py:186} INFO - Started process (PID=1932) to work on /home/airflow/.local/lib/python3.12/site-packages/airflow/example_dags/example_dataset_alias_with_no_taskflow.py
[2026-09-17T20:43:53.990+0000] {processor.py:914} INFO - Processing file /home/airflow/.local/lib/python3.12/site-packages/airflow/example_dags/example_dataset_alias_with_no_taskflow.py for tasks to queue
[2026-09-17T20:43:53.992+0000] {logging_mixin.py:190} INFO - [2026-09-17T20:43:53.992+0000] {dagbag.py:588} INFO - Filling up the DagBag from /home/airflow/.local/lib/python3.12/site-packages/airflow/example_dags/example_dataset_alias_with_no_taskflow.py
[2026-09-17T20:43:56.168+0000] {processor.py:925} INFO - DAG(s) 'dataset_s3_bucket_consumer_with_no_taskflow', 'dataset_s3_bucket_producer_with_no_taskflow', 'dataset_alias_example_alias_consumer_with_no_taskflow', 'dataset_alias_example_alias_producer_with_no_taskflow' retrieved from /home/airflow/.local/lib/python3.12/site-packages/airflow/example_dags/example_dataset_alias_with_no_taskflow.py
[2026-09-17T20:43:56.202+0000] {logging_mixin.py:190} INFO - [2026-09-17T20:43:56.201+0000] {dag.py:3239} INFO - Sync 4 DAGs
[2026-09-17T20:43:56.230+0000] {logging_mixin.py:190} INFO - [2026-09-17T20:43:56.230+0000] {dag.py:4180} INFO - Setting next_dagrun for dataset_alias_example_alias_consumer_with_no_taskflow to None, run_after=None
[2026-09-17T20:43:56.235+0000] {logging_mixin.py:190} INFO - [2026-09-17T20:43:56.234+0000] {dag.py:4180} INFO - Setting next_dagrun for dataset_alias_example_alias_producer_with_no_taskflow to None, run_after=None
[2026-09-17T20:43:56.653+0000] {logging_mixin.py:190} INFO - [2026-09-17T20:43:56.435+0000] {dag.py:4180} INFO - Setting next_dagrun for dataset_s3_bucket_consumer_with_no_taskflow to None, run_after=None
[2026-09-17T20:43:56.658+0000] {logging_mixin.py:190} INFO - [2026-09-17T20:43:56.658+0000] {dag.py:4180} INFO - Setting next_dagrun for dataset_s3_bucket_producer_with_no_taskflow to None, run_after=None
[2026-09-17T20:43:56.886+0000] {processor.py:208} INFO - Processing /home/airflow/.local/lib/python3.12/site-packages/airflow/example_dags/example_dataset_alias_with_no_taskflow.py took 2.904 seconds
[2026-09-17T20:44:27.606+0000] {processor.py:186} INFO - Started process (PID=1990) to work on /home/airflow/.local/lib/python3.12/site-packages/airflow/example_dags/example_dataset_alias_with_no_taskflow.py
[2026-09-17T20:44:27.609+0000] {processor.py:914} INFO - Processing file /home/airflow/.local/lib/python3.12/site-packages/airflow/example_dags/example_dataset_alias_with_no_taskflow.py for tasks to queue
[2026-09-17T20:44:27.613+0000] {logging_mixin.py:190} INFO - [2026-09-17T20:44:27.612+0000] {dagbag.py:588} INFO - Filling up the DagBag from /home/airflow/.local/lib/python3.12/site-packages/airflow/example_dags/example_dataset_alias_with_no_taskflow.py
[2026-09-17T20:44:28.546+0000] {processor.py:925} INFO - DAG(s) 'dataset_s3_bucket_consumer_with_no_taskflow', 'dataset_alias_example_alias_producer_with_no_taskflow', 'dataset_s3_bucket_producer_with_no_taskflow', 'dataset_alias_example_alias_consumer_with_no_taskflow' retrieved from /home/airflow/.local/lib/python3.12/site-packages/airflow/example_dags/example_dataset_alias_with_no_taskflow.py
[2026-09-17T20:44:28.578+0000] {logging_mixin.py:190} INFO - [2026-09-17T20:44:28.578+0000] {dag.py:3239} INFO - Sync 4 DAGs
[2026-09-17T20:44:28.607+0000] {logging_mixin.py:190} INFO - [2026-09-17T20:44:28.607+0000] {dag.py:4180} INFO - Setting next_dagrun for dataset_alias_example_alias_consumer_with_no_taskflow to None, run_after=None
[2026-09-17T20:44:28.612+0000] {logging_mixin.py:190} INFO - [2026-09-17T20:44:28.612+0000] {dag.py:4180} INFO - Setting next_dagrun for dataset_alias_example_alias_producer_with_no_taskflow to None, run_after=None
[2026-09-17T20:44:28.615+0000] {logging_mixin.py:190} INFO - [2026-09-17T20:44:28.615+0000] {dag.py:4180} INFO - Setting next_dagrun for dataset_s3_bucket_consumer_with_no_taskflow to None, run_after=None
[2026-09-17T20:44:28.618+0000] {logging_mixin.py:190} INFO - [2026-09-17T20:44:28.618+0000] {dag.py:4180} INFO - Setting next_dagrun for dataset_s3_bucket_producer_with_no_taskflow to None, run_after=None
[2026-09-17T20:44:28.650+0000] {processor.py:208} INFO - Processing /home/airflow/.local/lib/python3.12/site-packages/airflow/example_dags/example_dataset_alias_with_no_taskflow.py took 1.057 seconds
[2026-09-17T20:44:59.497+0000] {processor.py:186} INFO - Started process (PID=2056) to work on /home/airflow/.local/lib/python3.12/site-packages/airflow/example_dags/example_dataset_alias_with_no_taskflow.py
[2026-09-17T20:44:59.499+0000] {processor.py:914} INFO - Processing file /home/airflow/.local/lib/python3.12/site-packages/airflow/example_dags/example_dataset_alias_with_no_taskflow.py for tasks to queue
[2026-09-17T20:44:59.501+0000] {logging_mixin.py:190} INFO - [2026-09-17T20:44:59.500+0000] {dagbag.py:588} INFO - Filling up the DagBag from /home/airflow/.local/lib/python3.12/site-packages/airflow/example_dags/example_dataset_alias_with_no_taskflow.py
[2026-09-17T20:45:02.278+0000] {processor.py:925} INFO - DAG(s) 'dataset_s3_bucket_consumer_with_no_taskflow', 'dataset_s3_bucket_producer_with_no_taskflow', 'dataset_alias_example_alias_producer_with_no_taskflow', 'dataset_alias_example_alias_consumer_with_no_taskflow' retrieved from /home/airflow/.local/lib/python3.12/site-packages/airflow/example_dags/example_dataset_alias_with_no_taskflow.py
[2026-09-17T20:45:02.304+0000] {logging_mixin.py:190} INFO - [2026-09-17T20:45:02.304+0000] {dag.py:3239} INFO - Sync 4 DAGs
[2026-09-17T20:45:02.329+0000] {logging_mixin.py:190} INFO - [2026-09-17T20:45:02.329+0000] {dag.py:4180} INFO - Setting next_dagrun for dataset_alias_example_alias_consumer_with_no_taskflow to None, run_after=None
[2026-09-17T20:45:02.333+0000] {logging_mixin.py:190} INFO - [2026-09-17T20:45:02.333+0000] {dag.py:4180} INFO - Setting next_dagrun for dataset_alias_example_alias_producer_with_no_taskflow to None, run_after=None
[2026-09-17T20:45:02.336+0000] {logging_mixin.py:190} INFO - [2026-09-17T20:45:02.336+0000] {dag.py:4180} INFO - Setting next_dagrun for dataset_s3_bucket_consumer_with_no_taskflow to None, run_after=None
[2026-09-17T20:45:02.339+0000] {logging_mixin.py:190} INFO - [2026-09-17T20:45:02.339+0000] {dag.py:4180} INFO - Setting next_dagrun for dataset_s3_bucket_producer_with_no_taskflow to None, run_after=None
[2026-09-17T20:45:02.727+0000] {processor.py:208} INFO - Processing /home/airflow/.local/lib/python3.12/site-packages/airflow/example_dags/example_dataset_alias_with_no_taskflow.py took 3.237 seconds
[2026-09-17T20:45:37.732+0000] {processor.py:186} INFO - Started process (PID=2120) to work on /home/airflow/.local/lib/python3.12/site-packages/airflow/example_dags/example_dataset_alias_with_no_taskflow.py
[2026-09-17T20:45:37.735+0000] {processor.py:914} INFO - Processing file /home/airflow/.local/lib/python3.12/site-packages/airflow/example_dags/example_dataset_alias_with_no_taskflow.py for tasks to queue
[2026-09-17T20:45:37.739+0000] {logging_mixin.py:190} INFO - [2026-09-17T20:45:37.738+0000] {dagbag.py:588} INFO - Filling up the DagBag from /home/airflow/.local/lib/python3.12/site-packages/airflow/example_dags/example_dataset_alias_with_no_taskflow.py
[2026-09-17T20:45:39.214+0000] {processor.py:925} INFO - DAG(s) 'dataset_alias_example_alias_consumer_with_no_taskflow', 'dataset_alias_example_alias_producer_with_no_taskflow', 'dataset_s3_bucket_consumer_with_no_taskflow', 'dataset_s3_bucket_producer_with_no_taskflow' retrieved from /home/airflow/.local/lib/python3.12/site-packages/airflow/example_dags/example_dataset_alias_with_no_taskflow.py
[2026-09-17T20:45:39.269+0000] {logging_mixin.py:190} INFO - [2026-09-17T20:45:39.268+0000] {dag.py:3239} INFO - Sync 4 DAGs
[2026-09-17T20:45:39.318+0000] {logging_mixin.py:190} INFO - [2026-09-17T20:45:39.318+0000] {dag.py:4180} INFO - Setting next_dagrun for dataset_alias_example_alias_consumer_with_no_taskflow to None, run_after=None
[2026-09-17T20:45:39.324+0000] {logging_mixin.py:190} INFO - [2026-09-17T20:45:39.323+0000] {dag.py:4180} INFO - Setting next_dagrun for dataset_alias_example_alias_producer_with_no_taskflow to None, run_after=None
[2026-09-17T20:45:39.328+0000] {logging_mixin.py:190} INFO - [2026-09-17T20:45:39.327+0000] {dag.py:4180} INFO - Setting next_dagrun for dataset_s3_bucket_consumer_with_no_taskflow to None, run_after=None
[2026-09-17T20:45:39.333+0000] {logging_mixin.py:190} INFO - [2026-09-17T20:45:39.332+0000] {dag.py:4180} INFO - Setting next_dagrun for dataset_s3_bucket_producer_with_no_taskflow to None, run_after=None
[2026-09-17T20:45:39.386+0000] {processor.py:208} INFO - Processing /home/airflow/.local/lib/python3.12/site-packages/airflow/example_dags/example_dataset_alias_with_no_taskflow.py took 1.663 seconds
[2026-09-17T20:46:10.178+0000] {processor.py:186} INFO - Started process (PID=2189) to work on /home/airflow/.local/lib/python3.12/site-packages/airflow/example_dags/example_dataset_alias_with_no_taskflow.py
[2026-09-17T20:46:10.180+0000] {processor.py:914} INFO - Processing file /home/airflow/.local/lib/python3.12/site-packages/airflow/example_dags/example_dataset_alias_with_no_taskflow.py for tasks to queue
[2026-09-17T20:46:10.183+0000] {logging_mixin.py:190} INFO - [2026-09-17T20:46:10.182+0000] {dagbag.py:588} INFO - Filling up the DagBag from /home/airflow/.local/lib/python3.12/site-packages/airflow/example_dags/example_dataset_alias_with_no_taskflow.py
[2026-09-17T20:46:11.036+0000] {processor.py:925} INFO - DAG(s) 'dataset_s3_bucket_producer_with_no_taskflow', 'dataset_s3_bucket_consumer_with_no_taskflow', 'dataset_alias_example_alias_consumer_with_no_taskflow', 'dataset_alias_example_alias_producer_with_no_taskflow' retrieved from /home/airflow/.local/lib/python3.12/site-packages/airflow/example_dags/example_dataset_alias_with_no_taskflow.py
[2026-09-17T20:46:11.065+0000] {logging_mixin.py:190} INFO - [2026-09-17T20:46:11.064+0000] {dag.py:3239} INFO - Sync 4 DAGs
[2026-09-17T20:46:11.092+0000] {logging_mixin.py:190} INFO - [2026-09-17T20:46:11.092+0000] {dag.py:4180} INFO - Setting next_dagrun for dataset_alias_example_alias_consumer_with_no_taskflow to None, run_after=None
[2026-09-17T20:46:11.096+0000] {logging_mixin.py:190} INFO - [2026-09-17T20:46:11.096+0000] {dag.py:4180} INFO - Setting next_dagrun for dataset_alias_example_alias_producer_with_no_taskflow to None, run_after=None
[2026-09-17T20:46:11.099+0000] {logging_mixin.py:190} INFO - [2026-09-17T20:46:11.099+0000] {dag.py:4180} INFO - Setting next_dagrun for dataset_s3_bucket_consumer_with_no_taskflow to None, run_after=None
[2026-09-17T20:46:11.102+0000] {logging_mixin.py:190} INFO - [2026-09-17T20:46:11.102+0000] {dag.py:4180} INFO - Setting next_dagrun for dataset_s3_bucket_producer_with_no_taskflow to None, run_after=None
[2026-09-17T20:46:11.135+0000] {processor.py:208} INFO - Processing /home/airflow/.local/lib/python3.12/site-packages/airflow/example_dags/example_dataset_alias_with_no_taskflow.py took 0.964 seconds
[2026-09-17T20:46:48.210+0000] {processor.py:186} INFO - Started process (PID=2257) to work on /home/airflow/.local/lib/python3.12/site-packages/airflow/example_dags/example_dataset_alias_with_no_taskflow.py
[2026-09-17T20:46:48.214+0000] {processor.py:914} INFO - Processing file /home/airflow/.local/lib/python3.12/site-packages/airflow/example_dags/example_dataset_alias_with_no_taskflow.py for tasks to queue
[2026-09-17T20:46:48.218+0000] {logging_mixin.py:190} INFO - [2026-09-17T20:46:48.218+0000] {dagbag.py:588} INFO - Filling up the DagBag from /home/airflow/.local/lib/python3.12/site-packages/airflow/example_dags/example_dataset_alias_with_no_taskflow.py
[2026-09-17T20:46:49.131+0000] {processor.py:925} INFO - DAG(s) 'dataset_s3_bucket_consumer_with_no_taskflow', 'dataset_alias_example_alias_producer_with_no_taskflow', 'dataset_alias_example_alias_consumer_with_no_taskflow', 'dataset_s3_bucket_producer_with_no_taskflow' retrieved from /home/airflow/.local/lib/python3.12/site-packages/airflow/example_dags/example_dataset_alias_with_no_taskflow.py
[2026-09-17T20:46:49.169+0000] {logging_mixin.py:190} INFO - [2026-09-17T20:46:49.168+0000] {dag.py:3239} INFO - Sync 4 DAGs
[2026-09-17T20:46:49.202+0000] {logging_mixin.py:190} INFO - [2026-09-17T20:46:49.202+0000] {dag.py:4180} INFO - Setting next_dagrun for dataset_alias_example_alias_consumer_with_no_taskflow to None, run_after=None
[2026-09-17T20:46:49.208+0000] {logging_mixin.py:190} INFO - [2026-09-17T20:46:49.208+0000] {dag.py:4180} INFO - Setting next_dagrun for dataset_alias_example_alias_producer_with_no_taskflow to None, run_after=None
[2026-09-17T20:46:49.212+0000] {logging_mixin.py:190} INFO - [2026-09-17T20:46:49.212+0000] {dag.py:4180} INFO - Setting next_dagrun for dataset_s3_bucket_consumer_with_no_taskflow to None, run_after=None
[2026-09-17T20:46:49.215+0000] {logging_mixin.py:190} INFO - [2026-09-17T20:46:49.214+0000] {dag.py:4180} INFO - Setting next_dagrun for dataset_s3_bucket_producer_with_no_taskflow to None, run_after=None
[2026-09-17T20:46:49.257+0000] {processor.py:208} INFO - Processing /home/airflow/.local/lib/python3.12/site-packages/airflow/example_dags/example_dataset_alias_with_no_taskflow.py took 1.057 seconds
[2026-09-17T20:47:19.894+0000] {processor.py:186} INFO - Started process (PID=2325) to work on /home/airflow/.local/lib/python3.12/site-packages/airflow/example_dags/example_dataset_alias_with_no_taskflow.py
[2026-09-17T20:47:19.899+0000] {processor.py:914} INFO - Processing file /home/airflow/.local/lib/python3.12/site-packages/airflow/example_dags/example_dataset_alias_with_no_taskflow.py for tasks to queue
[2026-09-17T20:47:19.903+0000] {logging_mixin.py:190} INFO - [2026-09-17T20:47:19.902+0000] {dagbag.py:588} INFO - Filling up the DagBag from /home/airflow/.local/lib/python3.12/site-packages/airflow/example_dags/example_dataset_alias_with_no_taskflow.py
[2026-09-17T20:47:20.920+0000] {processor.py:925} INFO - DAG(s) 'dataset_s3_bucket_consumer_with_no_taskflow', 'dataset_alias_example_alias_consumer_with_no_taskflow', 'dataset_s3_bucket_producer_with_no_taskflow', 'dataset_alias_example_alias_producer_with_no_taskflow' retrieved from /home/airflow/.local/lib/python3.12/site-packages/airflow/example_dags/example_dataset_alias_with_no_taskflow.py
[2026-09-17T20:47:20.950+0000] {logging_mixin.py:190} INFO - [2026-09-17T20:47:20.949+0000] {dag.py:3239} INFO - Sync 4 DAGs
[2026-09-17T20:47:20.979+0000] {logging_mixin.py:190} INFO - [2026-09-17T20:47:20.978+0000] {dag.py:4180} INFO - Setting next_dagrun for dataset_alias_example_alias_consumer_with_no_taskflow to None, run_after=None
[2026-09-17T20:47:20.983+0000] {logging_mixin.py:190} INFO - [2026-09-17T20:47:20.983+0000] {dag.py:4180} INFO - Setting next_dagrun for dataset_alias_example_alias_producer_with_no_taskflow to None, run_after=None
[2026-09-17T20:47:20.987+0000] {logging_mixin.py:190} INFO - [2026-09-17T20:47:20.986+0000] {dag.py:4180} INFO - Setting next_dagrun for dataset_s3_bucket_consumer_with_no_taskflow to None, run_after=None
[2026-09-17T20:47:20.990+0000] {logging_mixin.py:190} INFO - [2026-09-17T20:47:20.989+0000] {dag.py:4180} INFO - Setting next_dagrun for dataset_s3_bucket_producer_with_no_taskflow to None, run_after=None
[2026-09-17T20:47:21.092+0000] {processor.py:208} INFO - Processing /home/airflow/.local/lib/python3.12/site-packages/airflow/example_dags/example_dataset_alias_with_no_taskflow.py took 1.216 seconds
[2026-09-17T20:47:51.340+0000] {processor.py:186} INFO - Started process (PID=2392) to work on /home/airflow/.local/lib/python3.12/site-packages/airflow/example_dags/example_dataset_alias_with_no_taskflow.py
[2026-09-17T20:47:51.342+0000] {processor.py:914} INFO - Processing file /home/airflow/.local/lib/python3.12/site-packages/airflow/example_dags/example_dataset_alias_with_no_taskflow.py for tasks to queue
[2026-09-17T20:47:51.345+0000] {logging_mixin.py:190} INFO - [2026-09-17T20:47:51.344+0000] {dagbag.py:588} INFO - Filling up the DagBag from /home/airflow/.local/lib/python3.12/site-packages/airflow/example_dags/example_dataset_alias_with_no_taskflow.py
[2026-09-17T20:47:52.130+0000] {processor.py:925} INFO - DAG(s) 'dataset_s3_bucket_producer_with_no_taskflow', 'dataset_s3_bucket_consumer_with_no_taskflow', 'dataset_alias_example_alias_producer_with_no_taskflow', 'dataset_alias_example_alias_consumer_with_no_taskflow' retrieved from /home/airflow/.local/lib/python3.12/site-packages/airflow/example_dags/example_dataset_alias_with_no_taskflow.py
[2026-09-17T20:47:52.166+0000] {logging_mixin.py:190} INFO - [2026-09-17T20:47:52.166+0000] {dag.py:3239} INFO - Sync 4 DAGs
[2026-09-17T20:47:52.199+0000] {logging_mixin.py:190} INFO - [2026-09-17T20:47:52.199+0000] {dag.py:4180} INFO - Setting next_dagrun for dataset_alias_example_alias_consumer_with_no_taskflow to None, run_after=None
[2026-09-17T20:47:52.205+0000] {logging_mixin.py:190} INFO - [2026-09-17T20:47:52.205+0000] {dag.py:4180} INFO - Setting next_dagrun for dataset_alias_example_alias_producer_with_no_taskflow to None, run_after=None
[2026-09-17T20:47:52.208+0000] {logging_mixin.py:190} INFO - [2026-09-17T20:47:52.208+0000] {dag.py:4180} INFO - Setting next_dagrun for dataset_s3_bucket_consumer_with_no_taskflow to None, run_after=None
[2026-09-17T20:47:52.212+0000] {logging_mixin.py:190} INFO - [2026-09-17T20:47:52.212+0000] {dag.py:4180} INFO - Setting next_dagrun for dataset_s3_bucket_producer_with_no_taskflow to None, run_after=None
[2026-09-17T20:47:52.250+0000] {processor.py:208} INFO - Processing /home/airflow/.local/lib/python3.12/site-packages/airflow/example_dags/example_dataset_alias_with_no_taskflow.py took 0.917 seconds
[2026-09-17T20:48:23.264+0000] {processor.py:186} INFO - Started process (PID=2459) to work on /home/airflow/.local/lib/python3.12/site-packages/airflow/example_dags/example_dataset_alias_with_no_taskflow.py
[2026-09-17T20:48:23.266+0000] {processor.py:914} INFO - Processing file /home/airflow/.local/lib/python3.12/site-packages/airflow/example_dags/example_dataset_alias_with_no_taskflow.py for tasks to queue
[2026-09-17T20:48:23.268+0000] {logging_mixin.py:190} INFO - [2026-09-17T20:48:23.268+0000] {dagbag.py:588} INFO - Filling up the DagBag from /home/airflow/.local/lib/python3.12/site-packages/airflow/example_dags/example_dataset_alias_with_no_taskflow.py
[2026-09-17T20:48:24.134+0000] {processor.py:925} INFO - DAG(s) 'dataset_alias_example_alias_producer_with_no_taskflow', 'dataset_s3_bucket_producer_with_no_taskflow', 'dataset_s3_bucket_consumer_with_no_taskflow', 'dataset_alias_example_alias_consumer_with_no_taskflow' retrieved from /home/airflow/.local/lib/python3.12/site-packages/airflow/example_dags/example_dataset_alias_with_no_taskflow.py
[2026-09-17T20:48:24.167+0000] {logging_mixin.py:190} INFO - [2026-09-17T20:48:24.166+0000] {dag.py:3239} INFO - Sync 4 DAGs
[2026-09-17T20:48:24.202+0000] {logging_mixin.py:190} INFO - [2026-09-17T20:48:24.201+0000] {dag.py:4180} INFO - Setting next_dagrun for dataset_alias_example_alias_consumer_with_no_taskflow to None, run_after=None
[2026-09-17T20:48:24.206+0000] {logging_mixin.py:190} INFO - [2026-09-17T20:48:24.206+0000] {dag.py:4180} INFO - Setting next_dagrun for dataset_alias_example_alias_producer_with_no_taskflow to None, run_after=None
[2026-09-17T20:48:24.210+0000] {logging_mixin.py:190} INFO - [2026-09-17T20:48:24.209+0000] {dag.py:4180} INFO - Setting next_dagrun for dataset_s3_bucket_consumer_with_no_taskflow to None, run_after=None
[2026-09-17T20:48:24.214+0000] {logging_mixin.py:190} INFO - [2026-09-17T20:48:24.213+0000] {dag.py:4180} INFO - Setting next_dagrun for dataset_s3_bucket_producer_with_no_taskflow to None, run_after=None
[2026-09-17T20:48:24.255+0000] {processor.py:208} INFO - Processing /home/airflow/.local/lib/python3.12/site-packages/airflow/example_dags/example_dataset_alias_with_no_taskflow.py took 0.999 seconds
