[2026-09-17T18:40:45.368+0000] {processor.py:161} INFO - Started process (PID=82) to work on /home/airflow/.local/lib/python3.8/site-packages/airflow/example_dags/example_params_ui_tutorial.py
[2026-09-17T18:40:45.371+0000] {processor.py:830} INFO - Processing file /home/airflow/.local/lib/python3.8/site-packages/airflow/example_dags/example_params_ui_tutorial.py for tasks to queue
[2026-09-17T18:40:45.374+0000] {logging_mixin.py:188} INFO - [2026-09-17T18:40:45.374+0000] {dagbag.py:538} INFO - Filling up the DagBag from /home/airflow/.local/lib/python3.8/site-packages/airflow/example_dags/example_params_ui_tutorial.py
[2026-09-17T18:40:45.390+0000] {processor.py:840} INFO - DAG(s) 'example_params_ui_tutorial' retrieved from /home/airflow/.local/lib/python3.8/site-packages/airflow/example_dags/example_params_ui_tutorial.py
[2026-09-17T18:40:45.415+0000] {logging_mixin.py:188} INFO - [2026-09-17T18:40:45.414+0000] {dag.py:3036} INFO - Sync 1 DAGs
[2026-09-17T18:40:45.433+0000] {logging_mixin.py:188} INFO - [2026-09-17T18:40:45.433+0000] {dag.py:3823} INFO - Setting next_dagrun for example_params_ui_tutorial to None, run_after=None
[2026-09-17T18:40:45.467+0000] {processor.py:183} INFO - Processing /home/airflow/.local/lib/python3.8/site-packages/airflow/example_dags/example_params_ui_tutorial.py took 0.102 seconds
[2026-09-17T18:41:17.754+0000] {processor.py:161} INFO - Started process (PID=139) to work on /home/airflow/.local/lib/python3.8/site-packages/airflow/example_dags/example_params_ui_tutorial.py
[2026-09-17T18:41:17.757+0000] {processor.py:830} INFO - Processing file /home/airflow/.local/lib/python3.8/site-packages/airflow/example_dags/example_params_ui_tutorial.py for tasks to queue
[2026-09-17T18:41:17.761+0000] {logging_mixin.py:188} INFO - [2026-09-17T18:41:17.760+0000] {dagbag.py:538} INFO - Filling up the DagBag from /home/airflow/.local/lib/python3.8/site-packages/airflow/example_dags/example_params_ui_tutorial.py
[2026-09-17T18:41:17.786+0000] {processor.py:840} INFO - DAG(s) 'example_params_ui_tutorial' retrieved from /home/airflow/.local/lib/python3.8/site-packages/airflow/example_dags/example_params_ui_tutorial.py
[2026-09-17T18:41:18.028+0000] {logging_mixin.py:188} INFO - [2026-09-17T18:41:18.028+0000] {dag.py:3036} INFO - Sync 1 DAGs
[2026-09-17T18:41:18.046+0000] {logging_mixin.py:188} INFO - [2026-09-17T18:41:18.045+0000] {dag.py:3823} INFO - Setting next_dagrun for example_params_ui_tutorial to None, run_after=None
[2026-09-17T18:41:18.094+0000] {processor.py:183} INFO - Processing /home/airflow/.local/lib/python3.8/site-packages/airflow/example_dags/example_params_ui_tutorial.py took 0.345 seconds
[2026-09-17T18:41:48.382+0000] {processor.py:161} INFO - Started process (PID=188) to work on /home/airflow/.local/lib/python3.8/site-packages/airflow/example_dags/example_params_ui_tutorial.py
[2026-09-17T18:41:48.384+0000] {processor.py:830} INFO - Processing file /home/airflow/.local/lib/python3.8/site-packages/airflow/example_dags/example_params_ui_tutorial.py for tasks to queue
[2026-09-17T18:41:48.387+0000] {logging_mixin.py:188} INFO - [2026-09-17T18:41:48.387+0000] {dagbag.py:538} INFO - Filling up the DagBag from /home/airflow/.local/lib/python3.8/site-packages/airflow/example_dags/example_params_ui_tutorial.py
[2026-09-17T18:41:48.401+0000] {processor.py:840} INFO - DAG(s) 'example_params_ui_tutorial' retrieved from /home/airflow/.local/lib/python3.8/site-packages/airflow/example_dags/example_params_ui_tutorial.py
[2026-09-17T18:41:48.423+0000] {logging_mixin.py:188} INFO - [2026-09-17T18:41:48.422+0000] {dag.py:3036} INFO - Sync 1 DAGs
[2026-09-17T18:41:48.443+0000] {logging_mixin.py:188} INFO - [2026-09-17T18:41:48.442+0000] {dag.py:3823} INFO - Setting next_dagrun for example_params_ui_tutorial to None, run_after=None
[2026-09-17T18:41:48.475+0000] {processor.py:183} INFO - Processing /home/airflow/.local/lib/python3.8/site-packages/airflow/example_dags/example_params_ui_tutorial.py took 0.096 seconds
[2026-09-17T18:42:19.353+0000] {processor.py:161} INFO - Started process (PID=245) to work on /home/airflow/.local/lib/python3.8/site-packages/airflow/example_dags/example_params_ui_tutorial.py
[2026-09-17T18:42:19.354+0000] {processor.py:830} INFO - Processing file /home/airflow/.local/lib/python3.8/site-packages/airflow/example_dags/example_params_ui_tutorial.py for tasks to queue
[2026-09-17T18:42:19.357+0000] {logging_mixin.py:188} INFO - [2026-09-17T18:42:19.357+0000] {dagbag.py:538} INFO - Filling up the DagBag from /home/airflow/.local/lib/python3.8/site-packages/airflow/example_dags/example_params_ui_tutorial.py
[2026-09-17T18:42:19.372+0000] {processor.py:840} INFO - DAG(s) 'example_params_ui_tutorial' retrieved from /home/airflow/.local/lib/python3.8/site-packages/airflow/example_dags/example_params_ui_tutorial.py
[2026-09-17T18:42:19.394+0000] {logging_mixin.py:188} INFO - [2026-09-17T18:42:19.394+0000] {dag.py:3036} INFO - Sync 1 DAGs
[2026-09-17T18:42:19.418+0000] {logging_mixin.py:188} INFO - [2026-09-17T18:42:19.417+0000] {dag.py:3823} INFO - Setting next_dagrun for example_params_ui_tutorial to None, run_after=None
[2026-09-17T18:42:19.452+0000] {processor.py:183} INFO - Processing /home/airflow/.local/lib/python3.8/site-packages/airflow/example_dags/example_params_ui_tutorial.py took 0.103 seconds
[2026-09-17T18:42:50.512+0000] {processor.py:161} INFO - Started process (PID=302) to work on /home/airflow/.local/lib/python3.8/site-packages/airflow/example_dags/example_params_ui_tutorial.py
[2026-09-17T18:42:50.514+0000] {processor.py:830} INFO - Processing file /home/airflow/.local/lib/python3.8/site-packages/airflow/example_dags/example_params_ui_tutorial.py for tasks to queue
[2026-09-17T18:42:50.518+0000] {logging_mixin.py:188} INFO - [2026-09-17T18:42:50.517+0000] {dagbag.py:538} INFO - Filling up the DagBag from /home/airflow/.local/lib/python3.8/site-packages/airflow/example_dags/example_params_ui_tutorial.py
[2026-09-17T18:42:50.541+0000] {processor.py:840} INFO - DAG(s) 'example_params_ui_tutorial' retrieved from /home/airflow/.local/lib/python3.8/site-packages/airflow/example_dags/example_params_ui_tutorial.py
[2026-09-17T18:42:50.753+0000] {logging_mixin.py:188} INFO - [2026-09-17T18:42:50.753+0000] {dag.py:3036} INFO - Sync 1 DAGs
[2026-09-17T18:42:50.770+0000] {logging_mixin.py:188} INFO - [2026-09-17T18:42:50.769+0000] {dag.py:3823} INFO - Setting next_dagrun for example_params_ui_tutorial to None, run_after=None
[2026-09-17T18:42:50.808+0000] {processor.py:183} INFO - Processing /home/airflow/.local/lib/python3.8/site-packages/airflow/example_dags/example_params_ui_tutorial.py took 0.302 seconds
[2026-09-17T18:43:23.096+0000] {processor.py:161} INFO - Started process (PID=359) to work on /home/airflow/.local/lib/python3.8/site-packages/airflow/example_dags/example_params_ui_tutorial.py
[2026-09-17T18:43:23.103+0000] {processor.py:830} INFO - Processing file /home/airflow/.local/lib/python3.8/site-packages/airflow/example_dags/example_params_ui_tutorial.py for tasks to queue
[2026-09-17T18:43:23.113+0000] {logging_mixin.py:188} INFO - [2026-09-17T18:43:23.111+0000] {dagbag.py:538} INFO - Filling up the DagBag from /home/airflow/.local/lib/python3.8/site-packages/airflow/example_dags/example_params_ui_tutorial.py
[2026-09-17T18:43:23.163+0000] {processor.py:840} INFO - DAG(s) 'example_params_ui_tutorial' retrieved from /home/airflow/.local/lib/python3.8/site-packages/airflow/example_dags/example_params_ui_tutorial.py
[2026-09-17T18:43:23.304+0000] {logging_mixin.py:188} INFO - [2026-09-17T18:43:23.304+0000] {dag.py:3036} INFO - Sync 1 DAGs
[2026-09-17T18:43:23.334+0000] {logging_mixin.py:188} INFO - [2026-09-17T18:43:23.333+0000] {dag.py:3823} INFO - Setting next_dagrun for example_params_ui_tutorial to None, run_after=None
[2026-09-17T18:43:24.427+0000] {processor.py:183} INFO - Processing /home/airflow/.local/lib/python3.8/site-packages/airflow/example_dags/example_params_ui_tutorial.py took 1.349 seconds
[2026-09-17T18:44:17.874+0000] {processor.py:161} INFO - Started process (PID=424) to work on /home/airflow/.local/lib/python3.8/site-packages/airflow/example_dags/example_params_ui_tutorial.py
[2026-09-17T18:44:17.876+0000] {processor.py:830} INFO - Processing file /home/airflow/.local/lib/python3.8/site-packages/airflow/example_dags/example_params_ui_tutorial.py for tasks to queue
[2026-09-17T18:44:17.879+0000] {logging_mixin.py:188} INFO - [2026-09-17T18:44:17.879+0000] {dagbag.py:538} INFO - Filling up the DagBag from /home/airflow/.local/lib/python3.8/site-packages/airflow/example_dags/example_params_ui_tutorial.py
[2026-09-17T18:44:17.896+0000] {processor.py:840} INFO - DAG(s) 'example_params_ui_tutorial' retrieved from /home/airflow/.local/lib/python3.8/site-packages/airflow/example_dags/example_params_ui_tutorial.py
[2026-09-17T18:44:17.986+0000] {logging_mixin.py:188} INFO - [2026-09-17T18:44:17.986+0000] {dag.py:3036} INFO - Sync 1 DAGs
[2026-09-17T18:44:18.005+0000] {logging_mixin.py:188} INFO - [2026-09-17T18:44:18.004+0000] {dag.py:3823} INFO - Setting next_dagrun for example_params_ui_tutorial to None, run_after=None
[2026-09-17T18:44:18.451+0000] {processor.py:183} INFO - Processing /home/airflow/.local/lib/python3.8/site-packages/airflow/example_dags/example_params_ui_tutorial.py took 0.583 seconds
[2026-09-17T18:44:50.111+0000] {processor.py:161} INFO - Started process (PID=481) to work on /home/airflow/.local/lib/python3.8/site-packages/airflow/example_dags/example_params_ui_tutorial.py
[2026-09-17T18:44:50.114+0000] {processor.py:830} INFO - Processing file /home/airflow/.local/lib/python3.8/site-packages/airflow/example_dags/example_params_ui_tutorial.py for tasks to queue
[2026-09-17T18:44:50.120+0000] {logging_mixin.py:188} INFO - [2026-09-17T18:44:50.119+0000] {dagbag.py:538} INFO - Filling up the DagBag from /home/airflow/.local/lib/python3.8/site-packages/airflow/example_dags/example_params_ui_tutorial.py
[2026-09-17T18:44:50.161+0000] {processor.py:840} INFO - DAG(s) 'example_params_ui_tutorial' retrieved from /home/airflow/.local/lib/python3.8/site-packages/airflow/example_dags/example_params_ui_tutorial.py
[2026-09-17T18:44:50.275+0000] {logging_mixin.py:188} INFO - [2026-09-17T18:44:50.275+0000] {dag.py:3036} INFO - Sync 1 DAGs
[2026-09-17T18:44:50.291+0000] {logging_mixin.py:188} INFO - [2026-09-17T18:44:50.291+0000] {dag.py:3823} INFO - Setting next_dagrun for example_params_ui_tutorial to None, run_after=None
[2026-09-17T18:44:51.395+0000] {processor.py:183} INFO - Processing /home/airflow/.local/lib/python3.8/site-packages/airflow/example_dags/example_params_ui_tutorial.py took 1.289 seconds
[2026-09-17T18:45:21.766+0000] {processor.py:161} INFO - Started process (PID=530) to work on /home/airflow/.local/lib/python3.8/site-packages/airflow/example_dags/example_params_ui_tutorial.py
[2026-09-17T18:45:21.769+0000] {processor.py:830} INFO - Processing file /home/airflow/.local/lib/python3.8/site-packages/airflow/example_dags/example_params_ui_tutorial.py for tasks to queue
[2026-09-17T18:45:21.772+0000] {logging_mixin.py:188} INFO - [2026-09-17T18:45:21.771+0000] {dagbag.py:538} INFO - Filling up the DagBag from /home/airflow/.local/lib/python3.8/site-packages/airflow/example_dags/example_params_ui_tutorial.py
[2026-09-17T18:45:21.784+0000] {processor.py:840} INFO - DAG(s) 'example_params_ui_tutorial' retrieved from /home/airflow/.local/lib/python3.8/site-packages/airflow/example_dags/example_params_ui_tutorial.py
[2026-09-17T18:45:21.850+0000] {logging_mixin.py:188} INFO - [2026-09-17T18:45:21.850+0000] {dag.py:3036} INFO - Sync 1 DAGs
[2026-09-17T18:45:21.864+0000] {logging_mixin.py:188} INFO - [2026-09-17T18:45:21.863+0000] {dag.py:3823} INFO - Setting next_dagrun for example_params_ui_tutorial to None, run_after=None
[2026-09-17T18:45:25.565+0000] {processor.py:183} INFO - Processing /home/airflow/.local/lib/python3.8/site-packages/airflow/example_dags/example_params_ui_tutorial.py took 3.802 seconds
[2026-09-17T18:47:23.793+0000] {processor.py:186} INFO - Started process (PID=104) to work on /home/airflow/.local/lib/python3.12/site-packages/airflow/example_dags/example_params_ui_tutorial.py
[2026-09-17T18:47:23.795+0000] {processor.py:914} INFO - Processing file /home/airflow/.local/lib/python3.12/site-packages/airflow/example_dags/example_params_ui_tutorial.py for tasks to queue
[2026-09-17T18:47:23.798+0000] {logging_mixin.py:190} INFO - [2026-09-17T18:47:23.798+0000] {dagbag.py:588} INFO - Filling up the DagBag from /home/airflow/.local/lib/python3.12/site-packages/airflow/example_dags/example_params_ui_tutorial.py
[2026-09-17T18:47:23.811+0000] {processor.py:925} INFO - DAG(s) 'example_params_ui_tutorial' retrieved from /home/airflow/.local/lib/python3.12/site-packages/airflow/example_dags/example_params_ui_tutorial.py
[2026-09-17T18:47:23.960+0000] {logging_mixin.py:190} INFO - [2026-09-17T18:47:23.960+0000] {dag.py:3239} INFO - Sync 1 DAGs
[2026-09-17T18:47:23.978+0000] {logging_mixin.py:190} INFO - [2026-09-17T18:47:23.978+0000] {dag.py:4180} INFO - Setting next_dagrun for example_params_ui_tutorial to None, run_after=None
[2026-09-17T18:47:24.009+0000] {processor.py:208} INFO - Processing /home/airflow/.local/lib/python3.12/site-packages/airflow/example_dags/example_params_ui_tutorial.py took 0.223 seconds
[2026-09-17T18:47:54.808+0000] {processor.py:186} INFO - Started process (PID=169) to work on /home/airflow/.local/lib/python3.12/site-packages/airflow/example_dags/example_params_ui_tutorial.py
[2026-09-17T18:47:54.810+0000] {processor.py:914} INFO - Processing file /home/airflow/.local/lib/python3.12/site-packages/airflow/example_dags/example_params_ui_tutorial.py for tasks to queue
[2026-09-17T18:47:54.813+0000] {logging_mixin.py:190} INFO - [2026-09-17T18:47:54.813+0000] {dagbag.py:588} INFO - Filling up the DagBag from /home/airflow/.local/lib/python3.12/site-packages/airflow/example_dags/example_params_ui_tutorial.py
[2026-09-17T18:47:54.825+0000] {processor.py:925} INFO - DAG(s) 'example_params_ui_tutorial' retrieved from /home/airflow/.local/lib/python3.12/site-packages/airflow/example_dags/example_params_ui_tutorial.py
[2026-09-17T18:47:54.878+0000] {logging_mixin.py:190} INFO - [2026-09-17T18:47:54.878+0000] {dag.py:3239} INFO - Sync 1 DAGs
[2026-09-17T18:47:54.895+0000] {logging_mixin.py:190} INFO - [2026-09-17T18:47:54.895+0000] {dag.py:4180} INFO - Setting next_dagrun for example_params_ui_tutorial to None, run_after=None
[2026-09-17T18:47:54.922+0000] {processor.py:208} INFO - Processing /home/airflow/.local/lib/python3.12/site-packages/airflow/example_dags/example_params_ui_tutorial.py took 0.121 seconds
[2026-09-17T18:48:25.389+0000] {processor.py:186} INFO - Started process (PID=234) to work on /home/airflow/.local/lib/python3.12/site-packages/airflow/example_dags/example_params_ui_tutorial.py
[2026-09-17T18:48:25.391+0000] {processor.py:914} INFO - Processing file /home/airflow/.local/lib/python3.12/site-packages/airflow/example_dags/example_params_ui_tutorial.py for tasks to queue
[2026-09-17T18:48:25.398+0000] {logging_mixin.py:190} INFO - [2026-09-17T18:48:25.397+0000] {dagbag.py:588} INFO - Filling up the DagBag from /home/airflow/.local/lib/python3.12/site-packages/airflow/example_dags/example_params_ui_tutorial.py
[2026-09-17T18:48:25.410+0000] {processor.py:925} INFO - DAG(s) 'example_params_ui_tutorial' retrieved from /home/airflow/.local/lib/python3.12/site-packages/airflow/example_dags/example_params_ui_tutorial.py
[2026-09-17T18:48:25.460+0000] {logging_mixin.py:190} INFO - [2026-09-17T18:48:25.459+0000] {dag.py:3239} INFO - Sync 1 DAGs
[2026-09-17T18:48:25.478+0000] {logging_mixin.py:190} INFO - [2026-09-17T18:48:25.478+0000] {dag.py:4180} INFO - Setting next_dagrun for example_params_ui_tutorial to None, run_after=None
[2026-09-17T18:48:25.505+0000] {processor.py:208} INFO - Processing /home/airflow/.local/lib/python3.12/site-packages/airflow/example_dags/example_params_ui_tutorial.py took 0.123 seconds
[2026-09-17T18:48:55.626+0000] {processor.py:186} INFO - Started process (PID=297) to work on /home/airflow/.local/lib/python3.12/site-packages/airflow/example_dags/example_params_ui_tutorial.py
[2026-09-17T18:48:55.629+0000] {processor.py:914} INFO - Processing file /home/airflow/.local/lib/python3.12/site-packages/airflow/example_dags/example_params_ui_tutorial.py for tasks to queue
[2026-09-17T18:48:55.633+0000] {logging_mixin.py:190} INFO - [2026-09-17T18:48:55.632+0000] {dagbag.py:588} INFO - Filling up the DagBag from /home/airflow/.local/lib/python3.12/site-packages/airflow/example_dags/example_params_ui_tutorial.py
[2026-09-17T18:48:55.646+0000] {processor.py:925} INFO - DAG(s) 'example_params_ui_tutorial' retrieved from /home/airflow/.local/lib/python3.12/site-packages/airflow/example_dags/example_params_ui_tutorial.py
[2026-09-17T18:48:55.704+0000] {logging_mixin.py:190} INFO - [2026-09-17T18:48:55.703+0000] {dag.py:3239} INFO - Sync 1 DAGs
[2026-09-17T18:48:55.725+0000] {logging_mixin.py:190} INFO - [2026-09-17T18:48:55.724+0000] {dag.py:4180} INFO - Setting next_dagrun for example_params_ui_tutorial to None, run_after=None
[2026-09-17T18:48:55.753+0000] {processor.py:208} INFO - Processing /home/airflow/.local/lib/python3.12/site-packages/airflow/example_dags/example_params_ui_tutorial.py took 0.134 seconds
[2026-09-17T18:49:26.037+0000] {processor.py:186} INFO - Started process (PID=355) to work on /home/airflow/.local/lib/python3.12/site-packages/airflow/example_dags/example_params_ui_tutorial.py
[2026-09-17T18:49:26.039+0000] {processor.py:914} INFO - Processing file /home/airflow/.local/lib/python3.12/site-packages/airflow/example_dags/example_params_ui_tutorial.py for tasks to queue
[2026-09-17T18:49:26.043+0000] {logging_mixin.py:190} INFO - [2026-09-17T18:49:26.043+0000] {dagbag.py:588} INFO - Filling up the DagBag from /home/airflow/.local/lib/python3.12/site-packages/airflow/example_dags/example_params_ui_tutorial.py
[2026-09-17T18:49:26.054+0000] {processor.py:925} INFO - DAG(s) 'example_params_ui_tutorial' retrieved from /home/airflow/.local/lib/python3.12/site-packages/airflow/example_dags/example_params_ui_tutorial.py
[2026-09-17T18:49:26.106+0000] {logging_mixin.py:190} INFO - [2026-09-17T18:49:26.106+0000] {dag.py:3239} INFO - Sync 1 DAGs
[2026-09-17T18:49:26.124+0000] {logging_mixin.py:190} INFO - [2026-09-17T18:49:26.124+0000] {dag.py:4180} INFO - Setting next_dagrun for example_params_ui_tutorial to None, run_after=None
[2026-09-17T18:49:26.150+0000] {processor.py:208} INFO - Processing /home/airflow/.local/lib/python3.12/site-packages/airflow/example_dags/example_params_ui_tutorial.py took 0.120 seconds
[2026-09-17T18:50:53.830+0000] {processor.py:186} INFO - Started process (PID=83) to work on /home/airflow/.local/lib/python3.12/site-packages/airflow/example_dags/example_params_ui_tutorial.py
[2026-09-17T18:50:53.832+0000] {processor.py:914} INFO - Processing file /home/airflow/.local/lib/python3.12/site-packages/airflow/example_dags/example_params_ui_tutorial.py for tasks to queue
[2026-09-17T18:50:53.835+0000] {logging_mixin.py:190} INFO - [2026-09-17T18:50:53.834+0000] {dagbag.py:588} INFO - Filling up the DagBag from /home/airflow/.local/lib/python3.12/site-packages/airflow/example_dags/example_params_ui_tutorial.py
[2026-09-17T18:50:53.848+0000] {processor.py:925} INFO - DAG(s) 'example_params_ui_tutorial' retrieved from /home/airflow/.local/lib/python3.12/site-packages/airflow/example_dags/example_params_ui_tutorial.py
[2026-09-17T18:50:53.897+0000] {logging_mixin.py:190} INFO - [2026-09-17T18:50:53.896+0000] {dag.py:3239} INFO - Sync 1 DAGs
[2026-09-17T18:50:53.913+0000] {logging_mixin.py:190} INFO - [2026-09-17T18:50:53.912+0000] {dag.py:4180} INFO - Setting next_dagrun for example_params_ui_tutorial to None, run_after=None
[2026-09-17T18:50:53.937+0000] {processor.py:208} INFO - Processing /home/airflow/.local/lib/python3.12/site-packages/airflow/example_dags/example_params_ui_tutorial.py took 0.113 seconds
[2026-09-17T18:51:26.067+0000] {processor.py:186} INFO - Started process (PID=148) to work on /home/airflow/.local/lib/python3.12/site-packages/airflow/example_dags/example_params_ui_tutorial.py
[2026-09-17T18:51:26.069+0000] {processor.py:914} INFO - Processing file /home/airflow/.local/lib/python3.12/site-packages/airflow/example_dags/example_params_ui_tutorial.py for tasks to queue
[2026-09-17T18:51:26.071+0000] {logging_mixin.py:190} INFO - [2026-09-17T18:51:26.071+0000] {dagbag.py:588} INFO - Filling up the DagBag from /home/airflow/.local/lib/python3.12/site-packages/airflow/example_dags/example_params_ui_tutorial.py
[2026-09-17T18:51:26.081+0000] {processor.py:925} INFO - DAG(s) 'example_params_ui_tutorial' retrieved from /home/airflow/.local/lib/python3.12/site-packages/airflow/example_dags/example_params_ui_tutorial.py
[2026-09-17T18:51:26.129+0000] {logging_mixin.py:190} INFO - [2026-09-17T18:51:26.129+0000] {dag.py:3239} INFO - Sync 1 DAGs
[2026-09-17T18:51:26.148+0000] {logging_mixin.py:190} INFO - [2026-09-17T18:51:26.148+0000] {dag.py:4180} INFO - Setting next_dagrun for example_params_ui_tutorial to None, run_after=None
[2026-09-17T18:51:26.178+0000] {processor.py:208} INFO - Processing /home/airflow/.local/lib/python3.12/site-packages/airflow/example_dags/example_params_ui_tutorial.py took 0.118 seconds
[2026-09-17T18:51:57.775+0000] {processor.py:186} INFO - Started process (PID=212) to work on /home/airflow/.local/lib/python3.12/site-packages/airflow/example_dags/example_params_ui_tutorial.py
[2026-09-17T18:51:57.777+0000] {processor.py:914} INFO - Processing file /home/airflow/.local/lib/python3.12/site-packages/airflow/example_dags/example_params_ui_tutorial.py for tasks to queue
[2026-09-17T18:51:57.781+0000] {logging_mixin.py:190} INFO - [2026-09-17T18:51:57.780+0000] {dagbag.py:588} INFO - Filling up the DagBag from /home/airflow/.local/lib/python3.12/site-packages/airflow/example_dags/example_params_ui_tutorial.py
[2026-09-17T18:51:57.795+0000] {processor.py:925} INFO - DAG(s) 'example_params_ui_tutorial' retrieved from /home/airflow/.local/lib/python3.12/site-packages/airflow/example_dags/example_params_ui_tutorial.py
[2026-09-17T18:51:57.877+0000] {logging_mixin.py:190} INFO - [2026-09-17T18:51:57.877+0000] {dag.py:3239} INFO - Sync 1 DAGs
[2026-09-17T18:51:57.896+0000] {logging_mixin.py:190} INFO - [2026-09-17T18:51:57.896+0000] {dag.py:4180} INFO - Setting next_dagrun for example_params_ui_tutorial to None, run_after=None
[2026-09-17T18:51:57.923+0000] {processor.py:208} INFO - Processing /home/airflow/.local/lib/python3.12/site-packages/airflow/example_dags/example_params_ui_tutorial.py took 0.156 seconds
[2026-09-17T18:52:28.431+0000] {processor.py:186} INFO - Started process (PID=270) to work on /home/airflow/.local/lib/python3.12/site-packages/airflow/example_dags/example_params_ui_tutorial.py
[2026-09-17T18:52:28.433+0000] {processor.py:914} INFO - Processing file /home/airflow/.local/lib/python3.12/site-packages/airflow/example_dags/example_params_ui_tutorial.py for tasks to queue
[2026-09-17T18:52:28.436+0000] {logging_mixin.py:190} INFO - [2026-09-17T18:52:28.435+0000] {dagbag.py:588} INFO - Filling up the DagBag from /home/airflow/.local/lib/python3.12/site-packages/airflow/example_dags/example_params_ui_tutorial.py
[2026-09-17T18:52:28.446+0000] {processor.py:925} INFO - DAG(s) 'example_params_ui_tutorial' retrieved from /home/airflow/.local/lib/python3.12/site-packages/airflow/example_dags/example_params_ui_tutorial.py
[2026-09-17T18:52:28.493+0000] {logging_mixin.py:190} INFO - [2026-09-17T18:52:28.492+0000] {dag.py:3239} INFO - Sync 1 DAGs
[2026-09-17T18:52:28.510+0000] {logging_mixin.py:190} INFO - [2026-09-17T18:52:28.510+0000] {dag.py:4180} INFO - Setting next_dagrun for example_params_ui_tutorial to None, run_after=None
[2026-09-17T18:52:28.535+0000] {processor.py:208} INFO - Processing /home/airflow/.local/lib/python3.12/site-packages/airflow/example_dags/example_params_ui_tutorial.py took 0.111 seconds
[2026-09-17T18:52:59.276+0000] {processor.py:186} INFO - Started process (PID=335) to work on /home/airflow/.local/lib/python3.12/site-packages/airflow/example_dags/example_params_ui_tutorial.py
[2026-09-17T18:52:59.278+0000] {processor.py:914} INFO - Processing file /home/airflow/.local/lib/python3.12/site-packages/airflow/example_dags/example_params_ui_tutorial.py for tasks to queue
[2026-09-17T18:52:59.281+0000] {logging_mixin.py:190} INFO - [2026-09-17T18:52:59.280+0000] {dagbag.py:588} INFO - Filling up the DagBag from /home/airflow/.local/lib/python3.12/site-packages/airflow/example_dags/example_params_ui_tutorial.py
[2026-09-17T18:52:59.293+0000] {processor.py:925} INFO - DAG(s) 'example_params_ui_tutorial' retrieved from /home/airflow/.local/lib/python3.12/site-packages/airflow/example_dags/example_params_ui_tutorial.py
[2026-09-17T18:52:59.350+0000] {logging_mixin.py:190} INFO - [2026-09-17T18:52:59.350+0000] {dag.py:3239} INFO - Sync 1 DAGs
[2026-09-17T18:52:59.372+0000] {logging_mixin.py:190} INFO - [2026-09-17T18:52:59.372+0000] {dag.py:4180} INFO - Setting next_dagrun for example_params_ui_tutorial to None, run_after=None
[2026-09-17T18:52:59.397+0000] {processor.py:208} INFO - Processing /home/airflow/.local/lib/python3.12/site-packages/airflow/example_dags/example_params_ui_tutorial.py took 0.129 seconds
[2026-09-17T18:53:30.232+0000] {processor.py:186} INFO - Started process (PID=400) to work on /home/airflow/.local/lib/python3.12/site-packages/airflow/example_dags/example_params_ui_tutorial.py
[2026-09-17T18:53:30.234+0000] {processor.py:914} INFO - Processing file /home/airflow/.local/lib/python3.12/site-packages/airflow/example_dags/example_params_ui_tutorial.py for tasks to queue
[2026-09-17T18:53:30.237+0000] {logging_mixin.py:190} INFO - [2026-09-17T18:53:30.236+0000] {dagbag.py:588} INFO - Filling up the DagBag from /home/airflow/.local/lib/python3.12/site-packages/airflow/example_dags/example_params_ui_tutorial.py
[2026-09-17T18:53:30.247+0000] {processor.py:925} INFO - DAG(s) 'example_params_ui_tutorial' retrieved from /home/airflow/.local/lib/python3.12/site-packages/airflow/example_dags/example_params_ui_tutorial.py
[2026-09-17T18:53:30.290+0000] {logging_mixin.py:190} INFO - [2026-09-17T18:53:30.290+0000] {dag.py:3239} INFO - Sync 1 DAGs
[2026-09-17T18:53:30.305+0000] {logging_mixin.py:190} INFO - [2026-09-17T18:53:30.305+0000] {dag.py:4180} INFO - Setting next_dagrun for example_params_ui_tutorial to None, run_after=None
[2026-09-17T18:53:30.328+0000] {processor.py:208} INFO - Processing /home/airflow/.local/lib/python3.12/site-packages/airflow/example_dags/example_params_ui_tutorial.py took 0.103 seconds
[2026-09-17T18:54:01.351+0000] {processor.py:186} INFO - Started process (PID=465) to work on /home/airflow/.local/lib/python3.12/site-packages/airflow/example_dags/example_params_ui_tutorial.py
[2026-09-17T18:54:01.352+0000] {processor.py:914} INFO - Processing file /home/airflow/.local/lib/python3.12/site-packages/airflow/example_dags/example_params_ui_tutorial.py for tasks to queue
[2026-09-17T18:54:01.354+0000] {logging_mixin.py:190} INFO - [2026-09-17T18:54:01.354+0000] {dagbag.py:588} INFO - Filling up the DagBag from /home/airflow/.local/lib/python3.12/site-packages/airflow/example_dags/example_params_ui_tutorial.py
[2026-09-17T18:54:01.366+0000] {processor.py:925} INFO - DAG(s) 'example_params_ui_tutorial' retrieved from /home/airflow/.local/lib/python3.12/site-packages/airflow/example_dags/example_params_ui_tutorial.py
[2026-09-17T18:54:01.412+0000] {logging_mixin.py:190} INFO - [2026-09-17T18:54:01.411+0000] {dag.py:3239} INFO - Sync 1 DAGs
[2026-09-17T18:54:01.425+0000] {logging_mixin.py:190} INFO - [2026-09-17T18:54:01.425+0000] {dag.py:4180} INFO - Setting next_dagrun for example_params_ui_tutorial to None, run_after=None
[2026-09-17T18:54:01.450+0000] {processor.py:208} INFO - Processing /home/airflow/.local/lib/python3.12/site-packages/airflow/example_dags/example_params_ui_tutorial.py took 0.106 seconds
[2026-09-17T18:54:32.719+0000] {processor.py:186} INFO - Started process (PID=530) to work on /home/airflow/.local/lib/python3.12/site-packages/airflow/example_dags/example_params_ui_tutorial.py
[2026-09-17T18:54:32.721+0000] {processor.py:914} INFO - Processing file /home/airflow/.local/lib/python3.12/site-packages/airflow/example_dags/example_params_ui_tutorial.py for tasks to queue
[2026-09-17T18:54:32.723+0000] {logging_mixin.py:190} INFO - [2026-09-17T18:54:32.723+0000] {dagbag.py:588} INFO - Filling up the DagBag from /home/airflow/.local/lib/python3.12/site-packages/airflow/example_dags/example_params_ui_tutorial.py
[2026-09-17T18:54:32.733+0000] {processor.py:925} INFO - DAG(s) 'example_params_ui_tutorial' retrieved from /home/airflow/.local/lib/python3.12/site-packages/airflow/example_dags/example_params_ui_tutorial.py
[2026-09-17T18:54:32.778+0000] {logging_mixin.py:190} INFO - [2026-09-17T18:54:32.778+0000] {dag.py:3239} INFO - Sync 1 DAGs
[2026-09-17T18:54:32.793+0000] {logging_mixin.py:190} INFO - [2026-09-17T18:54:32.793+0000] {dag.py:4180} INFO - Setting next_dagrun for example_params_ui_tutorial to None, run_after=None
[2026-09-17T18:54:32.818+0000] {processor.py:208} INFO - Processing /home/airflow/.local/lib/python3.12/site-packages/airflow/example_dags/example_params_ui_tutorial.py took 0.105 seconds
[2026-09-17T18:55:03.952+0000] {processor.py:186} INFO - Started process (PID=595) to work on /home/airflow/.local/lib/python3.12/site-packages/airflow/example_dags/example_params_ui_tutorial.py
[2026-09-17T18:55:03.953+0000] {processor.py:914} INFO - Processing file /home/airflow/.local/lib/python3.12/site-packages/airflow/example_dags/example_params_ui_tutorial.py for tasks to queue
[2026-09-17T18:55:03.955+0000] {logging_mixin.py:190} INFO - [2026-09-17T18:55:03.955+0000] {dagbag.py:588} INFO - Filling up the DagBag from /home/airflow/.local/lib/python3.12/site-packages/airflow/example_dags/example_params_ui_tutorial.py
[2026-09-17T18:55:03.965+0000] {processor.py:925} INFO - DAG(s) 'example_params_ui_tutorial' retrieved from /home/airflow/.local/lib/python3.12/site-packages/airflow/example_dags/example_params_ui_tutorial.py
[2026-09-17T18:55:04.008+0000] {logging_mixin.py:190} INFO - [2026-09-17T18:55:04.007+0000] {dag.py:3239} INFO - Sync 1 DAGs
[2026-09-17T18:55:04.022+0000] {logging_mixin.py:190} INFO - [2026-09-17T18:55:04.022+0000] {dag.py:4180} INFO - Setting next_dagrun for example_params_ui_tutorial to None, run_after=None
[2026-09-17T18:55:04.043+0000] {processor.py:208} INFO - Processing /home/airflow/.local/lib/python3.12/site-packages/airflow/example_dags/example_params_ui_tutorial.py took 0.098 seconds
[2026-09-17T18:55:35.511+0000] {processor.py:186} INFO - Started process (PID=660) to work on /home/airflow/.local/lib/python3.12/site-packages/airflow/example_dags/example_params_ui_tutorial.py
[2026-09-17T18:55:35.513+0000] {processor.py:914} INFO - Processing file /home/airflow/.local/lib/python3.12/site-packages/airflow/example_dags/example_params_ui_tutorial.py for tasks to queue
[2026-09-17T18:55:35.516+0000] {logging_mixin.py:190} INFO - [2026-09-17T18:55:35.515+0000] {dagbag.py:588} INFO - Filling up the DagBag from /home/airflow/.local/lib/python3.12/site-packages/airflow/example_dags/example_params_ui_tutorial.py
[2026-09-17T18:55:35.525+0000] {processor.py:925} INFO - DAG(s) 'example_params_ui_tutorial' retrieved from /home/airflow/.local/lib/python3.12/site-packages/airflow/example_dags/example_params_ui_tutorial.py
[2026-09-17T18:55:35.569+0000] {logging_mixin.py:190} INFO - [2026-09-17T18:55:35.568+0000] {dag.py:3239} INFO - Sync 1 DAGs
[2026-09-17T18:55:35.583+0000] {logging_mixin.py:190} INFO - [2026-09-17T18:55:35.583+0000] {dag.py:4180} INFO - Setting next_dagrun for example_params_ui_tutorial to None, run_after=None
[2026-09-17T18:55:35.605+0000] {processor.py:208} INFO - Processing /home/airflow/.local/lib/python3.12/site-packages/airflow/example_dags/example_params_ui_tutorial.py took 0.100 seconds
[2026-09-17T18:56:06.273+0000] {processor.py:186} INFO - Started process (PID=725) to work on /home/airflow/.local/lib/python3.12/site-packages/airflow/example_dags/example_params_ui_tutorial.py
[2026-09-17T18:56:06.274+0000] {processor.py:914} INFO - Processing file /home/airflow/.local/lib/python3.12/site-packages/airflow/example_dags/example_params_ui_tutorial.py for tasks to queue
[2026-09-17T18:56:06.278+0000] {logging_mixin.py:190} INFO - [2026-09-17T18:56:06.277+0000] {dagbag.py:588} INFO - Filling up the DagBag from /home/airflow/.local/lib/python3.12/site-packages/airflow/example_dags/example_params_ui_tutorial.py
[2026-09-17T18:56:06.289+0000] {processor.py:925} INFO - DAG(s) 'example_params_ui_tutorial' retrieved from /home/airflow/.local/lib/python3.12/site-packages/airflow/example_dags/example_params_ui_tutorial.py
[2026-09-17T18:56:06.334+0000] {logging_mixin.py:190} INFO - [2026-09-17T18:56:06.334+0000] {dag.py:3239} INFO - Sync 1 DAGs
[2026-09-17T18:56:06.349+0000] {logging_mixin.py:190} INFO - [2026-09-17T18:56:06.348+0000] {dag.py:4180} INFO - Setting next_dagrun for example_params_ui_tutorial to None, run_after=None
[2026-09-17T18:56:06.370+0000] {processor.py:208} INFO - Processing /home/airflow/.local/lib/python3.12/site-packages/airflow/example_dags/example_params_ui_tutorial.py took 0.105 seconds
[2026-09-17T18:56:37.128+0000] {processor.py:186} INFO - Started process (PID=790) to work on /home/airflow/.local/lib/python3.12/site-packages/airflow/example_dags/example_params_ui_tutorial.py
[2026-09-17T18:56:37.130+0000] {processor.py:914} INFO - Processing file /home/airflow/.local/lib/python3.12/site-packages/airflow/example_dags/example_params_ui_tutorial.py for tasks to queue
[2026-09-17T18:56:37.132+0000] {logging_mixin.py:190} INFO - [2026-09-17T18:56:37.132+0000] {dagbag.py:588} INFO - Filling up the DagBag from /home/airflow/.local/lib/python3.12/site-packages/airflow/example_dags/example_params_ui_tutorial.py
[2026-09-17T18:56:37.142+0000] {processor.py:925} INFO - DAG(s) 'example_params_ui_tutorial' retrieved from /home/airflow/.local/lib/python3.12/site-packages/airflow/example_dags/example_params_ui_tutorial.py
[2026-09-17T18:56:37.188+0000] {logging_mixin.py:190} INFO - [2026-09-17T18:56:37.188+0000] {dag.py:3239} INFO - Sync 1 DAGs
[2026-09-17T18:56:37.204+0000] {logging_mixin.py:190} INFO - [2026-09-17T18:56:37.203+0000] {dag.py:4180} INFO - Setting next_dagrun for example_params_ui_tutorial to None, run_after=None
[2026-09-17T18:56:37.224+0000] {processor.py:208} INFO - Processing /home/airflow/.local/lib/python3.12/site-packages/airflow/example_dags/example_params_ui_tutorial.py took 0.102 seconds
[2026-09-17T18:57:08.213+0000] {processor.py:186} INFO - Started process (PID=855) to work on /home/airflow/.local/lib/python3.12/site-packages/airflow/example_dags/example_params_ui_tutorial.py
[2026-09-17T18:57:08.217+0000] {processor.py:914} INFO - Processing file /home/airflow/.local/lib/python3.12/site-packages/airflow/example_dags/example_params_ui_tutorial.py for tasks to queue
[2026-09-17T18:57:08.219+0000] {logging_mixin.py:190} INFO - [2026-09-17T18:57:08.219+0000] {dagbag.py:588} INFO - Filling up the DagBag from /home/airflow/.local/lib/python3.12/site-packages/airflow/example_dags/example_params_ui_tutorial.py
[2026-09-17T18:57:08.232+0000] {processor.py:925} INFO - DAG(s) 'example_params_ui_tutorial' retrieved from /home/airflow/.local/lib/python3.12/site-packages/airflow/example_dags/example_params_ui_tutorial.py
[2026-09-17T18:57:08.282+0000] {logging_mixin.py:190} INFO - [2026-09-17T18:57:08.282+0000] {dag.py:3239} INFO - Sync 1 DAGs
[2026-09-17T18:57:08.297+0000] {logging_mixin.py:190} INFO - [2026-09-17T18:57:08.297+0000] {dag.py:4180} INFO - Setting next_dagrun for example_params_ui_tutorial to None, run_after=None
[2026-09-17T18:57:08.321+0000] {processor.py:208} INFO - Processing /home/airflow/.local/lib/python3.12/site-packages/airflow/example_dags/example_params_ui_tutorial.py took 0.118 seconds
[2026-09-17T18:57:39.451+0000] {processor.py:186} INFO - Started process (PID=920) to work on /home/airflow/.local/lib/python3.12/site-packages/airflow/example_dags/example_params_ui_tutorial.py
[2026-09-17T18:57:39.453+0000] {processor.py:914} INFO - Processing file /home/airflow/.local/lib/python3.12/site-packages/airflow/example_dags/example_params_ui_tutorial.py for tasks to queue
[2026-09-17T18:57:39.455+0000] {logging_mixin.py:190} INFO - [2026-09-17T18:57:39.455+0000] {dagbag.py:588} INFO - Filling up the DagBag from /home/airflow/.local/lib/python3.12/site-packages/airflow/example_dags/example_params_ui_tutorial.py
[2026-09-17T18:57:39.466+0000] {processor.py:925} INFO - DAG(s) 'example_params_ui_tutorial' retrieved from /home/airflow/.local/lib/python3.12/site-packages/airflow/example_dags/example_params_ui_tutorial.py
[2026-09-17T18:57:39.515+0000] {logging_mixin.py:190} INFO - [2026-09-17T18:57:39.515+0000] {dag.py:3239} INFO - Sync 1 DAGs
[2026-09-17T18:57:39.532+0000] {logging_mixin.py:190} INFO - [2026-09-17T18:57:39.531+0000] {dag.py:4180} INFO - Setting next_dagrun for example_params_ui_tutorial to None, run_after=None
[2026-09-17T18:57:39.555+0000] {processor.py:208} INFO - Processing /home/airflow/.local/lib/python3.12/site-packages/airflow/example_dags/example_params_ui_tutorial.py took 0.110 seconds
[2026-09-17T18:58:11.143+0000] {processor.py:186} INFO - Started process (PID=985) to work on /home/airflow/.local/lib/python3.12/site-packages/airflow/example_dags/example_params_ui_tutorial.py
[2026-09-17T18:58:11.145+0000] {processor.py:914} INFO - Processing file /home/airflow/.local/lib/python3.12/site-packages/airflow/example_dags/example_params_ui_tutorial.py for tasks to queue
[2026-09-17T18:58:11.147+0000] {logging_mixin.py:190} INFO - [2026-09-17T18:58:11.147+0000] {dagbag.py:588} INFO - Filling up the DagBag from /home/airflow/.local/lib/python3.12/site-packages/airflow/example_dags/example_params_ui_tutorial.py
[2026-09-17T18:58:11.159+0000] {processor.py:925} INFO - DAG(s) 'example_params_ui_tutorial' retrieved from /home/airflow/.local/lib/python3.12/site-packages/airflow/example_dags/example_params_ui_tutorial.py
[2026-09-17T18:58:11.201+0000] {logging_mixin.py:190} INFO - [2026-09-17T18:58:11.201+0000] {dag.py:3239} INFO - Sync 1 DAGs
[2026-09-17T18:58:11.216+0000] {logging_mixin.py:190} INFO - [2026-09-17T18:58:11.216+0000] {dag.py:4180} INFO - Setting next_dagrun for example_params_ui_tutorial to None, run_after=None
[2026-09-17T18:58:11.240+0000] {processor.py:208} INFO - Processing /home/airflow/.local/lib/python3.12/site-packages/airflow/example_dags/example_params_ui_tutorial.py took 0.103 seconds
[2026-09-17T18:58:42.429+0000] {processor.py:186} INFO - Started process (PID=1049) to work on /home/airflow/.local/lib/python3.12/site-packages/airflow/example_dags/example_params_ui_tutorial.py
[2026-09-17T18:58:42.431+0000] {processor.py:914} INFO - Processing file /home/airflow/.local/lib/python3.12/site-packages/airflow/example_dags/example_params_ui_tutorial.py for tasks to queue
[2026-09-17T18:58:42.433+0000] {logging_mixin.py:190} INFO - [2026-09-17T18:58:42.433+0000] {dagbag.py:588} INFO - Filling up the DagBag from /home/airflow/.local/lib/python3.12/site-packages/airflow/example_dags/example_params_ui_tutorial.py
[2026-09-17T18:58:42.444+0000] {processor.py:925} INFO - DAG(s) 'example_params_ui_tutorial' retrieved from /home/airflow/.local/lib/python3.12/site-packages/airflow/example_dags/example_params_ui_tutorial.py
[2026-09-17T18:58:42.490+0000] {logging_mixin.py:190} INFO - [2026-09-17T18:58:42.490+0000] {dag.py:3239} INFO - Sync 1 DAGs
[2026-09-17T18:58:42.505+0000] {logging_mixin.py:190} INFO - [2026-09-17T18:58:42.504+0000] {dag.py:4180} INFO - Setting next_dagrun for example_params_ui_tutorial to None, run_after=None
[2026-09-17T18:58:42.530+0000] {processor.py:208} INFO - Processing /home/airflow/.local/lib/python3.12/site-packages/airflow/example_dags/example_params_ui_tutorial.py took 0.109 seconds
[2026-09-17T18:59:16.285+0000] {processor.py:186} INFO - Started process (PID=1115) to work on /home/airflow/.local/lib/python3.12/site-packages/airflow/example_dags/example_params_ui_tutorial.py
[2026-09-17T18:59:16.293+0000] {processor.py:914} INFO - Processing file /home/airflow/.local/lib/python3.12/site-packages/airflow/example_dags/example_params_ui_tutorial.py for tasks to queue
[2026-09-17T18:59:16.298+0000] {logging_mixin.py:190} INFO - [2026-09-17T18:59:16.297+0000] {dagbag.py:588} INFO - Filling up the DagBag from /home/airflow/.local/lib/python3.12/site-packages/airflow/example_dags/example_params_ui_tutorial.py
[2026-09-17T18:59:16.341+0000] {processor.py:925} INFO - DAG(s) 'example_params_ui_tutorial' retrieved from /home/airflow/.local/lib/python3.12/site-packages/airflow/example_dags/example_params_ui_tutorial.py
[2026-09-17T18:59:16.480+0000] {logging_mixin.py:190} INFO - [2026-09-17T18:59:16.479+0000] {dag.py:3239} INFO - Sync 1 DAGs
[2026-09-17T18:59:16.533+0000] {logging_mixin.py:190} INFO - [2026-09-17T18:59:16.532+0000] {dag.py:4180} INFO - Setting next_dagrun for example_params_ui_tutorial to None, run_after=None
[2026-09-17T18:59:16.602+0000] {processor.py:208} INFO - Processing /home/airflow/.local/lib/python3.12/site-packages/airflow/example_dags/example_params_ui_tutorial.py took 0.343 seconds
[2026-09-17T18:59:47.354+0000] {processor.py:186} INFO - Started process (PID=1173) to work on /home/airflow/.local/lib/python3.12/site-packages/airflow/example_dags/example_params_ui_tutorial.py
[2026-09-17T18:59:47.356+0000] {processor.py:914} INFO - Processing file /home/airflow/.local/lib/python3.12/site-packages/airflow/example_dags/example_params_ui_tutorial.py for tasks to queue
[2026-09-17T18:59:47.358+0000] {logging_mixin.py:190} INFO - [2026-09-17T18:59:47.358+0000] {dagbag.py:588} INFO - Filling up the DagBag from /home/airflow/.local/lib/python3.12/site-packages/airflow/example_dags/example_params_ui_tutorial.py
[2026-09-17T18:59:47.369+0000] {processor.py:925} INFO - DAG(s) 'example_params_ui_tutorial' retrieved from /home/airflow/.local/lib/python3.12/site-packages/airflow/example_dags/example_params_ui_tutorial.py
[2026-09-17T18:59:47.412+0000] {logging_mixin.py:190} INFO - [2026-09-17T18:59:47.412+0000] {dag.py:3239} INFO - Sync 1 DAGs
[2026-09-17T18:59:47.427+0000] {logging_mixin.py:190} INFO - [2026-09-17T18:59:47.427+0000] {dag.py:4180} INFO - Setting next_dagrun for example_params_ui_tutorial to None, run_after=None
[2026-09-17T18:59:47.455+0000] {processor.py:208} INFO - Processing /home/airflow/.local/lib/python3.12/site-packages/airflow/example_dags/example_params_ui_tutorial.py took 0.107 seconds
[2026-09-17T19:00:18.662+0000] {processor.py:186} INFO - Started process (PID=1238) to work on /home/airflow/.local/lib/python3.12/site-packages/airflow/example_dags/example_params_ui_tutorial.py
[2026-09-17T19:00:18.665+0000] {processor.py:914} INFO - Processing file /home/airflow/.local/lib/python3.12/site-packages/airflow/example_dags/example_params_ui_tutorial.py for tasks to queue
[2026-09-17T19:00:18.667+0000] {logging_mixin.py:190} INFO - [2026-09-17T19:00:18.667+0000] {dagbag.py:588} INFO - Filling up the DagBag from /home/airflow/.local/lib/python3.12/site-packages/airflow/example_dags/example_params_ui_tutorial.py
[2026-09-17T19:00:18.679+0000] {processor.py:925} INFO - DAG(s) 'example_params_ui_tutorial' retrieved from /home/airflow/.local/lib/python3.12/site-packages/airflow/example_dags/example_params_ui_tutorial.py
[2026-09-17T19:00:18.728+0000] {logging_mixin.py:190} INFO - [2026-09-17T19:00:18.728+0000] {dag.py:3239} INFO - Sync 1 DAGs
[2026-09-17T19:00:18.743+0000] {logging_mixin.py:190} INFO - [2026-09-17T19:00:18.743+0000] {dag.py:4180} INFO - Setting next_dagrun for example_params_ui_tutorial to None, run_after=None
[2026-09-17T19:00:18.766+0000] {processor.py:208} INFO - Processing /home/airflow/.local/lib/python3.12/site-packages/airflow/example_dags/example_params_ui_tutorial.py took 0.110 seconds
[2026-09-17T19:00:49.648+0000] {processor.py:186} INFO - Started process (PID=1303) to work on /home/airflow/.local/lib/python3.12/site-packages/airflow/example_dags/example_params_ui_tutorial.py
[2026-09-17T19:00:49.650+0000] {processor.py:914} INFO - Processing file /home/airflow/.local/lib/python3.12/site-packages/airflow/example_dags/example_params_ui_tutorial.py for tasks to queue
[2026-09-17T19:00:49.653+0000] {logging_mixin.py:190} INFO - [2026-09-17T19:00:49.653+0000] {dagbag.py:588} INFO - Filling up the DagBag from /home/airflow/.local/lib/python3.12/site-packages/airflow/example_dags/example_params_ui_tutorial.py
[2026-09-17T19:00:49.664+0000] {processor.py:925} INFO - DAG(s) 'example_params_ui_tutorial' retrieved from /home/airflow/.local/lib/python3.12/site-packages/airflow/example_dags/example_params_ui_tutorial.py
[2026-09-17T19:00:49.714+0000] {logging_mixin.py:190} INFO - [2026-09-17T19:00:49.714+0000] {dag.py:3239} INFO - Sync 1 DAGs
[2026-09-17T19:00:49.732+0000] {logging_mixin.py:190} INFO - [2026-09-17T19:00:49.731+0000] {dag.py:4180} INFO - Setting next_dagrun for example_params_ui_tutorial to None, run_after=None
[2026-09-17T19:00:49.756+0000] {processor.py:208} INFO - Processing /home/airflow/.local/lib/python3.12/site-packages/airflow/example_dags/example_params_ui_tutorial.py took 0.115 seconds
[2026-09-17T19:01:20.609+0000] {processor.py:186} INFO - Started process (PID=1368) to work on /home/airflow/.local/lib/python3.12/site-packages/airflow/example_dags/example_params_ui_tutorial.py
[2026-09-17T19:01:20.610+0000] {processor.py:914} INFO - Processing file /home/airflow/.local/lib/python3.12/site-packages/airflow/example_dags/example_params_ui_tutorial.py for tasks to queue
[2026-09-17T19:01:20.613+0000] {logging_mixin.py:190} INFO - [2026-09-17T19:01:20.612+0000] {dagbag.py:588} INFO - Filling up the DagBag from /home/airflow/.local/lib/python3.12/site-packages/airflow/example_dags/example_params_ui_tutorial.py
[2026-09-17T19:01:20.622+0000] {processor.py:925} INFO - DAG(s) 'example_params_ui_tutorial' retrieved from /home/airflow/.local/lib/python3.12/site-packages/airflow/example_dags/example_params_ui_tutorial.py
[2026-09-17T19:01:20.670+0000] {logging_mixin.py:190} INFO - [2026-09-17T19:01:20.670+0000] {dag.py:3239} INFO - Sync 1 DAGs
[2026-09-17T19:01:20.687+0000] {logging_mixin.py:190} INFO - [2026-09-17T19:01:20.687+0000] {dag.py:4180} INFO - Setting next_dagrun for example_params_ui_tutorial to None, run_after=None
[2026-09-17T19:01:20.711+0000] {processor.py:208} INFO - Processing /home/airflow/.local/lib/python3.12/site-packages/airflow/example_dags/example_params_ui_tutorial.py took 0.108 seconds
[2026-09-17T19:01:52.065+0000] {processor.py:186} INFO - Started process (PID=1433) to work on /home/airflow/.local/lib/python3.12/site-packages/airflow/example_dags/example_params_ui_tutorial.py
[2026-09-17T19:01:52.067+0000] {processor.py:914} INFO - Processing file /home/airflow/.local/lib/python3.12/site-packages/airflow/example_dags/example_params_ui_tutorial.py for tasks to queue
[2026-09-17T19:01:52.070+0000] {logging_mixin.py:190} INFO - [2026-09-17T19:01:52.069+0000] {dagbag.py:588} INFO - Filling up the DagBag from /home/airflow/.local/lib/python3.12/site-packages/airflow/example_dags/example_params_ui_tutorial.py
[2026-09-17T19:01:52.082+0000] {processor.py:925} INFO - DAG(s) 'example_params_ui_tutorial' retrieved from /home/airflow/.local/lib/python3.12/site-packages/airflow/example_dags/example_params_ui_tutorial.py
[2026-09-17T19:01:52.131+0000] {logging_mixin.py:190} INFO - [2026-09-17T19:01:52.131+0000] {dag.py:3239} INFO - Sync 1 DAGs
[2026-09-17T19:01:52.147+0000] {logging_mixin.py:190} INFO - [2026-09-17T19:01:52.147+0000] {dag.py:4180} INFO - Setting next_dagrun for example_params_ui_tutorial to None, run_after=None
[2026-09-17T19:01:52.173+0000] {processor.py:208} INFO - Processing /home/airflow/.local/lib/python3.12/site-packages/airflow/example_dags/example_params_ui_tutorial.py took 0.116 seconds
[2026-09-17T19:02:23.304+0000] {processor.py:186} INFO - Started process (PID=1498) to work on /home/airflow/.local/lib/python3.12/site-packages/airflow/example_dags/example_params_ui_tutorial.py
[2026-09-17T19:02:23.306+0000] {processor.py:914} INFO - Processing file /home/airflow/.local/lib/python3.12/site-packages/airflow/example_dags/example_params_ui_tutorial.py for tasks to queue
[2026-09-17T19:02:23.308+0000] {logging_mixin.py:190} INFO - [2026-09-17T19:02:23.307+0000] {dagbag.py:588} INFO - Filling up the DagBag from /home/airflow/.local/lib/python3.12/site-packages/airflow/example_dags/example_params_ui_tutorial.py
[2026-09-17T19:02:23.319+0000] {processor.py:925} INFO - DAG(s) 'example_params_ui_tutorial' retrieved from /home/airflow/.local/lib/python3.12/site-packages/airflow/example_dags/example_params_ui_tutorial.py
[2026-09-17T19:02:23.366+0000] {logging_mixin.py:190} INFO - [2026-09-17T19:02:23.366+0000] {dag.py:3239} INFO - Sync 1 DAGs
[2026-09-17T19:02:23.381+0000] {logging_mixin.py:190} INFO - [2026-09-17T19:02:23.381+0000] {dag.py:4180} INFO - Setting next_dagrun for example_params_ui_tutorial to None, run_after=None
[2026-09-17T19:02:23.403+0000] {processor.py:208} INFO - Processing /home/airflow/.local/lib/python3.12/site-packages/airflow/example_dags/example_params_ui_tutorial.py took 0.106 seconds
[2026-09-17T19:02:54.786+0000] {processor.py:186} INFO - Started process (PID=1563) to work on /home/airflow/.local/lib/python3.12/site-packages/airflow/example_dags/example_params_ui_tutorial.py
[2026-09-17T19:02:54.788+0000] {processor.py:914} INFO - Processing file /home/airflow/.local/lib/python3.12/site-packages/airflow/example_dags/example_params_ui_tutorial.py for tasks to queue
[2026-09-17T19:02:54.791+0000] {logging_mixin.py:190} INFO - [2026-09-17T19:02:54.790+0000] {dagbag.py:588} INFO - Filling up the DagBag from /home/airflow/.local/lib/python3.12/site-packages/airflow/example_dags/example_params_ui_tutorial.py
[2026-09-17T19:02:54.804+0000] {processor.py:925} INFO - DAG(s) 'example_params_ui_tutorial' retrieved from /home/airflow/.local/lib/python3.12/site-packages/airflow/example_dags/example_params_ui_tutorial.py
[2026-09-17T19:02:54.854+0000] {logging_mixin.py:190} INFO - [2026-09-17T19:02:54.854+0000] {dag.py:3239} INFO - Sync 1 DAGs
[2026-09-17T19:02:54.869+0000] {logging_mixin.py:190} INFO - [2026-09-17T19:02:54.869+0000] {dag.py:4180} INFO - Setting next_dagrun for example_params_ui_tutorial to None, run_after=None
[2026-09-17T19:02:54.895+0000] {processor.py:208} INFO - Processing /home/airflow/.local/lib/python3.12/site-packages/airflow/example_dags/example_params_ui_tutorial.py took 0.117 seconds
[2026-09-17T19:03:26.091+0000] {processor.py:186} INFO - Started process (PID=1628) to work on /home/airflow/.local/lib/python3.12/site-packages/airflow/example_dags/example_params_ui_tutorial.py
[2026-09-17T19:03:26.093+0000] {processor.py:914} INFO - Processing file /home/airflow/.local/lib/python3.12/site-packages/airflow/example_dags/example_params_ui_tutorial.py for tasks to queue
[2026-09-17T19:03:26.096+0000] {logging_mixin.py:190} INFO - [2026-09-17T19:03:26.095+0000] {dagbag.py:588} INFO - Filling up the DagBag from /home/airflow/.local/lib/python3.12/site-packages/airflow/example_dags/example_params_ui_tutorial.py
[2026-09-17T19:03:26.106+0000] {processor.py:925} INFO - DAG(s) 'example_params_ui_tutorial' retrieved from /home/airflow/.local/lib/python3.12/site-packages/airflow/example_dags/example_params_ui_tutorial.py
[2026-09-17T19:03:26.156+0000] {logging_mixin.py:190} INFO - [2026-09-17T19:03:26.155+0000] {dag.py:3239} INFO - Sync 1 DAGs
[2026-09-17T19:03:26.174+0000] {logging_mixin.py:190} INFO - [2026-09-17T19:03:26.173+0000] {dag.py:4180} INFO - Setting next_dagrun for example_params_ui_tutorial to None, run_after=None
[2026-09-17T19:03:26.199+0000] {processor.py:208} INFO - Processing /home/airflow/.local/lib/python3.12/site-packages/airflow/example_dags/example_params_ui_tutorial.py took 0.114 seconds
[2026-09-17T19:03:57.346+0000] {processor.py:186} INFO - Started process (PID=1693) to work on /home/airflow/.local/lib/python3.12/site-packages/airflow/example_dags/example_params_ui_tutorial.py
[2026-09-17T19:03:57.347+0000] {processor.py:914} INFO - Processing file /home/airflow/.local/lib/python3.12/site-packages/airflow/example_dags/example_params_ui_tutorial.py for tasks to queue
[2026-09-17T19:03:57.349+0000] {logging_mixin.py:190} INFO - [2026-09-17T19:03:57.349+0000] {dagbag.py:588} INFO - Filling up the DagBag from /home/airflow/.local/lib/python3.12/site-packages/airflow/example_dags/example_params_ui_tutorial.py
[2026-09-17T19:03:57.359+0000] {processor.py:925} INFO - DAG(s) 'example_params_ui_tutorial' retrieved from /home/airflow/.local/lib/python3.12/site-packages/airflow/example_dags/example_params_ui_tutorial.py
[2026-09-17T19:03:57.406+0000] {logging_mixin.py:190} INFO - [2026-09-17T19:03:57.406+0000] {dag.py:3239} INFO - Sync 1 DAGs
[2026-09-17T19:03:57.423+0000] {logging_mixin.py:190} INFO - [2026-09-17T19:03:57.422+0000] {dag.py:4180} INFO - Setting next_dagrun for example_params_ui_tutorial to None, run_after=None
[2026-09-17T19:03:57.446+0000] {processor.py:208} INFO - Processing /home/airflow/.local/lib/python3.12/site-packages/airflow/example_dags/example_params_ui_tutorial.py took 0.106 seconds
[2026-09-17T19:04:28.437+0000] {processor.py:186} INFO - Started process (PID=1758) to work on /home/airflow/.local/lib/python3.12/site-packages/airflow/example_dags/example_params_ui_tutorial.py
[2026-09-17T19:04:28.439+0000] {processor.py:914} INFO - Processing file /home/airflow/.local/lib/python3.12/site-packages/airflow/example_dags/example_params_ui_tutorial.py for tasks to queue
[2026-09-17T19:04:28.442+0000] {logging_mixin.py:190} INFO - [2026-09-17T19:04:28.441+0000] {dagbag.py:588} INFO - Filling up the DagBag from /home/airflow/.local/lib/python3.12/site-packages/airflow/example_dags/example_params_ui_tutorial.py
[2026-09-17T19:04:28.460+0000] {processor.py:925} INFO - DAG(s) 'example_params_ui_tutorial' retrieved from /home/airflow/.local/lib/python3.12/site-packages/airflow/example_dags/example_params_ui_tutorial.py
[2026-09-17T19:04:28.515+0000] {logging_mixin.py:190} INFO - [2026-09-17T19:04:28.514+0000] {dag.py:3239} INFO - Sync 1 DAGs
[2026-09-17T19:04:28.536+0000] {logging_mixin.py:190} INFO - [2026-09-17T19:04:28.535+0000] {dag.py:4180} INFO - Setting next_dagrun for example_params_ui_tutorial to None, run_after=None
[2026-09-17T19:04:28.569+0000] {processor.py:208} INFO - Processing /home/airflow/.local/lib/python3.12/site-packages/airflow/example_dags/example_params_ui_tutorial.py took 0.139 seconds
[2026-09-17T19:05:00.066+0000] {processor.py:186} INFO - Started process (PID=1822) to work on /home/airflow/.local/lib/python3.12/site-packages/airflow/example_dags/example_params_ui_tutorial.py
[2026-09-17T19:05:00.068+0000] {processor.py:914} INFO - Processing file /home/airflow/.local/lib/python3.12/site-packages/airflow/example_dags/example_params_ui_tutorial.py for tasks to queue
[2026-09-17T19:05:00.071+0000] {logging_mixin.py:190} INFO - [2026-09-17T19:05:00.070+0000] {dagbag.py:588} INFO - Filling up the DagBag from /home/airflow/.local/lib/python3.12/site-packages/airflow/example_dags/example_params_ui_tutorial.py
[2026-09-17T19:05:00.083+0000] {processor.py:925} INFO - DAG(s) 'example_params_ui_tutorial' retrieved from /home/airflow/.local/lib/python3.12/site-packages/airflow/example_dags/example_params_ui_tutorial.py
[2026-09-17T19:05:00.135+0000] {logging_mixin.py:190} INFO - [2026-09-17T19:05:00.135+0000] {dag.py:3239} INFO - Sync 1 DAGs
[2026-09-17T19:05:00.155+0000] {logging_mixin.py:190} INFO - [2026-09-17T19:05:00.154+0000] {dag.py:4180} INFO - Setting next_dagrun for example_params_ui_tutorial to None, run_after=None
[2026-09-17T19:05:00.181+0000] {processor.py:208} INFO - Processing /home/airflow/.local/lib/python3.12/site-packages/airflow/example_dags/example_params_ui_tutorial.py took 0.123 seconds
[2026-09-17T19:05:32.705+0000] {processor.py:186} INFO - Started process (PID=1880) to work on /home/airflow/.local/lib/python3.12/site-packages/airflow/example_dags/example_params_ui_tutorial.py
[2026-09-17T19:05:32.710+0000] {processor.py:914} INFO - Processing file /home/airflow/.local/lib/python3.12/site-packages/airflow/example_dags/example_params_ui_tutorial.py for tasks to queue
[2026-09-17T19:05:32.714+0000] {logging_mixin.py:190} INFO - [2026-09-17T19:05:32.713+0000] {dagbag.py:588} INFO - Filling up the DagBag from /home/airflow/.local/lib/python3.12/site-packages/airflow/example_dags/example_params_ui_tutorial.py
[2026-09-17T19:05:32.730+0000] {processor.py:925} INFO - DAG(s) 'example_params_ui_tutorial' retrieved from /home/airflow/.local/lib/python3.12/site-packages/airflow/example_dags/example_params_ui_tutorial.py
[2026-09-17T19:05:32.860+0000] {logging_mixin.py:190} INFO - [2026-09-17T19:05:32.859+0000] {dag.py:3239} INFO - Sync 1 DAGs
[2026-09-17T19:05:32.897+0000] {logging_mixin.py:190} INFO - [2026-09-17T19:05:32.896+0000] {dag.py:4180} INFO - Setting next_dagrun for example_params_ui_tutorial to None, run_after=None
[2026-09-17T19:05:32.950+0000] {processor.py:208} INFO - Processing /home/airflow/.local/lib/python3.12/site-packages/airflow/example_dags/example_params_ui_tutorial.py took 0.255 seconds
[2026-09-17T19:06:03.743+0000] {processor.py:186} INFO - Started process (PID=1945) to work on /home/airflow/.local/lib/python3.12/site-packages/airflow/example_dags/example_params_ui_tutorial.py
[2026-09-17T19:06:03.745+0000] {processor.py:914} INFO - Processing file /home/airflow/.local/lib/python3.12/site-packages/airflow/example_dags/example_params_ui_tutorial.py for tasks to queue
[2026-09-17T19:06:03.747+0000] {logging_mixin.py:190} INFO - [2026-09-17T19:06:03.746+0000] {dagbag.py:588} INFO - Filling up the DagBag from /home/airflow/.local/lib/python3.12/site-packages/airflow/example_dags/example_params_ui_tutorial.py
[2026-09-17T19:06:03.757+0000] {processor.py:925} INFO - DAG(s) 'example_params_ui_tutorial' retrieved from /home/airflow/.local/lib/python3.12/site-packages/airflow/example_dags/example_params_ui_tutorial.py
[2026-09-17T19:06:03.804+0000] {logging_mixin.py:190} INFO - [2026-09-17T19:06:03.804+0000] {dag.py:3239} INFO - Sync 1 DAGs
[2026-09-17T19:06:03.820+0000] {logging_mixin.py:190} INFO - [2026-09-17T19:06:03.819+0000] {dag.py:4180} INFO - Setting next_dagrun for example_params_ui_tutorial to None, run_after=None
[2026-09-17T19:06:03.840+0000] {processor.py:208} INFO - Processing /home/airflow/.local/lib/python3.12/site-packages/airflow/example_dags/example_params_ui_tutorial.py took 0.104 seconds
[2026-09-17T19:06:34.996+0000] {processor.py:186} INFO - Started process (PID=2010) to work on /home/airflow/.local/lib/python3.12/site-packages/airflow/example_dags/example_params_ui_tutorial.py
[2026-09-17T19:06:34.998+0000] {processor.py:914} INFO - Processing file /home/airflow/.local/lib/python3.12/site-packages/airflow/example_dags/example_params_ui_tutorial.py for tasks to queue
[2026-09-17T19:06:35.000+0000] {logging_mixin.py:190} INFO - [2026-09-17T19:06:35.000+0000] {dagbag.py:588} INFO - Filling up the DagBag from /home/airflow/.local/lib/python3.12/site-packages/airflow/example_dags/example_params_ui_tutorial.py
[2026-09-17T19:06:35.011+0000] {processor.py:925} INFO - DAG(s) 'example_params_ui_tutorial' retrieved from /home/airflow/.local/lib/python3.12/site-packages/airflow/example_dags/example_params_ui_tutorial.py
[2026-09-17T19:06:35.056+0000] {logging_mixin.py:190} INFO - [2026-09-17T19:06:35.056+0000] {dag.py:3239} INFO - Sync 1 DAGs
[2026-09-17T19:06:35.071+0000] {logging_mixin.py:190} INFO - [2026-09-17T19:06:35.071+0000] {dag.py:4180} INFO - Setting next_dagrun for example_params_ui_tutorial to None, run_after=None
[2026-09-17T19:06:35.096+0000] {processor.py:208} INFO - Processing /home/airflow/.local/lib/python3.12/site-packages/airflow/example_dags/example_params_ui_tutorial.py took 0.107 seconds
[2026-09-17T19:07:06.271+0000] {processor.py:186} INFO - Started process (PID=2075) to work on /home/airflow/.local/lib/python3.12/site-packages/airflow/example_dags/example_params_ui_tutorial.py
[2026-09-17T19:07:06.273+0000] {processor.py:914} INFO - Processing file /home/airflow/.local/lib/python3.12/site-packages/airflow/example_dags/example_params_ui_tutorial.py for tasks to queue
[2026-09-17T19:07:06.276+0000] {logging_mixin.py:190} INFO - [2026-09-17T19:07:06.275+0000] {dagbag.py:588} INFO - Filling up the DagBag from /home/airflow/.local/lib/python3.12/site-packages/airflow/example_dags/example_params_ui_tutorial.py
[2026-09-17T19:07:06.286+0000] {processor.py:925} INFO - DAG(s) 'example_params_ui_tutorial' retrieved from /home/airflow/.local/lib/python3.12/site-packages/airflow/example_dags/example_params_ui_tutorial.py
[2026-09-17T19:07:06.332+0000] {logging_mixin.py:190} INFO - [2026-09-17T19:07:06.332+0000] {dag.py:3239} INFO - Sync 1 DAGs
[2026-09-17T19:07:06.349+0000] {logging_mixin.py:190} INFO - [2026-09-17T19:07:06.349+0000] {dag.py:4180} INFO - Setting next_dagrun for example_params_ui_tutorial to None, run_after=None
[2026-09-17T19:07:06.377+0000] {processor.py:208} INFO - Processing /home/airflow/.local/lib/python3.12/site-packages/airflow/example_dags/example_params_ui_tutorial.py took 0.112 seconds
[2026-09-17T19:07:37.373+0000] {processor.py:186} INFO - Started process (PID=2140) to work on /home/airflow/.local/lib/python3.12/site-packages/airflow/example_dags/example_params_ui_tutorial.py
[2026-09-17T19:07:37.375+0000] {processor.py:914} INFO - Processing file /home/airflow/.local/lib/python3.12/site-packages/airflow/example_dags/example_params_ui_tutorial.py for tasks to queue
[2026-09-17T19:07:37.377+0000] {logging_mixin.py:190} INFO - [2026-09-17T19:07:37.376+0000] {dagbag.py:588} INFO - Filling up the DagBag from /home/airflow/.local/lib/python3.12/site-packages/airflow/example_dags/example_params_ui_tutorial.py
[2026-09-17T19:07:37.387+0000] {processor.py:925} INFO - DAG(s) 'example_params_ui_tutorial' retrieved from /home/airflow/.local/lib/python3.12/site-packages/airflow/example_dags/example_params_ui_tutorial.py
[2026-09-17T19:07:37.431+0000] {logging_mixin.py:190} INFO - [2026-09-17T19:07:37.431+0000] {dag.py:3239} INFO - Sync 1 DAGs
[2026-09-17T19:07:37.446+0000] {logging_mixin.py:190} INFO - [2026-09-17T19:07:37.446+0000] {dag.py:4180} INFO - Setting next_dagrun for example_params_ui_tutorial to None, run_after=None
[2026-09-17T19:07:37.469+0000] {processor.py:208} INFO - Processing /home/airflow/.local/lib/python3.12/site-packages/airflow/example_dags/example_params_ui_tutorial.py took 0.102 seconds
[2026-09-17T19:08:08.970+0000] {processor.py:186} INFO - Started process (PID=2205) to work on /home/airflow/.local/lib/python3.12/site-packages/airflow/example_dags/example_params_ui_tutorial.py
[2026-09-17T19:08:08.972+0000] {processor.py:914} INFO - Processing file /home/airflow/.local/lib/python3.12/site-packages/airflow/example_dags/example_params_ui_tutorial.py for tasks to queue
[2026-09-17T19:08:08.975+0000] {logging_mixin.py:190} INFO - [2026-09-17T19:08:08.974+0000] {dagbag.py:588} INFO - Filling up the DagBag from /home/airflow/.local/lib/python3.12/site-packages/airflow/example_dags/example_params_ui_tutorial.py
[2026-09-17T19:08:08.986+0000] {processor.py:925} INFO - DAG(s) 'example_params_ui_tutorial' retrieved from /home/airflow/.local/lib/python3.12/site-packages/airflow/example_dags/example_params_ui_tutorial.py
[2026-09-17T19:08:09.038+0000] {logging_mixin.py:190} INFO - [2026-09-17T19:08:09.037+0000] {dag.py:3239} INFO - Sync 1 DAGs
[2026-09-17T19:08:09.055+0000] {logging_mixin.py:190} INFO - [2026-09-17T19:08:09.054+0000] {dag.py:4180} INFO - Setting next_dagrun for example_params_ui_tutorial to None, run_after=None
[2026-09-17T19:08:09.081+0000] {processor.py:208} INFO - Processing /home/airflow/.local/lib/python3.12/site-packages/airflow/example_dags/example_params_ui_tutorial.py took 0.117 seconds
[2026-09-17T19:08:40.395+0000] {processor.py:186} INFO - Started process (PID=2270) to work on /home/airflow/.local/lib/python3.12/site-packages/airflow/example_dags/example_params_ui_tutorial.py
[2026-09-17T19:08:40.397+0000] {processor.py:914} INFO - Processing file /home/airflow/.local/lib/python3.12/site-packages/airflow/example_dags/example_params_ui_tutorial.py for tasks to queue
[2026-09-17T19:08:40.400+0000] {logging_mixin.py:190} INFO - [2026-09-17T19:08:40.399+0000] {dagbag.py:588} INFO - Filling up the DagBag from /home/airflow/.local/lib/python3.12/site-packages/airflow/example_dags/example_params_ui_tutorial.py
[2026-09-17T19:08:40.414+0000] {processor.py:925} INFO - DAG(s) 'example_params_ui_tutorial' retrieved from /home/airflow/.local/lib/python3.12/site-packages/airflow/example_dags/example_params_ui_tutorial.py
[2026-09-17T19:08:40.469+0000] {logging_mixin.py:190} INFO - [2026-09-17T19:08:40.468+0000] {dag.py:3239} INFO - Sync 1 DAGs
[2026-09-17T19:08:40.487+0000] {logging_mixin.py:190} INFO - [2026-09-17T19:08:40.487+0000] {dag.py:4180} INFO - Setting next_dagrun for example_params_ui_tutorial to None, run_after=None
[2026-09-17T19:08:40.515+0000] {processor.py:208} INFO - Processing /home/airflow/.local/lib/python3.12/site-packages/airflow/example_dags/example_params_ui_tutorial.py took 0.127 seconds
[2026-09-17T19:09:11.468+0000] {processor.py:186} INFO - Started process (PID=2335) to work on /home/airflow/.local/lib/python3.12/site-packages/airflow/example_dags/example_params_ui_tutorial.py
[2026-09-17T19:09:11.470+0000] {processor.py:914} INFO - Processing file /home/airflow/.local/lib/python3.12/site-packages/airflow/example_dags/example_params_ui_tutorial.py for tasks to queue
[2026-09-17T19:09:11.473+0000] {logging_mixin.py:190} INFO - [2026-09-17T19:09:11.472+0000] {dagbag.py:588} INFO - Filling up the DagBag from /home/airflow/.local/lib/python3.12/site-packages/airflow/example_dags/example_params_ui_tutorial.py
[2026-09-17T19:09:11.484+0000] {processor.py:925} INFO - DAG(s) 'example_params_ui_tutorial' retrieved from /home/airflow/.local/lib/python3.12/site-packages/airflow/example_dags/example_params_ui_tutorial.py
[2026-09-17T19:09:11.533+0000] {logging_mixin.py:190} INFO - [2026-09-17T19:09:11.533+0000] {dag.py:3239} INFO - Sync 1 DAGs
[2026-09-17T19:09:11.551+0000] {logging_mixin.py:190} INFO - [2026-09-17T19:09:11.551+0000] {dag.py:4180} INFO - Setting next_dagrun for example_params_ui_tutorial to None, run_after=None
[2026-09-17T19:09:11.578+0000] {processor.py:208} INFO - Processing /home/airflow/.local/lib/python3.12/site-packages/airflow/example_dags/example_params_ui_tutorial.py took 0.117 seconds
[2026-09-17T19:09:42.663+0000] {processor.py:186} INFO - Started process (PID=2400) to work on /home/airflow/.local/lib/python3.12/site-packages/airflow/example_dags/example_params_ui_tutorial.py
[2026-09-17T19:09:42.665+0000] {processor.py:914} INFO - Processing file /home/airflow/.local/lib/python3.12/site-packages/airflow/example_dags/example_params_ui_tutorial.py for tasks to queue
[2026-09-17T19:09:42.668+0000] {logging_mixin.py:190} INFO - [2026-09-17T19:09:42.667+0000] {dagbag.py:588} INFO - Filling up the DagBag from /home/airflow/.local/lib/python3.12/site-packages/airflow/example_dags/example_params_ui_tutorial.py
[2026-09-17T19:09:42.680+0000] {processor.py:925} INFO - DAG(s) 'example_params_ui_tutorial' retrieved from /home/airflow/.local/lib/python3.12/site-packages/airflow/example_dags/example_params_ui_tutorial.py
[2026-09-17T19:09:42.728+0000] {logging_mixin.py:190} INFO - [2026-09-17T19:09:42.728+0000] {dag.py:3239} INFO - Sync 1 DAGs
[2026-09-17T19:09:42.743+0000] {logging_mixin.py:190} INFO - [2026-09-17T19:09:42.742+0000] {dag.py:4180} INFO - Setting next_dagrun for example_params_ui_tutorial to None, run_after=None
[2026-09-17T19:09:42.767+0000] {processor.py:208} INFO - Processing /home/airflow/.local/lib/python3.12/site-packages/airflow/example_dags/example_params_ui_tutorial.py took 0.112 seconds
[2026-09-17T19:10:13.542+0000] {processor.py:186} INFO - Started process (PID=2465) to work on /home/airflow/.local/lib/python3.12/site-packages/airflow/example_dags/example_params_ui_tutorial.py
[2026-09-17T19:10:13.544+0000] {processor.py:914} INFO - Processing file /home/airflow/.local/lib/python3.12/site-packages/airflow/example_dags/example_params_ui_tutorial.py for tasks to queue
[2026-09-17T19:10:13.546+0000] {logging_mixin.py:190} INFO - [2026-09-17T19:10:13.546+0000] {dagbag.py:588} INFO - Filling up the DagBag from /home/airflow/.local/lib/python3.12/site-packages/airflow/example_dags/example_params_ui_tutorial.py
[2026-09-17T19:10:13.560+0000] {processor.py:925} INFO - DAG(s) 'example_params_ui_tutorial' retrieved from /home/airflow/.local/lib/python3.12/site-packages/airflow/example_dags/example_params_ui_tutorial.py
[2026-09-17T19:10:13.613+0000] {logging_mixin.py:190} INFO - [2026-09-17T19:10:13.612+0000] {dag.py:3239} INFO - Sync 1 DAGs
[2026-09-17T19:10:13.631+0000] {logging_mixin.py:190} INFO - [2026-09-17T19:10:13.630+0000] {dag.py:4180} INFO - Setting next_dagrun for example_params_ui_tutorial to None, run_after=None
[2026-09-17T19:10:13.662+0000] {processor.py:208} INFO - Processing /home/airflow/.local/lib/python3.12/site-packages/airflow/example_dags/example_params_ui_tutorial.py took 0.128 seconds
[2026-09-17T19:10:45.746+0000] {processor.py:186} INFO - Started process (PID=2530) to work on /home/airflow/.local/lib/python3.12/site-packages/airflow/example_dags/example_params_ui_tutorial.py
[2026-09-17T19:10:45.750+0000] {processor.py:914} INFO - Processing file /home/airflow/.local/lib/python3.12/site-packages/airflow/example_dags/example_params_ui_tutorial.py for tasks to queue
[2026-09-17T19:10:45.755+0000] {logging_mixin.py:190} INFO - [2026-09-17T19:10:45.754+0000] {dagbag.py:588} INFO - Filling up the DagBag from /home/airflow/.local/lib/python3.12/site-packages/airflow/example_dags/example_params_ui_tutorial.py
[2026-09-17T19:10:45.785+0000] {processor.py:925} INFO - DAG(s) 'example_params_ui_tutorial' retrieved from /home/airflow/.local/lib/python3.12/site-packages/airflow/example_dags/example_params_ui_tutorial.py
[2026-09-17T19:10:45.897+0000] {logging_mixin.py:190} INFO - [2026-09-17T19:10:45.896+0000] {dag.py:3239} INFO - Sync 1 DAGs
[2026-09-17T19:10:45.927+0000] {logging_mixin.py:190} INFO - [2026-09-17T19:10:45.927+0000] {dag.py:4180} INFO - Setting next_dagrun for example_params_ui_tutorial to None, run_after=None
[2026-09-17T19:10:45.970+0000] {processor.py:208} INFO - Processing /home/airflow/.local/lib/python3.12/site-packages/airflow/example_dags/example_params_ui_tutorial.py took 0.243 seconds
[2026-09-17T19:11:17.438+0000] {processor.py:186} INFO - Started process (PID=2595) to work on /home/airflow/.local/lib/python3.12/site-packages/airflow/example_dags/example_params_ui_tutorial.py
[2026-09-17T19:11:17.440+0000] {processor.py:914} INFO - Processing file /home/airflow/.local/lib/python3.12/site-packages/airflow/example_dags/example_params_ui_tutorial.py for tasks to queue
[2026-09-17T19:11:17.443+0000] {logging_mixin.py:190} INFO - [2026-09-17T19:11:17.442+0000] {dagbag.py:588} INFO - Filling up the DagBag from /home/airflow/.local/lib/python3.12/site-packages/airflow/example_dags/example_params_ui_tutorial.py
[2026-09-17T19:11:17.455+0000] {processor.py:925} INFO - DAG(s) 'example_params_ui_tutorial' retrieved from /home/airflow/.local/lib/python3.12/site-packages/airflow/example_dags/example_params_ui_tutorial.py
[2026-09-17T19:11:17.510+0000] {logging_mixin.py:190} INFO - [2026-09-17T19:11:17.509+0000] {dag.py:3239} INFO - Sync 1 DAGs
[2026-09-17T19:11:17.528+0000] {logging_mixin.py:190} INFO - [2026-09-17T19:11:17.528+0000] {dag.py:4180} INFO - Setting next_dagrun for example_params_ui_tutorial to None, run_after=None
[2026-09-17T19:11:17.560+0000] {processor.py:208} INFO - Processing /home/airflow/.local/lib/python3.12/site-packages/airflow/example_dags/example_params_ui_tutorial.py took 0.129 seconds
[2026-09-17T19:11:49.492+0000] {processor.py:186} INFO - Started process (PID=2662) to work on /home/airflow/.local/lib/python3.12/site-packages/airflow/example_dags/example_params_ui_tutorial.py
[2026-09-17T19:11:49.495+0000] {processor.py:914} INFO - Processing file /home/airflow/.local/lib/python3.12/site-packages/airflow/example_dags/example_params_ui_tutorial.py for tasks to queue
[2026-09-17T19:11:49.498+0000] {logging_mixin.py:190} INFO - [2026-09-17T19:11:49.497+0000] {dagbag.py:588} INFO - Filling up the DagBag from /home/airflow/.local/lib/python3.12/site-packages/airflow/example_dags/example_params_ui_tutorial.py
[2026-09-17T19:11:49.511+0000] {processor.py:925} INFO - DAG(s) 'example_params_ui_tutorial' retrieved from /home/airflow/.local/lib/python3.12/site-packages/airflow/example_dags/example_params_ui_tutorial.py
[2026-09-17T19:11:49.560+0000] {logging_mixin.py:190} INFO - [2026-09-17T19:11:49.560+0000] {dag.py:3239} INFO - Sync 1 DAGs
[2026-09-17T19:11:49.581+0000] {logging_mixin.py:190} INFO - [2026-09-17T19:11:49.581+0000] {dag.py:4180} INFO - Setting next_dagrun for example_params_ui_tutorial to None, run_after=None
[2026-09-17T19:11:49.608+0000] {processor.py:208} INFO - Processing /home/airflow/.local/lib/python3.12/site-packages/airflow/example_dags/example_params_ui_tutorial.py took 0.122 seconds
[2026-09-17T19:12:20.684+0000] {processor.py:186} INFO - Started process (PID=2720) to work on /home/airflow/.local/lib/python3.12/site-packages/airflow/example_dags/example_params_ui_tutorial.py
[2026-09-17T19:12:20.687+0000] {processor.py:914} INFO - Processing file /home/airflow/.local/lib/python3.12/site-packages/airflow/example_dags/example_params_ui_tutorial.py for tasks to queue
[2026-09-17T19:12:20.689+0000] {logging_mixin.py:190} INFO - [2026-09-17T19:12:20.689+0000] {dagbag.py:588} INFO - Filling up the DagBag from /home/airflow/.local/lib/python3.12/site-packages/airflow/example_dags/example_params_ui_tutorial.py
[2026-09-17T19:12:20.700+0000] {processor.py:925} INFO - DAG(s) 'example_params_ui_tutorial' retrieved from /home/airflow/.local/lib/python3.12/site-packages/airflow/example_dags/example_params_ui_tutorial.py
[2026-09-17T19:12:20.748+0000] {logging_mixin.py:190} INFO - [2026-09-17T19:12:20.748+0000] {dag.py:3239} INFO - Sync 1 DAGs
[2026-09-17T19:12:20.763+0000] {logging_mixin.py:190} INFO - [2026-09-17T19:12:20.763+0000] {dag.py:4180} INFO - Setting next_dagrun for example_params_ui_tutorial to None, run_after=None
[2026-09-17T19:12:20.788+0000] {processor.py:208} INFO - Processing /home/airflow/.local/lib/python3.12/site-packages/airflow/example_dags/example_params_ui_tutorial.py took 0.110 seconds
[2026-09-17T19:12:52.673+0000] {processor.py:186} INFO - Started process (PID=2790) to work on /home/airflow/.local/lib/python3.12/site-packages/airflow/example_dags/example_params_ui_tutorial.py
[2026-09-17T19:12:52.675+0000] {processor.py:914} INFO - Processing file /home/airflow/.local/lib/python3.12/site-packages/airflow/example_dags/example_params_ui_tutorial.py for tasks to queue
[2026-09-17T19:12:52.677+0000] {logging_mixin.py:190} INFO - [2026-09-17T19:12:52.676+0000] {dagbag.py:588} INFO - Filling up the DagBag from /home/airflow/.local/lib/python3.12/site-packages/airflow/example_dags/example_params_ui_tutorial.py
[2026-09-17T19:12:52.687+0000] {processor.py:925} INFO - DAG(s) 'example_params_ui_tutorial' retrieved from /home/airflow/.local/lib/python3.12/site-packages/airflow/example_dags/example_params_ui_tutorial.py
[2026-09-17T19:12:52.733+0000] {logging_mixin.py:190} INFO - [2026-09-17T19:12:52.732+0000] {dag.py:3239} INFO - Sync 1 DAGs
[2026-09-17T19:12:52.748+0000] {logging_mixin.py:190} INFO - [2026-09-17T19:12:52.748+0000] {dag.py:4180} INFO - Setting next_dagrun for example_params_ui_tutorial to None, run_after=None
[2026-09-17T19:12:52.773+0000] {processor.py:208} INFO - Processing /home/airflow/.local/lib/python3.12/site-packages/airflow/example_dags/example_params_ui_tutorial.py took 0.107 seconds
[2026-09-17T19:13:23.478+0000] {processor.py:186} INFO - Started process (PID=2855) to work on /home/airflow/.local/lib/python3.12/site-packages/airflow/example_dags/example_params_ui_tutorial.py
[2026-09-17T19:13:23.480+0000] {processor.py:914} INFO - Processing file /home/airflow/.local/lib/python3.12/site-packages/airflow/example_dags/example_params_ui_tutorial.py for tasks to queue
[2026-09-17T19:13:23.483+0000] {logging_mixin.py:190} INFO - [2026-09-17T19:13:23.482+0000] {dagbag.py:588} INFO - Filling up the DagBag from /home/airflow/.local/lib/python3.12/site-packages/airflow/example_dags/example_params_ui_tutorial.py
[2026-09-17T19:13:23.492+0000] {processor.py:925} INFO - DAG(s) 'example_params_ui_tutorial' retrieved from /home/airflow/.local/lib/python3.12/site-packages/airflow/example_dags/example_params_ui_tutorial.py
[2026-09-17T19:13:23.536+0000] {logging_mixin.py:190} INFO - [2026-09-17T19:13:23.536+0000] {dag.py:3239} INFO - Sync 1 DAGs
[2026-09-17T19:13:23.550+0000] {logging_mixin.py:190} INFO - [2026-09-17T19:13:23.550+0000] {dag.py:4180} INFO - Setting next_dagrun for example_params_ui_tutorial to None, run_after=None
[2026-09-17T19:13:23.574+0000] {processor.py:208} INFO - Processing /home/airflow/.local/lib/python3.12/site-packages/airflow/example_dags/example_params_ui_tutorial.py took 0.101 seconds
[2026-09-17T19:13:53.848+0000] {processor.py:186} INFO - Started process (PID=2919) to work on /home/airflow/.local/lib/python3.12/site-packages/airflow/example_dags/example_params_ui_tutorial.py
[2026-09-17T19:13:53.852+0000] {processor.py:914} INFO - Processing file /home/airflow/.local/lib/python3.12/site-packages/airflow/example_dags/example_params_ui_tutorial.py for tasks to queue
[2026-09-17T19:13:53.860+0000] {logging_mixin.py:190} INFO - [2026-09-17T19:13:53.858+0000] {dagbag.py:588} INFO - Filling up the DagBag from /home/airflow/.local/lib/python3.12/site-packages/airflow/example_dags/example_params_ui_tutorial.py
[2026-09-17T19:13:53.884+0000] {processor.py:925} INFO - DAG(s) 'example_params_ui_tutorial' retrieved from /home/airflow/.local/lib/python3.12/site-packages/airflow/example_dags/example_params_ui_tutorial.py
[2026-09-17T19:13:53.978+0000] {logging_mixin.py:190} INFO - [2026-09-17T19:13:53.977+0000] {dag.py:3239} INFO - Sync 1 DAGs
[2026-09-17T19:13:54.029+0000] {logging_mixin.py:190} INFO - [2026-09-17T19:13:54.028+0000] {dag.py:4180} INFO - Setting next_dagrun for example_params_ui_tutorial to None, run_after=None
[2026-09-17T19:13:54.100+0000] {processor.py:208} INFO - Processing /home/airflow/.local/lib/python3.12/site-packages/airflow/example_dags/example_params_ui_tutorial.py took 0.277 seconds
[2026-09-17T19:14:24.495+0000] {processor.py:186} INFO - Started process (PID=2983) to work on /home/airflow/.local/lib/python3.12/site-packages/airflow/example_dags/example_params_ui_tutorial.py
[2026-09-17T19:14:24.498+0000] {processor.py:914} INFO - Processing file /home/airflow/.local/lib/python3.12/site-packages/airflow/example_dags/example_params_ui_tutorial.py for tasks to queue
[2026-09-17T19:14:24.500+0000] {logging_mixin.py:190} INFO - [2026-09-17T19:14:24.500+0000] {dagbag.py:588} INFO - Filling up the DagBag from /home/airflow/.local/lib/python3.12/site-packages/airflow/example_dags/example_params_ui_tutorial.py
[2026-09-17T19:14:24.513+0000] {processor.py:925} INFO - DAG(s) 'example_params_ui_tutorial' retrieved from /home/airflow/.local/lib/python3.12/site-packages/airflow/example_dags/example_params_ui_tutorial.py
[2026-09-17T19:14:24.564+0000] {logging_mixin.py:190} INFO - [2026-09-17T19:14:24.564+0000] {dag.py:3239} INFO - Sync 1 DAGs
[2026-09-17T19:14:24.582+0000] {logging_mixin.py:190} INFO - [2026-09-17T19:14:24.582+0000] {dag.py:4180} INFO - Setting next_dagrun for example_params_ui_tutorial to None, run_after=None
[2026-09-17T19:14:24.605+0000] {processor.py:208} INFO - Processing /home/airflow/.local/lib/python3.12/site-packages/airflow/example_dags/example_params_ui_tutorial.py took 0.118 seconds
[2026-09-17T19:14:55.574+0000] {processor.py:186} INFO - Started process (PID=3050) to work on /home/airflow/.local/lib/python3.12/site-packages/airflow/example_dags/example_params_ui_tutorial.py
[2026-09-17T19:14:55.576+0000] {processor.py:914} INFO - Processing file /home/airflow/.local/lib/python3.12/site-packages/airflow/example_dags/example_params_ui_tutorial.py for tasks to queue
[2026-09-17T19:14:55.578+0000] {logging_mixin.py:190} INFO - [2026-09-17T19:14:55.578+0000] {dagbag.py:588} INFO - Filling up the DagBag from /home/airflow/.local/lib/python3.12/site-packages/airflow/example_dags/example_params_ui_tutorial.py
[2026-09-17T19:14:55.594+0000] {processor.py:925} INFO - DAG(s) 'example_params_ui_tutorial' retrieved from /home/airflow/.local/lib/python3.12/site-packages/airflow/example_dags/example_params_ui_tutorial.py
[2026-09-17T19:14:55.643+0000] {logging_mixin.py:190} INFO - [2026-09-17T19:14:55.643+0000] {dag.py:3239} INFO - Sync 1 DAGs
[2026-09-17T19:14:55.662+0000] {logging_mixin.py:190} INFO - [2026-09-17T19:14:55.662+0000] {dag.py:4180} INFO - Setting next_dagrun for example_params_ui_tutorial to None, run_after=None
[2026-09-17T19:14:55.693+0000] {processor.py:208} INFO - Processing /home/airflow/.local/lib/python3.12/site-packages/airflow/example_dags/example_params_ui_tutorial.py took 0.128 seconds
[2026-09-17T19:15:26.913+0000] {processor.py:186} INFO - Started process (PID=3116) to work on /home/airflow/.local/lib/python3.12/site-packages/airflow/example_dags/example_params_ui_tutorial.py
[2026-09-17T19:15:26.915+0000] {processor.py:914} INFO - Processing file /home/airflow/.local/lib/python3.12/site-packages/airflow/example_dags/example_params_ui_tutorial.py for tasks to queue
[2026-09-17T19:15:26.917+0000] {logging_mixin.py:190} INFO - [2026-09-17T19:15:26.916+0000] {dagbag.py:588} INFO - Filling up the DagBag from /home/airflow/.local/lib/python3.12/site-packages/airflow/example_dags/example_params_ui_tutorial.py
[2026-09-17T19:15:26.935+0000] {processor.py:925} INFO - DAG(s) 'example_params_ui_tutorial' retrieved from /home/airflow/.local/lib/python3.12/site-packages/airflow/example_dags/example_params_ui_tutorial.py
[2026-09-17T19:15:26.992+0000] {logging_mixin.py:190} INFO - [2026-09-17T19:15:26.991+0000] {dag.py:3239} INFO - Sync 1 DAGs
[2026-09-17T19:15:27.007+0000] {logging_mixin.py:190} INFO - [2026-09-17T19:15:27.007+0000] {dag.py:4180} INFO - Setting next_dagrun for example_params_ui_tutorial to None, run_after=None
[2026-09-17T19:15:27.031+0000] {processor.py:208} INFO - Processing /home/airflow/.local/lib/python3.12/site-packages/airflow/example_dags/example_params_ui_tutorial.py took 0.124 seconds
[2026-09-17T19:15:57.102+0000] {processor.py:186} INFO - Started process (PID=3180) to work on /home/airflow/.local/lib/python3.12/site-packages/airflow/example_dags/example_params_ui_tutorial.py
[2026-09-17T19:15:57.104+0000] {processor.py:914} INFO - Processing file /home/airflow/.local/lib/python3.12/site-packages/airflow/example_dags/example_params_ui_tutorial.py for tasks to queue
[2026-09-17T19:15:57.106+0000] {logging_mixin.py:190} INFO - [2026-09-17T19:15:57.106+0000] {dagbag.py:588} INFO - Filling up the DagBag from /home/airflow/.local/lib/python3.12/site-packages/airflow/example_dags/example_params_ui_tutorial.py
[2026-09-17T19:15:57.119+0000] {processor.py:925} INFO - DAG(s) 'example_params_ui_tutorial' retrieved from /home/airflow/.local/lib/python3.12/site-packages/airflow/example_dags/example_params_ui_tutorial.py
[2026-09-17T19:15:57.170+0000] {logging_mixin.py:190} INFO - [2026-09-17T19:15:57.170+0000] {dag.py:3239} INFO - Sync 1 DAGs
[2026-09-17T19:15:57.185+0000] {logging_mixin.py:190} INFO - [2026-09-17T19:15:57.185+0000] {dag.py:4180} INFO - Setting next_dagrun for example_params_ui_tutorial to None, run_after=None
[2026-09-17T19:15:57.209+0000] {processor.py:208} INFO - Processing /home/airflow/.local/lib/python3.12/site-packages/airflow/example_dags/example_params_ui_tutorial.py took 0.113 seconds
[2026-09-17T19:16:27.631+0000] {processor.py:186} INFO - Started process (PID=3245) to work on /home/airflow/.local/lib/python3.12/site-packages/airflow/example_dags/example_params_ui_tutorial.py
[2026-09-17T19:16:27.632+0000] {processor.py:914} INFO - Processing file /home/airflow/.local/lib/python3.12/site-packages/airflow/example_dags/example_params_ui_tutorial.py for tasks to queue
[2026-09-17T19:16:27.635+0000] {logging_mixin.py:190} INFO - [2026-09-17T19:16:27.634+0000] {dagbag.py:588} INFO - Filling up the DagBag from /home/airflow/.local/lib/python3.12/site-packages/airflow/example_dags/example_params_ui_tutorial.py
[2026-09-17T19:16:27.645+0000] {processor.py:925} INFO - DAG(s) 'example_params_ui_tutorial' retrieved from /home/airflow/.local/lib/python3.12/site-packages/airflow/example_dags/example_params_ui_tutorial.py
[2026-09-17T19:16:27.690+0000] {logging_mixin.py:190} INFO - [2026-09-17T19:16:27.690+0000] {dag.py:3239} INFO - Sync 1 DAGs
[2026-09-17T19:16:27.705+0000] {logging_mixin.py:190} INFO - [2026-09-17T19:16:27.704+0000] {dag.py:4180} INFO - Setting next_dagrun for example_params_ui_tutorial to None, run_after=None
[2026-09-17T19:16:27.727+0000] {processor.py:208} INFO - Processing /home/airflow/.local/lib/python3.12/site-packages/airflow/example_dags/example_params_ui_tutorial.py took 0.102 seconds
[2026-09-17T19:16:58.890+0000] {processor.py:186} INFO - Started process (PID=3314) to work on /home/airflow/.local/lib/python3.12/site-packages/airflow/example_dags/example_params_ui_tutorial.py
[2026-09-17T19:16:58.892+0000] {processor.py:914} INFO - Processing file /home/airflow/.local/lib/python3.12/site-packages/airflow/example_dags/example_params_ui_tutorial.py for tasks to queue
[2026-09-17T19:16:58.894+0000] {logging_mixin.py:190} INFO - [2026-09-17T19:16:58.894+0000] {dagbag.py:588} INFO - Filling up the DagBag from /home/airflow/.local/lib/python3.12/site-packages/airflow/example_dags/example_params_ui_tutorial.py
[2026-09-17T19:16:58.904+0000] {processor.py:925} INFO - DAG(s) 'example_params_ui_tutorial' retrieved from /home/airflow/.local/lib/python3.12/site-packages/airflow/example_dags/example_params_ui_tutorial.py
[2026-09-17T19:16:58.949+0000] {logging_mixin.py:190} INFO - [2026-09-17T19:16:58.949+0000] {dag.py:3239} INFO - Sync 1 DAGs
[2026-09-17T19:16:58.964+0000] {logging_mixin.py:190} INFO - [2026-09-17T19:16:58.963+0000] {dag.py:4180} INFO - Setting next_dagrun for example_params_ui_tutorial to None, run_after=None
[2026-09-17T19:16:58.985+0000] {processor.py:208} INFO - Processing /home/airflow/.local/lib/python3.12/site-packages/airflow/example_dags/example_params_ui_tutorial.py took 0.101 seconds
[2026-09-17T19:17:29.434+0000] {processor.py:186} INFO - Started process (PID=3379) to work on /home/airflow/.local/lib/python3.12/site-packages/airflow/example_dags/example_params_ui_tutorial.py
[2026-09-17T19:17:29.437+0000] {processor.py:914} INFO - Processing file /home/airflow/.local/lib/python3.12/site-packages/airflow/example_dags/example_params_ui_tutorial.py for tasks to queue
[2026-09-17T19:17:29.439+0000] {logging_mixin.py:190} INFO - [2026-09-17T19:17:29.439+0000] {dagbag.py:588} INFO - Filling up the DagBag from /home/airflow/.local/lib/python3.12/site-packages/airflow/example_dags/example_params_ui_tutorial.py
[2026-09-17T19:17:29.451+0000] {processor.py:925} INFO - DAG(s) 'example_params_ui_tutorial' retrieved from /home/airflow/.local/lib/python3.12/site-packages/airflow/example_dags/example_params_ui_tutorial.py
[2026-09-17T19:17:29.502+0000] {logging_mixin.py:190} INFO - [2026-09-17T19:17:29.502+0000] {dag.py:3239} INFO - Sync 1 DAGs
[2026-09-17T19:17:29.521+0000] {logging_mixin.py:190} INFO - [2026-09-17T19:17:29.521+0000] {dag.py:4180} INFO - Setting next_dagrun for example_params_ui_tutorial to None, run_after=None
[2026-09-17T19:17:29.552+0000] {processor.py:208} INFO - Processing /home/airflow/.local/lib/python3.12/site-packages/airflow/example_dags/example_params_ui_tutorial.py took 0.125 seconds
[2026-09-17T19:17:59.754+0000] {processor.py:186} INFO - Started process (PID=3443) to work on /home/airflow/.local/lib/python3.12/site-packages/airflow/example_dags/example_params_ui_tutorial.py
[2026-09-17T19:17:59.756+0000] {processor.py:914} INFO - Processing file /home/airflow/.local/lib/python3.12/site-packages/airflow/example_dags/example_params_ui_tutorial.py for tasks to queue
[2026-09-17T19:17:59.759+0000] {logging_mixin.py:190} INFO - [2026-09-17T19:17:59.758+0000] {dagbag.py:588} INFO - Filling up the DagBag from /home/airflow/.local/lib/python3.12/site-packages/airflow/example_dags/example_params_ui_tutorial.py
[2026-09-17T19:17:59.771+0000] {processor.py:925} INFO - DAG(s) 'example_params_ui_tutorial' retrieved from /home/airflow/.local/lib/python3.12/site-packages/airflow/example_dags/example_params_ui_tutorial.py
[2026-09-17T19:17:59.840+0000] {logging_mixin.py:190} INFO - [2026-09-17T19:17:59.839+0000] {dag.py:3239} INFO - Sync 1 DAGs
[2026-09-17T19:17:59.855+0000] {logging_mixin.py:190} INFO - [2026-09-17T19:17:59.855+0000] {dag.py:4180} INFO - Setting next_dagrun for example_params_ui_tutorial to None, run_after=None
[2026-09-17T19:17:59.881+0000] {processor.py:208} INFO - Processing /home/airflow/.local/lib/python3.12/site-packages/airflow/example_dags/example_params_ui_tutorial.py took 0.136 seconds
[2026-09-17T19:18:30.620+0000] {processor.py:186} INFO - Started process (PID=3501) to work on /home/airflow/.local/lib/python3.12/site-packages/airflow/example_dags/example_params_ui_tutorial.py
[2026-09-17T19:18:30.622+0000] {processor.py:914} INFO - Processing file /home/airflow/.local/lib/python3.12/site-packages/airflow/example_dags/example_params_ui_tutorial.py for tasks to queue
[2026-09-17T19:18:30.625+0000] {logging_mixin.py:190} INFO - [2026-09-17T19:18:30.625+0000] {dagbag.py:588} INFO - Filling up the DagBag from /home/airflow/.local/lib/python3.12/site-packages/airflow/example_dags/example_params_ui_tutorial.py
[2026-09-17T19:18:30.639+0000] {processor.py:925} INFO - DAG(s) 'example_params_ui_tutorial' retrieved from /home/airflow/.local/lib/python3.12/site-packages/airflow/example_dags/example_params_ui_tutorial.py
[2026-09-17T19:18:30.705+0000] {logging_mixin.py:190} INFO - [2026-09-17T19:18:30.704+0000] {dag.py:3239} INFO - Sync 1 DAGs
[2026-09-17T19:18:30.728+0000] {logging_mixin.py:190} INFO - [2026-09-17T19:18:30.728+0000] {dag.py:4180} INFO - Setting next_dagrun for example_params_ui_tutorial to None, run_after=None
[2026-09-17T19:18:30.758+0000] {processor.py:208} INFO - Processing /home/airflow/.local/lib/python3.12/site-packages/airflow/example_dags/example_params_ui_tutorial.py took 0.145 seconds
[2026-09-17T19:19:01.136+0000] {processor.py:186} INFO - Started process (PID=3566) to work on /home/airflow/.local/lib/python3.12/site-packages/airflow/example_dags/example_params_ui_tutorial.py
[2026-09-17T19:19:01.138+0000] {processor.py:914} INFO - Processing file /home/airflow/.local/lib/python3.12/site-packages/airflow/example_dags/example_params_ui_tutorial.py for tasks to queue
[2026-09-17T19:19:01.140+0000] {logging_mixin.py:190} INFO - [2026-09-17T19:19:01.140+0000] {dagbag.py:588} INFO - Filling up the DagBag from /home/airflow/.local/lib/python3.12/site-packages/airflow/example_dags/example_params_ui_tutorial.py
[2026-09-17T19:19:01.152+0000] {processor.py:925} INFO - DAG(s) 'example_params_ui_tutorial' retrieved from /home/airflow/.local/lib/python3.12/site-packages/airflow/example_dags/example_params_ui_tutorial.py
[2026-09-17T19:19:01.201+0000] {logging_mixin.py:190} INFO - [2026-09-17T19:19:01.201+0000] {dag.py:3239} INFO - Sync 1 DAGs
[2026-09-17T19:19:01.218+0000] {logging_mixin.py:190} INFO - [2026-09-17T19:19:01.217+0000] {dag.py:4180} INFO - Setting next_dagrun for example_params_ui_tutorial to None, run_after=None
[2026-09-17T19:19:01.243+0000] {processor.py:208} INFO - Processing /home/airflow/.local/lib/python3.12/site-packages/airflow/example_dags/example_params_ui_tutorial.py took 0.114 seconds
[2026-09-17T19:19:32.115+0000] {processor.py:186} INFO - Started process (PID=3631) to work on /home/airflow/.local/lib/python3.12/site-packages/airflow/example_dags/example_params_ui_tutorial.py
[2026-09-17T19:19:32.116+0000] {processor.py:914} INFO - Processing file /home/airflow/.local/lib/python3.12/site-packages/airflow/example_dags/example_params_ui_tutorial.py for tasks to queue
[2026-09-17T19:19:32.119+0000] {logging_mixin.py:190} INFO - [2026-09-17T19:19:32.118+0000] {dagbag.py:588} INFO - Filling up the DagBag from /home/airflow/.local/lib/python3.12/site-packages/airflow/example_dags/example_params_ui_tutorial.py
[2026-09-17T19:19:32.129+0000] {processor.py:925} INFO - DAG(s) 'example_params_ui_tutorial' retrieved from /home/airflow/.local/lib/python3.12/site-packages/airflow/example_dags/example_params_ui_tutorial.py
[2026-09-17T19:19:32.174+0000] {logging_mixin.py:190} INFO - [2026-09-17T19:19:32.174+0000] {dag.py:3239} INFO - Sync 1 DAGs
[2026-09-17T19:19:32.188+0000] {logging_mixin.py:190} INFO - [2026-09-17T19:19:32.188+0000] {dag.py:4180} INFO - Setting next_dagrun for example_params_ui_tutorial to None, run_after=None
[2026-09-17T19:19:32.210+0000] {processor.py:208} INFO - Processing /home/airflow/.local/lib/python3.12/site-packages/airflow/example_dags/example_params_ui_tutorial.py took 0.102 seconds
[2026-09-17T19:20:02.469+0000] {processor.py:186} INFO - Started process (PID=3696) to work on /home/airflow/.local/lib/python3.12/site-packages/airflow/example_dags/example_params_ui_tutorial.py
[2026-09-17T19:20:02.471+0000] {processor.py:914} INFO - Processing file /home/airflow/.local/lib/python3.12/site-packages/airflow/example_dags/example_params_ui_tutorial.py for tasks to queue
[2026-09-17T19:20:02.474+0000] {logging_mixin.py:190} INFO - [2026-09-17T19:20:02.473+0000] {dagbag.py:588} INFO - Filling up the DagBag from /home/airflow/.local/lib/python3.12/site-packages/airflow/example_dags/example_params_ui_tutorial.py
[2026-09-17T19:20:02.486+0000] {processor.py:925} INFO - DAG(s) 'example_params_ui_tutorial' retrieved from /home/airflow/.local/lib/python3.12/site-packages/airflow/example_dags/example_params_ui_tutorial.py
[2026-09-17T19:20:02.535+0000] {logging_mixin.py:190} INFO - [2026-09-17T19:20:02.535+0000] {dag.py:3239} INFO - Sync 1 DAGs
[2026-09-17T19:20:02.552+0000] {logging_mixin.py:190} INFO - [2026-09-17T19:20:02.551+0000] {dag.py:4180} INFO - Setting next_dagrun for example_params_ui_tutorial to None, run_after=None
[2026-09-17T19:20:02.575+0000] {processor.py:208} INFO - Processing /home/airflow/.local/lib/python3.12/site-packages/airflow/example_dags/example_params_ui_tutorial.py took 0.113 seconds
[2026-09-17T19:20:33.583+0000] {processor.py:186} INFO - Started process (PID=3761) to work on /home/airflow/.local/lib/python3.12/site-packages/airflow/example_dags/example_params_ui_tutorial.py
[2026-09-17T19:20:33.585+0000] {processor.py:914} INFO - Processing file /home/airflow/.local/lib/python3.12/site-packages/airflow/example_dags/example_params_ui_tutorial.py for tasks to queue
[2026-09-17T19:20:33.587+0000] {logging_mixin.py:190} INFO - [2026-09-17T19:20:33.587+0000] {dagbag.py:588} INFO - Filling up the DagBag from /home/airflow/.local/lib/python3.12/site-packages/airflow/example_dags/example_params_ui_tutorial.py
[2026-09-17T19:20:33.600+0000] {processor.py:925} INFO - DAG(s) 'example_params_ui_tutorial' retrieved from /home/airflow/.local/lib/python3.12/site-packages/airflow/example_dags/example_params_ui_tutorial.py
[2026-09-17T19:20:33.648+0000] {logging_mixin.py:190} INFO - [2026-09-17T19:20:33.648+0000] {dag.py:3239} INFO - Sync 1 DAGs
[2026-09-17T19:20:33.664+0000] {logging_mixin.py:190} INFO - [2026-09-17T19:20:33.664+0000] {dag.py:4180} INFO - Setting next_dagrun for example_params_ui_tutorial to None, run_after=None
[2026-09-17T19:20:33.688+0000] {processor.py:208} INFO - Processing /home/airflow/.local/lib/python3.12/site-packages/airflow/example_dags/example_params_ui_tutorial.py took 0.112 seconds
[2026-09-17T19:21:03.901+0000] {processor.py:186} INFO - Started process (PID=3826) to work on /home/airflow/.local/lib/python3.12/site-packages/airflow/example_dags/example_params_ui_tutorial.py
[2026-09-17T19:21:03.903+0000] {processor.py:914} INFO - Processing file /home/airflow/.local/lib/python3.12/site-packages/airflow/example_dags/example_params_ui_tutorial.py for tasks to queue
[2026-09-17T19:21:03.905+0000] {logging_mixin.py:190} INFO - [2026-09-17T19:21:03.905+0000] {dagbag.py:588} INFO - Filling up the DagBag from /home/airflow/.local/lib/python3.12/site-packages/airflow/example_dags/example_params_ui_tutorial.py
[2026-09-17T19:21:03.915+0000] {processor.py:925} INFO - DAG(s) 'example_params_ui_tutorial' retrieved from /home/airflow/.local/lib/python3.12/site-packages/airflow/example_dags/example_params_ui_tutorial.py
[2026-09-17T19:21:03.961+0000] {logging_mixin.py:190} INFO - [2026-09-17T19:21:03.960+0000] {dag.py:3239} INFO - Sync 1 DAGs
[2026-09-17T19:21:03.975+0000] {logging_mixin.py:190} INFO - [2026-09-17T19:21:03.975+0000] {dag.py:4180} INFO - Setting next_dagrun for example_params_ui_tutorial to None, run_after=None
[2026-09-17T19:21:03.998+0000] {processor.py:208} INFO - Processing /home/airflow/.local/lib/python3.12/site-packages/airflow/example_dags/example_params_ui_tutorial.py took 0.103 seconds
[2026-09-17T19:21:34.563+0000] {processor.py:186} INFO - Started process (PID=3891) to work on /home/airflow/.local/lib/python3.12/site-packages/airflow/example_dags/example_params_ui_tutorial.py
[2026-09-17T19:21:34.566+0000] {processor.py:914} INFO - Processing file /home/airflow/.local/lib/python3.12/site-packages/airflow/example_dags/example_params_ui_tutorial.py for tasks to queue
[2026-09-17T19:21:34.568+0000] {logging_mixin.py:190} INFO - [2026-09-17T19:21:34.568+0000] {dagbag.py:588} INFO - Filling up the DagBag from /home/airflow/.local/lib/python3.12/site-packages/airflow/example_dags/example_params_ui_tutorial.py
[2026-09-17T19:21:34.580+0000] {processor.py:925} INFO - DAG(s) 'example_params_ui_tutorial' retrieved from /home/airflow/.local/lib/python3.12/site-packages/airflow/example_dags/example_params_ui_tutorial.py
[2026-09-17T19:21:34.625+0000] {logging_mixin.py:190} INFO - [2026-09-17T19:21:34.625+0000] {dag.py:3239} INFO - Sync 1 DAGs
[2026-09-17T19:21:34.641+0000] {logging_mixin.py:190} INFO - [2026-09-17T19:21:34.640+0000] {dag.py:4180} INFO - Setting next_dagrun for example_params_ui_tutorial to None, run_after=None
[2026-09-17T19:21:34.661+0000] {processor.py:208} INFO - Processing /home/airflow/.local/lib/python3.12/site-packages/airflow/example_dags/example_params_ui_tutorial.py took 0.104 seconds
[2026-09-17T19:22:04.894+0000] {processor.py:186} INFO - Started process (PID=3956) to work on /home/airflow/.local/lib/python3.12/site-packages/airflow/example_dags/example_params_ui_tutorial.py
[2026-09-17T19:22:04.896+0000] {processor.py:914} INFO - Processing file /home/airflow/.local/lib/python3.12/site-packages/airflow/example_dags/example_params_ui_tutorial.py for tasks to queue
[2026-09-17T19:22:04.899+0000] {logging_mixin.py:190} INFO - [2026-09-17T19:22:04.898+0000] {dagbag.py:588} INFO - Filling up the DagBag from /home/airflow/.local/lib/python3.12/site-packages/airflow/example_dags/example_params_ui_tutorial.py
[2026-09-17T19:22:04.909+0000] {processor.py:925} INFO - DAG(s) 'example_params_ui_tutorial' retrieved from /home/airflow/.local/lib/python3.12/site-packages/airflow/example_dags/example_params_ui_tutorial.py
[2026-09-17T19:22:04.956+0000] {logging_mixin.py:190} INFO - [2026-09-17T19:22:04.956+0000] {dag.py:3239} INFO - Sync 1 DAGs
[2026-09-17T19:22:04.973+0000] {logging_mixin.py:190} INFO - [2026-09-17T19:22:04.973+0000] {dag.py:4180} INFO - Setting next_dagrun for example_params_ui_tutorial to None, run_after=None
[2026-09-17T19:22:04.996+0000] {processor.py:208} INFO - Processing /home/airflow/.local/lib/python3.12/site-packages/airflow/example_dags/example_params_ui_tutorial.py took 0.108 seconds
[2026-09-17T19:22:35.753+0000] {processor.py:186} INFO - Started process (PID=4021) to work on /home/airflow/.local/lib/python3.12/site-packages/airflow/example_dags/example_params_ui_tutorial.py
[2026-09-17T19:22:35.755+0000] {processor.py:914} INFO - Processing file /home/airflow/.local/lib/python3.12/site-packages/airflow/example_dags/example_params_ui_tutorial.py for tasks to queue
[2026-09-17T19:22:35.757+0000] {logging_mixin.py:190} INFO - [2026-09-17T19:22:35.757+0000] {dagbag.py:588} INFO - Filling up the DagBag from /home/airflow/.local/lib/python3.12/site-packages/airflow/example_dags/example_params_ui_tutorial.py
[2026-09-17T19:22:35.768+0000] {processor.py:925} INFO - DAG(s) 'example_params_ui_tutorial' retrieved from /home/airflow/.local/lib/python3.12/site-packages/airflow/example_dags/example_params_ui_tutorial.py
[2026-09-17T19:22:35.814+0000] {logging_mixin.py:190} INFO - [2026-09-17T19:22:35.814+0000] {dag.py:3239} INFO - Sync 1 DAGs
[2026-09-17T19:22:35.830+0000] {logging_mixin.py:190} INFO - [2026-09-17T19:22:35.830+0000] {dag.py:4180} INFO - Setting next_dagrun for example_params_ui_tutorial to None, run_after=None
[2026-09-17T19:22:35.852+0000] {processor.py:208} INFO - Processing /home/airflow/.local/lib/python3.12/site-packages/airflow/example_dags/example_params_ui_tutorial.py took 0.105 seconds
[2026-09-17T19:23:06.037+0000] {processor.py:186} INFO - Started process (PID=4086) to work on /home/airflow/.local/lib/python3.12/site-packages/airflow/example_dags/example_params_ui_tutorial.py
[2026-09-17T19:23:06.039+0000] {processor.py:914} INFO - Processing file /home/airflow/.local/lib/python3.12/site-packages/airflow/example_dags/example_params_ui_tutorial.py for tasks to queue
[2026-09-17T19:23:06.041+0000] {logging_mixin.py:190} INFO - [2026-09-17T19:23:06.040+0000] {dagbag.py:588} INFO - Filling up the DagBag from /home/airflow/.local/lib/python3.12/site-packages/airflow/example_dags/example_params_ui_tutorial.py
[2026-09-17T19:23:06.052+0000] {processor.py:925} INFO - DAG(s) 'example_params_ui_tutorial' retrieved from /home/airflow/.local/lib/python3.12/site-packages/airflow/example_dags/example_params_ui_tutorial.py
[2026-09-17T19:23:06.102+0000] {logging_mixin.py:190} INFO - [2026-09-17T19:23:06.101+0000] {dag.py:3239} INFO - Sync 1 DAGs
[2026-09-17T19:23:06.117+0000] {logging_mixin.py:190} INFO - [2026-09-17T19:23:06.116+0000] {dag.py:4180} INFO - Setting next_dagrun for example_params_ui_tutorial to None, run_after=None
[2026-09-17T19:23:06.140+0000] {processor.py:208} INFO - Processing /home/airflow/.local/lib/python3.12/site-packages/airflow/example_dags/example_params_ui_tutorial.py took 0.110 seconds
[2026-09-17T19:23:36.296+0000] {processor.py:186} INFO - Started process (PID=4150) to work on /home/airflow/.local/lib/python3.12/site-packages/airflow/example_dags/example_params_ui_tutorial.py
[2026-09-17T19:23:36.299+0000] {processor.py:914} INFO - Processing file /home/airflow/.local/lib/python3.12/site-packages/airflow/example_dags/example_params_ui_tutorial.py for tasks to queue
[2026-09-17T19:23:36.301+0000] {logging_mixin.py:190} INFO - [2026-09-17T19:23:36.301+0000] {dagbag.py:588} INFO - Filling up the DagBag from /home/airflow/.local/lib/python3.12/site-packages/airflow/example_dags/example_params_ui_tutorial.py
[2026-09-17T19:23:36.312+0000] {processor.py:925} INFO - DAG(s) 'example_params_ui_tutorial' retrieved from /home/airflow/.local/lib/python3.12/site-packages/airflow/example_dags/example_params_ui_tutorial.py
[2026-09-17T19:23:36.364+0000] {logging_mixin.py:190} INFO - [2026-09-17T19:23:36.363+0000] {dag.py:3239} INFO - Sync 1 DAGs
[2026-09-17T19:23:36.379+0000] {logging_mixin.py:190} INFO - [2026-09-17T19:23:36.379+0000] {dag.py:4180} INFO - Setting next_dagrun for example_params_ui_tutorial to None, run_after=None
[2026-09-17T19:23:36.402+0000] {processor.py:208} INFO - Processing /home/airflow/.local/lib/python3.12/site-packages/airflow/example_dags/example_params_ui_tutorial.py took 0.113 seconds
[2026-09-17T19:24:07.111+0000] {processor.py:186} INFO - Started process (PID=4215) to work on /home/airflow/.local/lib/python3.12/site-packages/airflow/example_dags/example_params_ui_tutorial.py
[2026-09-17T19:24:07.113+0000] {processor.py:914} INFO - Processing file /home/airflow/.local/lib/python3.12/site-packages/airflow/example_dags/example_params_ui_tutorial.py for tasks to queue
[2026-09-17T19:24:07.115+0000] {logging_mixin.py:190} INFO - [2026-09-17T19:24:07.115+0000] {dagbag.py:588} INFO - Filling up the DagBag from /home/airflow/.local/lib/python3.12/site-packages/airflow/example_dags/example_params_ui_tutorial.py
[2026-09-17T19:24:07.125+0000] {processor.py:925} INFO - DAG(s) 'example_params_ui_tutorial' retrieved from /home/airflow/.local/lib/python3.12/site-packages/airflow/example_dags/example_params_ui_tutorial.py
[2026-09-17T19:24:07.172+0000] {logging_mixin.py:190} INFO - [2026-09-17T19:24:07.171+0000] {dag.py:3239} INFO - Sync 1 DAGs
[2026-09-17T19:24:07.187+0000] {logging_mixin.py:190} INFO - [2026-09-17T19:24:07.187+0000] {dag.py:4180} INFO - Setting next_dagrun for example_params_ui_tutorial to None, run_after=None
[2026-09-17T19:24:07.213+0000] {processor.py:208} INFO - Processing /home/airflow/.local/lib/python3.12/site-packages/airflow/example_dags/example_params_ui_tutorial.py took 0.107 seconds
[2026-09-17T19:24:37.311+0000] {processor.py:186} INFO - Started process (PID=4272) to work on /home/airflow/.local/lib/python3.12/site-packages/airflow/example_dags/example_params_ui_tutorial.py
[2026-09-17T19:24:37.313+0000] {processor.py:914} INFO - Processing file /home/airflow/.local/lib/python3.12/site-packages/airflow/example_dags/example_params_ui_tutorial.py for tasks to queue
[2026-09-17T19:24:37.315+0000] {logging_mixin.py:190} INFO - [2026-09-17T19:24:37.315+0000] {dagbag.py:588} INFO - Filling up the DagBag from /home/airflow/.local/lib/python3.12/site-packages/airflow/example_dags/example_params_ui_tutorial.py
[2026-09-17T19:24:37.325+0000] {processor.py:925} INFO - DAG(s) 'example_params_ui_tutorial' retrieved from /home/airflow/.local/lib/python3.12/site-packages/airflow/example_dags/example_params_ui_tutorial.py
[2026-09-17T19:24:37.373+0000] {logging_mixin.py:190} INFO - [2026-09-17T19:24:37.373+0000] {dag.py:3239} INFO - Sync 1 DAGs
[2026-09-17T19:24:37.389+0000] {logging_mixin.py:190} INFO - [2026-09-17T19:24:37.389+0000] {dag.py:4180} INFO - Setting next_dagrun for example_params_ui_tutorial to None, run_after=None
[2026-09-17T19:24:37.412+0000] {processor.py:208} INFO - Processing /home/airflow/.local/lib/python3.12/site-packages/airflow/example_dags/example_params_ui_tutorial.py took 0.108 seconds
[2026-09-17T19:25:07.517+0000] {processor.py:186} INFO - Started process (PID=4337) to work on /home/airflow/.local/lib/python3.12/site-packages/airflow/example_dags/example_params_ui_tutorial.py
[2026-09-17T19:25:07.520+0000] {processor.py:914} INFO - Processing file /home/airflow/.local/lib/python3.12/site-packages/airflow/example_dags/example_params_ui_tutorial.py for tasks to queue
[2026-09-17T19:25:07.522+0000] {logging_mixin.py:190} INFO - [2026-09-17T19:25:07.522+0000] {dagbag.py:588} INFO - Filling up the DagBag from /home/airflow/.local/lib/python3.12/site-packages/airflow/example_dags/example_params_ui_tutorial.py
[2026-09-17T19:25:07.534+0000] {processor.py:925} INFO - DAG(s) 'example_params_ui_tutorial' retrieved from /home/airflow/.local/lib/python3.12/site-packages/airflow/example_dags/example_params_ui_tutorial.py
[2026-09-17T19:25:07.582+0000] {logging_mixin.py:190} INFO - [2026-09-17T19:25:07.582+0000] {dag.py:3239} INFO - Sync 1 DAGs
[2026-09-17T19:25:07.600+0000] {logging_mixin.py:190} INFO - [2026-09-17T19:25:07.599+0000] {dag.py:4180} INFO - Setting next_dagrun for example_params_ui_tutorial to None, run_after=None
[2026-09-17T19:25:07.622+0000] {processor.py:208} INFO - Processing /home/airflow/.local/lib/python3.12/site-packages/airflow/example_dags/example_params_ui_tutorial.py took 0.111 seconds
[2026-09-17T19:25:38.179+0000] {processor.py:186} INFO - Started process (PID=4402) to work on /home/airflow/.local/lib/python3.12/site-packages/airflow/example_dags/example_params_ui_tutorial.py
[2026-09-17T19:25:38.181+0000] {processor.py:914} INFO - Processing file /home/airflow/.local/lib/python3.12/site-packages/airflow/example_dags/example_params_ui_tutorial.py for tasks to queue
[2026-09-17T19:25:38.184+0000] {logging_mixin.py:190} INFO - [2026-09-17T19:25:38.183+0000] {dagbag.py:588} INFO - Filling up the DagBag from /home/airflow/.local/lib/python3.12/site-packages/airflow/example_dags/example_params_ui_tutorial.py
[2026-09-17T19:25:38.195+0000] {processor.py:925} INFO - DAG(s) 'example_params_ui_tutorial' retrieved from /home/airflow/.local/lib/python3.12/site-packages/airflow/example_dags/example_params_ui_tutorial.py
[2026-09-17T19:25:38.246+0000] {logging_mixin.py:190} INFO - [2026-09-17T19:25:38.245+0000] {dag.py:3239} INFO - Sync 1 DAGs
[2026-09-17T19:25:38.263+0000] {logging_mixin.py:190} INFO - [2026-09-17T19:25:38.263+0000] {dag.py:4180} INFO - Setting next_dagrun for example_params_ui_tutorial to None, run_after=None
[2026-09-17T19:25:38.292+0000] {processor.py:208} INFO - Processing /home/airflow/.local/lib/python3.12/site-packages/airflow/example_dags/example_params_ui_tutorial.py took 0.121 seconds
[2026-09-17T19:26:09.358+0000] {processor.py:186} INFO - Started process (PID=4467) to work on /home/airflow/.local/lib/python3.12/site-packages/airflow/example_dags/example_params_ui_tutorial.py
[2026-09-17T19:26:09.360+0000] {processor.py:914} INFO - Processing file /home/airflow/.local/lib/python3.12/site-packages/airflow/example_dags/example_params_ui_tutorial.py for tasks to queue
[2026-09-17T19:26:09.363+0000] {logging_mixin.py:190} INFO - [2026-09-17T19:26:09.362+0000] {dagbag.py:588} INFO - Filling up the DagBag from /home/airflow/.local/lib/python3.12/site-packages/airflow/example_dags/example_params_ui_tutorial.py
[2026-09-17T19:26:09.373+0000] {processor.py:925} INFO - DAG(s) 'example_params_ui_tutorial' retrieved from /home/airflow/.local/lib/python3.12/site-packages/airflow/example_dags/example_params_ui_tutorial.py
[2026-09-17T19:26:09.424+0000] {logging_mixin.py:190} INFO - [2026-09-17T19:26:09.424+0000] {dag.py:3239} INFO - Sync 1 DAGs
[2026-09-17T19:26:09.447+0000] {logging_mixin.py:190} INFO - [2026-09-17T19:26:09.447+0000] {dag.py:4180} INFO - Setting next_dagrun for example_params_ui_tutorial to None, run_after=None
[2026-09-17T19:26:09.475+0000] {processor.py:208} INFO - Processing /home/airflow/.local/lib/python3.12/site-packages/airflow/example_dags/example_params_ui_tutorial.py took 0.123 seconds
[2026-09-17T19:26:40.396+0000] {processor.py:186} INFO - Started process (PID=4534) to work on /home/airflow/.local/lib/python3.12/site-packages/airflow/example_dags/example_params_ui_tutorial.py
[2026-09-17T19:26:40.398+0000] {processor.py:914} INFO - Processing file /home/airflow/.local/lib/python3.12/site-packages/airflow/example_dags/example_params_ui_tutorial.py for tasks to queue
[2026-09-17T19:26:40.400+0000] {logging_mixin.py:190} INFO - [2026-09-17T19:26:40.399+0000] {dagbag.py:588} INFO - Filling up the DagBag from /home/airflow/.local/lib/python3.12/site-packages/airflow/example_dags/example_params_ui_tutorial.py
[2026-09-17T19:26:40.410+0000] {processor.py:925} INFO - DAG(s) 'example_params_ui_tutorial' retrieved from /home/airflow/.local/lib/python3.12/site-packages/airflow/example_dags/example_params_ui_tutorial.py
[2026-09-17T19:26:40.459+0000] {logging_mixin.py:190} INFO - [2026-09-17T19:26:40.459+0000] {dag.py:3239} INFO - Sync 1 DAGs
[2026-09-17T19:26:40.657+0000] {logging_mixin.py:190} INFO - [2026-09-17T19:26:40.657+0000] {dag.py:4180} INFO - Setting next_dagrun for example_params_ui_tutorial to None, run_after=None
[2026-09-17T19:26:40.684+0000] {processor.py:208} INFO - Processing /home/airflow/.local/lib/python3.12/site-packages/airflow/example_dags/example_params_ui_tutorial.py took 0.295 seconds
[2026-09-17T19:27:11.952+0000] {processor.py:186} INFO - Started process (PID=4601) to work on /home/airflow/.local/lib/python3.12/site-packages/airflow/example_dags/example_params_ui_tutorial.py
[2026-09-17T19:27:11.954+0000] {processor.py:914} INFO - Processing file /home/airflow/.local/lib/python3.12/site-packages/airflow/example_dags/example_params_ui_tutorial.py for tasks to queue
[2026-09-17T19:27:11.956+0000] {logging_mixin.py:190} INFO - [2026-09-17T19:27:11.956+0000] {dagbag.py:588} INFO - Filling up the DagBag from /home/airflow/.local/lib/python3.12/site-packages/airflow/example_dags/example_params_ui_tutorial.py
[2026-09-17T19:27:11.968+0000] {processor.py:925} INFO - DAG(s) 'example_params_ui_tutorial' retrieved from /home/airflow/.local/lib/python3.12/site-packages/airflow/example_dags/example_params_ui_tutorial.py
[2026-09-17T19:27:12.012+0000] {logging_mixin.py:190} INFO - [2026-09-17T19:27:12.012+0000] {dag.py:3239} INFO - Sync 1 DAGs
[2026-09-17T19:27:12.027+0000] {logging_mixin.py:190} INFO - [2026-09-17T19:27:12.027+0000] {dag.py:4180} INFO - Setting next_dagrun for example_params_ui_tutorial to None, run_after=None
[2026-09-17T19:27:12.237+0000] {processor.py:208} INFO - Processing /home/airflow/.local/lib/python3.12/site-packages/airflow/example_dags/example_params_ui_tutorial.py took 0.293 seconds
[2026-09-17T19:27:42.712+0000] {processor.py:186} INFO - Started process (PID=4666) to work on /home/airflow/.local/lib/python3.12/site-packages/airflow/example_dags/example_params_ui_tutorial.py
[2026-09-17T19:27:42.714+0000] {processor.py:914} INFO - Processing file /home/airflow/.local/lib/python3.12/site-packages/airflow/example_dags/example_params_ui_tutorial.py for tasks to queue
[2026-09-17T19:27:42.716+0000] {logging_mixin.py:190} INFO - [2026-09-17T19:27:42.716+0000] {dagbag.py:588} INFO - Filling up the DagBag from /home/airflow/.local/lib/python3.12/site-packages/airflow/example_dags/example_params_ui_tutorial.py
[2026-09-17T19:27:42.728+0000] {processor.py:925} INFO - DAG(s) 'example_params_ui_tutorial' retrieved from /home/airflow/.local/lib/python3.12/site-packages/airflow/example_dags/example_params_ui_tutorial.py
[2026-09-17T19:27:42.778+0000] {logging_mixin.py:190} INFO - [2026-09-17T19:27:42.778+0000] {dag.py:3239} INFO - Sync 1 DAGs
[2026-09-17T19:27:42.793+0000] {logging_mixin.py:190} INFO - [2026-09-17T19:27:42.793+0000] {dag.py:4180} INFO - Setting next_dagrun for example_params_ui_tutorial to None, run_after=None
[2026-09-17T19:27:42.988+0000] {processor.py:208} INFO - Processing /home/airflow/.local/lib/python3.12/site-packages/airflow/example_dags/example_params_ui_tutorial.py took 0.283 seconds
[2026-09-17T19:28:13.229+0000] {processor.py:186} INFO - Started process (PID=4731) to work on /home/airflow/.local/lib/python3.12/site-packages/airflow/example_dags/example_params_ui_tutorial.py
[2026-09-17T19:28:13.232+0000] {processor.py:914} INFO - Processing file /home/airflow/.local/lib/python3.12/site-packages/airflow/example_dags/example_params_ui_tutorial.py for tasks to queue
[2026-09-17T19:28:13.234+0000] {logging_mixin.py:190} INFO - [2026-09-17T19:28:13.233+0000] {dagbag.py:588} INFO - Filling up the DagBag from /home/airflow/.local/lib/python3.12/site-packages/airflow/example_dags/example_params_ui_tutorial.py
[2026-09-17T19:28:13.244+0000] {processor.py:925} INFO - DAG(s) 'example_params_ui_tutorial' retrieved from /home/airflow/.local/lib/python3.12/site-packages/airflow/example_dags/example_params_ui_tutorial.py
[2026-09-17T19:28:13.291+0000] {logging_mixin.py:190} INFO - [2026-09-17T19:28:13.291+0000] {dag.py:3239} INFO - Sync 1 DAGs
[2026-09-17T19:28:13.307+0000] {logging_mixin.py:190} INFO - [2026-09-17T19:28:13.307+0000] {dag.py:4180} INFO - Setting next_dagrun for example_params_ui_tutorial to None, run_after=None
[2026-09-17T19:28:13.329+0000] {processor.py:208} INFO - Processing /home/airflow/.local/lib/python3.12/site-packages/airflow/example_dags/example_params_ui_tutorial.py took 0.107 seconds
[2026-09-17T19:48:21.437+0000] {processor.py:186} INFO - Started process (PID=83) to work on /home/airflow/.local/lib/python3.12/site-packages/airflow/example_dags/example_params_ui_tutorial.py
[2026-09-17T19:48:21.441+0000] {processor.py:914} INFO - Processing file /home/airflow/.local/lib/python3.12/site-packages/airflow/example_dags/example_params_ui_tutorial.py for tasks to queue
[2026-09-17T19:48:21.445+0000] {logging_mixin.py:190} INFO - [2026-09-17T19:48:21.444+0000] {dagbag.py:588} INFO - Filling up the DagBag from /home/airflow/.local/lib/python3.12/site-packages/airflow/example_dags/example_params_ui_tutorial.py
[2026-09-17T19:48:21.463+0000] {processor.py:925} INFO - DAG(s) 'example_params_ui_tutorial' retrieved from /home/airflow/.local/lib/python3.12/site-packages/airflow/example_dags/example_params_ui_tutorial.py
[2026-09-17T19:48:21.517+0000] {logging_mixin.py:190} INFO - [2026-09-17T19:48:21.517+0000] {dag.py:3239} INFO - Sync 1 DAGs
[2026-09-17T19:48:21.535+0000] {logging_mixin.py:190} INFO - [2026-09-17T19:48:21.535+0000] {dag.py:4180} INFO - Setting next_dagrun for example_params_ui_tutorial to None, run_after=None
[2026-09-17T19:48:21.561+0000] {processor.py:208} INFO - Processing /home/airflow/.local/lib/python3.12/site-packages/airflow/example_dags/example_params_ui_tutorial.py took 0.137 seconds
[2026-09-17T19:48:52.047+0000] {processor.py:186} INFO - Started process (PID=148) to work on /home/airflow/.local/lib/python3.12/site-packages/airflow/example_dags/example_params_ui_tutorial.py
[2026-09-17T19:48:52.048+0000] {processor.py:914} INFO - Processing file /home/airflow/.local/lib/python3.12/site-packages/airflow/example_dags/example_params_ui_tutorial.py for tasks to queue
[2026-09-17T19:48:52.050+0000] {logging_mixin.py:190} INFO - [2026-09-17T19:48:52.050+0000] {dagbag.py:588} INFO - Filling up the DagBag from /home/airflow/.local/lib/python3.12/site-packages/airflow/example_dags/example_params_ui_tutorial.py
[2026-09-17T19:48:52.061+0000] {processor.py:925} INFO - DAG(s) 'example_params_ui_tutorial' retrieved from /home/airflow/.local/lib/python3.12/site-packages/airflow/example_dags/example_params_ui_tutorial.py
[2026-09-17T19:48:52.101+0000] {logging_mixin.py:190} INFO - [2026-09-17T19:48:52.101+0000] {dag.py:3239} INFO - Sync 1 DAGs
[2026-09-17T19:48:52.114+0000] {logging_mixin.py:190} INFO - [2026-09-17T19:48:52.114+0000] {dag.py:4180} INFO - Setting next_dagrun for example_params_ui_tutorial to None, run_after=None
[2026-09-17T19:48:52.133+0000] {processor.py:208} INFO - Processing /home/airflow/.local/lib/python3.12/site-packages/airflow/example_dags/example_params_ui_tutorial.py took 0.092 seconds
[2026-09-17T19:49:23.849+0000] {processor.py:186} INFO - Started process (PID=212) to work on /home/airflow/.local/lib/python3.12/site-packages/airflow/example_dags/example_params_ui_tutorial.py
[2026-09-17T19:49:23.853+0000] {processor.py:914} INFO - Processing file /home/airflow/.local/lib/python3.12/site-packages/airflow/example_dags/example_params_ui_tutorial.py for tasks to queue
[2026-09-17T19:49:23.855+0000] {logging_mixin.py:190} INFO - [2026-09-17T19:49:23.855+0000] {dagbag.py:588} INFO - Filling up the DagBag from /home/airflow/.local/lib/python3.12/site-packages/airflow/example_dags/example_params_ui_tutorial.py
[2026-09-17T19:49:23.872+0000] {processor.py:925} INFO - DAG(s) 'example_params_ui_tutorial' retrieved from /home/airflow/.local/lib/python3.12/site-packages/airflow/example_dags/example_params_ui_tutorial.py
[2026-09-17T19:49:23.931+0000] {logging_mixin.py:190} INFO - [2026-09-17T19:49:23.931+0000] {dag.py:3239} INFO - Sync 1 DAGs
[2026-09-17T19:49:23.952+0000] {logging_mixin.py:190} INFO - [2026-09-17T19:49:23.952+0000] {dag.py:4180} INFO - Setting next_dagrun for example_params_ui_tutorial to None, run_after=None
[2026-09-17T19:49:23.982+0000] {processor.py:208} INFO - Processing /home/airflow/.local/lib/python3.12/site-packages/airflow/example_dags/example_params_ui_tutorial.py took 0.141 seconds
[2026-09-17T19:49:55.074+0000] {processor.py:186} INFO - Started process (PID=270) to work on /home/airflow/.local/lib/python3.12/site-packages/airflow/example_dags/example_params_ui_tutorial.py
[2026-09-17T19:49:55.076+0000] {processor.py:914} INFO - Processing file /home/airflow/.local/lib/python3.12/site-packages/airflow/example_dags/example_params_ui_tutorial.py for tasks to queue
[2026-09-17T19:49:55.079+0000] {logging_mixin.py:190} INFO - [2026-09-17T19:49:55.078+0000] {dagbag.py:588} INFO - Filling up the DagBag from /home/airflow/.local/lib/python3.12/site-packages/airflow/example_dags/example_params_ui_tutorial.py
[2026-09-17T19:49:55.090+0000] {processor.py:925} INFO - DAG(s) 'example_params_ui_tutorial' retrieved from /home/airflow/.local/lib/python3.12/site-packages/airflow/example_dags/example_params_ui_tutorial.py
[2026-09-17T19:49:55.136+0000] {logging_mixin.py:190} INFO - [2026-09-17T19:49:55.135+0000] {dag.py:3239} INFO - Sync 1 DAGs
[2026-09-17T19:49:55.151+0000] {logging_mixin.py:190} INFO - [2026-09-17T19:49:55.151+0000] {dag.py:4180} INFO - Setting next_dagrun for example_params_ui_tutorial to None, run_after=None
[2026-09-17T19:49:55.172+0000] {processor.py:208} INFO - Processing /home/airflow/.local/lib/python3.12/site-packages/airflow/example_dags/example_params_ui_tutorial.py took 0.106 seconds
[2026-09-17T19:50:25.486+0000] {processor.py:186} INFO - Started process (PID=335) to work on /home/airflow/.local/lib/python3.12/site-packages/airflow/example_dags/example_params_ui_tutorial.py
[2026-09-17T19:50:25.488+0000] {processor.py:914} INFO - Processing file /home/airflow/.local/lib/python3.12/site-packages/airflow/example_dags/example_params_ui_tutorial.py for tasks to queue
[2026-09-17T19:50:25.490+0000] {logging_mixin.py:190} INFO - [2026-09-17T19:50:25.489+0000] {dagbag.py:588} INFO - Filling up the DagBag from /home/airflow/.local/lib/python3.12/site-packages/airflow/example_dags/example_params_ui_tutorial.py
[2026-09-17T19:50:25.500+0000] {processor.py:925} INFO - DAG(s) 'example_params_ui_tutorial' retrieved from /home/airflow/.local/lib/python3.12/site-packages/airflow/example_dags/example_params_ui_tutorial.py
[2026-09-17T19:50:25.544+0000] {logging_mixin.py:190} INFO - [2026-09-17T19:50:25.544+0000] {dag.py:3239} INFO - Sync 1 DAGs
[2026-09-17T19:50:25.559+0000] {logging_mixin.py:190} INFO - [2026-09-17T19:50:25.559+0000] {dag.py:4180} INFO - Setting next_dagrun for example_params_ui_tutorial to None, run_after=None
[2026-09-17T19:50:25.580+0000] {processor.py:208} INFO - Processing /home/airflow/.local/lib/python3.12/site-packages/airflow/example_dags/example_params_ui_tutorial.py took 0.100 seconds
[2026-09-17T19:50:55.762+0000] {processor.py:186} INFO - Started process (PID=399) to work on /home/airflow/.local/lib/python3.12/site-packages/airflow/example_dags/example_params_ui_tutorial.py
[2026-09-17T19:50:55.764+0000] {processor.py:914} INFO - Processing file /home/airflow/.local/lib/python3.12/site-packages/airflow/example_dags/example_params_ui_tutorial.py for tasks to queue
[2026-09-17T19:50:55.766+0000] {logging_mixin.py:190} INFO - [2026-09-17T19:50:55.766+0000] {dagbag.py:588} INFO - Filling up the DagBag from /home/airflow/.local/lib/python3.12/site-packages/airflow/example_dags/example_params_ui_tutorial.py
[2026-09-17T19:50:55.777+0000] {processor.py:925} INFO - DAG(s) 'example_params_ui_tutorial' retrieved from /home/airflow/.local/lib/python3.12/site-packages/airflow/example_dags/example_params_ui_tutorial.py
[2026-09-17T19:50:55.823+0000] {logging_mixin.py:190} INFO - [2026-09-17T19:50:55.822+0000] {dag.py:3239} INFO - Sync 1 DAGs
[2026-09-17T19:50:55.839+0000] {logging_mixin.py:190} INFO - [2026-09-17T19:50:55.839+0000] {dag.py:4180} INFO - Setting next_dagrun for example_params_ui_tutorial to None, run_after=None
[2026-09-17T19:50:55.862+0000] {processor.py:208} INFO - Processing /home/airflow/.local/lib/python3.12/site-packages/airflow/example_dags/example_params_ui_tutorial.py took 0.106 seconds
[2026-09-17T19:51:26.242+0000] {processor.py:186} INFO - Started process (PID=464) to work on /home/airflow/.local/lib/python3.12/site-packages/airflow/example_dags/example_params_ui_tutorial.py
[2026-09-17T19:51:26.243+0000] {processor.py:914} INFO - Processing file /home/airflow/.local/lib/python3.12/site-packages/airflow/example_dags/example_params_ui_tutorial.py for tasks to queue
[2026-09-17T19:51:26.245+0000] {logging_mixin.py:190} INFO - [2026-09-17T19:51:26.245+0000] {dagbag.py:588} INFO - Filling up the DagBag from /home/airflow/.local/lib/python3.12/site-packages/airflow/example_dags/example_params_ui_tutorial.py
[2026-09-17T19:51:26.255+0000] {processor.py:925} INFO - DAG(s) 'example_params_ui_tutorial' retrieved from /home/airflow/.local/lib/python3.12/site-packages/airflow/example_dags/example_params_ui_tutorial.py
[2026-09-17T19:51:26.299+0000] {logging_mixin.py:190} INFO - [2026-09-17T19:51:26.299+0000] {dag.py:3239} INFO - Sync 1 DAGs
[2026-09-17T19:51:26.313+0000] {logging_mixin.py:190} INFO - [2026-09-17T19:51:26.313+0000] {dag.py:4180} INFO - Setting next_dagrun for example_params_ui_tutorial to None, run_after=None
[2026-09-17T19:51:26.336+0000] {processor.py:208} INFO - Processing /home/airflow/.local/lib/python3.12/site-packages/airflow/example_dags/example_params_ui_tutorial.py took 0.100 seconds
[2026-09-17T19:51:57.310+0000] {processor.py:186} INFO - Started process (PID=529) to work on /home/airflow/.local/lib/python3.12/site-packages/airflow/example_dags/example_params_ui_tutorial.py
[2026-09-17T19:51:57.312+0000] {processor.py:914} INFO - Processing file /home/airflow/.local/lib/python3.12/site-packages/airflow/example_dags/example_params_ui_tutorial.py for tasks to queue
[2026-09-17T19:51:57.314+0000] {logging_mixin.py:190} INFO - [2026-09-17T19:51:57.314+0000] {dagbag.py:588} INFO - Filling up the DagBag from /home/airflow/.local/lib/python3.12/site-packages/airflow/example_dags/example_params_ui_tutorial.py
[2026-09-17T19:51:57.324+0000] {processor.py:925} INFO - DAG(s) 'example_params_ui_tutorial' retrieved from /home/airflow/.local/lib/python3.12/site-packages/airflow/example_dags/example_params_ui_tutorial.py
[2026-09-17T19:51:57.369+0000] {logging_mixin.py:190} INFO - [2026-09-17T19:51:57.369+0000] {dag.py:3239} INFO - Sync 1 DAGs
[2026-09-17T19:51:57.385+0000] {logging_mixin.py:190} INFO - [2026-09-17T19:51:57.384+0000] {dag.py:4180} INFO - Setting next_dagrun for example_params_ui_tutorial to None, run_after=None
[2026-09-17T19:51:57.409+0000] {processor.py:208} INFO - Processing /home/airflow/.local/lib/python3.12/site-packages/airflow/example_dags/example_params_ui_tutorial.py took 0.105 seconds
[2026-09-17T19:52:27.503+0000] {processor.py:186} INFO - Started process (PID=594) to work on /home/airflow/.local/lib/python3.12/site-packages/airflow/example_dags/example_params_ui_tutorial.py
[2026-09-17T19:52:27.505+0000] {processor.py:914} INFO - Processing file /home/airflow/.local/lib/python3.12/site-packages/airflow/example_dags/example_params_ui_tutorial.py for tasks to queue
[2026-09-17T19:52:27.507+0000] {logging_mixin.py:190} INFO - [2026-09-17T19:52:27.507+0000] {dagbag.py:588} INFO - Filling up the DagBag from /home/airflow/.local/lib/python3.12/site-packages/airflow/example_dags/example_params_ui_tutorial.py
[2026-09-17T19:52:27.518+0000] {processor.py:925} INFO - DAG(s) 'example_params_ui_tutorial' retrieved from /home/airflow/.local/lib/python3.12/site-packages/airflow/example_dags/example_params_ui_tutorial.py
[2026-09-17T19:52:27.573+0000] {logging_mixin.py:190} INFO - [2026-09-17T19:52:27.572+0000] {dag.py:3239} INFO - Sync 1 DAGs
[2026-09-17T19:52:27.590+0000] {logging_mixin.py:190} INFO - [2026-09-17T19:52:27.590+0000] {dag.py:4180} INFO - Setting next_dagrun for example_params_ui_tutorial to None, run_after=None
[2026-09-17T19:52:27.616+0000] {processor.py:208} INFO - Processing /home/airflow/.local/lib/python3.12/site-packages/airflow/example_dags/example_params_ui_tutorial.py took 0.119 seconds
[2026-09-17T19:52:59.276+0000] {processor.py:186} INFO - Started process (PID=659) to work on /home/airflow/.local/lib/python3.12/site-packages/airflow/example_dags/example_params_ui_tutorial.py
[2026-09-17T19:52:59.278+0000] {processor.py:914} INFO - Processing file /home/airflow/.local/lib/python3.12/site-packages/airflow/example_dags/example_params_ui_tutorial.py for tasks to queue
[2026-09-17T19:52:59.279+0000] {logging_mixin.py:190} INFO - [2026-09-17T19:52:59.279+0000] {dagbag.py:588} INFO - Filling up the DagBag from /home/airflow/.local/lib/python3.12/site-packages/airflow/example_dags/example_params_ui_tutorial.py
[2026-09-17T19:52:59.291+0000] {processor.py:925} INFO - DAG(s) 'example_params_ui_tutorial' retrieved from /home/airflow/.local/lib/python3.12/site-packages/airflow/example_dags/example_params_ui_tutorial.py
[2026-09-17T19:52:59.334+0000] {logging_mixin.py:190} INFO - [2026-09-17T19:52:59.334+0000] {dag.py:3239} INFO - Sync 1 DAGs
[2026-09-17T19:52:59.349+0000] {logging_mixin.py:190} INFO - [2026-09-17T19:52:59.348+0000] {dag.py:4180} INFO - Setting next_dagrun for example_params_ui_tutorial to None, run_after=None
[2026-09-17T19:52:59.369+0000] {processor.py:208} INFO - Processing /home/airflow/.local/lib/python3.12/site-packages/airflow/example_dags/example_params_ui_tutorial.py took 0.101 seconds
[2026-09-17T19:53:30.911+0000] {processor.py:186} INFO - Started process (PID=724) to work on /home/airflow/.local/lib/python3.12/site-packages/airflow/example_dags/example_params_ui_tutorial.py
[2026-09-17T19:53:30.913+0000] {processor.py:914} INFO - Processing file /home/airflow/.local/lib/python3.12/site-packages/airflow/example_dags/example_params_ui_tutorial.py for tasks to queue
[2026-09-17T19:53:30.916+0000] {logging_mixin.py:190} INFO - [2026-09-17T19:53:30.915+0000] {dagbag.py:588} INFO - Filling up the DagBag from /home/airflow/.local/lib/python3.12/site-packages/airflow/example_dags/example_params_ui_tutorial.py
[2026-09-17T19:53:30.925+0000] {processor.py:925} INFO - DAG(s) 'example_params_ui_tutorial' retrieved from /home/airflow/.local/lib/python3.12/site-packages/airflow/example_dags/example_params_ui_tutorial.py
[2026-09-17T19:53:30.978+0000] {logging_mixin.py:190} INFO - [2026-09-17T19:53:30.977+0000] {dag.py:3239} INFO - Sync 1 DAGs
[2026-09-17T19:53:30.994+0000] {logging_mixin.py:190} INFO - [2026-09-17T19:53:30.994+0000] {dag.py:4180} INFO - Setting next_dagrun for example_params_ui_tutorial to None, run_after=None
[2026-09-17T19:53:31.023+0000] {processor.py:208} INFO - Processing /home/airflow/.local/lib/python3.12/site-packages/airflow/example_dags/example_params_ui_tutorial.py took 0.119 seconds
[2026-09-17T19:54:02.562+0000] {processor.py:186} INFO - Started process (PID=789) to work on /home/airflow/.local/lib/python3.12/site-packages/airflow/example_dags/example_params_ui_tutorial.py
[2026-09-17T19:54:02.564+0000] {processor.py:914} INFO - Processing file /home/airflow/.local/lib/python3.12/site-packages/airflow/example_dags/example_params_ui_tutorial.py for tasks to queue
[2026-09-17T19:54:02.566+0000] {logging_mixin.py:190} INFO - [2026-09-17T19:54:02.566+0000] {dagbag.py:588} INFO - Filling up the DagBag from /home/airflow/.local/lib/python3.12/site-packages/airflow/example_dags/example_params_ui_tutorial.py
[2026-09-17T19:54:02.577+0000] {processor.py:925} INFO - DAG(s) 'example_params_ui_tutorial' retrieved from /home/airflow/.local/lib/python3.12/site-packages/airflow/example_dags/example_params_ui_tutorial.py
[2026-09-17T19:54:02.623+0000] {logging_mixin.py:190} INFO - [2026-09-17T19:54:02.623+0000] {dag.py:3239} INFO - Sync 1 DAGs
[2026-09-17T19:54:02.639+0000] {logging_mixin.py:190} INFO - [2026-09-17T19:54:02.639+0000] {dag.py:4180} INFO - Setting next_dagrun for example_params_ui_tutorial to None, run_after=None
[2026-09-17T19:54:02.663+0000] {processor.py:208} INFO - Processing /home/airflow/.local/lib/python3.12/site-packages/airflow/example_dags/example_params_ui_tutorial.py took 0.106 seconds
[2026-09-17T19:54:34.155+0000] {processor.py:186} INFO - Started process (PID=854) to work on /home/airflow/.local/lib/python3.12/site-packages/airflow/example_dags/example_params_ui_tutorial.py
[2026-09-17T19:54:34.158+0000] {processor.py:914} INFO - Processing file /home/airflow/.local/lib/python3.12/site-packages/airflow/example_dags/example_params_ui_tutorial.py for tasks to queue
[2026-09-17T19:54:34.160+0000] {logging_mixin.py:190} INFO - [2026-09-17T19:54:34.160+0000] {dagbag.py:588} INFO - Filling up the DagBag from /home/airflow/.local/lib/python3.12/site-packages/airflow/example_dags/example_params_ui_tutorial.py
[2026-09-17T19:54:34.170+0000] {processor.py:925} INFO - DAG(s) 'example_params_ui_tutorial' retrieved from /home/airflow/.local/lib/python3.12/site-packages/airflow/example_dags/example_params_ui_tutorial.py
[2026-09-17T19:54:34.212+0000] {logging_mixin.py:190} INFO - [2026-09-17T19:54:34.212+0000] {dag.py:3239} INFO - Sync 1 DAGs
[2026-09-17T19:54:34.227+0000] {logging_mixin.py:190} INFO - [2026-09-17T19:54:34.227+0000] {dag.py:4180} INFO - Setting next_dagrun for example_params_ui_tutorial to None, run_after=None
[2026-09-17T19:54:34.250+0000] {processor.py:208} INFO - Processing /home/airflow/.local/lib/python3.12/site-packages/airflow/example_dags/example_params_ui_tutorial.py took 0.101 seconds
[2026-09-17T19:55:05.016+0000] {processor.py:186} INFO - Started process (PID=919) to work on /home/airflow/.local/lib/python3.12/site-packages/airflow/example_dags/example_params_ui_tutorial.py
[2026-09-17T19:55:05.018+0000] {processor.py:914} INFO - Processing file /home/airflow/.local/lib/python3.12/site-packages/airflow/example_dags/example_params_ui_tutorial.py for tasks to queue
[2026-09-17T19:55:05.020+0000] {logging_mixin.py:190} INFO - [2026-09-17T19:55:05.020+0000] {dagbag.py:588} INFO - Filling up the DagBag from /home/airflow/.local/lib/python3.12/site-packages/airflow/example_dags/example_params_ui_tutorial.py
[2026-09-17T19:55:05.031+0000] {processor.py:925} INFO - DAG(s) 'example_params_ui_tutorial' retrieved from /home/airflow/.local/lib/python3.12/site-packages/airflow/example_dags/example_params_ui_tutorial.py
[2026-09-17T19:55:05.073+0000] {logging_mixin.py:190} INFO - [2026-09-17T19:55:05.072+0000] {dag.py:3239} INFO - Sync 1 DAGs
[2026-09-17T19:55:05.088+0000] {logging_mixin.py:190} INFO - [2026-09-17T19:55:05.087+0000] {dag.py:4180} INFO - Setting next_dagrun for example_params_ui_tutorial to None, run_after=None
[2026-09-17T19:55:05.111+0000] {processor.py:208} INFO - Processing /home/airflow/.local/lib/python3.12/site-packages/airflow/example_dags/example_params_ui_tutorial.py took 0.102 seconds
[2026-09-17T19:55:36.226+0000] {processor.py:186} INFO - Started process (PID=984) to work on /home/airflow/.local/lib/python3.12/site-packages/airflow/example_dags/example_params_ui_tutorial.py
[2026-09-17T19:55:36.227+0000] {processor.py:914} INFO - Processing file /home/airflow/.local/lib/python3.12/site-packages/airflow/example_dags/example_params_ui_tutorial.py for tasks to queue
[2026-09-17T19:55:36.229+0000] {logging_mixin.py:190} INFO - [2026-09-17T19:55:36.229+0000] {dagbag.py:588} INFO - Filling up the DagBag from /home/airflow/.local/lib/python3.12/site-packages/airflow/example_dags/example_params_ui_tutorial.py
[2026-09-17T19:55:36.238+0000] {processor.py:925} INFO - DAG(s) 'example_params_ui_tutorial' retrieved from /home/airflow/.local/lib/python3.12/site-packages/airflow/example_dags/example_params_ui_tutorial.py
[2026-09-17T19:55:36.281+0000] {logging_mixin.py:190} INFO - [2026-09-17T19:55:36.281+0000] {dag.py:3239} INFO - Sync 1 DAGs
[2026-09-17T19:55:36.297+0000] {logging_mixin.py:190} INFO - [2026-09-17T19:55:36.297+0000] {dag.py:4180} INFO - Setting next_dagrun for example_params_ui_tutorial to None, run_after=None
[2026-09-17T19:55:36.322+0000] {processor.py:208} INFO - Processing /home/airflow/.local/lib/python3.12/site-packages/airflow/example_dags/example_params_ui_tutorial.py took 0.102 seconds
[2026-09-17T19:56:07.999+0000] {processor.py:186} INFO - Started process (PID=1049) to work on /home/airflow/.local/lib/python3.12/site-packages/airflow/example_dags/example_params_ui_tutorial.py
[2026-09-17T19:56:08.002+0000] {processor.py:914} INFO - Processing file /home/airflow/.local/lib/python3.12/site-packages/airflow/example_dags/example_params_ui_tutorial.py for tasks to queue
[2026-09-17T19:56:08.005+0000] {logging_mixin.py:190} INFO - [2026-09-17T19:56:08.005+0000] {dagbag.py:588} INFO - Filling up the DagBag from /home/airflow/.local/lib/python3.12/site-packages/airflow/example_dags/example_params_ui_tutorial.py
[2026-09-17T19:56:08.022+0000] {processor.py:925} INFO - DAG(s) 'example_params_ui_tutorial' retrieved from /home/airflow/.local/lib/python3.12/site-packages/airflow/example_dags/example_params_ui_tutorial.py
[2026-09-17T19:56:08.083+0000] {logging_mixin.py:190} INFO - [2026-09-17T19:56:08.083+0000] {dag.py:3239} INFO - Sync 1 DAGs
[2026-09-17T19:56:08.102+0000] {logging_mixin.py:190} INFO - [2026-09-17T19:56:08.102+0000] {dag.py:4180} INFO - Setting next_dagrun for example_params_ui_tutorial to None, run_after=None
[2026-09-17T19:56:08.128+0000] {processor.py:208} INFO - Processing /home/airflow/.local/lib/python3.12/site-packages/airflow/example_dags/example_params_ui_tutorial.py took 0.137 seconds
[2026-09-17T19:56:39.223+0000] {processor.py:186} INFO - Started process (PID=1113) to work on /home/airflow/.local/lib/python3.12/site-packages/airflow/example_dags/example_params_ui_tutorial.py
[2026-09-17T19:56:39.227+0000] {processor.py:914} INFO - Processing file /home/airflow/.local/lib/python3.12/site-packages/airflow/example_dags/example_params_ui_tutorial.py for tasks to queue
[2026-09-17T19:56:39.231+0000] {logging_mixin.py:190} INFO - [2026-09-17T19:56:39.230+0000] {dagbag.py:588} INFO - Filling up the DagBag from /home/airflow/.local/lib/python3.12/site-packages/airflow/example_dags/example_params_ui_tutorial.py
[2026-09-17T19:56:39.249+0000] {processor.py:925} INFO - DAG(s) 'example_params_ui_tutorial' retrieved from /home/airflow/.local/lib/python3.12/site-packages/airflow/example_dags/example_params_ui_tutorial.py
[2026-09-17T19:56:39.308+0000] {logging_mixin.py:190} INFO - [2026-09-17T19:56:39.308+0000] {dag.py:3239} INFO - Sync 1 DAGs
[2026-09-17T19:56:39.324+0000] {logging_mixin.py:190} INFO - [2026-09-17T19:56:39.323+0000] {dag.py:4180} INFO - Setting next_dagrun for example_params_ui_tutorial to None, run_after=None
[2026-09-17T19:56:39.348+0000] {processor.py:208} INFO - Processing /home/airflow/.local/lib/python3.12/site-packages/airflow/example_dags/example_params_ui_tutorial.py took 0.135 seconds
[2026-09-17T19:57:10.306+0000] {processor.py:186} INFO - Started process (PID=1171) to work on /home/airflow/.local/lib/python3.12/site-packages/airflow/example_dags/example_params_ui_tutorial.py
[2026-09-17T19:57:10.308+0000] {processor.py:914} INFO - Processing file /home/airflow/.local/lib/python3.12/site-packages/airflow/example_dags/example_params_ui_tutorial.py for tasks to queue
[2026-09-17T19:57:10.310+0000] {logging_mixin.py:190} INFO - [2026-09-17T19:57:10.310+0000] {dagbag.py:588} INFO - Filling up the DagBag from /home/airflow/.local/lib/python3.12/site-packages/airflow/example_dags/example_params_ui_tutorial.py
[2026-09-17T19:57:10.322+0000] {processor.py:925} INFO - DAG(s) 'example_params_ui_tutorial' retrieved from /home/airflow/.local/lib/python3.12/site-packages/airflow/example_dags/example_params_ui_tutorial.py
[2026-09-17T19:57:10.368+0000] {logging_mixin.py:190} INFO - [2026-09-17T19:57:10.367+0000] {dag.py:3239} INFO - Sync 1 DAGs
[2026-09-17T19:57:10.384+0000] {logging_mixin.py:190} INFO - [2026-09-17T19:57:10.383+0000] {dag.py:4180} INFO - Setting next_dagrun for example_params_ui_tutorial to None, run_after=None
[2026-09-17T19:57:10.406+0000] {processor.py:208} INFO - Processing /home/airflow/.local/lib/python3.12/site-packages/airflow/example_dags/example_params_ui_tutorial.py took 0.107 seconds
[2026-09-17T19:57:42.021+0000] {processor.py:186} INFO - Started process (PID=1236) to work on /home/airflow/.local/lib/python3.12/site-packages/airflow/example_dags/example_params_ui_tutorial.py
[2026-09-17T19:57:42.023+0000] {processor.py:914} INFO - Processing file /home/airflow/.local/lib/python3.12/site-packages/airflow/example_dags/example_params_ui_tutorial.py for tasks to queue
[2026-09-17T19:57:42.025+0000] {logging_mixin.py:190} INFO - [2026-09-17T19:57:42.025+0000] {dagbag.py:588} INFO - Filling up the DagBag from /home/airflow/.local/lib/python3.12/site-packages/airflow/example_dags/example_params_ui_tutorial.py
[2026-09-17T19:57:42.037+0000] {processor.py:925} INFO - DAG(s) 'example_params_ui_tutorial' retrieved from /home/airflow/.local/lib/python3.12/site-packages/airflow/example_dags/example_params_ui_tutorial.py
[2026-09-17T19:57:42.080+0000] {logging_mixin.py:190} INFO - [2026-09-17T19:57:42.079+0000] {dag.py:3239} INFO - Sync 1 DAGs
[2026-09-17T19:57:42.095+0000] {logging_mixin.py:190} INFO - [2026-09-17T19:57:42.094+0000] {dag.py:4180} INFO - Setting next_dagrun for example_params_ui_tutorial to None, run_after=None
[2026-09-17T19:57:42.121+0000] {processor.py:208} INFO - Processing /home/airflow/.local/lib/python3.12/site-packages/airflow/example_dags/example_params_ui_tutorial.py took 0.107 seconds
[2026-09-17T19:58:13.742+0000] {processor.py:186} INFO - Started process (PID=1301) to work on /home/airflow/.local/lib/python3.12/site-packages/airflow/example_dags/example_params_ui_tutorial.py
[2026-09-17T19:58:13.744+0000] {processor.py:914} INFO - Processing file /home/airflow/.local/lib/python3.12/site-packages/airflow/example_dags/example_params_ui_tutorial.py for tasks to queue
[2026-09-17T19:58:13.746+0000] {logging_mixin.py:190} INFO - [2026-09-17T19:58:13.746+0000] {dagbag.py:588} INFO - Filling up the DagBag from /home/airflow/.local/lib/python3.12/site-packages/airflow/example_dags/example_params_ui_tutorial.py
[2026-09-17T19:58:13.756+0000] {processor.py:925} INFO - DAG(s) 'example_params_ui_tutorial' retrieved from /home/airflow/.local/lib/python3.12/site-packages/airflow/example_dags/example_params_ui_tutorial.py
[2026-09-17T19:58:13.802+0000] {logging_mixin.py:190} INFO - [2026-09-17T19:58:13.801+0000] {dag.py:3239} INFO - Sync 1 DAGs
[2026-09-17T19:58:13.828+0000] {logging_mixin.py:190} INFO - [2026-09-17T19:58:13.828+0000] {dag.py:4180} INFO - Setting next_dagrun for example_params_ui_tutorial to None, run_after=None
[2026-09-17T19:58:13.854+0000] {processor.py:208} INFO - Processing /home/airflow/.local/lib/python3.12/site-packages/airflow/example_dags/example_params_ui_tutorial.py took 0.118 seconds
[2026-09-17T19:58:44.944+0000] {processor.py:186} INFO - Started process (PID=1366) to work on /home/airflow/.local/lib/python3.12/site-packages/airflow/example_dags/example_params_ui_tutorial.py
[2026-09-17T19:58:44.945+0000] {processor.py:914} INFO - Processing file /home/airflow/.local/lib/python3.12/site-packages/airflow/example_dags/example_params_ui_tutorial.py for tasks to queue
[2026-09-17T19:58:44.947+0000] {logging_mixin.py:190} INFO - [2026-09-17T19:58:44.947+0000] {dagbag.py:588} INFO - Filling up the DagBag from /home/airflow/.local/lib/python3.12/site-packages/airflow/example_dags/example_params_ui_tutorial.py
[2026-09-17T19:58:44.958+0000] {processor.py:925} INFO - DAG(s) 'example_params_ui_tutorial' retrieved from /home/airflow/.local/lib/python3.12/site-packages/airflow/example_dags/example_params_ui_tutorial.py
[2026-09-17T19:58:45.004+0000] {logging_mixin.py:190} INFO - [2026-09-17T19:58:45.004+0000] {dag.py:3239} INFO - Sync 1 DAGs
[2026-09-17T19:58:45.020+0000] {logging_mixin.py:190} INFO - [2026-09-17T19:58:45.020+0000] {dag.py:4180} INFO - Setting next_dagrun for example_params_ui_tutorial to None, run_after=None
[2026-09-17T19:58:45.042+0000] {processor.py:208} INFO - Processing /home/airflow/.local/lib/python3.12/site-packages/airflow/example_dags/example_params_ui_tutorial.py took 0.105 seconds
[2026-09-17T19:59:16.315+0000] {processor.py:186} INFO - Started process (PID=1431) to work on /home/airflow/.local/lib/python3.12/site-packages/airflow/example_dags/example_params_ui_tutorial.py
[2026-09-17T19:59:16.317+0000] {processor.py:914} INFO - Processing file /home/airflow/.local/lib/python3.12/site-packages/airflow/example_dags/example_params_ui_tutorial.py for tasks to queue
[2026-09-17T19:59:16.319+0000] {logging_mixin.py:190} INFO - [2026-09-17T19:59:16.319+0000] {dagbag.py:588} INFO - Filling up the DagBag from /home/airflow/.local/lib/python3.12/site-packages/airflow/example_dags/example_params_ui_tutorial.py
[2026-09-17T19:59:16.330+0000] {processor.py:925} INFO - DAG(s) 'example_params_ui_tutorial' retrieved from /home/airflow/.local/lib/python3.12/site-packages/airflow/example_dags/example_params_ui_tutorial.py
[2026-09-17T19:59:16.380+0000] {logging_mixin.py:190} INFO - [2026-09-17T19:59:16.380+0000] {dag.py:3239} INFO - Sync 1 DAGs
[2026-09-17T19:59:16.399+0000] {logging_mixin.py:190} INFO - [2026-09-17T19:59:16.398+0000] {dag.py:4180} INFO - Setting next_dagrun for example_params_ui_tutorial to None, run_after=None
[2026-09-17T19:59:16.425+0000] {processor.py:208} INFO - Processing /home/airflow/.local/lib/python3.12/site-packages/airflow/example_dags/example_params_ui_tutorial.py took 0.117 seconds
[2026-09-17T19:59:47.441+0000] {processor.py:186} INFO - Started process (PID=1496) to work on /home/airflow/.local/lib/python3.12/site-packages/airflow/example_dags/example_params_ui_tutorial.py
[2026-09-17T19:59:47.443+0000] {processor.py:914} INFO - Processing file /home/airflow/.local/lib/python3.12/site-packages/airflow/example_dags/example_params_ui_tutorial.py for tasks to queue
[2026-09-17T19:59:47.445+0000] {logging_mixin.py:190} INFO - [2026-09-17T19:59:47.445+0000] {dagbag.py:588} INFO - Filling up the DagBag from /home/airflow/.local/lib/python3.12/site-packages/airflow/example_dags/example_params_ui_tutorial.py
[2026-09-17T19:59:47.460+0000] {processor.py:925} INFO - DAG(s) 'example_params_ui_tutorial' retrieved from /home/airflow/.local/lib/python3.12/site-packages/airflow/example_dags/example_params_ui_tutorial.py
[2026-09-17T19:59:47.506+0000] {logging_mixin.py:190} INFO - [2026-09-17T19:59:47.506+0000] {dag.py:3239} INFO - Sync 1 DAGs
[2026-09-17T19:59:47.520+0000] {logging_mixin.py:190} INFO - [2026-09-17T19:59:47.520+0000] {dag.py:4180} INFO - Setting next_dagrun for example_params_ui_tutorial to None, run_after=None
[2026-09-17T19:59:47.542+0000] {processor.py:208} INFO - Processing /home/airflow/.local/lib/python3.12/site-packages/airflow/example_dags/example_params_ui_tutorial.py took 0.107 seconds
[2026-09-17T20:00:19.174+0000] {processor.py:186} INFO - Started process (PID=1561) to work on /home/airflow/.local/lib/python3.12/site-packages/airflow/example_dags/example_params_ui_tutorial.py
[2026-09-17T20:00:19.176+0000] {processor.py:914} INFO - Processing file /home/airflow/.local/lib/python3.12/site-packages/airflow/example_dags/example_params_ui_tutorial.py for tasks to queue
[2026-09-17T20:00:19.179+0000] {logging_mixin.py:190} INFO - [2026-09-17T20:00:19.178+0000] {dagbag.py:588} INFO - Filling up the DagBag from /home/airflow/.local/lib/python3.12/site-packages/airflow/example_dags/example_params_ui_tutorial.py
[2026-09-17T20:00:19.190+0000] {processor.py:925} INFO - DAG(s) 'example_params_ui_tutorial' retrieved from /home/airflow/.local/lib/python3.12/site-packages/airflow/example_dags/example_params_ui_tutorial.py
[2026-09-17T20:00:19.237+0000] {logging_mixin.py:190} INFO - [2026-09-17T20:00:19.237+0000] {dag.py:3239} INFO - Sync 1 DAGs
[2026-09-17T20:00:19.254+0000] {logging_mixin.py:190} INFO - [2026-09-17T20:00:19.253+0000] {dag.py:4180} INFO - Setting next_dagrun for example_params_ui_tutorial to None, run_after=None
[2026-09-17T20:00:19.278+0000] {processor.py:208} INFO - Processing /home/airflow/.local/lib/python3.12/site-packages/airflow/example_dags/example_params_ui_tutorial.py took 0.111 seconds
[2026-09-17T20:00:50.623+0000] {processor.py:186} INFO - Started process (PID=1626) to work on /home/airflow/.local/lib/python3.12/site-packages/airflow/example_dags/example_params_ui_tutorial.py
[2026-09-17T20:00:50.625+0000] {processor.py:914} INFO - Processing file /home/airflow/.local/lib/python3.12/site-packages/airflow/example_dags/example_params_ui_tutorial.py for tasks to queue
[2026-09-17T20:00:50.628+0000] {logging_mixin.py:190} INFO - [2026-09-17T20:00:50.627+0000] {dagbag.py:588} INFO - Filling up the DagBag from /home/airflow/.local/lib/python3.12/site-packages/airflow/example_dags/example_params_ui_tutorial.py
[2026-09-17T20:00:50.637+0000] {processor.py:925} INFO - DAG(s) 'example_params_ui_tutorial' retrieved from /home/airflow/.local/lib/python3.12/site-packages/airflow/example_dags/example_params_ui_tutorial.py
[2026-09-17T20:00:50.682+0000] {logging_mixin.py:190} INFO - [2026-09-17T20:00:50.681+0000] {dag.py:3239} INFO - Sync 1 DAGs
[2026-09-17T20:00:50.695+0000] {logging_mixin.py:190} INFO - [2026-09-17T20:00:50.695+0000] {dag.py:4180} INFO - Setting next_dagrun for example_params_ui_tutorial to None, run_after=None
[2026-09-17T20:00:50.717+0000] {processor.py:208} INFO - Processing /home/airflow/.local/lib/python3.12/site-packages/airflow/example_dags/example_params_ui_tutorial.py took 0.101 seconds
[2026-09-17T20:01:21.831+0000] {processor.py:186} INFO - Started process (PID=1691) to work on /home/airflow/.local/lib/python3.12/site-packages/airflow/example_dags/example_params_ui_tutorial.py
[2026-09-17T20:01:21.833+0000] {processor.py:914} INFO - Processing file /home/airflow/.local/lib/python3.12/site-packages/airflow/example_dags/example_params_ui_tutorial.py for tasks to queue
[2026-09-17T20:01:21.835+0000] {logging_mixin.py:190} INFO - [2026-09-17T20:01:21.835+0000] {dagbag.py:588} INFO - Filling up the DagBag from /home/airflow/.local/lib/python3.12/site-packages/airflow/example_dags/example_params_ui_tutorial.py
[2026-09-17T20:01:21.846+0000] {processor.py:925} INFO - DAG(s) 'example_params_ui_tutorial' retrieved from /home/airflow/.local/lib/python3.12/site-packages/airflow/example_dags/example_params_ui_tutorial.py
[2026-09-17T20:01:21.904+0000] {logging_mixin.py:190} INFO - [2026-09-17T20:01:21.904+0000] {dag.py:3239} INFO - Sync 1 DAGs
[2026-09-17T20:01:21.927+0000] {logging_mixin.py:190} INFO - [2026-09-17T20:01:21.926+0000] {dag.py:4180} INFO - Setting next_dagrun for example_params_ui_tutorial to None, run_after=None
[2026-09-17T20:01:21.957+0000] {processor.py:208} INFO - Processing /home/airflow/.local/lib/python3.12/site-packages/airflow/example_dags/example_params_ui_tutorial.py took 0.132 seconds
[2026-09-17T20:01:53.072+0000] {processor.py:186} INFO - Started process (PID=1756) to work on /home/airflow/.local/lib/python3.12/site-packages/airflow/example_dags/example_params_ui_tutorial.py
[2026-09-17T20:01:53.073+0000] {processor.py:914} INFO - Processing file /home/airflow/.local/lib/python3.12/site-packages/airflow/example_dags/example_params_ui_tutorial.py for tasks to queue
[2026-09-17T20:01:53.075+0000] {logging_mixin.py:190} INFO - [2026-09-17T20:01:53.075+0000] {dagbag.py:588} INFO - Filling up the DagBag from /home/airflow/.local/lib/python3.12/site-packages/airflow/example_dags/example_params_ui_tutorial.py
[2026-09-17T20:01:53.085+0000] {processor.py:925} INFO - DAG(s) 'example_params_ui_tutorial' retrieved from /home/airflow/.local/lib/python3.12/site-packages/airflow/example_dags/example_params_ui_tutorial.py
[2026-09-17T20:01:53.128+0000] {logging_mixin.py:190} INFO - [2026-09-17T20:01:53.128+0000] {dag.py:3239} INFO - Sync 1 DAGs
[2026-09-17T20:01:53.143+0000] {logging_mixin.py:190} INFO - [2026-09-17T20:01:53.142+0000] {dag.py:4180} INFO - Setting next_dagrun for example_params_ui_tutorial to None, run_after=None
[2026-09-17T20:01:53.167+0000] {processor.py:208} INFO - Processing /home/airflow/.local/lib/python3.12/site-packages/airflow/example_dags/example_params_ui_tutorial.py took 0.101 seconds
[2026-09-17T20:02:24.410+0000] {processor.py:186} INFO - Started process (PID=1821) to work on /home/airflow/.local/lib/python3.12/site-packages/airflow/example_dags/example_params_ui_tutorial.py
[2026-09-17T20:02:24.412+0000] {processor.py:914} INFO - Processing file /home/airflow/.local/lib/python3.12/site-packages/airflow/example_dags/example_params_ui_tutorial.py for tasks to queue
[2026-09-17T20:02:24.414+0000] {logging_mixin.py:190} INFO - [2026-09-17T20:02:24.413+0000] {dagbag.py:588} INFO - Filling up the DagBag from /home/airflow/.local/lib/python3.12/site-packages/airflow/example_dags/example_params_ui_tutorial.py
[2026-09-17T20:02:24.424+0000] {processor.py:925} INFO - DAG(s) 'example_params_ui_tutorial' retrieved from /home/airflow/.local/lib/python3.12/site-packages/airflow/example_dags/example_params_ui_tutorial.py
[2026-09-17T20:02:24.470+0000] {logging_mixin.py:190} INFO - [2026-09-17T20:02:24.469+0000] {dag.py:3239} INFO - Sync 1 DAGs
[2026-09-17T20:02:24.484+0000] {logging_mixin.py:190} INFO - [2026-09-17T20:02:24.484+0000] {dag.py:4180} INFO - Setting next_dagrun for example_params_ui_tutorial to None, run_after=None
[2026-09-17T20:02:24.507+0000] {processor.py:208} INFO - Processing /home/airflow/.local/lib/python3.12/site-packages/airflow/example_dags/example_params_ui_tutorial.py took 0.103 seconds
[2026-09-17T20:09:44.809+0000] {processor.py:186} INFO - Started process (PID=83) to work on /home/airflow/.local/lib/python3.12/site-packages/airflow/example_dags/example_params_ui_tutorial.py
[2026-09-17T20:09:44.811+0000] {processor.py:914} INFO - Processing file /home/airflow/.local/lib/python3.12/site-packages/airflow/example_dags/example_params_ui_tutorial.py for tasks to queue
[2026-09-17T20:09:44.814+0000] {logging_mixin.py:190} INFO - [2026-09-17T20:09:44.814+0000] {dagbag.py:588} INFO - Filling up the DagBag from /home/airflow/.local/lib/python3.12/site-packages/airflow/example_dags/example_params_ui_tutorial.py
[2026-09-17T20:09:44.830+0000] {processor.py:925} INFO - DAG(s) 'example_params_ui_tutorial' retrieved from /home/airflow/.local/lib/python3.12/site-packages/airflow/example_dags/example_params_ui_tutorial.py
[2026-09-17T20:09:45.024+0000] {logging_mixin.py:190} INFO - [2026-09-17T20:09:45.022+0000] {override.py:1911} INFO - Created Permission View: can edit on DAG:example_params_ui_tutorial
[2026-09-17T20:09:45.044+0000] {logging_mixin.py:190} INFO - [2026-09-17T20:09:45.044+0000] {override.py:1911} INFO - Created Permission View: can read on DAG:example_params_ui_tutorial
[2026-09-17T20:09:45.059+0000] {logging_mixin.py:190} INFO - [2026-09-17T20:09:45.059+0000] {override.py:1911} INFO - Created Permission View: can delete on DAG:example_params_ui_tutorial
[2026-09-17T20:09:45.078+0000] {logging_mixin.py:190} INFO - [2026-09-17T20:09:45.077+0000] {override.py:1911} INFO - Created Permission View: can create on DAG Run:example_params_ui_tutorial
[2026-09-17T20:09:45.092+0000] {logging_mixin.py:190} INFO - [2026-09-17T20:09:45.092+0000] {override.py:1911} INFO - Created Permission View: menu access on DAG Run:example_params_ui_tutorial
[2026-09-17T20:09:45.106+0000] {logging_mixin.py:190} INFO - [2026-09-17T20:09:45.105+0000] {override.py:1911} INFO - Created Permission View: can read on DAG Run:example_params_ui_tutorial
[2026-09-17T20:09:45.119+0000] {logging_mixin.py:190} INFO - [2026-09-17T20:09:45.119+0000] {override.py:1911} INFO - Created Permission View: can delete on DAG Run:example_params_ui_tutorial
[2026-09-17T20:09:45.121+0000] {logging_mixin.py:190} INFO - [2026-09-17T20:09:45.121+0000] {dag.py:3239} INFO - Sync 1 DAGs
[2026-09-17T20:09:45.139+0000] {logging_mixin.py:190} INFO - [2026-09-17T20:09:45.138+0000] {dag.py:3262} INFO - Creating ORM DAG for example_params_ui_tutorial
[2026-09-17T20:09:45.141+0000] {logging_mixin.py:190} INFO - [2026-09-17T20:09:45.140+0000] {dag.py:4180} INFO - Setting next_dagrun for example_params_ui_tutorial to None, run_after=None
[2026-09-17T20:09:45.170+0000] {processor.py:208} INFO - Processing /home/airflow/.local/lib/python3.12/site-packages/airflow/example_dags/example_params_ui_tutorial.py took 0.369 seconds
[2026-09-17T20:10:16.023+0000] {processor.py:186} INFO - Started process (PID=148) to work on /home/airflow/.local/lib/python3.12/site-packages/airflow/example_dags/example_params_ui_tutorial.py
[2026-09-17T20:10:16.025+0000] {processor.py:914} INFO - Processing file /home/airflow/.local/lib/python3.12/site-packages/airflow/example_dags/example_params_ui_tutorial.py for tasks to queue
[2026-09-17T20:10:16.028+0000] {logging_mixin.py:190} INFO - [2026-09-17T20:10:16.027+0000] {dagbag.py:588} INFO - Filling up the DagBag from /home/airflow/.local/lib/python3.12/site-packages/airflow/example_dags/example_params_ui_tutorial.py
[2026-09-17T20:10:16.041+0000] {processor.py:925} INFO - DAG(s) 'example_params_ui_tutorial' retrieved from /home/airflow/.local/lib/python3.12/site-packages/airflow/example_dags/example_params_ui_tutorial.py
[2026-09-17T20:10:16.090+0000] {logging_mixin.py:190} INFO - [2026-09-17T20:10:16.090+0000] {dag.py:3239} INFO - Sync 1 DAGs
[2026-09-17T20:10:16.105+0000] {logging_mixin.py:190} INFO - [2026-09-17T20:10:16.105+0000] {dag.py:4180} INFO - Setting next_dagrun for example_params_ui_tutorial to None, run_after=None
[2026-09-17T20:10:16.130+0000] {processor.py:208} INFO - Processing /home/airflow/.local/lib/python3.12/site-packages/airflow/example_dags/example_params_ui_tutorial.py took 0.114 seconds
[2026-09-17T20:10:46.411+0000] {processor.py:186} INFO - Started process (PID=213) to work on /home/airflow/.local/lib/python3.12/site-packages/airflow/example_dags/example_params_ui_tutorial.py
[2026-09-17T20:10:46.413+0000] {processor.py:914} INFO - Processing file /home/airflow/.local/lib/python3.12/site-packages/airflow/example_dags/example_params_ui_tutorial.py for tasks to queue
[2026-09-17T20:10:46.415+0000] {logging_mixin.py:190} INFO - [2026-09-17T20:10:46.415+0000] {dagbag.py:588} INFO - Filling up the DagBag from /home/airflow/.local/lib/python3.12/site-packages/airflow/example_dags/example_params_ui_tutorial.py
[2026-09-17T20:10:46.425+0000] {processor.py:925} INFO - DAG(s) 'example_params_ui_tutorial' retrieved from /home/airflow/.local/lib/python3.12/site-packages/airflow/example_dags/example_params_ui_tutorial.py
[2026-09-17T20:10:46.470+0000] {logging_mixin.py:190} INFO - [2026-09-17T20:10:46.469+0000] {dag.py:3239} INFO - Sync 1 DAGs
[2026-09-17T20:10:46.484+0000] {logging_mixin.py:190} INFO - [2026-09-17T20:10:46.484+0000] {dag.py:4180} INFO - Setting next_dagrun for example_params_ui_tutorial to None, run_after=None
[2026-09-17T20:10:46.507+0000] {processor.py:208} INFO - Processing /home/airflow/.local/lib/python3.12/site-packages/airflow/example_dags/example_params_ui_tutorial.py took 0.102 seconds
[2026-09-17T20:11:17.302+0000] {processor.py:186} INFO - Started process (PID=278) to work on /home/airflow/.local/lib/python3.12/site-packages/airflow/example_dags/example_params_ui_tutorial.py
[2026-09-17T20:11:17.305+0000] {processor.py:914} INFO - Processing file /home/airflow/.local/lib/python3.12/site-packages/airflow/example_dags/example_params_ui_tutorial.py for tasks to queue
[2026-09-17T20:11:17.308+0000] {logging_mixin.py:190} INFO - [2026-09-17T20:11:17.308+0000] {dagbag.py:588} INFO - Filling up the DagBag from /home/airflow/.local/lib/python3.12/site-packages/airflow/example_dags/example_params_ui_tutorial.py
[2026-09-17T20:11:17.322+0000] {processor.py:925} INFO - DAG(s) 'example_params_ui_tutorial' retrieved from /home/airflow/.local/lib/python3.12/site-packages/airflow/example_dags/example_params_ui_tutorial.py
[2026-09-17T20:11:17.389+0000] {logging_mixin.py:190} INFO - [2026-09-17T20:11:17.388+0000] {dag.py:3239} INFO - Sync 1 DAGs
[2026-09-17T20:11:17.408+0000] {logging_mixin.py:190} INFO - [2026-09-17T20:11:17.408+0000] {dag.py:4180} INFO - Setting next_dagrun for example_params_ui_tutorial to None, run_after=None
[2026-09-17T20:11:17.441+0000] {processor.py:208} INFO - Processing /home/airflow/.local/lib/python3.12/site-packages/airflow/example_dags/example_params_ui_tutorial.py took 0.168 seconds
[2026-09-17T20:11:47.528+0000] {processor.py:186} INFO - Started process (PID=340) to work on /home/airflow/.local/lib/python3.12/site-packages/airflow/example_dags/example_params_ui_tutorial.py
[2026-09-17T20:11:47.531+0000] {processor.py:914} INFO - Processing file /home/airflow/.local/lib/python3.12/site-packages/airflow/example_dags/example_params_ui_tutorial.py for tasks to queue
[2026-09-17T20:11:47.534+0000] {logging_mixin.py:190} INFO - [2026-09-17T20:11:47.534+0000] {dagbag.py:588} INFO - Filling up the DagBag from /home/airflow/.local/lib/python3.12/site-packages/airflow/example_dags/example_params_ui_tutorial.py
[2026-09-17T20:11:47.556+0000] {processor.py:925} INFO - DAG(s) 'example_params_ui_tutorial' retrieved from /home/airflow/.local/lib/python3.12/site-packages/airflow/example_dags/example_params_ui_tutorial.py
[2026-09-17T20:11:47.628+0000] {logging_mixin.py:190} INFO - [2026-09-17T20:11:47.627+0000] {dag.py:3239} INFO - Sync 1 DAGs
[2026-09-17T20:11:47.653+0000] {logging_mixin.py:190} INFO - [2026-09-17T20:11:47.652+0000] {dag.py:4180} INFO - Setting next_dagrun for example_params_ui_tutorial to None, run_after=None
[2026-09-17T20:11:47.686+0000] {processor.py:208} INFO - Processing /home/airflow/.local/lib/python3.12/site-packages/airflow/example_dags/example_params_ui_tutorial.py took 0.171 seconds
[2026-09-17T20:12:17.759+0000] {processor.py:186} INFO - Started process (PID=399) to work on /home/airflow/.local/lib/python3.12/site-packages/airflow/example_dags/example_params_ui_tutorial.py
[2026-09-17T20:12:17.761+0000] {processor.py:914} INFO - Processing file /home/airflow/.local/lib/python3.12/site-packages/airflow/example_dags/example_params_ui_tutorial.py for tasks to queue
[2026-09-17T20:12:17.763+0000] {logging_mixin.py:190} INFO - [2026-09-17T20:12:17.763+0000] {dagbag.py:588} INFO - Filling up the DagBag from /home/airflow/.local/lib/python3.12/site-packages/airflow/example_dags/example_params_ui_tutorial.py
[2026-09-17T20:12:17.775+0000] {processor.py:925} INFO - DAG(s) 'example_params_ui_tutorial' retrieved from /home/airflow/.local/lib/python3.12/site-packages/airflow/example_dags/example_params_ui_tutorial.py
[2026-09-17T20:12:17.821+0000] {logging_mixin.py:190} INFO - [2026-09-17T20:12:17.820+0000] {dag.py:3239} INFO - Sync 1 DAGs
[2026-09-17T20:12:17.836+0000] {logging_mixin.py:190} INFO - [2026-09-17T20:12:17.836+0000] {dag.py:4180} INFO - Setting next_dagrun for example_params_ui_tutorial to None, run_after=None
[2026-09-17T20:12:17.861+0000] {processor.py:208} INFO - Processing /home/airflow/.local/lib/python3.12/site-packages/airflow/example_dags/example_params_ui_tutorial.py took 0.108 seconds
[2026-09-17T20:12:48.434+0000] {processor.py:186} INFO - Started process (PID=464) to work on /home/airflow/.local/lib/python3.12/site-packages/airflow/example_dags/example_params_ui_tutorial.py
[2026-09-17T20:12:48.436+0000] {processor.py:914} INFO - Processing file /home/airflow/.local/lib/python3.12/site-packages/airflow/example_dags/example_params_ui_tutorial.py for tasks to queue
[2026-09-17T20:12:48.439+0000] {logging_mixin.py:190} INFO - [2026-09-17T20:12:48.439+0000] {dagbag.py:588} INFO - Filling up the DagBag from /home/airflow/.local/lib/python3.12/site-packages/airflow/example_dags/example_params_ui_tutorial.py
[2026-09-17T20:12:48.449+0000] {processor.py:925} INFO - DAG(s) 'example_params_ui_tutorial' retrieved from /home/airflow/.local/lib/python3.12/site-packages/airflow/example_dags/example_params_ui_tutorial.py
[2026-09-17T20:12:48.493+0000] {logging_mixin.py:190} INFO - [2026-09-17T20:12:48.492+0000] {dag.py:3239} INFO - Sync 1 DAGs
[2026-09-17T20:12:48.508+0000] {logging_mixin.py:190} INFO - [2026-09-17T20:12:48.508+0000] {dag.py:4180} INFO - Setting next_dagrun for example_params_ui_tutorial to None, run_after=None
[2026-09-17T20:12:48.528+0000] {processor.py:208} INFO - Processing /home/airflow/.local/lib/python3.12/site-packages/airflow/example_dags/example_params_ui_tutorial.py took 0.100 seconds
[2026-09-17T20:13:18.699+0000] {processor.py:186} INFO - Started process (PID=529) to work on /home/airflow/.local/lib/python3.12/site-packages/airflow/example_dags/example_params_ui_tutorial.py
[2026-09-17T20:13:18.701+0000] {processor.py:914} INFO - Processing file /home/airflow/.local/lib/python3.12/site-packages/airflow/example_dags/example_params_ui_tutorial.py for tasks to queue
[2026-09-17T20:13:18.703+0000] {logging_mixin.py:190} INFO - [2026-09-17T20:13:18.703+0000] {dagbag.py:588} INFO - Filling up the DagBag from /home/airflow/.local/lib/python3.12/site-packages/airflow/example_dags/example_params_ui_tutorial.py
[2026-09-17T20:13:18.713+0000] {processor.py:925} INFO - DAG(s) 'example_params_ui_tutorial' retrieved from /home/airflow/.local/lib/python3.12/site-packages/airflow/example_dags/example_params_ui_tutorial.py
[2026-09-17T20:13:18.757+0000] {logging_mixin.py:190} INFO - [2026-09-17T20:13:18.757+0000] {dag.py:3239} INFO - Sync 1 DAGs
[2026-09-17T20:13:18.773+0000] {logging_mixin.py:190} INFO - [2026-09-17T20:13:18.773+0000] {dag.py:4180} INFO - Setting next_dagrun for example_params_ui_tutorial to None, run_after=None
[2026-09-17T20:13:18.796+0000] {processor.py:208} INFO - Processing /home/airflow/.local/lib/python3.12/site-packages/airflow/example_dags/example_params_ui_tutorial.py took 0.102 seconds
[2026-09-17T20:13:50.357+0000] {processor.py:186} INFO - Started process (PID=594) to work on /home/airflow/.local/lib/python3.12/site-packages/airflow/example_dags/example_params_ui_tutorial.py
[2026-09-17T20:13:50.359+0000] {processor.py:914} INFO - Processing file /home/airflow/.local/lib/python3.12/site-packages/airflow/example_dags/example_params_ui_tutorial.py for tasks to queue
[2026-09-17T20:13:50.361+0000] {logging_mixin.py:190} INFO - [2026-09-17T20:13:50.361+0000] {dagbag.py:588} INFO - Filling up the DagBag from /home/airflow/.local/lib/python3.12/site-packages/airflow/example_dags/example_params_ui_tutorial.py
[2026-09-17T20:13:50.373+0000] {processor.py:925} INFO - DAG(s) 'example_params_ui_tutorial' retrieved from /home/airflow/.local/lib/python3.12/site-packages/airflow/example_dags/example_params_ui_tutorial.py
[2026-09-17T20:13:50.424+0000] {logging_mixin.py:190} INFO - [2026-09-17T20:13:50.423+0000] {dag.py:3239} INFO - Sync 1 DAGs
[2026-09-17T20:13:50.440+0000] {logging_mixin.py:190} INFO - [2026-09-17T20:13:50.440+0000] {dag.py:4180} INFO - Setting next_dagrun for example_params_ui_tutorial to None, run_after=None
[2026-09-17T20:13:50.462+0000] {processor.py:208} INFO - Processing /home/airflow/.local/lib/python3.12/site-packages/airflow/example_dags/example_params_ui_tutorial.py took 0.112 seconds
[2026-09-17T20:14:22.016+0000] {processor.py:186} INFO - Started process (PID=659) to work on /home/airflow/.local/lib/python3.12/site-packages/airflow/example_dags/example_params_ui_tutorial.py
[2026-09-17T20:14:22.018+0000] {processor.py:914} INFO - Processing file /home/airflow/.local/lib/python3.12/site-packages/airflow/example_dags/example_params_ui_tutorial.py for tasks to queue
[2026-09-17T20:14:22.021+0000] {logging_mixin.py:190} INFO - [2026-09-17T20:14:22.020+0000] {dagbag.py:588} INFO - Filling up the DagBag from /home/airflow/.local/lib/python3.12/site-packages/airflow/example_dags/example_params_ui_tutorial.py
[2026-09-17T20:14:22.032+0000] {processor.py:925} INFO - DAG(s) 'example_params_ui_tutorial' retrieved from /home/airflow/.local/lib/python3.12/site-packages/airflow/example_dags/example_params_ui_tutorial.py
[2026-09-17T20:14:22.114+0000] {logging_mixin.py:190} INFO - [2026-09-17T20:14:22.113+0000] {dag.py:3239} INFO - Sync 1 DAGs
[2026-09-17T20:14:22.147+0000] {logging_mixin.py:190} INFO - [2026-09-17T20:14:22.147+0000] {dag.py:4180} INFO - Setting next_dagrun for example_params_ui_tutorial to None, run_after=None
[2026-09-17T20:14:22.183+0000] {processor.py:208} INFO - Processing /home/airflow/.local/lib/python3.12/site-packages/airflow/example_dags/example_params_ui_tutorial.py took 0.173 seconds
[2026-09-17T20:14:53.055+0000] {processor.py:186} INFO - Started process (PID=724) to work on /home/airflow/.local/lib/python3.12/site-packages/airflow/example_dags/example_params_ui_tutorial.py
[2026-09-17T20:14:53.057+0000] {processor.py:914} INFO - Processing file /home/airflow/.local/lib/python3.12/site-packages/airflow/example_dags/example_params_ui_tutorial.py for tasks to queue
[2026-09-17T20:14:53.059+0000] {logging_mixin.py:190} INFO - [2026-09-17T20:14:53.059+0000] {dagbag.py:588} INFO - Filling up the DagBag from /home/airflow/.local/lib/python3.12/site-packages/airflow/example_dags/example_params_ui_tutorial.py
[2026-09-17T20:14:53.069+0000] {processor.py:925} INFO - DAG(s) 'example_params_ui_tutorial' retrieved from /home/airflow/.local/lib/python3.12/site-packages/airflow/example_dags/example_params_ui_tutorial.py
[2026-09-17T20:14:53.113+0000] {logging_mixin.py:190} INFO - [2026-09-17T20:14:53.112+0000] {dag.py:3239} INFO - Sync 1 DAGs
[2026-09-17T20:14:53.127+0000] {logging_mixin.py:190} INFO - [2026-09-17T20:14:53.127+0000] {dag.py:4180} INFO - Setting next_dagrun for example_params_ui_tutorial to None, run_after=None
[2026-09-17T20:14:53.148+0000] {processor.py:208} INFO - Processing /home/airflow/.local/lib/python3.12/site-packages/airflow/example_dags/example_params_ui_tutorial.py took 0.098 seconds
[2026-09-17T20:15:24.625+0000] {processor.py:186} INFO - Started process (PID=789) to work on /home/airflow/.local/lib/python3.12/site-packages/airflow/example_dags/example_params_ui_tutorial.py
[2026-09-17T20:15:24.627+0000] {processor.py:914} INFO - Processing file /home/airflow/.local/lib/python3.12/site-packages/airflow/example_dags/example_params_ui_tutorial.py for tasks to queue
[2026-09-17T20:15:24.629+0000] {logging_mixin.py:190} INFO - [2026-09-17T20:15:24.629+0000] {dagbag.py:588} INFO - Filling up the DagBag from /home/airflow/.local/lib/python3.12/site-packages/airflow/example_dags/example_params_ui_tutorial.py
[2026-09-17T20:15:24.642+0000] {processor.py:925} INFO - DAG(s) 'example_params_ui_tutorial' retrieved from /home/airflow/.local/lib/python3.12/site-packages/airflow/example_dags/example_params_ui_tutorial.py
[2026-09-17T20:15:24.696+0000] {logging_mixin.py:190} INFO - [2026-09-17T20:15:24.696+0000] {dag.py:3239} INFO - Sync 1 DAGs
[2026-09-17T20:15:24.714+0000] {logging_mixin.py:190} INFO - [2026-09-17T20:15:24.714+0000] {dag.py:4180} INFO - Setting next_dagrun for example_params_ui_tutorial to None, run_after=None
[2026-09-17T20:15:24.741+0000] {processor.py:208} INFO - Processing /home/airflow/.local/lib/python3.12/site-packages/airflow/example_dags/example_params_ui_tutorial.py took 0.124 seconds
[2026-09-17T20:15:55.859+0000] {processor.py:186} INFO - Started process (PID=854) to work on /home/airflow/.local/lib/python3.12/site-packages/airflow/example_dags/example_params_ui_tutorial.py
[2026-09-17T20:15:55.861+0000] {processor.py:914} INFO - Processing file /home/airflow/.local/lib/python3.12/site-packages/airflow/example_dags/example_params_ui_tutorial.py for tasks to queue
[2026-09-17T20:15:55.863+0000] {logging_mixin.py:190} INFO - [2026-09-17T20:15:55.862+0000] {dagbag.py:588} INFO - Filling up the DagBag from /home/airflow/.local/lib/python3.12/site-packages/airflow/example_dags/example_params_ui_tutorial.py
[2026-09-17T20:15:55.872+0000] {processor.py:925} INFO - DAG(s) 'example_params_ui_tutorial' retrieved from /home/airflow/.local/lib/python3.12/site-packages/airflow/example_dags/example_params_ui_tutorial.py
[2026-09-17T20:15:55.916+0000] {logging_mixin.py:190} INFO - [2026-09-17T20:15:55.916+0000] {dag.py:3239} INFO - Sync 1 DAGs
[2026-09-17T20:15:55.930+0000] {logging_mixin.py:190} INFO - [2026-09-17T20:15:55.929+0000] {dag.py:4180} INFO - Setting next_dagrun for example_params_ui_tutorial to None, run_after=None
[2026-09-17T20:15:55.953+0000] {processor.py:208} INFO - Processing /home/airflow/.local/lib/python3.12/site-packages/airflow/example_dags/example_params_ui_tutorial.py took 0.100 seconds
[2026-09-17T20:16:27.187+0000] {processor.py:186} INFO - Started process (PID=919) to work on /home/airflow/.local/lib/python3.12/site-packages/airflow/example_dags/example_params_ui_tutorial.py
[2026-09-17T20:16:27.189+0000] {processor.py:914} INFO - Processing file /home/airflow/.local/lib/python3.12/site-packages/airflow/example_dags/example_params_ui_tutorial.py for tasks to queue
[2026-09-17T20:16:27.191+0000] {logging_mixin.py:190} INFO - [2026-09-17T20:16:27.190+0000] {dagbag.py:588} INFO - Filling up the DagBag from /home/airflow/.local/lib/python3.12/site-packages/airflow/example_dags/example_params_ui_tutorial.py
[2026-09-17T20:16:27.201+0000] {processor.py:925} INFO - DAG(s) 'example_params_ui_tutorial' retrieved from /home/airflow/.local/lib/python3.12/site-packages/airflow/example_dags/example_params_ui_tutorial.py
[2026-09-17T20:16:27.246+0000] {logging_mixin.py:190} INFO - [2026-09-17T20:16:27.246+0000] {dag.py:3239} INFO - Sync 1 DAGs
[2026-09-17T20:16:27.262+0000] {logging_mixin.py:190} INFO - [2026-09-17T20:16:27.261+0000] {dag.py:4180} INFO - Setting next_dagrun for example_params_ui_tutorial to None, run_after=None
[2026-09-17T20:16:27.284+0000] {processor.py:208} INFO - Processing /home/airflow/.local/lib/python3.12/site-packages/airflow/example_dags/example_params_ui_tutorial.py took 0.103 seconds
[2026-09-17T20:16:59.431+0000] {processor.py:186} INFO - Started process (PID=984) to work on /home/airflow/.local/lib/python3.12/site-packages/airflow/example_dags/example_params_ui_tutorial.py
[2026-09-17T20:16:59.433+0000] {processor.py:914} INFO - Processing file /home/airflow/.local/lib/python3.12/site-packages/airflow/example_dags/example_params_ui_tutorial.py for tasks to queue
[2026-09-17T20:16:59.435+0000] {logging_mixin.py:190} INFO - [2026-09-17T20:16:59.435+0000] {dagbag.py:588} INFO - Filling up the DagBag from /home/airflow/.local/lib/python3.12/site-packages/airflow/example_dags/example_params_ui_tutorial.py
[2026-09-17T20:16:59.446+0000] {processor.py:925} INFO - DAG(s) 'example_params_ui_tutorial' retrieved from /home/airflow/.local/lib/python3.12/site-packages/airflow/example_dags/example_params_ui_tutorial.py
[2026-09-17T20:16:59.491+0000] {logging_mixin.py:190} INFO - [2026-09-17T20:16:59.490+0000] {dag.py:3239} INFO - Sync 1 DAGs
[2026-09-17T20:16:59.504+0000] {logging_mixin.py:190} INFO - [2026-09-17T20:16:59.503+0000] {dag.py:4180} INFO - Setting next_dagrun for example_params_ui_tutorial to None, run_after=None
[2026-09-17T20:16:59.526+0000] {processor.py:208} INFO - Processing /home/airflow/.local/lib/python3.12/site-packages/airflow/example_dags/example_params_ui_tutorial.py took 0.101 seconds
[2026-09-17T20:17:30.629+0000] {processor.py:186} INFO - Started process (PID=1049) to work on /home/airflow/.local/lib/python3.12/site-packages/airflow/example_dags/example_params_ui_tutorial.py
[2026-09-17T20:17:30.631+0000] {processor.py:914} INFO - Processing file /home/airflow/.local/lib/python3.12/site-packages/airflow/example_dags/example_params_ui_tutorial.py for tasks to queue
[2026-09-17T20:17:30.634+0000] {logging_mixin.py:190} INFO - [2026-09-17T20:17:30.634+0000] {dagbag.py:588} INFO - Filling up the DagBag from /home/airflow/.local/lib/python3.12/site-packages/airflow/example_dags/example_params_ui_tutorial.py
[2026-09-17T20:17:30.647+0000] {processor.py:925} INFO - DAG(s) 'example_params_ui_tutorial' retrieved from /home/airflow/.local/lib/python3.12/site-packages/airflow/example_dags/example_params_ui_tutorial.py
[2026-09-17T20:17:30.699+0000] {logging_mixin.py:190} INFO - [2026-09-17T20:17:30.699+0000] {dag.py:3239} INFO - Sync 1 DAGs
[2026-09-17T20:17:30.716+0000] {logging_mixin.py:190} INFO - [2026-09-17T20:17:30.716+0000] {dag.py:4180} INFO - Setting next_dagrun for example_params_ui_tutorial to None, run_after=None
[2026-09-17T20:17:30.740+0000] {processor.py:208} INFO - Processing /home/airflow/.local/lib/python3.12/site-packages/airflow/example_dags/example_params_ui_tutorial.py took 0.119 seconds
[2026-09-17T20:18:01.424+0000] {processor.py:186} INFO - Started process (PID=1114) to work on /home/airflow/.local/lib/python3.12/site-packages/airflow/example_dags/example_params_ui_tutorial.py
[2026-09-17T20:18:01.426+0000] {processor.py:914} INFO - Processing file /home/airflow/.local/lib/python3.12/site-packages/airflow/example_dags/example_params_ui_tutorial.py for tasks to queue
[2026-09-17T20:18:01.429+0000] {logging_mixin.py:190} INFO - [2026-09-17T20:18:01.429+0000] {dagbag.py:588} INFO - Filling up the DagBag from /home/airflow/.local/lib/python3.12/site-packages/airflow/example_dags/example_params_ui_tutorial.py
[2026-09-17T20:18:01.446+0000] {processor.py:925} INFO - DAG(s) 'example_params_ui_tutorial' retrieved from /home/airflow/.local/lib/python3.12/site-packages/airflow/example_dags/example_params_ui_tutorial.py
[2026-09-17T20:18:01.514+0000] {logging_mixin.py:190} INFO - [2026-09-17T20:18:01.514+0000] {dag.py:3239} INFO - Sync 1 DAGs
[2026-09-17T20:18:01.535+0000] {logging_mixin.py:190} INFO - [2026-09-17T20:18:01.534+0000] {dag.py:4180} INFO - Setting next_dagrun for example_params_ui_tutorial to None, run_after=None
[2026-09-17T20:18:01.562+0000] {processor.py:208} INFO - Processing /home/airflow/.local/lib/python3.12/site-packages/airflow/example_dags/example_params_ui_tutorial.py took 0.148 seconds
[2026-09-17T20:18:33.512+0000] {processor.py:186} INFO - Started process (PID=1179) to work on /home/airflow/.local/lib/python3.12/site-packages/airflow/example_dags/example_params_ui_tutorial.py
[2026-09-17T20:18:33.513+0000] {processor.py:914} INFO - Processing file /home/airflow/.local/lib/python3.12/site-packages/airflow/example_dags/example_params_ui_tutorial.py for tasks to queue
[2026-09-17T20:18:33.515+0000] {logging_mixin.py:190} INFO - [2026-09-17T20:18:33.515+0000] {dagbag.py:588} INFO - Filling up the DagBag from /home/airflow/.local/lib/python3.12/site-packages/airflow/example_dags/example_params_ui_tutorial.py
[2026-09-17T20:18:33.526+0000] {processor.py:925} INFO - DAG(s) 'example_params_ui_tutorial' retrieved from /home/airflow/.local/lib/python3.12/site-packages/airflow/example_dags/example_params_ui_tutorial.py
[2026-09-17T20:18:33.572+0000] {logging_mixin.py:190} INFO - [2026-09-17T20:18:33.571+0000] {dag.py:3239} INFO - Sync 1 DAGs
[2026-09-17T20:18:33.586+0000] {logging_mixin.py:190} INFO - [2026-09-17T20:18:33.586+0000] {dag.py:4180} INFO - Setting next_dagrun for example_params_ui_tutorial to None, run_after=None
[2026-09-17T20:18:33.610+0000] {processor.py:208} INFO - Processing /home/airflow/.local/lib/python3.12/site-packages/airflow/example_dags/example_params_ui_tutorial.py took 0.105 seconds
[2026-09-17T20:19:04.488+0000] {processor.py:186} INFO - Started process (PID=1244) to work on /home/airflow/.local/lib/python3.12/site-packages/airflow/example_dags/example_params_ui_tutorial.py
[2026-09-17T20:19:04.490+0000] {processor.py:914} INFO - Processing file /home/airflow/.local/lib/python3.12/site-packages/airflow/example_dags/example_params_ui_tutorial.py for tasks to queue
[2026-09-17T20:19:04.492+0000] {logging_mixin.py:190} INFO - [2026-09-17T20:19:04.492+0000] {dagbag.py:588} INFO - Filling up the DagBag from /home/airflow/.local/lib/python3.12/site-packages/airflow/example_dags/example_params_ui_tutorial.py
[2026-09-17T20:19:04.504+0000] {processor.py:925} INFO - DAG(s) 'example_params_ui_tutorial' retrieved from /home/airflow/.local/lib/python3.12/site-packages/airflow/example_dags/example_params_ui_tutorial.py
[2026-09-17T20:19:04.557+0000] {logging_mixin.py:190} INFO - [2026-09-17T20:19:04.557+0000] {dag.py:3239} INFO - Sync 1 DAGs
[2026-09-17T20:19:04.574+0000] {logging_mixin.py:190} INFO - [2026-09-17T20:19:04.574+0000] {dag.py:4180} INFO - Setting next_dagrun for example_params_ui_tutorial to None, run_after=None
[2026-09-17T20:19:04.599+0000] {processor.py:208} INFO - Processing /home/airflow/.local/lib/python3.12/site-packages/airflow/example_dags/example_params_ui_tutorial.py took 0.118 seconds
[2026-09-17T20:19:35.686+0000] {processor.py:186} INFO - Started process (PID=1302) to work on /home/airflow/.local/lib/python3.12/site-packages/airflow/example_dags/example_params_ui_tutorial.py
[2026-09-17T20:19:35.688+0000] {processor.py:914} INFO - Processing file /home/airflow/.local/lib/python3.12/site-packages/airflow/example_dags/example_params_ui_tutorial.py for tasks to queue
[2026-09-17T20:19:35.690+0000] {logging_mixin.py:190} INFO - [2026-09-17T20:19:35.690+0000] {dagbag.py:588} INFO - Filling up the DagBag from /home/airflow/.local/lib/python3.12/site-packages/airflow/example_dags/example_params_ui_tutorial.py
[2026-09-17T20:19:35.702+0000] {processor.py:925} INFO - DAG(s) 'example_params_ui_tutorial' retrieved from /home/airflow/.local/lib/python3.12/site-packages/airflow/example_dags/example_params_ui_tutorial.py
[2026-09-17T20:19:35.748+0000] {logging_mixin.py:190} INFO - [2026-09-17T20:19:35.747+0000] {dag.py:3239} INFO - Sync 1 DAGs
[2026-09-17T20:19:35.765+0000] {logging_mixin.py:190} INFO - [2026-09-17T20:19:35.765+0000] {dag.py:4180} INFO - Setting next_dagrun for example_params_ui_tutorial to None, run_after=None
[2026-09-17T20:19:35.785+0000] {processor.py:208} INFO - Processing /home/airflow/.local/lib/python3.12/site-packages/airflow/example_dags/example_params_ui_tutorial.py took 0.106 seconds
[2026-09-17T20:20:07.108+0000] {processor.py:186} INFO - Started process (PID=1367) to work on /home/airflow/.local/lib/python3.12/site-packages/airflow/example_dags/example_params_ui_tutorial.py
[2026-09-17T20:20:07.110+0000] {processor.py:914} INFO - Processing file /home/airflow/.local/lib/python3.12/site-packages/airflow/example_dags/example_params_ui_tutorial.py for tasks to queue
[2026-09-17T20:20:07.113+0000] {logging_mixin.py:190} INFO - [2026-09-17T20:20:07.113+0000] {dagbag.py:588} INFO - Filling up the DagBag from /home/airflow/.local/lib/python3.12/site-packages/airflow/example_dags/example_params_ui_tutorial.py
[2026-09-17T20:20:07.122+0000] {processor.py:925} INFO - DAG(s) 'example_params_ui_tutorial' retrieved from /home/airflow/.local/lib/python3.12/site-packages/airflow/example_dags/example_params_ui_tutorial.py
[2026-09-17T20:20:07.167+0000] {logging_mixin.py:190} INFO - [2026-09-17T20:20:07.167+0000] {dag.py:3239} INFO - Sync 1 DAGs
[2026-09-17T20:20:07.181+0000] {logging_mixin.py:190} INFO - [2026-09-17T20:20:07.181+0000] {dag.py:4180} INFO - Setting next_dagrun for example_params_ui_tutorial to None, run_after=None
[2026-09-17T20:20:07.204+0000] {processor.py:208} INFO - Processing /home/airflow/.local/lib/python3.12/site-packages/airflow/example_dags/example_params_ui_tutorial.py took 0.101 seconds
[2026-09-17T20:20:38.403+0000] {processor.py:186} INFO - Started process (PID=1432) to work on /home/airflow/.local/lib/python3.12/site-packages/airflow/example_dags/example_params_ui_tutorial.py
[2026-09-17T20:20:38.405+0000] {processor.py:914} INFO - Processing file /home/airflow/.local/lib/python3.12/site-packages/airflow/example_dags/example_params_ui_tutorial.py for tasks to queue
[2026-09-17T20:20:38.407+0000] {logging_mixin.py:190} INFO - [2026-09-17T20:20:38.407+0000] {dagbag.py:588} INFO - Filling up the DagBag from /home/airflow/.local/lib/python3.12/site-packages/airflow/example_dags/example_params_ui_tutorial.py
[2026-09-17T20:20:38.417+0000] {processor.py:925} INFO - DAG(s) 'example_params_ui_tutorial' retrieved from /home/airflow/.local/lib/python3.12/site-packages/airflow/example_dags/example_params_ui_tutorial.py
[2026-09-17T20:20:38.460+0000] {logging_mixin.py:190} INFO - [2026-09-17T20:20:38.460+0000] {dag.py:3239} INFO - Sync 1 DAGs
[2026-09-17T20:20:38.475+0000] {logging_mixin.py:190} INFO - [2026-09-17T20:20:38.475+0000] {dag.py:4180} INFO - Setting next_dagrun for example_params_ui_tutorial to None, run_after=None
[2026-09-17T20:20:38.497+0000] {processor.py:208} INFO - Processing /home/airflow/.local/lib/python3.12/site-packages/airflow/example_dags/example_params_ui_tutorial.py took 0.100 seconds
[2026-09-17T20:21:09.429+0000] {processor.py:186} INFO - Started process (PID=1497) to work on /home/airflow/.local/lib/python3.12/site-packages/airflow/example_dags/example_params_ui_tutorial.py
[2026-09-17T20:21:09.431+0000] {processor.py:914} INFO - Processing file /home/airflow/.local/lib/python3.12/site-packages/airflow/example_dags/example_params_ui_tutorial.py for tasks to queue
[2026-09-17T20:21:09.434+0000] {logging_mixin.py:190} INFO - [2026-09-17T20:21:09.433+0000] {dagbag.py:588} INFO - Filling up the DagBag from /home/airflow/.local/lib/python3.12/site-packages/airflow/example_dags/example_params_ui_tutorial.py
[2026-09-17T20:21:09.448+0000] {processor.py:925} INFO - DAG(s) 'example_params_ui_tutorial' retrieved from /home/airflow/.local/lib/python3.12/site-packages/airflow/example_dags/example_params_ui_tutorial.py
[2026-09-17T20:21:09.503+0000] {logging_mixin.py:190} INFO - [2026-09-17T20:21:09.502+0000] {dag.py:3239} INFO - Sync 1 DAGs
[2026-09-17T20:21:09.519+0000] {logging_mixin.py:190} INFO - [2026-09-17T20:21:09.519+0000] {dag.py:4180} INFO - Setting next_dagrun for example_params_ui_tutorial to None, run_after=None
[2026-09-17T20:21:09.549+0000] {processor.py:208} INFO - Processing /home/airflow/.local/lib/python3.12/site-packages/airflow/example_dags/example_params_ui_tutorial.py took 0.127 seconds
[2026-09-17T20:21:40.772+0000] {processor.py:186} INFO - Started process (PID=1562) to work on /home/airflow/.local/lib/python3.12/site-packages/airflow/example_dags/example_params_ui_tutorial.py
[2026-09-17T20:21:40.774+0000] {processor.py:914} INFO - Processing file /home/airflow/.local/lib/python3.12/site-packages/airflow/example_dags/example_params_ui_tutorial.py for tasks to queue
[2026-09-17T20:21:40.776+0000] {logging_mixin.py:190} INFO - [2026-09-17T20:21:40.776+0000] {dagbag.py:588} INFO - Filling up the DagBag from /home/airflow/.local/lib/python3.12/site-packages/airflow/example_dags/example_params_ui_tutorial.py
[2026-09-17T20:21:40.786+0000] {processor.py:925} INFO - DAG(s) 'example_params_ui_tutorial' retrieved from /home/airflow/.local/lib/python3.12/site-packages/airflow/example_dags/example_params_ui_tutorial.py
[2026-09-17T20:21:40.832+0000] {logging_mixin.py:190} INFO - [2026-09-17T20:21:40.831+0000] {dag.py:3239} INFO - Sync 1 DAGs
[2026-09-17T20:21:40.848+0000] {logging_mixin.py:190} INFO - [2026-09-17T20:21:40.847+0000] {dag.py:4180} INFO - Setting next_dagrun for example_params_ui_tutorial to None, run_after=None
[2026-09-17T20:21:40.873+0000] {processor.py:208} INFO - Processing /home/airflow/.local/lib/python3.12/site-packages/airflow/example_dags/example_params_ui_tutorial.py took 0.107 seconds
[2026-09-17T20:22:12.472+0000] {processor.py:186} INFO - Started process (PID=1628) to work on /home/airflow/.local/lib/python3.12/site-packages/airflow/example_dags/example_params_ui_tutorial.py
[2026-09-17T20:22:12.473+0000] {processor.py:914} INFO - Processing file /home/airflow/.local/lib/python3.12/site-packages/airflow/example_dags/example_params_ui_tutorial.py for tasks to queue
[2026-09-17T20:22:12.476+0000] {logging_mixin.py:190} INFO - [2026-09-17T20:22:12.475+0000] {dagbag.py:588} INFO - Filling up the DagBag from /home/airflow/.local/lib/python3.12/site-packages/airflow/example_dags/example_params_ui_tutorial.py
[2026-09-17T20:22:12.486+0000] {processor.py:925} INFO - DAG(s) 'example_params_ui_tutorial' retrieved from /home/airflow/.local/lib/python3.12/site-packages/airflow/example_dags/example_params_ui_tutorial.py
[2026-09-17T20:22:12.532+0000] {logging_mixin.py:190} INFO - [2026-09-17T20:22:12.531+0000] {dag.py:3239} INFO - Sync 1 DAGs
[2026-09-17T20:22:12.547+0000] {logging_mixin.py:190} INFO - [2026-09-17T20:22:12.546+0000] {dag.py:4180} INFO - Setting next_dagrun for example_params_ui_tutorial to None, run_after=None
[2026-09-17T20:22:12.571+0000] {processor.py:208} INFO - Processing /home/airflow/.local/lib/python3.12/site-packages/airflow/example_dags/example_params_ui_tutorial.py took 0.105 seconds
[2026-09-17T20:22:44.191+0000] {processor.py:186} INFO - Started process (PID=1693) to work on /home/airflow/.local/lib/python3.12/site-packages/airflow/example_dags/example_params_ui_tutorial.py
[2026-09-17T20:22:44.193+0000] {processor.py:914} INFO - Processing file /home/airflow/.local/lib/python3.12/site-packages/airflow/example_dags/example_params_ui_tutorial.py for tasks to queue
[2026-09-17T20:22:44.195+0000] {logging_mixin.py:190} INFO - [2026-09-17T20:22:44.194+0000] {dagbag.py:588} INFO - Filling up the DagBag from /home/airflow/.local/lib/python3.12/site-packages/airflow/example_dags/example_params_ui_tutorial.py
[2026-09-17T20:22:44.206+0000] {processor.py:925} INFO - DAG(s) 'example_params_ui_tutorial' retrieved from /home/airflow/.local/lib/python3.12/site-packages/airflow/example_dags/example_params_ui_tutorial.py
[2026-09-17T20:22:44.257+0000] {logging_mixin.py:190} INFO - [2026-09-17T20:22:44.257+0000] {dag.py:3239} INFO - Sync 1 DAGs
[2026-09-17T20:22:44.273+0000] {logging_mixin.py:190} INFO - [2026-09-17T20:22:44.273+0000] {dag.py:4180} INFO - Setting next_dagrun for example_params_ui_tutorial to None, run_after=None
[2026-09-17T20:22:44.300+0000] {processor.py:208} INFO - Processing /home/airflow/.local/lib/python3.12/site-packages/airflow/example_dags/example_params_ui_tutorial.py took 0.115 seconds
[2026-09-17T20:23:15.616+0000] {processor.py:186} INFO - Started process (PID=1758) to work on /home/airflow/.local/lib/python3.12/site-packages/airflow/example_dags/example_params_ui_tutorial.py
[2026-09-17T20:23:15.618+0000] {processor.py:914} INFO - Processing file /home/airflow/.local/lib/python3.12/site-packages/airflow/example_dags/example_params_ui_tutorial.py for tasks to queue
[2026-09-17T20:23:15.621+0000] {logging_mixin.py:190} INFO - [2026-09-17T20:23:15.620+0000] {dagbag.py:588} INFO - Filling up the DagBag from /home/airflow/.local/lib/python3.12/site-packages/airflow/example_dags/example_params_ui_tutorial.py
[2026-09-17T20:23:15.631+0000] {processor.py:925} INFO - DAG(s) 'example_params_ui_tutorial' retrieved from /home/airflow/.local/lib/python3.12/site-packages/airflow/example_dags/example_params_ui_tutorial.py
[2026-09-17T20:23:15.677+0000] {logging_mixin.py:190} INFO - [2026-09-17T20:23:15.676+0000] {dag.py:3239} INFO - Sync 1 DAGs
[2026-09-17T20:23:15.692+0000] {logging_mixin.py:190} INFO - [2026-09-17T20:23:15.691+0000] {dag.py:4180} INFO - Setting next_dagrun for example_params_ui_tutorial to None, run_after=None
[2026-09-17T20:23:15.712+0000] {processor.py:208} INFO - Processing /home/airflow/.local/lib/python3.12/site-packages/airflow/example_dags/example_params_ui_tutorial.py took 0.101 seconds
[2026-09-17T20:23:47.034+0000] {processor.py:186} INFO - Started process (PID=1823) to work on /home/airflow/.local/lib/python3.12/site-packages/airflow/example_dags/example_params_ui_tutorial.py
[2026-09-17T20:23:47.036+0000] {processor.py:914} INFO - Processing file /home/airflow/.local/lib/python3.12/site-packages/airflow/example_dags/example_params_ui_tutorial.py for tasks to queue
[2026-09-17T20:23:47.038+0000] {logging_mixin.py:190} INFO - [2026-09-17T20:23:47.038+0000] {dagbag.py:588} INFO - Filling up the DagBag from /home/airflow/.local/lib/python3.12/site-packages/airflow/example_dags/example_params_ui_tutorial.py
[2026-09-17T20:23:47.052+0000] {processor.py:925} INFO - DAG(s) 'example_params_ui_tutorial' retrieved from /home/airflow/.local/lib/python3.12/site-packages/airflow/example_dags/example_params_ui_tutorial.py
[2026-09-17T20:23:47.101+0000] {logging_mixin.py:190} INFO - [2026-09-17T20:23:47.100+0000] {dag.py:3239} INFO - Sync 1 DAGs
[2026-09-17T20:23:47.116+0000] {logging_mixin.py:190} INFO - [2026-09-17T20:23:47.115+0000] {dag.py:4180} INFO - Setting next_dagrun for example_params_ui_tutorial to None, run_after=None
[2026-09-17T20:23:47.137+0000] {processor.py:208} INFO - Processing /home/airflow/.local/lib/python3.12/site-packages/airflow/example_dags/example_params_ui_tutorial.py took 0.110 seconds
[2026-09-17T20:24:18.505+0000] {processor.py:186} INFO - Started process (PID=1888) to work on /home/airflow/.local/lib/python3.12/site-packages/airflow/example_dags/example_params_ui_tutorial.py
[2026-09-17T20:24:18.506+0000] {processor.py:914} INFO - Processing file /home/airflow/.local/lib/python3.12/site-packages/airflow/example_dags/example_params_ui_tutorial.py for tasks to queue
[2026-09-17T20:24:18.508+0000] {logging_mixin.py:190} INFO - [2026-09-17T20:24:18.508+0000] {dagbag.py:588} INFO - Filling up the DagBag from /home/airflow/.local/lib/python3.12/site-packages/airflow/example_dags/example_params_ui_tutorial.py
[2026-09-17T20:24:18.518+0000] {processor.py:925} INFO - DAG(s) 'example_params_ui_tutorial' retrieved from /home/airflow/.local/lib/python3.12/site-packages/airflow/example_dags/example_params_ui_tutorial.py
[2026-09-17T20:24:18.562+0000] {logging_mixin.py:190} INFO - [2026-09-17T20:24:18.562+0000] {dag.py:3239} INFO - Sync 1 DAGs
[2026-09-17T20:24:18.578+0000] {logging_mixin.py:190} INFO - [2026-09-17T20:24:18.578+0000] {dag.py:4180} INFO - Setting next_dagrun for example_params_ui_tutorial to None, run_after=None
[2026-09-17T20:24:18.601+0000] {processor.py:208} INFO - Processing /home/airflow/.local/lib/python3.12/site-packages/airflow/example_dags/example_params_ui_tutorial.py took 0.102 seconds
[2026-09-17T20:24:50.107+0000] {processor.py:186} INFO - Started process (PID=1953) to work on /home/airflow/.local/lib/python3.12/site-packages/airflow/example_dags/example_params_ui_tutorial.py
[2026-09-17T20:24:50.109+0000] {processor.py:914} INFO - Processing file /home/airflow/.local/lib/python3.12/site-packages/airflow/example_dags/example_params_ui_tutorial.py for tasks to queue
[2026-09-17T20:24:50.111+0000] {logging_mixin.py:190} INFO - [2026-09-17T20:24:50.111+0000] {dagbag.py:588} INFO - Filling up the DagBag from /home/airflow/.local/lib/python3.12/site-packages/airflow/example_dags/example_params_ui_tutorial.py
[2026-09-17T20:24:50.125+0000] {processor.py:925} INFO - DAG(s) 'example_params_ui_tutorial' retrieved from /home/airflow/.local/lib/python3.12/site-packages/airflow/example_dags/example_params_ui_tutorial.py
[2026-09-17T20:24:50.173+0000] {logging_mixin.py:190} INFO - [2026-09-17T20:24:50.173+0000] {dag.py:3239} INFO - Sync 1 DAGs
[2026-09-17T20:24:50.188+0000] {logging_mixin.py:190} INFO - [2026-09-17T20:24:50.187+0000] {dag.py:4180} INFO - Setting next_dagrun for example_params_ui_tutorial to None, run_after=None
[2026-09-17T20:24:50.214+0000] {processor.py:208} INFO - Processing /home/airflow/.local/lib/python3.12/site-packages/airflow/example_dags/example_params_ui_tutorial.py took 0.112 seconds
[2026-09-17T20:25:21.401+0000] {processor.py:186} INFO - Started process (PID=2018) to work on /home/airflow/.local/lib/python3.12/site-packages/airflow/example_dags/example_params_ui_tutorial.py
[2026-09-17T20:25:21.403+0000] {processor.py:914} INFO - Processing file /home/airflow/.local/lib/python3.12/site-packages/airflow/example_dags/example_params_ui_tutorial.py for tasks to queue
[2026-09-17T20:25:21.406+0000] {logging_mixin.py:190} INFO - [2026-09-17T20:25:21.405+0000] {dagbag.py:588} INFO - Filling up the DagBag from /home/airflow/.local/lib/python3.12/site-packages/airflow/example_dags/example_params_ui_tutorial.py
[2026-09-17T20:25:21.420+0000] {processor.py:925} INFO - DAG(s) 'example_params_ui_tutorial' retrieved from /home/airflow/.local/lib/python3.12/site-packages/airflow/example_dags/example_params_ui_tutorial.py
[2026-09-17T20:25:21.468+0000] {logging_mixin.py:190} INFO - [2026-09-17T20:25:21.468+0000] {dag.py:3239} INFO - Sync 1 DAGs
[2026-09-17T20:25:21.482+0000] {logging_mixin.py:190} INFO - [2026-09-17T20:25:21.482+0000] {dag.py:4180} INFO - Setting next_dagrun for example_params_ui_tutorial to None, run_after=None
[2026-09-17T20:25:21.504+0000] {processor.py:208} INFO - Processing /home/airflow/.local/lib/python3.12/site-packages/airflow/example_dags/example_params_ui_tutorial.py took 0.110 seconds
[2026-09-17T20:25:53.792+0000] {processor.py:186} INFO - Started process (PID=2086) to work on /home/airflow/.local/lib/python3.12/site-packages/airflow/example_dags/example_params_ui_tutorial.py
[2026-09-17T20:25:53.794+0000] {processor.py:914} INFO - Processing file /home/airflow/.local/lib/python3.12/site-packages/airflow/example_dags/example_params_ui_tutorial.py for tasks to queue
[2026-09-17T20:25:53.796+0000] {logging_mixin.py:190} INFO - [2026-09-17T20:25:53.796+0000] {dagbag.py:588} INFO - Filling up the DagBag from /home/airflow/.local/lib/python3.12/site-packages/airflow/example_dags/example_params_ui_tutorial.py
[2026-09-17T20:25:53.808+0000] {processor.py:925} INFO - DAG(s) 'example_params_ui_tutorial' retrieved from /home/airflow/.local/lib/python3.12/site-packages/airflow/example_dags/example_params_ui_tutorial.py
[2026-09-17T20:25:53.852+0000] {logging_mixin.py:190} INFO - [2026-09-17T20:25:53.852+0000] {dag.py:3239} INFO - Sync 1 DAGs
[2026-09-17T20:25:53.867+0000] {logging_mixin.py:190} INFO - [2026-09-17T20:25:53.867+0000] {dag.py:4180} INFO - Setting next_dagrun for example_params_ui_tutorial to None, run_after=None
[2026-09-17T20:25:53.890+0000] {processor.py:208} INFO - Processing /home/airflow/.local/lib/python3.12/site-packages/airflow/example_dags/example_params_ui_tutorial.py took 0.105 seconds
[2026-09-17T20:26:24.776+0000] {processor.py:186} INFO - Started process (PID=2151) to work on /home/airflow/.local/lib/python3.12/site-packages/airflow/example_dags/example_params_ui_tutorial.py
[2026-09-17T20:26:24.778+0000] {processor.py:914} INFO - Processing file /home/airflow/.local/lib/python3.12/site-packages/airflow/example_dags/example_params_ui_tutorial.py for tasks to queue
[2026-09-17T20:26:24.780+0000] {logging_mixin.py:190} INFO - [2026-09-17T20:26:24.779+0000] {dagbag.py:588} INFO - Filling up the DagBag from /home/airflow/.local/lib/python3.12/site-packages/airflow/example_dags/example_params_ui_tutorial.py
[2026-09-17T20:26:24.791+0000] {processor.py:925} INFO - DAG(s) 'example_params_ui_tutorial' retrieved from /home/airflow/.local/lib/python3.12/site-packages/airflow/example_dags/example_params_ui_tutorial.py
[2026-09-17T20:26:24.842+0000] {logging_mixin.py:190} INFO - [2026-09-17T20:26:24.842+0000] {dag.py:3239} INFO - Sync 1 DAGs
[2026-09-17T20:26:24.858+0000] {logging_mixin.py:190} INFO - [2026-09-17T20:26:24.858+0000] {dag.py:4180} INFO - Setting next_dagrun for example_params_ui_tutorial to None, run_after=None
[2026-09-17T20:26:24.884+0000] {processor.py:208} INFO - Processing /home/airflow/.local/lib/python3.12/site-packages/airflow/example_dags/example_params_ui_tutorial.py took 0.114 seconds
[2026-09-17T20:26:56.170+0000] {processor.py:186} INFO - Started process (PID=2216) to work on /home/airflow/.local/lib/python3.12/site-packages/airflow/example_dags/example_params_ui_tutorial.py
[2026-09-17T20:26:56.173+0000] {processor.py:914} INFO - Processing file /home/airflow/.local/lib/python3.12/site-packages/airflow/example_dags/example_params_ui_tutorial.py for tasks to queue
[2026-09-17T20:26:56.176+0000] {logging_mixin.py:190} INFO - [2026-09-17T20:26:56.175+0000] {dagbag.py:588} INFO - Filling up the DagBag from /home/airflow/.local/lib/python3.12/site-packages/airflow/example_dags/example_params_ui_tutorial.py
[2026-09-17T20:26:56.186+0000] {processor.py:925} INFO - DAG(s) 'example_params_ui_tutorial' retrieved from /home/airflow/.local/lib/python3.12/site-packages/airflow/example_dags/example_params_ui_tutorial.py
[2026-09-17T20:26:56.241+0000] {logging_mixin.py:190} INFO - [2026-09-17T20:26:56.240+0000] {dag.py:3239} INFO - Sync 1 DAGs
[2026-09-17T20:26:56.258+0000] {logging_mixin.py:190} INFO - [2026-09-17T20:26:56.258+0000] {dag.py:4180} INFO - Setting next_dagrun for example_params_ui_tutorial to None, run_after=None
[2026-09-17T20:26:56.281+0000] {processor.py:208} INFO - Processing /home/airflow/.local/lib/python3.12/site-packages/airflow/example_dags/example_params_ui_tutorial.py took 0.117 seconds
[2026-09-17T20:28:37.420+0000] {processor.py:186} INFO - Started process (PID=83) to work on /home/airflow/.local/lib/python3.12/site-packages/airflow/example_dags/example_params_ui_tutorial.py
[2026-09-17T20:28:37.422+0000] {processor.py:914} INFO - Processing file /home/airflow/.local/lib/python3.12/site-packages/airflow/example_dags/example_params_ui_tutorial.py for tasks to queue
[2026-09-17T20:28:37.425+0000] {logging_mixin.py:190} INFO - [2026-09-17T20:28:37.425+0000] {dagbag.py:588} INFO - Filling up the DagBag from /home/airflow/.local/lib/python3.12/site-packages/airflow/example_dags/example_params_ui_tutorial.py
[2026-09-17T20:28:37.438+0000] {processor.py:925} INFO - DAG(s) 'example_params_ui_tutorial' retrieved from /home/airflow/.local/lib/python3.12/site-packages/airflow/example_dags/example_params_ui_tutorial.py
[2026-09-17T20:28:37.504+0000] {logging_mixin.py:190} INFO - [2026-09-17T20:28:37.504+0000] {dag.py:3239} INFO - Sync 1 DAGs
[2026-09-17T20:28:37.523+0000] {logging_mixin.py:190} INFO - [2026-09-17T20:28:37.523+0000] {dag.py:4180} INFO - Setting next_dagrun for example_params_ui_tutorial to None, run_after=None
[2026-09-17T20:28:37.551+0000] {processor.py:208} INFO - Processing /home/airflow/.local/lib/python3.12/site-packages/airflow/example_dags/example_params_ui_tutorial.py took 0.136 seconds
[2026-09-17T20:29:08.091+0000] {processor.py:186} INFO - Started process (PID=148) to work on /home/airflow/.local/lib/python3.12/site-packages/airflow/example_dags/example_params_ui_tutorial.py
[2026-09-17T20:29:08.093+0000] {processor.py:914} INFO - Processing file /home/airflow/.local/lib/python3.12/site-packages/airflow/example_dags/example_params_ui_tutorial.py for tasks to queue
[2026-09-17T20:29:08.097+0000] {logging_mixin.py:190} INFO - [2026-09-17T20:29:08.096+0000] {dagbag.py:588} INFO - Filling up the DagBag from /home/airflow/.local/lib/python3.12/site-packages/airflow/example_dags/example_params_ui_tutorial.py
[2026-09-17T20:29:08.107+0000] {processor.py:925} INFO - DAG(s) 'example_params_ui_tutorial' retrieved from /home/airflow/.local/lib/python3.12/site-packages/airflow/example_dags/example_params_ui_tutorial.py
[2026-09-17T20:29:08.152+0000] {logging_mixin.py:190} INFO - [2026-09-17T20:29:08.152+0000] {dag.py:3239} INFO - Sync 1 DAGs
[2026-09-17T20:29:08.168+0000] {logging_mixin.py:190} INFO - [2026-09-17T20:29:08.168+0000] {dag.py:4180} INFO - Setting next_dagrun for example_params_ui_tutorial to None, run_after=None
[2026-09-17T20:29:08.190+0000] {processor.py:208} INFO - Processing /home/airflow/.local/lib/python3.12/site-packages/airflow/example_dags/example_params_ui_tutorial.py took 0.106 seconds
[2026-09-17T20:29:39.316+0000] {processor.py:186} INFO - Started process (PID=212) to work on /home/airflow/.local/lib/python3.12/site-packages/airflow/example_dags/example_params_ui_tutorial.py
[2026-09-17T20:29:39.318+0000] {processor.py:914} INFO - Processing file /home/airflow/.local/lib/python3.12/site-packages/airflow/example_dags/example_params_ui_tutorial.py for tasks to queue
[2026-09-17T20:29:39.321+0000] {logging_mixin.py:190} INFO - [2026-09-17T20:29:39.321+0000] {dagbag.py:588} INFO - Filling up the DagBag from /home/airflow/.local/lib/python3.12/site-packages/airflow/example_dags/example_params_ui_tutorial.py
[2026-09-17T20:29:39.337+0000] {processor.py:925} INFO - DAG(s) 'example_params_ui_tutorial' retrieved from /home/airflow/.local/lib/python3.12/site-packages/airflow/example_dags/example_params_ui_tutorial.py
[2026-09-17T20:29:39.394+0000] {logging_mixin.py:190} INFO - [2026-09-17T20:29:39.394+0000] {dag.py:3239} INFO - Sync 1 DAGs
[2026-09-17T20:29:39.414+0000] {logging_mixin.py:190} INFO - [2026-09-17T20:29:39.413+0000] {dag.py:4180} INFO - Setting next_dagrun for example_params_ui_tutorial to None, run_after=None
[2026-09-17T20:29:39.457+0000] {processor.py:208} INFO - Processing /home/airflow/.local/lib/python3.12/site-packages/airflow/example_dags/example_params_ui_tutorial.py took 0.147 seconds
[2026-09-17T20:30:10.251+0000] {processor.py:186} INFO - Started process (PID=270) to work on /home/airflow/.local/lib/python3.12/site-packages/airflow/example_dags/example_params_ui_tutorial.py
[2026-09-17T20:30:10.253+0000] {processor.py:914} INFO - Processing file /home/airflow/.local/lib/python3.12/site-packages/airflow/example_dags/example_params_ui_tutorial.py for tasks to queue
[2026-09-17T20:30:10.255+0000] {logging_mixin.py:190} INFO - [2026-09-17T20:30:10.254+0000] {dagbag.py:588} INFO - Filling up the DagBag from /home/airflow/.local/lib/python3.12/site-packages/airflow/example_dags/example_params_ui_tutorial.py
[2026-09-17T20:30:10.265+0000] {processor.py:925} INFO - DAG(s) 'example_params_ui_tutorial' retrieved from /home/airflow/.local/lib/python3.12/site-packages/airflow/example_dags/example_params_ui_tutorial.py
[2026-09-17T20:30:10.310+0000] {logging_mixin.py:190} INFO - [2026-09-17T20:30:10.310+0000] {dag.py:3239} INFO - Sync 1 DAGs
[2026-09-17T20:30:10.325+0000] {logging_mixin.py:190} INFO - [2026-09-17T20:30:10.324+0000] {dag.py:4180} INFO - Setting next_dagrun for example_params_ui_tutorial to None, run_after=None
[2026-09-17T20:30:10.348+0000] {processor.py:208} INFO - Processing /home/airflow/.local/lib/python3.12/site-packages/airflow/example_dags/example_params_ui_tutorial.py took 0.103 seconds
[2026-09-17T20:30:41.066+0000] {processor.py:186} INFO - Started process (PID=334) to work on /home/airflow/.local/lib/python3.12/site-packages/airflow/example_dags/example_params_ui_tutorial.py
[2026-09-17T20:30:41.068+0000] {processor.py:914} INFO - Processing file /home/airflow/.local/lib/python3.12/site-packages/airflow/example_dags/example_params_ui_tutorial.py for tasks to queue
[2026-09-17T20:30:41.071+0000] {logging_mixin.py:190} INFO - [2026-09-17T20:30:41.070+0000] {dagbag.py:588} INFO - Filling up the DagBag from /home/airflow/.local/lib/python3.12/site-packages/airflow/example_dags/example_params_ui_tutorial.py
[2026-09-17T20:30:41.084+0000] {processor.py:925} INFO - DAG(s) 'example_params_ui_tutorial' retrieved from /home/airflow/.local/lib/python3.12/site-packages/airflow/example_dags/example_params_ui_tutorial.py
[2026-09-17T20:30:41.131+0000] {logging_mixin.py:190} INFO - [2026-09-17T20:30:41.130+0000] {dag.py:3239} INFO - Sync 1 DAGs
[2026-09-17T20:30:41.147+0000] {logging_mixin.py:190} INFO - [2026-09-17T20:30:41.147+0000] {dag.py:4180} INFO - Setting next_dagrun for example_params_ui_tutorial to None, run_after=None
[2026-09-17T20:30:41.170+0000] {processor.py:208} INFO - Processing /home/airflow/.local/lib/python3.12/site-packages/airflow/example_dags/example_params_ui_tutorial.py took 0.112 seconds
[2026-09-17T20:31:11.541+0000] {processor.py:186} INFO - Started process (PID=399) to work on /home/airflow/.local/lib/python3.12/site-packages/airflow/example_dags/example_params_ui_tutorial.py
[2026-09-17T20:31:11.542+0000] {processor.py:914} INFO - Processing file /home/airflow/.local/lib/python3.12/site-packages/airflow/example_dags/example_params_ui_tutorial.py for tasks to queue
[2026-09-17T20:31:11.545+0000] {logging_mixin.py:190} INFO - [2026-09-17T20:31:11.544+0000] {dagbag.py:588} INFO - Filling up the DagBag from /home/airflow/.local/lib/python3.12/site-packages/airflow/example_dags/example_params_ui_tutorial.py
[2026-09-17T20:31:11.557+0000] {processor.py:925} INFO - DAG(s) 'example_params_ui_tutorial' retrieved from /home/airflow/.local/lib/python3.12/site-packages/airflow/example_dags/example_params_ui_tutorial.py
[2026-09-17T20:31:11.602+0000] {logging_mixin.py:190} INFO - [2026-09-17T20:31:11.602+0000] {dag.py:3239} INFO - Sync 1 DAGs
[2026-09-17T20:31:11.618+0000] {logging_mixin.py:190} INFO - [2026-09-17T20:31:11.618+0000] {dag.py:4180} INFO - Setting next_dagrun for example_params_ui_tutorial to None, run_after=None
[2026-09-17T20:31:11.642+0000] {processor.py:208} INFO - Processing /home/airflow/.local/lib/python3.12/site-packages/airflow/example_dags/example_params_ui_tutorial.py took 0.108 seconds
[2026-09-17T20:31:43.501+0000] {processor.py:186} INFO - Started process (PID=464) to work on /home/airflow/.local/lib/python3.12/site-packages/airflow/example_dags/example_params_ui_tutorial.py
[2026-09-17T20:31:43.504+0000] {processor.py:914} INFO - Processing file /home/airflow/.local/lib/python3.12/site-packages/airflow/example_dags/example_params_ui_tutorial.py for tasks to queue
[2026-09-17T20:31:43.507+0000] {logging_mixin.py:190} INFO - [2026-09-17T20:31:43.506+0000] {dagbag.py:588} INFO - Filling up the DagBag from /home/airflow/.local/lib/python3.12/site-packages/airflow/example_dags/example_params_ui_tutorial.py
[2026-09-17T20:31:43.522+0000] {processor.py:925} INFO - DAG(s) 'example_params_ui_tutorial' retrieved from /home/airflow/.local/lib/python3.12/site-packages/airflow/example_dags/example_params_ui_tutorial.py
[2026-09-17T20:31:43.572+0000] {logging_mixin.py:190} INFO - [2026-09-17T20:31:43.571+0000] {dag.py:3239} INFO - Sync 1 DAGs
[2026-09-17T20:31:43.587+0000] {logging_mixin.py:190} INFO - [2026-09-17T20:31:43.587+0000] {dag.py:4180} INFO - Setting next_dagrun for example_params_ui_tutorial to None, run_after=None
[2026-09-17T20:31:43.615+0000] {processor.py:208} INFO - Processing /home/airflow/.local/lib/python3.12/site-packages/airflow/example_dags/example_params_ui_tutorial.py took 0.122 seconds
[2026-09-17T20:32:20.231+0000] {processor.py:186} INFO - Started process (PID=530) to work on /home/airflow/.local/lib/python3.12/site-packages/airflow/example_dags/example_params_ui_tutorial.py
[2026-09-17T20:32:20.233+0000] {processor.py:914} INFO - Processing file /home/airflow/.local/lib/python3.12/site-packages/airflow/example_dags/example_params_ui_tutorial.py for tasks to queue
[2026-09-17T20:32:20.235+0000] {logging_mixin.py:190} INFO - [2026-09-17T20:32:20.234+0000] {dagbag.py:588} INFO - Filling up the DagBag from /home/airflow/.local/lib/python3.12/site-packages/airflow/example_dags/example_params_ui_tutorial.py
[2026-09-17T20:32:20.247+0000] {processor.py:925} INFO - DAG(s) 'example_params_ui_tutorial' retrieved from /home/airflow/.local/lib/python3.12/site-packages/airflow/example_dags/example_params_ui_tutorial.py
[2026-09-17T20:32:20.304+0000] {logging_mixin.py:190} INFO - [2026-09-17T20:32:20.303+0000] {dag.py:3239} INFO - Sync 1 DAGs
[2026-09-17T20:32:20.324+0000] {logging_mixin.py:190} INFO - [2026-09-17T20:32:20.324+0000] {dag.py:4180} INFO - Setting next_dagrun for example_params_ui_tutorial to None, run_after=None
[2026-09-17T20:32:20.348+0000] {processor.py:208} INFO - Processing /home/airflow/.local/lib/python3.12/site-packages/airflow/example_dags/example_params_ui_tutorial.py took 0.126 seconds
[2026-09-17T20:32:51.058+0000] {processor.py:186} INFO - Started process (PID=595) to work on /home/airflow/.local/lib/python3.12/site-packages/airflow/example_dags/example_params_ui_tutorial.py
[2026-09-17T20:32:51.060+0000] {processor.py:914} INFO - Processing file /home/airflow/.local/lib/python3.12/site-packages/airflow/example_dags/example_params_ui_tutorial.py for tasks to queue
[2026-09-17T20:32:51.063+0000] {logging_mixin.py:190} INFO - [2026-09-17T20:32:51.062+0000] {dagbag.py:588} INFO - Filling up the DagBag from /home/airflow/.local/lib/python3.12/site-packages/airflow/example_dags/example_params_ui_tutorial.py
[2026-09-17T20:32:51.075+0000] {processor.py:925} INFO - DAG(s) 'example_params_ui_tutorial' retrieved from /home/airflow/.local/lib/python3.12/site-packages/airflow/example_dags/example_params_ui_tutorial.py
[2026-09-17T20:32:51.131+0000] {logging_mixin.py:190} INFO - [2026-09-17T20:32:51.131+0000] {dag.py:3239} INFO - Sync 1 DAGs
[2026-09-17T20:32:51.148+0000] {logging_mixin.py:190} INFO - [2026-09-17T20:32:51.147+0000] {dag.py:4180} INFO - Setting next_dagrun for example_params_ui_tutorial to None, run_after=None
[2026-09-17T20:32:51.186+0000] {processor.py:208} INFO - Processing /home/airflow/.local/lib/python3.12/site-packages/airflow/example_dags/example_params_ui_tutorial.py took 0.135 seconds
[2026-09-17T20:33:21.806+0000] {processor.py:186} INFO - Started process (PID=660) to work on /home/airflow/.local/lib/python3.12/site-packages/airflow/example_dags/example_params_ui_tutorial.py
[2026-09-17T20:33:21.808+0000] {processor.py:914} INFO - Processing file /home/airflow/.local/lib/python3.12/site-packages/airflow/example_dags/example_params_ui_tutorial.py for tasks to queue
[2026-09-17T20:33:21.810+0000] {logging_mixin.py:190} INFO - [2026-09-17T20:33:21.809+0000] {dagbag.py:588} INFO - Filling up the DagBag from /home/airflow/.local/lib/python3.12/site-packages/airflow/example_dags/example_params_ui_tutorial.py
[2026-09-17T20:33:21.820+0000] {processor.py:925} INFO - DAG(s) 'example_params_ui_tutorial' retrieved from /home/airflow/.local/lib/python3.12/site-packages/airflow/example_dags/example_params_ui_tutorial.py
[2026-09-17T20:33:21.866+0000] {logging_mixin.py:190} INFO - [2026-09-17T20:33:21.866+0000] {dag.py:3239} INFO - Sync 1 DAGs
[2026-09-17T20:33:21.881+0000] {logging_mixin.py:190} INFO - [2026-09-17T20:33:21.880+0000] {dag.py:4180} INFO - Setting next_dagrun for example_params_ui_tutorial to None, run_after=None
[2026-09-17T20:33:21.904+0000] {processor.py:208} INFO - Processing /home/airflow/.local/lib/python3.12/site-packages/airflow/example_dags/example_params_ui_tutorial.py took 0.105 seconds
[2026-09-17T20:33:52.706+0000] {processor.py:186} INFO - Started process (PID=725) to work on /home/airflow/.local/lib/python3.12/site-packages/airflow/example_dags/example_params_ui_tutorial.py
[2026-09-17T20:33:52.708+0000] {processor.py:914} INFO - Processing file /home/airflow/.local/lib/python3.12/site-packages/airflow/example_dags/example_params_ui_tutorial.py for tasks to queue
[2026-09-17T20:33:52.711+0000] {logging_mixin.py:190} INFO - [2026-09-17T20:33:52.710+0000] {dagbag.py:588} INFO - Filling up the DagBag from /home/airflow/.local/lib/python3.12/site-packages/airflow/example_dags/example_params_ui_tutorial.py
[2026-09-17T20:33:52.722+0000] {processor.py:925} INFO - DAG(s) 'example_params_ui_tutorial' retrieved from /home/airflow/.local/lib/python3.12/site-packages/airflow/example_dags/example_params_ui_tutorial.py
[2026-09-17T20:33:52.773+0000] {logging_mixin.py:190} INFO - [2026-09-17T20:33:52.772+0000] {dag.py:3239} INFO - Sync 1 DAGs
[2026-09-17T20:33:52.791+0000] {logging_mixin.py:190} INFO - [2026-09-17T20:33:52.791+0000] {dag.py:4180} INFO - Setting next_dagrun for example_params_ui_tutorial to None, run_after=None
[2026-09-17T20:33:52.818+0000] {processor.py:208} INFO - Processing /home/airflow/.local/lib/python3.12/site-packages/airflow/example_dags/example_params_ui_tutorial.py took 0.119 seconds
[2026-09-17T20:34:23.455+0000] {processor.py:186} INFO - Started process (PID=790) to work on /home/airflow/.local/lib/python3.12/site-packages/airflow/example_dags/example_params_ui_tutorial.py
[2026-09-17T20:34:23.457+0000] {processor.py:914} INFO - Processing file /home/airflow/.local/lib/python3.12/site-packages/airflow/example_dags/example_params_ui_tutorial.py for tasks to queue
[2026-09-17T20:34:23.460+0000] {logging_mixin.py:190} INFO - [2026-09-17T20:34:23.459+0000] {dagbag.py:588} INFO - Filling up the DagBag from /home/airflow/.local/lib/python3.12/site-packages/airflow/example_dags/example_params_ui_tutorial.py
[2026-09-17T20:34:23.469+0000] {processor.py:925} INFO - DAG(s) 'example_params_ui_tutorial' retrieved from /home/airflow/.local/lib/python3.12/site-packages/airflow/example_dags/example_params_ui_tutorial.py
[2026-09-17T20:34:23.513+0000] {logging_mixin.py:190} INFO - [2026-09-17T20:34:23.512+0000] {dag.py:3239} INFO - Sync 1 DAGs
[2026-09-17T20:34:23.527+0000] {logging_mixin.py:190} INFO - [2026-09-17T20:34:23.527+0000] {dag.py:4180} INFO - Setting next_dagrun for example_params_ui_tutorial to None, run_after=None
[2026-09-17T20:34:23.550+0000] {processor.py:208} INFO - Processing /home/airflow/.local/lib/python3.12/site-packages/airflow/example_dags/example_params_ui_tutorial.py took 0.101 seconds
[2026-09-17T20:34:55.170+0000] {processor.py:186} INFO - Started process (PID=855) to work on /home/airflow/.local/lib/python3.12/site-packages/airflow/example_dags/example_params_ui_tutorial.py
[2026-09-17T20:34:55.172+0000] {processor.py:914} INFO - Processing file /home/airflow/.local/lib/python3.12/site-packages/airflow/example_dags/example_params_ui_tutorial.py for tasks to queue
[2026-09-17T20:34:55.175+0000] {logging_mixin.py:190} INFO - [2026-09-17T20:34:55.174+0000] {dagbag.py:588} INFO - Filling up the DagBag from /home/airflow/.local/lib/python3.12/site-packages/airflow/example_dags/example_params_ui_tutorial.py
[2026-09-17T20:34:55.185+0000] {processor.py:925} INFO - DAG(s) 'example_params_ui_tutorial' retrieved from /home/airflow/.local/lib/python3.12/site-packages/airflow/example_dags/example_params_ui_tutorial.py
[2026-09-17T20:34:55.230+0000] {logging_mixin.py:190} INFO - [2026-09-17T20:34:55.229+0000] {dag.py:3239} INFO - Sync 1 DAGs
[2026-09-17T20:34:55.244+0000] {logging_mixin.py:190} INFO - [2026-09-17T20:34:55.244+0000] {dag.py:4180} INFO - Setting next_dagrun for example_params_ui_tutorial to None, run_after=None
[2026-09-17T20:34:55.266+0000] {processor.py:208} INFO - Processing /home/airflow/.local/lib/python3.12/site-packages/airflow/example_dags/example_params_ui_tutorial.py took 0.117 seconds
[2026-09-17T20:35:26.598+0000] {processor.py:186} INFO - Started process (PID=920) to work on /home/airflow/.local/lib/python3.12/site-packages/airflow/example_dags/example_params_ui_tutorial.py
[2026-09-17T20:35:26.600+0000] {processor.py:914} INFO - Processing file /home/airflow/.local/lib/python3.12/site-packages/airflow/example_dags/example_params_ui_tutorial.py for tasks to queue
[2026-09-17T20:35:26.602+0000] {logging_mixin.py:190} INFO - [2026-09-17T20:35:26.602+0000] {dagbag.py:588} INFO - Filling up the DagBag from /home/airflow/.local/lib/python3.12/site-packages/airflow/example_dags/example_params_ui_tutorial.py
[2026-09-17T20:35:26.612+0000] {processor.py:925} INFO - DAG(s) 'example_params_ui_tutorial' retrieved from /home/airflow/.local/lib/python3.12/site-packages/airflow/example_dags/example_params_ui_tutorial.py
[2026-09-17T20:35:26.658+0000] {logging_mixin.py:190} INFO - [2026-09-17T20:35:26.658+0000] {dag.py:3239} INFO - Sync 1 DAGs
[2026-09-17T20:35:26.675+0000] {logging_mixin.py:190} INFO - [2026-09-17T20:35:26.675+0000] {dag.py:4180} INFO - Setting next_dagrun for example_params_ui_tutorial to None, run_after=None
[2026-09-17T20:35:26.698+0000] {processor.py:208} INFO - Processing /home/airflow/.local/lib/python3.12/site-packages/airflow/example_dags/example_params_ui_tutorial.py took 0.106 seconds
[2026-09-17T20:35:57.621+0000] {processor.py:186} INFO - Started process (PID=985) to work on /home/airflow/.local/lib/python3.12/site-packages/airflow/example_dags/example_params_ui_tutorial.py
[2026-09-17T20:35:57.623+0000] {processor.py:914} INFO - Processing file /home/airflow/.local/lib/python3.12/site-packages/airflow/example_dags/example_params_ui_tutorial.py for tasks to queue
[2026-09-17T20:35:57.625+0000] {logging_mixin.py:190} INFO - [2026-09-17T20:35:57.625+0000] {dagbag.py:588} INFO - Filling up the DagBag from /home/airflow/.local/lib/python3.12/site-packages/airflow/example_dags/example_params_ui_tutorial.py
[2026-09-17T20:35:57.634+0000] {processor.py:925} INFO - DAG(s) 'example_params_ui_tutorial' retrieved from /home/airflow/.local/lib/python3.12/site-packages/airflow/example_dags/example_params_ui_tutorial.py
[2026-09-17T20:35:57.681+0000] {logging_mixin.py:190} INFO - [2026-09-17T20:35:57.681+0000] {dag.py:3239} INFO - Sync 1 DAGs
[2026-09-17T20:35:57.698+0000] {logging_mixin.py:190} INFO - [2026-09-17T20:35:57.698+0000] {dag.py:4180} INFO - Setting next_dagrun for example_params_ui_tutorial to None, run_after=None
[2026-09-17T20:35:57.721+0000] {processor.py:208} INFO - Processing /home/airflow/.local/lib/python3.12/site-packages/airflow/example_dags/example_params_ui_tutorial.py took 0.107 seconds
[2026-09-17T20:36:28.787+0000] {processor.py:186} INFO - Started process (PID=1050) to work on /home/airflow/.local/lib/python3.12/site-packages/airflow/example_dags/example_params_ui_tutorial.py
[2026-09-17T20:36:28.789+0000] {processor.py:914} INFO - Processing file /home/airflow/.local/lib/python3.12/site-packages/airflow/example_dags/example_params_ui_tutorial.py for tasks to queue
[2026-09-17T20:36:28.792+0000] {logging_mixin.py:190} INFO - [2026-09-17T20:36:28.791+0000] {dagbag.py:588} INFO - Filling up the DagBag from /home/airflow/.local/lib/python3.12/site-packages/airflow/example_dags/example_params_ui_tutorial.py
[2026-09-17T20:36:28.805+0000] {processor.py:925} INFO - DAG(s) 'example_params_ui_tutorial' retrieved from /home/airflow/.local/lib/python3.12/site-packages/airflow/example_dags/example_params_ui_tutorial.py
[2026-09-17T20:36:28.856+0000] {logging_mixin.py:190} INFO - [2026-09-17T20:36:28.855+0000] {dag.py:3239} INFO - Sync 1 DAGs
[2026-09-17T20:36:28.875+0000] {logging_mixin.py:190} INFO - [2026-09-17T20:36:28.874+0000] {dag.py:4180} INFO - Setting next_dagrun for example_params_ui_tutorial to None, run_after=None
[2026-09-17T20:36:28.906+0000] {processor.py:208} INFO - Processing /home/airflow/.local/lib/python3.12/site-packages/airflow/example_dags/example_params_ui_tutorial.py took 0.126 seconds
[2026-09-17T20:37:00.294+0000] {processor.py:186} INFO - Started process (PID=1114) to work on /home/airflow/.local/lib/python3.12/site-packages/airflow/example_dags/example_params_ui_tutorial.py
[2026-09-17T20:37:00.296+0000] {processor.py:914} INFO - Processing file /home/airflow/.local/lib/python3.12/site-packages/airflow/example_dags/example_params_ui_tutorial.py for tasks to queue
[2026-09-17T20:37:00.299+0000] {logging_mixin.py:190} INFO - [2026-09-17T20:37:00.299+0000] {dagbag.py:588} INFO - Filling up the DagBag from /home/airflow/.local/lib/python3.12/site-packages/airflow/example_dags/example_params_ui_tutorial.py
[2026-09-17T20:37:00.316+0000] {processor.py:925} INFO - DAG(s) 'example_params_ui_tutorial' retrieved from /home/airflow/.local/lib/python3.12/site-packages/airflow/example_dags/example_params_ui_tutorial.py
[2026-09-17T20:37:00.377+0000] {logging_mixin.py:190} INFO - [2026-09-17T20:37:00.377+0000] {dag.py:3239} INFO - Sync 1 DAGs
[2026-09-17T20:37:00.400+0000] {logging_mixin.py:190} INFO - [2026-09-17T20:37:00.399+0000] {dag.py:4180} INFO - Setting next_dagrun for example_params_ui_tutorial to None, run_after=None
[2026-09-17T20:37:00.430+0000] {processor.py:208} INFO - Processing /home/airflow/.local/lib/python3.12/site-packages/airflow/example_dags/example_params_ui_tutorial.py took 0.143 seconds
[2026-09-17T20:37:31.447+0000] {processor.py:186} INFO - Started process (PID=1179) to work on /home/airflow/.local/lib/python3.12/site-packages/airflow/example_dags/example_params_ui_tutorial.py
[2026-09-17T20:37:31.449+0000] {processor.py:914} INFO - Processing file /home/airflow/.local/lib/python3.12/site-packages/airflow/example_dags/example_params_ui_tutorial.py for tasks to queue
[2026-09-17T20:37:31.452+0000] {logging_mixin.py:190} INFO - [2026-09-17T20:37:31.451+0000] {dagbag.py:588} INFO - Filling up the DagBag from /home/airflow/.local/lib/python3.12/site-packages/airflow/example_dags/example_params_ui_tutorial.py
[2026-09-17T20:37:31.464+0000] {processor.py:925} INFO - DAG(s) 'example_params_ui_tutorial' retrieved from /home/airflow/.local/lib/python3.12/site-packages/airflow/example_dags/example_params_ui_tutorial.py
[2026-09-17T20:37:31.513+0000] {logging_mixin.py:190} INFO - [2026-09-17T20:37:31.513+0000] {dag.py:3239} INFO - Sync 1 DAGs
[2026-09-17T20:37:31.530+0000] {logging_mixin.py:190} INFO - [2026-09-17T20:37:31.529+0000] {dag.py:4180} INFO - Setting next_dagrun for example_params_ui_tutorial to None, run_after=None
[2026-09-17T20:37:31.555+0000] {processor.py:208} INFO - Processing /home/airflow/.local/lib/python3.12/site-packages/airflow/example_dags/example_params_ui_tutorial.py took 0.115 seconds
[2026-09-17T20:38:02.454+0000] {processor.py:186} INFO - Started process (PID=1237) to work on /home/airflow/.local/lib/python3.12/site-packages/airflow/example_dags/example_params_ui_tutorial.py
[2026-09-17T20:38:02.456+0000] {processor.py:914} INFO - Processing file /home/airflow/.local/lib/python3.12/site-packages/airflow/example_dags/example_params_ui_tutorial.py for tasks to queue
[2026-09-17T20:38:02.458+0000] {logging_mixin.py:190} INFO - [2026-09-17T20:38:02.458+0000] {dagbag.py:588} INFO - Filling up the DagBag from /home/airflow/.local/lib/python3.12/site-packages/airflow/example_dags/example_params_ui_tutorial.py
[2026-09-17T20:38:02.469+0000] {processor.py:925} INFO - DAG(s) 'example_params_ui_tutorial' retrieved from /home/airflow/.local/lib/python3.12/site-packages/airflow/example_dags/example_params_ui_tutorial.py
[2026-09-17T20:38:02.513+0000] {logging_mixin.py:190} INFO - [2026-09-17T20:38:02.513+0000] {dag.py:3239} INFO - Sync 1 DAGs
[2026-09-17T20:38:02.529+0000] {logging_mixin.py:190} INFO - [2026-09-17T20:38:02.528+0000] {dag.py:4180} INFO - Setting next_dagrun for example_params_ui_tutorial to None, run_after=None
[2026-09-17T20:38:02.550+0000] {processor.py:208} INFO - Processing /home/airflow/.local/lib/python3.12/site-packages/airflow/example_dags/example_params_ui_tutorial.py took 0.102 seconds
[2026-09-17T20:38:33.320+0000] {processor.py:186} INFO - Started process (PID=1302) to work on /home/airflow/.local/lib/python3.12/site-packages/airflow/example_dags/example_params_ui_tutorial.py
[2026-09-17T20:38:33.322+0000] {processor.py:914} INFO - Processing file /home/airflow/.local/lib/python3.12/site-packages/airflow/example_dags/example_params_ui_tutorial.py for tasks to queue
[2026-09-17T20:38:33.324+0000] {logging_mixin.py:190} INFO - [2026-09-17T20:38:33.324+0000] {dagbag.py:588} INFO - Filling up the DagBag from /home/airflow/.local/lib/python3.12/site-packages/airflow/example_dags/example_params_ui_tutorial.py
[2026-09-17T20:38:33.336+0000] {processor.py:925} INFO - DAG(s) 'example_params_ui_tutorial' retrieved from /home/airflow/.local/lib/python3.12/site-packages/airflow/example_dags/example_params_ui_tutorial.py
[2026-09-17T20:38:33.386+0000] {logging_mixin.py:190} INFO - [2026-09-17T20:38:33.385+0000] {dag.py:3239} INFO - Sync 1 DAGs
[2026-09-17T20:38:33.401+0000] {logging_mixin.py:190} INFO - [2026-09-17T20:38:33.401+0000] {dag.py:4180} INFO - Setting next_dagrun for example_params_ui_tutorial to None, run_after=None
[2026-09-17T20:38:33.425+0000] {processor.py:208} INFO - Processing /home/airflow/.local/lib/python3.12/site-packages/airflow/example_dags/example_params_ui_tutorial.py took 0.112 seconds
[2026-09-17T20:39:03.520+0000] {processor.py:186} INFO - Started process (PID=1366) to work on /home/airflow/.local/lib/python3.12/site-packages/airflow/example_dags/example_params_ui_tutorial.py
[2026-09-17T20:39:03.522+0000] {processor.py:914} INFO - Processing file /home/airflow/.local/lib/python3.12/site-packages/airflow/example_dags/example_params_ui_tutorial.py for tasks to queue
[2026-09-17T20:39:03.524+0000] {logging_mixin.py:190} INFO - [2026-09-17T20:39:03.524+0000] {dagbag.py:588} INFO - Filling up the DagBag from /home/airflow/.local/lib/python3.12/site-packages/airflow/example_dags/example_params_ui_tutorial.py
[2026-09-17T20:39:03.536+0000] {processor.py:925} INFO - DAG(s) 'example_params_ui_tutorial' retrieved from /home/airflow/.local/lib/python3.12/site-packages/airflow/example_dags/example_params_ui_tutorial.py
[2026-09-17T20:39:03.587+0000] {logging_mixin.py:190} INFO - [2026-09-17T20:39:03.587+0000] {dag.py:3239} INFO - Sync 1 DAGs
[2026-09-17T20:39:03.607+0000] {logging_mixin.py:190} INFO - [2026-09-17T20:39:03.606+0000] {dag.py:4180} INFO - Setting next_dagrun for example_params_ui_tutorial to None, run_after=None
[2026-09-17T20:39:03.649+0000] {processor.py:208} INFO - Processing /home/airflow/.local/lib/python3.12/site-packages/airflow/example_dags/example_params_ui_tutorial.py took 0.136 seconds
[2026-09-17T20:39:33.968+0000] {processor.py:186} INFO - Started process (PID=1430) to work on /home/airflow/.local/lib/python3.12/site-packages/airflow/example_dags/example_params_ui_tutorial.py
[2026-09-17T20:39:33.970+0000] {processor.py:914} INFO - Processing file /home/airflow/.local/lib/python3.12/site-packages/airflow/example_dags/example_params_ui_tutorial.py for tasks to queue
[2026-09-17T20:39:33.972+0000] {logging_mixin.py:190} INFO - [2026-09-17T20:39:33.972+0000] {dagbag.py:588} INFO - Filling up the DagBag from /home/airflow/.local/lib/python3.12/site-packages/airflow/example_dags/example_params_ui_tutorial.py
[2026-09-17T20:39:33.981+0000] {processor.py:925} INFO - DAG(s) 'example_params_ui_tutorial' retrieved from /home/airflow/.local/lib/python3.12/site-packages/airflow/example_dags/example_params_ui_tutorial.py
[2026-09-17T20:39:34.026+0000] {logging_mixin.py:190} INFO - [2026-09-17T20:39:34.026+0000] {dag.py:3239} INFO - Sync 1 DAGs
[2026-09-17T20:39:34.041+0000] {logging_mixin.py:190} INFO - [2026-09-17T20:39:34.040+0000] {dag.py:4180} INFO - Setting next_dagrun for example_params_ui_tutorial to None, run_after=None
[2026-09-17T20:39:34.062+0000] {processor.py:208} INFO - Processing /home/airflow/.local/lib/python3.12/site-packages/airflow/example_dags/example_params_ui_tutorial.py took 0.100 seconds
[2026-09-17T20:40:04.840+0000] {processor.py:186} INFO - Started process (PID=1496) to work on /home/airflow/.local/lib/python3.12/site-packages/airflow/example_dags/example_params_ui_tutorial.py
[2026-09-17T20:40:04.842+0000] {processor.py:914} INFO - Processing file /home/airflow/.local/lib/python3.12/site-packages/airflow/example_dags/example_params_ui_tutorial.py for tasks to queue
[2026-09-17T20:40:04.845+0000] {logging_mixin.py:190} INFO - [2026-09-17T20:40:04.844+0000] {dagbag.py:588} INFO - Filling up the DagBag from /home/airflow/.local/lib/python3.12/site-packages/airflow/example_dags/example_params_ui_tutorial.py
[2026-09-17T20:40:04.859+0000] {processor.py:925} INFO - DAG(s) 'example_params_ui_tutorial' retrieved from /home/airflow/.local/lib/python3.12/site-packages/airflow/example_dags/example_params_ui_tutorial.py
[2026-09-17T20:40:04.912+0000] {logging_mixin.py:190} INFO - [2026-09-17T20:40:04.911+0000] {dag.py:3239} INFO - Sync 1 DAGs
[2026-09-17T20:40:04.929+0000] {logging_mixin.py:190} INFO - [2026-09-17T20:40:04.929+0000] {dag.py:4180} INFO - Setting next_dagrun for example_params_ui_tutorial to None, run_after=None
[2026-09-17T20:40:04.953+0000] {processor.py:208} INFO - Processing /home/airflow/.local/lib/python3.12/site-packages/airflow/example_dags/example_params_ui_tutorial.py took 0.123 seconds
[2026-09-17T20:40:35.122+0000] {processor.py:186} INFO - Started process (PID=1561) to work on /home/airflow/.local/lib/python3.12/site-packages/airflow/example_dags/example_params_ui_tutorial.py
[2026-09-17T20:40:35.124+0000] {processor.py:914} INFO - Processing file /home/airflow/.local/lib/python3.12/site-packages/airflow/example_dags/example_params_ui_tutorial.py for tasks to queue
[2026-09-17T20:40:35.126+0000] {logging_mixin.py:190} INFO - [2026-09-17T20:40:35.126+0000] {dagbag.py:588} INFO - Filling up the DagBag from /home/airflow/.local/lib/python3.12/site-packages/airflow/example_dags/example_params_ui_tutorial.py
[2026-09-17T20:40:35.137+0000] {processor.py:925} INFO - DAG(s) 'example_params_ui_tutorial' retrieved from /home/airflow/.local/lib/python3.12/site-packages/airflow/example_dags/example_params_ui_tutorial.py
[2026-09-17T20:40:35.184+0000] {logging_mixin.py:190} INFO - [2026-09-17T20:40:35.184+0000] {dag.py:3239} INFO - Sync 1 DAGs
[2026-09-17T20:40:35.199+0000] {logging_mixin.py:190} INFO - [2026-09-17T20:40:35.198+0000] {dag.py:4180} INFO - Setting next_dagrun for example_params_ui_tutorial to None, run_after=None
[2026-09-17T20:40:35.227+0000] {processor.py:208} INFO - Processing /home/airflow/.local/lib/python3.12/site-packages/airflow/example_dags/example_params_ui_tutorial.py took 0.111 seconds
[2026-09-17T20:41:05.556+0000] {processor.py:186} INFO - Started process (PID=1625) to work on /home/airflow/.local/lib/python3.12/site-packages/airflow/example_dags/example_params_ui_tutorial.py
[2026-09-17T20:41:05.557+0000] {processor.py:914} INFO - Processing file /home/airflow/.local/lib/python3.12/site-packages/airflow/example_dags/example_params_ui_tutorial.py for tasks to queue
[2026-09-17T20:41:05.560+0000] {logging_mixin.py:190} INFO - [2026-09-17T20:41:05.559+0000] {dagbag.py:588} INFO - Filling up the DagBag from /home/airflow/.local/lib/python3.12/site-packages/airflow/example_dags/example_params_ui_tutorial.py
[2026-09-17T20:41:05.570+0000] {processor.py:925} INFO - DAG(s) 'example_params_ui_tutorial' retrieved from /home/airflow/.local/lib/python3.12/site-packages/airflow/example_dags/example_params_ui_tutorial.py
[2026-09-17T20:41:05.616+0000] {logging_mixin.py:190} INFO - [2026-09-17T20:41:05.616+0000] {dag.py:3239} INFO - Sync 1 DAGs
[2026-09-17T20:41:05.631+0000] {logging_mixin.py:190} INFO - [2026-09-17T20:41:05.631+0000] {dag.py:4180} INFO - Setting next_dagrun for example_params_ui_tutorial to None, run_after=None
[2026-09-17T20:41:05.654+0000] {processor.py:208} INFO - Processing /home/airflow/.local/lib/python3.12/site-packages/airflow/example_dags/example_params_ui_tutorial.py took 0.104 seconds
[2026-09-17T20:41:35.944+0000] {processor.py:186} INFO - Started process (PID=1690) to work on /home/airflow/.local/lib/python3.12/site-packages/airflow/example_dags/example_params_ui_tutorial.py
[2026-09-17T20:41:35.946+0000] {processor.py:914} INFO - Processing file /home/airflow/.local/lib/python3.12/site-packages/airflow/example_dags/example_params_ui_tutorial.py for tasks to queue
[2026-09-17T20:41:35.949+0000] {logging_mixin.py:190} INFO - [2026-09-17T20:41:35.949+0000] {dagbag.py:588} INFO - Filling up the DagBag from /home/airflow/.local/lib/python3.12/site-packages/airflow/example_dags/example_params_ui_tutorial.py
[2026-09-17T20:41:35.959+0000] {processor.py:925} INFO - DAG(s) 'example_params_ui_tutorial' retrieved from /home/airflow/.local/lib/python3.12/site-packages/airflow/example_dags/example_params_ui_tutorial.py
[2026-09-17T20:41:36.003+0000] {logging_mixin.py:190} INFO - [2026-09-17T20:41:36.003+0000] {dag.py:3239} INFO - Sync 1 DAGs
[2026-09-17T20:41:36.019+0000] {logging_mixin.py:190} INFO - [2026-09-17T20:41:36.019+0000] {dag.py:4180} INFO - Setting next_dagrun for example_params_ui_tutorial to None, run_after=None
[2026-09-17T20:41:36.045+0000] {processor.py:208} INFO - Processing /home/airflow/.local/lib/python3.12/site-packages/airflow/example_dags/example_params_ui_tutorial.py took 0.106 seconds
[2026-09-17T20:42:06.221+0000] {processor.py:186} INFO - Started process (PID=1755) to work on /home/airflow/.local/lib/python3.12/site-packages/airflow/example_dags/example_params_ui_tutorial.py
[2026-09-17T20:42:06.223+0000] {processor.py:914} INFO - Processing file /home/airflow/.local/lib/python3.12/site-packages/airflow/example_dags/example_params_ui_tutorial.py for tasks to queue
[2026-09-17T20:42:06.225+0000] {logging_mixin.py:190} INFO - [2026-09-17T20:42:06.224+0000] {dagbag.py:588} INFO - Filling up the DagBag from /home/airflow/.local/lib/python3.12/site-packages/airflow/example_dags/example_params_ui_tutorial.py
[2026-09-17T20:42:06.235+0000] {processor.py:925} INFO - DAG(s) 'example_params_ui_tutorial' retrieved from /home/airflow/.local/lib/python3.12/site-packages/airflow/example_dags/example_params_ui_tutorial.py
[2026-09-17T20:42:06.281+0000] {logging_mixin.py:190} INFO - [2026-09-17T20:42:06.281+0000] {dag.py:3239} INFO - Sync 1 DAGs
[2026-09-17T20:42:06.297+0000] {logging_mixin.py:190} INFO - [2026-09-17T20:42:06.297+0000] {dag.py:4180} INFO - Setting next_dagrun for example_params_ui_tutorial to None, run_after=None
[2026-09-17T20:42:06.327+0000] {processor.py:208} INFO - Processing /home/airflow/.local/lib/python3.12/site-packages/airflow/example_dags/example_params_ui_tutorial.py took 0.112 seconds
[2026-09-17T20:42:36.667+0000] {processor.py:186} INFO - Started process (PID=1819) to work on /home/airflow/.local/lib/python3.12/site-packages/airflow/example_dags/example_params_ui_tutorial.py
[2026-09-17T20:42:36.695+0000] {processor.py:914} INFO - Processing file /home/airflow/.local/lib/python3.12/site-packages/airflow/example_dags/example_params_ui_tutorial.py for tasks to queue
[2026-09-17T20:42:36.705+0000] {logging_mixin.py:190} INFO - [2026-09-17T20:42:36.700+0000] {dagbag.py:588} INFO - Filling up the DagBag from /home/airflow/.local/lib/python3.12/site-packages/airflow/example_dags/example_params_ui_tutorial.py
[2026-09-17T20:42:36.761+0000] {processor.py:925} INFO - DAG(s) 'example_params_ui_tutorial' retrieved from /home/airflow/.local/lib/python3.12/site-packages/airflow/example_dags/example_params_ui_tutorial.py
[2026-09-17T20:42:37.044+0000] {logging_mixin.py:190} INFO - [2026-09-17T20:42:37.042+0000] {dag.py:3239} INFO - Sync 1 DAGs
[2026-09-17T20:42:37.130+0000] {logging_mixin.py:190} INFO - [2026-09-17T20:42:37.127+0000] {dag.py:4180} INFO - Setting next_dagrun for example_params_ui_tutorial to None, run_after=None
[2026-09-17T20:42:37.234+0000] {processor.py:208} INFO - Processing /home/airflow/.local/lib/python3.12/site-packages/airflow/example_dags/example_params_ui_tutorial.py took 0.610 seconds
[2026-09-17T20:43:08.066+0000] {processor.py:186} INFO - Started process (PID=1877) to work on /home/airflow/.local/lib/python3.12/site-packages/airflow/example_dags/example_params_ui_tutorial.py
[2026-09-17T20:43:08.071+0000] {processor.py:914} INFO - Processing file /home/airflow/.local/lib/python3.12/site-packages/airflow/example_dags/example_params_ui_tutorial.py for tasks to queue
[2026-09-17T20:43:08.078+0000] {logging_mixin.py:190} INFO - [2026-09-17T20:43:08.076+0000] {dagbag.py:588} INFO - Filling up the DagBag from /home/airflow/.local/lib/python3.12/site-packages/airflow/example_dags/example_params_ui_tutorial.py
[2026-09-17T20:43:08.143+0000] {processor.py:925} INFO - DAG(s) 'example_params_ui_tutorial' retrieved from /home/airflow/.local/lib/python3.12/site-packages/airflow/example_dags/example_params_ui_tutorial.py
[2026-09-17T20:43:08.275+0000] {logging_mixin.py:190} INFO - [2026-09-17T20:43:08.275+0000] {dag.py:3239} INFO - Sync 1 DAGs
[2026-09-17T20:43:08.300+0000] {logging_mixin.py:190} INFO - [2026-09-17T20:43:08.299+0000] {dag.py:4180} INFO - Setting next_dagrun for example_params_ui_tutorial to None, run_after=None
[2026-09-17T20:43:08.345+0000] {processor.py:208} INFO - Processing /home/airflow/.local/lib/python3.12/site-packages/airflow/example_dags/example_params_ui_tutorial.py took 0.314 seconds
[2026-09-17T20:44:06.533+0000] {processor.py:186} INFO - Started process (PID=1951) to work on /home/airflow/.local/lib/python3.12/site-packages/airflow/example_dags/example_params_ui_tutorial.py
[2026-09-17T20:44:06.538+0000] {processor.py:914} INFO - Processing file /home/airflow/.local/lib/python3.12/site-packages/airflow/example_dags/example_params_ui_tutorial.py for tasks to queue
[2026-09-17T20:44:06.543+0000] {logging_mixin.py:190} INFO - [2026-09-17T20:44:06.542+0000] {dagbag.py:588} INFO - Filling up the DagBag from /home/airflow/.local/lib/python3.12/site-packages/airflow/example_dags/example_params_ui_tutorial.py
[2026-09-17T20:44:06.577+0000] {processor.py:925} INFO - DAG(s) 'example_params_ui_tutorial' retrieved from /home/airflow/.local/lib/python3.12/site-packages/airflow/example_dags/example_params_ui_tutorial.py
[2026-09-17T20:44:06.753+0000] {logging_mixin.py:190} INFO - [2026-09-17T20:44:06.752+0000] {dag.py:3239} INFO - Sync 1 DAGs
[2026-09-17T20:44:06.817+0000] {logging_mixin.py:190} INFO - [2026-09-17T20:44:06.816+0000] {dag.py:4180} INFO - Setting next_dagrun for example_params_ui_tutorial to None, run_after=None
[2026-09-17T20:44:06.925+0000] {processor.py:208} INFO - Processing /home/airflow/.local/lib/python3.12/site-packages/airflow/example_dags/example_params_ui_tutorial.py took 0.423 seconds
[2026-09-17T20:44:37.907+0000] {processor.py:186} INFO - Started process (PID=2016) to work on /home/airflow/.local/lib/python3.12/site-packages/airflow/example_dags/example_params_ui_tutorial.py
[2026-09-17T20:44:37.912+0000] {processor.py:914} INFO - Processing file /home/airflow/.local/lib/python3.12/site-packages/airflow/example_dags/example_params_ui_tutorial.py for tasks to queue
[2026-09-17T20:44:37.917+0000] {logging_mixin.py:190} INFO - [2026-09-17T20:44:37.916+0000] {dagbag.py:588} INFO - Filling up the DagBag from /home/airflow/.local/lib/python3.12/site-packages/airflow/example_dags/example_params_ui_tutorial.py
[2026-09-17T20:44:37.942+0000] {processor.py:925} INFO - DAG(s) 'example_params_ui_tutorial' retrieved from /home/airflow/.local/lib/python3.12/site-packages/airflow/example_dags/example_params_ui_tutorial.py
[2026-09-17T20:44:38.032+0000] {logging_mixin.py:190} INFO - [2026-09-17T20:44:38.031+0000] {dag.py:3239} INFO - Sync 1 DAGs
[2026-09-17T20:44:38.069+0000] {logging_mixin.py:190} INFO - [2026-09-17T20:44:38.069+0000] {dag.py:4180} INFO - Setting next_dagrun for example_params_ui_tutorial to None, run_after=None
[2026-09-17T20:44:38.115+0000] {processor.py:208} INFO - Processing /home/airflow/.local/lib/python3.12/site-packages/airflow/example_dags/example_params_ui_tutorial.py took 0.221 seconds
[2026-09-17T20:45:11.055+0000] {processor.py:186} INFO - Started process (PID=2082) to work on /home/airflow/.local/lib/python3.12/site-packages/airflow/example_dags/example_params_ui_tutorial.py
[2026-09-17T20:45:11.060+0000] {processor.py:914} INFO - Processing file /home/airflow/.local/lib/python3.12/site-packages/airflow/example_dags/example_params_ui_tutorial.py for tasks to queue
[2026-09-17T20:45:11.064+0000] {logging_mixin.py:190} INFO - [2026-09-17T20:45:11.063+0000] {dagbag.py:588} INFO - Filling up the DagBag from /home/airflow/.local/lib/python3.12/site-packages/airflow/example_dags/example_params_ui_tutorial.py
[2026-09-17T20:45:11.108+0000] {processor.py:925} INFO - DAG(s) 'example_params_ui_tutorial' retrieved from /home/airflow/.local/lib/python3.12/site-packages/airflow/example_dags/example_params_ui_tutorial.py
[2026-09-17T20:45:11.221+0000] {logging_mixin.py:190} INFO - [2026-09-17T20:45:11.221+0000] {dag.py:3239} INFO - Sync 1 DAGs
[2026-09-17T20:45:13.280+0000] {logging_mixin.py:190} INFO - [2026-09-17T20:45:13.280+0000] {dag.py:4180} INFO - Setting next_dagrun for example_params_ui_tutorial to None, run_after=None
[2026-09-17T20:45:13.681+0000] {processor.py:208} INFO - Processing /home/airflow/.local/lib/python3.12/site-packages/airflow/example_dags/example_params_ui_tutorial.py took 2.635 seconds
[2026-09-17T20:45:44.758+0000] {processor.py:186} INFO - Started process (PID=2143) to work on /home/airflow/.local/lib/python3.12/site-packages/airflow/example_dags/example_params_ui_tutorial.py
[2026-09-17T20:45:44.760+0000] {processor.py:914} INFO - Processing file /home/airflow/.local/lib/python3.12/site-packages/airflow/example_dags/example_params_ui_tutorial.py for tasks to queue
[2026-09-17T20:45:44.762+0000] {logging_mixin.py:190} INFO - [2026-09-17T20:45:44.761+0000] {dagbag.py:588} INFO - Filling up the DagBag from /home/airflow/.local/lib/python3.12/site-packages/airflow/example_dags/example_params_ui_tutorial.py
[2026-09-17T20:45:44.772+0000] {processor.py:925} INFO - DAG(s) 'example_params_ui_tutorial' retrieved from /home/airflow/.local/lib/python3.12/site-packages/airflow/example_dags/example_params_ui_tutorial.py
[2026-09-17T20:45:44.824+0000] {logging_mixin.py:190} INFO - [2026-09-17T20:45:44.823+0000] {dag.py:3239} INFO - Sync 1 DAGs
[2026-09-17T20:45:44.846+0000] {logging_mixin.py:190} INFO - [2026-09-17T20:45:44.846+0000] {dag.py:4180} INFO - Setting next_dagrun for example_params_ui_tutorial to None, run_after=None
[2026-09-17T20:45:44.874+0000] {processor.py:208} INFO - Processing /home/airflow/.local/lib/python3.12/site-packages/airflow/example_dags/example_params_ui_tutorial.py took 0.123 seconds
[2026-09-17T20:46:15.400+0000] {processor.py:186} INFO - Started process (PID=2208) to work on /home/airflow/.local/lib/python3.12/site-packages/airflow/example_dags/example_params_ui_tutorial.py
[2026-09-17T20:46:15.402+0000] {processor.py:914} INFO - Processing file /home/airflow/.local/lib/python3.12/site-packages/airflow/example_dags/example_params_ui_tutorial.py for tasks to queue
[2026-09-17T20:46:15.405+0000] {logging_mixin.py:190} INFO - [2026-09-17T20:46:15.404+0000] {dagbag.py:588} INFO - Filling up the DagBag from /home/airflow/.local/lib/python3.12/site-packages/airflow/example_dags/example_params_ui_tutorial.py
[2026-09-17T20:46:15.417+0000] {processor.py:925} INFO - DAG(s) 'example_params_ui_tutorial' retrieved from /home/airflow/.local/lib/python3.12/site-packages/airflow/example_dags/example_params_ui_tutorial.py
[2026-09-17T20:46:15.479+0000] {logging_mixin.py:190} INFO - [2026-09-17T20:46:15.478+0000] {dag.py:3239} INFO - Sync 1 DAGs
[2026-09-17T20:46:15.496+0000] {logging_mixin.py:190} INFO - [2026-09-17T20:46:15.496+0000] {dag.py:4180} INFO - Setting next_dagrun for example_params_ui_tutorial to None, run_after=None
[2026-09-17T20:46:15.531+0000] {processor.py:208} INFO - Processing /home/airflow/.local/lib/python3.12/site-packages/airflow/example_dags/example_params_ui_tutorial.py took 0.138 seconds
[2026-09-17T20:46:50.865+0000] {processor.py:186} INFO - Started process (PID=2278) to work on /home/airflow/.local/lib/python3.12/site-packages/airflow/example_dags/example_params_ui_tutorial.py
[2026-09-17T20:46:50.867+0000] {processor.py:914} INFO - Processing file /home/airflow/.local/lib/python3.12/site-packages/airflow/example_dags/example_params_ui_tutorial.py for tasks to queue
[2026-09-17T20:46:50.870+0000] {logging_mixin.py:190} INFO - [2026-09-17T20:46:50.869+0000] {dagbag.py:588} INFO - Filling up the DagBag from /home/airflow/.local/lib/python3.12/site-packages/airflow/example_dags/example_params_ui_tutorial.py
[2026-09-17T20:46:50.889+0000] {processor.py:925} INFO - DAG(s) 'example_params_ui_tutorial' retrieved from /home/airflow/.local/lib/python3.12/site-packages/airflow/example_dags/example_params_ui_tutorial.py
[2026-09-17T20:46:50.957+0000] {logging_mixin.py:190} INFO - [2026-09-17T20:46:50.956+0000] {dag.py:3239} INFO - Sync 1 DAGs
[2026-09-17T20:46:50.976+0000] {logging_mixin.py:190} INFO - [2026-09-17T20:46:50.975+0000] {dag.py:4180} INFO - Setting next_dagrun for example_params_ui_tutorial to None, run_after=None
[2026-09-17T20:46:50.999+0000] {processor.py:208} INFO - Processing /home/airflow/.local/lib/python3.12/site-packages/airflow/example_dags/example_params_ui_tutorial.py took 0.141 seconds
[2026-09-17T20:47:23.914+0000] {processor.py:186} INFO - Started process (PID=2343) to work on /home/airflow/.local/lib/python3.12/site-packages/airflow/example_dags/example_params_ui_tutorial.py
[2026-09-17T20:47:23.918+0000] {processor.py:914} INFO - Processing file /home/airflow/.local/lib/python3.12/site-packages/airflow/example_dags/example_params_ui_tutorial.py for tasks to queue
[2026-09-17T20:47:23.923+0000] {logging_mixin.py:190} INFO - [2026-09-17T20:47:23.922+0000] {dagbag.py:588} INFO - Filling up the DagBag from /home/airflow/.local/lib/python3.12/site-packages/airflow/example_dags/example_params_ui_tutorial.py
[2026-09-17T20:47:23.948+0000] {processor.py:925} INFO - DAG(s) 'example_params_ui_tutorial' retrieved from /home/airflow/.local/lib/python3.12/site-packages/airflow/example_dags/example_params_ui_tutorial.py
[2026-09-17T20:47:24.054+0000] {logging_mixin.py:190} INFO - [2026-09-17T20:47:24.054+0000] {dag.py:3239} INFO - Sync 1 DAGs
[2026-09-17T20:47:24.098+0000] {logging_mixin.py:190} INFO - [2026-09-17T20:47:24.098+0000] {dag.py:4180} INFO - Setting next_dagrun for example_params_ui_tutorial to None, run_after=None
[2026-09-17T20:47:24.158+0000] {processor.py:208} INFO - Processing /home/airflow/.local/lib/python3.12/site-packages/airflow/example_dags/example_params_ui_tutorial.py took 0.257 seconds
[2026-09-17T20:47:54.569+0000] {processor.py:186} INFO - Started process (PID=2408) to work on /home/airflow/.local/lib/python3.12/site-packages/airflow/example_dags/example_params_ui_tutorial.py
[2026-09-17T20:47:54.570+0000] {processor.py:914} INFO - Processing file /home/airflow/.local/lib/python3.12/site-packages/airflow/example_dags/example_params_ui_tutorial.py for tasks to queue
[2026-09-17T20:47:54.573+0000] {logging_mixin.py:190} INFO - [2026-09-17T20:47:54.573+0000] {dagbag.py:588} INFO - Filling up the DagBag from /home/airflow/.local/lib/python3.12/site-packages/airflow/example_dags/example_params_ui_tutorial.py
[2026-09-17T20:47:54.583+0000] {processor.py:925} INFO - DAG(s) 'example_params_ui_tutorial' retrieved from /home/airflow/.local/lib/python3.12/site-packages/airflow/example_dags/example_params_ui_tutorial.py
[2026-09-17T20:47:54.635+0000] {logging_mixin.py:190} INFO - [2026-09-17T20:47:54.633+0000] {dag.py:3239} INFO - Sync 1 DAGs
[2026-09-17T20:47:54.650+0000] {logging_mixin.py:190} INFO - [2026-09-17T20:47:54.649+0000] {dag.py:4180} INFO - Setting next_dagrun for example_params_ui_tutorial to None, run_after=None
[2026-09-17T20:47:54.675+0000] {processor.py:208} INFO - Processing /home/airflow/.local/lib/python3.12/site-packages/airflow/example_dags/example_params_ui_tutorial.py took 0.113 seconds
[2026-09-17T20:48:25.163+0000] {processor.py:186} INFO - Started process (PID=2473) to work on /home/airflow/.local/lib/python3.12/site-packages/airflow/example_dags/example_params_ui_tutorial.py
[2026-09-17T20:48:25.165+0000] {processor.py:914} INFO - Processing file /home/airflow/.local/lib/python3.12/site-packages/airflow/example_dags/example_params_ui_tutorial.py for tasks to queue
[2026-09-17T20:48:25.168+0000] {logging_mixin.py:190} INFO - [2026-09-17T20:48:25.167+0000] {dagbag.py:588} INFO - Filling up the DagBag from /home/airflow/.local/lib/python3.12/site-packages/airflow/example_dags/example_params_ui_tutorial.py
[2026-09-17T20:48:25.188+0000] {processor.py:925} INFO - DAG(s) 'example_params_ui_tutorial' retrieved from /home/airflow/.local/lib/python3.12/site-packages/airflow/example_dags/example_params_ui_tutorial.py
[2026-09-17T20:48:25.279+0000] {logging_mixin.py:190} INFO - [2026-09-17T20:48:25.279+0000] {dag.py:3239} INFO - Sync 1 DAGs
[2026-09-17T20:48:25.323+0000] {logging_mixin.py:190} INFO - [2026-09-17T20:48:25.323+0000] {dag.py:4180} INFO - Setting next_dagrun for example_params_ui_tutorial to None, run_after=None
[2026-09-17T20:48:25.378+0000] {processor.py:208} INFO - Processing /home/airflow/.local/lib/python3.12/site-packages/airflow/example_dags/example_params_ui_tutorial.py took 0.225 seconds
