[2026-09-17T18:40:44.661+0000] {processor.py:161} INFO - Started process (PID=77) to work on /home/airflow/.local/lib/python3.8/site-packages/airflow/example_dags/example_subdag_operator.py
[2026-09-17T18:40:44.665+0000] {processor.py:830} INFO - Processing file /home/airflow/.local/lib/python3.8/site-packages/airflow/example_dags/example_subdag_operator.py for tasks to queue
[2026-09-17T18:40:44.670+0000] {logging_mixin.py:188} INFO - [2026-09-17T18:40:44.669+0000] {dagbag.py:538} INFO - Filling up the DagBag from /home/airflow/.local/lib/python3.8/site-packages/airflow/example_dags/example_subdag_operator.py
[2026-09-17T18:40:44.742+0000] {processor.py:840} INFO - DAG(s) 'example_subdag_operator.section-1', 'example_subdag_operator.section-2', 'example_subdag_operator' retrieved from /home/airflow/.local/lib/python3.8/site-packages/airflow/example_dags/example_subdag_operator.py
[2026-09-17T18:40:44.751+0000] {logging_mixin.py:188} INFO - [2026-09-17T18:40:44.750+0000] {dag.py:3036} INFO - Sync 3 DAGs
[2026-09-17T18:40:44.789+0000] {logging_mixin.py:188} INFO - [2026-09-17T18:40:44.789+0000] {dag.py:3823} INFO - Setting next_dagrun for example_subdag_operator to 2022-01-01 00:00:00+00:00, run_after=2022-01-01 00:00:00+00:00
[2026-09-17T18:40:44.796+0000] {logging_mixin.py:188} INFO - [2026-09-17T18:40:44.795+0000] {dag.py:3823} INFO - Setting next_dagrun for example_subdag_operator.section-1 to None, run_after=None
[2026-09-17T18:40:44.799+0000] {logging_mixin.py:188} INFO - [2026-09-17T18:40:44.798+0000] {dag.py:3823} INFO - Setting next_dagrun for example_subdag_operator.section-2 to None, run_after=None
[2026-09-17T18:40:44.811+0000] {logging_mixin.py:188} INFO - [2026-09-17T18:40:44.810+0000] {dag.py:3036} INFO - Sync 2 DAGs
[2026-09-17T18:40:44.822+0000] {logging_mixin.py:188} INFO - [2026-09-17T18:40:44.822+0000] {dag.py:3823} INFO - Setting next_dagrun for example_subdag_operator.section-1 to None, run_after=None
[2026-09-17T18:40:44.824+0000] {logging_mixin.py:188} INFO - [2026-09-17T18:40:44.824+0000] {dag.py:3823} INFO - Setting next_dagrun for example_subdag_operator.section-2 to None, run_after=None
[2026-09-17T18:40:44.851+0000] {processor.py:183} INFO - Processing /home/airflow/.local/lib/python3.8/site-packages/airflow/example_dags/example_subdag_operator.py took 0.200 seconds
[2026-09-17T18:41:16.862+0000] {processor.py:161} INFO - Started process (PID=134) to work on /home/airflow/.local/lib/python3.8/site-packages/airflow/example_dags/example_subdag_operator.py
[2026-09-17T18:41:16.864+0000] {processor.py:830} INFO - Processing file /home/airflow/.local/lib/python3.8/site-packages/airflow/example_dags/example_subdag_operator.py for tasks to queue
[2026-09-17T18:41:16.868+0000] {logging_mixin.py:188} INFO - [2026-09-17T18:41:16.868+0000] {dagbag.py:538} INFO - Filling up the DagBag from /home/airflow/.local/lib/python3.8/site-packages/airflow/example_dags/example_subdag_operator.py
[2026-09-17T18:41:16.913+0000] {processor.py:840} INFO - DAG(s) 'example_subdag_operator.section-1', 'example_subdag_operator.section-2', 'example_subdag_operator' retrieved from /home/airflow/.local/lib/python3.8/site-packages/airflow/example_dags/example_subdag_operator.py
[2026-09-17T18:41:17.070+0000] {logging_mixin.py:188} INFO - [2026-09-17T18:41:17.070+0000] {dag.py:3036} INFO - Sync 3 DAGs
[2026-09-17T18:41:17.100+0000] {logging_mixin.py:188} INFO - [2026-09-17T18:41:17.100+0000] {dag.py:3823} INFO - Setting next_dagrun for example_subdag_operator to 2022-01-01 00:00:00+00:00, run_after=2022-01-01 00:00:00+00:00
[2026-09-17T18:41:17.107+0000] {logging_mixin.py:188} INFO - [2026-09-17T18:41:17.106+0000] {dag.py:3823} INFO - Setting next_dagrun for example_subdag_operator.section-1 to None, run_after=None
[2026-09-17T18:41:17.111+0000] {logging_mixin.py:188} INFO - [2026-09-17T18:41:17.111+0000] {dag.py:3823} INFO - Setting next_dagrun for example_subdag_operator.section-2 to None, run_after=None
[2026-09-17T18:41:17.129+0000] {logging_mixin.py:188} INFO - [2026-09-17T18:41:17.128+0000] {dag.py:3036} INFO - Sync 2 DAGs
[2026-09-17T18:41:17.140+0000] {logging_mixin.py:188} INFO - [2026-09-17T18:41:17.140+0000] {dag.py:3823} INFO - Setting next_dagrun for example_subdag_operator.section-1 to None, run_after=None
[2026-09-17T18:41:17.142+0000] {logging_mixin.py:188} INFO - [2026-09-17T18:41:17.142+0000] {dag.py:3823} INFO - Setting next_dagrun for example_subdag_operator.section-2 to None, run_after=None
[2026-09-17T18:41:17.166+0000] {processor.py:183} INFO - Processing /home/airflow/.local/lib/python3.8/site-packages/airflow/example_dags/example_subdag_operator.py took 0.310 seconds
[2026-09-17T18:41:48.037+0000] {processor.py:161} INFO - Started process (PID=183) to work on /home/airflow/.local/lib/python3.8/site-packages/airflow/example_dags/example_subdag_operator.py
[2026-09-17T18:41:48.039+0000] {processor.py:830} INFO - Processing file /home/airflow/.local/lib/python3.8/site-packages/airflow/example_dags/example_subdag_operator.py for tasks to queue
[2026-09-17T18:41:48.042+0000] {logging_mixin.py:188} INFO - [2026-09-17T18:41:48.041+0000] {dagbag.py:538} INFO - Filling up the DagBag from /home/airflow/.local/lib/python3.8/site-packages/airflow/example_dags/example_subdag_operator.py
[2026-09-17T18:41:48.075+0000] {processor.py:840} INFO - DAG(s) 'example_subdag_operator.section-1', 'example_subdag_operator.section-2', 'example_subdag_operator' retrieved from /home/airflow/.local/lib/python3.8/site-packages/airflow/example_dags/example_subdag_operator.py
[2026-09-17T18:41:48.081+0000] {logging_mixin.py:188} INFO - [2026-09-17T18:41:48.081+0000] {dag.py:3036} INFO - Sync 3 DAGs
[2026-09-17T18:41:48.108+0000] {logging_mixin.py:188} INFO - [2026-09-17T18:41:48.107+0000] {dag.py:3823} INFO - Setting next_dagrun for example_subdag_operator to 2022-01-01 00:00:00+00:00, run_after=2022-01-01 00:00:00+00:00
[2026-09-17T18:41:48.115+0000] {logging_mixin.py:188} INFO - [2026-09-17T18:41:48.114+0000] {dag.py:3823} INFO - Setting next_dagrun for example_subdag_operator.section-1 to None, run_after=None
[2026-09-17T18:41:48.119+0000] {logging_mixin.py:188} INFO - [2026-09-17T18:41:48.119+0000] {dag.py:3823} INFO - Setting next_dagrun for example_subdag_operator.section-2 to None, run_after=None
[2026-09-17T18:41:48.132+0000] {logging_mixin.py:188} INFO - [2026-09-17T18:41:48.132+0000] {dag.py:3036} INFO - Sync 2 DAGs
[2026-09-17T18:41:48.141+0000] {logging_mixin.py:188} INFO - [2026-09-17T18:41:48.141+0000] {dag.py:3823} INFO - Setting next_dagrun for example_subdag_operator.section-1 to None, run_after=None
[2026-09-17T18:41:48.143+0000] {logging_mixin.py:188} INFO - [2026-09-17T18:41:48.143+0000] {dag.py:3823} INFO - Setting next_dagrun for example_subdag_operator.section-2 to None, run_after=None
[2026-09-17T18:41:48.166+0000] {processor.py:183} INFO - Processing /home/airflow/.local/lib/python3.8/site-packages/airflow/example_dags/example_subdag_operator.py took 0.133 seconds
[2026-09-17T18:42:19.038+0000] {processor.py:161} INFO - Started process (PID=240) to work on /home/airflow/.local/lib/python3.8/site-packages/airflow/example_dags/example_subdag_operator.py
[2026-09-17T18:42:19.041+0000] {processor.py:830} INFO - Processing file /home/airflow/.local/lib/python3.8/site-packages/airflow/example_dags/example_subdag_operator.py for tasks to queue
[2026-09-17T18:42:19.044+0000] {logging_mixin.py:188} INFO - [2026-09-17T18:42:19.044+0000] {dagbag.py:538} INFO - Filling up the DagBag from /home/airflow/.local/lib/python3.8/site-packages/airflow/example_dags/example_subdag_operator.py
[2026-09-17T18:42:19.083+0000] {processor.py:840} INFO - DAG(s) 'example_subdag_operator.section-1', 'example_subdag_operator.section-2', 'example_subdag_operator' retrieved from /home/airflow/.local/lib/python3.8/site-packages/airflow/example_dags/example_subdag_operator.py
[2026-09-17T18:42:19.090+0000] {logging_mixin.py:188} INFO - [2026-09-17T18:42:19.089+0000] {dag.py:3036} INFO - Sync 3 DAGs
[2026-09-17T18:42:19.119+0000] {logging_mixin.py:188} INFO - [2026-09-17T18:42:19.119+0000] {dag.py:3823} INFO - Setting next_dagrun for example_subdag_operator to 2022-01-01 00:00:00+00:00, run_after=2022-01-01 00:00:00+00:00
[2026-09-17T18:42:19.126+0000] {logging_mixin.py:188} INFO - [2026-09-17T18:42:19.126+0000] {dag.py:3823} INFO - Setting next_dagrun for example_subdag_operator.section-1 to None, run_after=None
[2026-09-17T18:42:19.129+0000] {logging_mixin.py:188} INFO - [2026-09-17T18:42:19.129+0000] {dag.py:3823} INFO - Setting next_dagrun for example_subdag_operator.section-2 to None, run_after=None
[2026-09-17T18:42:19.143+0000] {logging_mixin.py:188} INFO - [2026-09-17T18:42:19.143+0000] {dag.py:3036} INFO - Sync 2 DAGs
[2026-09-17T18:42:19.154+0000] {logging_mixin.py:188} INFO - [2026-09-17T18:42:19.154+0000] {dag.py:3823} INFO - Setting next_dagrun for example_subdag_operator.section-1 to None, run_after=None
[2026-09-17T18:42:19.156+0000] {logging_mixin.py:188} INFO - [2026-09-17T18:42:19.155+0000] {dag.py:3823} INFO - Setting next_dagrun for example_subdag_operator.section-2 to None, run_after=None
[2026-09-17T18:42:19.177+0000] {processor.py:183} INFO - Processing /home/airflow/.local/lib/python3.8/site-packages/airflow/example_dags/example_subdag_operator.py took 0.143 seconds
[2026-09-17T18:42:49.819+0000] {processor.py:161} INFO - Started process (PID=297) to work on /home/airflow/.local/lib/python3.8/site-packages/airflow/example_dags/example_subdag_operator.py
[2026-09-17T18:42:49.820+0000] {processor.py:830} INFO - Processing file /home/airflow/.local/lib/python3.8/site-packages/airflow/example_dags/example_subdag_operator.py for tasks to queue
[2026-09-17T18:42:49.825+0000] {logging_mixin.py:188} INFO - [2026-09-17T18:42:49.824+0000] {dagbag.py:538} INFO - Filling up the DagBag from /home/airflow/.local/lib/python3.8/site-packages/airflow/example_dags/example_subdag_operator.py
[2026-09-17T18:42:49.860+0000] {processor.py:840} INFO - DAG(s) 'example_subdag_operator.section-1', 'example_subdag_operator.section-2', 'example_subdag_operator' retrieved from /home/airflow/.local/lib/python3.8/site-packages/airflow/example_dags/example_subdag_operator.py
[2026-09-17T18:42:49.978+0000] {logging_mixin.py:188} INFO - [2026-09-17T18:42:49.978+0000] {dag.py:3036} INFO - Sync 3 DAGs
[2026-09-17T18:42:49.999+0000] {logging_mixin.py:188} INFO - [2026-09-17T18:42:49.999+0000] {dag.py:3823} INFO - Setting next_dagrun for example_subdag_operator to 2022-01-01 00:00:00+00:00, run_after=2022-01-01 00:00:00+00:00
[2026-09-17T18:42:50.004+0000] {logging_mixin.py:188} INFO - [2026-09-17T18:42:50.004+0000] {dag.py:3823} INFO - Setting next_dagrun for example_subdag_operator.section-1 to None, run_after=None
[2026-09-17T18:42:50.007+0000] {logging_mixin.py:188} INFO - [2026-09-17T18:42:50.007+0000] {dag.py:3823} INFO - Setting next_dagrun for example_subdag_operator.section-2 to None, run_after=None
[2026-09-17T18:42:50.027+0000] {logging_mixin.py:188} INFO - [2026-09-17T18:42:50.026+0000] {dag.py:3036} INFO - Sync 2 DAGs
[2026-09-17T18:42:50.037+0000] {logging_mixin.py:188} INFO - [2026-09-17T18:42:50.036+0000] {dag.py:3823} INFO - Setting next_dagrun for example_subdag_operator.section-1 to None, run_after=None
[2026-09-17T18:42:50.038+0000] {logging_mixin.py:188} INFO - [2026-09-17T18:42:50.038+0000] {dag.py:3823} INFO - Setting next_dagrun for example_subdag_operator.section-2 to None, run_after=None
[2026-09-17T18:42:50.058+0000] {processor.py:183} INFO - Processing /home/airflow/.local/lib/python3.8/site-packages/airflow/example_dags/example_subdag_operator.py took 0.243 seconds
[2026-09-17T18:43:22.311+0000] {processor.py:161} INFO - Started process (PID=354) to work on /home/airflow/.local/lib/python3.8/site-packages/airflow/example_dags/example_subdag_operator.py
[2026-09-17T18:43:22.314+0000] {processor.py:830} INFO - Processing file /home/airflow/.local/lib/python3.8/site-packages/airflow/example_dags/example_subdag_operator.py for tasks to queue
[2026-09-17T18:43:22.320+0000] {logging_mixin.py:188} INFO - [2026-09-17T18:43:22.319+0000] {dagbag.py:538} INFO - Filling up the DagBag from /home/airflow/.local/lib/python3.8/site-packages/airflow/example_dags/example_subdag_operator.py
[2026-09-17T18:43:22.384+0000] {processor.py:840} INFO - DAG(s) 'example_subdag_operator.section-1', 'example_subdag_operator.section-2', 'example_subdag_operator' retrieved from /home/airflow/.local/lib/python3.8/site-packages/airflow/example_dags/example_subdag_operator.py
[2026-09-17T18:43:22.407+0000] {logging_mixin.py:188} INFO - [2026-09-17T18:43:22.407+0000] {dag.py:3036} INFO - Sync 3 DAGs
[2026-09-17T18:43:22.462+0000] {logging_mixin.py:188} INFO - [2026-09-17T18:43:22.461+0000] {dag.py:3823} INFO - Setting next_dagrun for example_subdag_operator to 2022-01-01 00:00:00+00:00, run_after=2022-01-01 00:00:00+00:00
[2026-09-17T18:43:22.469+0000] {logging_mixin.py:188} INFO - [2026-09-17T18:43:22.468+0000] {dag.py:3823} INFO - Setting next_dagrun for example_subdag_operator.section-1 to None, run_after=None
[2026-09-17T18:43:22.473+0000] {logging_mixin.py:188} INFO - [2026-09-17T18:43:22.473+0000] {dag.py:3823} INFO - Setting next_dagrun for example_subdag_operator.section-2 to None, run_after=None
[2026-09-17T18:43:22.486+0000] {logging_mixin.py:188} INFO - [2026-09-17T18:43:22.486+0000] {dag.py:3036} INFO - Sync 2 DAGs
[2026-09-17T18:43:22.497+0000] {logging_mixin.py:188} INFO - [2026-09-17T18:43:22.496+0000] {dag.py:3823} INFO - Setting next_dagrun for example_subdag_operator.section-1 to None, run_after=None
[2026-09-17T18:43:22.498+0000] {logging_mixin.py:188} INFO - [2026-09-17T18:43:22.498+0000] {dag.py:3823} INFO - Setting next_dagrun for example_subdag_operator.section-2 to None, run_after=None
[2026-09-17T18:43:22.579+0000] {processor.py:183} INFO - Processing /home/airflow/.local/lib/python3.8/site-packages/airflow/example_dags/example_subdag_operator.py took 0.273 seconds
[2026-09-17T18:44:13.153+0000] {processor.py:161} INFO - Started process (PID=419) to work on /home/airflow/.local/lib/python3.8/site-packages/airflow/example_dags/example_subdag_operator.py
[2026-09-17T18:44:13.155+0000] {processor.py:830} INFO - Processing file /home/airflow/.local/lib/python3.8/site-packages/airflow/example_dags/example_subdag_operator.py for tasks to queue
[2026-09-17T18:44:13.158+0000] {logging_mixin.py:188} INFO - [2026-09-17T18:44:13.158+0000] {dagbag.py:538} INFO - Filling up the DagBag from /home/airflow/.local/lib/python3.8/site-packages/airflow/example_dags/example_subdag_operator.py
[2026-09-17T18:44:13.195+0000] {processor.py:840} INFO - DAG(s) 'example_subdag_operator.section-1', 'example_subdag_operator.section-2', 'example_subdag_operator' retrieved from /home/airflow/.local/lib/python3.8/site-packages/airflow/example_dags/example_subdag_operator.py
[2026-09-17T18:44:13.214+0000] {logging_mixin.py:188} INFO - [2026-09-17T18:44:13.214+0000] {dag.py:3036} INFO - Sync 3 DAGs
[2026-09-17T18:44:13.241+0000] {logging_mixin.py:188} INFO - [2026-09-17T18:44:13.241+0000] {dag.py:3823} INFO - Setting next_dagrun for example_subdag_operator to 2022-01-01 00:00:00+00:00, run_after=2022-01-01 00:00:00+00:00
[2026-09-17T18:44:13.246+0000] {logging_mixin.py:188} INFO - [2026-09-17T18:44:13.246+0000] {dag.py:3823} INFO - Setting next_dagrun for example_subdag_operator.section-1 to None, run_after=None
[2026-09-17T18:44:13.249+0000] {logging_mixin.py:188} INFO - [2026-09-17T18:44:13.249+0000] {dag.py:3823} INFO - Setting next_dagrun for example_subdag_operator.section-2 to None, run_after=None
[2026-09-17T18:44:13.258+0000] {logging_mixin.py:188} INFO - [2026-09-17T18:44:13.258+0000] {dag.py:3036} INFO - Sync 2 DAGs
[2026-09-17T18:44:13.267+0000] {logging_mixin.py:188} INFO - [2026-09-17T18:44:13.266+0000] {dag.py:3823} INFO - Setting next_dagrun for example_subdag_operator.section-1 to None, run_after=None
[2026-09-17T18:44:13.268+0000] {logging_mixin.py:188} INFO - [2026-09-17T18:44:13.268+0000] {dag.py:3823} INFO - Setting next_dagrun for example_subdag_operator.section-2 to None, run_after=None
[2026-09-17T18:44:15.304+0000] {processor.py:183} INFO - Processing /home/airflow/.local/lib/python3.8/site-packages/airflow/example_dags/example_subdag_operator.py took 2.156 seconds
[2026-09-17T18:44:45.499+0000] {processor.py:161} INFO - Started process (PID=468) to work on /home/airflow/.local/lib/python3.8/site-packages/airflow/example_dags/example_subdag_operator.py
[2026-09-17T18:44:45.788+0000] {processor.py:830} INFO - Processing file /home/airflow/.local/lib/python3.8/site-packages/airflow/example_dags/example_subdag_operator.py for tasks to queue
[2026-09-17T18:44:45.796+0000] {logging_mixin.py:188} INFO - [2026-09-17T18:44:45.795+0000] {dagbag.py:538} INFO - Filling up the DagBag from /home/airflow/.local/lib/python3.8/site-packages/airflow/example_dags/example_subdag_operator.py
[2026-09-17T18:44:45.871+0000] {processor.py:840} INFO - DAG(s) 'example_subdag_operator.section-1', 'example_subdag_operator.section-2', 'example_subdag_operator' retrieved from /home/airflow/.local/lib/python3.8/site-packages/airflow/example_dags/example_subdag_operator.py
[2026-09-17T18:44:45.902+0000] {logging_mixin.py:188} INFO - [2026-09-17T18:44:45.901+0000] {dag.py:3036} INFO - Sync 3 DAGs
[2026-09-17T18:44:45.947+0000] {logging_mixin.py:188} INFO - [2026-09-17T18:44:45.946+0000] {dag.py:3823} INFO - Setting next_dagrun for example_subdag_operator to 2022-01-01 00:00:00+00:00, run_after=2022-01-01 00:00:00+00:00
[2026-09-17T18:44:45.954+0000] {logging_mixin.py:188} INFO - [2026-09-17T18:44:45.953+0000] {dag.py:3823} INFO - Setting next_dagrun for example_subdag_operator.section-1 to None, run_after=None
[2026-09-17T18:44:45.957+0000] {logging_mixin.py:188} INFO - [2026-09-17T18:44:45.956+0000] {dag.py:3823} INFO - Setting next_dagrun for example_subdag_operator.section-2 to None, run_after=None
[2026-09-17T18:44:45.970+0000] {logging_mixin.py:188} INFO - [2026-09-17T18:44:45.969+0000] {dag.py:3036} INFO - Sync 2 DAGs
[2026-09-17T18:44:45.978+0000] {logging_mixin.py:188} INFO - [2026-09-17T18:44:45.978+0000] {dag.py:3823} INFO - Setting next_dagrun for example_subdag_operator.section-1 to None, run_after=None
[2026-09-17T18:44:46.014+0000] {logging_mixin.py:188} INFO - [2026-09-17T18:44:46.013+0000] {dag.py:3823} INFO - Setting next_dagrun for example_subdag_operator.section-2 to None, run_after=None
[2026-09-17T18:44:47.378+0000] {processor.py:183} INFO - Processing /home/airflow/.local/lib/python3.8/site-packages/airflow/example_dags/example_subdag_operator.py took 1.884 seconds
[2026-09-17T18:45:17.454+0000] {processor.py:161} INFO - Started process (PID=525) to work on /home/airflow/.local/lib/python3.8/site-packages/airflow/example_dags/example_subdag_operator.py
[2026-09-17T18:45:17.456+0000] {processor.py:830} INFO - Processing file /home/airflow/.local/lib/python3.8/site-packages/airflow/example_dags/example_subdag_operator.py for tasks to queue
[2026-09-17T18:45:17.460+0000] {logging_mixin.py:188} INFO - [2026-09-17T18:45:17.459+0000] {dagbag.py:538} INFO - Filling up the DagBag from /home/airflow/.local/lib/python3.8/site-packages/airflow/example_dags/example_subdag_operator.py
[2026-09-17T18:45:17.496+0000] {processor.py:840} INFO - DAG(s) 'example_subdag_operator.section-1', 'example_subdag_operator.section-2', 'example_subdag_operator' retrieved from /home/airflow/.local/lib/python3.8/site-packages/airflow/example_dags/example_subdag_operator.py
[2026-09-17T18:45:17.519+0000] {logging_mixin.py:188} INFO - [2026-09-17T18:45:17.518+0000] {dag.py:3036} INFO - Sync 3 DAGs
[2026-09-17T18:45:17.546+0000] {logging_mixin.py:188} INFO - [2026-09-17T18:45:17.545+0000] {dag.py:3823} INFO - Setting next_dagrun for example_subdag_operator to 2022-01-01 00:00:00+00:00, run_after=2022-01-01 00:00:00+00:00
[2026-09-17T18:45:17.551+0000] {logging_mixin.py:188} INFO - [2026-09-17T18:45:17.551+0000] {dag.py:3823} INFO - Setting next_dagrun for example_subdag_operator.section-1 to None, run_after=None
[2026-09-17T18:45:17.553+0000] {logging_mixin.py:188} INFO - [2026-09-17T18:45:17.553+0000] {dag.py:3823} INFO - Setting next_dagrun for example_subdag_operator.section-2 to None, run_after=None
[2026-09-17T18:45:17.562+0000] {logging_mixin.py:188} INFO - [2026-09-17T18:45:17.562+0000] {dag.py:3036} INFO - Sync 2 DAGs
[2026-09-17T18:45:17.571+0000] {logging_mixin.py:188} INFO - [2026-09-17T18:45:17.570+0000] {dag.py:3823} INFO - Setting next_dagrun for example_subdag_operator.section-1 to None, run_after=None
[2026-09-17T18:45:17.572+0000] {logging_mixin.py:188} INFO - [2026-09-17T18:45:17.572+0000] {dag.py:3823} INFO - Setting next_dagrun for example_subdag_operator.section-2 to None, run_after=None
[2026-09-17T18:45:17.739+0000] {processor.py:183} INFO - Processing /home/airflow/.local/lib/python3.8/site-packages/airflow/example_dags/example_subdag_operator.py took 0.288 seconds
[2026-09-17T18:45:48.332+0000] {processor.py:161} INFO - Started process (PID=582) to work on /home/airflow/.local/lib/python3.8/site-packages/airflow/example_dags/example_subdag_operator.py
[2026-09-17T18:45:48.334+0000] {processor.py:830} INFO - Processing file /home/airflow/.local/lib/python3.8/site-packages/airflow/example_dags/example_subdag_operator.py for tasks to queue
[2026-09-17T18:45:48.337+0000] {logging_mixin.py:188} INFO - [2026-09-17T18:45:48.337+0000] {dagbag.py:538} INFO - Filling up the DagBag from /home/airflow/.local/lib/python3.8/site-packages/airflow/example_dags/example_subdag_operator.py
[2026-09-17T18:45:48.375+0000] {processor.py:840} INFO - DAG(s) 'example_subdag_operator.section-1', 'example_subdag_operator.section-2', 'example_subdag_operator' retrieved from /home/airflow/.local/lib/python3.8/site-packages/airflow/example_dags/example_subdag_operator.py
[2026-09-17T18:45:48.396+0000] {logging_mixin.py:188} INFO - [2026-09-17T18:45:48.396+0000] {dag.py:3036} INFO - Sync 3 DAGs
[2026-09-17T18:45:48.426+0000] {logging_mixin.py:188} INFO - [2026-09-17T18:45:48.426+0000] {dag.py:3823} INFO - Setting next_dagrun for example_subdag_operator to 2022-01-01 00:00:00+00:00, run_after=2022-01-01 00:00:00+00:00
[2026-09-17T18:45:48.433+0000] {logging_mixin.py:188} INFO - [2026-09-17T18:45:48.433+0000] {dag.py:3823} INFO - Setting next_dagrun for example_subdag_operator.section-1 to None, run_after=None
[2026-09-17T18:45:48.437+0000] {logging_mixin.py:188} INFO - [2026-09-17T18:45:48.437+0000] {dag.py:3823} INFO - Setting next_dagrun for example_subdag_operator.section-2 to None, run_after=None
[2026-09-17T18:45:48.449+0000] {logging_mixin.py:188} INFO - [2026-09-17T18:45:48.448+0000] {dag.py:3036} INFO - Sync 2 DAGs
[2026-09-17T18:45:48.457+0000] {logging_mixin.py:188} INFO - [2026-09-17T18:45:48.457+0000] {dag.py:3823} INFO - Setting next_dagrun for example_subdag_operator.section-1 to None, run_after=None
[2026-09-17T18:45:48.459+0000] {logging_mixin.py:188} INFO - [2026-09-17T18:45:48.459+0000] {dag.py:3823} INFO - Setting next_dagrun for example_subdag_operator.section-2 to None, run_after=None
[2026-09-17T18:45:48.480+0000] {processor.py:183} INFO - Processing /home/airflow/.local/lib/python3.8/site-packages/airflow/example_dags/example_subdag_operator.py took 0.152 seconds
[2026-09-17T18:47:23.015+0000] {processor.py:186} INFO - Started process (PID=99) to work on /home/airflow/.local/lib/python3.12/site-packages/airflow/example_dags/example_subdag_operator.py
[2026-09-17T18:47:23.018+0000] {processor.py:914} INFO - Processing file /home/airflow/.local/lib/python3.12/site-packages/airflow/example_dags/example_subdag_operator.py for tasks to queue
[2026-09-17T18:47:23.023+0000] {logging_mixin.py:190} INFO - [2026-09-17T18:47:23.023+0000] {dagbag.py:588} INFO - Filling up the DagBag from /home/airflow/.local/lib/python3.12/site-packages/airflow/example_dags/example_subdag_operator.py
[2026-09-17T18:47:23.064+0000] {processor.py:925} INFO - DAG(s) 'example_subdag_operator.section-1', 'example_subdag_operator.section-2', 'example_subdag_operator' retrieved from /home/airflow/.local/lib/python3.12/site-packages/airflow/example_dags/example_subdag_operator.py
[2026-09-17T18:47:23.184+0000] {logging_mixin.py:190} INFO - [2026-09-17T18:47:23.184+0000] {dag.py:3239} INFO - Sync 3 DAGs
[2026-09-17T18:47:23.211+0000] {logging_mixin.py:190} INFO - [2026-09-17T18:47:23.210+0000] {dag.py:4180} INFO - Setting next_dagrun for example_subdag_operator to 2022-01-01 00:00:00+00:00, run_after=2022-01-01 00:00:00+00:00
[2026-09-17T18:47:23.216+0000] {logging_mixin.py:190} INFO - [2026-09-17T18:47:23.215+0000] {dag.py:4180} INFO - Setting next_dagrun for example_subdag_operator.section-1 to None, run_after=None
[2026-09-17T18:47:23.219+0000] {logging_mixin.py:190} INFO - [2026-09-17T18:47:23.219+0000] {dag.py:4180} INFO - Setting next_dagrun for example_subdag_operator.section-2 to None, run_after=None
[2026-09-17T18:47:23.232+0000] {logging_mixin.py:190} INFO - [2026-09-17T18:47:23.231+0000] {dag.py:3239} INFO - Sync 2 DAGs
[2026-09-17T18:47:23.241+0000] {logging_mixin.py:190} INFO - [2026-09-17T18:47:23.240+0000] {dag.py:4180} INFO - Setting next_dagrun for example_subdag_operator.section-1 to None, run_after=None
[2026-09-17T18:47:23.242+0000] {logging_mixin.py:190} INFO - [2026-09-17T18:47:23.242+0000] {dag.py:4180} INFO - Setting next_dagrun for example_subdag_operator.section-2 to None, run_after=None
[2026-09-17T18:47:23.258+0000] {processor.py:208} INFO - Processing /home/airflow/.local/lib/python3.12/site-packages/airflow/example_dags/example_subdag_operator.py took 0.251 seconds
[2026-09-17T18:47:54.004+0000] {processor.py:186} INFO - Started process (PID=164) to work on /home/airflow/.local/lib/python3.12/site-packages/airflow/example_dags/example_subdag_operator.py
[2026-09-17T18:47:54.007+0000] {processor.py:914} INFO - Processing file /home/airflow/.local/lib/python3.12/site-packages/airflow/example_dags/example_subdag_operator.py for tasks to queue
[2026-09-17T18:47:54.012+0000] {logging_mixin.py:190} INFO - [2026-09-17T18:47:54.011+0000] {dagbag.py:588} INFO - Filling up the DagBag from /home/airflow/.local/lib/python3.12/site-packages/airflow/example_dags/example_subdag_operator.py
[2026-09-17T18:47:54.057+0000] {processor.py:925} INFO - DAG(s) 'example_subdag_operator.section-1', 'example_subdag_operator.section-2', 'example_subdag_operator' retrieved from /home/airflow/.local/lib/python3.12/site-packages/airflow/example_dags/example_subdag_operator.py
[2026-09-17T18:47:54.080+0000] {logging_mixin.py:190} INFO - [2026-09-17T18:47:54.079+0000] {dag.py:3239} INFO - Sync 3 DAGs
[2026-09-17T18:47:54.119+0000] {logging_mixin.py:190} INFO - [2026-09-17T18:47:54.118+0000] {dag.py:4180} INFO - Setting next_dagrun for example_subdag_operator to 2022-01-01 00:00:00+00:00, run_after=2022-01-01 00:00:00+00:00
[2026-09-17T18:47:54.128+0000] {logging_mixin.py:190} INFO - [2026-09-17T18:47:54.127+0000] {dag.py:4180} INFO - Setting next_dagrun for example_subdag_operator.section-1 to None, run_after=None
[2026-09-17T18:47:54.133+0000] {logging_mixin.py:190} INFO - [2026-09-17T18:47:54.132+0000] {dag.py:4180} INFO - Setting next_dagrun for example_subdag_operator.section-2 to None, run_after=None
[2026-09-17T18:47:54.149+0000] {logging_mixin.py:190} INFO - [2026-09-17T18:47:54.149+0000] {dag.py:3239} INFO - Sync 2 DAGs
[2026-09-17T18:47:54.159+0000] {logging_mixin.py:190} INFO - [2026-09-17T18:47:54.158+0000] {dag.py:4180} INFO - Setting next_dagrun for example_subdag_operator.section-1 to None, run_after=None
[2026-09-17T18:47:54.161+0000] {logging_mixin.py:190} INFO - [2026-09-17T18:47:54.160+0000] {dag.py:4180} INFO - Setting next_dagrun for example_subdag_operator.section-2 to None, run_after=None
[2026-09-17T18:47:54.179+0000] {processor.py:208} INFO - Processing /home/airflow/.local/lib/python3.12/site-packages/airflow/example_dags/example_subdag_operator.py took 0.183 seconds
[2026-09-17T18:48:24.508+0000] {processor.py:186} INFO - Started process (PID=228) to work on /home/airflow/.local/lib/python3.12/site-packages/airflow/example_dags/example_subdag_operator.py
[2026-09-17T18:48:24.510+0000] {processor.py:914} INFO - Processing file /home/airflow/.local/lib/python3.12/site-packages/airflow/example_dags/example_subdag_operator.py for tasks to queue
[2026-09-17T18:48:24.514+0000] {logging_mixin.py:190} INFO - [2026-09-17T18:48:24.513+0000] {dagbag.py:588} INFO - Filling up the DagBag from /home/airflow/.local/lib/python3.12/site-packages/airflow/example_dags/example_subdag_operator.py
[2026-09-17T18:48:24.551+0000] {processor.py:925} INFO - DAG(s) 'example_subdag_operator.section-1', 'example_subdag_operator.section-2', 'example_subdag_operator' retrieved from /home/airflow/.local/lib/python3.12/site-packages/airflow/example_dags/example_subdag_operator.py
[2026-09-17T18:48:24.570+0000] {logging_mixin.py:190} INFO - [2026-09-17T18:48:24.570+0000] {dag.py:3239} INFO - Sync 3 DAGs
[2026-09-17T18:48:24.607+0000] {logging_mixin.py:190} INFO - [2026-09-17T18:48:24.606+0000] {dag.py:4180} INFO - Setting next_dagrun for example_subdag_operator to 2022-01-01 00:00:00+00:00, run_after=2022-01-01 00:00:00+00:00
[2026-09-17T18:48:24.613+0000] {logging_mixin.py:190} INFO - [2026-09-17T18:48:24.613+0000] {dag.py:4180} INFO - Setting next_dagrun for example_subdag_operator.section-1 to None, run_after=None
[2026-09-17T18:48:24.617+0000] {logging_mixin.py:190} INFO - [2026-09-17T18:48:24.616+0000] {dag.py:4180} INFO - Setting next_dagrun for example_subdag_operator.section-2 to None, run_after=None
[2026-09-17T18:48:24.629+0000] {logging_mixin.py:190} INFO - [2026-09-17T18:48:24.628+0000] {dag.py:3239} INFO - Sync 2 DAGs
[2026-09-17T18:48:24.639+0000] {logging_mixin.py:190} INFO - [2026-09-17T18:48:24.638+0000] {dag.py:4180} INFO - Setting next_dagrun for example_subdag_operator.section-1 to None, run_after=None
[2026-09-17T18:48:24.640+0000] {logging_mixin.py:190} INFO - [2026-09-17T18:48:24.640+0000] {dag.py:4180} INFO - Setting next_dagrun for example_subdag_operator.section-2 to None, run_after=None
[2026-09-17T18:48:24.657+0000] {processor.py:208} INFO - Processing /home/airflow/.local/lib/python3.12/site-packages/airflow/example_dags/example_subdag_operator.py took 0.157 seconds
[2026-09-17T18:48:54.877+0000] {processor.py:186} INFO - Started process (PID=285) to work on /home/airflow/.local/lib/python3.12/site-packages/airflow/example_dags/example_subdag_operator.py
[2026-09-17T18:48:54.879+0000] {processor.py:914} INFO - Processing file /home/airflow/.local/lib/python3.12/site-packages/airflow/example_dags/example_subdag_operator.py for tasks to queue
[2026-09-17T18:48:54.883+0000] {logging_mixin.py:190} INFO - [2026-09-17T18:48:54.883+0000] {dagbag.py:588} INFO - Filling up the DagBag from /home/airflow/.local/lib/python3.12/site-packages/airflow/example_dags/example_subdag_operator.py
[2026-09-17T18:48:54.920+0000] {processor.py:925} INFO - DAG(s) 'example_subdag_operator.section-1', 'example_subdag_operator.section-2', 'example_subdag_operator' retrieved from /home/airflow/.local/lib/python3.12/site-packages/airflow/example_dags/example_subdag_operator.py
[2026-09-17T18:48:54.941+0000] {logging_mixin.py:190} INFO - [2026-09-17T18:48:54.941+0000] {dag.py:3239} INFO - Sync 3 DAGs
[2026-09-17T18:48:54.975+0000] {logging_mixin.py:190} INFO - [2026-09-17T18:48:54.975+0000] {dag.py:4180} INFO - Setting next_dagrun for example_subdag_operator to 2022-01-01 00:00:00+00:00, run_after=2022-01-01 00:00:00+00:00
[2026-09-17T18:48:54.981+0000] {logging_mixin.py:190} INFO - [2026-09-17T18:48:54.981+0000] {dag.py:4180} INFO - Setting next_dagrun for example_subdag_operator.section-1 to None, run_after=None
[2026-09-17T18:48:54.985+0000] {logging_mixin.py:190} INFO - [2026-09-17T18:48:54.984+0000] {dag.py:4180} INFO - Setting next_dagrun for example_subdag_operator.section-2 to None, run_after=None
[2026-09-17T18:48:54.996+0000] {logging_mixin.py:190} INFO - [2026-09-17T18:48:54.996+0000] {dag.py:3239} INFO - Sync 2 DAGs
[2026-09-17T18:48:55.005+0000] {logging_mixin.py:190} INFO - [2026-09-17T18:48:55.005+0000] {dag.py:4180} INFO - Setting next_dagrun for example_subdag_operator.section-1 to None, run_after=None
[2026-09-17T18:48:55.007+0000] {logging_mixin.py:190} INFO - [2026-09-17T18:48:55.007+0000] {dag.py:4180} INFO - Setting next_dagrun for example_subdag_operator.section-2 to None, run_after=None
[2026-09-17T18:48:55.028+0000] {processor.py:208} INFO - Processing /home/airflow/.local/lib/python3.12/site-packages/airflow/example_dags/example_subdag_operator.py took 0.158 seconds
[2026-09-17T18:49:25.410+0000] {processor.py:186} INFO - Started process (PID=350) to work on /home/airflow/.local/lib/python3.12/site-packages/airflow/example_dags/example_subdag_operator.py
[2026-09-17T18:49:25.412+0000] {processor.py:914} INFO - Processing file /home/airflow/.local/lib/python3.12/site-packages/airflow/example_dags/example_subdag_operator.py for tasks to queue
[2026-09-17T18:49:25.416+0000] {logging_mixin.py:190} INFO - [2026-09-17T18:49:25.416+0000] {dagbag.py:588} INFO - Filling up the DagBag from /home/airflow/.local/lib/python3.12/site-packages/airflow/example_dags/example_subdag_operator.py
[2026-09-17T18:49:25.449+0000] {processor.py:925} INFO - DAG(s) 'example_subdag_operator.section-1', 'example_subdag_operator.section-2', 'example_subdag_operator' retrieved from /home/airflow/.local/lib/python3.12/site-packages/airflow/example_dags/example_subdag_operator.py
[2026-09-17T18:49:25.465+0000] {logging_mixin.py:190} INFO - [2026-09-17T18:49:25.464+0000] {dag.py:3239} INFO - Sync 3 DAGs
[2026-09-17T18:49:25.488+0000] {logging_mixin.py:190} INFO - [2026-09-17T18:49:25.488+0000] {dag.py:4180} INFO - Setting next_dagrun for example_subdag_operator to 2022-01-01 00:00:00+00:00, run_after=2022-01-01 00:00:00+00:00
[2026-09-17T18:49:25.493+0000] {logging_mixin.py:190} INFO - [2026-09-17T18:49:25.493+0000] {dag.py:4180} INFO - Setting next_dagrun for example_subdag_operator.section-1 to None, run_after=None
[2026-09-17T18:49:25.496+0000] {logging_mixin.py:190} INFO - [2026-09-17T18:49:25.496+0000] {dag.py:4180} INFO - Setting next_dagrun for example_subdag_operator.section-2 to None, run_after=None
[2026-09-17T18:49:25.506+0000] {logging_mixin.py:190} INFO - [2026-09-17T18:49:25.506+0000] {dag.py:3239} INFO - Sync 2 DAGs
[2026-09-17T18:49:25.513+0000] {logging_mixin.py:190} INFO - [2026-09-17T18:49:25.513+0000] {dag.py:4180} INFO - Setting next_dagrun for example_subdag_operator.section-1 to None, run_after=None
[2026-09-17T18:49:25.514+0000] {logging_mixin.py:190} INFO - [2026-09-17T18:49:25.514+0000] {dag.py:4180} INFO - Setting next_dagrun for example_subdag_operator.section-2 to None, run_after=None
[2026-09-17T18:49:25.528+0000] {processor.py:208} INFO - Processing /home/airflow/.local/lib/python3.12/site-packages/airflow/example_dags/example_subdag_operator.py took 0.124 seconds
[2026-09-17T18:50:53.433+0000] {processor.py:186} INFO - Started process (PID=78) to work on /home/airflow/.local/lib/python3.12/site-packages/airflow/example_dags/example_subdag_operator.py
[2026-09-17T18:50:53.435+0000] {processor.py:914} INFO - Processing file /home/airflow/.local/lib/python3.12/site-packages/airflow/example_dags/example_subdag_operator.py for tasks to queue
[2026-09-17T18:50:53.438+0000] {logging_mixin.py:190} INFO - [2026-09-17T18:50:53.437+0000] {dagbag.py:588} INFO - Filling up the DagBag from /home/airflow/.local/lib/python3.12/site-packages/airflow/example_dags/example_subdag_operator.py
[2026-09-17T18:50:53.483+0000] {processor.py:925} INFO - DAG(s) 'example_subdag_operator.section-1', 'example_subdag_operator.section-2', 'example_subdag_operator' retrieved from /home/airflow/.local/lib/python3.12/site-packages/airflow/example_dags/example_subdag_operator.py
[2026-09-17T18:50:53.503+0000] {logging_mixin.py:190} INFO - [2026-09-17T18:50:53.503+0000] {dag.py:3239} INFO - Sync 3 DAGs
[2026-09-17T18:50:53.530+0000] {logging_mixin.py:190} INFO - [2026-09-17T18:50:53.530+0000] {dag.py:4180} INFO - Setting next_dagrun for example_subdag_operator to 2022-01-01 00:00:00+00:00, run_after=2022-01-01 00:00:00+00:00
[2026-09-17T18:50:53.539+0000] {logging_mixin.py:190} INFO - [2026-09-17T18:50:53.538+0000] {dag.py:4180} INFO - Setting next_dagrun for example_subdag_operator.section-1 to None, run_after=None
[2026-09-17T18:50:53.542+0000] {logging_mixin.py:190} INFO - [2026-09-17T18:50:53.542+0000] {dag.py:4180} INFO - Setting next_dagrun for example_subdag_operator.section-2 to None, run_after=None
[2026-09-17T18:50:53.551+0000] {logging_mixin.py:190} INFO - [2026-09-17T18:50:53.551+0000] {dag.py:3239} INFO - Sync 2 DAGs
[2026-09-17T18:50:53.559+0000] {logging_mixin.py:190} INFO - [2026-09-17T18:50:53.558+0000] {dag.py:4180} INFO - Setting next_dagrun for example_subdag_operator.section-1 to None, run_after=None
[2026-09-17T18:50:53.560+0000] {logging_mixin.py:190} INFO - [2026-09-17T18:50:53.560+0000] {dag.py:4180} INFO - Setting next_dagrun for example_subdag_operator.section-2 to None, run_after=None
[2026-09-17T18:50:53.576+0000] {processor.py:208} INFO - Processing /home/airflow/.local/lib/python3.12/site-packages/airflow/example_dags/example_subdag_operator.py took 0.150 seconds
[2026-09-17T18:51:25.448+0000] {processor.py:186} INFO - Started process (PID=143) to work on /home/airflow/.local/lib/python3.12/site-packages/airflow/example_dags/example_subdag_operator.py
[2026-09-17T18:51:25.450+0000] {processor.py:914} INFO - Processing file /home/airflow/.local/lib/python3.12/site-packages/airflow/example_dags/example_subdag_operator.py for tasks to queue
[2026-09-17T18:51:25.453+0000] {logging_mixin.py:190} INFO - [2026-09-17T18:51:25.452+0000] {dagbag.py:588} INFO - Filling up the DagBag from /home/airflow/.local/lib/python3.12/site-packages/airflow/example_dags/example_subdag_operator.py
[2026-09-17T18:51:25.492+0000] {processor.py:925} INFO - DAG(s) 'example_subdag_operator.section-1', 'example_subdag_operator.section-2', 'example_subdag_operator' retrieved from /home/airflow/.local/lib/python3.12/site-packages/airflow/example_dags/example_subdag_operator.py
[2026-09-17T18:51:25.511+0000] {logging_mixin.py:190} INFO - [2026-09-17T18:51:25.511+0000] {dag.py:3239} INFO - Sync 3 DAGs
[2026-09-17T18:51:25.540+0000] {logging_mixin.py:190} INFO - [2026-09-17T18:51:25.539+0000] {dag.py:4180} INFO - Setting next_dagrun for example_subdag_operator to 2022-01-01 00:00:00+00:00, run_after=2022-01-01 00:00:00+00:00
[2026-09-17T18:51:25.545+0000] {logging_mixin.py:190} INFO - [2026-09-17T18:51:25.545+0000] {dag.py:4180} INFO - Setting next_dagrun for example_subdag_operator.section-1 to None, run_after=None
[2026-09-17T18:51:25.549+0000] {logging_mixin.py:190} INFO - [2026-09-17T18:51:25.549+0000] {dag.py:4180} INFO - Setting next_dagrun for example_subdag_operator.section-2 to None, run_after=None
[2026-09-17T18:51:25.559+0000] {logging_mixin.py:190} INFO - [2026-09-17T18:51:25.559+0000] {dag.py:3239} INFO - Sync 2 DAGs
[2026-09-17T18:51:25.569+0000] {logging_mixin.py:190} INFO - [2026-09-17T18:51:25.569+0000] {dag.py:4180} INFO - Setting next_dagrun for example_subdag_operator.section-1 to None, run_after=None
[2026-09-17T18:51:25.570+0000] {logging_mixin.py:190} INFO - [2026-09-17T18:51:25.570+0000] {dag.py:4180} INFO - Setting next_dagrun for example_subdag_operator.section-2 to None, run_after=None
[2026-09-17T18:51:25.588+0000] {processor.py:208} INFO - Processing /home/airflow/.local/lib/python3.12/site-packages/airflow/example_dags/example_subdag_operator.py took 0.147 seconds
[2026-09-17T18:51:56.988+0000] {processor.py:186} INFO - Started process (PID=207) to work on /home/airflow/.local/lib/python3.12/site-packages/airflow/example_dags/example_subdag_operator.py
[2026-09-17T18:51:56.990+0000] {processor.py:914} INFO - Processing file /home/airflow/.local/lib/python3.12/site-packages/airflow/example_dags/example_subdag_operator.py for tasks to queue
[2026-09-17T18:51:56.993+0000] {logging_mixin.py:190} INFO - [2026-09-17T18:51:56.992+0000] {dagbag.py:588} INFO - Filling up the DagBag from /home/airflow/.local/lib/python3.12/site-packages/airflow/example_dags/example_subdag_operator.py
[2026-09-17T18:51:57.043+0000] {processor.py:925} INFO - DAG(s) 'example_subdag_operator.section-1', 'example_subdag_operator.section-2', 'example_subdag_operator' retrieved from /home/airflow/.local/lib/python3.12/site-packages/airflow/example_dags/example_subdag_operator.py
[2026-09-17T18:51:57.066+0000] {logging_mixin.py:190} INFO - [2026-09-17T18:51:57.065+0000] {dag.py:3239} INFO - Sync 3 DAGs
[2026-09-17T18:51:57.099+0000] {logging_mixin.py:190} INFO - [2026-09-17T18:51:57.098+0000] {dag.py:4180} INFO - Setting next_dagrun for example_subdag_operator to 2022-01-01 00:00:00+00:00, run_after=2022-01-01 00:00:00+00:00
[2026-09-17T18:51:57.105+0000] {logging_mixin.py:190} INFO - [2026-09-17T18:51:57.105+0000] {dag.py:4180} INFO - Setting next_dagrun for example_subdag_operator.section-1 to None, run_after=None
[2026-09-17T18:51:57.109+0000] {logging_mixin.py:190} INFO - [2026-09-17T18:51:57.108+0000] {dag.py:4180} INFO - Setting next_dagrun for example_subdag_operator.section-2 to None, run_after=None
[2026-09-17T18:51:57.122+0000] {logging_mixin.py:190} INFO - [2026-09-17T18:51:57.121+0000] {dag.py:3239} INFO - Sync 2 DAGs
[2026-09-17T18:51:57.132+0000] {logging_mixin.py:190} INFO - [2026-09-17T18:51:57.132+0000] {dag.py:4180} INFO - Setting next_dagrun for example_subdag_operator.section-1 to None, run_after=None
[2026-09-17T18:51:57.134+0000] {logging_mixin.py:190} INFO - [2026-09-17T18:51:57.133+0000] {dag.py:4180} INFO - Setting next_dagrun for example_subdag_operator.section-2 to None, run_after=None
[2026-09-17T18:51:57.153+0000] {processor.py:208} INFO - Processing /home/airflow/.local/lib/python3.12/site-packages/airflow/example_dags/example_subdag_operator.py took 0.176 seconds
[2026-09-17T18:52:27.385+0000] {processor.py:186} INFO - Started process (PID=264) to work on /home/airflow/.local/lib/python3.12/site-packages/airflow/example_dags/example_subdag_operator.py
[2026-09-17T18:52:27.387+0000] {processor.py:914} INFO - Processing file /home/airflow/.local/lib/python3.12/site-packages/airflow/example_dags/example_subdag_operator.py for tasks to queue
[2026-09-17T18:52:27.389+0000] {logging_mixin.py:190} INFO - [2026-09-17T18:52:27.389+0000] {dagbag.py:588} INFO - Filling up the DagBag from /home/airflow/.local/lib/python3.12/site-packages/airflow/example_dags/example_subdag_operator.py
[2026-09-17T18:52:27.421+0000] {processor.py:925} INFO - DAG(s) 'example_subdag_operator.section-1', 'example_subdag_operator.section-2', 'example_subdag_operator' retrieved from /home/airflow/.local/lib/python3.12/site-packages/airflow/example_dags/example_subdag_operator.py
[2026-09-17T18:52:27.439+0000] {logging_mixin.py:190} INFO - [2026-09-17T18:52:27.438+0000] {dag.py:3239} INFO - Sync 3 DAGs
[2026-09-17T18:52:27.464+0000] {logging_mixin.py:190} INFO - [2026-09-17T18:52:27.464+0000] {dag.py:4180} INFO - Setting next_dagrun for example_subdag_operator to 2022-01-01 00:00:00+00:00, run_after=2022-01-01 00:00:00+00:00
[2026-09-17T18:52:27.469+0000] {logging_mixin.py:190} INFO - [2026-09-17T18:52:27.469+0000] {dag.py:4180} INFO - Setting next_dagrun for example_subdag_operator.section-1 to None, run_after=None
[2026-09-17T18:52:27.472+0000] {logging_mixin.py:190} INFO - [2026-09-17T18:52:27.471+0000] {dag.py:4180} INFO - Setting next_dagrun for example_subdag_operator.section-2 to None, run_after=None
[2026-09-17T18:52:27.480+0000] {logging_mixin.py:190} INFO - [2026-09-17T18:52:27.480+0000] {dag.py:3239} INFO - Sync 2 DAGs
[2026-09-17T18:52:27.488+0000] {logging_mixin.py:190} INFO - [2026-09-17T18:52:27.487+0000] {dag.py:4180} INFO - Setting next_dagrun for example_subdag_operator.section-1 to None, run_after=None
[2026-09-17T18:52:27.489+0000] {logging_mixin.py:190} INFO - [2026-09-17T18:52:27.489+0000] {dag.py:4180} INFO - Setting next_dagrun for example_subdag_operator.section-2 to None, run_after=None
[2026-09-17T18:52:27.503+0000] {processor.py:208} INFO - Processing /home/airflow/.local/lib/python3.12/site-packages/airflow/example_dags/example_subdag_operator.py took 0.125 seconds
[2026-09-17T18:52:57.937+0000] {processor.py:186} INFO - Started process (PID=328) to work on /home/airflow/.local/lib/python3.12/site-packages/airflow/example_dags/example_subdag_operator.py
[2026-09-17T18:52:57.939+0000] {processor.py:914} INFO - Processing file /home/airflow/.local/lib/python3.12/site-packages/airflow/example_dags/example_subdag_operator.py for tasks to queue
[2026-09-17T18:52:57.941+0000] {logging_mixin.py:190} INFO - [2026-09-17T18:52:57.940+0000] {dagbag.py:588} INFO - Filling up the DagBag from /home/airflow/.local/lib/python3.12/site-packages/airflow/example_dags/example_subdag_operator.py
[2026-09-17T18:52:57.975+0000] {processor.py:925} INFO - DAG(s) 'example_subdag_operator.section-1', 'example_subdag_operator.section-2', 'example_subdag_operator' retrieved from /home/airflow/.local/lib/python3.12/site-packages/airflow/example_dags/example_subdag_operator.py
[2026-09-17T18:52:57.991+0000] {logging_mixin.py:190} INFO - [2026-09-17T18:52:57.991+0000] {dag.py:3239} INFO - Sync 3 DAGs
[2026-09-17T18:52:58.022+0000] {logging_mixin.py:190} INFO - [2026-09-17T18:52:58.021+0000] {dag.py:4180} INFO - Setting next_dagrun for example_subdag_operator to 2022-01-01 00:00:00+00:00, run_after=2022-01-01 00:00:00+00:00
[2026-09-17T18:52:58.028+0000] {logging_mixin.py:190} INFO - [2026-09-17T18:52:58.027+0000] {dag.py:4180} INFO - Setting next_dagrun for example_subdag_operator.section-1 to None, run_after=None
[2026-09-17T18:52:58.031+0000] {logging_mixin.py:190} INFO - [2026-09-17T18:52:58.031+0000] {dag.py:4180} INFO - Setting next_dagrun for example_subdag_operator.section-2 to None, run_after=None
[2026-09-17T18:52:58.051+0000] {logging_mixin.py:190} INFO - [2026-09-17T18:52:58.051+0000] {dag.py:3239} INFO - Sync 2 DAGs
[2026-09-17T18:52:58.065+0000] {logging_mixin.py:190} INFO - [2026-09-17T18:52:58.064+0000] {dag.py:4180} INFO - Setting next_dagrun for example_subdag_operator.section-1 to None, run_after=None
[2026-09-17T18:52:58.067+0000] {logging_mixin.py:190} INFO - [2026-09-17T18:52:58.066+0000] {dag.py:4180} INFO - Setting next_dagrun for example_subdag_operator.section-2 to None, run_after=None
[2026-09-17T18:52:58.093+0000] {processor.py:208} INFO - Processing /home/airflow/.local/lib/python3.12/site-packages/airflow/example_dags/example_subdag_operator.py took 0.163 seconds
[2026-09-17T18:53:28.919+0000] {processor.py:186} INFO - Started process (PID=393) to work on /home/airflow/.local/lib/python3.12/site-packages/airflow/example_dags/example_subdag_operator.py
[2026-09-17T18:53:28.921+0000] {processor.py:914} INFO - Processing file /home/airflow/.local/lib/python3.12/site-packages/airflow/example_dags/example_subdag_operator.py for tasks to queue
[2026-09-17T18:53:28.923+0000] {logging_mixin.py:190} INFO - [2026-09-17T18:53:28.923+0000] {dagbag.py:588} INFO - Filling up the DagBag from /home/airflow/.local/lib/python3.12/site-packages/airflow/example_dags/example_subdag_operator.py
[2026-09-17T18:53:28.961+0000] {processor.py:925} INFO - DAG(s) 'example_subdag_operator.section-1', 'example_subdag_operator.section-2', 'example_subdag_operator' retrieved from /home/airflow/.local/lib/python3.12/site-packages/airflow/example_dags/example_subdag_operator.py
[2026-09-17T18:53:28.979+0000] {logging_mixin.py:190} INFO - [2026-09-17T18:53:28.978+0000] {dag.py:3239} INFO - Sync 3 DAGs
[2026-09-17T18:53:29.006+0000] {logging_mixin.py:190} INFO - [2026-09-17T18:53:29.006+0000] {dag.py:4180} INFO - Setting next_dagrun for example_subdag_operator to 2022-01-01 00:00:00+00:00, run_after=2022-01-01 00:00:00+00:00
[2026-09-17T18:53:29.011+0000] {logging_mixin.py:190} INFO - [2026-09-17T18:53:29.011+0000] {dag.py:4180} INFO - Setting next_dagrun for example_subdag_operator.section-1 to None, run_after=None
[2026-09-17T18:53:29.018+0000] {logging_mixin.py:190} INFO - [2026-09-17T18:53:29.017+0000] {dag.py:4180} INFO - Setting next_dagrun for example_subdag_operator.section-2 to None, run_after=None
[2026-09-17T18:53:29.028+0000] {logging_mixin.py:190} INFO - [2026-09-17T18:53:29.028+0000] {dag.py:3239} INFO - Sync 2 DAGs
[2026-09-17T18:53:29.035+0000] {logging_mixin.py:190} INFO - [2026-09-17T18:53:29.035+0000] {dag.py:4180} INFO - Setting next_dagrun for example_subdag_operator.section-1 to None, run_after=None
[2026-09-17T18:53:29.037+0000] {logging_mixin.py:190} INFO - [2026-09-17T18:53:29.037+0000] {dag.py:4180} INFO - Setting next_dagrun for example_subdag_operator.section-2 to None, run_after=None
[2026-09-17T18:53:29.050+0000] {processor.py:208} INFO - Processing /home/airflow/.local/lib/python3.12/site-packages/airflow/example_dags/example_subdag_operator.py took 0.137 seconds
[2026-09-17T18:53:59.922+0000] {processor.py:186} INFO - Started process (PID=458) to work on /home/airflow/.local/lib/python3.12/site-packages/airflow/example_dags/example_subdag_operator.py
[2026-09-17T18:53:59.924+0000] {processor.py:914} INFO - Processing file /home/airflow/.local/lib/python3.12/site-packages/airflow/example_dags/example_subdag_operator.py for tasks to queue
[2026-09-17T18:53:59.927+0000] {logging_mixin.py:190} INFO - [2026-09-17T18:53:59.927+0000] {dagbag.py:588} INFO - Filling up the DagBag from /home/airflow/.local/lib/python3.12/site-packages/airflow/example_dags/example_subdag_operator.py
[2026-09-17T18:53:59.961+0000] {processor.py:925} INFO - DAG(s) 'example_subdag_operator.section-1', 'example_subdag_operator.section-2', 'example_subdag_operator' retrieved from /home/airflow/.local/lib/python3.12/site-packages/airflow/example_dags/example_subdag_operator.py
[2026-09-17T18:53:59.977+0000] {logging_mixin.py:190} INFO - [2026-09-17T18:53:59.977+0000] {dag.py:3239} INFO - Sync 3 DAGs
[2026-09-17T18:54:00.002+0000] {logging_mixin.py:190} INFO - [2026-09-17T18:54:00.002+0000] {dag.py:4180} INFO - Setting next_dagrun for example_subdag_operator to 2022-01-01 00:00:00+00:00, run_after=2022-01-01 00:00:00+00:00
[2026-09-17T18:54:00.008+0000] {logging_mixin.py:190} INFO - [2026-09-17T18:54:00.008+0000] {dag.py:4180} INFO - Setting next_dagrun for example_subdag_operator.section-1 to None, run_after=None
[2026-09-17T18:54:00.012+0000] {logging_mixin.py:190} INFO - [2026-09-17T18:54:00.011+0000] {dag.py:4180} INFO - Setting next_dagrun for example_subdag_operator.section-2 to None, run_after=None
[2026-09-17T18:54:00.023+0000] {logging_mixin.py:190} INFO - [2026-09-17T18:54:00.022+0000] {dag.py:3239} INFO - Sync 2 DAGs
[2026-09-17T18:54:00.032+0000] {logging_mixin.py:190} INFO - [2026-09-17T18:54:00.032+0000] {dag.py:4180} INFO - Setting next_dagrun for example_subdag_operator.section-1 to None, run_after=None
[2026-09-17T18:54:00.033+0000] {logging_mixin.py:190} INFO - [2026-09-17T18:54:00.033+0000] {dag.py:4180} INFO - Setting next_dagrun for example_subdag_operator.section-2 to None, run_after=None
[2026-09-17T18:54:00.050+0000] {processor.py:208} INFO - Processing /home/airflow/.local/lib/python3.12/site-packages/airflow/example_dags/example_subdag_operator.py took 0.134 seconds
[2026-09-17T18:54:30.460+0000] {processor.py:186} INFO - Started process (PID=523) to work on /home/airflow/.local/lib/python3.12/site-packages/airflow/example_dags/example_subdag_operator.py
[2026-09-17T18:54:30.462+0000] {processor.py:914} INFO - Processing file /home/airflow/.local/lib/python3.12/site-packages/airflow/example_dags/example_subdag_operator.py for tasks to queue
[2026-09-17T18:54:30.464+0000] {logging_mixin.py:190} INFO - [2026-09-17T18:54:30.464+0000] {dagbag.py:588} INFO - Filling up the DagBag from /home/airflow/.local/lib/python3.12/site-packages/airflow/example_dags/example_subdag_operator.py
[2026-09-17T18:54:30.497+0000] {processor.py:925} INFO - DAG(s) 'example_subdag_operator.section-1', 'example_subdag_operator.section-2', 'example_subdag_operator' retrieved from /home/airflow/.local/lib/python3.12/site-packages/airflow/example_dags/example_subdag_operator.py
[2026-09-17T18:54:30.513+0000] {logging_mixin.py:190} INFO - [2026-09-17T18:54:30.512+0000] {dag.py:3239} INFO - Sync 3 DAGs
[2026-09-17T18:54:30.538+0000] {logging_mixin.py:190} INFO - [2026-09-17T18:54:30.537+0000] {dag.py:4180} INFO - Setting next_dagrun for example_subdag_operator to 2022-01-01 00:00:00+00:00, run_after=2022-01-01 00:00:00+00:00
[2026-09-17T18:54:30.543+0000] {logging_mixin.py:190} INFO - [2026-09-17T18:54:30.542+0000] {dag.py:4180} INFO - Setting next_dagrun for example_subdag_operator.section-1 to None, run_after=None
[2026-09-17T18:54:30.546+0000] {logging_mixin.py:190} INFO - [2026-09-17T18:54:30.545+0000] {dag.py:4180} INFO - Setting next_dagrun for example_subdag_operator.section-2 to None, run_after=None
[2026-09-17T18:54:30.555+0000] {logging_mixin.py:190} INFO - [2026-09-17T18:54:30.554+0000] {dag.py:3239} INFO - Sync 2 DAGs
[2026-09-17T18:54:30.562+0000] {logging_mixin.py:190} INFO - [2026-09-17T18:54:30.561+0000] {dag.py:4180} INFO - Setting next_dagrun for example_subdag_operator.section-1 to None, run_after=None
[2026-09-17T18:54:30.563+0000] {logging_mixin.py:190} INFO - [2026-09-17T18:54:30.563+0000] {dag.py:4180} INFO - Setting next_dagrun for example_subdag_operator.section-2 to None, run_after=None
[2026-09-17T18:54:30.580+0000] {processor.py:208} INFO - Processing /home/airflow/.local/lib/python3.12/site-packages/airflow/example_dags/example_subdag_operator.py took 0.126 seconds
[2026-09-17T18:55:00.697+0000] {processor.py:186} INFO - Started process (PID=588) to work on /home/airflow/.local/lib/python3.12/site-packages/airflow/example_dags/example_subdag_operator.py
[2026-09-17T18:55:00.699+0000] {processor.py:914} INFO - Processing file /home/airflow/.local/lib/python3.12/site-packages/airflow/example_dags/example_subdag_operator.py for tasks to queue
[2026-09-17T18:55:00.702+0000] {logging_mixin.py:190} INFO - [2026-09-17T18:55:00.701+0000] {dagbag.py:588} INFO - Filling up the DagBag from /home/airflow/.local/lib/python3.12/site-packages/airflow/example_dags/example_subdag_operator.py
[2026-09-17T18:55:00.733+0000] {processor.py:925} INFO - DAG(s) 'example_subdag_operator.section-1', 'example_subdag_operator.section-2', 'example_subdag_operator' retrieved from /home/airflow/.local/lib/python3.12/site-packages/airflow/example_dags/example_subdag_operator.py
[2026-09-17T18:55:00.748+0000] {logging_mixin.py:190} INFO - [2026-09-17T18:55:00.748+0000] {dag.py:3239} INFO - Sync 3 DAGs
[2026-09-17T18:55:00.772+0000] {logging_mixin.py:190} INFO - [2026-09-17T18:55:00.772+0000] {dag.py:4180} INFO - Setting next_dagrun for example_subdag_operator to 2022-01-01 00:00:00+00:00, run_after=2022-01-01 00:00:00+00:00
[2026-09-17T18:55:00.777+0000] {logging_mixin.py:190} INFO - [2026-09-17T18:55:00.777+0000] {dag.py:4180} INFO - Setting next_dagrun for example_subdag_operator.section-1 to None, run_after=None
[2026-09-17T18:55:00.780+0000] {logging_mixin.py:190} INFO - [2026-09-17T18:55:00.779+0000] {dag.py:4180} INFO - Setting next_dagrun for example_subdag_operator.section-2 to None, run_after=None
[2026-09-17T18:55:00.788+0000] {logging_mixin.py:190} INFO - [2026-09-17T18:55:00.788+0000] {dag.py:3239} INFO - Sync 2 DAGs
[2026-09-17T18:55:00.795+0000] {logging_mixin.py:190} INFO - [2026-09-17T18:55:00.795+0000] {dag.py:4180} INFO - Setting next_dagrun for example_subdag_operator.section-1 to None, run_after=None
[2026-09-17T18:55:00.797+0000] {logging_mixin.py:190} INFO - [2026-09-17T18:55:00.797+0000] {dag.py:4180} INFO - Setting next_dagrun for example_subdag_operator.section-2 to None, run_after=None
[2026-09-17T18:55:00.811+0000] {processor.py:208} INFO - Processing /home/airflow/.local/lib/python3.12/site-packages/airflow/example_dags/example_subdag_operator.py took 0.119 seconds
[2026-09-17T18:55:31.037+0000] {processor.py:186} INFO - Started process (PID=653) to work on /home/airflow/.local/lib/python3.12/site-packages/airflow/example_dags/example_subdag_operator.py
[2026-09-17T18:55:31.039+0000] {processor.py:914} INFO - Processing file /home/airflow/.local/lib/python3.12/site-packages/airflow/example_dags/example_subdag_operator.py for tasks to queue
[2026-09-17T18:55:31.041+0000] {logging_mixin.py:190} INFO - [2026-09-17T18:55:31.041+0000] {dagbag.py:588} INFO - Filling up the DagBag from /home/airflow/.local/lib/python3.12/site-packages/airflow/example_dags/example_subdag_operator.py
[2026-09-17T18:55:31.074+0000] {processor.py:925} INFO - DAG(s) 'example_subdag_operator.section-1', 'example_subdag_operator.section-2', 'example_subdag_operator' retrieved from /home/airflow/.local/lib/python3.12/site-packages/airflow/example_dags/example_subdag_operator.py
[2026-09-17T18:55:31.089+0000] {logging_mixin.py:190} INFO - [2026-09-17T18:55:31.089+0000] {dag.py:3239} INFO - Sync 3 DAGs
[2026-09-17T18:55:31.112+0000] {logging_mixin.py:190} INFO - [2026-09-17T18:55:31.112+0000] {dag.py:4180} INFO - Setting next_dagrun for example_subdag_operator to 2022-01-01 00:00:00+00:00, run_after=2022-01-01 00:00:00+00:00
[2026-09-17T18:55:31.120+0000] {logging_mixin.py:190} INFO - [2026-09-17T18:55:31.120+0000] {dag.py:4180} INFO - Setting next_dagrun for example_subdag_operator.section-1 to None, run_after=None
[2026-09-17T18:55:31.123+0000] {logging_mixin.py:190} INFO - [2026-09-17T18:55:31.123+0000] {dag.py:4180} INFO - Setting next_dagrun for example_subdag_operator.section-2 to None, run_after=None
[2026-09-17T18:55:31.132+0000] {logging_mixin.py:190} INFO - [2026-09-17T18:55:31.132+0000] {dag.py:3239} INFO - Sync 2 DAGs
[2026-09-17T18:55:31.140+0000] {logging_mixin.py:190} INFO - [2026-09-17T18:55:31.140+0000] {dag.py:4180} INFO - Setting next_dagrun for example_subdag_operator.section-1 to None, run_after=None
[2026-09-17T18:55:31.142+0000] {logging_mixin.py:190} INFO - [2026-09-17T18:55:31.141+0000] {dag.py:4180} INFO - Setting next_dagrun for example_subdag_operator.section-2 to None, run_after=None
[2026-09-17T18:55:31.157+0000] {processor.py:208} INFO - Processing /home/airflow/.local/lib/python3.12/site-packages/airflow/example_dags/example_subdag_operator.py took 0.126 seconds
[2026-09-17T18:56:01.253+0000] {processor.py:186} INFO - Started process (PID=717) to work on /home/airflow/.local/lib/python3.12/site-packages/airflow/example_dags/example_subdag_operator.py
[2026-09-17T18:56:01.254+0000] {processor.py:914} INFO - Processing file /home/airflow/.local/lib/python3.12/site-packages/airflow/example_dags/example_subdag_operator.py for tasks to queue
[2026-09-17T18:56:01.257+0000] {logging_mixin.py:190} INFO - [2026-09-17T18:56:01.256+0000] {dagbag.py:588} INFO - Filling up the DagBag from /home/airflow/.local/lib/python3.12/site-packages/airflow/example_dags/example_subdag_operator.py
[2026-09-17T18:56:01.290+0000] {processor.py:925} INFO - DAG(s) 'example_subdag_operator.section-1', 'example_subdag_operator.section-2', 'example_subdag_operator' retrieved from /home/airflow/.local/lib/python3.12/site-packages/airflow/example_dags/example_subdag_operator.py
[2026-09-17T18:56:01.306+0000] {logging_mixin.py:190} INFO - [2026-09-17T18:56:01.305+0000] {dag.py:3239} INFO - Sync 3 DAGs
[2026-09-17T18:56:01.329+0000] {logging_mixin.py:190} INFO - [2026-09-17T18:56:01.329+0000] {dag.py:4180} INFO - Setting next_dagrun for example_subdag_operator to 2022-01-01 00:00:00+00:00, run_after=2022-01-01 00:00:00+00:00
[2026-09-17T18:56:01.333+0000] {logging_mixin.py:190} INFO - [2026-09-17T18:56:01.333+0000] {dag.py:4180} INFO - Setting next_dagrun for example_subdag_operator.section-1 to None, run_after=None
[2026-09-17T18:56:01.336+0000] {logging_mixin.py:190} INFO - [2026-09-17T18:56:01.335+0000] {dag.py:4180} INFO - Setting next_dagrun for example_subdag_operator.section-2 to None, run_after=None
[2026-09-17T18:56:01.343+0000] {logging_mixin.py:190} INFO - [2026-09-17T18:56:01.342+0000] {dag.py:3239} INFO - Sync 2 DAGs
[2026-09-17T18:56:01.349+0000] {logging_mixin.py:190} INFO - [2026-09-17T18:56:01.349+0000] {dag.py:4180} INFO - Setting next_dagrun for example_subdag_operator.section-1 to None, run_after=None
[2026-09-17T18:56:01.351+0000] {logging_mixin.py:190} INFO - [2026-09-17T18:56:01.350+0000] {dag.py:4180} INFO - Setting next_dagrun for example_subdag_operator.section-2 to None, run_after=None
[2026-09-17T18:56:01.363+0000] {processor.py:208} INFO - Processing /home/airflow/.local/lib/python3.12/site-packages/airflow/example_dags/example_subdag_operator.py took 0.116 seconds
[2026-09-17T18:56:31.634+0000] {processor.py:186} INFO - Started process (PID=782) to work on /home/airflow/.local/lib/python3.12/site-packages/airflow/example_dags/example_subdag_operator.py
[2026-09-17T18:56:31.636+0000] {processor.py:914} INFO - Processing file /home/airflow/.local/lib/python3.12/site-packages/airflow/example_dags/example_subdag_operator.py for tasks to queue
[2026-09-17T18:56:31.638+0000] {logging_mixin.py:190} INFO - [2026-09-17T18:56:31.638+0000] {dagbag.py:588} INFO - Filling up the DagBag from /home/airflow/.local/lib/python3.12/site-packages/airflow/example_dags/example_subdag_operator.py
[2026-09-17T18:56:31.671+0000] {processor.py:925} INFO - DAG(s) 'example_subdag_operator.section-1', 'example_subdag_operator.section-2', 'example_subdag_operator' retrieved from /home/airflow/.local/lib/python3.12/site-packages/airflow/example_dags/example_subdag_operator.py
[2026-09-17T18:56:31.687+0000] {logging_mixin.py:190} INFO - [2026-09-17T18:56:31.687+0000] {dag.py:3239} INFO - Sync 3 DAGs
[2026-09-17T18:56:31.712+0000] {logging_mixin.py:190} INFO - [2026-09-17T18:56:31.711+0000] {dag.py:4180} INFO - Setting next_dagrun for example_subdag_operator to 2022-01-01 00:00:00+00:00, run_after=2022-01-01 00:00:00+00:00
[2026-09-17T18:56:31.716+0000] {logging_mixin.py:190} INFO - [2026-09-17T18:56:31.716+0000] {dag.py:4180} INFO - Setting next_dagrun for example_subdag_operator.section-1 to None, run_after=None
[2026-09-17T18:56:31.719+0000] {logging_mixin.py:190} INFO - [2026-09-17T18:56:31.718+0000] {dag.py:4180} INFO - Setting next_dagrun for example_subdag_operator.section-2 to None, run_after=None
[2026-09-17T18:56:31.727+0000] {logging_mixin.py:190} INFO - [2026-09-17T18:56:31.727+0000] {dag.py:3239} INFO - Sync 2 DAGs
[2026-09-17T18:56:31.734+0000] {logging_mixin.py:190} INFO - [2026-09-17T18:56:31.734+0000] {dag.py:4180} INFO - Setting next_dagrun for example_subdag_operator.section-1 to None, run_after=None
[2026-09-17T18:56:31.736+0000] {logging_mixin.py:190} INFO - [2026-09-17T18:56:31.735+0000] {dag.py:4180} INFO - Setting next_dagrun for example_subdag_operator.section-2 to None, run_after=None
[2026-09-17T18:56:31.750+0000] {processor.py:208} INFO - Processing /home/airflow/.local/lib/python3.12/site-packages/airflow/example_dags/example_subdag_operator.py took 0.121 seconds
[2026-09-17T18:57:02.648+0000] {processor.py:186} INFO - Started process (PID=847) to work on /home/airflow/.local/lib/python3.12/site-packages/airflow/example_dags/example_subdag_operator.py
[2026-09-17T18:57:02.650+0000] {processor.py:914} INFO - Processing file /home/airflow/.local/lib/python3.12/site-packages/airflow/example_dags/example_subdag_operator.py for tasks to queue
[2026-09-17T18:57:02.653+0000] {logging_mixin.py:190} INFO - [2026-09-17T18:57:02.652+0000] {dagbag.py:588} INFO - Filling up the DagBag from /home/airflow/.local/lib/python3.12/site-packages/airflow/example_dags/example_subdag_operator.py
[2026-09-17T18:57:02.687+0000] {processor.py:925} INFO - DAG(s) 'example_subdag_operator.section-1', 'example_subdag_operator.section-2', 'example_subdag_operator' retrieved from /home/airflow/.local/lib/python3.12/site-packages/airflow/example_dags/example_subdag_operator.py
[2026-09-17T18:57:02.704+0000] {logging_mixin.py:190} INFO - [2026-09-17T18:57:02.704+0000] {dag.py:3239} INFO - Sync 3 DAGs
[2026-09-17T18:57:02.730+0000] {logging_mixin.py:190} INFO - [2026-09-17T18:57:02.729+0000] {dag.py:4180} INFO - Setting next_dagrun for example_subdag_operator to 2022-01-01 00:00:00+00:00, run_after=2022-01-01 00:00:00+00:00
[2026-09-17T18:57:02.737+0000] {logging_mixin.py:190} INFO - [2026-09-17T18:57:02.737+0000] {dag.py:4180} INFO - Setting next_dagrun for example_subdag_operator.section-1 to None, run_after=None
[2026-09-17T18:57:02.740+0000] {logging_mixin.py:190} INFO - [2026-09-17T18:57:02.739+0000] {dag.py:4180} INFO - Setting next_dagrun for example_subdag_operator.section-2 to None, run_after=None
[2026-09-17T18:57:02.749+0000] {logging_mixin.py:190} INFO - [2026-09-17T18:57:02.749+0000] {dag.py:3239} INFO - Sync 2 DAGs
[2026-09-17T18:57:02.761+0000] {logging_mixin.py:190} INFO - [2026-09-17T18:57:02.761+0000] {dag.py:4180} INFO - Setting next_dagrun for example_subdag_operator.section-1 to None, run_after=None
[2026-09-17T18:57:02.763+0000] {logging_mixin.py:190} INFO - [2026-09-17T18:57:02.763+0000] {dag.py:4180} INFO - Setting next_dagrun for example_subdag_operator.section-2 to None, run_after=None
[2026-09-17T18:57:02.777+0000] {processor.py:208} INFO - Processing /home/airflow/.local/lib/python3.12/site-packages/airflow/example_dags/example_subdag_operator.py took 0.135 seconds
[2026-09-17T18:57:33.051+0000] {processor.py:186} INFO - Started process (PID=911) to work on /home/airflow/.local/lib/python3.12/site-packages/airflow/example_dags/example_subdag_operator.py
[2026-09-17T18:57:33.054+0000] {processor.py:914} INFO - Processing file /home/airflow/.local/lib/python3.12/site-packages/airflow/example_dags/example_subdag_operator.py for tasks to queue
[2026-09-17T18:57:33.057+0000] {logging_mixin.py:190} INFO - [2026-09-17T18:57:33.057+0000] {dagbag.py:588} INFO - Filling up the DagBag from /home/airflow/.local/lib/python3.12/site-packages/airflow/example_dags/example_subdag_operator.py
[2026-09-17T18:57:33.095+0000] {processor.py:925} INFO - DAG(s) 'example_subdag_operator.section-1', 'example_subdag_operator.section-2', 'example_subdag_operator' retrieved from /home/airflow/.local/lib/python3.12/site-packages/airflow/example_dags/example_subdag_operator.py
[2026-09-17T18:57:33.114+0000] {logging_mixin.py:190} INFO - [2026-09-17T18:57:33.113+0000] {dag.py:3239} INFO - Sync 3 DAGs
[2026-09-17T18:57:33.142+0000] {logging_mixin.py:190} INFO - [2026-09-17T18:57:33.142+0000] {dag.py:4180} INFO - Setting next_dagrun for example_subdag_operator to 2022-01-01 00:00:00+00:00, run_after=2022-01-01 00:00:00+00:00
[2026-09-17T18:57:33.149+0000] {logging_mixin.py:190} INFO - [2026-09-17T18:57:33.148+0000] {dag.py:4180} INFO - Setting next_dagrun for example_subdag_operator.section-1 to None, run_after=None
[2026-09-17T18:57:33.152+0000] {logging_mixin.py:190} INFO - [2026-09-17T18:57:33.151+0000] {dag.py:4180} INFO - Setting next_dagrun for example_subdag_operator.section-2 to None, run_after=None
[2026-09-17T18:57:33.163+0000] {logging_mixin.py:190} INFO - [2026-09-17T18:57:33.162+0000] {dag.py:3239} INFO - Sync 2 DAGs
[2026-09-17T18:57:33.171+0000] {logging_mixin.py:190} INFO - [2026-09-17T18:57:33.171+0000] {dag.py:4180} INFO - Setting next_dagrun for example_subdag_operator.section-1 to None, run_after=None
[2026-09-17T18:57:33.173+0000] {logging_mixin.py:190} INFO - [2026-09-17T18:57:33.172+0000] {dag.py:4180} INFO - Setting next_dagrun for example_subdag_operator.section-2 to None, run_after=None
[2026-09-17T18:57:33.190+0000] {processor.py:208} INFO - Processing /home/airflow/.local/lib/python3.12/site-packages/airflow/example_dags/example_subdag_operator.py took 0.145 seconds
[2026-09-17T18:58:03.721+0000] {processor.py:186} INFO - Started process (PID=969) to work on /home/airflow/.local/lib/python3.12/site-packages/airflow/example_dags/example_subdag_operator.py
[2026-09-17T18:58:03.723+0000] {processor.py:914} INFO - Processing file /home/airflow/.local/lib/python3.12/site-packages/airflow/example_dags/example_subdag_operator.py for tasks to queue
[2026-09-17T18:58:03.725+0000] {logging_mixin.py:190} INFO - [2026-09-17T18:58:03.725+0000] {dagbag.py:588} INFO - Filling up the DagBag from /home/airflow/.local/lib/python3.12/site-packages/airflow/example_dags/example_subdag_operator.py
[2026-09-17T18:58:03.762+0000] {processor.py:925} INFO - DAG(s) 'example_subdag_operator.section-1', 'example_subdag_operator.section-2', 'example_subdag_operator' retrieved from /home/airflow/.local/lib/python3.12/site-packages/airflow/example_dags/example_subdag_operator.py
[2026-09-17T18:58:03.780+0000] {logging_mixin.py:190} INFO - [2026-09-17T18:58:03.779+0000] {dag.py:3239} INFO - Sync 3 DAGs
[2026-09-17T18:58:03.806+0000] {logging_mixin.py:190} INFO - [2026-09-17T18:58:03.806+0000] {dag.py:4180} INFO - Setting next_dagrun for example_subdag_operator to 2022-01-01 00:00:00+00:00, run_after=2022-01-01 00:00:00+00:00
[2026-09-17T18:58:03.811+0000] {logging_mixin.py:190} INFO - [2026-09-17T18:58:03.811+0000] {dag.py:4180} INFO - Setting next_dagrun for example_subdag_operator.section-1 to None, run_after=None
[2026-09-17T18:58:03.813+0000] {logging_mixin.py:190} INFO - [2026-09-17T18:58:03.813+0000] {dag.py:4180} INFO - Setting next_dagrun for example_subdag_operator.section-2 to None, run_after=None
[2026-09-17T18:58:03.822+0000] {logging_mixin.py:190} INFO - [2026-09-17T18:58:03.821+0000] {dag.py:3239} INFO - Sync 2 DAGs
[2026-09-17T18:58:03.831+0000] {logging_mixin.py:190} INFO - [2026-09-17T18:58:03.831+0000] {dag.py:4180} INFO - Setting next_dagrun for example_subdag_operator.section-1 to None, run_after=None
[2026-09-17T18:58:03.833+0000] {logging_mixin.py:190} INFO - [2026-09-17T18:58:03.832+0000] {dag.py:4180} INFO - Setting next_dagrun for example_subdag_operator.section-2 to None, run_after=None
[2026-09-17T18:58:03.849+0000] {processor.py:208} INFO - Processing /home/airflow/.local/lib/python3.12/site-packages/airflow/example_dags/example_subdag_operator.py took 0.135 seconds
[2026-09-17T18:58:33.943+0000] {processor.py:186} INFO - Started process (PID=1034) to work on /home/airflow/.local/lib/python3.12/site-packages/airflow/example_dags/example_subdag_operator.py
[2026-09-17T18:58:33.945+0000] {processor.py:914} INFO - Processing file /home/airflow/.local/lib/python3.12/site-packages/airflow/example_dags/example_subdag_operator.py for tasks to queue
[2026-09-17T18:58:33.947+0000] {logging_mixin.py:190} INFO - [2026-09-17T18:58:33.947+0000] {dagbag.py:588} INFO - Filling up the DagBag from /home/airflow/.local/lib/python3.12/site-packages/airflow/example_dags/example_subdag_operator.py
[2026-09-17T18:58:33.986+0000] {processor.py:925} INFO - DAG(s) 'example_subdag_operator.section-1', 'example_subdag_operator.section-2', 'example_subdag_operator' retrieved from /home/airflow/.local/lib/python3.12/site-packages/airflow/example_dags/example_subdag_operator.py
[2026-09-17T18:58:34.004+0000] {logging_mixin.py:190} INFO - [2026-09-17T18:58:34.003+0000] {dag.py:3239} INFO - Sync 3 DAGs
[2026-09-17T18:58:34.035+0000] {logging_mixin.py:190} INFO - [2026-09-17T18:58:34.034+0000] {dag.py:4180} INFO - Setting next_dagrun for example_subdag_operator to 2022-01-01 00:00:00+00:00, run_after=2022-01-01 00:00:00+00:00
[2026-09-17T18:58:34.042+0000] {logging_mixin.py:190} INFO - [2026-09-17T18:58:34.042+0000] {dag.py:4180} INFO - Setting next_dagrun for example_subdag_operator.section-1 to None, run_after=None
[2026-09-17T18:58:34.046+0000] {logging_mixin.py:190} INFO - [2026-09-17T18:58:34.046+0000] {dag.py:4180} INFO - Setting next_dagrun for example_subdag_operator.section-2 to None, run_after=None
[2026-09-17T18:58:34.058+0000] {logging_mixin.py:190} INFO - [2026-09-17T18:58:34.057+0000] {dag.py:3239} INFO - Sync 2 DAGs
[2026-09-17T18:58:34.068+0000] {logging_mixin.py:190} INFO - [2026-09-17T18:58:34.067+0000] {dag.py:4180} INFO - Setting next_dagrun for example_subdag_operator.section-1 to None, run_after=None
[2026-09-17T18:58:34.070+0000] {logging_mixin.py:190} INFO - [2026-09-17T18:58:34.070+0000] {dag.py:4180} INFO - Setting next_dagrun for example_subdag_operator.section-2 to None, run_after=None
[2026-09-17T18:58:34.089+0000] {processor.py:208} INFO - Processing /home/airflow/.local/lib/python3.12/site-packages/airflow/example_dags/example_subdag_operator.py took 0.153 seconds
[2026-09-17T18:59:04.624+0000] {processor.py:186} INFO - Started process (PID=1099) to work on /home/airflow/.local/lib/python3.12/site-packages/airflow/example_dags/example_subdag_operator.py
[2026-09-17T18:59:04.626+0000] {processor.py:914} INFO - Processing file /home/airflow/.local/lib/python3.12/site-packages/airflow/example_dags/example_subdag_operator.py for tasks to queue
[2026-09-17T18:59:04.629+0000] {logging_mixin.py:190} INFO - [2026-09-17T18:59:04.628+0000] {dagbag.py:588} INFO - Filling up the DagBag from /home/airflow/.local/lib/python3.12/site-packages/airflow/example_dags/example_subdag_operator.py
[2026-09-17T18:59:04.674+0000] {processor.py:925} INFO - DAG(s) 'example_subdag_operator.section-1', 'example_subdag_operator.section-2', 'example_subdag_operator' retrieved from /home/airflow/.local/lib/python3.12/site-packages/airflow/example_dags/example_subdag_operator.py
[2026-09-17T18:59:04.693+0000] {logging_mixin.py:190} INFO - [2026-09-17T18:59:04.693+0000] {dag.py:3239} INFO - Sync 3 DAGs
[2026-09-17T18:59:04.725+0000] {logging_mixin.py:190} INFO - [2026-09-17T18:59:04.725+0000] {dag.py:4180} INFO - Setting next_dagrun for example_subdag_operator to 2022-01-01 00:00:00+00:00, run_after=2022-01-01 00:00:00+00:00
[2026-09-17T18:59:04.732+0000] {logging_mixin.py:190} INFO - [2026-09-17T18:59:04.731+0000] {dag.py:4180} INFO - Setting next_dagrun for example_subdag_operator.section-1 to None, run_after=None
[2026-09-17T18:59:04.735+0000] {logging_mixin.py:190} INFO - [2026-09-17T18:59:04.734+0000] {dag.py:4180} INFO - Setting next_dagrun for example_subdag_operator.section-2 to None, run_after=None
[2026-09-17T18:59:04.747+0000] {logging_mixin.py:190} INFO - [2026-09-17T18:59:04.746+0000] {dag.py:3239} INFO - Sync 2 DAGs
[2026-09-17T18:59:04.757+0000] {logging_mixin.py:190} INFO - [2026-09-17T18:59:04.756+0000] {dag.py:4180} INFO - Setting next_dagrun for example_subdag_operator.section-1 to None, run_after=None
[2026-09-17T18:59:04.758+0000] {logging_mixin.py:190} INFO - [2026-09-17T18:59:04.758+0000] {dag.py:4180} INFO - Setting next_dagrun for example_subdag_operator.section-2 to None, run_after=None
[2026-09-17T18:59:04.775+0000] {processor.py:208} INFO - Processing /home/airflow/.local/lib/python3.12/site-packages/airflow/example_dags/example_subdag_operator.py took 0.159 seconds
[2026-09-17T18:59:37.207+0000] {processor.py:186} INFO - Started process (PID=1165) to work on /home/airflow/.local/lib/python3.12/site-packages/airflow/example_dags/example_subdag_operator.py
[2026-09-17T18:59:37.210+0000] {processor.py:914} INFO - Processing file /home/airflow/.local/lib/python3.12/site-packages/airflow/example_dags/example_subdag_operator.py for tasks to queue
[2026-09-17T18:59:37.213+0000] {logging_mixin.py:190} INFO - [2026-09-17T18:59:37.213+0000] {dagbag.py:588} INFO - Filling up the DagBag from /home/airflow/.local/lib/python3.12/site-packages/airflow/example_dags/example_subdag_operator.py
[2026-09-17T18:59:37.266+0000] {processor.py:925} INFO - DAG(s) 'example_subdag_operator.section-1', 'example_subdag_operator.section-2', 'example_subdag_operator' retrieved from /home/airflow/.local/lib/python3.12/site-packages/airflow/example_dags/example_subdag_operator.py
[2026-09-17T18:59:37.289+0000] {logging_mixin.py:190} INFO - [2026-09-17T18:59:37.288+0000] {dag.py:3239} INFO - Sync 3 DAGs
[2026-09-17T18:59:37.329+0000] {logging_mixin.py:190} INFO - [2026-09-17T18:59:37.328+0000] {dag.py:4180} INFO - Setting next_dagrun for example_subdag_operator to 2022-01-01 00:00:00+00:00, run_after=2022-01-01 00:00:00+00:00
[2026-09-17T18:59:37.344+0000] {logging_mixin.py:190} INFO - [2026-09-17T18:59:37.344+0000] {dag.py:4180} INFO - Setting next_dagrun for example_subdag_operator.section-1 to None, run_after=None
[2026-09-17T18:59:37.347+0000] {logging_mixin.py:190} INFO - [2026-09-17T18:59:37.347+0000] {dag.py:4180} INFO - Setting next_dagrun for example_subdag_operator.section-2 to None, run_after=None
[2026-09-17T18:59:37.363+0000] {logging_mixin.py:190} INFO - [2026-09-17T18:59:37.363+0000] {dag.py:3239} INFO - Sync 2 DAGs
[2026-09-17T18:59:37.380+0000] {logging_mixin.py:190} INFO - [2026-09-17T18:59:37.380+0000] {dag.py:4180} INFO - Setting next_dagrun for example_subdag_operator.section-1 to None, run_after=None
[2026-09-17T18:59:37.383+0000] {logging_mixin.py:190} INFO - [2026-09-17T18:59:37.383+0000] {dag.py:4180} INFO - Setting next_dagrun for example_subdag_operator.section-2 to None, run_after=None
[2026-09-17T18:59:37.419+0000] {processor.py:208} INFO - Processing /home/airflow/.local/lib/python3.12/site-packages/airflow/example_dags/example_subdag_operator.py took 0.220 seconds
[2026-09-17T19:00:08.050+0000] {processor.py:186} INFO - Started process (PID=1230) to work on /home/airflow/.local/lib/python3.12/site-packages/airflow/example_dags/example_subdag_operator.py
[2026-09-17T19:00:08.052+0000] {processor.py:914} INFO - Processing file /home/airflow/.local/lib/python3.12/site-packages/airflow/example_dags/example_subdag_operator.py for tasks to queue
[2026-09-17T19:00:08.055+0000] {logging_mixin.py:190} INFO - [2026-09-17T19:00:08.054+0000] {dagbag.py:588} INFO - Filling up the DagBag from /home/airflow/.local/lib/python3.12/site-packages/airflow/example_dags/example_subdag_operator.py
[2026-09-17T19:00:08.088+0000] {processor.py:925} INFO - DAG(s) 'example_subdag_operator.section-1', 'example_subdag_operator.section-2', 'example_subdag_operator' retrieved from /home/airflow/.local/lib/python3.12/site-packages/airflow/example_dags/example_subdag_operator.py
[2026-09-17T19:00:08.104+0000] {logging_mixin.py:190} INFO - [2026-09-17T19:00:08.104+0000] {dag.py:3239} INFO - Sync 3 DAGs
[2026-09-17T19:00:08.130+0000] {logging_mixin.py:190} INFO - [2026-09-17T19:00:08.130+0000] {dag.py:4180} INFO - Setting next_dagrun for example_subdag_operator to 2022-01-01 00:00:00+00:00, run_after=2022-01-01 00:00:00+00:00
[2026-09-17T19:00:08.136+0000] {logging_mixin.py:190} INFO - [2026-09-17T19:00:08.136+0000] {dag.py:4180} INFO - Setting next_dagrun for example_subdag_operator.section-1 to None, run_after=None
[2026-09-17T19:00:08.140+0000] {logging_mixin.py:190} INFO - [2026-09-17T19:00:08.140+0000] {dag.py:4180} INFO - Setting next_dagrun for example_subdag_operator.section-2 to None, run_after=None
[2026-09-17T19:00:08.153+0000] {logging_mixin.py:190} INFO - [2026-09-17T19:00:08.153+0000] {dag.py:3239} INFO - Sync 2 DAGs
[2026-09-17T19:00:08.162+0000] {logging_mixin.py:190} INFO - [2026-09-17T19:00:08.161+0000] {dag.py:4180} INFO - Setting next_dagrun for example_subdag_operator.section-1 to None, run_after=None
[2026-09-17T19:00:08.163+0000] {logging_mixin.py:190} INFO - [2026-09-17T19:00:08.163+0000] {dag.py:4180} INFO - Setting next_dagrun for example_subdag_operator.section-2 to None, run_after=None
[2026-09-17T19:00:08.178+0000] {processor.py:208} INFO - Processing /home/airflow/.local/lib/python3.12/site-packages/airflow/example_dags/example_subdag_operator.py took 0.134 seconds
[2026-09-17T19:00:38.317+0000] {processor.py:186} INFO - Started process (PID=1295) to work on /home/airflow/.local/lib/python3.12/site-packages/airflow/example_dags/example_subdag_operator.py
[2026-09-17T19:00:38.319+0000] {processor.py:914} INFO - Processing file /home/airflow/.local/lib/python3.12/site-packages/airflow/example_dags/example_subdag_operator.py for tasks to queue
[2026-09-17T19:00:38.322+0000] {logging_mixin.py:190} INFO - [2026-09-17T19:00:38.322+0000] {dagbag.py:588} INFO - Filling up the DagBag from /home/airflow/.local/lib/python3.12/site-packages/airflow/example_dags/example_subdag_operator.py
[2026-09-17T19:00:38.361+0000] {processor.py:925} INFO - DAG(s) 'example_subdag_operator.section-1', 'example_subdag_operator.section-2', 'example_subdag_operator' retrieved from /home/airflow/.local/lib/python3.12/site-packages/airflow/example_dags/example_subdag_operator.py
[2026-09-17T19:00:38.378+0000] {logging_mixin.py:190} INFO - [2026-09-17T19:00:38.378+0000] {dag.py:3239} INFO - Sync 3 DAGs
[2026-09-17T19:00:38.405+0000] {logging_mixin.py:190} INFO - [2026-09-17T19:00:38.404+0000] {dag.py:4180} INFO - Setting next_dagrun for example_subdag_operator to 2022-01-01 00:00:00+00:00, run_after=2022-01-01 00:00:00+00:00
[2026-09-17T19:00:38.412+0000] {logging_mixin.py:190} INFO - [2026-09-17T19:00:38.411+0000] {dag.py:4180} INFO - Setting next_dagrun for example_subdag_operator.section-1 to None, run_after=None
[2026-09-17T19:00:38.415+0000] {logging_mixin.py:190} INFO - [2026-09-17T19:00:38.414+0000] {dag.py:4180} INFO - Setting next_dagrun for example_subdag_operator.section-2 to None, run_after=None
[2026-09-17T19:00:38.424+0000] {logging_mixin.py:190} INFO - [2026-09-17T19:00:38.423+0000] {dag.py:3239} INFO - Sync 2 DAGs
[2026-09-17T19:00:38.431+0000] {logging_mixin.py:190} INFO - [2026-09-17T19:00:38.431+0000] {dag.py:4180} INFO - Setting next_dagrun for example_subdag_operator.section-1 to None, run_after=None
[2026-09-17T19:00:38.432+0000] {logging_mixin.py:190} INFO - [2026-09-17T19:00:38.432+0000] {dag.py:4180} INFO - Setting next_dagrun for example_subdag_operator.section-2 to None, run_after=None
[2026-09-17T19:00:38.448+0000] {processor.py:208} INFO - Processing /home/airflow/.local/lib/python3.12/site-packages/airflow/example_dags/example_subdag_operator.py took 0.138 seconds
[2026-09-17T19:01:09.097+0000] {processor.py:186} INFO - Started process (PID=1360) to work on /home/airflow/.local/lib/python3.12/site-packages/airflow/example_dags/example_subdag_operator.py
[2026-09-17T19:01:09.098+0000] {processor.py:914} INFO - Processing file /home/airflow/.local/lib/python3.12/site-packages/airflow/example_dags/example_subdag_operator.py for tasks to queue
[2026-09-17T19:01:09.100+0000] {logging_mixin.py:190} INFO - [2026-09-17T19:01:09.100+0000] {dagbag.py:588} INFO - Filling up the DagBag from /home/airflow/.local/lib/python3.12/site-packages/airflow/example_dags/example_subdag_operator.py
[2026-09-17T19:01:09.136+0000] {processor.py:925} INFO - DAG(s) 'example_subdag_operator.section-1', 'example_subdag_operator.section-2', 'example_subdag_operator' retrieved from /home/airflow/.local/lib/python3.12/site-packages/airflow/example_dags/example_subdag_operator.py
[2026-09-17T19:01:09.154+0000] {logging_mixin.py:190} INFO - [2026-09-17T19:01:09.154+0000] {dag.py:3239} INFO - Sync 3 DAGs
[2026-09-17T19:01:09.175+0000] {logging_mixin.py:190} INFO - [2026-09-17T19:01:09.175+0000] {dag.py:4180} INFO - Setting next_dagrun for example_subdag_operator to 2022-01-01 00:00:00+00:00, run_after=2022-01-01 00:00:00+00:00
[2026-09-17T19:01:09.179+0000] {logging_mixin.py:190} INFO - [2026-09-17T19:01:09.179+0000] {dag.py:4180} INFO - Setting next_dagrun for example_subdag_operator.section-1 to None, run_after=None
[2026-09-17T19:01:09.181+0000] {logging_mixin.py:190} INFO - [2026-09-17T19:01:09.181+0000] {dag.py:4180} INFO - Setting next_dagrun for example_subdag_operator.section-2 to None, run_after=None
[2026-09-17T19:01:09.189+0000] {logging_mixin.py:190} INFO - [2026-09-17T19:01:09.189+0000] {dag.py:3239} INFO - Sync 2 DAGs
[2026-09-17T19:01:09.197+0000] {logging_mixin.py:190} INFO - [2026-09-17T19:01:09.197+0000] {dag.py:4180} INFO - Setting next_dagrun for example_subdag_operator.section-1 to None, run_after=None
[2026-09-17T19:01:09.198+0000] {logging_mixin.py:190} INFO - [2026-09-17T19:01:09.198+0000] {dag.py:4180} INFO - Setting next_dagrun for example_subdag_operator.section-2 to None, run_after=None
[2026-09-17T19:01:09.211+0000] {processor.py:208} INFO - Processing /home/airflow/.local/lib/python3.12/site-packages/airflow/example_dags/example_subdag_operator.py took 0.121 seconds
[2026-09-17T19:01:39.550+0000] {processor.py:186} INFO - Started process (PID=1425) to work on /home/airflow/.local/lib/python3.12/site-packages/airflow/example_dags/example_subdag_operator.py
[2026-09-17T19:01:39.555+0000] {processor.py:914} INFO - Processing file /home/airflow/.local/lib/python3.12/site-packages/airflow/example_dags/example_subdag_operator.py for tasks to queue
[2026-09-17T19:01:39.558+0000] {logging_mixin.py:190} INFO - [2026-09-17T19:01:39.557+0000] {dagbag.py:588} INFO - Filling up the DagBag from /home/airflow/.local/lib/python3.12/site-packages/airflow/example_dags/example_subdag_operator.py
[2026-09-17T19:01:39.603+0000] {processor.py:925} INFO - DAG(s) 'example_subdag_operator.section-1', 'example_subdag_operator.section-2', 'example_subdag_operator' retrieved from /home/airflow/.local/lib/python3.12/site-packages/airflow/example_dags/example_subdag_operator.py
[2026-09-17T19:01:39.622+0000] {logging_mixin.py:190} INFO - [2026-09-17T19:01:39.621+0000] {dag.py:3239} INFO - Sync 3 DAGs
[2026-09-17T19:01:39.660+0000] {logging_mixin.py:190} INFO - [2026-09-17T19:01:39.659+0000] {dag.py:4180} INFO - Setting next_dagrun for example_subdag_operator to 2022-01-01 00:00:00+00:00, run_after=2022-01-01 00:00:00+00:00
[2026-09-17T19:01:39.668+0000] {logging_mixin.py:190} INFO - [2026-09-17T19:01:39.668+0000] {dag.py:4180} INFO - Setting next_dagrun for example_subdag_operator.section-1 to None, run_after=None
[2026-09-17T19:01:39.673+0000] {logging_mixin.py:190} INFO - [2026-09-17T19:01:39.673+0000] {dag.py:4180} INFO - Setting next_dagrun for example_subdag_operator.section-2 to None, run_after=None
[2026-09-17T19:01:39.689+0000] {logging_mixin.py:190} INFO - [2026-09-17T19:01:39.688+0000] {dag.py:3239} INFO - Sync 2 DAGs
[2026-09-17T19:01:39.698+0000] {logging_mixin.py:190} INFO - [2026-09-17T19:01:39.698+0000] {dag.py:4180} INFO - Setting next_dagrun for example_subdag_operator.section-1 to None, run_after=None
[2026-09-17T19:01:39.700+0000] {logging_mixin.py:190} INFO - [2026-09-17T19:01:39.699+0000] {dag.py:4180} INFO - Setting next_dagrun for example_subdag_operator.section-2 to None, run_after=None
[2026-09-17T19:01:39.717+0000] {processor.py:208} INFO - Processing /home/airflow/.local/lib/python3.12/site-packages/airflow/example_dags/example_subdag_operator.py took 0.176 seconds
[2026-09-17T19:02:10.042+0000] {processor.py:186} INFO - Started process (PID=1488) to work on /home/airflow/.local/lib/python3.12/site-packages/airflow/example_dags/example_subdag_operator.py
[2026-09-17T19:02:10.045+0000] {processor.py:914} INFO - Processing file /home/airflow/.local/lib/python3.12/site-packages/airflow/example_dags/example_subdag_operator.py for tasks to queue
[2026-09-17T19:02:10.048+0000] {logging_mixin.py:190} INFO - [2026-09-17T19:02:10.048+0000] {dagbag.py:588} INFO - Filling up the DagBag from /home/airflow/.local/lib/python3.12/site-packages/airflow/example_dags/example_subdag_operator.py
[2026-09-17T19:02:10.102+0000] {processor.py:925} INFO - DAG(s) 'example_subdag_operator.section-1', 'example_subdag_operator.section-2', 'example_subdag_operator' retrieved from /home/airflow/.local/lib/python3.12/site-packages/airflow/example_dags/example_subdag_operator.py
[2026-09-17T19:02:10.128+0000] {logging_mixin.py:190} INFO - [2026-09-17T19:02:10.127+0000] {dag.py:3239} INFO - Sync 3 DAGs
[2026-09-17T19:02:10.171+0000] {logging_mixin.py:190} INFO - [2026-09-17T19:02:10.171+0000] {dag.py:4180} INFO - Setting next_dagrun for example_subdag_operator to 2022-01-01 00:00:00+00:00, run_after=2022-01-01 00:00:00+00:00
[2026-09-17T19:02:10.181+0000] {logging_mixin.py:190} INFO - [2026-09-17T19:02:10.181+0000] {dag.py:4180} INFO - Setting next_dagrun for example_subdag_operator.section-1 to None, run_after=None
[2026-09-17T19:02:10.186+0000] {logging_mixin.py:190} INFO - [2026-09-17T19:02:10.186+0000] {dag.py:4180} INFO - Setting next_dagrun for example_subdag_operator.section-2 to None, run_after=None
[2026-09-17T19:02:10.203+0000] {logging_mixin.py:190} INFO - [2026-09-17T19:02:10.202+0000] {dag.py:3239} INFO - Sync 2 DAGs
[2026-09-17T19:02:10.216+0000] {logging_mixin.py:190} INFO - [2026-09-17T19:02:10.215+0000] {dag.py:4180} INFO - Setting next_dagrun for example_subdag_operator.section-1 to None, run_after=None
[2026-09-17T19:02:10.218+0000] {logging_mixin.py:190} INFO - [2026-09-17T19:02:10.218+0000] {dag.py:4180} INFO - Setting next_dagrun for example_subdag_operator.section-2 to None, run_after=None
[2026-09-17T19:02:10.243+0000] {processor.py:208} INFO - Processing /home/airflow/.local/lib/python3.12/site-packages/airflow/example_dags/example_subdag_operator.py took 0.213 seconds
[2026-09-17T19:02:40.407+0000] {processor.py:186} INFO - Started process (PID=1547) to work on /home/airflow/.local/lib/python3.12/site-packages/airflow/example_dags/example_subdag_operator.py
[2026-09-17T19:02:40.409+0000] {processor.py:914} INFO - Processing file /home/airflow/.local/lib/python3.12/site-packages/airflow/example_dags/example_subdag_operator.py for tasks to queue
[2026-09-17T19:02:40.412+0000] {logging_mixin.py:190} INFO - [2026-09-17T19:02:40.411+0000] {dagbag.py:588} INFO - Filling up the DagBag from /home/airflow/.local/lib/python3.12/site-packages/airflow/example_dags/example_subdag_operator.py
[2026-09-17T19:02:40.448+0000] {processor.py:925} INFO - DAG(s) 'example_subdag_operator.section-1', 'example_subdag_operator.section-2', 'example_subdag_operator' retrieved from /home/airflow/.local/lib/python3.12/site-packages/airflow/example_dags/example_subdag_operator.py
[2026-09-17T19:02:40.464+0000] {logging_mixin.py:190} INFO - [2026-09-17T19:02:40.464+0000] {dag.py:3239} INFO - Sync 3 DAGs
[2026-09-17T19:02:40.489+0000] {logging_mixin.py:190} INFO - [2026-09-17T19:02:40.489+0000] {dag.py:4180} INFO - Setting next_dagrun for example_subdag_operator to 2022-01-01 00:00:00+00:00, run_after=2022-01-01 00:00:00+00:00
[2026-09-17T19:02:40.495+0000] {logging_mixin.py:190} INFO - [2026-09-17T19:02:40.494+0000] {dag.py:4180} INFO - Setting next_dagrun for example_subdag_operator.section-1 to None, run_after=None
[2026-09-17T19:02:40.499+0000] {logging_mixin.py:190} INFO - [2026-09-17T19:02:40.498+0000] {dag.py:4180} INFO - Setting next_dagrun for example_subdag_operator.section-2 to None, run_after=None
[2026-09-17T19:02:40.508+0000] {logging_mixin.py:190} INFO - [2026-09-17T19:02:40.507+0000] {dag.py:3239} INFO - Sync 2 DAGs
[2026-09-17T19:02:40.515+0000] {logging_mixin.py:190} INFO - [2026-09-17T19:02:40.515+0000] {dag.py:4180} INFO - Setting next_dagrun for example_subdag_operator.section-1 to None, run_after=None
[2026-09-17T19:02:40.516+0000] {logging_mixin.py:190} INFO - [2026-09-17T19:02:40.516+0000] {dag.py:4180} INFO - Setting next_dagrun for example_subdag_operator.section-2 to None, run_after=None
[2026-09-17T19:02:40.531+0000] {processor.py:208} INFO - Processing /home/airflow/.local/lib/python3.12/site-packages/airflow/example_dags/example_subdag_operator.py took 0.130 seconds
[2026-09-17T19:03:10.813+0000] {processor.py:186} INFO - Started process (PID=1612) to work on /home/airflow/.local/lib/python3.12/site-packages/airflow/example_dags/example_subdag_operator.py
[2026-09-17T19:03:10.816+0000] {processor.py:914} INFO - Processing file /home/airflow/.local/lib/python3.12/site-packages/airflow/example_dags/example_subdag_operator.py for tasks to queue
[2026-09-17T19:03:10.818+0000] {logging_mixin.py:190} INFO - [2026-09-17T19:03:10.818+0000] {dagbag.py:588} INFO - Filling up the DagBag from /home/airflow/.local/lib/python3.12/site-packages/airflow/example_dags/example_subdag_operator.py
[2026-09-17T19:03:10.857+0000] {processor.py:925} INFO - DAG(s) 'example_subdag_operator.section-1', 'example_subdag_operator.section-2', 'example_subdag_operator' retrieved from /home/airflow/.local/lib/python3.12/site-packages/airflow/example_dags/example_subdag_operator.py
[2026-09-17T19:03:10.875+0000] {logging_mixin.py:190} INFO - [2026-09-17T19:03:10.875+0000] {dag.py:3239} INFO - Sync 3 DAGs
[2026-09-17T19:03:10.905+0000] {logging_mixin.py:190} INFO - [2026-09-17T19:03:10.904+0000] {dag.py:4180} INFO - Setting next_dagrun for example_subdag_operator to 2022-01-01 00:00:00+00:00, run_after=2022-01-01 00:00:00+00:00
[2026-09-17T19:03:10.910+0000] {logging_mixin.py:190} INFO - [2026-09-17T19:03:10.909+0000] {dag.py:4180} INFO - Setting next_dagrun for example_subdag_operator.section-1 to None, run_after=None
[2026-09-17T19:03:10.912+0000] {logging_mixin.py:190} INFO - [2026-09-17T19:03:10.912+0000] {dag.py:4180} INFO - Setting next_dagrun for example_subdag_operator.section-2 to None, run_after=None
[2026-09-17T19:03:10.922+0000] {logging_mixin.py:190} INFO - [2026-09-17T19:03:10.921+0000] {dag.py:3239} INFO - Sync 2 DAGs
[2026-09-17T19:03:10.929+0000] {logging_mixin.py:190} INFO - [2026-09-17T19:03:10.929+0000] {dag.py:4180} INFO - Setting next_dagrun for example_subdag_operator.section-1 to None, run_after=None
[2026-09-17T19:03:10.930+0000] {logging_mixin.py:190} INFO - [2026-09-17T19:03:10.930+0000] {dag.py:4180} INFO - Setting next_dagrun for example_subdag_operator.section-2 to None, run_after=None
[2026-09-17T19:03:10.946+0000] {processor.py:208} INFO - Processing /home/airflow/.local/lib/python3.12/site-packages/airflow/example_dags/example_subdag_operator.py took 0.141 seconds
[2026-09-17T19:03:41.746+0000] {processor.py:186} INFO - Started process (PID=1677) to work on /home/airflow/.local/lib/python3.12/site-packages/airflow/example_dags/example_subdag_operator.py
[2026-09-17T19:03:41.751+0000] {processor.py:914} INFO - Processing file /home/airflow/.local/lib/python3.12/site-packages/airflow/example_dags/example_subdag_operator.py for tasks to queue
[2026-09-17T19:03:41.755+0000] {logging_mixin.py:190} INFO - [2026-09-17T19:03:41.754+0000] {dagbag.py:588} INFO - Filling up the DagBag from /home/airflow/.local/lib/python3.12/site-packages/airflow/example_dags/example_subdag_operator.py
[2026-09-17T19:03:41.800+0000] {processor.py:925} INFO - DAG(s) 'example_subdag_operator.section-1', 'example_subdag_operator.section-2', 'example_subdag_operator' retrieved from /home/airflow/.local/lib/python3.12/site-packages/airflow/example_dags/example_subdag_operator.py
[2026-09-17T19:03:41.821+0000] {logging_mixin.py:190} INFO - [2026-09-17T19:03:41.821+0000] {dag.py:3239} INFO - Sync 3 DAGs
[2026-09-17T19:03:41.849+0000] {logging_mixin.py:190} INFO - [2026-09-17T19:03:41.849+0000] {dag.py:4180} INFO - Setting next_dagrun for example_subdag_operator to 2022-01-01 00:00:00+00:00, run_after=2022-01-01 00:00:00+00:00
[2026-09-17T19:03:41.858+0000] {logging_mixin.py:190} INFO - [2026-09-17T19:03:41.857+0000] {dag.py:4180} INFO - Setting next_dagrun for example_subdag_operator.section-1 to None, run_after=None
[2026-09-17T19:03:41.862+0000] {logging_mixin.py:190} INFO - [2026-09-17T19:03:41.862+0000] {dag.py:4180} INFO - Setting next_dagrun for example_subdag_operator.section-2 to None, run_after=None
[2026-09-17T19:03:41.872+0000] {logging_mixin.py:190} INFO - [2026-09-17T19:03:41.872+0000] {dag.py:3239} INFO - Sync 2 DAGs
[2026-09-17T19:03:41.882+0000] {logging_mixin.py:190} INFO - [2026-09-17T19:03:41.882+0000] {dag.py:4180} INFO - Setting next_dagrun for example_subdag_operator.section-1 to None, run_after=None
[2026-09-17T19:03:41.884+0000] {logging_mixin.py:190} INFO - [2026-09-17T19:03:41.883+0000] {dag.py:4180} INFO - Setting next_dagrun for example_subdag_operator.section-2 to None, run_after=None
[2026-09-17T19:03:41.904+0000] {processor.py:208} INFO - Processing /home/airflow/.local/lib/python3.12/site-packages/airflow/example_dags/example_subdag_operator.py took 0.167 seconds
[2026-09-17T19:04:12.009+0000] {processor.py:186} INFO - Started process (PID=1742) to work on /home/airflow/.local/lib/python3.12/site-packages/airflow/example_dags/example_subdag_operator.py
[2026-09-17T19:04:12.011+0000] {processor.py:914} INFO - Processing file /home/airflow/.local/lib/python3.12/site-packages/airflow/example_dags/example_subdag_operator.py for tasks to queue
[2026-09-17T19:04:12.013+0000] {logging_mixin.py:190} INFO - [2026-09-17T19:04:12.013+0000] {dagbag.py:588} INFO - Filling up the DagBag from /home/airflow/.local/lib/python3.12/site-packages/airflow/example_dags/example_subdag_operator.py
[2026-09-17T19:04:12.047+0000] {processor.py:925} INFO - DAG(s) 'example_subdag_operator.section-1', 'example_subdag_operator.section-2', 'example_subdag_operator' retrieved from /home/airflow/.local/lib/python3.12/site-packages/airflow/example_dags/example_subdag_operator.py
[2026-09-17T19:04:12.062+0000] {logging_mixin.py:190} INFO - [2026-09-17T19:04:12.062+0000] {dag.py:3239} INFO - Sync 3 DAGs
[2026-09-17T19:04:12.089+0000] {logging_mixin.py:190} INFO - [2026-09-17T19:04:12.089+0000] {dag.py:4180} INFO - Setting next_dagrun for example_subdag_operator to 2022-01-01 00:00:00+00:00, run_after=2022-01-01 00:00:00+00:00
[2026-09-17T19:04:12.094+0000] {logging_mixin.py:190} INFO - [2026-09-17T19:04:12.093+0000] {dag.py:4180} INFO - Setting next_dagrun for example_subdag_operator.section-1 to None, run_after=None
[2026-09-17T19:04:12.096+0000] {logging_mixin.py:190} INFO - [2026-09-17T19:04:12.096+0000] {dag.py:4180} INFO - Setting next_dagrun for example_subdag_operator.section-2 to None, run_after=None
[2026-09-17T19:04:12.105+0000] {logging_mixin.py:190} INFO - [2026-09-17T19:04:12.104+0000] {dag.py:3239} INFO - Sync 2 DAGs
[2026-09-17T19:04:12.113+0000] {logging_mixin.py:190} INFO - [2026-09-17T19:04:12.113+0000] {dag.py:4180} INFO - Setting next_dagrun for example_subdag_operator.section-1 to None, run_after=None
[2026-09-17T19:04:12.115+0000] {logging_mixin.py:190} INFO - [2026-09-17T19:04:12.115+0000] {dag.py:4180} INFO - Setting next_dagrun for example_subdag_operator.section-2 to None, run_after=None
[2026-09-17T19:04:12.129+0000] {processor.py:208} INFO - Processing /home/airflow/.local/lib/python3.12/site-packages/airflow/example_dags/example_subdag_operator.py took 0.125 seconds
[2026-09-17T19:04:42.505+0000] {processor.py:186} INFO - Started process (PID=1807) to work on /home/airflow/.local/lib/python3.12/site-packages/airflow/example_dags/example_subdag_operator.py
[2026-09-17T19:04:42.507+0000] {processor.py:914} INFO - Processing file /home/airflow/.local/lib/python3.12/site-packages/airflow/example_dags/example_subdag_operator.py for tasks to queue
[2026-09-17T19:04:42.509+0000] {logging_mixin.py:190} INFO - [2026-09-17T19:04:42.509+0000] {dagbag.py:588} INFO - Filling up the DagBag from /home/airflow/.local/lib/python3.12/site-packages/airflow/example_dags/example_subdag_operator.py
[2026-09-17T19:04:42.545+0000] {processor.py:925} INFO - DAG(s) 'example_subdag_operator.section-1', 'example_subdag_operator.section-2', 'example_subdag_operator' retrieved from /home/airflow/.local/lib/python3.12/site-packages/airflow/example_dags/example_subdag_operator.py
[2026-09-17T19:04:42.564+0000] {logging_mixin.py:190} INFO - [2026-09-17T19:04:42.563+0000] {dag.py:3239} INFO - Sync 3 DAGs
[2026-09-17T19:04:42.589+0000] {logging_mixin.py:190} INFO - [2026-09-17T19:04:42.589+0000] {dag.py:4180} INFO - Setting next_dagrun for example_subdag_operator to 2022-01-01 00:00:00+00:00, run_after=2022-01-01 00:00:00+00:00
[2026-09-17T19:04:42.594+0000] {logging_mixin.py:190} INFO - [2026-09-17T19:04:42.594+0000] {dag.py:4180} INFO - Setting next_dagrun for example_subdag_operator.section-1 to None, run_after=None
[2026-09-17T19:04:42.597+0000] {logging_mixin.py:190} INFO - [2026-09-17T19:04:42.597+0000] {dag.py:4180} INFO - Setting next_dagrun for example_subdag_operator.section-2 to None, run_after=None
[2026-09-17T19:04:42.606+0000] {logging_mixin.py:190} INFO - [2026-09-17T19:04:42.605+0000] {dag.py:3239} INFO - Sync 2 DAGs
[2026-09-17T19:04:42.613+0000] {logging_mixin.py:190} INFO - [2026-09-17T19:04:42.613+0000] {dag.py:4180} INFO - Setting next_dagrun for example_subdag_operator.section-1 to None, run_after=None
[2026-09-17T19:04:42.615+0000] {logging_mixin.py:190} INFO - [2026-09-17T19:04:42.615+0000] {dag.py:4180} INFO - Setting next_dagrun for example_subdag_operator.section-2 to None, run_after=None
[2026-09-17T19:04:42.630+0000] {processor.py:208} INFO - Processing /home/airflow/.local/lib/python3.12/site-packages/airflow/example_dags/example_subdag_operator.py took 0.130 seconds
[2026-09-17T19:05:12.753+0000] {processor.py:186} INFO - Started process (PID=1872) to work on /home/airflow/.local/lib/python3.12/site-packages/airflow/example_dags/example_subdag_operator.py
[2026-09-17T19:05:12.755+0000] {processor.py:914} INFO - Processing file /home/airflow/.local/lib/python3.12/site-packages/airflow/example_dags/example_subdag_operator.py for tasks to queue
[2026-09-17T19:05:12.758+0000] {logging_mixin.py:190} INFO - [2026-09-17T19:05:12.757+0000] {dagbag.py:588} INFO - Filling up the DagBag from /home/airflow/.local/lib/python3.12/site-packages/airflow/example_dags/example_subdag_operator.py
[2026-09-17T19:05:12.797+0000] {processor.py:925} INFO - DAG(s) 'example_subdag_operator.section-1', 'example_subdag_operator.section-2', 'example_subdag_operator' retrieved from /home/airflow/.local/lib/python3.12/site-packages/airflow/example_dags/example_subdag_operator.py
[2026-09-17T19:05:12.817+0000] {logging_mixin.py:190} INFO - [2026-09-17T19:05:12.816+0000] {dag.py:3239} INFO - Sync 3 DAGs
[2026-09-17T19:05:12.844+0000] {logging_mixin.py:190} INFO - [2026-09-17T19:05:12.843+0000] {dag.py:4180} INFO - Setting next_dagrun for example_subdag_operator to 2022-01-01 00:00:00+00:00, run_after=2022-01-01 00:00:00+00:00
[2026-09-17T19:05:12.849+0000] {logging_mixin.py:190} INFO - [2026-09-17T19:05:12.849+0000] {dag.py:4180} INFO - Setting next_dagrun for example_subdag_operator.section-1 to None, run_after=None
[2026-09-17T19:05:12.852+0000] {logging_mixin.py:190} INFO - [2026-09-17T19:05:12.852+0000] {dag.py:4180} INFO - Setting next_dagrun for example_subdag_operator.section-2 to None, run_after=None
[2026-09-17T19:05:12.862+0000] {logging_mixin.py:190} INFO - [2026-09-17T19:05:12.861+0000] {dag.py:3239} INFO - Sync 2 DAGs
[2026-09-17T19:05:12.869+0000] {logging_mixin.py:190} INFO - [2026-09-17T19:05:12.869+0000] {dag.py:4180} INFO - Setting next_dagrun for example_subdag_operator.section-1 to None, run_after=None
[2026-09-17T19:05:12.871+0000] {logging_mixin.py:190} INFO - [2026-09-17T19:05:12.871+0000] {dag.py:4180} INFO - Setting next_dagrun for example_subdag_operator.section-2 to None, run_after=None
[2026-09-17T19:05:12.888+0000] {processor.py:208} INFO - Processing /home/airflow/.local/lib/python3.12/site-packages/airflow/example_dags/example_subdag_operator.py took 0.144 seconds
[2026-09-17T19:05:43.360+0000] {processor.py:186} INFO - Started process (PID=1937) to work on /home/airflow/.local/lib/python3.12/site-packages/airflow/example_dags/example_subdag_operator.py
[2026-09-17T19:05:43.361+0000] {processor.py:914} INFO - Processing file /home/airflow/.local/lib/python3.12/site-packages/airflow/example_dags/example_subdag_operator.py for tasks to queue
[2026-09-17T19:05:43.363+0000] {logging_mixin.py:190} INFO - [2026-09-17T19:05:43.363+0000] {dagbag.py:588} INFO - Filling up the DagBag from /home/airflow/.local/lib/python3.12/site-packages/airflow/example_dags/example_subdag_operator.py
[2026-09-17T19:05:43.398+0000] {processor.py:925} INFO - DAG(s) 'example_subdag_operator.section-1', 'example_subdag_operator.section-2', 'example_subdag_operator' retrieved from /home/airflow/.local/lib/python3.12/site-packages/airflow/example_dags/example_subdag_operator.py
[2026-09-17T19:05:43.421+0000] {logging_mixin.py:190} INFO - [2026-09-17T19:05:43.421+0000] {dag.py:3239} INFO - Sync 3 DAGs
[2026-09-17T19:05:43.453+0000] {logging_mixin.py:190} INFO - [2026-09-17T19:05:43.452+0000] {dag.py:4180} INFO - Setting next_dagrun for example_subdag_operator to 2022-01-01 00:00:00+00:00, run_after=2022-01-01 00:00:00+00:00
[2026-09-17T19:05:43.459+0000] {logging_mixin.py:190} INFO - [2026-09-17T19:05:43.459+0000] {dag.py:4180} INFO - Setting next_dagrun for example_subdag_operator.section-1 to None, run_after=None
[2026-09-17T19:05:43.463+0000] {logging_mixin.py:190} INFO - [2026-09-17T19:05:43.463+0000] {dag.py:4180} INFO - Setting next_dagrun for example_subdag_operator.section-2 to None, run_after=None
[2026-09-17T19:05:43.473+0000] {logging_mixin.py:190} INFO - [2026-09-17T19:05:43.472+0000] {dag.py:3239} INFO - Sync 2 DAGs
[2026-09-17T19:05:43.481+0000] {logging_mixin.py:190} INFO - [2026-09-17T19:05:43.481+0000] {dag.py:4180} INFO - Setting next_dagrun for example_subdag_operator.section-1 to None, run_after=None
[2026-09-17T19:05:43.483+0000] {logging_mixin.py:190} INFO - [2026-09-17T19:05:43.482+0000] {dag.py:4180} INFO - Setting next_dagrun for example_subdag_operator.section-2 to None, run_after=None
[2026-09-17T19:05:43.500+0000] {processor.py:208} INFO - Processing /home/airflow/.local/lib/python3.12/site-packages/airflow/example_dags/example_subdag_operator.py took 0.146 seconds
[2026-09-17T19:06:13.875+0000] {processor.py:186} INFO - Started process (PID=2002) to work on /home/airflow/.local/lib/python3.12/site-packages/airflow/example_dags/example_subdag_operator.py
[2026-09-17T19:06:13.878+0000] {processor.py:914} INFO - Processing file /home/airflow/.local/lib/python3.12/site-packages/airflow/example_dags/example_subdag_operator.py for tasks to queue
[2026-09-17T19:06:13.880+0000] {logging_mixin.py:190} INFO - [2026-09-17T19:06:13.880+0000] {dagbag.py:588} INFO - Filling up the DagBag from /home/airflow/.local/lib/python3.12/site-packages/airflow/example_dags/example_subdag_operator.py
[2026-09-17T19:06:13.915+0000] {processor.py:925} INFO - DAG(s) 'example_subdag_operator.section-1', 'example_subdag_operator.section-2', 'example_subdag_operator' retrieved from /home/airflow/.local/lib/python3.12/site-packages/airflow/example_dags/example_subdag_operator.py
[2026-09-17T19:06:13.932+0000] {logging_mixin.py:190} INFO - [2026-09-17T19:06:13.932+0000] {dag.py:3239} INFO - Sync 3 DAGs
[2026-09-17T19:06:13.958+0000] {logging_mixin.py:190} INFO - [2026-09-17T19:06:13.958+0000] {dag.py:4180} INFO - Setting next_dagrun for example_subdag_operator to 2022-01-01 00:00:00+00:00, run_after=2022-01-01 00:00:00+00:00
[2026-09-17T19:06:13.966+0000] {logging_mixin.py:190} INFO - [2026-09-17T19:06:13.966+0000] {dag.py:4180} INFO - Setting next_dagrun for example_subdag_operator.section-1 to None, run_after=None
[2026-09-17T19:06:13.969+0000] {logging_mixin.py:190} INFO - [2026-09-17T19:06:13.969+0000] {dag.py:4180} INFO - Setting next_dagrun for example_subdag_operator.section-2 to None, run_after=None
[2026-09-17T19:06:13.979+0000] {logging_mixin.py:190} INFO - [2026-09-17T19:06:13.979+0000] {dag.py:3239} INFO - Sync 2 DAGs
[2026-09-17T19:06:13.987+0000] {logging_mixin.py:190} INFO - [2026-09-17T19:06:13.987+0000] {dag.py:4180} INFO - Setting next_dagrun for example_subdag_operator.section-1 to None, run_after=None
[2026-09-17T19:06:13.989+0000] {logging_mixin.py:190} INFO - [2026-09-17T19:06:13.988+0000] {dag.py:4180} INFO - Setting next_dagrun for example_subdag_operator.section-2 to None, run_after=None
[2026-09-17T19:06:14.005+0000] {processor.py:208} INFO - Processing /home/airflow/.local/lib/python3.12/site-packages/airflow/example_dags/example_subdag_operator.py took 0.137 seconds
[2026-09-17T19:06:44.760+0000] {processor.py:186} INFO - Started process (PID=2066) to work on /home/airflow/.local/lib/python3.12/site-packages/airflow/example_dags/example_subdag_operator.py
[2026-09-17T19:06:44.762+0000] {processor.py:914} INFO - Processing file /home/airflow/.local/lib/python3.12/site-packages/airflow/example_dags/example_subdag_operator.py for tasks to queue
[2026-09-17T19:06:44.765+0000] {logging_mixin.py:190} INFO - [2026-09-17T19:06:44.765+0000] {dagbag.py:588} INFO - Filling up the DagBag from /home/airflow/.local/lib/python3.12/site-packages/airflow/example_dags/example_subdag_operator.py
[2026-09-17T19:06:44.813+0000] {processor.py:925} INFO - DAG(s) 'example_subdag_operator.section-1', 'example_subdag_operator.section-2', 'example_subdag_operator' retrieved from /home/airflow/.local/lib/python3.12/site-packages/airflow/example_dags/example_subdag_operator.py
[2026-09-17T19:06:44.833+0000] {logging_mixin.py:190} INFO - [2026-09-17T19:06:44.833+0000] {dag.py:3239} INFO - Sync 3 DAGs
[2026-09-17T19:06:44.866+0000] {logging_mixin.py:190} INFO - [2026-09-17T19:06:44.866+0000] {dag.py:4180} INFO - Setting next_dagrun for example_subdag_operator to 2022-01-01 00:00:00+00:00, run_after=2022-01-01 00:00:00+00:00
[2026-09-17T19:06:44.873+0000] {logging_mixin.py:190} INFO - [2026-09-17T19:06:44.873+0000] {dag.py:4180} INFO - Setting next_dagrun for example_subdag_operator.section-1 to None, run_after=None
[2026-09-17T19:06:44.876+0000] {logging_mixin.py:190} INFO - [2026-09-17T19:06:44.876+0000] {dag.py:4180} INFO - Setting next_dagrun for example_subdag_operator.section-2 to None, run_after=None
[2026-09-17T19:06:44.888+0000] {logging_mixin.py:190} INFO - [2026-09-17T19:06:44.888+0000] {dag.py:3239} INFO - Sync 2 DAGs
[2026-09-17T19:06:44.898+0000] {logging_mixin.py:190} INFO - [2026-09-17T19:06:44.897+0000] {dag.py:4180} INFO - Setting next_dagrun for example_subdag_operator.section-1 to None, run_after=None
[2026-09-17T19:06:44.900+0000] {logging_mixin.py:190} INFO - [2026-09-17T19:06:44.899+0000] {dag.py:4180} INFO - Setting next_dagrun for example_subdag_operator.section-2 to None, run_after=None
[2026-09-17T19:06:44.919+0000] {processor.py:208} INFO - Processing /home/airflow/.local/lib/python3.12/site-packages/airflow/example_dags/example_subdag_operator.py took 0.167 seconds
[2026-09-17T19:07:15.954+0000] {processor.py:186} INFO - Started process (PID=2131) to work on /home/airflow/.local/lib/python3.12/site-packages/airflow/example_dags/example_subdag_operator.py
[2026-09-17T19:07:15.956+0000] {processor.py:914} INFO - Processing file /home/airflow/.local/lib/python3.12/site-packages/airflow/example_dags/example_subdag_operator.py for tasks to queue
[2026-09-17T19:07:15.960+0000] {logging_mixin.py:190} INFO - [2026-09-17T19:07:15.959+0000] {dagbag.py:588} INFO - Filling up the DagBag from /home/airflow/.local/lib/python3.12/site-packages/airflow/example_dags/example_subdag_operator.py
[2026-09-17T19:07:16.006+0000] {processor.py:925} INFO - DAG(s) 'example_subdag_operator.section-1', 'example_subdag_operator.section-2', 'example_subdag_operator' retrieved from /home/airflow/.local/lib/python3.12/site-packages/airflow/example_dags/example_subdag_operator.py
[2026-09-17T19:07:16.027+0000] {logging_mixin.py:190} INFO - [2026-09-17T19:07:16.027+0000] {dag.py:3239} INFO - Sync 3 DAGs
[2026-09-17T19:07:16.069+0000] {logging_mixin.py:190} INFO - [2026-09-17T19:07:16.068+0000] {dag.py:4180} INFO - Setting next_dagrun for example_subdag_operator to 2022-01-01 00:00:00+00:00, run_after=2022-01-01 00:00:00+00:00
[2026-09-17T19:07:16.076+0000] {logging_mixin.py:190} INFO - [2026-09-17T19:07:16.075+0000] {dag.py:4180} INFO - Setting next_dagrun for example_subdag_operator.section-1 to None, run_after=None
[2026-09-17T19:07:16.079+0000] {logging_mixin.py:190} INFO - [2026-09-17T19:07:16.079+0000] {dag.py:4180} INFO - Setting next_dagrun for example_subdag_operator.section-2 to None, run_after=None
[2026-09-17T19:07:16.093+0000] {logging_mixin.py:190} INFO - [2026-09-17T19:07:16.092+0000] {dag.py:3239} INFO - Sync 2 DAGs
[2026-09-17T19:07:16.104+0000] {logging_mixin.py:190} INFO - [2026-09-17T19:07:16.104+0000] {dag.py:4180} INFO - Setting next_dagrun for example_subdag_operator.section-1 to None, run_after=None
[2026-09-17T19:07:16.106+0000] {logging_mixin.py:190} INFO - [2026-09-17T19:07:16.106+0000] {dag.py:4180} INFO - Setting next_dagrun for example_subdag_operator.section-2 to None, run_after=None
[2026-09-17T19:07:16.128+0000] {processor.py:208} INFO - Processing /home/airflow/.local/lib/python3.12/site-packages/airflow/example_dags/example_subdag_operator.py took 0.184 seconds
[2026-09-17T19:07:46.691+0000] {processor.py:186} INFO - Started process (PID=2189) to work on /home/airflow/.local/lib/python3.12/site-packages/airflow/example_dags/example_subdag_operator.py
[2026-09-17T19:07:46.693+0000] {processor.py:914} INFO - Processing file /home/airflow/.local/lib/python3.12/site-packages/airflow/example_dags/example_subdag_operator.py for tasks to queue
[2026-09-17T19:07:46.695+0000] {logging_mixin.py:190} INFO - [2026-09-17T19:07:46.695+0000] {dagbag.py:588} INFO - Filling up the DagBag from /home/airflow/.local/lib/python3.12/site-packages/airflow/example_dags/example_subdag_operator.py
[2026-09-17T19:07:46.732+0000] {processor.py:925} INFO - DAG(s) 'example_subdag_operator.section-1', 'example_subdag_operator.section-2', 'example_subdag_operator' retrieved from /home/airflow/.local/lib/python3.12/site-packages/airflow/example_dags/example_subdag_operator.py
[2026-09-17T19:07:46.749+0000] {logging_mixin.py:190} INFO - [2026-09-17T19:07:46.749+0000] {dag.py:3239} INFO - Sync 3 DAGs
[2026-09-17T19:07:46.773+0000] {logging_mixin.py:190} INFO - [2026-09-17T19:07:46.773+0000] {dag.py:4180} INFO - Setting next_dagrun for example_subdag_operator to 2022-01-01 00:00:00+00:00, run_after=2022-01-01 00:00:00+00:00
[2026-09-17T19:07:46.779+0000] {logging_mixin.py:190} INFO - [2026-09-17T19:07:46.779+0000] {dag.py:4180} INFO - Setting next_dagrun for example_subdag_operator.section-1 to None, run_after=None
[2026-09-17T19:07:46.782+0000] {logging_mixin.py:190} INFO - [2026-09-17T19:07:46.782+0000] {dag.py:4180} INFO - Setting next_dagrun for example_subdag_operator.section-2 to None, run_after=None
[2026-09-17T19:07:46.791+0000] {logging_mixin.py:190} INFO - [2026-09-17T19:07:46.791+0000] {dag.py:3239} INFO - Sync 2 DAGs
[2026-09-17T19:07:46.799+0000] {logging_mixin.py:190} INFO - [2026-09-17T19:07:46.799+0000] {dag.py:4180} INFO - Setting next_dagrun for example_subdag_operator.section-1 to None, run_after=None
[2026-09-17T19:07:46.800+0000] {logging_mixin.py:190} INFO - [2026-09-17T19:07:46.800+0000] {dag.py:4180} INFO - Setting next_dagrun for example_subdag_operator.section-2 to None, run_after=None
[2026-09-17T19:07:46.819+0000] {processor.py:208} INFO - Processing /home/airflow/.local/lib/python3.12/site-packages/airflow/example_dags/example_subdag_operator.py took 0.135 seconds
[2026-09-17T19:08:16.880+0000] {processor.py:186} INFO - Started process (PID=2254) to work on /home/airflow/.local/lib/python3.12/site-packages/airflow/example_dags/example_subdag_operator.py
[2026-09-17T19:08:16.882+0000] {processor.py:914} INFO - Processing file /home/airflow/.local/lib/python3.12/site-packages/airflow/example_dags/example_subdag_operator.py for tasks to queue
[2026-09-17T19:08:16.884+0000] {logging_mixin.py:190} INFO - [2026-09-17T19:08:16.884+0000] {dagbag.py:588} INFO - Filling up the DagBag from /home/airflow/.local/lib/python3.12/site-packages/airflow/example_dags/example_subdag_operator.py
[2026-09-17T19:08:16.923+0000] {processor.py:925} INFO - DAG(s) 'example_subdag_operator.section-1', 'example_subdag_operator.section-2', 'example_subdag_operator' retrieved from /home/airflow/.local/lib/python3.12/site-packages/airflow/example_dags/example_subdag_operator.py
[2026-09-17T19:08:16.941+0000] {logging_mixin.py:190} INFO - [2026-09-17T19:08:16.940+0000] {dag.py:3239} INFO - Sync 3 DAGs
[2026-09-17T19:08:16.969+0000] {logging_mixin.py:190} INFO - [2026-09-17T19:08:16.969+0000] {dag.py:4180} INFO - Setting next_dagrun for example_subdag_operator to 2022-01-01 00:00:00+00:00, run_after=2022-01-01 00:00:00+00:00
[2026-09-17T19:08:16.974+0000] {logging_mixin.py:190} INFO - [2026-09-17T19:08:16.974+0000] {dag.py:4180} INFO - Setting next_dagrun for example_subdag_operator.section-1 to None, run_after=None
[2026-09-17T19:08:16.977+0000] {logging_mixin.py:190} INFO - [2026-09-17T19:08:16.976+0000] {dag.py:4180} INFO - Setting next_dagrun for example_subdag_operator.section-2 to None, run_after=None
[2026-09-17T19:08:16.988+0000] {logging_mixin.py:190} INFO - [2026-09-17T19:08:16.988+0000] {dag.py:3239} INFO - Sync 2 DAGs
[2026-09-17T19:08:17.000+0000] {logging_mixin.py:190} INFO - [2026-09-17T19:08:16.999+0000] {dag.py:4180} INFO - Setting next_dagrun for example_subdag_operator.section-1 to None, run_after=None
[2026-09-17T19:08:17.002+0000] {logging_mixin.py:190} INFO - [2026-09-17T19:08:17.001+0000] {dag.py:4180} INFO - Setting next_dagrun for example_subdag_operator.section-2 to None, run_after=None
[2026-09-17T19:08:17.019+0000] {processor.py:208} INFO - Processing /home/airflow/.local/lib/python3.12/site-packages/airflow/example_dags/example_subdag_operator.py took 0.146 seconds
[2026-09-17T19:08:47.766+0000] {processor.py:186} INFO - Started process (PID=2319) to work on /home/airflow/.local/lib/python3.12/site-packages/airflow/example_dags/example_subdag_operator.py
[2026-09-17T19:08:47.768+0000] {processor.py:914} INFO - Processing file /home/airflow/.local/lib/python3.12/site-packages/airflow/example_dags/example_subdag_operator.py for tasks to queue
[2026-09-17T19:08:47.770+0000] {logging_mixin.py:190} INFO - [2026-09-17T19:08:47.770+0000] {dagbag.py:588} INFO - Filling up the DagBag from /home/airflow/.local/lib/python3.12/site-packages/airflow/example_dags/example_subdag_operator.py
[2026-09-17T19:08:47.801+0000] {processor.py:925} INFO - DAG(s) 'example_subdag_operator.section-1', 'example_subdag_operator.section-2', 'example_subdag_operator' retrieved from /home/airflow/.local/lib/python3.12/site-packages/airflow/example_dags/example_subdag_operator.py
[2026-09-17T19:08:47.816+0000] {logging_mixin.py:190} INFO - [2026-09-17T19:08:47.816+0000] {dag.py:3239} INFO - Sync 3 DAGs
[2026-09-17T19:08:47.841+0000] {logging_mixin.py:190} INFO - [2026-09-17T19:08:47.841+0000] {dag.py:4180} INFO - Setting next_dagrun for example_subdag_operator to 2022-01-01 00:00:00+00:00, run_after=2022-01-01 00:00:00+00:00
[2026-09-17T19:08:47.847+0000] {logging_mixin.py:190} INFO - [2026-09-17T19:08:47.847+0000] {dag.py:4180} INFO - Setting next_dagrun for example_subdag_operator.section-1 to None, run_after=None
[2026-09-17T19:08:47.850+0000] {logging_mixin.py:190} INFO - [2026-09-17T19:08:47.850+0000] {dag.py:4180} INFO - Setting next_dagrun for example_subdag_operator.section-2 to None, run_after=None
[2026-09-17T19:08:47.862+0000] {logging_mixin.py:190} INFO - [2026-09-17T19:08:47.861+0000] {dag.py:3239} INFO - Sync 2 DAGs
[2026-09-17T19:08:47.871+0000] {logging_mixin.py:190} INFO - [2026-09-17T19:08:47.871+0000] {dag.py:4180} INFO - Setting next_dagrun for example_subdag_operator.section-1 to None, run_after=None
[2026-09-17T19:08:47.873+0000] {logging_mixin.py:190} INFO - [2026-09-17T19:08:47.873+0000] {dag.py:4180} INFO - Setting next_dagrun for example_subdag_operator.section-2 to None, run_after=None
[2026-09-17T19:08:47.888+0000] {processor.py:208} INFO - Processing /home/airflow/.local/lib/python3.12/site-packages/airflow/example_dags/example_subdag_operator.py took 0.127 seconds
[2026-09-17T19:09:18.111+0000] {processor.py:186} INFO - Started process (PID=2384) to work on /home/airflow/.local/lib/python3.12/site-packages/airflow/example_dags/example_subdag_operator.py
[2026-09-17T19:09:18.113+0000] {processor.py:914} INFO - Processing file /home/airflow/.local/lib/python3.12/site-packages/airflow/example_dags/example_subdag_operator.py for tasks to queue
[2026-09-17T19:09:18.115+0000] {logging_mixin.py:190} INFO - [2026-09-17T19:09:18.115+0000] {dagbag.py:588} INFO - Filling up the DagBag from /home/airflow/.local/lib/python3.12/site-packages/airflow/example_dags/example_subdag_operator.py
[2026-09-17T19:09:18.151+0000] {processor.py:925} INFO - DAG(s) 'example_subdag_operator.section-1', 'example_subdag_operator.section-2', 'example_subdag_operator' retrieved from /home/airflow/.local/lib/python3.12/site-packages/airflow/example_dags/example_subdag_operator.py
[2026-09-17T19:09:18.166+0000] {logging_mixin.py:190} INFO - [2026-09-17T19:09:18.166+0000] {dag.py:3239} INFO - Sync 3 DAGs
[2026-09-17T19:09:18.189+0000] {logging_mixin.py:190} INFO - [2026-09-17T19:09:18.189+0000] {dag.py:4180} INFO - Setting next_dagrun for example_subdag_operator to 2022-01-01 00:00:00+00:00, run_after=2022-01-01 00:00:00+00:00
[2026-09-17T19:09:18.194+0000] {logging_mixin.py:190} INFO - [2026-09-17T19:09:18.194+0000] {dag.py:4180} INFO - Setting next_dagrun for example_subdag_operator.section-1 to None, run_after=None
[2026-09-17T19:09:18.196+0000] {logging_mixin.py:190} INFO - [2026-09-17T19:09:18.196+0000] {dag.py:4180} INFO - Setting next_dagrun for example_subdag_operator.section-2 to None, run_after=None
[2026-09-17T19:09:18.205+0000] {logging_mixin.py:190} INFO - [2026-09-17T19:09:18.205+0000] {dag.py:3239} INFO - Sync 2 DAGs
[2026-09-17T19:09:18.213+0000] {logging_mixin.py:190} INFO - [2026-09-17T19:09:18.212+0000] {dag.py:4180} INFO - Setting next_dagrun for example_subdag_operator.section-1 to None, run_after=None
[2026-09-17T19:09:18.214+0000] {logging_mixin.py:190} INFO - [2026-09-17T19:09:18.214+0000] {dag.py:4180} INFO - Setting next_dagrun for example_subdag_operator.section-2 to None, run_after=None
[2026-09-17T19:09:18.228+0000] {processor.py:208} INFO - Processing /home/airflow/.local/lib/python3.12/site-packages/airflow/example_dags/example_subdag_operator.py took 0.122 seconds
[2026-09-17T19:09:48.984+0000] {processor.py:186} INFO - Started process (PID=2449) to work on /home/airflow/.local/lib/python3.12/site-packages/airflow/example_dags/example_subdag_operator.py
[2026-09-17T19:09:48.986+0000] {processor.py:914} INFO - Processing file /home/airflow/.local/lib/python3.12/site-packages/airflow/example_dags/example_subdag_operator.py for tasks to queue
[2026-09-17T19:09:48.988+0000] {logging_mixin.py:190} INFO - [2026-09-17T19:09:48.987+0000] {dagbag.py:588} INFO - Filling up the DagBag from /home/airflow/.local/lib/python3.12/site-packages/airflow/example_dags/example_subdag_operator.py
[2026-09-17T19:09:49.020+0000] {processor.py:925} INFO - DAG(s) 'example_subdag_operator.section-1', 'example_subdag_operator.section-2', 'example_subdag_operator' retrieved from /home/airflow/.local/lib/python3.12/site-packages/airflow/example_dags/example_subdag_operator.py
[2026-09-17T19:09:49.037+0000] {logging_mixin.py:190} INFO - [2026-09-17T19:09:49.037+0000] {dag.py:3239} INFO - Sync 3 DAGs
[2026-09-17T19:09:49.060+0000] {logging_mixin.py:190} INFO - [2026-09-17T19:09:49.060+0000] {dag.py:4180} INFO - Setting next_dagrun for example_subdag_operator to 2022-01-01 00:00:00+00:00, run_after=2022-01-01 00:00:00+00:00
[2026-09-17T19:09:49.065+0000] {logging_mixin.py:190} INFO - [2026-09-17T19:09:49.065+0000] {dag.py:4180} INFO - Setting next_dagrun for example_subdag_operator.section-1 to None, run_after=None
[2026-09-17T19:09:49.068+0000] {logging_mixin.py:190} INFO - [2026-09-17T19:09:49.068+0000] {dag.py:4180} INFO - Setting next_dagrun for example_subdag_operator.section-2 to None, run_after=None
[2026-09-17T19:09:49.077+0000] {logging_mixin.py:190} INFO - [2026-09-17T19:09:49.077+0000] {dag.py:3239} INFO - Sync 2 DAGs
[2026-09-17T19:09:49.085+0000] {logging_mixin.py:190} INFO - [2026-09-17T19:09:49.084+0000] {dag.py:4180} INFO - Setting next_dagrun for example_subdag_operator.section-1 to None, run_after=None
[2026-09-17T19:09:49.086+0000] {logging_mixin.py:190} INFO - [2026-09-17T19:09:49.086+0000] {dag.py:4180} INFO - Setting next_dagrun for example_subdag_operator.section-2 to None, run_after=None
[2026-09-17T19:09:49.102+0000] {processor.py:208} INFO - Processing /home/airflow/.local/lib/python3.12/site-packages/airflow/example_dags/example_subdag_operator.py took 0.124 seconds
[2026-09-17T19:10:21.074+0000] {processor.py:186} INFO - Started process (PID=2512) to work on /home/airflow/.local/lib/python3.12/site-packages/airflow/example_dags/example_subdag_operator.py
[2026-09-17T19:10:21.075+0000] {processor.py:914} INFO - Processing file /home/airflow/.local/lib/python3.12/site-packages/airflow/example_dags/example_subdag_operator.py for tasks to queue
[2026-09-17T19:10:21.077+0000] {logging_mixin.py:190} INFO - [2026-09-17T19:10:21.077+0000] {dagbag.py:588} INFO - Filling up the DagBag from /home/airflow/.local/lib/python3.12/site-packages/airflow/example_dags/example_subdag_operator.py
[2026-09-17T19:10:21.108+0000] {processor.py:925} INFO - DAG(s) 'example_subdag_operator.section-1', 'example_subdag_operator.section-2', 'example_subdag_operator' retrieved from /home/airflow/.local/lib/python3.12/site-packages/airflow/example_dags/example_subdag_operator.py
[2026-09-17T19:10:21.124+0000] {logging_mixin.py:190} INFO - [2026-09-17T19:10:21.123+0000] {dag.py:3239} INFO - Sync 3 DAGs
[2026-09-17T19:10:21.148+0000] {logging_mixin.py:190} INFO - [2026-09-17T19:10:21.148+0000] {dag.py:4180} INFO - Setting next_dagrun for example_subdag_operator to 2022-01-01 00:00:00+00:00, run_after=2022-01-01 00:00:00+00:00
[2026-09-17T19:10:21.153+0000] {logging_mixin.py:190} INFO - [2026-09-17T19:10:21.153+0000] {dag.py:4180} INFO - Setting next_dagrun for example_subdag_operator.section-1 to None, run_after=None
[2026-09-17T19:10:21.155+0000] {logging_mixin.py:190} INFO - [2026-09-17T19:10:21.155+0000] {dag.py:4180} INFO - Setting next_dagrun for example_subdag_operator.section-2 to None, run_after=None
[2026-09-17T19:10:21.165+0000] {logging_mixin.py:190} INFO - [2026-09-17T19:10:21.165+0000] {dag.py:3239} INFO - Sync 2 DAGs
[2026-09-17T19:10:21.174+0000] {logging_mixin.py:190} INFO - [2026-09-17T19:10:21.173+0000] {dag.py:4180} INFO - Setting next_dagrun for example_subdag_operator.section-1 to None, run_after=None
[2026-09-17T19:10:21.175+0000] {logging_mixin.py:190} INFO - [2026-09-17T19:10:21.175+0000] {dag.py:4180} INFO - Setting next_dagrun for example_subdag_operator.section-2 to None, run_after=None
[2026-09-17T19:10:21.189+0000] {processor.py:208} INFO - Processing /home/airflow/.local/lib/python3.12/site-packages/airflow/example_dags/example_subdag_operator.py took 0.120 seconds
[2026-09-17T19:10:51.475+0000] {processor.py:186} INFO - Started process (PID=2577) to work on /home/airflow/.local/lib/python3.12/site-packages/airflow/example_dags/example_subdag_operator.py
[2026-09-17T19:10:51.477+0000] {processor.py:914} INFO - Processing file /home/airflow/.local/lib/python3.12/site-packages/airflow/example_dags/example_subdag_operator.py for tasks to queue
[2026-09-17T19:10:51.480+0000] {logging_mixin.py:190} INFO - [2026-09-17T19:10:51.479+0000] {dagbag.py:588} INFO - Filling up the DagBag from /home/airflow/.local/lib/python3.12/site-packages/airflow/example_dags/example_subdag_operator.py
[2026-09-17T19:10:51.515+0000] {processor.py:925} INFO - DAG(s) 'example_subdag_operator.section-1', 'example_subdag_operator.section-2', 'example_subdag_operator' retrieved from /home/airflow/.local/lib/python3.12/site-packages/airflow/example_dags/example_subdag_operator.py
[2026-09-17T19:10:51.533+0000] {logging_mixin.py:190} INFO - [2026-09-17T19:10:51.532+0000] {dag.py:3239} INFO - Sync 3 DAGs
[2026-09-17T19:10:51.565+0000] {logging_mixin.py:190} INFO - [2026-09-17T19:10:51.564+0000] {dag.py:4180} INFO - Setting next_dagrun for example_subdag_operator to 2022-01-01 00:00:00+00:00, run_after=2022-01-01 00:00:00+00:00
[2026-09-17T19:10:51.570+0000] {logging_mixin.py:190} INFO - [2026-09-17T19:10:51.570+0000] {dag.py:4180} INFO - Setting next_dagrun for example_subdag_operator.section-1 to None, run_after=None
[2026-09-17T19:10:51.573+0000] {logging_mixin.py:190} INFO - [2026-09-17T19:10:51.572+0000] {dag.py:4180} INFO - Setting next_dagrun for example_subdag_operator.section-2 to None, run_after=None
[2026-09-17T19:10:51.582+0000] {logging_mixin.py:190} INFO - [2026-09-17T19:10:51.582+0000] {dag.py:3239} INFO - Sync 2 DAGs
[2026-09-17T19:10:51.590+0000] {logging_mixin.py:190} INFO - [2026-09-17T19:10:51.590+0000] {dag.py:4180} INFO - Setting next_dagrun for example_subdag_operator.section-1 to None, run_after=None
[2026-09-17T19:10:51.592+0000] {logging_mixin.py:190} INFO - [2026-09-17T19:10:51.591+0000] {dag.py:4180} INFO - Setting next_dagrun for example_subdag_operator.section-2 to None, run_after=None
[2026-09-17T19:10:51.605+0000] {processor.py:208} INFO - Processing /home/airflow/.local/lib/python3.12/site-packages/airflow/example_dags/example_subdag_operator.py took 0.137 seconds
[2026-09-17T19:11:22.328+0000] {processor.py:186} INFO - Started process (PID=2642) to work on /home/airflow/.local/lib/python3.12/site-packages/airflow/example_dags/example_subdag_operator.py
[2026-09-17T19:11:22.330+0000] {processor.py:914} INFO - Processing file /home/airflow/.local/lib/python3.12/site-packages/airflow/example_dags/example_subdag_operator.py for tasks to queue
[2026-09-17T19:11:22.332+0000] {logging_mixin.py:190} INFO - [2026-09-17T19:11:22.332+0000] {dagbag.py:588} INFO - Filling up the DagBag from /home/airflow/.local/lib/python3.12/site-packages/airflow/example_dags/example_subdag_operator.py
[2026-09-17T19:11:22.368+0000] {processor.py:925} INFO - DAG(s) 'example_subdag_operator.section-1', 'example_subdag_operator.section-2', 'example_subdag_operator' retrieved from /home/airflow/.local/lib/python3.12/site-packages/airflow/example_dags/example_subdag_operator.py
[2026-09-17T19:11:22.385+0000] {logging_mixin.py:190} INFO - [2026-09-17T19:11:22.385+0000] {dag.py:3239} INFO - Sync 3 DAGs
[2026-09-17T19:11:22.412+0000] {logging_mixin.py:190} INFO - [2026-09-17T19:11:22.411+0000] {dag.py:4180} INFO - Setting next_dagrun for example_subdag_operator to 2022-01-01 00:00:00+00:00, run_after=2022-01-01 00:00:00+00:00
[2026-09-17T19:11:22.417+0000] {logging_mixin.py:190} INFO - [2026-09-17T19:11:22.416+0000] {dag.py:4180} INFO - Setting next_dagrun for example_subdag_operator.section-1 to None, run_after=None
[2026-09-17T19:11:22.420+0000] {logging_mixin.py:190} INFO - [2026-09-17T19:11:22.419+0000] {dag.py:4180} INFO - Setting next_dagrun for example_subdag_operator.section-2 to None, run_after=None
[2026-09-17T19:11:22.428+0000] {logging_mixin.py:190} INFO - [2026-09-17T19:11:22.428+0000] {dag.py:3239} INFO - Sync 2 DAGs
[2026-09-17T19:11:22.436+0000] {logging_mixin.py:190} INFO - [2026-09-17T19:11:22.436+0000] {dag.py:4180} INFO - Setting next_dagrun for example_subdag_operator.section-1 to None, run_after=None
[2026-09-17T19:11:22.438+0000] {logging_mixin.py:190} INFO - [2026-09-17T19:11:22.437+0000] {dag.py:4180} INFO - Setting next_dagrun for example_subdag_operator.section-2 to None, run_after=None
[2026-09-17T19:11:22.453+0000] {processor.py:208} INFO - Processing /home/airflow/.local/lib/python3.12/site-packages/airflow/example_dags/example_subdag_operator.py took 0.131 seconds
[2026-09-17T19:11:53.641+0000] {processor.py:186} INFO - Started process (PID=2703) to work on /home/airflow/.local/lib/python3.12/site-packages/airflow/example_dags/example_subdag_operator.py
[2026-09-17T19:11:53.643+0000] {processor.py:914} INFO - Processing file /home/airflow/.local/lib/python3.12/site-packages/airflow/example_dags/example_subdag_operator.py for tasks to queue
[2026-09-17T19:11:53.645+0000] {logging_mixin.py:190} INFO - [2026-09-17T19:11:53.645+0000] {dagbag.py:588} INFO - Filling up the DagBag from /home/airflow/.local/lib/python3.12/site-packages/airflow/example_dags/example_subdag_operator.py
[2026-09-17T19:11:53.680+0000] {processor.py:925} INFO - DAG(s) 'example_subdag_operator.section-1', 'example_subdag_operator.section-2', 'example_subdag_operator' retrieved from /home/airflow/.local/lib/python3.12/site-packages/airflow/example_dags/example_subdag_operator.py
[2026-09-17T19:11:53.707+0000] {logging_mixin.py:190} INFO - [2026-09-17T19:11:53.707+0000] {dag.py:3239} INFO - Sync 3 DAGs
[2026-09-17T19:11:53.743+0000] {logging_mixin.py:190} INFO - [2026-09-17T19:11:53.743+0000] {dag.py:4180} INFO - Setting next_dagrun for example_subdag_operator to 2022-01-01 00:00:00+00:00, run_after=2022-01-01 00:00:00+00:00
[2026-09-17T19:11:53.753+0000] {logging_mixin.py:190} INFO - [2026-09-17T19:11:53.753+0000] {dag.py:4180} INFO - Setting next_dagrun for example_subdag_operator.section-1 to None, run_after=None
[2026-09-17T19:11:53.757+0000] {logging_mixin.py:190} INFO - [2026-09-17T19:11:53.757+0000] {dag.py:4180} INFO - Setting next_dagrun for example_subdag_operator.section-2 to None, run_after=None
[2026-09-17T19:11:53.771+0000] {logging_mixin.py:190} INFO - [2026-09-17T19:11:53.770+0000] {dag.py:3239} INFO - Sync 2 DAGs
[2026-09-17T19:11:53.779+0000] {logging_mixin.py:190} INFO - [2026-09-17T19:11:53.779+0000] {dag.py:4180} INFO - Setting next_dagrun for example_subdag_operator.section-1 to None, run_after=None
[2026-09-17T19:11:53.781+0000] {logging_mixin.py:190} INFO - [2026-09-17T19:11:53.780+0000] {dag.py:4180} INFO - Setting next_dagrun for example_subdag_operator.section-2 to None, run_after=None
[2026-09-17T19:11:53.805+0000] {processor.py:208} INFO - Processing /home/airflow/.local/lib/python3.12/site-packages/airflow/example_dags/example_subdag_operator.py took 0.170 seconds
[2026-09-17T19:12:25.414+0000] {processor.py:186} INFO - Started process (PID=2768) to work on /home/airflow/.local/lib/python3.12/site-packages/airflow/example_dags/example_subdag_operator.py
[2026-09-17T19:12:25.416+0000] {processor.py:914} INFO - Processing file /home/airflow/.local/lib/python3.12/site-packages/airflow/example_dags/example_subdag_operator.py for tasks to queue
[2026-09-17T19:12:25.419+0000] {logging_mixin.py:190} INFO - [2026-09-17T19:12:25.418+0000] {dagbag.py:588} INFO - Filling up the DagBag from /home/airflow/.local/lib/python3.12/site-packages/airflow/example_dags/example_subdag_operator.py
[2026-09-17T19:12:25.463+0000] {processor.py:925} INFO - DAG(s) 'example_subdag_operator.section-1', 'example_subdag_operator.section-2', 'example_subdag_operator' retrieved from /home/airflow/.local/lib/python3.12/site-packages/airflow/example_dags/example_subdag_operator.py
[2026-09-17T19:12:25.487+0000] {logging_mixin.py:190} INFO - [2026-09-17T19:12:25.487+0000] {dag.py:3239} INFO - Sync 3 DAGs
[2026-09-17T19:12:25.514+0000] {logging_mixin.py:190} INFO - [2026-09-17T19:12:25.514+0000] {dag.py:4180} INFO - Setting next_dagrun for example_subdag_operator to 2022-01-01 00:00:00+00:00, run_after=2022-01-01 00:00:00+00:00
[2026-09-17T19:12:25.520+0000] {logging_mixin.py:190} INFO - [2026-09-17T19:12:25.520+0000] {dag.py:4180} INFO - Setting next_dagrun for example_subdag_operator.section-1 to None, run_after=None
[2026-09-17T19:12:25.522+0000] {logging_mixin.py:190} INFO - [2026-09-17T19:12:25.522+0000] {dag.py:4180} INFO - Setting next_dagrun for example_subdag_operator.section-2 to None, run_after=None
[2026-09-17T19:12:25.532+0000] {logging_mixin.py:190} INFO - [2026-09-17T19:12:25.532+0000] {dag.py:3239} INFO - Sync 2 DAGs
[2026-09-17T19:12:25.543+0000] {logging_mixin.py:190} INFO - [2026-09-17T19:12:25.543+0000] {dag.py:4180} INFO - Setting next_dagrun for example_subdag_operator.section-1 to None, run_after=None
[2026-09-17T19:12:25.545+0000] {logging_mixin.py:190} INFO - [2026-09-17T19:12:25.545+0000] {dag.py:4180} INFO - Setting next_dagrun for example_subdag_operator.section-2 to None, run_after=None
[2026-09-17T19:12:25.560+0000] {processor.py:208} INFO - Processing /home/airflow/.local/lib/python3.12/site-packages/airflow/example_dags/example_subdag_operator.py took 0.153 seconds
[2026-09-17T19:12:56.505+0000] {processor.py:186} INFO - Started process (PID=2830) to work on /home/airflow/.local/lib/python3.12/site-packages/airflow/example_dags/example_subdag_operator.py
[2026-09-17T19:12:56.507+0000] {processor.py:914} INFO - Processing file /home/airflow/.local/lib/python3.12/site-packages/airflow/example_dags/example_subdag_operator.py for tasks to queue
[2026-09-17T19:12:56.509+0000] {logging_mixin.py:190} INFO - [2026-09-17T19:12:56.509+0000] {dagbag.py:588} INFO - Filling up the DagBag from /home/airflow/.local/lib/python3.12/site-packages/airflow/example_dags/example_subdag_operator.py
[2026-09-17T19:12:56.549+0000] {processor.py:925} INFO - DAG(s) 'example_subdag_operator.section-1', 'example_subdag_operator.section-2', 'example_subdag_operator' retrieved from /home/airflow/.local/lib/python3.12/site-packages/airflow/example_dags/example_subdag_operator.py
[2026-09-17T19:12:56.568+0000] {logging_mixin.py:190} INFO - [2026-09-17T19:12:56.567+0000] {dag.py:3239} INFO - Sync 3 DAGs
[2026-09-17T19:12:56.597+0000] {logging_mixin.py:190} INFO - [2026-09-17T19:12:56.597+0000] {dag.py:4180} INFO - Setting next_dagrun for example_subdag_operator to 2022-01-01 00:00:00+00:00, run_after=2022-01-01 00:00:00+00:00
[2026-09-17T19:12:56.603+0000] {logging_mixin.py:190} INFO - [2026-09-17T19:12:56.603+0000] {dag.py:4180} INFO - Setting next_dagrun for example_subdag_operator.section-1 to None, run_after=None
[2026-09-17T19:12:56.606+0000] {logging_mixin.py:190} INFO - [2026-09-17T19:12:56.606+0000] {dag.py:4180} INFO - Setting next_dagrun for example_subdag_operator.section-2 to None, run_after=None
[2026-09-17T19:12:56.616+0000] {logging_mixin.py:190} INFO - [2026-09-17T19:12:56.616+0000] {dag.py:3239} INFO - Sync 2 DAGs
[2026-09-17T19:12:56.626+0000] {logging_mixin.py:190} INFO - [2026-09-17T19:12:56.626+0000] {dag.py:4180} INFO - Setting next_dagrun for example_subdag_operator.section-1 to None, run_after=None
[2026-09-17T19:12:56.627+0000] {logging_mixin.py:190} INFO - [2026-09-17T19:12:56.627+0000] {dag.py:4180} INFO - Setting next_dagrun for example_subdag_operator.section-2 to None, run_after=None
[2026-09-17T19:12:56.643+0000] {processor.py:208} INFO - Processing /home/airflow/.local/lib/python3.12/site-packages/airflow/example_dags/example_subdag_operator.py took 0.146 seconds
[2026-09-17T19:13:27.152+0000] {processor.py:186} INFO - Started process (PID=2888) to work on /home/airflow/.local/lib/python3.12/site-packages/airflow/example_dags/example_subdag_operator.py
[2026-09-17T19:13:27.154+0000] {processor.py:914} INFO - Processing file /home/airflow/.local/lib/python3.12/site-packages/airflow/example_dags/example_subdag_operator.py for tasks to queue
[2026-09-17T19:13:27.156+0000] {logging_mixin.py:190} INFO - [2026-09-17T19:13:27.156+0000] {dagbag.py:588} INFO - Filling up the DagBag from /home/airflow/.local/lib/python3.12/site-packages/airflow/example_dags/example_subdag_operator.py
[2026-09-17T19:13:27.190+0000] {processor.py:925} INFO - DAG(s) 'example_subdag_operator.section-1', 'example_subdag_operator.section-2', 'example_subdag_operator' retrieved from /home/airflow/.local/lib/python3.12/site-packages/airflow/example_dags/example_subdag_operator.py
[2026-09-17T19:13:27.206+0000] {logging_mixin.py:190} INFO - [2026-09-17T19:13:27.205+0000] {dag.py:3239} INFO - Sync 3 DAGs
[2026-09-17T19:13:27.228+0000] {logging_mixin.py:190} INFO - [2026-09-17T19:13:27.227+0000] {dag.py:4180} INFO - Setting next_dagrun for example_subdag_operator to 2022-01-01 00:00:00+00:00, run_after=2022-01-01 00:00:00+00:00
[2026-09-17T19:13:27.232+0000] {logging_mixin.py:190} INFO - [2026-09-17T19:13:27.232+0000] {dag.py:4180} INFO - Setting next_dagrun for example_subdag_operator.section-1 to None, run_after=None
[2026-09-17T19:13:27.235+0000] {logging_mixin.py:190} INFO - [2026-09-17T19:13:27.234+0000] {dag.py:4180} INFO - Setting next_dagrun for example_subdag_operator.section-2 to None, run_after=None
[2026-09-17T19:13:27.242+0000] {logging_mixin.py:190} INFO - [2026-09-17T19:13:27.242+0000] {dag.py:3239} INFO - Sync 2 DAGs
[2026-09-17T19:13:27.251+0000] {logging_mixin.py:190} INFO - [2026-09-17T19:13:27.251+0000] {dag.py:4180} INFO - Setting next_dagrun for example_subdag_operator.section-1 to None, run_after=None
[2026-09-17T19:13:27.252+0000] {logging_mixin.py:190} INFO - [2026-09-17T19:13:27.252+0000] {dag.py:4180} INFO - Setting next_dagrun for example_subdag_operator.section-2 to None, run_after=None
[2026-09-17T19:13:27.265+0000] {processor.py:208} INFO - Processing /home/airflow/.local/lib/python3.12/site-packages/airflow/example_dags/example_subdag_operator.py took 0.119 seconds
[2026-09-17T19:14:00.933+0000] {processor.py:186} INFO - Started process (PID=2951) to work on /home/airflow/.local/lib/python3.12/site-packages/airflow/example_dags/example_subdag_operator.py
[2026-09-17T19:14:00.935+0000] {processor.py:914} INFO - Processing file /home/airflow/.local/lib/python3.12/site-packages/airflow/example_dags/example_subdag_operator.py for tasks to queue
[2026-09-17T19:14:00.938+0000] {logging_mixin.py:190} INFO - [2026-09-17T19:14:00.938+0000] {dagbag.py:588} INFO - Filling up the DagBag from /home/airflow/.local/lib/python3.12/site-packages/airflow/example_dags/example_subdag_operator.py
[2026-09-17T19:14:00.979+0000] {processor.py:925} INFO - DAG(s) 'example_subdag_operator.section-1', 'example_subdag_operator.section-2', 'example_subdag_operator' retrieved from /home/airflow/.local/lib/python3.12/site-packages/airflow/example_dags/example_subdag_operator.py
[2026-09-17T19:14:00.997+0000] {logging_mixin.py:190} INFO - [2026-09-17T19:14:00.997+0000] {dag.py:3239} INFO - Sync 3 DAGs
[2026-09-17T19:14:01.031+0000] {logging_mixin.py:190} INFO - [2026-09-17T19:14:01.031+0000] {dag.py:4180} INFO - Setting next_dagrun for example_subdag_operator to 2022-01-01 00:00:00+00:00, run_after=2022-01-01 00:00:00+00:00
[2026-09-17T19:14:01.037+0000] {logging_mixin.py:190} INFO - [2026-09-17T19:14:01.037+0000] {dag.py:4180} INFO - Setting next_dagrun for example_subdag_operator.section-1 to None, run_after=None
[2026-09-17T19:14:01.040+0000] {logging_mixin.py:190} INFO - [2026-09-17T19:14:01.040+0000] {dag.py:4180} INFO - Setting next_dagrun for example_subdag_operator.section-2 to None, run_after=None
[2026-09-17T19:14:01.052+0000] {logging_mixin.py:190} INFO - [2026-09-17T19:14:01.051+0000] {dag.py:3239} INFO - Sync 2 DAGs
[2026-09-17T19:14:01.062+0000] {logging_mixin.py:190} INFO - [2026-09-17T19:14:01.061+0000] {dag.py:4180} INFO - Setting next_dagrun for example_subdag_operator.section-1 to None, run_after=None
[2026-09-17T19:14:01.063+0000] {logging_mixin.py:190} INFO - [2026-09-17T19:14:01.063+0000] {dag.py:4180} INFO - Setting next_dagrun for example_subdag_operator.section-2 to None, run_after=None
[2026-09-17T19:14:01.084+0000] {processor.py:208} INFO - Processing /home/airflow/.local/lib/python3.12/site-packages/airflow/example_dags/example_subdag_operator.py took 0.159 seconds
[2026-09-17T19:14:31.509+0000] {processor.py:186} INFO - Started process (PID=3016) to work on /home/airflow/.local/lib/python3.12/site-packages/airflow/example_dags/example_subdag_operator.py
[2026-09-17T19:14:31.512+0000] {processor.py:914} INFO - Processing file /home/airflow/.local/lib/python3.12/site-packages/airflow/example_dags/example_subdag_operator.py for tasks to queue
[2026-09-17T19:14:31.514+0000] {logging_mixin.py:190} INFO - [2026-09-17T19:14:31.513+0000] {dagbag.py:588} INFO - Filling up the DagBag from /home/airflow/.local/lib/python3.12/site-packages/airflow/example_dags/example_subdag_operator.py
[2026-09-17T19:14:31.553+0000] {processor.py:925} INFO - DAG(s) 'example_subdag_operator.section-1', 'example_subdag_operator.section-2', 'example_subdag_operator' retrieved from /home/airflow/.local/lib/python3.12/site-packages/airflow/example_dags/example_subdag_operator.py
[2026-09-17T19:14:31.574+0000] {logging_mixin.py:190} INFO - [2026-09-17T19:14:31.573+0000] {dag.py:3239} INFO - Sync 3 DAGs
[2026-09-17T19:14:31.605+0000] {logging_mixin.py:190} INFO - [2026-09-17T19:14:31.605+0000] {dag.py:4180} INFO - Setting next_dagrun for example_subdag_operator to 2022-01-01 00:00:00+00:00, run_after=2022-01-01 00:00:00+00:00
[2026-09-17T19:14:31.612+0000] {logging_mixin.py:190} INFO - [2026-09-17T19:14:31.612+0000] {dag.py:4180} INFO - Setting next_dagrun for example_subdag_operator.section-1 to None, run_after=None
[2026-09-17T19:14:31.617+0000] {logging_mixin.py:190} INFO - [2026-09-17T19:14:31.617+0000] {dag.py:4180} INFO - Setting next_dagrun for example_subdag_operator.section-2 to None, run_after=None
[2026-09-17T19:14:31.632+0000] {logging_mixin.py:190} INFO - [2026-09-17T19:14:31.632+0000] {dag.py:3239} INFO - Sync 2 DAGs
[2026-09-17T19:14:31.641+0000] {logging_mixin.py:190} INFO - [2026-09-17T19:14:31.640+0000] {dag.py:4180} INFO - Setting next_dagrun for example_subdag_operator.section-1 to None, run_after=None
[2026-09-17T19:14:31.643+0000] {logging_mixin.py:190} INFO - [2026-09-17T19:14:31.642+0000] {dag.py:4180} INFO - Setting next_dagrun for example_subdag_operator.section-2 to None, run_after=None
[2026-09-17T19:14:31.663+0000] {processor.py:208} INFO - Processing /home/airflow/.local/lib/python3.12/site-packages/airflow/example_dags/example_subdag_operator.py took 0.161 seconds
[2026-09-17T19:15:02.197+0000] {processor.py:186} INFO - Started process (PID=3076) to work on /home/airflow/.local/lib/python3.12/site-packages/airflow/example_dags/example_subdag_operator.py
[2026-09-17T19:15:02.199+0000] {processor.py:914} INFO - Processing file /home/airflow/.local/lib/python3.12/site-packages/airflow/example_dags/example_subdag_operator.py for tasks to queue
[2026-09-17T19:15:02.201+0000] {logging_mixin.py:190} INFO - [2026-09-17T19:15:02.201+0000] {dagbag.py:588} INFO - Filling up the DagBag from /home/airflow/.local/lib/python3.12/site-packages/airflow/example_dags/example_subdag_operator.py
[2026-09-17T19:15:02.236+0000] {processor.py:925} INFO - DAG(s) 'example_subdag_operator.section-1', 'example_subdag_operator.section-2', 'example_subdag_operator' retrieved from /home/airflow/.local/lib/python3.12/site-packages/airflow/example_dags/example_subdag_operator.py
[2026-09-17T19:15:02.253+0000] {logging_mixin.py:190} INFO - [2026-09-17T19:15:02.253+0000] {dag.py:3239} INFO - Sync 3 DAGs
[2026-09-17T19:15:02.277+0000] {logging_mixin.py:190} INFO - [2026-09-17T19:15:02.277+0000] {dag.py:4180} INFO - Setting next_dagrun for example_subdag_operator to 2022-01-01 00:00:00+00:00, run_after=2022-01-01 00:00:00+00:00
[2026-09-17T19:15:02.282+0000] {logging_mixin.py:190} INFO - [2026-09-17T19:15:02.282+0000] {dag.py:4180} INFO - Setting next_dagrun for example_subdag_operator.section-1 to None, run_after=None
[2026-09-17T19:15:02.284+0000] {logging_mixin.py:190} INFO - [2026-09-17T19:15:02.284+0000] {dag.py:4180} INFO - Setting next_dagrun for example_subdag_operator.section-2 to None, run_after=None
[2026-09-17T19:15:02.295+0000] {logging_mixin.py:190} INFO - [2026-09-17T19:15:02.295+0000] {dag.py:3239} INFO - Sync 2 DAGs
[2026-09-17T19:15:02.303+0000] {logging_mixin.py:190} INFO - [2026-09-17T19:15:02.303+0000] {dag.py:4180} INFO - Setting next_dagrun for example_subdag_operator.section-1 to None, run_after=None
[2026-09-17T19:15:02.304+0000] {logging_mixin.py:190} INFO - [2026-09-17T19:15:02.304+0000] {dag.py:4180} INFO - Setting next_dagrun for example_subdag_operator.section-2 to None, run_after=None
[2026-09-17T19:15:02.319+0000] {processor.py:208} INFO - Processing /home/airflow/.local/lib/python3.12/site-packages/airflow/example_dags/example_subdag_operator.py took 0.129 seconds
[2026-09-17T19:15:32.656+0000] {processor.py:186} INFO - Started process (PID=3138) to work on /home/airflow/.local/lib/python3.12/site-packages/airflow/example_dags/example_subdag_operator.py
[2026-09-17T19:15:32.658+0000] {processor.py:914} INFO - Processing file /home/airflow/.local/lib/python3.12/site-packages/airflow/example_dags/example_subdag_operator.py for tasks to queue
[2026-09-17T19:15:32.660+0000] {logging_mixin.py:190} INFO - [2026-09-17T19:15:32.660+0000] {dagbag.py:588} INFO - Filling up the DagBag from /home/airflow/.local/lib/python3.12/site-packages/airflow/example_dags/example_subdag_operator.py
[2026-09-17T19:15:32.694+0000] {processor.py:925} INFO - DAG(s) 'example_subdag_operator.section-1', 'example_subdag_operator.section-2', 'example_subdag_operator' retrieved from /home/airflow/.local/lib/python3.12/site-packages/airflow/example_dags/example_subdag_operator.py
[2026-09-17T19:15:32.710+0000] {logging_mixin.py:190} INFO - [2026-09-17T19:15:32.710+0000] {dag.py:3239} INFO - Sync 3 DAGs
[2026-09-17T19:15:32.736+0000] {logging_mixin.py:190} INFO - [2026-09-17T19:15:32.736+0000] {dag.py:4180} INFO - Setting next_dagrun for example_subdag_operator to 2022-01-01 00:00:00+00:00, run_after=2022-01-01 00:00:00+00:00
[2026-09-17T19:15:32.742+0000] {logging_mixin.py:190} INFO - [2026-09-17T19:15:32.742+0000] {dag.py:4180} INFO - Setting next_dagrun for example_subdag_operator.section-1 to None, run_after=None
[2026-09-17T19:15:32.744+0000] {logging_mixin.py:190} INFO - [2026-09-17T19:15:32.744+0000] {dag.py:4180} INFO - Setting next_dagrun for example_subdag_operator.section-2 to None, run_after=None
[2026-09-17T19:15:32.755+0000] {logging_mixin.py:190} INFO - [2026-09-17T19:15:32.755+0000] {dag.py:3239} INFO - Sync 2 DAGs
[2026-09-17T19:15:32.764+0000] {logging_mixin.py:190} INFO - [2026-09-17T19:15:32.764+0000] {dag.py:4180} INFO - Setting next_dagrun for example_subdag_operator.section-1 to None, run_after=None
[2026-09-17T19:15:32.765+0000] {logging_mixin.py:190} INFO - [2026-09-17T19:15:32.765+0000] {dag.py:4180} INFO - Setting next_dagrun for example_subdag_operator.section-2 to None, run_after=None
[2026-09-17T19:15:32.780+0000] {processor.py:208} INFO - Processing /home/airflow/.local/lib/python3.12/site-packages/airflow/example_dags/example_subdag_operator.py took 0.131 seconds
[2026-09-17T19:16:02.897+0000] {processor.py:186} INFO - Started process (PID=3203) to work on /home/airflow/.local/lib/python3.12/site-packages/airflow/example_dags/example_subdag_operator.py
[2026-09-17T19:16:02.898+0000] {processor.py:914} INFO - Processing file /home/airflow/.local/lib/python3.12/site-packages/airflow/example_dags/example_subdag_operator.py for tasks to queue
[2026-09-17T19:16:02.901+0000] {logging_mixin.py:190} INFO - [2026-09-17T19:16:02.900+0000] {dagbag.py:588} INFO - Filling up the DagBag from /home/airflow/.local/lib/python3.12/site-packages/airflow/example_dags/example_subdag_operator.py
[2026-09-17T19:16:02.935+0000] {processor.py:925} INFO - DAG(s) 'example_subdag_operator.section-1', 'example_subdag_operator.section-2', 'example_subdag_operator' retrieved from /home/airflow/.local/lib/python3.12/site-packages/airflow/example_dags/example_subdag_operator.py
[2026-09-17T19:16:02.952+0000] {logging_mixin.py:190} INFO - [2026-09-17T19:16:02.952+0000] {dag.py:3239} INFO - Sync 3 DAGs
[2026-09-17T19:16:02.976+0000] {logging_mixin.py:190} INFO - [2026-09-17T19:16:02.976+0000] {dag.py:4180} INFO - Setting next_dagrun for example_subdag_operator to 2022-01-01 00:00:00+00:00, run_after=2022-01-01 00:00:00+00:00
[2026-09-17T19:16:02.981+0000] {logging_mixin.py:190} INFO - [2026-09-17T19:16:02.980+0000] {dag.py:4180} INFO - Setting next_dagrun for example_subdag_operator.section-1 to None, run_after=None
[2026-09-17T19:16:02.983+0000] {logging_mixin.py:190} INFO - [2026-09-17T19:16:02.983+0000] {dag.py:4180} INFO - Setting next_dagrun for example_subdag_operator.section-2 to None, run_after=None
[2026-09-17T19:16:02.992+0000] {logging_mixin.py:190} INFO - [2026-09-17T19:16:02.991+0000] {dag.py:3239} INFO - Sync 2 DAGs
[2026-09-17T19:16:02.998+0000] {logging_mixin.py:190} INFO - [2026-09-17T19:16:02.998+0000] {dag.py:4180} INFO - Setting next_dagrun for example_subdag_operator.section-1 to None, run_after=None
[2026-09-17T19:16:03.001+0000] {logging_mixin.py:190} INFO - [2026-09-17T19:16:03.000+0000] {dag.py:4180} INFO - Setting next_dagrun for example_subdag_operator.section-2 to None, run_after=None
[2026-09-17T19:16:03.015+0000] {processor.py:208} INFO - Processing /home/airflow/.local/lib/python3.12/site-packages/airflow/example_dags/example_subdag_operator.py took 0.124 seconds
[2026-09-17T19:16:33.665+0000] {processor.py:186} INFO - Started process (PID=3268) to work on /home/airflow/.local/lib/python3.12/site-packages/airflow/example_dags/example_subdag_operator.py
[2026-09-17T19:16:33.667+0000] {processor.py:914} INFO - Processing file /home/airflow/.local/lib/python3.12/site-packages/airflow/example_dags/example_subdag_operator.py for tasks to queue
[2026-09-17T19:16:33.670+0000] {logging_mixin.py:190} INFO - [2026-09-17T19:16:33.669+0000] {dagbag.py:588} INFO - Filling up the DagBag from /home/airflow/.local/lib/python3.12/site-packages/airflow/example_dags/example_subdag_operator.py
[2026-09-17T19:16:33.706+0000] {processor.py:925} INFO - DAG(s) 'example_subdag_operator.section-1', 'example_subdag_operator.section-2', 'example_subdag_operator' retrieved from /home/airflow/.local/lib/python3.12/site-packages/airflow/example_dags/example_subdag_operator.py
[2026-09-17T19:16:33.724+0000] {logging_mixin.py:190} INFO - [2026-09-17T19:16:33.723+0000] {dag.py:3239} INFO - Sync 3 DAGs
[2026-09-17T19:16:33.747+0000] {logging_mixin.py:190} INFO - [2026-09-17T19:16:33.747+0000] {dag.py:4180} INFO - Setting next_dagrun for example_subdag_operator to 2022-01-01 00:00:00+00:00, run_after=2022-01-01 00:00:00+00:00
[2026-09-17T19:16:33.753+0000] {logging_mixin.py:190} INFO - [2026-09-17T19:16:33.753+0000] {dag.py:4180} INFO - Setting next_dagrun for example_subdag_operator.section-1 to None, run_after=None
[2026-09-17T19:16:33.756+0000] {logging_mixin.py:190} INFO - [2026-09-17T19:16:33.756+0000] {dag.py:4180} INFO - Setting next_dagrun for example_subdag_operator.section-2 to None, run_after=None
[2026-09-17T19:16:33.765+0000] {logging_mixin.py:190} INFO - [2026-09-17T19:16:33.765+0000] {dag.py:3239} INFO - Sync 2 DAGs
[2026-09-17T19:16:33.771+0000] {logging_mixin.py:190} INFO - [2026-09-17T19:16:33.771+0000] {dag.py:4180} INFO - Setting next_dagrun for example_subdag_operator.section-1 to None, run_after=None
[2026-09-17T19:16:33.773+0000] {logging_mixin.py:190} INFO - [2026-09-17T19:16:33.773+0000] {dag.py:4180} INFO - Setting next_dagrun for example_subdag_operator.section-2 to None, run_after=None
[2026-09-17T19:16:33.786+0000] {processor.py:208} INFO - Processing /home/airflow/.local/lib/python3.12/site-packages/airflow/example_dags/example_subdag_operator.py took 0.129 seconds
[2026-09-17T19:17:04.232+0000] {processor.py:186} INFO - Started process (PID=3333) to work on /home/airflow/.local/lib/python3.12/site-packages/airflow/example_dags/example_subdag_operator.py
[2026-09-17T19:17:04.234+0000] {processor.py:914} INFO - Processing file /home/airflow/.local/lib/python3.12/site-packages/airflow/example_dags/example_subdag_operator.py for tasks to queue
[2026-09-17T19:17:04.237+0000] {logging_mixin.py:190} INFO - [2026-09-17T19:17:04.236+0000] {dagbag.py:588} INFO - Filling up the DagBag from /home/airflow/.local/lib/python3.12/site-packages/airflow/example_dags/example_subdag_operator.py
[2026-09-17T19:17:04.271+0000] {processor.py:925} INFO - DAG(s) 'example_subdag_operator.section-1', 'example_subdag_operator.section-2', 'example_subdag_operator' retrieved from /home/airflow/.local/lib/python3.12/site-packages/airflow/example_dags/example_subdag_operator.py
[2026-09-17T19:17:04.289+0000] {logging_mixin.py:190} INFO - [2026-09-17T19:17:04.288+0000] {dag.py:3239} INFO - Sync 3 DAGs
[2026-09-17T19:17:04.313+0000] {logging_mixin.py:190} INFO - [2026-09-17T19:17:04.313+0000] {dag.py:4180} INFO - Setting next_dagrun for example_subdag_operator to 2022-01-01 00:00:00+00:00, run_after=2022-01-01 00:00:00+00:00
[2026-09-17T19:17:04.318+0000] {logging_mixin.py:190} INFO - [2026-09-17T19:17:04.318+0000] {dag.py:4180} INFO - Setting next_dagrun for example_subdag_operator.section-1 to None, run_after=None
[2026-09-17T19:17:04.321+0000] {logging_mixin.py:190} INFO - [2026-09-17T19:17:04.321+0000] {dag.py:4180} INFO - Setting next_dagrun for example_subdag_operator.section-2 to None, run_after=None
[2026-09-17T19:17:04.331+0000] {logging_mixin.py:190} INFO - [2026-09-17T19:17:04.331+0000] {dag.py:3239} INFO - Sync 2 DAGs
[2026-09-17T19:17:04.340+0000] {logging_mixin.py:190} INFO - [2026-09-17T19:17:04.340+0000] {dag.py:4180} INFO - Setting next_dagrun for example_subdag_operator.section-1 to None, run_after=None
[2026-09-17T19:17:04.342+0000] {logging_mixin.py:190} INFO - [2026-09-17T19:17:04.341+0000] {dag.py:4180} INFO - Setting next_dagrun for example_subdag_operator.section-2 to None, run_after=None
[2026-09-17T19:17:04.358+0000] {processor.py:208} INFO - Processing /home/airflow/.local/lib/python3.12/site-packages/airflow/example_dags/example_subdag_operator.py took 0.132 seconds
[2026-09-17T19:17:34.880+0000] {processor.py:186} INFO - Started process (PID=3398) to work on /home/airflow/.local/lib/python3.12/site-packages/airflow/example_dags/example_subdag_operator.py
[2026-09-17T19:17:34.882+0000] {processor.py:914} INFO - Processing file /home/airflow/.local/lib/python3.12/site-packages/airflow/example_dags/example_subdag_operator.py for tasks to queue
[2026-09-17T19:17:34.885+0000] {logging_mixin.py:190} INFO - [2026-09-17T19:17:34.884+0000] {dagbag.py:588} INFO - Filling up the DagBag from /home/airflow/.local/lib/python3.12/site-packages/airflow/example_dags/example_subdag_operator.py
[2026-09-17T19:17:34.926+0000] {processor.py:925} INFO - DAG(s) 'example_subdag_operator.section-1', 'example_subdag_operator.section-2', 'example_subdag_operator' retrieved from /home/airflow/.local/lib/python3.12/site-packages/airflow/example_dags/example_subdag_operator.py
[2026-09-17T19:17:34.943+0000] {logging_mixin.py:190} INFO - [2026-09-17T19:17:34.943+0000] {dag.py:3239} INFO - Sync 3 DAGs
[2026-09-17T19:17:34.970+0000] {logging_mixin.py:190} INFO - [2026-09-17T19:17:34.970+0000] {dag.py:4180} INFO - Setting next_dagrun for example_subdag_operator to 2022-01-01 00:00:00+00:00, run_after=2022-01-01 00:00:00+00:00
[2026-09-17T19:17:34.975+0000] {logging_mixin.py:190} INFO - [2026-09-17T19:17:34.975+0000] {dag.py:4180} INFO - Setting next_dagrun for example_subdag_operator.section-1 to None, run_after=None
[2026-09-17T19:17:34.978+0000] {logging_mixin.py:190} INFO - [2026-09-17T19:17:34.978+0000] {dag.py:4180} INFO - Setting next_dagrun for example_subdag_operator.section-2 to None, run_after=None
[2026-09-17T19:17:34.989+0000] {logging_mixin.py:190} INFO - [2026-09-17T19:17:34.988+0000] {dag.py:3239} INFO - Sync 2 DAGs
[2026-09-17T19:17:34.997+0000] {logging_mixin.py:190} INFO - [2026-09-17T19:17:34.997+0000] {dag.py:4180} INFO - Setting next_dagrun for example_subdag_operator.section-1 to None, run_after=None
[2026-09-17T19:17:34.999+0000] {logging_mixin.py:190} INFO - [2026-09-17T19:17:34.998+0000] {dag.py:4180} INFO - Setting next_dagrun for example_subdag_operator.section-2 to None, run_after=None
[2026-09-17T19:17:35.015+0000] {processor.py:208} INFO - Processing /home/airflow/.local/lib/python3.12/site-packages/airflow/example_dags/example_subdag_operator.py took 0.143 seconds
[2026-09-17T19:18:05.082+0000] {processor.py:186} INFO - Started process (PID=3462) to work on /home/airflow/.local/lib/python3.12/site-packages/airflow/example_dags/example_subdag_operator.py
[2026-09-17T19:18:05.084+0000] {processor.py:914} INFO - Processing file /home/airflow/.local/lib/python3.12/site-packages/airflow/example_dags/example_subdag_operator.py for tasks to queue
[2026-09-17T19:18:05.086+0000] {logging_mixin.py:190} INFO - [2026-09-17T19:18:05.086+0000] {dagbag.py:588} INFO - Filling up the DagBag from /home/airflow/.local/lib/python3.12/site-packages/airflow/example_dags/example_subdag_operator.py
[2026-09-17T19:18:05.121+0000] {processor.py:925} INFO - DAG(s) 'example_subdag_operator.section-1', 'example_subdag_operator.section-2', 'example_subdag_operator' retrieved from /home/airflow/.local/lib/python3.12/site-packages/airflow/example_dags/example_subdag_operator.py
[2026-09-17T19:18:05.137+0000] {logging_mixin.py:190} INFO - [2026-09-17T19:18:05.137+0000] {dag.py:3239} INFO - Sync 3 DAGs
[2026-09-17T19:18:05.163+0000] {logging_mixin.py:190} INFO - [2026-09-17T19:18:05.163+0000] {dag.py:4180} INFO - Setting next_dagrun for example_subdag_operator to 2022-01-01 00:00:00+00:00, run_after=2022-01-01 00:00:00+00:00
[2026-09-17T19:18:05.168+0000] {logging_mixin.py:190} INFO - [2026-09-17T19:18:05.168+0000] {dag.py:4180} INFO - Setting next_dagrun for example_subdag_operator.section-1 to None, run_after=None
[2026-09-17T19:18:05.171+0000] {logging_mixin.py:190} INFO - [2026-09-17T19:18:05.171+0000] {dag.py:4180} INFO - Setting next_dagrun for example_subdag_operator.section-2 to None, run_after=None
[2026-09-17T19:18:05.180+0000] {logging_mixin.py:190} INFO - [2026-09-17T19:18:05.180+0000] {dag.py:3239} INFO - Sync 2 DAGs
[2026-09-17T19:18:05.189+0000] {logging_mixin.py:190} INFO - [2026-09-17T19:18:05.189+0000] {dag.py:4180} INFO - Setting next_dagrun for example_subdag_operator.section-1 to None, run_after=None
[2026-09-17T19:18:05.190+0000] {logging_mixin.py:190} INFO - [2026-09-17T19:18:05.190+0000] {dag.py:4180} INFO - Setting next_dagrun for example_subdag_operator.section-2 to None, run_after=None
[2026-09-17T19:18:05.206+0000] {processor.py:208} INFO - Processing /home/airflow/.local/lib/python3.12/site-packages/airflow/example_dags/example_subdag_operator.py took 0.130 seconds
[2026-09-17T19:18:36.472+0000] {processor.py:186} INFO - Started process (PID=3527) to work on /home/airflow/.local/lib/python3.12/site-packages/airflow/example_dags/example_subdag_operator.py
[2026-09-17T19:18:36.474+0000] {processor.py:914} INFO - Processing file /home/airflow/.local/lib/python3.12/site-packages/airflow/example_dags/example_subdag_operator.py for tasks to queue
[2026-09-17T19:18:36.476+0000] {logging_mixin.py:190} INFO - [2026-09-17T19:18:36.476+0000] {dagbag.py:588} INFO - Filling up the DagBag from /home/airflow/.local/lib/python3.12/site-packages/airflow/example_dags/example_subdag_operator.py
[2026-09-17T19:18:36.509+0000] {processor.py:925} INFO - DAG(s) 'example_subdag_operator.section-1', 'example_subdag_operator.section-2', 'example_subdag_operator' retrieved from /home/airflow/.local/lib/python3.12/site-packages/airflow/example_dags/example_subdag_operator.py
[2026-09-17T19:18:36.525+0000] {logging_mixin.py:190} INFO - [2026-09-17T19:18:36.525+0000] {dag.py:3239} INFO - Sync 3 DAGs
[2026-09-17T19:18:36.550+0000] {logging_mixin.py:190} INFO - [2026-09-17T19:18:36.549+0000] {dag.py:4180} INFO - Setting next_dagrun for example_subdag_operator to 2022-01-01 00:00:00+00:00, run_after=2022-01-01 00:00:00+00:00
[2026-09-17T19:18:36.554+0000] {logging_mixin.py:190} INFO - [2026-09-17T19:18:36.554+0000] {dag.py:4180} INFO - Setting next_dagrun for example_subdag_operator.section-1 to None, run_after=None
[2026-09-17T19:18:36.557+0000] {logging_mixin.py:190} INFO - [2026-09-17T19:18:36.557+0000] {dag.py:4180} INFO - Setting next_dagrun for example_subdag_operator.section-2 to None, run_after=None
[2026-09-17T19:18:36.564+0000] {logging_mixin.py:190} INFO - [2026-09-17T19:18:36.564+0000] {dag.py:3239} INFO - Sync 2 DAGs
[2026-09-17T19:18:36.571+0000] {logging_mixin.py:190} INFO - [2026-09-17T19:18:36.571+0000] {dag.py:4180} INFO - Setting next_dagrun for example_subdag_operator.section-1 to None, run_after=None
[2026-09-17T19:18:36.573+0000] {logging_mixin.py:190} INFO - [2026-09-17T19:18:36.572+0000] {dag.py:4180} INFO - Setting next_dagrun for example_subdag_operator.section-2 to None, run_after=None
[2026-09-17T19:18:36.585+0000] {processor.py:208} INFO - Processing /home/airflow/.local/lib/python3.12/site-packages/airflow/example_dags/example_subdag_operator.py took 0.119 seconds
[2026-09-17T19:19:07.537+0000] {processor.py:186} INFO - Started process (PID=3592) to work on /home/airflow/.local/lib/python3.12/site-packages/airflow/example_dags/example_subdag_operator.py
[2026-09-17T19:19:07.540+0000] {processor.py:914} INFO - Processing file /home/airflow/.local/lib/python3.12/site-packages/airflow/example_dags/example_subdag_operator.py for tasks to queue
[2026-09-17T19:19:07.542+0000] {logging_mixin.py:190} INFO - [2026-09-17T19:19:07.542+0000] {dagbag.py:588} INFO - Filling up the DagBag from /home/airflow/.local/lib/python3.12/site-packages/airflow/example_dags/example_subdag_operator.py
[2026-09-17T19:19:07.580+0000] {processor.py:925} INFO - DAG(s) 'example_subdag_operator.section-1', 'example_subdag_operator.section-2', 'example_subdag_operator' retrieved from /home/airflow/.local/lib/python3.12/site-packages/airflow/example_dags/example_subdag_operator.py
[2026-09-17T19:19:07.599+0000] {logging_mixin.py:190} INFO - [2026-09-17T19:19:07.599+0000] {dag.py:3239} INFO - Sync 3 DAGs
[2026-09-17T19:19:07.627+0000] {logging_mixin.py:190} INFO - [2026-09-17T19:19:07.626+0000] {dag.py:4180} INFO - Setting next_dagrun for example_subdag_operator to 2022-01-01 00:00:00+00:00, run_after=2022-01-01 00:00:00+00:00
[2026-09-17T19:19:07.632+0000] {logging_mixin.py:190} INFO - [2026-09-17T19:19:07.632+0000] {dag.py:4180} INFO - Setting next_dagrun for example_subdag_operator.section-1 to None, run_after=None
[2026-09-17T19:19:07.636+0000] {logging_mixin.py:190} INFO - [2026-09-17T19:19:07.636+0000] {dag.py:4180} INFO - Setting next_dagrun for example_subdag_operator.section-2 to None, run_after=None
[2026-09-17T19:19:07.645+0000] {logging_mixin.py:190} INFO - [2026-09-17T19:19:07.645+0000] {dag.py:3239} INFO - Sync 2 DAGs
[2026-09-17T19:19:07.654+0000] {logging_mixin.py:190} INFO - [2026-09-17T19:19:07.654+0000] {dag.py:4180} INFO - Setting next_dagrun for example_subdag_operator.section-1 to None, run_after=None
[2026-09-17T19:19:07.656+0000] {logging_mixin.py:190} INFO - [2026-09-17T19:19:07.655+0000] {dag.py:4180} INFO - Setting next_dagrun for example_subdag_operator.section-2 to None, run_after=None
[2026-09-17T19:19:07.672+0000] {processor.py:208} INFO - Processing /home/airflow/.local/lib/python3.12/site-packages/airflow/example_dags/example_subdag_operator.py took 0.141 seconds
[2026-09-17T19:19:37.877+0000] {processor.py:186} INFO - Started process (PID=3656) to work on /home/airflow/.local/lib/python3.12/site-packages/airflow/example_dags/example_subdag_operator.py
[2026-09-17T19:19:37.879+0000] {processor.py:914} INFO - Processing file /home/airflow/.local/lib/python3.12/site-packages/airflow/example_dags/example_subdag_operator.py for tasks to queue
[2026-09-17T19:19:37.881+0000] {logging_mixin.py:190} INFO - [2026-09-17T19:19:37.881+0000] {dagbag.py:588} INFO - Filling up the DagBag from /home/airflow/.local/lib/python3.12/site-packages/airflow/example_dags/example_subdag_operator.py
[2026-09-17T19:19:37.917+0000] {processor.py:925} INFO - DAG(s) 'example_subdag_operator.section-1', 'example_subdag_operator.section-2', 'example_subdag_operator' retrieved from /home/airflow/.local/lib/python3.12/site-packages/airflow/example_dags/example_subdag_operator.py
[2026-09-17T19:19:37.934+0000] {logging_mixin.py:190} INFO - [2026-09-17T19:19:37.934+0000] {dag.py:3239} INFO - Sync 3 DAGs
[2026-09-17T19:19:37.960+0000] {logging_mixin.py:190} INFO - [2026-09-17T19:19:37.960+0000] {dag.py:4180} INFO - Setting next_dagrun for example_subdag_operator to 2022-01-01 00:00:00+00:00, run_after=2022-01-01 00:00:00+00:00
[2026-09-17T19:19:37.965+0000] {logging_mixin.py:190} INFO - [2026-09-17T19:19:37.965+0000] {dag.py:4180} INFO - Setting next_dagrun for example_subdag_operator.section-1 to None, run_after=None
[2026-09-17T19:19:37.970+0000] {logging_mixin.py:190} INFO - [2026-09-17T19:19:37.969+0000] {dag.py:4180} INFO - Setting next_dagrun for example_subdag_operator.section-2 to None, run_after=None
[2026-09-17T19:19:37.982+0000] {logging_mixin.py:190} INFO - [2026-09-17T19:19:37.982+0000] {dag.py:3239} INFO - Sync 2 DAGs
[2026-09-17T19:19:37.991+0000] {logging_mixin.py:190} INFO - [2026-09-17T19:19:37.991+0000] {dag.py:4180} INFO - Setting next_dagrun for example_subdag_operator.section-1 to None, run_after=None
[2026-09-17T19:19:37.993+0000] {logging_mixin.py:190} INFO - [2026-09-17T19:19:37.992+0000] {dag.py:4180} INFO - Setting next_dagrun for example_subdag_operator.section-2 to None, run_after=None
[2026-09-17T19:19:38.009+0000] {processor.py:208} INFO - Processing /home/airflow/.local/lib/python3.12/site-packages/airflow/example_dags/example_subdag_operator.py took 0.138 seconds
[2026-09-17T19:20:09.056+0000] {processor.py:186} INFO - Started process (PID=3714) to work on /home/airflow/.local/lib/python3.12/site-packages/airflow/example_dags/example_subdag_operator.py
[2026-09-17T19:20:09.058+0000] {processor.py:914} INFO - Processing file /home/airflow/.local/lib/python3.12/site-packages/airflow/example_dags/example_subdag_operator.py for tasks to queue
[2026-09-17T19:20:09.060+0000] {logging_mixin.py:190} INFO - [2026-09-17T19:20:09.060+0000] {dagbag.py:588} INFO - Filling up the DagBag from /home/airflow/.local/lib/python3.12/site-packages/airflow/example_dags/example_subdag_operator.py
[2026-09-17T19:20:09.098+0000] {processor.py:925} INFO - DAG(s) 'example_subdag_operator.section-1', 'example_subdag_operator.section-2', 'example_subdag_operator' retrieved from /home/airflow/.local/lib/python3.12/site-packages/airflow/example_dags/example_subdag_operator.py
[2026-09-17T19:20:09.115+0000] {logging_mixin.py:190} INFO - [2026-09-17T19:20:09.114+0000] {dag.py:3239} INFO - Sync 3 DAGs
[2026-09-17T19:20:09.141+0000] {logging_mixin.py:190} INFO - [2026-09-17T19:20:09.141+0000] {dag.py:4180} INFO - Setting next_dagrun for example_subdag_operator to 2022-01-01 00:00:00+00:00, run_after=2022-01-01 00:00:00+00:00
[2026-09-17T19:20:09.148+0000] {logging_mixin.py:190} INFO - [2026-09-17T19:20:09.148+0000] {dag.py:4180} INFO - Setting next_dagrun for example_subdag_operator.section-1 to None, run_after=None
[2026-09-17T19:20:09.152+0000] {logging_mixin.py:190} INFO - [2026-09-17T19:20:09.152+0000] {dag.py:4180} INFO - Setting next_dagrun for example_subdag_operator.section-2 to None, run_after=None
[2026-09-17T19:20:09.164+0000] {logging_mixin.py:190} INFO - [2026-09-17T19:20:09.163+0000] {dag.py:3239} INFO - Sync 2 DAGs
[2026-09-17T19:20:09.173+0000] {logging_mixin.py:190} INFO - [2026-09-17T19:20:09.173+0000] {dag.py:4180} INFO - Setting next_dagrun for example_subdag_operator.section-1 to None, run_after=None
[2026-09-17T19:20:09.175+0000] {logging_mixin.py:190} INFO - [2026-09-17T19:20:09.174+0000] {dag.py:4180} INFO - Setting next_dagrun for example_subdag_operator.section-2 to None, run_after=None
[2026-09-17T19:20:09.194+0000] {processor.py:208} INFO - Processing /home/airflow/.local/lib/python3.12/site-packages/airflow/example_dags/example_subdag_operator.py took 0.144 seconds
[2026-09-17T19:20:39.606+0000] {processor.py:186} INFO - Started process (PID=3778) to work on /home/airflow/.local/lib/python3.12/site-packages/airflow/example_dags/example_subdag_operator.py
[2026-09-17T19:20:39.608+0000] {processor.py:914} INFO - Processing file /home/airflow/.local/lib/python3.12/site-packages/airflow/example_dags/example_subdag_operator.py for tasks to queue
[2026-09-17T19:20:39.610+0000] {logging_mixin.py:190} INFO - [2026-09-17T19:20:39.610+0000] {dagbag.py:588} INFO - Filling up the DagBag from /home/airflow/.local/lib/python3.12/site-packages/airflow/example_dags/example_subdag_operator.py
[2026-09-17T19:20:39.643+0000] {processor.py:925} INFO - DAG(s) 'example_subdag_operator.section-1', 'example_subdag_operator.section-2', 'example_subdag_operator' retrieved from /home/airflow/.local/lib/python3.12/site-packages/airflow/example_dags/example_subdag_operator.py
[2026-09-17T19:20:39.660+0000] {logging_mixin.py:190} INFO - [2026-09-17T19:20:39.659+0000] {dag.py:3239} INFO - Sync 3 DAGs
[2026-09-17T19:20:39.684+0000] {logging_mixin.py:190} INFO - [2026-09-17T19:20:39.684+0000] {dag.py:4180} INFO - Setting next_dagrun for example_subdag_operator to 2022-01-01 00:00:00+00:00, run_after=2022-01-01 00:00:00+00:00
[2026-09-17T19:20:39.690+0000] {logging_mixin.py:190} INFO - [2026-09-17T19:20:39.690+0000] {dag.py:4180} INFO - Setting next_dagrun for example_subdag_operator.section-1 to None, run_after=None
[2026-09-17T19:20:39.693+0000] {logging_mixin.py:190} INFO - [2026-09-17T19:20:39.692+0000] {dag.py:4180} INFO - Setting next_dagrun for example_subdag_operator.section-2 to None, run_after=None
[2026-09-17T19:20:39.702+0000] {logging_mixin.py:190} INFO - [2026-09-17T19:20:39.701+0000] {dag.py:3239} INFO - Sync 2 DAGs
[2026-09-17T19:20:39.709+0000] {logging_mixin.py:190} INFO - [2026-09-17T19:20:39.709+0000] {dag.py:4180} INFO - Setting next_dagrun for example_subdag_operator.section-1 to None, run_after=None
[2026-09-17T19:20:39.711+0000] {logging_mixin.py:190} INFO - [2026-09-17T19:20:39.710+0000] {dag.py:4180} INFO - Setting next_dagrun for example_subdag_operator.section-2 to None, run_after=None
[2026-09-17T19:20:39.724+0000] {processor.py:208} INFO - Processing /home/airflow/.local/lib/python3.12/site-packages/airflow/example_dags/example_subdag_operator.py took 0.125 seconds
[2026-09-17T19:21:09.835+0000] {processor.py:186} INFO - Started process (PID=3843) to work on /home/airflow/.local/lib/python3.12/site-packages/airflow/example_dags/example_subdag_operator.py
[2026-09-17T19:21:09.838+0000] {processor.py:914} INFO - Processing file /home/airflow/.local/lib/python3.12/site-packages/airflow/example_dags/example_subdag_operator.py for tasks to queue
[2026-09-17T19:21:09.840+0000] {logging_mixin.py:190} INFO - [2026-09-17T19:21:09.839+0000] {dagbag.py:588} INFO - Filling up the DagBag from /home/airflow/.local/lib/python3.12/site-packages/airflow/example_dags/example_subdag_operator.py
[2026-09-17T19:21:09.881+0000] {processor.py:925} INFO - DAG(s) 'example_subdag_operator.section-1', 'example_subdag_operator.section-2', 'example_subdag_operator' retrieved from /home/airflow/.local/lib/python3.12/site-packages/airflow/example_dags/example_subdag_operator.py
[2026-09-17T19:21:09.903+0000] {logging_mixin.py:190} INFO - [2026-09-17T19:21:09.903+0000] {dag.py:3239} INFO - Sync 3 DAGs
[2026-09-17T19:21:09.937+0000] {logging_mixin.py:190} INFO - [2026-09-17T19:21:09.937+0000] {dag.py:4180} INFO - Setting next_dagrun for example_subdag_operator to 2022-01-01 00:00:00+00:00, run_after=2022-01-01 00:00:00+00:00
[2026-09-17T19:21:09.943+0000] {logging_mixin.py:190} INFO - [2026-09-17T19:21:09.943+0000] {dag.py:4180} INFO - Setting next_dagrun for example_subdag_operator.section-1 to None, run_after=None
[2026-09-17T19:21:09.946+0000] {logging_mixin.py:190} INFO - [2026-09-17T19:21:09.946+0000] {dag.py:4180} INFO - Setting next_dagrun for example_subdag_operator.section-2 to None, run_after=None
[2026-09-17T19:21:09.958+0000] {logging_mixin.py:190} INFO - [2026-09-17T19:21:09.958+0000] {dag.py:3239} INFO - Sync 2 DAGs
[2026-09-17T19:21:09.968+0000] {logging_mixin.py:190} INFO - [2026-09-17T19:21:09.968+0000] {dag.py:4180} INFO - Setting next_dagrun for example_subdag_operator.section-1 to None, run_after=None
[2026-09-17T19:21:09.970+0000] {logging_mixin.py:190} INFO - [2026-09-17T19:21:09.970+0000] {dag.py:4180} INFO - Setting next_dagrun for example_subdag_operator.section-2 to None, run_after=None
[2026-09-17T19:21:09.989+0000] {processor.py:208} INFO - Processing /home/airflow/.local/lib/python3.12/site-packages/airflow/example_dags/example_subdag_operator.py took 0.161 seconds
[2026-09-17T19:21:40.179+0000] {processor.py:186} INFO - Started process (PID=3909) to work on /home/airflow/.local/lib/python3.12/site-packages/airflow/example_dags/example_subdag_operator.py
[2026-09-17T19:21:40.180+0000] {processor.py:914} INFO - Processing file /home/airflow/.local/lib/python3.12/site-packages/airflow/example_dags/example_subdag_operator.py for tasks to queue
[2026-09-17T19:21:40.182+0000] {logging_mixin.py:190} INFO - [2026-09-17T19:21:40.182+0000] {dagbag.py:588} INFO - Filling up the DagBag from /home/airflow/.local/lib/python3.12/site-packages/airflow/example_dags/example_subdag_operator.py
[2026-09-17T19:21:40.218+0000] {processor.py:925} INFO - DAG(s) 'example_subdag_operator.section-1', 'example_subdag_operator.section-2', 'example_subdag_operator' retrieved from /home/airflow/.local/lib/python3.12/site-packages/airflow/example_dags/example_subdag_operator.py
[2026-09-17T19:21:40.238+0000] {logging_mixin.py:190} INFO - [2026-09-17T19:21:40.238+0000] {dag.py:3239} INFO - Sync 3 DAGs
[2026-09-17T19:21:40.266+0000] {logging_mixin.py:190} INFO - [2026-09-17T19:21:40.266+0000] {dag.py:4180} INFO - Setting next_dagrun for example_subdag_operator to 2022-01-01 00:00:00+00:00, run_after=2022-01-01 00:00:00+00:00
[2026-09-17T19:21:40.272+0000] {logging_mixin.py:190} INFO - [2026-09-17T19:21:40.271+0000] {dag.py:4180} INFO - Setting next_dagrun for example_subdag_operator.section-1 to None, run_after=None
[2026-09-17T19:21:40.274+0000] {logging_mixin.py:190} INFO - [2026-09-17T19:21:40.274+0000] {dag.py:4180} INFO - Setting next_dagrun for example_subdag_operator.section-2 to None, run_after=None
[2026-09-17T19:21:40.283+0000] {logging_mixin.py:190} INFO - [2026-09-17T19:21:40.283+0000] {dag.py:3239} INFO - Sync 2 DAGs
[2026-09-17T19:21:40.292+0000] {logging_mixin.py:190} INFO - [2026-09-17T19:21:40.291+0000] {dag.py:4180} INFO - Setting next_dagrun for example_subdag_operator.section-1 to None, run_after=None
[2026-09-17T19:21:40.293+0000] {logging_mixin.py:190} INFO - [2026-09-17T19:21:40.293+0000] {dag.py:4180} INFO - Setting next_dagrun for example_subdag_operator.section-2 to None, run_after=None
[2026-09-17T19:21:40.308+0000] {processor.py:208} INFO - Processing /home/airflow/.local/lib/python3.12/site-packages/airflow/example_dags/example_subdag_operator.py took 0.136 seconds
[2026-09-17T19:22:10.372+0000] {processor.py:186} INFO - Started process (PID=3973) to work on /home/airflow/.local/lib/python3.12/site-packages/airflow/example_dags/example_subdag_operator.py
[2026-09-17T19:22:10.375+0000] {processor.py:914} INFO - Processing file /home/airflow/.local/lib/python3.12/site-packages/airflow/example_dags/example_subdag_operator.py for tasks to queue
[2026-09-17T19:22:10.377+0000] {logging_mixin.py:190} INFO - [2026-09-17T19:22:10.376+0000] {dagbag.py:588} INFO - Filling up the DagBag from /home/airflow/.local/lib/python3.12/site-packages/airflow/example_dags/example_subdag_operator.py
[2026-09-17T19:22:10.417+0000] {processor.py:925} INFO - DAG(s) 'example_subdag_operator.section-1', 'example_subdag_operator.section-2', 'example_subdag_operator' retrieved from /home/airflow/.local/lib/python3.12/site-packages/airflow/example_dags/example_subdag_operator.py
[2026-09-17T19:22:10.436+0000] {logging_mixin.py:190} INFO - [2026-09-17T19:22:10.435+0000] {dag.py:3239} INFO - Sync 3 DAGs
[2026-09-17T19:22:10.462+0000] {logging_mixin.py:190} INFO - [2026-09-17T19:22:10.462+0000] {dag.py:4180} INFO - Setting next_dagrun for example_subdag_operator to 2022-01-01 00:00:00+00:00, run_after=2022-01-01 00:00:00+00:00
[2026-09-17T19:22:10.468+0000] {logging_mixin.py:190} INFO - [2026-09-17T19:22:10.468+0000] {dag.py:4180} INFO - Setting next_dagrun for example_subdag_operator.section-1 to None, run_after=None
[2026-09-17T19:22:10.471+0000] {logging_mixin.py:190} INFO - [2026-09-17T19:22:10.471+0000] {dag.py:4180} INFO - Setting next_dagrun for example_subdag_operator.section-2 to None, run_after=None
[2026-09-17T19:22:10.480+0000] {logging_mixin.py:190} INFO - [2026-09-17T19:22:10.480+0000] {dag.py:3239} INFO - Sync 2 DAGs
[2026-09-17T19:22:10.487+0000] {logging_mixin.py:190} INFO - [2026-09-17T19:22:10.487+0000] {dag.py:4180} INFO - Setting next_dagrun for example_subdag_operator.section-1 to None, run_after=None
[2026-09-17T19:22:10.489+0000] {logging_mixin.py:190} INFO - [2026-09-17T19:22:10.489+0000] {dag.py:4180} INFO - Setting next_dagrun for example_subdag_operator.section-2 to None, run_after=None
[2026-09-17T19:22:10.503+0000] {processor.py:208} INFO - Processing /home/airflow/.local/lib/python3.12/site-packages/airflow/example_dags/example_subdag_operator.py took 0.138 seconds
[2026-09-17T19:22:41.010+0000] {processor.py:186} INFO - Started process (PID=4037) to work on /home/airflow/.local/lib/python3.12/site-packages/airflow/example_dags/example_subdag_operator.py
[2026-09-17T19:22:41.012+0000] {processor.py:914} INFO - Processing file /home/airflow/.local/lib/python3.12/site-packages/airflow/example_dags/example_subdag_operator.py for tasks to queue
[2026-09-17T19:22:41.014+0000] {logging_mixin.py:190} INFO - [2026-09-17T19:22:41.013+0000] {dagbag.py:588} INFO - Filling up the DagBag from /home/airflow/.local/lib/python3.12/site-packages/airflow/example_dags/example_subdag_operator.py
[2026-09-17T19:22:41.046+0000] {processor.py:925} INFO - DAG(s) 'example_subdag_operator.section-1', 'example_subdag_operator.section-2', 'example_subdag_operator' retrieved from /home/airflow/.local/lib/python3.12/site-packages/airflow/example_dags/example_subdag_operator.py
[2026-09-17T19:22:41.065+0000] {logging_mixin.py:190} INFO - [2026-09-17T19:22:41.065+0000] {dag.py:3239} INFO - Sync 3 DAGs
[2026-09-17T19:22:41.089+0000] {logging_mixin.py:190} INFO - [2026-09-17T19:22:41.089+0000] {dag.py:4180} INFO - Setting next_dagrun for example_subdag_operator to 2022-01-01 00:00:00+00:00, run_after=2022-01-01 00:00:00+00:00
[2026-09-17T19:22:41.094+0000] {logging_mixin.py:190} INFO - [2026-09-17T19:22:41.094+0000] {dag.py:4180} INFO - Setting next_dagrun for example_subdag_operator.section-1 to None, run_after=None
[2026-09-17T19:22:41.096+0000] {logging_mixin.py:190} INFO - [2026-09-17T19:22:41.096+0000] {dag.py:4180} INFO - Setting next_dagrun for example_subdag_operator.section-2 to None, run_after=None
[2026-09-17T19:22:41.105+0000] {logging_mixin.py:190} INFO - [2026-09-17T19:22:41.105+0000] {dag.py:3239} INFO - Sync 2 DAGs
[2026-09-17T19:22:41.113+0000] {logging_mixin.py:190} INFO - [2026-09-17T19:22:41.113+0000] {dag.py:4180} INFO - Setting next_dagrun for example_subdag_operator.section-1 to None, run_after=None
[2026-09-17T19:22:41.115+0000] {logging_mixin.py:190} INFO - [2026-09-17T19:22:41.114+0000] {dag.py:4180} INFO - Setting next_dagrun for example_subdag_operator.section-2 to None, run_after=None
[2026-09-17T19:22:41.127+0000] {processor.py:208} INFO - Processing /home/airflow/.local/lib/python3.12/site-packages/airflow/example_dags/example_subdag_operator.py took 0.124 seconds
[2026-09-17T19:23:11.246+0000] {processor.py:186} INFO - Started process (PID=4102) to work on /home/airflow/.local/lib/python3.12/site-packages/airflow/example_dags/example_subdag_operator.py
[2026-09-17T19:23:11.248+0000] {processor.py:914} INFO - Processing file /home/airflow/.local/lib/python3.12/site-packages/airflow/example_dags/example_subdag_operator.py for tasks to queue
[2026-09-17T19:23:11.250+0000] {logging_mixin.py:190} INFO - [2026-09-17T19:23:11.250+0000] {dagbag.py:588} INFO - Filling up the DagBag from /home/airflow/.local/lib/python3.12/site-packages/airflow/example_dags/example_subdag_operator.py
[2026-09-17T19:23:11.288+0000] {processor.py:925} INFO - DAG(s) 'example_subdag_operator.section-1', 'example_subdag_operator.section-2', 'example_subdag_operator' retrieved from /home/airflow/.local/lib/python3.12/site-packages/airflow/example_dags/example_subdag_operator.py
[2026-09-17T19:23:11.306+0000] {logging_mixin.py:190} INFO - [2026-09-17T19:23:11.305+0000] {dag.py:3239} INFO - Sync 3 DAGs
[2026-09-17T19:23:11.333+0000] {logging_mixin.py:190} INFO - [2026-09-17T19:23:11.332+0000] {dag.py:4180} INFO - Setting next_dagrun for example_subdag_operator to 2022-01-01 00:00:00+00:00, run_after=2022-01-01 00:00:00+00:00
[2026-09-17T19:23:11.338+0000] {logging_mixin.py:190} INFO - [2026-09-17T19:23:11.338+0000] {dag.py:4180} INFO - Setting next_dagrun for example_subdag_operator.section-1 to None, run_after=None
[2026-09-17T19:23:11.340+0000] {logging_mixin.py:190} INFO - [2026-09-17T19:23:11.340+0000] {dag.py:4180} INFO - Setting next_dagrun for example_subdag_operator.section-2 to None, run_after=None
[2026-09-17T19:23:11.350+0000] {logging_mixin.py:190} INFO - [2026-09-17T19:23:11.350+0000] {dag.py:3239} INFO - Sync 2 DAGs
[2026-09-17T19:23:11.359+0000] {logging_mixin.py:190} INFO - [2026-09-17T19:23:11.358+0000] {dag.py:4180} INFO - Setting next_dagrun for example_subdag_operator.section-1 to None, run_after=None
[2026-09-17T19:23:11.360+0000] {logging_mixin.py:190} INFO - [2026-09-17T19:23:11.360+0000] {dag.py:4180} INFO - Setting next_dagrun for example_subdag_operator.section-2 to None, run_after=None
[2026-09-17T19:23:11.375+0000] {processor.py:208} INFO - Processing /home/airflow/.local/lib/python3.12/site-packages/airflow/example_dags/example_subdag_operator.py took 0.136 seconds
[2026-09-17T19:23:41.637+0000] {processor.py:186} INFO - Started process (PID=4167) to work on /home/airflow/.local/lib/python3.12/site-packages/airflow/example_dags/example_subdag_operator.py
[2026-09-17T19:23:41.639+0000] {processor.py:914} INFO - Processing file /home/airflow/.local/lib/python3.12/site-packages/airflow/example_dags/example_subdag_operator.py for tasks to queue
[2026-09-17T19:23:41.642+0000] {logging_mixin.py:190} INFO - [2026-09-17T19:23:41.641+0000] {dagbag.py:588} INFO - Filling up the DagBag from /home/airflow/.local/lib/python3.12/site-packages/airflow/example_dags/example_subdag_operator.py
[2026-09-17T19:23:41.674+0000] {processor.py:925} INFO - DAG(s) 'example_subdag_operator.section-1', 'example_subdag_operator.section-2', 'example_subdag_operator' retrieved from /home/airflow/.local/lib/python3.12/site-packages/airflow/example_dags/example_subdag_operator.py
[2026-09-17T19:23:41.690+0000] {logging_mixin.py:190} INFO - [2026-09-17T19:23:41.689+0000] {dag.py:3239} INFO - Sync 3 DAGs
[2026-09-17T19:23:41.713+0000] {logging_mixin.py:190} INFO - [2026-09-17T19:23:41.713+0000] {dag.py:4180} INFO - Setting next_dagrun for example_subdag_operator to 2022-01-01 00:00:00+00:00, run_after=2022-01-01 00:00:00+00:00
[2026-09-17T19:23:41.719+0000] {logging_mixin.py:190} INFO - [2026-09-17T19:23:41.718+0000] {dag.py:4180} INFO - Setting next_dagrun for example_subdag_operator.section-1 to None, run_after=None
[2026-09-17T19:23:41.721+0000] {logging_mixin.py:190} INFO - [2026-09-17T19:23:41.721+0000] {dag.py:4180} INFO - Setting next_dagrun for example_subdag_operator.section-2 to None, run_after=None
[2026-09-17T19:23:41.729+0000] {logging_mixin.py:190} INFO - [2026-09-17T19:23:41.729+0000] {dag.py:3239} INFO - Sync 2 DAGs
[2026-09-17T19:23:41.737+0000] {logging_mixin.py:190} INFO - [2026-09-17T19:23:41.737+0000] {dag.py:4180} INFO - Setting next_dagrun for example_subdag_operator.section-1 to None, run_after=None
[2026-09-17T19:23:41.739+0000] {logging_mixin.py:190} INFO - [2026-09-17T19:23:41.739+0000] {dag.py:4180} INFO - Setting next_dagrun for example_subdag_operator.section-2 to None, run_after=None
[2026-09-17T19:23:41.752+0000] {processor.py:208} INFO - Processing /home/airflow/.local/lib/python3.12/site-packages/airflow/example_dags/example_subdag_operator.py took 0.121 seconds
[2026-09-17T19:24:11.990+0000] {processor.py:186} INFO - Started process (PID=4232) to work on /home/airflow/.local/lib/python3.12/site-packages/airflow/example_dags/example_subdag_operator.py
[2026-09-17T19:24:11.992+0000] {processor.py:914} INFO - Processing file /home/airflow/.local/lib/python3.12/site-packages/airflow/example_dags/example_subdag_operator.py for tasks to queue
[2026-09-17T19:24:11.995+0000] {logging_mixin.py:190} INFO - [2026-09-17T19:24:11.994+0000] {dagbag.py:588} INFO - Filling up the DagBag from /home/airflow/.local/lib/python3.12/site-packages/airflow/example_dags/example_subdag_operator.py
[2026-09-17T19:24:12.029+0000] {processor.py:925} INFO - DAG(s) 'example_subdag_operator.section-1', 'example_subdag_operator.section-2', 'example_subdag_operator' retrieved from /home/airflow/.local/lib/python3.12/site-packages/airflow/example_dags/example_subdag_operator.py
[2026-09-17T19:24:12.046+0000] {logging_mixin.py:190} INFO - [2026-09-17T19:24:12.046+0000] {dag.py:3239} INFO - Sync 3 DAGs
[2026-09-17T19:24:12.072+0000] {logging_mixin.py:190} INFO - [2026-09-17T19:24:12.071+0000] {dag.py:4180} INFO - Setting next_dagrun for example_subdag_operator to 2022-01-01 00:00:00+00:00, run_after=2022-01-01 00:00:00+00:00
[2026-09-17T19:24:12.078+0000] {logging_mixin.py:190} INFO - [2026-09-17T19:24:12.078+0000] {dag.py:4180} INFO - Setting next_dagrun for example_subdag_operator.section-1 to None, run_after=None
[2026-09-17T19:24:12.082+0000] {logging_mixin.py:190} INFO - [2026-09-17T19:24:12.081+0000] {dag.py:4180} INFO - Setting next_dagrun for example_subdag_operator.section-2 to None, run_after=None
[2026-09-17T19:24:12.093+0000] {logging_mixin.py:190} INFO - [2026-09-17T19:24:12.092+0000] {dag.py:3239} INFO - Sync 2 DAGs
[2026-09-17T19:24:12.101+0000] {logging_mixin.py:190} INFO - [2026-09-17T19:24:12.100+0000] {dag.py:4180} INFO - Setting next_dagrun for example_subdag_operator.section-1 to None, run_after=None
[2026-09-17T19:24:12.102+0000] {logging_mixin.py:190} INFO - [2026-09-17T19:24:12.102+0000] {dag.py:4180} INFO - Setting next_dagrun for example_subdag_operator.section-2 to None, run_after=None
[2026-09-17T19:24:12.117+0000] {processor.py:208} INFO - Processing /home/airflow/.local/lib/python3.12/site-packages/airflow/example_dags/example_subdag_operator.py took 0.133 seconds
[2026-09-17T19:24:42.370+0000] {processor.py:186} INFO - Started process (PID=4297) to work on /home/airflow/.local/lib/python3.12/site-packages/airflow/example_dags/example_subdag_operator.py
[2026-09-17T19:24:42.372+0000] {processor.py:914} INFO - Processing file /home/airflow/.local/lib/python3.12/site-packages/airflow/example_dags/example_subdag_operator.py for tasks to queue
[2026-09-17T19:24:42.374+0000] {logging_mixin.py:190} INFO - [2026-09-17T19:24:42.373+0000] {dagbag.py:588} INFO - Filling up the DagBag from /home/airflow/.local/lib/python3.12/site-packages/airflow/example_dags/example_subdag_operator.py
[2026-09-17T19:24:42.407+0000] {processor.py:925} INFO - DAG(s) 'example_subdag_operator.section-1', 'example_subdag_operator.section-2', 'example_subdag_operator' retrieved from /home/airflow/.local/lib/python3.12/site-packages/airflow/example_dags/example_subdag_operator.py
[2026-09-17T19:24:42.423+0000] {logging_mixin.py:190} INFO - [2026-09-17T19:24:42.423+0000] {dag.py:3239} INFO - Sync 3 DAGs
[2026-09-17T19:24:42.448+0000] {logging_mixin.py:190} INFO - [2026-09-17T19:24:42.448+0000] {dag.py:4180} INFO - Setting next_dagrun for example_subdag_operator to 2022-01-01 00:00:00+00:00, run_after=2022-01-01 00:00:00+00:00
[2026-09-17T19:24:42.453+0000] {logging_mixin.py:190} INFO - [2026-09-17T19:24:42.453+0000] {dag.py:4180} INFO - Setting next_dagrun for example_subdag_operator.section-1 to None, run_after=None
[2026-09-17T19:24:42.456+0000] {logging_mixin.py:190} INFO - [2026-09-17T19:24:42.456+0000] {dag.py:4180} INFO - Setting next_dagrun for example_subdag_operator.section-2 to None, run_after=None
[2026-09-17T19:24:42.465+0000] {logging_mixin.py:190} INFO - [2026-09-17T19:24:42.465+0000] {dag.py:3239} INFO - Sync 2 DAGs
[2026-09-17T19:24:42.474+0000] {logging_mixin.py:190} INFO - [2026-09-17T19:24:42.473+0000] {dag.py:4180} INFO - Setting next_dagrun for example_subdag_operator.section-1 to None, run_after=None
[2026-09-17T19:24:42.475+0000] {logging_mixin.py:190} INFO - [2026-09-17T19:24:42.475+0000] {dag.py:4180} INFO - Setting next_dagrun for example_subdag_operator.section-2 to None, run_after=None
[2026-09-17T19:24:42.489+0000] {processor.py:208} INFO - Processing /home/airflow/.local/lib/python3.12/site-packages/airflow/example_dags/example_subdag_operator.py took 0.126 seconds
[2026-09-17T19:25:13.204+0000] {processor.py:186} INFO - Started process (PID=4361) to work on /home/airflow/.local/lib/python3.12/site-packages/airflow/example_dags/example_subdag_operator.py
[2026-09-17T19:25:13.206+0000] {processor.py:914} INFO - Processing file /home/airflow/.local/lib/python3.12/site-packages/airflow/example_dags/example_subdag_operator.py for tasks to queue
[2026-09-17T19:25:13.209+0000] {logging_mixin.py:190} INFO - [2026-09-17T19:25:13.209+0000] {dagbag.py:588} INFO - Filling up the DagBag from /home/airflow/.local/lib/python3.12/site-packages/airflow/example_dags/example_subdag_operator.py
[2026-09-17T19:25:13.244+0000] {processor.py:925} INFO - DAG(s) 'example_subdag_operator.section-1', 'example_subdag_operator.section-2', 'example_subdag_operator' retrieved from /home/airflow/.local/lib/python3.12/site-packages/airflow/example_dags/example_subdag_operator.py
[2026-09-17T19:25:13.260+0000] {logging_mixin.py:190} INFO - [2026-09-17T19:25:13.260+0000] {dag.py:3239} INFO - Sync 3 DAGs
[2026-09-17T19:25:13.286+0000] {logging_mixin.py:190} INFO - [2026-09-17T19:25:13.286+0000] {dag.py:4180} INFO - Setting next_dagrun for example_subdag_operator to 2022-01-01 00:00:00+00:00, run_after=2022-01-01 00:00:00+00:00
[2026-09-17T19:25:13.292+0000] {logging_mixin.py:190} INFO - [2026-09-17T19:25:13.291+0000] {dag.py:4180} INFO - Setting next_dagrun for example_subdag_operator.section-1 to None, run_after=None
[2026-09-17T19:25:13.294+0000] {logging_mixin.py:190} INFO - [2026-09-17T19:25:13.294+0000] {dag.py:4180} INFO - Setting next_dagrun for example_subdag_operator.section-2 to None, run_after=None
[2026-09-17T19:25:13.304+0000] {logging_mixin.py:190} INFO - [2026-09-17T19:25:13.304+0000] {dag.py:3239} INFO - Sync 2 DAGs
[2026-09-17T19:25:13.313+0000] {logging_mixin.py:190} INFO - [2026-09-17T19:25:13.313+0000] {dag.py:4180} INFO - Setting next_dagrun for example_subdag_operator.section-1 to None, run_after=None
[2026-09-17T19:25:13.314+0000] {logging_mixin.py:190} INFO - [2026-09-17T19:25:13.314+0000] {dag.py:4180} INFO - Setting next_dagrun for example_subdag_operator.section-2 to None, run_after=None
[2026-09-17T19:25:13.330+0000] {processor.py:208} INFO - Processing /home/airflow/.local/lib/python3.12/site-packages/airflow/example_dags/example_subdag_operator.py took 0.132 seconds
[2026-09-17T19:25:43.993+0000] {processor.py:186} INFO - Started process (PID=4419) to work on /home/airflow/.local/lib/python3.12/site-packages/airflow/example_dags/example_subdag_operator.py
[2026-09-17T19:25:43.996+0000] {processor.py:914} INFO - Processing file /home/airflow/.local/lib/python3.12/site-packages/airflow/example_dags/example_subdag_operator.py for tasks to queue
[2026-09-17T19:25:43.998+0000] {logging_mixin.py:190} INFO - [2026-09-17T19:25:43.997+0000] {dagbag.py:588} INFO - Filling up the DagBag from /home/airflow/.local/lib/python3.12/site-packages/airflow/example_dags/example_subdag_operator.py
[2026-09-17T19:25:44.039+0000] {processor.py:925} INFO - DAG(s) 'example_subdag_operator.section-1', 'example_subdag_operator.section-2', 'example_subdag_operator' retrieved from /home/airflow/.local/lib/python3.12/site-packages/airflow/example_dags/example_subdag_operator.py
[2026-09-17T19:25:44.061+0000] {logging_mixin.py:190} INFO - [2026-09-17T19:25:44.061+0000] {dag.py:3239} INFO - Sync 3 DAGs
[2026-09-17T19:25:44.092+0000] {logging_mixin.py:190} INFO - [2026-09-17T19:25:44.091+0000] {dag.py:4180} INFO - Setting next_dagrun for example_subdag_operator to 2022-01-01 00:00:00+00:00, run_after=2022-01-01 00:00:00+00:00
[2026-09-17T19:25:44.098+0000] {logging_mixin.py:190} INFO - [2026-09-17T19:25:44.097+0000] {dag.py:4180} INFO - Setting next_dagrun for example_subdag_operator.section-1 to None, run_after=None
[2026-09-17T19:25:44.101+0000] {logging_mixin.py:190} INFO - [2026-09-17T19:25:44.101+0000] {dag.py:4180} INFO - Setting next_dagrun for example_subdag_operator.section-2 to None, run_after=None
[2026-09-17T19:25:44.115+0000] {logging_mixin.py:190} INFO - [2026-09-17T19:25:44.115+0000] {dag.py:3239} INFO - Sync 2 DAGs
[2026-09-17T19:25:44.124+0000] {logging_mixin.py:190} INFO - [2026-09-17T19:25:44.124+0000] {dag.py:4180} INFO - Setting next_dagrun for example_subdag_operator.section-1 to None, run_after=None
[2026-09-17T19:25:44.126+0000] {logging_mixin.py:190} INFO - [2026-09-17T19:25:44.126+0000] {dag.py:4180} INFO - Setting next_dagrun for example_subdag_operator.section-2 to None, run_after=None
[2026-09-17T19:25:44.147+0000] {processor.py:208} INFO - Processing /home/airflow/.local/lib/python3.12/site-packages/airflow/example_dags/example_subdag_operator.py took 0.160 seconds
[2026-09-17T19:26:14.615+0000] {processor.py:186} INFO - Started process (PID=4484) to work on /home/airflow/.local/lib/python3.12/site-packages/airflow/example_dags/example_subdag_operator.py
[2026-09-17T19:26:14.618+0000] {processor.py:914} INFO - Processing file /home/airflow/.local/lib/python3.12/site-packages/airflow/example_dags/example_subdag_operator.py for tasks to queue
[2026-09-17T19:26:14.622+0000] {logging_mixin.py:190} INFO - [2026-09-17T19:26:14.622+0000] {dagbag.py:588} INFO - Filling up the DagBag from /home/airflow/.local/lib/python3.12/site-packages/airflow/example_dags/example_subdag_operator.py
[2026-09-17T19:26:14.747+0000] {processor.py:925} INFO - DAG(s) 'example_subdag_operator.section-1', 'example_subdag_operator.section-2', 'example_subdag_operator' retrieved from /home/airflow/.local/lib/python3.12/site-packages/airflow/example_dags/example_subdag_operator.py
[2026-09-17T19:26:14.796+0000] {logging_mixin.py:190} INFO - [2026-09-17T19:26:14.795+0000] {dag.py:3239} INFO - Sync 3 DAGs
[2026-09-17T19:26:14.874+0000] {logging_mixin.py:190} INFO - [2026-09-17T19:26:14.872+0000] {dag.py:4180} INFO - Setting next_dagrun for example_subdag_operator to 2022-01-01 00:00:00+00:00, run_after=2022-01-01 00:00:00+00:00
[2026-09-17T19:26:14.889+0000] {logging_mixin.py:190} INFO - [2026-09-17T19:26:14.889+0000] {dag.py:4180} INFO - Setting next_dagrun for example_subdag_operator.section-1 to None, run_after=None
[2026-09-17T19:26:14.896+0000] {logging_mixin.py:190} INFO - [2026-09-17T19:26:14.895+0000] {dag.py:4180} INFO - Setting next_dagrun for example_subdag_operator.section-2 to None, run_after=None
[2026-09-17T19:26:14.920+0000] {logging_mixin.py:190} INFO - [2026-09-17T19:26:14.919+0000] {dag.py:3239} INFO - Sync 2 DAGs
[2026-09-17T19:26:14.940+0000] {logging_mixin.py:190} INFO - [2026-09-17T19:26:14.939+0000] {dag.py:4180} INFO - Setting next_dagrun for example_subdag_operator.section-1 to None, run_after=None
[2026-09-17T19:26:14.944+0000] {logging_mixin.py:190} INFO - [2026-09-17T19:26:14.943+0000] {dag.py:4180} INFO - Setting next_dagrun for example_subdag_operator.section-2 to None, run_after=None
[2026-09-17T19:26:14.983+0000] {processor.py:208} INFO - Processing /home/airflow/.local/lib/python3.12/site-packages/airflow/example_dags/example_subdag_operator.py took 0.377 seconds
[2026-09-17T19:26:45.420+0000] {processor.py:186} INFO - Started process (PID=4549) to work on /home/airflow/.local/lib/python3.12/site-packages/airflow/example_dags/example_subdag_operator.py
[2026-09-17T19:26:45.422+0000] {processor.py:914} INFO - Processing file /home/airflow/.local/lib/python3.12/site-packages/airflow/example_dags/example_subdag_operator.py for tasks to queue
[2026-09-17T19:26:45.424+0000] {logging_mixin.py:190} INFO - [2026-09-17T19:26:45.424+0000] {dagbag.py:588} INFO - Filling up the DagBag from /home/airflow/.local/lib/python3.12/site-packages/airflow/example_dags/example_subdag_operator.py
[2026-09-17T19:26:45.458+0000] {processor.py:925} INFO - DAG(s) 'example_subdag_operator.section-1', 'example_subdag_operator.section-2', 'example_subdag_operator' retrieved from /home/airflow/.local/lib/python3.12/site-packages/airflow/example_dags/example_subdag_operator.py
[2026-09-17T19:26:45.475+0000] {logging_mixin.py:190} INFO - [2026-09-17T19:26:45.474+0000] {dag.py:3239} INFO - Sync 3 DAGs
[2026-09-17T19:26:45.498+0000] {logging_mixin.py:190} INFO - [2026-09-17T19:26:45.497+0000] {dag.py:4180} INFO - Setting next_dagrun for example_subdag_operator to 2022-01-01 00:00:00+00:00, run_after=2022-01-01 00:00:00+00:00
[2026-09-17T19:26:45.503+0000] {logging_mixin.py:190} INFO - [2026-09-17T19:26:45.503+0000] {dag.py:4180} INFO - Setting next_dagrun for example_subdag_operator.section-1 to None, run_after=None
[2026-09-17T19:26:45.507+0000] {logging_mixin.py:190} INFO - [2026-09-17T19:26:45.506+0000] {dag.py:4180} INFO - Setting next_dagrun for example_subdag_operator.section-2 to None, run_after=None
[2026-09-17T19:26:45.516+0000] {logging_mixin.py:190} INFO - [2026-09-17T19:26:45.515+0000] {dag.py:3239} INFO - Sync 2 DAGs
[2026-09-17T19:26:45.523+0000] {logging_mixin.py:190} INFO - [2026-09-17T19:26:45.523+0000] {dag.py:4180} INFO - Setting next_dagrun for example_subdag_operator.section-1 to None, run_after=None
[2026-09-17T19:26:45.525+0000] {logging_mixin.py:190} INFO - [2026-09-17T19:26:45.525+0000] {dag.py:4180} INFO - Setting next_dagrun for example_subdag_operator.section-2 to None, run_after=None
[2026-09-17T19:26:45.544+0000] {processor.py:208} INFO - Processing /home/airflow/.local/lib/python3.12/site-packages/airflow/example_dags/example_subdag_operator.py took 0.131 seconds
[2026-09-17T19:27:15.626+0000] {processor.py:186} INFO - Started process (PID=4614) to work on /home/airflow/.local/lib/python3.12/site-packages/airflow/example_dags/example_subdag_operator.py
[2026-09-17T19:27:15.628+0000] {processor.py:914} INFO - Processing file /home/airflow/.local/lib/python3.12/site-packages/airflow/example_dags/example_subdag_operator.py for tasks to queue
[2026-09-17T19:27:15.630+0000] {logging_mixin.py:190} INFO - [2026-09-17T19:27:15.629+0000] {dagbag.py:588} INFO - Filling up the DagBag from /home/airflow/.local/lib/python3.12/site-packages/airflow/example_dags/example_subdag_operator.py
[2026-09-17T19:27:15.668+0000] {processor.py:925} INFO - DAG(s) 'example_subdag_operator.section-1', 'example_subdag_operator.section-2', 'example_subdag_operator' retrieved from /home/airflow/.local/lib/python3.12/site-packages/airflow/example_dags/example_subdag_operator.py
[2026-09-17T19:27:15.686+0000] {logging_mixin.py:190} INFO - [2026-09-17T19:27:15.686+0000] {dag.py:3239} INFO - Sync 3 DAGs
[2026-09-17T19:27:15.904+0000] {logging_mixin.py:190} INFO - [2026-09-17T19:27:15.903+0000] {dag.py:4180} INFO - Setting next_dagrun for example_subdag_operator to 2022-01-01 00:00:00+00:00, run_after=2022-01-01 00:00:00+00:00
[2026-09-17T19:27:15.908+0000] {logging_mixin.py:190} INFO - [2026-09-17T19:27:15.908+0000] {dag.py:4180} INFO - Setting next_dagrun for example_subdag_operator.section-1 to None, run_after=None
[2026-09-17T19:27:15.911+0000] {logging_mixin.py:190} INFO - [2026-09-17T19:27:15.911+0000] {dag.py:4180} INFO - Setting next_dagrun for example_subdag_operator.section-2 to None, run_after=None
[2026-09-17T19:27:15.918+0000] {logging_mixin.py:190} INFO - [2026-09-17T19:27:15.918+0000] {dag.py:3239} INFO - Sync 2 DAGs
[2026-09-17T19:27:15.926+0000] {logging_mixin.py:190} INFO - [2026-09-17T19:27:15.926+0000] {dag.py:4180} INFO - Setting next_dagrun for example_subdag_operator.section-1 to None, run_after=None
[2026-09-17T19:27:15.927+0000] {logging_mixin.py:190} INFO - [2026-09-17T19:27:15.927+0000] {dag.py:4180} INFO - Setting next_dagrun for example_subdag_operator.section-2 to None, run_after=None
[2026-09-17T19:27:15.943+0000] {processor.py:208} INFO - Processing /home/airflow/.local/lib/python3.12/site-packages/airflow/example_dags/example_subdag_operator.py took 0.323 seconds
[2026-09-17T19:27:46.182+0000] {processor.py:186} INFO - Started process (PID=4679) to work on /home/airflow/.local/lib/python3.12/site-packages/airflow/example_dags/example_subdag_operator.py
[2026-09-17T19:27:46.184+0000] {processor.py:914} INFO - Processing file /home/airflow/.local/lib/python3.12/site-packages/airflow/example_dags/example_subdag_operator.py for tasks to queue
[2026-09-17T19:27:46.187+0000] {logging_mixin.py:190} INFO - [2026-09-17T19:27:46.186+0000] {dagbag.py:588} INFO - Filling up the DagBag from /home/airflow/.local/lib/python3.12/site-packages/airflow/example_dags/example_subdag_operator.py
[2026-09-17T19:27:46.230+0000] {processor.py:925} INFO - DAG(s) 'example_subdag_operator.section-1', 'example_subdag_operator.section-2', 'example_subdag_operator' retrieved from /home/airflow/.local/lib/python3.12/site-packages/airflow/example_dags/example_subdag_operator.py
[2026-09-17T19:27:46.252+0000] {logging_mixin.py:190} INFO - [2026-09-17T19:27:46.251+0000] {dag.py:3239} INFO - Sync 3 DAGs
[2026-09-17T19:27:46.465+0000] {logging_mixin.py:190} INFO - [2026-09-17T19:27:46.464+0000] {dag.py:4180} INFO - Setting next_dagrun for example_subdag_operator to 2022-01-01 00:00:00+00:00, run_after=2022-01-01 00:00:00+00:00
[2026-09-17T19:27:46.469+0000] {logging_mixin.py:190} INFO - [2026-09-17T19:27:46.469+0000] {dag.py:4180} INFO - Setting next_dagrun for example_subdag_operator.section-1 to None, run_after=None
[2026-09-17T19:27:46.472+0000] {logging_mixin.py:190} INFO - [2026-09-17T19:27:46.472+0000] {dag.py:4180} INFO - Setting next_dagrun for example_subdag_operator.section-2 to None, run_after=None
[2026-09-17T19:27:46.481+0000] {logging_mixin.py:190} INFO - [2026-09-17T19:27:46.481+0000] {dag.py:3239} INFO - Sync 2 DAGs
[2026-09-17T19:27:46.489+0000] {logging_mixin.py:190} INFO - [2026-09-17T19:27:46.489+0000] {dag.py:4180} INFO - Setting next_dagrun for example_subdag_operator.section-1 to None, run_after=None
[2026-09-17T19:27:46.491+0000] {logging_mixin.py:190} INFO - [2026-09-17T19:27:46.491+0000] {dag.py:4180} INFO - Setting next_dagrun for example_subdag_operator.section-2 to None, run_after=None
[2026-09-17T19:27:46.509+0000] {processor.py:208} INFO - Processing /home/airflow/.local/lib/python3.12/site-packages/airflow/example_dags/example_subdag_operator.py took 0.335 seconds
[2026-09-17T19:28:16.729+0000] {processor.py:186} INFO - Started process (PID=4744) to work on /home/airflow/.local/lib/python3.12/site-packages/airflow/example_dags/example_subdag_operator.py
[2026-09-17T19:28:16.731+0000] {processor.py:914} INFO - Processing file /home/airflow/.local/lib/python3.12/site-packages/airflow/example_dags/example_subdag_operator.py for tasks to queue
[2026-09-17T19:28:16.734+0000] {logging_mixin.py:190} INFO - [2026-09-17T19:28:16.733+0000] {dagbag.py:588} INFO - Filling up the DagBag from /home/airflow/.local/lib/python3.12/site-packages/airflow/example_dags/example_subdag_operator.py
[2026-09-17T19:28:16.775+0000] {processor.py:925} INFO - DAG(s) 'example_subdag_operator.section-1', 'example_subdag_operator.section-2', 'example_subdag_operator' retrieved from /home/airflow/.local/lib/python3.12/site-packages/airflow/example_dags/example_subdag_operator.py
[2026-09-17T19:28:16.791+0000] {logging_mixin.py:190} INFO - [2026-09-17T19:28:16.791+0000] {dag.py:3239} INFO - Sync 3 DAGs
[2026-09-17T19:28:16.817+0000] {logging_mixin.py:190} INFO - [2026-09-17T19:28:16.817+0000] {dag.py:4180} INFO - Setting next_dagrun for example_subdag_operator to 2022-01-01 00:00:00+00:00, run_after=2022-01-01 00:00:00+00:00
[2026-09-17T19:28:16.821+0000] {logging_mixin.py:190} INFO - [2026-09-17T19:28:16.821+0000] {dag.py:4180} INFO - Setting next_dagrun for example_subdag_operator.section-1 to None, run_after=None
[2026-09-17T19:28:16.824+0000] {logging_mixin.py:190} INFO - [2026-09-17T19:28:16.824+0000] {dag.py:4180} INFO - Setting next_dagrun for example_subdag_operator.section-2 to None, run_after=None
[2026-09-17T19:28:16.832+0000] {logging_mixin.py:190} INFO - [2026-09-17T19:28:16.832+0000] {dag.py:3239} INFO - Sync 2 DAGs
[2026-09-17T19:28:16.840+0000] {logging_mixin.py:190} INFO - [2026-09-17T19:28:16.840+0000] {dag.py:4180} INFO - Setting next_dagrun for example_subdag_operator.section-1 to None, run_after=None
[2026-09-17T19:28:16.842+0000] {logging_mixin.py:190} INFO - [2026-09-17T19:28:16.842+0000] {dag.py:4180} INFO - Setting next_dagrun for example_subdag_operator.section-2 to None, run_after=None
[2026-09-17T19:28:16.856+0000] {processor.py:208} INFO - Processing /home/airflow/.local/lib/python3.12/site-packages/airflow/example_dags/example_subdag_operator.py took 0.137 seconds
[2026-09-17T19:48:20.669+0000] {processor.py:186} INFO - Started process (PID=78) to work on /home/airflow/.local/lib/python3.12/site-packages/airflow/example_dags/example_subdag_operator.py
[2026-09-17T19:48:20.671+0000] {processor.py:914} INFO - Processing file /home/airflow/.local/lib/python3.12/site-packages/airflow/example_dags/example_subdag_operator.py for tasks to queue
[2026-09-17T19:48:20.673+0000] {logging_mixin.py:190} INFO - [2026-09-17T19:48:20.673+0000] {dagbag.py:588} INFO - Filling up the DagBag from /home/airflow/.local/lib/python3.12/site-packages/airflow/example_dags/example_subdag_operator.py
[2026-09-17T19:48:20.727+0000] {processor.py:925} INFO - DAG(s) 'example_subdag_operator.section-1', 'example_subdag_operator.section-2', 'example_subdag_operator' retrieved from /home/airflow/.local/lib/python3.12/site-packages/airflow/example_dags/example_subdag_operator.py
[2026-09-17T19:48:20.770+0000] {logging_mixin.py:190} INFO - [2026-09-17T19:48:20.769+0000] {dag.py:3239} INFO - Sync 3 DAGs
[2026-09-17T19:48:20.803+0000] {logging_mixin.py:190} INFO - [2026-09-17T19:48:20.803+0000] {dag.py:4180} INFO - Setting next_dagrun for example_subdag_operator to 2022-01-01 00:00:00+00:00, run_after=2022-01-01 00:00:00+00:00
[2026-09-17T19:48:20.808+0000] {logging_mixin.py:190} INFO - [2026-09-17T19:48:20.808+0000] {dag.py:4180} INFO - Setting next_dagrun for example_subdag_operator.section-1 to None, run_after=None
[2026-09-17T19:48:20.811+0000] {logging_mixin.py:190} INFO - [2026-09-17T19:48:20.811+0000] {dag.py:4180} INFO - Setting next_dagrun for example_subdag_operator.section-2 to None, run_after=None
[2026-09-17T19:48:20.821+0000] {logging_mixin.py:190} INFO - [2026-09-17T19:48:20.820+0000] {dag.py:3239} INFO - Sync 2 DAGs
[2026-09-17T19:48:20.828+0000] {logging_mixin.py:190} INFO - [2026-09-17T19:48:20.827+0000] {dag.py:4180} INFO - Setting next_dagrun for example_subdag_operator.section-1 to None, run_after=None
[2026-09-17T19:48:20.829+0000] {logging_mixin.py:190} INFO - [2026-09-17T19:48:20.829+0000] {dag.py:4180} INFO - Setting next_dagrun for example_subdag_operator.section-2 to None, run_after=None
[2026-09-17T19:48:20.845+0000] {processor.py:208} INFO - Processing /home/airflow/.local/lib/python3.12/site-packages/airflow/example_dags/example_subdag_operator.py took 0.184 seconds
[2026-09-17T19:48:51.354+0000] {processor.py:186} INFO - Started process (PID=143) to work on /home/airflow/.local/lib/python3.12/site-packages/airflow/example_dags/example_subdag_operator.py
[2026-09-17T19:48:51.357+0000] {processor.py:914} INFO - Processing file /home/airflow/.local/lib/python3.12/site-packages/airflow/example_dags/example_subdag_operator.py for tasks to queue
[2026-09-17T19:48:51.361+0000] {logging_mixin.py:190} INFO - [2026-09-17T19:48:51.360+0000] {dagbag.py:588} INFO - Filling up the DagBag from /home/airflow/.local/lib/python3.12/site-packages/airflow/example_dags/example_subdag_operator.py
[2026-09-17T19:48:51.416+0000] {processor.py:925} INFO - DAG(s) 'example_subdag_operator.section-1', 'example_subdag_operator.section-2', 'example_subdag_operator' retrieved from /home/airflow/.local/lib/python3.12/site-packages/airflow/example_dags/example_subdag_operator.py
[2026-09-17T19:48:51.438+0000] {logging_mixin.py:190} INFO - [2026-09-17T19:48:51.437+0000] {dag.py:3239} INFO - Sync 3 DAGs
[2026-09-17T19:48:51.470+0000] {logging_mixin.py:190} INFO - [2026-09-17T19:48:51.469+0000] {dag.py:4180} INFO - Setting next_dagrun for example_subdag_operator to 2022-01-01 00:00:00+00:00, run_after=2022-01-01 00:00:00+00:00
[2026-09-17T19:48:51.474+0000] {logging_mixin.py:190} INFO - [2026-09-17T19:48:51.474+0000] {dag.py:4180} INFO - Setting next_dagrun for example_subdag_operator.section-1 to None, run_after=None
[2026-09-17T19:48:51.477+0000] {logging_mixin.py:190} INFO - [2026-09-17T19:48:51.477+0000] {dag.py:4180} INFO - Setting next_dagrun for example_subdag_operator.section-2 to None, run_after=None
[2026-09-17T19:48:51.487+0000] {logging_mixin.py:190} INFO - [2026-09-17T19:48:51.486+0000] {dag.py:3239} INFO - Sync 2 DAGs
[2026-09-17T19:48:51.493+0000] {logging_mixin.py:190} INFO - [2026-09-17T19:48:51.493+0000] {dag.py:4180} INFO - Setting next_dagrun for example_subdag_operator.section-1 to None, run_after=None
[2026-09-17T19:48:51.495+0000] {logging_mixin.py:190} INFO - [2026-09-17T19:48:51.494+0000] {dag.py:4180} INFO - Setting next_dagrun for example_subdag_operator.section-2 to None, run_after=None
[2026-09-17T19:48:51.508+0000] {processor.py:208} INFO - Processing /home/airflow/.local/lib/python3.12/site-packages/airflow/example_dags/example_subdag_operator.py took 0.162 seconds
[2026-09-17T19:49:23.187+0000] {processor.py:186} INFO - Started process (PID=207) to work on /home/airflow/.local/lib/python3.12/site-packages/airflow/example_dags/example_subdag_operator.py
[2026-09-17T19:49:23.189+0000] {processor.py:914} INFO - Processing file /home/airflow/.local/lib/python3.12/site-packages/airflow/example_dags/example_subdag_operator.py for tasks to queue
[2026-09-17T19:49:23.193+0000] {logging_mixin.py:190} INFO - [2026-09-17T19:49:23.192+0000] {dagbag.py:588} INFO - Filling up the DagBag from /home/airflow/.local/lib/python3.12/site-packages/airflow/example_dags/example_subdag_operator.py
[2026-09-17T19:49:23.234+0000] {processor.py:925} INFO - DAG(s) 'example_subdag_operator.section-1', 'example_subdag_operator.section-2', 'example_subdag_operator' retrieved from /home/airflow/.local/lib/python3.12/site-packages/airflow/example_dags/example_subdag_operator.py
[2026-09-17T19:49:23.259+0000] {logging_mixin.py:190} INFO - [2026-09-17T19:49:23.259+0000] {dag.py:3239} INFO - Sync 3 DAGs
[2026-09-17T19:49:23.292+0000] {logging_mixin.py:190} INFO - [2026-09-17T19:49:23.291+0000] {dag.py:4180} INFO - Setting next_dagrun for example_subdag_operator to 2022-01-01 00:00:00+00:00, run_after=2022-01-01 00:00:00+00:00
[2026-09-17T19:49:23.299+0000] {logging_mixin.py:190} INFO - [2026-09-17T19:49:23.298+0000] {dag.py:4180} INFO - Setting next_dagrun for example_subdag_operator.section-1 to None, run_after=None
[2026-09-17T19:49:23.302+0000] {logging_mixin.py:190} INFO - [2026-09-17T19:49:23.302+0000] {dag.py:4180} INFO - Setting next_dagrun for example_subdag_operator.section-2 to None, run_after=None
[2026-09-17T19:49:23.314+0000] {logging_mixin.py:190} INFO - [2026-09-17T19:49:23.314+0000] {dag.py:3239} INFO - Sync 2 DAGs
[2026-09-17T19:49:23.323+0000] {logging_mixin.py:190} INFO - [2026-09-17T19:49:23.323+0000] {dag.py:4180} INFO - Setting next_dagrun for example_subdag_operator.section-1 to None, run_after=None
[2026-09-17T19:49:23.325+0000] {logging_mixin.py:190} INFO - [2026-09-17T19:49:23.324+0000] {dag.py:4180} INFO - Setting next_dagrun for example_subdag_operator.section-2 to None, run_after=None
[2026-09-17T19:49:23.342+0000] {processor.py:208} INFO - Processing /home/airflow/.local/lib/python3.12/site-packages/airflow/example_dags/example_subdag_operator.py took 0.163 seconds
[2026-09-17T19:49:54.329+0000] {processor.py:186} INFO - Started process (PID=265) to work on /home/airflow/.local/lib/python3.12/site-packages/airflow/example_dags/example_subdag_operator.py
[2026-09-17T19:49:54.331+0000] {processor.py:914} INFO - Processing file /home/airflow/.local/lib/python3.12/site-packages/airflow/example_dags/example_subdag_operator.py for tasks to queue
[2026-09-17T19:49:54.333+0000] {logging_mixin.py:190} INFO - [2026-09-17T19:49:54.333+0000] {dagbag.py:588} INFO - Filling up the DagBag from /home/airflow/.local/lib/python3.12/site-packages/airflow/example_dags/example_subdag_operator.py
[2026-09-17T19:49:54.376+0000] {processor.py:925} INFO - DAG(s) 'example_subdag_operator.section-1', 'example_subdag_operator.section-2', 'example_subdag_operator' retrieved from /home/airflow/.local/lib/python3.12/site-packages/airflow/example_dags/example_subdag_operator.py
[2026-09-17T19:49:54.392+0000] {logging_mixin.py:190} INFO - [2026-09-17T19:49:54.391+0000] {dag.py:3239} INFO - Sync 3 DAGs
[2026-09-17T19:49:54.415+0000] {logging_mixin.py:190} INFO - [2026-09-17T19:49:54.415+0000] {dag.py:4180} INFO - Setting next_dagrun for example_subdag_operator to 2022-01-01 00:00:00+00:00, run_after=2022-01-01 00:00:00+00:00
[2026-09-17T19:49:54.420+0000] {logging_mixin.py:190} INFO - [2026-09-17T19:49:54.420+0000] {dag.py:4180} INFO - Setting next_dagrun for example_subdag_operator.section-1 to None, run_after=None
[2026-09-17T19:49:54.423+0000] {logging_mixin.py:190} INFO - [2026-09-17T19:49:54.423+0000] {dag.py:4180} INFO - Setting next_dagrun for example_subdag_operator.section-2 to None, run_after=None
[2026-09-17T19:49:54.432+0000] {logging_mixin.py:190} INFO - [2026-09-17T19:49:54.432+0000] {dag.py:3239} INFO - Sync 2 DAGs
[2026-09-17T19:49:54.440+0000] {logging_mixin.py:190} INFO - [2026-09-17T19:49:54.439+0000] {dag.py:4180} INFO - Setting next_dagrun for example_subdag_operator.section-1 to None, run_after=None
[2026-09-17T19:49:54.442+0000] {logging_mixin.py:190} INFO - [2026-09-17T19:49:54.441+0000] {dag.py:4180} INFO - Setting next_dagrun for example_subdag_operator.section-2 to None, run_after=None
[2026-09-17T19:49:54.456+0000] {processor.py:208} INFO - Processing /home/airflow/.local/lib/python3.12/site-packages/airflow/example_dags/example_subdag_operator.py took 0.133 seconds
[2026-09-17T19:50:25.029+0000] {processor.py:186} INFO - Started process (PID=329) to work on /home/airflow/.local/lib/python3.12/site-packages/airflow/example_dags/example_subdag_operator.py
[2026-09-17T19:50:25.031+0000] {processor.py:914} INFO - Processing file /home/airflow/.local/lib/python3.12/site-packages/airflow/example_dags/example_subdag_operator.py for tasks to queue
[2026-09-17T19:50:25.033+0000] {logging_mixin.py:190} INFO - [2026-09-17T19:50:25.033+0000] {dagbag.py:588} INFO - Filling up the DagBag from /home/airflow/.local/lib/python3.12/site-packages/airflow/example_dags/example_subdag_operator.py
[2026-09-17T19:50:25.064+0000] {processor.py:925} INFO - DAG(s) 'example_subdag_operator.section-1', 'example_subdag_operator.section-2', 'example_subdag_operator' retrieved from /home/airflow/.local/lib/python3.12/site-packages/airflow/example_dags/example_subdag_operator.py
[2026-09-17T19:50:25.080+0000] {logging_mixin.py:190} INFO - [2026-09-17T19:50:25.080+0000] {dag.py:3239} INFO - Sync 3 DAGs
[2026-09-17T19:50:25.103+0000] {logging_mixin.py:190} INFO - [2026-09-17T19:50:25.103+0000] {dag.py:4180} INFO - Setting next_dagrun for example_subdag_operator to 2022-01-01 00:00:00+00:00, run_after=2022-01-01 00:00:00+00:00
[2026-09-17T19:50:25.108+0000] {logging_mixin.py:190} INFO - [2026-09-17T19:50:25.108+0000] {dag.py:4180} INFO - Setting next_dagrun for example_subdag_operator.section-1 to None, run_after=None
[2026-09-17T19:50:25.110+0000] {logging_mixin.py:190} INFO - [2026-09-17T19:50:25.110+0000] {dag.py:4180} INFO - Setting next_dagrun for example_subdag_operator.section-2 to None, run_after=None
[2026-09-17T19:50:25.120+0000] {logging_mixin.py:190} INFO - [2026-09-17T19:50:25.120+0000] {dag.py:3239} INFO - Sync 2 DAGs
[2026-09-17T19:50:25.128+0000] {logging_mixin.py:190} INFO - [2026-09-17T19:50:25.128+0000] {dag.py:4180} INFO - Setting next_dagrun for example_subdag_operator.section-1 to None, run_after=None
[2026-09-17T19:50:25.130+0000] {logging_mixin.py:190} INFO - [2026-09-17T19:50:25.129+0000] {dag.py:4180} INFO - Setting next_dagrun for example_subdag_operator.section-2 to None, run_after=None
[2026-09-17T19:50:25.143+0000] {processor.py:208} INFO - Processing /home/airflow/.local/lib/python3.12/site-packages/airflow/example_dags/example_subdag_operator.py took 0.120 seconds
[2026-09-17T19:50:55.275+0000] {processor.py:186} INFO - Started process (PID=394) to work on /home/airflow/.local/lib/python3.12/site-packages/airflow/example_dags/example_subdag_operator.py
[2026-09-17T19:50:55.277+0000] {processor.py:914} INFO - Processing file /home/airflow/.local/lib/python3.12/site-packages/airflow/example_dags/example_subdag_operator.py for tasks to queue
[2026-09-17T19:50:55.279+0000] {logging_mixin.py:190} INFO - [2026-09-17T19:50:55.279+0000] {dagbag.py:588} INFO - Filling up the DagBag from /home/airflow/.local/lib/python3.12/site-packages/airflow/example_dags/example_subdag_operator.py
[2026-09-17T19:50:55.315+0000] {processor.py:925} INFO - DAG(s) 'example_subdag_operator.section-1', 'example_subdag_operator.section-2', 'example_subdag_operator' retrieved from /home/airflow/.local/lib/python3.12/site-packages/airflow/example_dags/example_subdag_operator.py
[2026-09-17T19:50:55.331+0000] {logging_mixin.py:190} INFO - [2026-09-17T19:50:55.331+0000] {dag.py:3239} INFO - Sync 3 DAGs
[2026-09-17T19:50:55.357+0000] {logging_mixin.py:190} INFO - [2026-09-17T19:50:55.357+0000] {dag.py:4180} INFO - Setting next_dagrun for example_subdag_operator to 2022-01-01 00:00:00+00:00, run_after=2022-01-01 00:00:00+00:00
[2026-09-17T19:50:55.363+0000] {logging_mixin.py:190} INFO - [2026-09-17T19:50:55.363+0000] {dag.py:4180} INFO - Setting next_dagrun for example_subdag_operator.section-1 to None, run_after=None
[2026-09-17T19:50:55.367+0000] {logging_mixin.py:190} INFO - [2026-09-17T19:50:55.366+0000] {dag.py:4180} INFO - Setting next_dagrun for example_subdag_operator.section-2 to None, run_after=None
[2026-09-17T19:50:55.377+0000] {logging_mixin.py:190} INFO - [2026-09-17T19:50:55.377+0000] {dag.py:3239} INFO - Sync 2 DAGs
[2026-09-17T19:50:55.387+0000] {logging_mixin.py:190} INFO - [2026-09-17T19:50:55.387+0000] {dag.py:4180} INFO - Setting next_dagrun for example_subdag_operator.section-1 to None, run_after=None
[2026-09-17T19:50:55.388+0000] {logging_mixin.py:190} INFO - [2026-09-17T19:50:55.388+0000] {dag.py:4180} INFO - Setting next_dagrun for example_subdag_operator.section-2 to None, run_after=None
[2026-09-17T19:50:55.405+0000] {processor.py:208} INFO - Processing /home/airflow/.local/lib/python3.12/site-packages/airflow/example_dags/example_subdag_operator.py took 0.136 seconds
[2026-09-17T19:51:25.508+0000] {processor.py:186} INFO - Started process (PID=458) to work on /home/airflow/.local/lib/python3.12/site-packages/airflow/example_dags/example_subdag_operator.py
[2026-09-17T19:51:25.510+0000] {processor.py:914} INFO - Processing file /home/airflow/.local/lib/python3.12/site-packages/airflow/example_dags/example_subdag_operator.py for tasks to queue
[2026-09-17T19:51:25.512+0000] {logging_mixin.py:190} INFO - [2026-09-17T19:51:25.512+0000] {dagbag.py:588} INFO - Filling up the DagBag from /home/airflow/.local/lib/python3.12/site-packages/airflow/example_dags/example_subdag_operator.py
[2026-09-17T19:51:25.546+0000] {processor.py:925} INFO - DAG(s) 'example_subdag_operator.section-1', 'example_subdag_operator.section-2', 'example_subdag_operator' retrieved from /home/airflow/.local/lib/python3.12/site-packages/airflow/example_dags/example_subdag_operator.py
[2026-09-17T19:51:25.562+0000] {logging_mixin.py:190} INFO - [2026-09-17T19:51:25.562+0000] {dag.py:3239} INFO - Sync 3 DAGs
[2026-09-17T19:51:25.587+0000] {logging_mixin.py:190} INFO - [2026-09-17T19:51:25.587+0000] {dag.py:4180} INFO - Setting next_dagrun for example_subdag_operator to 2022-01-01 00:00:00+00:00, run_after=2022-01-01 00:00:00+00:00
[2026-09-17T19:51:25.593+0000] {logging_mixin.py:190} INFO - [2026-09-17T19:51:25.592+0000] {dag.py:4180} INFO - Setting next_dagrun for example_subdag_operator.section-1 to None, run_after=None
[2026-09-17T19:51:25.596+0000] {logging_mixin.py:190} INFO - [2026-09-17T19:51:25.595+0000] {dag.py:4180} INFO - Setting next_dagrun for example_subdag_operator.section-2 to None, run_after=None
[2026-09-17T19:51:25.603+0000] {logging_mixin.py:190} INFO - [2026-09-17T19:51:25.603+0000] {dag.py:3239} INFO - Sync 2 DAGs
[2026-09-17T19:51:25.611+0000] {logging_mixin.py:190} INFO - [2026-09-17T19:51:25.611+0000] {dag.py:4180} INFO - Setting next_dagrun for example_subdag_operator.section-1 to None, run_after=None
[2026-09-17T19:51:25.613+0000] {logging_mixin.py:190} INFO - [2026-09-17T19:51:25.613+0000] {dag.py:4180} INFO - Setting next_dagrun for example_subdag_operator.section-2 to None, run_after=None
[2026-09-17T19:51:25.628+0000] {processor.py:208} INFO - Processing /home/airflow/.local/lib/python3.12/site-packages/airflow/example_dags/example_subdag_operator.py took 0.125 seconds
[2026-09-17T19:51:55.791+0000] {processor.py:186} INFO - Started process (PID=523) to work on /home/airflow/.local/lib/python3.12/site-packages/airflow/example_dags/example_subdag_operator.py
[2026-09-17T19:51:55.793+0000] {processor.py:914} INFO - Processing file /home/airflow/.local/lib/python3.12/site-packages/airflow/example_dags/example_subdag_operator.py for tasks to queue
[2026-09-17T19:51:55.796+0000] {logging_mixin.py:190} INFO - [2026-09-17T19:51:55.796+0000] {dagbag.py:588} INFO - Filling up the DagBag from /home/airflow/.local/lib/python3.12/site-packages/airflow/example_dags/example_subdag_operator.py
[2026-09-17T19:51:55.833+0000] {processor.py:925} INFO - DAG(s) 'example_subdag_operator.section-1', 'example_subdag_operator.section-2', 'example_subdag_operator' retrieved from /home/airflow/.local/lib/python3.12/site-packages/airflow/example_dags/example_subdag_operator.py
[2026-09-17T19:51:55.849+0000] {logging_mixin.py:190} INFO - [2026-09-17T19:51:55.849+0000] {dag.py:3239} INFO - Sync 3 DAGs
[2026-09-17T19:51:55.875+0000] {logging_mixin.py:190} INFO - [2026-09-17T19:51:55.875+0000] {dag.py:4180} INFO - Setting next_dagrun for example_subdag_operator to 2022-01-01 00:00:00+00:00, run_after=2022-01-01 00:00:00+00:00
[2026-09-17T19:51:55.881+0000] {logging_mixin.py:190} INFO - [2026-09-17T19:51:55.881+0000] {dag.py:4180} INFO - Setting next_dagrun for example_subdag_operator.section-1 to None, run_after=None
[2026-09-17T19:51:55.884+0000] {logging_mixin.py:190} INFO - [2026-09-17T19:51:55.884+0000] {dag.py:4180} INFO - Setting next_dagrun for example_subdag_operator.section-2 to None, run_after=None
[2026-09-17T19:51:55.894+0000] {logging_mixin.py:190} INFO - [2026-09-17T19:51:55.894+0000] {dag.py:3239} INFO - Sync 2 DAGs
[2026-09-17T19:51:55.905+0000] {logging_mixin.py:190} INFO - [2026-09-17T19:51:55.904+0000] {dag.py:4180} INFO - Setting next_dagrun for example_subdag_operator.section-1 to None, run_after=None
[2026-09-17T19:51:55.906+0000] {logging_mixin.py:190} INFO - [2026-09-17T19:51:55.906+0000] {dag.py:4180} INFO - Setting next_dagrun for example_subdag_operator.section-2 to None, run_after=None
[2026-09-17T19:51:55.925+0000] {processor.py:208} INFO - Processing /home/airflow/.local/lib/python3.12/site-packages/airflow/example_dags/example_subdag_operator.py took 0.141 seconds
[2026-09-17T19:52:26.473+0000] {processor.py:186} INFO - Started process (PID=587) to work on /home/airflow/.local/lib/python3.12/site-packages/airflow/example_dags/example_subdag_operator.py
[2026-09-17T19:52:26.475+0000] {processor.py:914} INFO - Processing file /home/airflow/.local/lib/python3.12/site-packages/airflow/example_dags/example_subdag_operator.py for tasks to queue
[2026-09-17T19:52:26.477+0000] {logging_mixin.py:190} INFO - [2026-09-17T19:52:26.477+0000] {dagbag.py:588} INFO - Filling up the DagBag from /home/airflow/.local/lib/python3.12/site-packages/airflow/example_dags/example_subdag_operator.py
[2026-09-17T19:52:26.510+0000] {processor.py:925} INFO - DAG(s) 'example_subdag_operator.section-1', 'example_subdag_operator.section-2', 'example_subdag_operator' retrieved from /home/airflow/.local/lib/python3.12/site-packages/airflow/example_dags/example_subdag_operator.py
[2026-09-17T19:52:26.526+0000] {logging_mixin.py:190} INFO - [2026-09-17T19:52:26.526+0000] {dag.py:3239} INFO - Sync 3 DAGs
[2026-09-17T19:52:26.550+0000] {logging_mixin.py:190} INFO - [2026-09-17T19:52:26.550+0000] {dag.py:4180} INFO - Setting next_dagrun for example_subdag_operator to 2022-01-01 00:00:00+00:00, run_after=2022-01-01 00:00:00+00:00
[2026-09-17T19:52:26.555+0000] {logging_mixin.py:190} INFO - [2026-09-17T19:52:26.555+0000] {dag.py:4180} INFO - Setting next_dagrun for example_subdag_operator.section-1 to None, run_after=None
[2026-09-17T19:52:26.557+0000] {logging_mixin.py:190} INFO - [2026-09-17T19:52:26.557+0000] {dag.py:4180} INFO - Setting next_dagrun for example_subdag_operator.section-2 to None, run_after=None
[2026-09-17T19:52:26.566+0000] {logging_mixin.py:190} INFO - [2026-09-17T19:52:26.566+0000] {dag.py:3239} INFO - Sync 2 DAGs
[2026-09-17T19:52:26.573+0000] {logging_mixin.py:190} INFO - [2026-09-17T19:52:26.573+0000] {dag.py:4180} INFO - Setting next_dagrun for example_subdag_operator.section-1 to None, run_after=None
[2026-09-17T19:52:26.574+0000] {logging_mixin.py:190} INFO - [2026-09-17T19:52:26.574+0000] {dag.py:4180} INFO - Setting next_dagrun for example_subdag_operator.section-2 to None, run_after=None
[2026-09-17T19:52:26.590+0000] {processor.py:208} INFO - Processing /home/airflow/.local/lib/python3.12/site-packages/airflow/example_dags/example_subdag_operator.py took 0.123 seconds
[2026-09-17T19:52:57.023+0000] {processor.py:186} INFO - Started process (PID=652) to work on /home/airflow/.local/lib/python3.12/site-packages/airflow/example_dags/example_subdag_operator.py
[2026-09-17T19:52:57.025+0000] {processor.py:914} INFO - Processing file /home/airflow/.local/lib/python3.12/site-packages/airflow/example_dags/example_subdag_operator.py for tasks to queue
[2026-09-17T19:52:57.027+0000] {logging_mixin.py:190} INFO - [2026-09-17T19:52:57.027+0000] {dagbag.py:588} INFO - Filling up the DagBag from /home/airflow/.local/lib/python3.12/site-packages/airflow/example_dags/example_subdag_operator.py
[2026-09-17T19:52:57.061+0000] {processor.py:925} INFO - DAG(s) 'example_subdag_operator.section-1', 'example_subdag_operator.section-2', 'example_subdag_operator' retrieved from /home/airflow/.local/lib/python3.12/site-packages/airflow/example_dags/example_subdag_operator.py
[2026-09-17T19:52:57.078+0000] {logging_mixin.py:190} INFO - [2026-09-17T19:52:57.077+0000] {dag.py:3239} INFO - Sync 3 DAGs
[2026-09-17T19:52:57.102+0000] {logging_mixin.py:190} INFO - [2026-09-17T19:52:57.102+0000] {dag.py:4180} INFO - Setting next_dagrun for example_subdag_operator to 2022-01-01 00:00:00+00:00, run_after=2022-01-01 00:00:00+00:00
[2026-09-17T19:52:57.107+0000] {logging_mixin.py:190} INFO - [2026-09-17T19:52:57.107+0000] {dag.py:4180} INFO - Setting next_dagrun for example_subdag_operator.section-1 to None, run_after=None
[2026-09-17T19:52:57.110+0000] {logging_mixin.py:190} INFO - [2026-09-17T19:52:57.110+0000] {dag.py:4180} INFO - Setting next_dagrun for example_subdag_operator.section-2 to None, run_after=None
[2026-09-17T19:52:57.118+0000] {logging_mixin.py:190} INFO - [2026-09-17T19:52:57.118+0000] {dag.py:3239} INFO - Sync 2 DAGs
[2026-09-17T19:52:57.126+0000] {logging_mixin.py:190} INFO - [2026-09-17T19:52:57.126+0000] {dag.py:4180} INFO - Setting next_dagrun for example_subdag_operator.section-1 to None, run_after=None
[2026-09-17T19:52:57.128+0000] {logging_mixin.py:190} INFO - [2026-09-17T19:52:57.128+0000] {dag.py:4180} INFO - Setting next_dagrun for example_subdag_operator.section-2 to None, run_after=None
[2026-09-17T19:52:57.141+0000] {processor.py:208} INFO - Processing /home/airflow/.local/lib/python3.12/site-packages/airflow/example_dags/example_subdag_operator.py took 0.124 seconds
[2026-09-17T19:53:27.590+0000] {processor.py:186} INFO - Started process (PID=717) to work on /home/airflow/.local/lib/python3.12/site-packages/airflow/example_dags/example_subdag_operator.py
[2026-09-17T19:53:27.592+0000] {processor.py:914} INFO - Processing file /home/airflow/.local/lib/python3.12/site-packages/airflow/example_dags/example_subdag_operator.py for tasks to queue
[2026-09-17T19:53:27.595+0000] {logging_mixin.py:190} INFO - [2026-09-17T19:53:27.595+0000] {dagbag.py:588} INFO - Filling up the DagBag from /home/airflow/.local/lib/python3.12/site-packages/airflow/example_dags/example_subdag_operator.py
[2026-09-17T19:53:27.637+0000] {processor.py:925} INFO - DAG(s) 'example_subdag_operator.section-1', 'example_subdag_operator.section-2', 'example_subdag_operator' retrieved from /home/airflow/.local/lib/python3.12/site-packages/airflow/example_dags/example_subdag_operator.py
[2026-09-17T19:53:27.658+0000] {logging_mixin.py:190} INFO - [2026-09-17T19:53:27.657+0000] {dag.py:3239} INFO - Sync 3 DAGs
[2026-09-17T19:53:27.685+0000] {logging_mixin.py:190} INFO - [2026-09-17T19:53:27.685+0000] {dag.py:4180} INFO - Setting next_dagrun for example_subdag_operator to 2022-01-01 00:00:00+00:00, run_after=2022-01-01 00:00:00+00:00
[2026-09-17T19:53:27.690+0000] {logging_mixin.py:190} INFO - [2026-09-17T19:53:27.690+0000] {dag.py:4180} INFO - Setting next_dagrun for example_subdag_operator.section-1 to None, run_after=None
[2026-09-17T19:53:27.694+0000] {logging_mixin.py:190} INFO - [2026-09-17T19:53:27.694+0000] {dag.py:4180} INFO - Setting next_dagrun for example_subdag_operator.section-2 to None, run_after=None
[2026-09-17T19:53:27.704+0000] {logging_mixin.py:190} INFO - [2026-09-17T19:53:27.704+0000] {dag.py:3239} INFO - Sync 2 DAGs
[2026-09-17T19:53:27.712+0000] {logging_mixin.py:190} INFO - [2026-09-17T19:53:27.712+0000] {dag.py:4180} INFO - Setting next_dagrun for example_subdag_operator.section-1 to None, run_after=None
[2026-09-17T19:53:27.714+0000] {logging_mixin.py:190} INFO - [2026-09-17T19:53:27.713+0000] {dag.py:4180} INFO - Setting next_dagrun for example_subdag_operator.section-2 to None, run_after=None
[2026-09-17T19:53:27.728+0000] {processor.py:208} INFO - Processing /home/airflow/.local/lib/python3.12/site-packages/airflow/example_dags/example_subdag_operator.py took 0.144 seconds
[2026-09-17T19:53:58.253+0000] {processor.py:186} INFO - Started process (PID=782) to work on /home/airflow/.local/lib/python3.12/site-packages/airflow/example_dags/example_subdag_operator.py
[2026-09-17T19:53:58.255+0000] {processor.py:914} INFO - Processing file /home/airflow/.local/lib/python3.12/site-packages/airflow/example_dags/example_subdag_operator.py for tasks to queue
[2026-09-17T19:53:58.258+0000] {logging_mixin.py:190} INFO - [2026-09-17T19:53:58.257+0000] {dagbag.py:588} INFO - Filling up the DagBag from /home/airflow/.local/lib/python3.12/site-packages/airflow/example_dags/example_subdag_operator.py
[2026-09-17T19:53:58.297+0000] {processor.py:925} INFO - DAG(s) 'example_subdag_operator.section-1', 'example_subdag_operator.section-2', 'example_subdag_operator' retrieved from /home/airflow/.local/lib/python3.12/site-packages/airflow/example_dags/example_subdag_operator.py
[2026-09-17T19:53:58.317+0000] {logging_mixin.py:190} INFO - [2026-09-17T19:53:58.317+0000] {dag.py:3239} INFO - Sync 3 DAGs
[2026-09-17T19:53:58.346+0000] {logging_mixin.py:190} INFO - [2026-09-17T19:53:58.346+0000] {dag.py:4180} INFO - Setting next_dagrun for example_subdag_operator to 2022-01-01 00:00:00+00:00, run_after=2022-01-01 00:00:00+00:00
[2026-09-17T19:53:58.352+0000] {logging_mixin.py:190} INFO - [2026-09-17T19:53:58.352+0000] {dag.py:4180} INFO - Setting next_dagrun for example_subdag_operator.section-1 to None, run_after=None
[2026-09-17T19:53:58.356+0000] {logging_mixin.py:190} INFO - [2026-09-17T19:53:58.355+0000] {dag.py:4180} INFO - Setting next_dagrun for example_subdag_operator.section-2 to None, run_after=None
[2026-09-17T19:53:58.367+0000] {logging_mixin.py:190} INFO - [2026-09-17T19:53:58.367+0000] {dag.py:3239} INFO - Sync 2 DAGs
[2026-09-17T19:53:58.377+0000] {logging_mixin.py:190} INFO - [2026-09-17T19:53:58.377+0000] {dag.py:4180} INFO - Setting next_dagrun for example_subdag_operator.section-1 to None, run_after=None
[2026-09-17T19:53:58.380+0000] {logging_mixin.py:190} INFO - [2026-09-17T19:53:58.379+0000] {dag.py:4180} INFO - Setting next_dagrun for example_subdag_operator.section-2 to None, run_after=None
[2026-09-17T19:53:58.398+0000] {processor.py:208} INFO - Processing /home/airflow/.local/lib/python3.12/site-packages/airflow/example_dags/example_subdag_operator.py took 0.152 seconds
[2026-09-17T19:54:28.873+0000] {processor.py:186} INFO - Started process (PID=847) to work on /home/airflow/.local/lib/python3.12/site-packages/airflow/example_dags/example_subdag_operator.py
[2026-09-17T19:54:28.875+0000] {processor.py:914} INFO - Processing file /home/airflow/.local/lib/python3.12/site-packages/airflow/example_dags/example_subdag_operator.py for tasks to queue
[2026-09-17T19:54:28.879+0000] {logging_mixin.py:190} INFO - [2026-09-17T19:54:28.878+0000] {dagbag.py:588} INFO - Filling up the DagBag from /home/airflow/.local/lib/python3.12/site-packages/airflow/example_dags/example_subdag_operator.py
[2026-09-17T19:54:28.913+0000] {processor.py:925} INFO - DAG(s) 'example_subdag_operator.section-1', 'example_subdag_operator.section-2', 'example_subdag_operator' retrieved from /home/airflow/.local/lib/python3.12/site-packages/airflow/example_dags/example_subdag_operator.py
[2026-09-17T19:54:28.930+0000] {logging_mixin.py:190} INFO - [2026-09-17T19:54:28.930+0000] {dag.py:3239} INFO - Sync 3 DAGs
[2026-09-17T19:54:28.959+0000] {logging_mixin.py:190} INFO - [2026-09-17T19:54:28.959+0000] {dag.py:4180} INFO - Setting next_dagrun for example_subdag_operator to 2022-01-01 00:00:00+00:00, run_after=2022-01-01 00:00:00+00:00
[2026-09-17T19:54:28.965+0000] {logging_mixin.py:190} INFO - [2026-09-17T19:54:28.965+0000] {dag.py:4180} INFO - Setting next_dagrun for example_subdag_operator.section-1 to None, run_after=None
[2026-09-17T19:54:28.969+0000] {logging_mixin.py:190} INFO - [2026-09-17T19:54:28.968+0000] {dag.py:4180} INFO - Setting next_dagrun for example_subdag_operator.section-2 to None, run_after=None
[2026-09-17T19:54:28.978+0000] {logging_mixin.py:190} INFO - [2026-09-17T19:54:28.978+0000] {dag.py:3239} INFO - Sync 2 DAGs
[2026-09-17T19:54:28.988+0000] {logging_mixin.py:190} INFO - [2026-09-17T19:54:28.987+0000] {dag.py:4180} INFO - Setting next_dagrun for example_subdag_operator.section-1 to None, run_after=None
[2026-09-17T19:54:28.989+0000] {logging_mixin.py:190} INFO - [2026-09-17T19:54:28.989+0000] {dag.py:4180} INFO - Setting next_dagrun for example_subdag_operator.section-2 to None, run_after=None
[2026-09-17T19:54:29.006+0000] {processor.py:208} INFO - Processing /home/airflow/.local/lib/python3.12/site-packages/airflow/example_dags/example_subdag_operator.py took 0.140 seconds
[2026-09-17T19:54:59.610+0000] {processor.py:186} INFO - Started process (PID=911) to work on /home/airflow/.local/lib/python3.12/site-packages/airflow/example_dags/example_subdag_operator.py
[2026-09-17T19:54:59.613+0000] {processor.py:914} INFO - Processing file /home/airflow/.local/lib/python3.12/site-packages/airflow/example_dags/example_subdag_operator.py for tasks to queue
[2026-09-17T19:54:59.616+0000] {logging_mixin.py:190} INFO - [2026-09-17T19:54:59.616+0000] {dagbag.py:588} INFO - Filling up the DagBag from /home/airflow/.local/lib/python3.12/site-packages/airflow/example_dags/example_subdag_operator.py
[2026-09-17T19:54:59.678+0000] {processor.py:925} INFO - DAG(s) 'example_subdag_operator.section-1', 'example_subdag_operator.section-2', 'example_subdag_operator' retrieved from /home/airflow/.local/lib/python3.12/site-packages/airflow/example_dags/example_subdag_operator.py
[2026-09-17T19:54:59.709+0000] {logging_mixin.py:190} INFO - [2026-09-17T19:54:59.708+0000] {dag.py:3239} INFO - Sync 3 DAGs
[2026-09-17T19:54:59.741+0000] {logging_mixin.py:190} INFO - [2026-09-17T19:54:59.741+0000] {dag.py:4180} INFO - Setting next_dagrun for example_subdag_operator to 2022-01-01 00:00:00+00:00, run_after=2022-01-01 00:00:00+00:00
[2026-09-17T19:54:59.748+0000] {logging_mixin.py:190} INFO - [2026-09-17T19:54:59.748+0000] {dag.py:4180} INFO - Setting next_dagrun for example_subdag_operator.section-1 to None, run_after=None
[2026-09-17T19:54:59.752+0000] {logging_mixin.py:190} INFO - [2026-09-17T19:54:59.752+0000] {dag.py:4180} INFO - Setting next_dagrun for example_subdag_operator.section-2 to None, run_after=None
[2026-09-17T19:54:59.764+0000] {logging_mixin.py:190} INFO - [2026-09-17T19:54:59.764+0000] {dag.py:3239} INFO - Sync 2 DAGs
[2026-09-17T19:54:59.774+0000] {logging_mixin.py:190} INFO - [2026-09-17T19:54:59.773+0000] {dag.py:4180} INFO - Setting next_dagrun for example_subdag_operator.section-1 to None, run_after=None
[2026-09-17T19:54:59.776+0000] {logging_mixin.py:190} INFO - [2026-09-17T19:54:59.775+0000] {dag.py:4180} INFO - Setting next_dagrun for example_subdag_operator.section-2 to None, run_after=None
[2026-09-17T19:54:59.797+0000] {processor.py:208} INFO - Processing /home/airflow/.local/lib/python3.12/site-packages/airflow/example_dags/example_subdag_operator.py took 0.195 seconds
[2026-09-17T19:55:29.911+0000] {processor.py:186} INFO - Started process (PID=969) to work on /home/airflow/.local/lib/python3.12/site-packages/airflow/example_dags/example_subdag_operator.py
[2026-09-17T19:55:29.913+0000] {processor.py:914} INFO - Processing file /home/airflow/.local/lib/python3.12/site-packages/airflow/example_dags/example_subdag_operator.py for tasks to queue
[2026-09-17T19:55:29.916+0000] {logging_mixin.py:190} INFO - [2026-09-17T19:55:29.915+0000] {dagbag.py:588} INFO - Filling up the DagBag from /home/airflow/.local/lib/python3.12/site-packages/airflow/example_dags/example_subdag_operator.py
[2026-09-17T19:55:29.951+0000] {processor.py:925} INFO - DAG(s) 'example_subdag_operator.section-1', 'example_subdag_operator.section-2', 'example_subdag_operator' retrieved from /home/airflow/.local/lib/python3.12/site-packages/airflow/example_dags/example_subdag_operator.py
[2026-09-17T19:55:29.971+0000] {logging_mixin.py:190} INFO - [2026-09-17T19:55:29.971+0000] {dag.py:3239} INFO - Sync 3 DAGs
[2026-09-17T19:55:30.000+0000] {logging_mixin.py:190} INFO - [2026-09-17T19:55:30.000+0000] {dag.py:4180} INFO - Setting next_dagrun for example_subdag_operator to 2022-01-01 00:00:00+00:00, run_after=2022-01-01 00:00:00+00:00
[2026-09-17T19:55:30.006+0000] {logging_mixin.py:190} INFO - [2026-09-17T19:55:30.005+0000] {dag.py:4180} INFO - Setting next_dagrun for example_subdag_operator.section-1 to None, run_after=None
[2026-09-17T19:55:30.009+0000] {logging_mixin.py:190} INFO - [2026-09-17T19:55:30.009+0000] {dag.py:4180} INFO - Setting next_dagrun for example_subdag_operator.section-2 to None, run_after=None
[2026-09-17T19:55:30.019+0000] {logging_mixin.py:190} INFO - [2026-09-17T19:55:30.018+0000] {dag.py:3239} INFO - Sync 2 DAGs
[2026-09-17T19:55:30.027+0000] {logging_mixin.py:190} INFO - [2026-09-17T19:55:30.027+0000] {dag.py:4180} INFO - Setting next_dagrun for example_subdag_operator.section-1 to None, run_after=None
[2026-09-17T19:55:30.028+0000] {logging_mixin.py:190} INFO - [2026-09-17T19:55:30.028+0000] {dag.py:4180} INFO - Setting next_dagrun for example_subdag_operator.section-2 to None, run_after=None
[2026-09-17T19:55:30.044+0000] {processor.py:208} INFO - Processing /home/airflow/.local/lib/python3.12/site-packages/airflow/example_dags/example_subdag_operator.py took 0.139 seconds
[2026-09-17T19:56:00.250+0000] {processor.py:186} INFO - Started process (PID=1034) to work on /home/airflow/.local/lib/python3.12/site-packages/airflow/example_dags/example_subdag_operator.py
[2026-09-17T19:56:00.252+0000] {processor.py:914} INFO - Processing file /home/airflow/.local/lib/python3.12/site-packages/airflow/example_dags/example_subdag_operator.py for tasks to queue
[2026-09-17T19:56:00.254+0000] {logging_mixin.py:190} INFO - [2026-09-17T19:56:00.254+0000] {dagbag.py:588} INFO - Filling up the DagBag from /home/airflow/.local/lib/python3.12/site-packages/airflow/example_dags/example_subdag_operator.py
[2026-09-17T19:56:00.285+0000] {processor.py:925} INFO - DAG(s) 'example_subdag_operator.section-1', 'example_subdag_operator.section-2', 'example_subdag_operator' retrieved from /home/airflow/.local/lib/python3.12/site-packages/airflow/example_dags/example_subdag_operator.py
[2026-09-17T19:56:00.301+0000] {logging_mixin.py:190} INFO - [2026-09-17T19:56:00.301+0000] {dag.py:3239} INFO - Sync 3 DAGs
[2026-09-17T19:56:00.327+0000] {logging_mixin.py:190} INFO - [2026-09-17T19:56:00.327+0000] {dag.py:4180} INFO - Setting next_dagrun for example_subdag_operator to 2022-01-01 00:00:00+00:00, run_after=2022-01-01 00:00:00+00:00
[2026-09-17T19:56:00.332+0000] {logging_mixin.py:190} INFO - [2026-09-17T19:56:00.332+0000] {dag.py:4180} INFO - Setting next_dagrun for example_subdag_operator.section-1 to None, run_after=None
[2026-09-17T19:56:00.335+0000] {logging_mixin.py:190} INFO - [2026-09-17T19:56:00.334+0000] {dag.py:4180} INFO - Setting next_dagrun for example_subdag_operator.section-2 to None, run_after=None
[2026-09-17T19:56:00.343+0000] {logging_mixin.py:190} INFO - [2026-09-17T19:56:00.343+0000] {dag.py:3239} INFO - Sync 2 DAGs
[2026-09-17T19:56:00.350+0000] {logging_mixin.py:190} INFO - [2026-09-17T19:56:00.350+0000] {dag.py:4180} INFO - Setting next_dagrun for example_subdag_operator.section-1 to None, run_after=None
[2026-09-17T19:56:00.352+0000] {logging_mixin.py:190} INFO - [2026-09-17T19:56:00.351+0000] {dag.py:4180} INFO - Setting next_dagrun for example_subdag_operator.section-2 to None, run_after=None
[2026-09-17T19:56:00.365+0000] {processor.py:208} INFO - Processing /home/airflow/.local/lib/python3.12/site-packages/airflow/example_dags/example_subdag_operator.py took 0.121 seconds
[2026-09-17T19:56:30.654+0000] {processor.py:186} INFO - Started process (PID=1099) to work on /home/airflow/.local/lib/python3.12/site-packages/airflow/example_dags/example_subdag_operator.py
[2026-09-17T19:56:30.656+0000] {processor.py:914} INFO - Processing file /home/airflow/.local/lib/python3.12/site-packages/airflow/example_dags/example_subdag_operator.py for tasks to queue
[2026-09-17T19:56:30.659+0000] {logging_mixin.py:190} INFO - [2026-09-17T19:56:30.659+0000] {dagbag.py:588} INFO - Filling up the DagBag from /home/airflow/.local/lib/python3.12/site-packages/airflow/example_dags/example_subdag_operator.py
[2026-09-17T19:56:30.690+0000] {processor.py:925} INFO - DAG(s) 'example_subdag_operator.section-1', 'example_subdag_operator.section-2', 'example_subdag_operator' retrieved from /home/airflow/.local/lib/python3.12/site-packages/airflow/example_dags/example_subdag_operator.py
[2026-09-17T19:56:30.706+0000] {logging_mixin.py:190} INFO - [2026-09-17T19:56:30.706+0000] {dag.py:3239} INFO - Sync 3 DAGs
[2026-09-17T19:56:30.733+0000] {logging_mixin.py:190} INFO - [2026-09-17T19:56:30.733+0000] {dag.py:4180} INFO - Setting next_dagrun for example_subdag_operator to 2022-01-01 00:00:00+00:00, run_after=2022-01-01 00:00:00+00:00
[2026-09-17T19:56:30.739+0000] {logging_mixin.py:190} INFO - [2026-09-17T19:56:30.739+0000] {dag.py:4180} INFO - Setting next_dagrun for example_subdag_operator.section-1 to None, run_after=None
[2026-09-17T19:56:30.742+0000] {logging_mixin.py:190} INFO - [2026-09-17T19:56:30.742+0000] {dag.py:4180} INFO - Setting next_dagrun for example_subdag_operator.section-2 to None, run_after=None
[2026-09-17T19:56:30.751+0000] {logging_mixin.py:190} INFO - [2026-09-17T19:56:30.751+0000] {dag.py:3239} INFO - Sync 2 DAGs
[2026-09-17T19:56:30.758+0000] {logging_mixin.py:190} INFO - [2026-09-17T19:56:30.758+0000] {dag.py:4180} INFO - Setting next_dagrun for example_subdag_operator.section-1 to None, run_after=None
[2026-09-17T19:56:30.760+0000] {logging_mixin.py:190} INFO - [2026-09-17T19:56:30.759+0000] {dag.py:4180} INFO - Setting next_dagrun for example_subdag_operator.section-2 to None, run_after=None
[2026-09-17T19:56:30.774+0000] {processor.py:208} INFO - Processing /home/airflow/.local/lib/python3.12/site-packages/airflow/example_dags/example_subdag_operator.py took 0.125 seconds
[2026-09-17T19:57:00.976+0000] {processor.py:186} INFO - Started process (PID=1164) to work on /home/airflow/.local/lib/python3.12/site-packages/airflow/example_dags/example_subdag_operator.py
[2026-09-17T19:57:00.978+0000] {processor.py:914} INFO - Processing file /home/airflow/.local/lib/python3.12/site-packages/airflow/example_dags/example_subdag_operator.py for tasks to queue
[2026-09-17T19:57:00.980+0000] {logging_mixin.py:190} INFO - [2026-09-17T19:57:00.980+0000] {dagbag.py:588} INFO - Filling up the DagBag from /home/airflow/.local/lib/python3.12/site-packages/airflow/example_dags/example_subdag_operator.py
[2026-09-17T19:57:01.026+0000] {processor.py:925} INFO - DAG(s) 'example_subdag_operator.section-1', 'example_subdag_operator.section-2', 'example_subdag_operator' retrieved from /home/airflow/.local/lib/python3.12/site-packages/airflow/example_dags/example_subdag_operator.py
[2026-09-17T19:57:01.049+0000] {logging_mixin.py:190} INFO - [2026-09-17T19:57:01.049+0000] {dag.py:3239} INFO - Sync 3 DAGs
[2026-09-17T19:57:01.079+0000] {logging_mixin.py:190} INFO - [2026-09-17T19:57:01.079+0000] {dag.py:4180} INFO - Setting next_dagrun for example_subdag_operator to 2022-01-01 00:00:00+00:00, run_after=2022-01-01 00:00:00+00:00
[2026-09-17T19:57:01.085+0000] {logging_mixin.py:190} INFO - [2026-09-17T19:57:01.085+0000] {dag.py:4180} INFO - Setting next_dagrun for example_subdag_operator.section-1 to None, run_after=None
[2026-09-17T19:57:01.089+0000] {logging_mixin.py:190} INFO - [2026-09-17T19:57:01.088+0000] {dag.py:4180} INFO - Setting next_dagrun for example_subdag_operator.section-2 to None, run_after=None
[2026-09-17T19:57:01.100+0000] {logging_mixin.py:190} INFO - [2026-09-17T19:57:01.100+0000] {dag.py:3239} INFO - Sync 2 DAGs
[2026-09-17T19:57:01.111+0000] {logging_mixin.py:190} INFO - [2026-09-17T19:57:01.111+0000] {dag.py:4180} INFO - Setting next_dagrun for example_subdag_operator.section-1 to None, run_after=None
[2026-09-17T19:57:01.113+0000] {logging_mixin.py:190} INFO - [2026-09-17T19:57:01.113+0000] {dag.py:4180} INFO - Setting next_dagrun for example_subdag_operator.section-2 to None, run_after=None
[2026-09-17T19:57:01.134+0000] {processor.py:208} INFO - Processing /home/airflow/.local/lib/python3.12/site-packages/airflow/example_dags/example_subdag_operator.py took 0.165 seconds
[2026-09-17T19:57:31.451+0000] {processor.py:186} INFO - Started process (PID=1229) to work on /home/airflow/.local/lib/python3.12/site-packages/airflow/example_dags/example_subdag_operator.py
[2026-09-17T19:57:31.453+0000] {processor.py:914} INFO - Processing file /home/airflow/.local/lib/python3.12/site-packages/airflow/example_dags/example_subdag_operator.py for tasks to queue
[2026-09-17T19:57:31.455+0000] {logging_mixin.py:190} INFO - [2026-09-17T19:57:31.455+0000] {dagbag.py:588} INFO - Filling up the DagBag from /home/airflow/.local/lib/python3.12/site-packages/airflow/example_dags/example_subdag_operator.py
[2026-09-17T19:57:31.494+0000] {processor.py:925} INFO - DAG(s) 'example_subdag_operator.section-1', 'example_subdag_operator.section-2', 'example_subdag_operator' retrieved from /home/airflow/.local/lib/python3.12/site-packages/airflow/example_dags/example_subdag_operator.py
[2026-09-17T19:57:31.513+0000] {logging_mixin.py:190} INFO - [2026-09-17T19:57:31.513+0000] {dag.py:3239} INFO - Sync 3 DAGs
[2026-09-17T19:57:31.545+0000] {logging_mixin.py:190} INFO - [2026-09-17T19:57:31.545+0000] {dag.py:4180} INFO - Setting next_dagrun for example_subdag_operator to 2022-01-01 00:00:00+00:00, run_after=2022-01-01 00:00:00+00:00
[2026-09-17T19:57:31.553+0000] {logging_mixin.py:190} INFO - [2026-09-17T19:57:31.553+0000] {dag.py:4180} INFO - Setting next_dagrun for example_subdag_operator.section-1 to None, run_after=None
[2026-09-17T19:57:31.556+0000] {logging_mixin.py:190} INFO - [2026-09-17T19:57:31.556+0000] {dag.py:4180} INFO - Setting next_dagrun for example_subdag_operator.section-2 to None, run_after=None
[2026-09-17T19:57:31.568+0000] {logging_mixin.py:190} INFO - [2026-09-17T19:57:31.567+0000] {dag.py:3239} INFO - Sync 2 DAGs
[2026-09-17T19:57:31.580+0000] {logging_mixin.py:190} INFO - [2026-09-17T19:57:31.579+0000] {dag.py:4180} INFO - Setting next_dagrun for example_subdag_operator.section-1 to None, run_after=None
[2026-09-17T19:57:31.582+0000] {logging_mixin.py:190} INFO - [2026-09-17T19:57:31.581+0000] {dag.py:4180} INFO - Setting next_dagrun for example_subdag_operator.section-2 to None, run_after=None
[2026-09-17T19:57:31.600+0000] {processor.py:208} INFO - Processing /home/airflow/.local/lib/python3.12/site-packages/airflow/example_dags/example_subdag_operator.py took 0.156 seconds
[2026-09-17T19:58:02.407+0000] {processor.py:186} INFO - Started process (PID=1294) to work on /home/airflow/.local/lib/python3.12/site-packages/airflow/example_dags/example_subdag_operator.py
[2026-09-17T19:58:02.410+0000] {processor.py:914} INFO - Processing file /home/airflow/.local/lib/python3.12/site-packages/airflow/example_dags/example_subdag_operator.py for tasks to queue
[2026-09-17T19:58:02.412+0000] {logging_mixin.py:190} INFO - [2026-09-17T19:58:02.412+0000] {dagbag.py:588} INFO - Filling up the DagBag from /home/airflow/.local/lib/python3.12/site-packages/airflow/example_dags/example_subdag_operator.py
[2026-09-17T19:58:02.457+0000] {processor.py:925} INFO - DAG(s) 'example_subdag_operator.section-1', 'example_subdag_operator.section-2', 'example_subdag_operator' retrieved from /home/airflow/.local/lib/python3.12/site-packages/airflow/example_dags/example_subdag_operator.py
[2026-09-17T19:58:02.478+0000] {logging_mixin.py:190} INFO - [2026-09-17T19:58:02.477+0000] {dag.py:3239} INFO - Sync 3 DAGs
[2026-09-17T19:58:02.509+0000] {logging_mixin.py:190} INFO - [2026-09-17T19:58:02.509+0000] {dag.py:4180} INFO - Setting next_dagrun for example_subdag_operator to 2022-01-01 00:00:00+00:00, run_after=2022-01-01 00:00:00+00:00
[2026-09-17T19:58:02.515+0000] {logging_mixin.py:190} INFO - [2026-09-17T19:58:02.515+0000] {dag.py:4180} INFO - Setting next_dagrun for example_subdag_operator.section-1 to None, run_after=None
[2026-09-17T19:58:02.519+0000] {logging_mixin.py:190} INFO - [2026-09-17T19:58:02.519+0000] {dag.py:4180} INFO - Setting next_dagrun for example_subdag_operator.section-2 to None, run_after=None
[2026-09-17T19:58:02.529+0000] {logging_mixin.py:190} INFO - [2026-09-17T19:58:02.528+0000] {dag.py:3239} INFO - Sync 2 DAGs
[2026-09-17T19:58:02.540+0000] {logging_mixin.py:190} INFO - [2026-09-17T19:58:02.539+0000] {dag.py:4180} INFO - Setting next_dagrun for example_subdag_operator.section-1 to None, run_after=None
[2026-09-17T19:58:02.541+0000] {logging_mixin.py:190} INFO - [2026-09-17T19:58:02.541+0000] {dag.py:4180} INFO - Setting next_dagrun for example_subdag_operator.section-2 to None, run_after=None
[2026-09-17T19:58:02.557+0000] {processor.py:208} INFO - Processing /home/airflow/.local/lib/python3.12/site-packages/airflow/example_dags/example_subdag_operator.py took 0.159 seconds
[2026-09-17T19:58:32.735+0000] {processor.py:186} INFO - Started process (PID=1359) to work on /home/airflow/.local/lib/python3.12/site-packages/airflow/example_dags/example_subdag_operator.py
[2026-09-17T19:58:32.737+0000] {processor.py:914} INFO - Processing file /home/airflow/.local/lib/python3.12/site-packages/airflow/example_dags/example_subdag_operator.py for tasks to queue
[2026-09-17T19:58:32.739+0000] {logging_mixin.py:190} INFO - [2026-09-17T19:58:32.739+0000] {dagbag.py:588} INFO - Filling up the DagBag from /home/airflow/.local/lib/python3.12/site-packages/airflow/example_dags/example_subdag_operator.py
[2026-09-17T19:58:32.772+0000] {processor.py:925} INFO - DAG(s) 'example_subdag_operator.section-1', 'example_subdag_operator.section-2', 'example_subdag_operator' retrieved from /home/airflow/.local/lib/python3.12/site-packages/airflow/example_dags/example_subdag_operator.py
[2026-09-17T19:58:32.787+0000] {logging_mixin.py:190} INFO - [2026-09-17T19:58:32.787+0000] {dag.py:3239} INFO - Sync 3 DAGs
[2026-09-17T19:58:32.812+0000] {logging_mixin.py:190} INFO - [2026-09-17T19:58:32.811+0000] {dag.py:4180} INFO - Setting next_dagrun for example_subdag_operator to 2022-01-01 00:00:00+00:00, run_after=2022-01-01 00:00:00+00:00
[2026-09-17T19:58:32.816+0000] {logging_mixin.py:190} INFO - [2026-09-17T19:58:32.816+0000] {dag.py:4180} INFO - Setting next_dagrun for example_subdag_operator.section-1 to None, run_after=None
[2026-09-17T19:58:32.819+0000] {logging_mixin.py:190} INFO - [2026-09-17T19:58:32.818+0000] {dag.py:4180} INFO - Setting next_dagrun for example_subdag_operator.section-2 to None, run_after=None
[2026-09-17T19:58:32.829+0000] {logging_mixin.py:190} INFO - [2026-09-17T19:58:32.828+0000] {dag.py:3239} INFO - Sync 2 DAGs
[2026-09-17T19:58:32.838+0000] {logging_mixin.py:190} INFO - [2026-09-17T19:58:32.838+0000] {dag.py:4180} INFO - Setting next_dagrun for example_subdag_operator.section-1 to None, run_after=None
[2026-09-17T19:58:32.839+0000] {logging_mixin.py:190} INFO - [2026-09-17T19:58:32.839+0000] {dag.py:4180} INFO - Setting next_dagrun for example_subdag_operator.section-2 to None, run_after=None
[2026-09-17T19:58:32.854+0000] {processor.py:208} INFO - Processing /home/airflow/.local/lib/python3.12/site-packages/airflow/example_dags/example_subdag_operator.py took 0.125 seconds
[2026-09-17T19:59:02.951+0000] {processor.py:186} INFO - Started process (PID=1424) to work on /home/airflow/.local/lib/python3.12/site-packages/airflow/example_dags/example_subdag_operator.py
[2026-09-17T19:59:02.953+0000] {processor.py:914} INFO - Processing file /home/airflow/.local/lib/python3.12/site-packages/airflow/example_dags/example_subdag_operator.py for tasks to queue
[2026-09-17T19:59:02.955+0000] {logging_mixin.py:190} INFO - [2026-09-17T19:59:02.955+0000] {dagbag.py:588} INFO - Filling up the DagBag from /home/airflow/.local/lib/python3.12/site-packages/airflow/example_dags/example_subdag_operator.py
[2026-09-17T19:59:02.987+0000] {processor.py:925} INFO - DAG(s) 'example_subdag_operator.section-1', 'example_subdag_operator.section-2', 'example_subdag_operator' retrieved from /home/airflow/.local/lib/python3.12/site-packages/airflow/example_dags/example_subdag_operator.py
[2026-09-17T19:59:03.003+0000] {logging_mixin.py:190} INFO - [2026-09-17T19:59:03.002+0000] {dag.py:3239} INFO - Sync 3 DAGs
[2026-09-17T19:59:03.026+0000] {logging_mixin.py:190} INFO - [2026-09-17T19:59:03.025+0000] {dag.py:4180} INFO - Setting next_dagrun for example_subdag_operator to 2022-01-01 00:00:00+00:00, run_after=2022-01-01 00:00:00+00:00
[2026-09-17T19:59:03.031+0000] {logging_mixin.py:190} INFO - [2026-09-17T19:59:03.030+0000] {dag.py:4180} INFO - Setting next_dagrun for example_subdag_operator.section-1 to None, run_after=None
[2026-09-17T19:59:03.033+0000] {logging_mixin.py:190} INFO - [2026-09-17T19:59:03.033+0000] {dag.py:4180} INFO - Setting next_dagrun for example_subdag_operator.section-2 to None, run_after=None
[2026-09-17T19:59:03.042+0000] {logging_mixin.py:190} INFO - [2026-09-17T19:59:03.042+0000] {dag.py:3239} INFO - Sync 2 DAGs
[2026-09-17T19:59:03.051+0000] {logging_mixin.py:190} INFO - [2026-09-17T19:59:03.050+0000] {dag.py:4180} INFO - Setting next_dagrun for example_subdag_operator.section-1 to None, run_after=None
[2026-09-17T19:59:03.052+0000] {logging_mixin.py:190} INFO - [2026-09-17T19:59:03.052+0000] {dag.py:4180} INFO - Setting next_dagrun for example_subdag_operator.section-2 to None, run_after=None
[2026-09-17T19:59:03.066+0000] {processor.py:208} INFO - Processing /home/airflow/.local/lib/python3.12/site-packages/airflow/example_dags/example_subdag_operator.py took 0.121 seconds
[2026-09-17T19:59:33.262+0000] {processor.py:186} INFO - Started process (PID=1490) to work on /home/airflow/.local/lib/python3.12/site-packages/airflow/example_dags/example_subdag_operator.py
[2026-09-17T19:59:33.264+0000] {processor.py:914} INFO - Processing file /home/airflow/.local/lib/python3.12/site-packages/airflow/example_dags/example_subdag_operator.py for tasks to queue
[2026-09-17T19:59:33.266+0000] {logging_mixin.py:190} INFO - [2026-09-17T19:59:33.266+0000] {dagbag.py:588} INFO - Filling up the DagBag from /home/airflow/.local/lib/python3.12/site-packages/airflow/example_dags/example_subdag_operator.py
[2026-09-17T19:59:33.301+0000] {processor.py:925} INFO - DAG(s) 'example_subdag_operator.section-1', 'example_subdag_operator.section-2', 'example_subdag_operator' retrieved from /home/airflow/.local/lib/python3.12/site-packages/airflow/example_dags/example_subdag_operator.py
[2026-09-17T19:59:33.317+0000] {logging_mixin.py:190} INFO - [2026-09-17T19:59:33.316+0000] {dag.py:3239} INFO - Sync 3 DAGs
[2026-09-17T19:59:33.340+0000] {logging_mixin.py:190} INFO - [2026-09-17T19:59:33.340+0000] {dag.py:4180} INFO - Setting next_dagrun for example_subdag_operator to 2022-01-01 00:00:00+00:00, run_after=2022-01-01 00:00:00+00:00
[2026-09-17T19:59:33.346+0000] {logging_mixin.py:190} INFO - [2026-09-17T19:59:33.345+0000] {dag.py:4180} INFO - Setting next_dagrun for example_subdag_operator.section-1 to None, run_after=None
[2026-09-17T19:59:33.348+0000] {logging_mixin.py:190} INFO - [2026-09-17T19:59:33.348+0000] {dag.py:4180} INFO - Setting next_dagrun for example_subdag_operator.section-2 to None, run_after=None
[2026-09-17T19:59:33.357+0000] {logging_mixin.py:190} INFO - [2026-09-17T19:59:33.357+0000] {dag.py:3239} INFO - Sync 2 DAGs
[2026-09-17T19:59:33.364+0000] {logging_mixin.py:190} INFO - [2026-09-17T19:59:33.364+0000] {dag.py:4180} INFO - Setting next_dagrun for example_subdag_operator.section-1 to None, run_after=None
[2026-09-17T19:59:33.365+0000] {logging_mixin.py:190} INFO - [2026-09-17T19:59:33.365+0000] {dag.py:4180} INFO - Setting next_dagrun for example_subdag_operator.section-2 to None, run_after=None
[2026-09-17T19:59:33.380+0000] {processor.py:208} INFO - Processing /home/airflow/.local/lib/python3.12/site-packages/airflow/example_dags/example_subdag_operator.py took 0.124 seconds
[2026-09-17T20:00:03.682+0000] {processor.py:186} INFO - Started process (PID=1553) to work on /home/airflow/.local/lib/python3.12/site-packages/airflow/example_dags/example_subdag_operator.py
[2026-09-17T20:00:03.685+0000] {processor.py:914} INFO - Processing file /home/airflow/.local/lib/python3.12/site-packages/airflow/example_dags/example_subdag_operator.py for tasks to queue
[2026-09-17T20:00:03.687+0000] {logging_mixin.py:190} INFO - [2026-09-17T20:00:03.686+0000] {dagbag.py:588} INFO - Filling up the DagBag from /home/airflow/.local/lib/python3.12/site-packages/airflow/example_dags/example_subdag_operator.py
[2026-09-17T20:00:03.727+0000] {processor.py:925} INFO - DAG(s) 'example_subdag_operator.section-1', 'example_subdag_operator.section-2', 'example_subdag_operator' retrieved from /home/airflow/.local/lib/python3.12/site-packages/airflow/example_dags/example_subdag_operator.py
[2026-09-17T20:00:03.751+0000] {logging_mixin.py:190} INFO - [2026-09-17T20:00:03.751+0000] {dag.py:3239} INFO - Sync 3 DAGs
[2026-09-17T20:00:03.780+0000] {logging_mixin.py:190} INFO - [2026-09-17T20:00:03.779+0000] {dag.py:4180} INFO - Setting next_dagrun for example_subdag_operator to 2022-01-01 00:00:00+00:00, run_after=2022-01-01 00:00:00+00:00
[2026-09-17T20:00:03.786+0000] {logging_mixin.py:190} INFO - [2026-09-17T20:00:03.785+0000] {dag.py:4180} INFO - Setting next_dagrun for example_subdag_operator.section-1 to None, run_after=None
[2026-09-17T20:00:03.789+0000] {logging_mixin.py:190} INFO - [2026-09-17T20:00:03.788+0000] {dag.py:4180} INFO - Setting next_dagrun for example_subdag_operator.section-2 to None, run_after=None
[2026-09-17T20:00:03.800+0000] {logging_mixin.py:190} INFO - [2026-09-17T20:00:03.799+0000] {dag.py:3239} INFO - Sync 2 DAGs
[2026-09-17T20:00:03.807+0000] {logging_mixin.py:190} INFO - [2026-09-17T20:00:03.807+0000] {dag.py:4180} INFO - Setting next_dagrun for example_subdag_operator.section-1 to None, run_after=None
[2026-09-17T20:00:03.809+0000] {logging_mixin.py:190} INFO - [2026-09-17T20:00:03.809+0000] {dag.py:4180} INFO - Setting next_dagrun for example_subdag_operator.section-2 to None, run_after=None
[2026-09-17T20:00:03.827+0000] {processor.py:208} INFO - Processing /home/airflow/.local/lib/python3.12/site-packages/airflow/example_dags/example_subdag_operator.py took 0.151 seconds
[2026-09-17T20:00:34.274+0000] {processor.py:186} INFO - Started process (PID=1611) to work on /home/airflow/.local/lib/python3.12/site-packages/airflow/example_dags/example_subdag_operator.py
[2026-09-17T20:00:34.276+0000] {processor.py:914} INFO - Processing file /home/airflow/.local/lib/python3.12/site-packages/airflow/example_dags/example_subdag_operator.py for tasks to queue
[2026-09-17T20:00:34.278+0000] {logging_mixin.py:190} INFO - [2026-09-17T20:00:34.278+0000] {dagbag.py:588} INFO - Filling up the DagBag from /home/airflow/.local/lib/python3.12/site-packages/airflow/example_dags/example_subdag_operator.py
[2026-09-17T20:00:34.312+0000] {processor.py:925} INFO - DAG(s) 'example_subdag_operator.section-1', 'example_subdag_operator.section-2', 'example_subdag_operator' retrieved from /home/airflow/.local/lib/python3.12/site-packages/airflow/example_dags/example_subdag_operator.py
[2026-09-17T20:00:34.330+0000] {logging_mixin.py:190} INFO - [2026-09-17T20:00:34.330+0000] {dag.py:3239} INFO - Sync 3 DAGs
[2026-09-17T20:00:34.355+0000] {logging_mixin.py:190} INFO - [2026-09-17T20:00:34.355+0000] {dag.py:4180} INFO - Setting next_dagrun for example_subdag_operator to 2022-01-01 00:00:00+00:00, run_after=2022-01-01 00:00:00+00:00
[2026-09-17T20:00:34.360+0000] {logging_mixin.py:190} INFO - [2026-09-17T20:00:34.360+0000] {dag.py:4180} INFO - Setting next_dagrun for example_subdag_operator.section-1 to None, run_after=None
[2026-09-17T20:00:34.364+0000] {logging_mixin.py:190} INFO - [2026-09-17T20:00:34.364+0000] {dag.py:4180} INFO - Setting next_dagrun for example_subdag_operator.section-2 to None, run_after=None
[2026-09-17T20:00:34.373+0000] {logging_mixin.py:190} INFO - [2026-09-17T20:00:34.373+0000] {dag.py:3239} INFO - Sync 2 DAGs
[2026-09-17T20:00:34.380+0000] {logging_mixin.py:190} INFO - [2026-09-17T20:00:34.380+0000] {dag.py:4180} INFO - Setting next_dagrun for example_subdag_operator.section-1 to None, run_after=None
[2026-09-17T20:00:34.382+0000] {logging_mixin.py:190} INFO - [2026-09-17T20:00:34.382+0000] {dag.py:4180} INFO - Setting next_dagrun for example_subdag_operator.section-2 to None, run_after=None
[2026-09-17T20:00:34.396+0000] {processor.py:208} INFO - Processing /home/airflow/.local/lib/python3.12/site-packages/airflow/example_dags/example_subdag_operator.py took 0.129 seconds
[2026-09-17T20:01:04.512+0000] {processor.py:186} INFO - Started process (PID=1676) to work on /home/airflow/.local/lib/python3.12/site-packages/airflow/example_dags/example_subdag_operator.py
[2026-09-17T20:01:04.514+0000] {processor.py:914} INFO - Processing file /home/airflow/.local/lib/python3.12/site-packages/airflow/example_dags/example_subdag_operator.py for tasks to queue
[2026-09-17T20:01:04.516+0000] {logging_mixin.py:190} INFO - [2026-09-17T20:01:04.516+0000] {dagbag.py:588} INFO - Filling up the DagBag from /home/airflow/.local/lib/python3.12/site-packages/airflow/example_dags/example_subdag_operator.py
[2026-09-17T20:01:04.551+0000] {processor.py:925} INFO - DAG(s) 'example_subdag_operator.section-1', 'example_subdag_operator.section-2', 'example_subdag_operator' retrieved from /home/airflow/.local/lib/python3.12/site-packages/airflow/example_dags/example_subdag_operator.py
[2026-09-17T20:01:04.569+0000] {logging_mixin.py:190} INFO - [2026-09-17T20:01:04.569+0000] {dag.py:3239} INFO - Sync 3 DAGs
[2026-09-17T20:01:04.597+0000] {logging_mixin.py:190} INFO - [2026-09-17T20:01:04.596+0000] {dag.py:4180} INFO - Setting next_dagrun for example_subdag_operator to 2022-01-01 00:00:00+00:00, run_after=2022-01-01 00:00:00+00:00
[2026-09-17T20:01:04.602+0000] {logging_mixin.py:190} INFO - [2026-09-17T20:01:04.601+0000] {dag.py:4180} INFO - Setting next_dagrun for example_subdag_operator.section-1 to None, run_after=None
[2026-09-17T20:01:04.604+0000] {logging_mixin.py:190} INFO - [2026-09-17T20:01:04.604+0000] {dag.py:4180} INFO - Setting next_dagrun for example_subdag_operator.section-2 to None, run_after=None
[2026-09-17T20:01:04.614+0000] {logging_mixin.py:190} INFO - [2026-09-17T20:01:04.614+0000] {dag.py:3239} INFO - Sync 2 DAGs
[2026-09-17T20:01:04.622+0000] {logging_mixin.py:190} INFO - [2026-09-17T20:01:04.622+0000] {dag.py:4180} INFO - Setting next_dagrun for example_subdag_operator.section-1 to None, run_after=None
[2026-09-17T20:01:04.623+0000] {logging_mixin.py:190} INFO - [2026-09-17T20:01:04.623+0000] {dag.py:4180} INFO - Setting next_dagrun for example_subdag_operator.section-2 to None, run_after=None
[2026-09-17T20:01:04.638+0000] {processor.py:208} INFO - Processing /home/airflow/.local/lib/python3.12/site-packages/airflow/example_dags/example_subdag_operator.py took 0.132 seconds
[2026-09-17T20:01:34.711+0000] {processor.py:186} INFO - Started process (PID=1741) to work on /home/airflow/.local/lib/python3.12/site-packages/airflow/example_dags/example_subdag_operator.py
[2026-09-17T20:01:34.712+0000] {processor.py:914} INFO - Processing file /home/airflow/.local/lib/python3.12/site-packages/airflow/example_dags/example_subdag_operator.py for tasks to queue
[2026-09-17T20:01:34.715+0000] {logging_mixin.py:190} INFO - [2026-09-17T20:01:34.714+0000] {dagbag.py:588} INFO - Filling up the DagBag from /home/airflow/.local/lib/python3.12/site-packages/airflow/example_dags/example_subdag_operator.py
[2026-09-17T20:01:34.749+0000] {processor.py:925} INFO - DAG(s) 'example_subdag_operator.section-1', 'example_subdag_operator.section-2', 'example_subdag_operator' retrieved from /home/airflow/.local/lib/python3.12/site-packages/airflow/example_dags/example_subdag_operator.py
[2026-09-17T20:01:34.768+0000] {logging_mixin.py:190} INFO - [2026-09-17T20:01:34.767+0000] {dag.py:3239} INFO - Sync 3 DAGs
[2026-09-17T20:01:34.793+0000] {logging_mixin.py:190} INFO - [2026-09-17T20:01:34.793+0000] {dag.py:4180} INFO - Setting next_dagrun for example_subdag_operator to 2022-01-01 00:00:00+00:00, run_after=2022-01-01 00:00:00+00:00
[2026-09-17T20:01:34.799+0000] {logging_mixin.py:190} INFO - [2026-09-17T20:01:34.798+0000] {dag.py:4180} INFO - Setting next_dagrun for example_subdag_operator.section-1 to None, run_after=None
[2026-09-17T20:01:34.801+0000] {logging_mixin.py:190} INFO - [2026-09-17T20:01:34.801+0000] {dag.py:4180} INFO - Setting next_dagrun for example_subdag_operator.section-2 to None, run_after=None
[2026-09-17T20:01:34.810+0000] {logging_mixin.py:190} INFO - [2026-09-17T20:01:34.810+0000] {dag.py:3239} INFO - Sync 2 DAGs
[2026-09-17T20:01:34.818+0000] {logging_mixin.py:190} INFO - [2026-09-17T20:01:34.818+0000] {dag.py:4180} INFO - Setting next_dagrun for example_subdag_operator.section-1 to None, run_after=None
[2026-09-17T20:01:34.819+0000] {logging_mixin.py:190} INFO - [2026-09-17T20:01:34.819+0000] {dag.py:4180} INFO - Setting next_dagrun for example_subdag_operator.section-2 to None, run_after=None
[2026-09-17T20:01:34.834+0000] {processor.py:208} INFO - Processing /home/airflow/.local/lib/python3.12/site-packages/airflow/example_dags/example_subdag_operator.py took 0.130 seconds
[2026-09-17T20:02:05.018+0000] {processor.py:186} INFO - Started process (PID=1806) to work on /home/airflow/.local/lib/python3.12/site-packages/airflow/example_dags/example_subdag_operator.py
[2026-09-17T20:02:05.020+0000] {processor.py:914} INFO - Processing file /home/airflow/.local/lib/python3.12/site-packages/airflow/example_dags/example_subdag_operator.py for tasks to queue
[2026-09-17T20:02:05.022+0000] {logging_mixin.py:190} INFO - [2026-09-17T20:02:05.022+0000] {dagbag.py:588} INFO - Filling up the DagBag from /home/airflow/.local/lib/python3.12/site-packages/airflow/example_dags/example_subdag_operator.py
[2026-09-17T20:02:05.056+0000] {processor.py:925} INFO - DAG(s) 'example_subdag_operator.section-1', 'example_subdag_operator.section-2', 'example_subdag_operator' retrieved from /home/airflow/.local/lib/python3.12/site-packages/airflow/example_dags/example_subdag_operator.py
[2026-09-17T20:02:05.073+0000] {logging_mixin.py:190} INFO - [2026-09-17T20:02:05.073+0000] {dag.py:3239} INFO - Sync 3 DAGs
[2026-09-17T20:02:05.097+0000] {logging_mixin.py:190} INFO - [2026-09-17T20:02:05.096+0000] {dag.py:4180} INFO - Setting next_dagrun for example_subdag_operator to 2022-01-01 00:00:00+00:00, run_after=2022-01-01 00:00:00+00:00
[2026-09-17T20:02:05.102+0000] {logging_mixin.py:190} INFO - [2026-09-17T20:02:05.101+0000] {dag.py:4180} INFO - Setting next_dagrun for example_subdag_operator.section-1 to None, run_after=None
[2026-09-17T20:02:05.104+0000] {logging_mixin.py:190} INFO - [2026-09-17T20:02:05.104+0000] {dag.py:4180} INFO - Setting next_dagrun for example_subdag_operator.section-2 to None, run_after=None
[2026-09-17T20:02:05.113+0000] {logging_mixin.py:190} INFO - [2026-09-17T20:02:05.113+0000] {dag.py:3239} INFO - Sync 2 DAGs
[2026-09-17T20:02:05.121+0000] {logging_mixin.py:190} INFO - [2026-09-17T20:02:05.121+0000] {dag.py:4180} INFO - Setting next_dagrun for example_subdag_operator.section-1 to None, run_after=None
[2026-09-17T20:02:05.123+0000] {logging_mixin.py:190} INFO - [2026-09-17T20:02:05.122+0000] {dag.py:4180} INFO - Setting next_dagrun for example_subdag_operator.section-2 to None, run_after=None
[2026-09-17T20:02:05.137+0000] {processor.py:208} INFO - Processing /home/airflow/.local/lib/python3.12/site-packages/airflow/example_dags/example_subdag_operator.py took 0.125 seconds
[2026-09-17T20:09:43.548+0000] {processor.py:186} INFO - Started process (PID=78) to work on /home/airflow/.local/lib/python3.12/site-packages/airflow/example_dags/example_subdag_operator.py
[2026-09-17T20:09:43.552+0000] {processor.py:914} INFO - Processing file /home/airflow/.local/lib/python3.12/site-packages/airflow/example_dags/example_subdag_operator.py for tasks to queue
[2026-09-17T20:09:43.556+0000] {logging_mixin.py:190} INFO - [2026-09-17T20:09:43.556+0000] {dagbag.py:588} INFO - Filling up the DagBag from /home/airflow/.local/lib/python3.12/site-packages/airflow/example_dags/example_subdag_operator.py
[2026-09-17T20:09:43.622+0000] {processor.py:925} INFO - DAG(s) 'example_subdag_operator.section-1', 'example_subdag_operator.section-2', 'example_subdag_operator' retrieved from /home/airflow/.local/lib/python3.12/site-packages/airflow/example_dags/example_subdag_operator.py
[2026-09-17T20:09:43.807+0000] {logging_mixin.py:190} INFO - [2026-09-17T20:09:43.805+0000] {override.py:1911} INFO - Created Permission View: can edit on DAG:example_subdag_operator
[2026-09-17T20:09:43.829+0000] {logging_mixin.py:190} INFO - [2026-09-17T20:09:43.829+0000] {override.py:1911} INFO - Created Permission View: can read on DAG:example_subdag_operator
[2026-09-17T20:09:43.846+0000] {logging_mixin.py:190} INFO - [2026-09-17T20:09:43.845+0000] {override.py:1911} INFO - Created Permission View: can delete on DAG:example_subdag_operator
[2026-09-17T20:09:43.867+0000] {logging_mixin.py:190} INFO - [2026-09-17T20:09:43.866+0000] {override.py:1911} INFO - Created Permission View: can create on DAG Run:example_subdag_operator
[2026-09-17T20:09:43.884+0000] {logging_mixin.py:190} INFO - [2026-09-17T20:09:43.883+0000] {override.py:1911} INFO - Created Permission View: menu access on DAG Run:example_subdag_operator
[2026-09-17T20:09:43.903+0000] {logging_mixin.py:190} INFO - [2026-09-17T20:09:43.902+0000] {override.py:1911} INFO - Created Permission View: can read on DAG Run:example_subdag_operator
[2026-09-17T20:09:43.918+0000] {logging_mixin.py:190} INFO - [2026-09-17T20:09:43.918+0000] {override.py:1911} INFO - Created Permission View: can delete on DAG Run:example_subdag_operator
[2026-09-17T20:09:43.920+0000] {logging_mixin.py:190} INFO - [2026-09-17T20:09:43.920+0000] {dag.py:3239} INFO - Sync 3 DAGs
[2026-09-17T20:09:43.940+0000] {logging_mixin.py:190} INFO - [2026-09-17T20:09:43.940+0000] {dag.py:3262} INFO - Creating ORM DAG for example_subdag_operator
[2026-09-17T20:09:43.943+0000] {logging_mixin.py:190} INFO - [2026-09-17T20:09:43.942+0000] {dag.py:3262} INFO - Creating ORM DAG for example_subdag_operator.section-2
[2026-09-17T20:09:43.945+0000] {logging_mixin.py:190} INFO - [2026-09-17T20:09:43.945+0000] {dag.py:3262} INFO - Creating ORM DAG for example_subdag_operator.section-1
[2026-09-17T20:09:43.960+0000] {logging_mixin.py:190} INFO - [2026-09-17T20:09:43.960+0000] {dag.py:4180} INFO - Setting next_dagrun for example_subdag_operator to 2022-01-01 00:00:00+00:00, run_after=2022-01-01 00:00:00+00:00
[2026-09-17T20:09:43.962+0000] {logging_mixin.py:190} INFO - [2026-09-17T20:09:43.962+0000] {dag.py:4180} INFO - Setting next_dagrun for example_subdag_operator.section-1 to None, run_after=None
[2026-09-17T20:09:43.965+0000] {logging_mixin.py:190} INFO - [2026-09-17T20:09:43.964+0000] {dag.py:4180} INFO - Setting next_dagrun for example_subdag_operator.section-2 to None, run_after=None
[2026-09-17T20:09:43.981+0000] {logging_mixin.py:190} INFO - [2026-09-17T20:09:43.981+0000] {dag.py:3239} INFO - Sync 2 DAGs
[2026-09-17T20:09:43.992+0000] {logging_mixin.py:190} INFO - [2026-09-17T20:09:43.992+0000] {dag.py:4180} INFO - Setting next_dagrun for example_subdag_operator.section-1 to None, run_after=None
[2026-09-17T20:09:43.997+0000] {logging_mixin.py:190} INFO - [2026-09-17T20:09:43.997+0000] {dag.py:4180} INFO - Setting next_dagrun for example_subdag_operator.section-2 to None, run_after=None
[2026-09-17T20:09:44.024+0000] {processor.py:208} INFO - Processing /home/airflow/.local/lib/python3.12/site-packages/airflow/example_dags/example_subdag_operator.py took 0.492 seconds
[2026-09-17T20:10:14.647+0000] {processor.py:186} INFO - Started process (PID=143) to work on /home/airflow/.local/lib/python3.12/site-packages/airflow/example_dags/example_subdag_operator.py
[2026-09-17T20:10:14.649+0000] {processor.py:914} INFO - Processing file /home/airflow/.local/lib/python3.12/site-packages/airflow/example_dags/example_subdag_operator.py for tasks to queue
[2026-09-17T20:10:14.652+0000] {logging_mixin.py:190} INFO - [2026-09-17T20:10:14.652+0000] {dagbag.py:588} INFO - Filling up the DagBag from /home/airflow/.local/lib/python3.12/site-packages/airflow/example_dags/example_subdag_operator.py
[2026-09-17T20:10:14.696+0000] {processor.py:925} INFO - DAG(s) 'example_subdag_operator.section-1', 'example_subdag_operator.section-2', 'example_subdag_operator' retrieved from /home/airflow/.local/lib/python3.12/site-packages/airflow/example_dags/example_subdag_operator.py
[2026-09-17T20:10:14.719+0000] {logging_mixin.py:190} INFO - [2026-09-17T20:10:14.718+0000] {dag.py:3239} INFO - Sync 3 DAGs
[2026-09-17T20:10:14.754+0000] {logging_mixin.py:190} INFO - [2026-09-17T20:10:14.753+0000] {dag.py:4180} INFO - Setting next_dagrun for example_subdag_operator to 2022-01-01 00:00:00+00:00, run_after=2022-01-01 00:00:00+00:00
[2026-09-17T20:10:14.760+0000] {logging_mixin.py:190} INFO - [2026-09-17T20:10:14.759+0000] {dag.py:4180} INFO - Setting next_dagrun for example_subdag_operator.section-1 to None, run_after=None
[2026-09-17T20:10:14.763+0000] {logging_mixin.py:190} INFO - [2026-09-17T20:10:14.763+0000] {dag.py:4180} INFO - Setting next_dagrun for example_subdag_operator.section-2 to None, run_after=None
[2026-09-17T20:10:14.775+0000] {logging_mixin.py:190} INFO - [2026-09-17T20:10:14.775+0000] {dag.py:3239} INFO - Sync 2 DAGs
[2026-09-17T20:10:14.787+0000] {logging_mixin.py:190} INFO - [2026-09-17T20:10:14.786+0000] {dag.py:4180} INFO - Setting next_dagrun for example_subdag_operator.section-1 to None, run_after=None
[2026-09-17T20:10:14.789+0000] {logging_mixin.py:190} INFO - [2026-09-17T20:10:14.789+0000] {dag.py:4180} INFO - Setting next_dagrun for example_subdag_operator.section-2 to None, run_after=None
[2026-09-17T20:10:14.808+0000] {processor.py:208} INFO - Processing /home/airflow/.local/lib/python3.12/site-packages/airflow/example_dags/example_subdag_operator.py took 0.168 seconds
[2026-09-17T20:10:45.616+0000] {processor.py:186} INFO - Started process (PID=208) to work on /home/airflow/.local/lib/python3.12/site-packages/airflow/example_dags/example_subdag_operator.py
[2026-09-17T20:10:45.618+0000] {processor.py:914} INFO - Processing file /home/airflow/.local/lib/python3.12/site-packages/airflow/example_dags/example_subdag_operator.py for tasks to queue
[2026-09-17T20:10:45.620+0000] {logging_mixin.py:190} INFO - [2026-09-17T20:10:45.620+0000] {dagbag.py:588} INFO - Filling up the DagBag from /home/airflow/.local/lib/python3.12/site-packages/airflow/example_dags/example_subdag_operator.py
[2026-09-17T20:10:45.657+0000] {processor.py:925} INFO - DAG(s) 'example_subdag_operator.section-1', 'example_subdag_operator.section-2', 'example_subdag_operator' retrieved from /home/airflow/.local/lib/python3.12/site-packages/airflow/example_dags/example_subdag_operator.py
[2026-09-17T20:10:45.675+0000] {logging_mixin.py:190} INFO - [2026-09-17T20:10:45.675+0000] {dag.py:3239} INFO - Sync 3 DAGs
[2026-09-17T20:10:45.704+0000] {logging_mixin.py:190} INFO - [2026-09-17T20:10:45.704+0000] {dag.py:4180} INFO - Setting next_dagrun for example_subdag_operator to 2022-01-01 00:00:00+00:00, run_after=2022-01-01 00:00:00+00:00
[2026-09-17T20:10:45.709+0000] {logging_mixin.py:190} INFO - [2026-09-17T20:10:45.709+0000] {dag.py:4180} INFO - Setting next_dagrun for example_subdag_operator.section-1 to None, run_after=None
[2026-09-17T20:10:45.712+0000] {logging_mixin.py:190} INFO - [2026-09-17T20:10:45.711+0000] {dag.py:4180} INFO - Setting next_dagrun for example_subdag_operator.section-2 to None, run_after=None
[2026-09-17T20:10:45.723+0000] {logging_mixin.py:190} INFO - [2026-09-17T20:10:45.723+0000] {dag.py:3239} INFO - Sync 2 DAGs
[2026-09-17T20:10:45.731+0000] {logging_mixin.py:190} INFO - [2026-09-17T20:10:45.731+0000] {dag.py:4180} INFO - Setting next_dagrun for example_subdag_operator.section-1 to None, run_after=None
[2026-09-17T20:10:45.733+0000] {logging_mixin.py:190} INFO - [2026-09-17T20:10:45.733+0000] {dag.py:4180} INFO - Setting next_dagrun for example_subdag_operator.section-2 to None, run_after=None
[2026-09-17T20:10:45.750+0000] {processor.py:208} INFO - Processing /home/airflow/.local/lib/python3.12/site-packages/airflow/example_dags/example_subdag_operator.py took 0.140 seconds
[2026-09-17T20:11:16.479+0000] {processor.py:186} INFO - Started process (PID=272) to work on /home/airflow/.local/lib/python3.12/site-packages/airflow/example_dags/example_subdag_operator.py
[2026-09-17T20:11:16.482+0000] {processor.py:914} INFO - Processing file /home/airflow/.local/lib/python3.12/site-packages/airflow/example_dags/example_subdag_operator.py for tasks to queue
[2026-09-17T20:11:16.486+0000] {logging_mixin.py:190} INFO - [2026-09-17T20:11:16.485+0000] {dagbag.py:588} INFO - Filling up the DagBag from /home/airflow/.local/lib/python3.12/site-packages/airflow/example_dags/example_subdag_operator.py
[2026-09-17T20:11:16.533+0000] {processor.py:925} INFO - DAG(s) 'example_subdag_operator.section-1', 'example_subdag_operator.section-2', 'example_subdag_operator' retrieved from /home/airflow/.local/lib/python3.12/site-packages/airflow/example_dags/example_subdag_operator.py
[2026-09-17T20:11:16.555+0000] {logging_mixin.py:190} INFO - [2026-09-17T20:11:16.554+0000] {dag.py:3239} INFO - Sync 3 DAGs
[2026-09-17T20:11:16.588+0000] {logging_mixin.py:190} INFO - [2026-09-17T20:11:16.588+0000] {dag.py:4180} INFO - Setting next_dagrun for example_subdag_operator to 2022-01-01 00:00:00+00:00, run_after=2022-01-01 00:00:00+00:00
[2026-09-17T20:11:16.596+0000] {logging_mixin.py:190} INFO - [2026-09-17T20:11:16.595+0000] {dag.py:4180} INFO - Setting next_dagrun for example_subdag_operator.section-1 to None, run_after=None
[2026-09-17T20:11:16.599+0000] {logging_mixin.py:190} INFO - [2026-09-17T20:11:16.599+0000] {dag.py:4180} INFO - Setting next_dagrun for example_subdag_operator.section-2 to None, run_after=None
[2026-09-17T20:11:16.615+0000] {logging_mixin.py:190} INFO - [2026-09-17T20:11:16.614+0000] {dag.py:3239} INFO - Sync 2 DAGs
[2026-09-17T20:11:16.627+0000] {logging_mixin.py:190} INFO - [2026-09-17T20:11:16.626+0000] {dag.py:4180} INFO - Setting next_dagrun for example_subdag_operator.section-1 to None, run_after=None
[2026-09-17T20:11:16.629+0000] {logging_mixin.py:190} INFO - [2026-09-17T20:11:16.628+0000] {dag.py:4180} INFO - Setting next_dagrun for example_subdag_operator.section-2 to None, run_after=None
[2026-09-17T20:11:16.657+0000] {processor.py:208} INFO - Processing /home/airflow/.local/lib/python3.12/site-packages/airflow/example_dags/example_subdag_operator.py took 0.185 seconds
[2026-09-17T20:11:47.085+0000] {processor.py:186} INFO - Started process (PID=329) to work on /home/airflow/.local/lib/python3.12/site-packages/airflow/example_dags/example_subdag_operator.py
[2026-09-17T20:11:47.087+0000] {processor.py:914} INFO - Processing file /home/airflow/.local/lib/python3.12/site-packages/airflow/example_dags/example_subdag_operator.py for tasks to queue
[2026-09-17T20:11:47.090+0000] {logging_mixin.py:190} INFO - [2026-09-17T20:11:47.090+0000] {dagbag.py:588} INFO - Filling up the DagBag from /home/airflow/.local/lib/python3.12/site-packages/airflow/example_dags/example_subdag_operator.py
[2026-09-17T20:11:47.141+0000] {processor.py:925} INFO - DAG(s) 'example_subdag_operator.section-1', 'example_subdag_operator.section-2', 'example_subdag_operator' retrieved from /home/airflow/.local/lib/python3.12/site-packages/airflow/example_dags/example_subdag_operator.py
[2026-09-17T20:11:47.165+0000] {logging_mixin.py:190} INFO - [2026-09-17T20:11:47.165+0000] {dag.py:3239} INFO - Sync 3 DAGs
[2026-09-17T20:11:47.199+0000] {logging_mixin.py:190} INFO - [2026-09-17T20:11:47.198+0000] {dag.py:4180} INFO - Setting next_dagrun for example_subdag_operator to 2022-01-01 00:00:00+00:00, run_after=2022-01-01 00:00:00+00:00
[2026-09-17T20:11:47.204+0000] {logging_mixin.py:190} INFO - [2026-09-17T20:11:47.204+0000] {dag.py:4180} INFO - Setting next_dagrun for example_subdag_operator.section-1 to None, run_after=None
[2026-09-17T20:11:47.208+0000] {logging_mixin.py:190} INFO - [2026-09-17T20:11:47.207+0000] {dag.py:4180} INFO - Setting next_dagrun for example_subdag_operator.section-2 to None, run_after=None
[2026-09-17T20:11:47.219+0000] {logging_mixin.py:190} INFO - [2026-09-17T20:11:47.219+0000] {dag.py:3239} INFO - Sync 2 DAGs
[2026-09-17T20:11:47.228+0000] {logging_mixin.py:190} INFO - [2026-09-17T20:11:47.228+0000] {dag.py:4180} INFO - Setting next_dagrun for example_subdag_operator.section-1 to None, run_after=None
[2026-09-17T20:11:47.230+0000] {logging_mixin.py:190} INFO - [2026-09-17T20:11:47.230+0000] {dag.py:4180} INFO - Setting next_dagrun for example_subdag_operator.section-2 to None, run_after=None
[2026-09-17T20:11:47.247+0000] {processor.py:208} INFO - Processing /home/airflow/.local/lib/python3.12/site-packages/airflow/example_dags/example_subdag_operator.py took 0.173 seconds
[2026-09-17T20:12:17.460+0000] {processor.py:186} INFO - Started process (PID=395) to work on /home/airflow/.local/lib/python3.12/site-packages/airflow/example_dags/example_subdag_operator.py
[2026-09-17T20:12:17.462+0000] {processor.py:914} INFO - Processing file /home/airflow/.local/lib/python3.12/site-packages/airflow/example_dags/example_subdag_operator.py for tasks to queue
[2026-09-17T20:12:17.465+0000] {logging_mixin.py:190} INFO - [2026-09-17T20:12:17.465+0000] {dagbag.py:588} INFO - Filling up the DagBag from /home/airflow/.local/lib/python3.12/site-packages/airflow/example_dags/example_subdag_operator.py
[2026-09-17T20:12:17.506+0000] {processor.py:925} INFO - DAG(s) 'example_subdag_operator.section-1', 'example_subdag_operator.section-2', 'example_subdag_operator' retrieved from /home/airflow/.local/lib/python3.12/site-packages/airflow/example_dags/example_subdag_operator.py
[2026-09-17T20:12:17.524+0000] {logging_mixin.py:190} INFO - [2026-09-17T20:12:17.524+0000] {dag.py:3239} INFO - Sync 3 DAGs
[2026-09-17T20:12:17.552+0000] {logging_mixin.py:190} INFO - [2026-09-17T20:12:17.552+0000] {dag.py:4180} INFO - Setting next_dagrun for example_subdag_operator to 2022-01-01 00:00:00+00:00, run_after=2022-01-01 00:00:00+00:00
[2026-09-17T20:12:17.559+0000] {logging_mixin.py:190} INFO - [2026-09-17T20:12:17.558+0000] {dag.py:4180} INFO - Setting next_dagrun for example_subdag_operator.section-1 to None, run_after=None
[2026-09-17T20:12:17.563+0000] {logging_mixin.py:190} INFO - [2026-09-17T20:12:17.562+0000] {dag.py:4180} INFO - Setting next_dagrun for example_subdag_operator.section-2 to None, run_after=None
[2026-09-17T20:12:17.575+0000] {logging_mixin.py:190} INFO - [2026-09-17T20:12:17.574+0000] {dag.py:3239} INFO - Sync 2 DAGs
[2026-09-17T20:12:17.584+0000] {logging_mixin.py:190} INFO - [2026-09-17T20:12:17.584+0000] {dag.py:4180} INFO - Setting next_dagrun for example_subdag_operator.section-1 to None, run_after=None
[2026-09-17T20:12:17.586+0000] {logging_mixin.py:190} INFO - [2026-09-17T20:12:17.586+0000] {dag.py:4180} INFO - Setting next_dagrun for example_subdag_operator.section-2 to None, run_after=None
[2026-09-17T20:12:17.606+0000] {processor.py:208} INFO - Processing /home/airflow/.local/lib/python3.12/site-packages/airflow/example_dags/example_subdag_operator.py took 0.152 seconds
[2026-09-17T20:12:48.105+0000] {processor.py:186} INFO - Started process (PID=459) to work on /home/airflow/.local/lib/python3.12/site-packages/airflow/example_dags/example_subdag_operator.py
[2026-09-17T20:12:48.107+0000] {processor.py:914} INFO - Processing file /home/airflow/.local/lib/python3.12/site-packages/airflow/example_dags/example_subdag_operator.py for tasks to queue
[2026-09-17T20:12:48.109+0000] {logging_mixin.py:190} INFO - [2026-09-17T20:12:48.109+0000] {dagbag.py:588} INFO - Filling up the DagBag from /home/airflow/.local/lib/python3.12/site-packages/airflow/example_dags/example_subdag_operator.py
[2026-09-17T20:12:48.142+0000] {processor.py:925} INFO - DAG(s) 'example_subdag_operator.section-1', 'example_subdag_operator.section-2', 'example_subdag_operator' retrieved from /home/airflow/.local/lib/python3.12/site-packages/airflow/example_dags/example_subdag_operator.py
[2026-09-17T20:12:48.158+0000] {logging_mixin.py:190} INFO - [2026-09-17T20:12:48.158+0000] {dag.py:3239} INFO - Sync 3 DAGs
[2026-09-17T20:12:48.183+0000] {logging_mixin.py:190} INFO - [2026-09-17T20:12:48.183+0000] {dag.py:4180} INFO - Setting next_dagrun for example_subdag_operator to 2022-01-01 00:00:00+00:00, run_after=2022-01-01 00:00:00+00:00
[2026-09-17T20:12:48.188+0000] {logging_mixin.py:190} INFO - [2026-09-17T20:12:48.188+0000] {dag.py:4180} INFO - Setting next_dagrun for example_subdag_operator.section-1 to None, run_after=None
[2026-09-17T20:12:48.191+0000] {logging_mixin.py:190} INFO - [2026-09-17T20:12:48.191+0000] {dag.py:4180} INFO - Setting next_dagrun for example_subdag_operator.section-2 to None, run_after=None
[2026-09-17T20:12:48.200+0000] {logging_mixin.py:190} INFO - [2026-09-17T20:12:48.200+0000] {dag.py:3239} INFO - Sync 2 DAGs
[2026-09-17T20:12:48.210+0000] {logging_mixin.py:190} INFO - [2026-09-17T20:12:48.210+0000] {dag.py:4180} INFO - Setting next_dagrun for example_subdag_operator.section-1 to None, run_after=None
[2026-09-17T20:12:48.212+0000] {logging_mixin.py:190} INFO - [2026-09-17T20:12:48.211+0000] {dag.py:4180} INFO - Setting next_dagrun for example_subdag_operator.section-2 to None, run_after=None
[2026-09-17T20:12:48.226+0000] {processor.py:208} INFO - Processing /home/airflow/.local/lib/python3.12/site-packages/airflow/example_dags/example_subdag_operator.py took 0.127 seconds
[2026-09-17T20:13:18.323+0000] {processor.py:186} INFO - Started process (PID=524) to work on /home/airflow/.local/lib/python3.12/site-packages/airflow/example_dags/example_subdag_operator.py
[2026-09-17T20:13:18.325+0000] {processor.py:914} INFO - Processing file /home/airflow/.local/lib/python3.12/site-packages/airflow/example_dags/example_subdag_operator.py for tasks to queue
[2026-09-17T20:13:18.328+0000] {logging_mixin.py:190} INFO - [2026-09-17T20:13:18.327+0000] {dagbag.py:588} INFO - Filling up the DagBag from /home/airflow/.local/lib/python3.12/site-packages/airflow/example_dags/example_subdag_operator.py
[2026-09-17T20:13:18.361+0000] {processor.py:925} INFO - DAG(s) 'example_subdag_operator.section-1', 'example_subdag_operator.section-2', 'example_subdag_operator' retrieved from /home/airflow/.local/lib/python3.12/site-packages/airflow/example_dags/example_subdag_operator.py
[2026-09-17T20:13:18.378+0000] {logging_mixin.py:190} INFO - [2026-09-17T20:13:18.378+0000] {dag.py:3239} INFO - Sync 3 DAGs
[2026-09-17T20:13:18.403+0000] {logging_mixin.py:190} INFO - [2026-09-17T20:13:18.403+0000] {dag.py:4180} INFO - Setting next_dagrun for example_subdag_operator to 2022-01-01 00:00:00+00:00, run_after=2022-01-01 00:00:00+00:00
[2026-09-17T20:13:18.408+0000] {logging_mixin.py:190} INFO - [2026-09-17T20:13:18.408+0000] {dag.py:4180} INFO - Setting next_dagrun for example_subdag_operator.section-1 to None, run_after=None
[2026-09-17T20:13:18.410+0000] {logging_mixin.py:190} INFO - [2026-09-17T20:13:18.410+0000] {dag.py:4180} INFO - Setting next_dagrun for example_subdag_operator.section-2 to None, run_after=None
[2026-09-17T20:13:18.420+0000] {logging_mixin.py:190} INFO - [2026-09-17T20:13:18.420+0000] {dag.py:3239} INFO - Sync 2 DAGs
[2026-09-17T20:13:18.427+0000] {logging_mixin.py:190} INFO - [2026-09-17T20:13:18.427+0000] {dag.py:4180} INFO - Setting next_dagrun for example_subdag_operator.section-1 to None, run_after=None
[2026-09-17T20:13:18.429+0000] {logging_mixin.py:190} INFO - [2026-09-17T20:13:18.429+0000] {dag.py:4180} INFO - Setting next_dagrun for example_subdag_operator.section-2 to None, run_after=None
[2026-09-17T20:13:18.444+0000] {processor.py:208} INFO - Processing /home/airflow/.local/lib/python3.12/site-packages/airflow/example_dags/example_subdag_operator.py took 0.129 seconds
[2026-09-17T20:13:49.935+0000] {processor.py:186} INFO - Started process (PID=589) to work on /home/airflow/.local/lib/python3.12/site-packages/airflow/example_dags/example_subdag_operator.py
[2026-09-17T20:13:49.937+0000] {processor.py:914} INFO - Processing file /home/airflow/.local/lib/python3.12/site-packages/airflow/example_dags/example_subdag_operator.py for tasks to queue
[2026-09-17T20:13:49.939+0000] {logging_mixin.py:190} INFO - [2026-09-17T20:13:49.939+0000] {dagbag.py:588} INFO - Filling up the DagBag from /home/airflow/.local/lib/python3.12/site-packages/airflow/example_dags/example_subdag_operator.py
[2026-09-17T20:13:49.977+0000] {processor.py:925} INFO - DAG(s) 'example_subdag_operator.section-1', 'example_subdag_operator.section-2', 'example_subdag_operator' retrieved from /home/airflow/.local/lib/python3.12/site-packages/airflow/example_dags/example_subdag_operator.py
[2026-09-17T20:13:50.003+0000] {logging_mixin.py:190} INFO - [2026-09-17T20:13:50.003+0000] {dag.py:3239} INFO - Sync 3 DAGs
[2026-09-17T20:13:50.044+0000] {logging_mixin.py:190} INFO - [2026-09-17T20:13:50.044+0000] {dag.py:4180} INFO - Setting next_dagrun for example_subdag_operator to 2022-01-01 00:00:00+00:00, run_after=2022-01-01 00:00:00+00:00
[2026-09-17T20:13:50.049+0000] {logging_mixin.py:190} INFO - [2026-09-17T20:13:50.049+0000] {dag.py:4180} INFO - Setting next_dagrun for example_subdag_operator.section-1 to None, run_after=None
[2026-09-17T20:13:50.051+0000] {logging_mixin.py:190} INFO - [2026-09-17T20:13:50.051+0000] {dag.py:4180} INFO - Setting next_dagrun for example_subdag_operator.section-2 to None, run_after=None
[2026-09-17T20:13:50.060+0000] {logging_mixin.py:190} INFO - [2026-09-17T20:13:50.059+0000] {dag.py:3239} INFO - Sync 2 DAGs
[2026-09-17T20:13:50.069+0000] {logging_mixin.py:190} INFO - [2026-09-17T20:13:50.069+0000] {dag.py:4180} INFO - Setting next_dagrun for example_subdag_operator.section-1 to None, run_after=None
[2026-09-17T20:13:50.071+0000] {logging_mixin.py:190} INFO - [2026-09-17T20:13:50.071+0000] {dag.py:4180} INFO - Setting next_dagrun for example_subdag_operator.section-2 to None, run_after=None
[2026-09-17T20:13:50.085+0000] {processor.py:208} INFO - Processing /home/airflow/.local/lib/python3.12/site-packages/airflow/example_dags/example_subdag_operator.py took 0.155 seconds
[2026-09-17T20:14:21.459+0000] {processor.py:186} INFO - Started process (PID=654) to work on /home/airflow/.local/lib/python3.12/site-packages/airflow/example_dags/example_subdag_operator.py
[2026-09-17T20:14:21.462+0000] {processor.py:914} INFO - Processing file /home/airflow/.local/lib/python3.12/site-packages/airflow/example_dags/example_subdag_operator.py for tasks to queue
[2026-09-17T20:14:21.466+0000] {logging_mixin.py:190} INFO - [2026-09-17T20:14:21.465+0000] {dagbag.py:588} INFO - Filling up the DagBag from /home/airflow/.local/lib/python3.12/site-packages/airflow/example_dags/example_subdag_operator.py
[2026-09-17T20:14:21.514+0000] {processor.py:925} INFO - DAG(s) 'example_subdag_operator.section-1', 'example_subdag_operator.section-2', 'example_subdag_operator' retrieved from /home/airflow/.local/lib/python3.12/site-packages/airflow/example_dags/example_subdag_operator.py
[2026-09-17T20:14:21.533+0000] {logging_mixin.py:190} INFO - [2026-09-17T20:14:21.533+0000] {dag.py:3239} INFO - Sync 3 DAGs
[2026-09-17T20:14:21.565+0000] {logging_mixin.py:190} INFO - [2026-09-17T20:14:21.565+0000] {dag.py:4180} INFO - Setting next_dagrun for example_subdag_operator to 2022-01-01 00:00:00+00:00, run_after=2022-01-01 00:00:00+00:00
[2026-09-17T20:14:21.571+0000] {logging_mixin.py:190} INFO - [2026-09-17T20:14:21.571+0000] {dag.py:4180} INFO - Setting next_dagrun for example_subdag_operator.section-1 to None, run_after=None
[2026-09-17T20:14:21.574+0000] {logging_mixin.py:190} INFO - [2026-09-17T20:14:21.574+0000] {dag.py:4180} INFO - Setting next_dagrun for example_subdag_operator.section-2 to None, run_after=None
[2026-09-17T20:14:21.584+0000] {logging_mixin.py:190} INFO - [2026-09-17T20:14:21.584+0000] {dag.py:3239} INFO - Sync 2 DAGs
[2026-09-17T20:14:21.593+0000] {logging_mixin.py:190} INFO - [2026-09-17T20:14:21.593+0000] {dag.py:4180} INFO - Setting next_dagrun for example_subdag_operator.section-1 to None, run_after=None
[2026-09-17T20:14:21.595+0000] {logging_mixin.py:190} INFO - [2026-09-17T20:14:21.594+0000] {dag.py:4180} INFO - Setting next_dagrun for example_subdag_operator.section-2 to None, run_after=None
[2026-09-17T20:14:21.614+0000] {processor.py:208} INFO - Processing /home/airflow/.local/lib/python3.12/site-packages/airflow/example_dags/example_subdag_operator.py took 0.166 seconds
[2026-09-17T20:14:52.679+0000] {processor.py:186} INFO - Started process (PID=719) to work on /home/airflow/.local/lib/python3.12/site-packages/airflow/example_dags/example_subdag_operator.py
[2026-09-17T20:14:52.680+0000] {processor.py:914} INFO - Processing file /home/airflow/.local/lib/python3.12/site-packages/airflow/example_dags/example_subdag_operator.py for tasks to queue
[2026-09-17T20:14:52.682+0000] {logging_mixin.py:190} INFO - [2026-09-17T20:14:52.682+0000] {dagbag.py:588} INFO - Filling up the DagBag from /home/airflow/.local/lib/python3.12/site-packages/airflow/example_dags/example_subdag_operator.py
[2026-09-17T20:14:52.715+0000] {processor.py:925} INFO - DAG(s) 'example_subdag_operator.section-1', 'example_subdag_operator.section-2', 'example_subdag_operator' retrieved from /home/airflow/.local/lib/python3.12/site-packages/airflow/example_dags/example_subdag_operator.py
[2026-09-17T20:14:52.731+0000] {logging_mixin.py:190} INFO - [2026-09-17T20:14:52.731+0000] {dag.py:3239} INFO - Sync 3 DAGs
[2026-09-17T20:14:52.755+0000] {logging_mixin.py:190} INFO - [2026-09-17T20:14:52.755+0000] {dag.py:4180} INFO - Setting next_dagrun for example_subdag_operator to 2022-01-01 00:00:00+00:00, run_after=2022-01-01 00:00:00+00:00
[2026-09-17T20:14:52.760+0000] {logging_mixin.py:190} INFO - [2026-09-17T20:14:52.760+0000] {dag.py:4180} INFO - Setting next_dagrun for example_subdag_operator.section-1 to None, run_after=None
[2026-09-17T20:14:52.763+0000] {logging_mixin.py:190} INFO - [2026-09-17T20:14:52.763+0000] {dag.py:4180} INFO - Setting next_dagrun for example_subdag_operator.section-2 to None, run_after=None
[2026-09-17T20:14:52.772+0000] {logging_mixin.py:190} INFO - [2026-09-17T20:14:52.771+0000] {dag.py:3239} INFO - Sync 2 DAGs
[2026-09-17T20:14:52.780+0000] {logging_mixin.py:190} INFO - [2026-09-17T20:14:52.779+0000] {dag.py:4180} INFO - Setting next_dagrun for example_subdag_operator.section-1 to None, run_after=None
[2026-09-17T20:14:52.781+0000] {logging_mixin.py:190} INFO - [2026-09-17T20:14:52.781+0000] {dag.py:4180} INFO - Setting next_dagrun for example_subdag_operator.section-2 to None, run_after=None
[2026-09-17T20:14:52.794+0000] {processor.py:208} INFO - Processing /home/airflow/.local/lib/python3.12/site-packages/airflow/example_dags/example_subdag_operator.py took 0.122 seconds
[2026-09-17T20:15:24.057+0000] {processor.py:186} INFO - Started process (PID=784) to work on /home/airflow/.local/lib/python3.12/site-packages/airflow/example_dags/example_subdag_operator.py
[2026-09-17T20:15:24.059+0000] {processor.py:914} INFO - Processing file /home/airflow/.local/lib/python3.12/site-packages/airflow/example_dags/example_subdag_operator.py for tasks to queue
[2026-09-17T20:15:24.062+0000] {logging_mixin.py:190} INFO - [2026-09-17T20:15:24.061+0000] {dagbag.py:588} INFO - Filling up the DagBag from /home/airflow/.local/lib/python3.12/site-packages/airflow/example_dags/example_subdag_operator.py
[2026-09-17T20:15:24.097+0000] {processor.py:925} INFO - DAG(s) 'example_subdag_operator.section-1', 'example_subdag_operator.section-2', 'example_subdag_operator' retrieved from /home/airflow/.local/lib/python3.12/site-packages/airflow/example_dags/example_subdag_operator.py
[2026-09-17T20:15:24.116+0000] {logging_mixin.py:190} INFO - [2026-09-17T20:15:24.115+0000] {dag.py:3239} INFO - Sync 3 DAGs
[2026-09-17T20:15:24.141+0000] {logging_mixin.py:190} INFO - [2026-09-17T20:15:24.140+0000] {dag.py:4180} INFO - Setting next_dagrun for example_subdag_operator to 2022-01-01 00:00:00+00:00, run_after=2022-01-01 00:00:00+00:00
[2026-09-17T20:15:24.146+0000] {logging_mixin.py:190} INFO - [2026-09-17T20:15:24.146+0000] {dag.py:4180} INFO - Setting next_dagrun for example_subdag_operator.section-1 to None, run_after=None
[2026-09-17T20:15:24.149+0000] {logging_mixin.py:190} INFO - [2026-09-17T20:15:24.148+0000] {dag.py:4180} INFO - Setting next_dagrun for example_subdag_operator.section-2 to None, run_after=None
[2026-09-17T20:15:24.158+0000] {logging_mixin.py:190} INFO - [2026-09-17T20:15:24.158+0000] {dag.py:3239} INFO - Sync 2 DAGs
[2026-09-17T20:15:24.166+0000] {logging_mixin.py:190} INFO - [2026-09-17T20:15:24.166+0000] {dag.py:4180} INFO - Setting next_dagrun for example_subdag_operator.section-1 to None, run_after=None
[2026-09-17T20:15:24.170+0000] {logging_mixin.py:190} INFO - [2026-09-17T20:15:24.169+0000] {dag.py:4180} INFO - Setting next_dagrun for example_subdag_operator.section-2 to None, run_after=None
[2026-09-17T20:15:24.189+0000] {processor.py:208} INFO - Processing /home/airflow/.local/lib/python3.12/site-packages/airflow/example_dags/example_subdag_operator.py took 0.137 seconds
[2026-09-17T20:15:55.481+0000] {processor.py:186} INFO - Started process (PID=849) to work on /home/airflow/.local/lib/python3.12/site-packages/airflow/example_dags/example_subdag_operator.py
[2026-09-17T20:15:55.483+0000] {processor.py:914} INFO - Processing file /home/airflow/.local/lib/python3.12/site-packages/airflow/example_dags/example_subdag_operator.py for tasks to queue
[2026-09-17T20:15:55.486+0000] {logging_mixin.py:190} INFO - [2026-09-17T20:15:55.486+0000] {dagbag.py:588} INFO - Filling up the DagBag from /home/airflow/.local/lib/python3.12/site-packages/airflow/example_dags/example_subdag_operator.py
[2026-09-17T20:15:55.524+0000] {processor.py:925} INFO - DAG(s) 'example_subdag_operator.section-1', 'example_subdag_operator.section-2', 'example_subdag_operator' retrieved from /home/airflow/.local/lib/python3.12/site-packages/airflow/example_dags/example_subdag_operator.py
[2026-09-17T20:15:55.542+0000] {logging_mixin.py:190} INFO - [2026-09-17T20:15:55.541+0000] {dag.py:3239} INFO - Sync 3 DAGs
[2026-09-17T20:15:55.568+0000] {logging_mixin.py:190} INFO - [2026-09-17T20:15:55.567+0000] {dag.py:4180} INFO - Setting next_dagrun for example_subdag_operator to 2022-01-01 00:00:00+00:00, run_after=2022-01-01 00:00:00+00:00
[2026-09-17T20:15:55.573+0000] {logging_mixin.py:190} INFO - [2026-09-17T20:15:55.573+0000] {dag.py:4180} INFO - Setting next_dagrun for example_subdag_operator.section-1 to None, run_after=None
[2026-09-17T20:15:55.576+0000] {logging_mixin.py:190} INFO - [2026-09-17T20:15:55.576+0000] {dag.py:4180} INFO - Setting next_dagrun for example_subdag_operator.section-2 to None, run_after=None
[2026-09-17T20:15:55.585+0000] {logging_mixin.py:190} INFO - [2026-09-17T20:15:55.585+0000] {dag.py:3239} INFO - Sync 2 DAGs
[2026-09-17T20:15:55.593+0000] {logging_mixin.py:190} INFO - [2026-09-17T20:15:55.593+0000] {dag.py:4180} INFO - Setting next_dagrun for example_subdag_operator.section-1 to None, run_after=None
[2026-09-17T20:15:55.595+0000] {logging_mixin.py:190} INFO - [2026-09-17T20:15:55.595+0000] {dag.py:4180} INFO - Setting next_dagrun for example_subdag_operator.section-2 to None, run_after=None
[2026-09-17T20:15:55.612+0000] {processor.py:208} INFO - Processing /home/airflow/.local/lib/python3.12/site-packages/airflow/example_dags/example_subdag_operator.py took 0.138 seconds
[2026-09-17T20:16:26.814+0000] {processor.py:186} INFO - Started process (PID=914) to work on /home/airflow/.local/lib/python3.12/site-packages/airflow/example_dags/example_subdag_operator.py
[2026-09-17T20:16:26.816+0000] {processor.py:914} INFO - Processing file /home/airflow/.local/lib/python3.12/site-packages/airflow/example_dags/example_subdag_operator.py for tasks to queue
[2026-09-17T20:16:26.818+0000] {logging_mixin.py:190} INFO - [2026-09-17T20:16:26.818+0000] {dagbag.py:588} INFO - Filling up the DagBag from /home/airflow/.local/lib/python3.12/site-packages/airflow/example_dags/example_subdag_operator.py
[2026-09-17T20:16:26.851+0000] {processor.py:925} INFO - DAG(s) 'example_subdag_operator.section-1', 'example_subdag_operator.section-2', 'example_subdag_operator' retrieved from /home/airflow/.local/lib/python3.12/site-packages/airflow/example_dags/example_subdag_operator.py
[2026-09-17T20:16:26.868+0000] {logging_mixin.py:190} INFO - [2026-09-17T20:16:26.868+0000] {dag.py:3239} INFO - Sync 3 DAGs
[2026-09-17T20:16:26.894+0000] {logging_mixin.py:190} INFO - [2026-09-17T20:16:26.894+0000] {dag.py:4180} INFO - Setting next_dagrun for example_subdag_operator to 2022-01-01 00:00:00+00:00, run_after=2022-01-01 00:00:00+00:00
[2026-09-17T20:16:26.899+0000] {logging_mixin.py:190} INFO - [2026-09-17T20:16:26.899+0000] {dag.py:4180} INFO - Setting next_dagrun for example_subdag_operator.section-1 to None, run_after=None
[2026-09-17T20:16:26.902+0000] {logging_mixin.py:190} INFO - [2026-09-17T20:16:26.902+0000] {dag.py:4180} INFO - Setting next_dagrun for example_subdag_operator.section-2 to None, run_after=None
[2026-09-17T20:16:26.911+0000] {logging_mixin.py:190} INFO - [2026-09-17T20:16:26.910+0000] {dag.py:3239} INFO - Sync 2 DAGs
[2026-09-17T20:16:26.918+0000] {logging_mixin.py:190} INFO - [2026-09-17T20:16:26.918+0000] {dag.py:4180} INFO - Setting next_dagrun for example_subdag_operator.section-1 to None, run_after=None
[2026-09-17T20:16:26.920+0000] {logging_mixin.py:190} INFO - [2026-09-17T20:16:26.919+0000] {dag.py:4180} INFO - Setting next_dagrun for example_subdag_operator.section-2 to None, run_after=None
[2026-09-17T20:16:26.937+0000] {processor.py:208} INFO - Processing /home/airflow/.local/lib/python3.12/site-packages/airflow/example_dags/example_subdag_operator.py took 0.129 seconds
[2026-09-17T20:16:58.938+0000] {processor.py:186} INFO - Started process (PID=979) to work on /home/airflow/.local/lib/python3.12/site-packages/airflow/example_dags/example_subdag_operator.py
[2026-09-17T20:16:58.941+0000] {processor.py:914} INFO - Processing file /home/airflow/.local/lib/python3.12/site-packages/airflow/example_dags/example_subdag_operator.py for tasks to queue
[2026-09-17T20:16:58.943+0000] {logging_mixin.py:190} INFO - [2026-09-17T20:16:58.943+0000] {dagbag.py:588} INFO - Filling up the DagBag from /home/airflow/.local/lib/python3.12/site-packages/airflow/example_dags/example_subdag_operator.py
[2026-09-17T20:16:58.980+0000] {processor.py:925} INFO - DAG(s) 'example_subdag_operator.section-1', 'example_subdag_operator.section-2', 'example_subdag_operator' retrieved from /home/airflow/.local/lib/python3.12/site-packages/airflow/example_dags/example_subdag_operator.py
[2026-09-17T20:16:58.996+0000] {logging_mixin.py:190} INFO - [2026-09-17T20:16:58.996+0000] {dag.py:3239} INFO - Sync 3 DAGs
[2026-09-17T20:16:59.023+0000] {logging_mixin.py:190} INFO - [2026-09-17T20:16:59.023+0000] {dag.py:4180} INFO - Setting next_dagrun for example_subdag_operator to 2022-01-01 00:00:00+00:00, run_after=2022-01-01 00:00:00+00:00
[2026-09-17T20:16:59.029+0000] {logging_mixin.py:190} INFO - [2026-09-17T20:16:59.029+0000] {dag.py:4180} INFO - Setting next_dagrun for example_subdag_operator.section-1 to None, run_after=None
[2026-09-17T20:16:59.032+0000] {logging_mixin.py:190} INFO - [2026-09-17T20:16:59.032+0000] {dag.py:4180} INFO - Setting next_dagrun for example_subdag_operator.section-2 to None, run_after=None
[2026-09-17T20:16:59.041+0000] {logging_mixin.py:190} INFO - [2026-09-17T20:16:59.041+0000] {dag.py:3239} INFO - Sync 2 DAGs
[2026-09-17T20:16:59.050+0000] {logging_mixin.py:190} INFO - [2026-09-17T20:16:59.050+0000] {dag.py:4180} INFO - Setting next_dagrun for example_subdag_operator.section-1 to None, run_after=None
[2026-09-17T20:16:59.051+0000] {logging_mixin.py:190} INFO - [2026-09-17T20:16:59.051+0000] {dag.py:4180} INFO - Setting next_dagrun for example_subdag_operator.section-2 to None, run_after=None
[2026-09-17T20:16:59.069+0000] {processor.py:208} INFO - Processing /home/airflow/.local/lib/python3.12/site-packages/airflow/example_dags/example_subdag_operator.py took 0.139 seconds
[2026-09-17T20:17:30.195+0000] {processor.py:186} INFO - Started process (PID=1044) to work on /home/airflow/.local/lib/python3.12/site-packages/airflow/example_dags/example_subdag_operator.py
[2026-09-17T20:17:30.197+0000] {processor.py:914} INFO - Processing file /home/airflow/.local/lib/python3.12/site-packages/airflow/example_dags/example_subdag_operator.py for tasks to queue
[2026-09-17T20:17:30.200+0000] {logging_mixin.py:190} INFO - [2026-09-17T20:17:30.200+0000] {dagbag.py:588} INFO - Filling up the DagBag from /home/airflow/.local/lib/python3.12/site-packages/airflow/example_dags/example_subdag_operator.py
[2026-09-17T20:17:30.241+0000] {processor.py:925} INFO - DAG(s) 'example_subdag_operator.section-1', 'example_subdag_operator.section-2', 'example_subdag_operator' retrieved from /home/airflow/.local/lib/python3.12/site-packages/airflow/example_dags/example_subdag_operator.py
[2026-09-17T20:17:30.259+0000] {logging_mixin.py:190} INFO - [2026-09-17T20:17:30.258+0000] {dag.py:3239} INFO - Sync 3 DAGs
[2026-09-17T20:17:30.289+0000] {logging_mixin.py:190} INFO - [2026-09-17T20:17:30.289+0000] {dag.py:4180} INFO - Setting next_dagrun for example_subdag_operator to 2022-01-01 00:00:00+00:00, run_after=2022-01-01 00:00:00+00:00
[2026-09-17T20:17:30.294+0000] {logging_mixin.py:190} INFO - [2026-09-17T20:17:30.294+0000] {dag.py:4180} INFO - Setting next_dagrun for example_subdag_operator.section-1 to None, run_after=None
[2026-09-17T20:17:30.297+0000] {logging_mixin.py:190} INFO - [2026-09-17T20:17:30.297+0000] {dag.py:4180} INFO - Setting next_dagrun for example_subdag_operator.section-2 to None, run_after=None
[2026-09-17T20:17:30.307+0000] {logging_mixin.py:190} INFO - [2026-09-17T20:17:30.307+0000] {dag.py:3239} INFO - Sync 2 DAGs
[2026-09-17T20:17:30.315+0000] {logging_mixin.py:190} INFO - [2026-09-17T20:17:30.315+0000] {dag.py:4180} INFO - Setting next_dagrun for example_subdag_operator.section-1 to None, run_after=None
[2026-09-17T20:17:30.317+0000] {logging_mixin.py:190} INFO - [2026-09-17T20:17:30.317+0000] {dag.py:4180} INFO - Setting next_dagrun for example_subdag_operator.section-2 to None, run_after=None
[2026-09-17T20:17:30.335+0000] {processor.py:208} INFO - Processing /home/airflow/.local/lib/python3.12/site-packages/airflow/example_dags/example_subdag_operator.py took 0.147 seconds
[2026-09-17T20:18:01.016+0000] {processor.py:186} INFO - Started process (PID=1109) to work on /home/airflow/.local/lib/python3.12/site-packages/airflow/example_dags/example_subdag_operator.py
[2026-09-17T20:18:01.019+0000] {processor.py:914} INFO - Processing file /home/airflow/.local/lib/python3.12/site-packages/airflow/example_dags/example_subdag_operator.py for tasks to queue
[2026-09-17T20:18:01.021+0000] {logging_mixin.py:190} INFO - [2026-09-17T20:18:01.021+0000] {dagbag.py:588} INFO - Filling up the DagBag from /home/airflow/.local/lib/python3.12/site-packages/airflow/example_dags/example_subdag_operator.py
[2026-09-17T20:18:01.057+0000] {processor.py:925} INFO - DAG(s) 'example_subdag_operator.section-1', 'example_subdag_operator.section-2', 'example_subdag_operator' retrieved from /home/airflow/.local/lib/python3.12/site-packages/airflow/example_dags/example_subdag_operator.py
[2026-09-17T20:18:01.075+0000] {logging_mixin.py:190} INFO - [2026-09-17T20:18:01.075+0000] {dag.py:3239} INFO - Sync 3 DAGs
[2026-09-17T20:18:01.104+0000] {logging_mixin.py:190} INFO - [2026-09-17T20:18:01.104+0000] {dag.py:4180} INFO - Setting next_dagrun for example_subdag_operator to 2022-01-01 00:00:00+00:00, run_after=2022-01-01 00:00:00+00:00
[2026-09-17T20:18:01.109+0000] {logging_mixin.py:190} INFO - [2026-09-17T20:18:01.109+0000] {dag.py:4180} INFO - Setting next_dagrun for example_subdag_operator.section-1 to None, run_after=None
[2026-09-17T20:18:01.111+0000] {logging_mixin.py:190} INFO - [2026-09-17T20:18:01.111+0000] {dag.py:4180} INFO - Setting next_dagrun for example_subdag_operator.section-2 to None, run_after=None
[2026-09-17T20:18:01.120+0000] {logging_mixin.py:190} INFO - [2026-09-17T20:18:01.120+0000] {dag.py:3239} INFO - Sync 2 DAGs
[2026-09-17T20:18:01.129+0000] {logging_mixin.py:190} INFO - [2026-09-17T20:18:01.128+0000] {dag.py:4180} INFO - Setting next_dagrun for example_subdag_operator.section-1 to None, run_after=None
[2026-09-17T20:18:01.131+0000] {logging_mixin.py:190} INFO - [2026-09-17T20:18:01.130+0000] {dag.py:4180} INFO - Setting next_dagrun for example_subdag_operator.section-2 to None, run_after=None
[2026-09-17T20:18:01.146+0000] {processor.py:208} INFO - Processing /home/airflow/.local/lib/python3.12/site-packages/airflow/example_dags/example_subdag_operator.py took 0.136 seconds
[2026-09-17T20:18:33.045+0000] {processor.py:186} INFO - Started process (PID=1174) to work on /home/airflow/.local/lib/python3.12/site-packages/airflow/example_dags/example_subdag_operator.py
[2026-09-17T20:18:33.047+0000] {processor.py:914} INFO - Processing file /home/airflow/.local/lib/python3.12/site-packages/airflow/example_dags/example_subdag_operator.py for tasks to queue
[2026-09-17T20:18:33.049+0000] {logging_mixin.py:190} INFO - [2026-09-17T20:18:33.049+0000] {dagbag.py:588} INFO - Filling up the DagBag from /home/airflow/.local/lib/python3.12/site-packages/airflow/example_dags/example_subdag_operator.py
[2026-09-17T20:18:33.086+0000] {processor.py:925} INFO - DAG(s) 'example_subdag_operator.section-1', 'example_subdag_operator.section-2', 'example_subdag_operator' retrieved from /home/airflow/.local/lib/python3.12/site-packages/airflow/example_dags/example_subdag_operator.py
[2026-09-17T20:18:33.104+0000] {logging_mixin.py:190} INFO - [2026-09-17T20:18:33.103+0000] {dag.py:3239} INFO - Sync 3 DAGs
[2026-09-17T20:18:33.131+0000] {logging_mixin.py:190} INFO - [2026-09-17T20:18:33.130+0000] {dag.py:4180} INFO - Setting next_dagrun for example_subdag_operator to 2022-01-01 00:00:00+00:00, run_after=2022-01-01 00:00:00+00:00
[2026-09-17T20:18:33.136+0000] {logging_mixin.py:190} INFO - [2026-09-17T20:18:33.136+0000] {dag.py:4180} INFO - Setting next_dagrun for example_subdag_operator.section-1 to None, run_after=None
[2026-09-17T20:18:33.139+0000] {logging_mixin.py:190} INFO - [2026-09-17T20:18:33.139+0000] {dag.py:4180} INFO - Setting next_dagrun for example_subdag_operator.section-2 to None, run_after=None
[2026-09-17T20:18:33.150+0000] {logging_mixin.py:190} INFO - [2026-09-17T20:18:33.150+0000] {dag.py:3239} INFO - Sync 2 DAGs
[2026-09-17T20:18:33.158+0000] {logging_mixin.py:190} INFO - [2026-09-17T20:18:33.158+0000] {dag.py:4180} INFO - Setting next_dagrun for example_subdag_operator.section-1 to None, run_after=None
[2026-09-17T20:18:33.160+0000] {logging_mixin.py:190} INFO - [2026-09-17T20:18:33.160+0000] {dag.py:4180} INFO - Setting next_dagrun for example_subdag_operator.section-2 to None, run_after=None
[2026-09-17T20:18:33.176+0000] {processor.py:208} INFO - Processing /home/airflow/.local/lib/python3.12/site-packages/airflow/example_dags/example_subdag_operator.py took 0.137 seconds
[2026-09-17T20:19:03.943+0000] {processor.py:186} INFO - Started process (PID=1239) to work on /home/airflow/.local/lib/python3.12/site-packages/airflow/example_dags/example_subdag_operator.py
[2026-09-17T20:19:03.945+0000] {processor.py:914} INFO - Processing file /home/airflow/.local/lib/python3.12/site-packages/airflow/example_dags/example_subdag_operator.py for tasks to queue
[2026-09-17T20:19:03.948+0000] {logging_mixin.py:190} INFO - [2026-09-17T20:19:03.947+0000] {dagbag.py:588} INFO - Filling up the DagBag from /home/airflow/.local/lib/python3.12/site-packages/airflow/example_dags/example_subdag_operator.py
[2026-09-17T20:19:03.985+0000] {processor.py:925} INFO - DAG(s) 'example_subdag_operator.section-1', 'example_subdag_operator.section-2', 'example_subdag_operator' retrieved from /home/airflow/.local/lib/python3.12/site-packages/airflow/example_dags/example_subdag_operator.py
[2026-09-17T20:19:04.004+0000] {logging_mixin.py:190} INFO - [2026-09-17T20:19:04.004+0000] {dag.py:3239} INFO - Sync 3 DAGs
[2026-09-17T20:19:04.030+0000] {logging_mixin.py:190} INFO - [2026-09-17T20:19:04.030+0000] {dag.py:4180} INFO - Setting next_dagrun for example_subdag_operator to 2022-01-01 00:00:00+00:00, run_after=2022-01-01 00:00:00+00:00
[2026-09-17T20:19:04.036+0000] {logging_mixin.py:190} INFO - [2026-09-17T20:19:04.036+0000] {dag.py:4180} INFO - Setting next_dagrun for example_subdag_operator.section-1 to None, run_after=None
[2026-09-17T20:19:04.039+0000] {logging_mixin.py:190} INFO - [2026-09-17T20:19:04.039+0000] {dag.py:4180} INFO - Setting next_dagrun for example_subdag_operator.section-2 to None, run_after=None
[2026-09-17T20:19:04.049+0000] {logging_mixin.py:190} INFO - [2026-09-17T20:19:04.048+0000] {dag.py:3239} INFO - Sync 2 DAGs
[2026-09-17T20:19:04.058+0000] {logging_mixin.py:190} INFO - [2026-09-17T20:19:04.058+0000] {dag.py:4180} INFO - Setting next_dagrun for example_subdag_operator.section-1 to None, run_after=None
[2026-09-17T20:19:04.060+0000] {logging_mixin.py:190} INFO - [2026-09-17T20:19:04.059+0000] {dag.py:4180} INFO - Setting next_dagrun for example_subdag_operator.section-2 to None, run_after=None
[2026-09-17T20:19:04.076+0000] {processor.py:208} INFO - Processing /home/airflow/.local/lib/python3.12/site-packages/airflow/example_dags/example_subdag_operator.py took 0.139 seconds
[2026-09-17T20:19:35.268+0000] {processor.py:186} INFO - Started process (PID=1297) to work on /home/airflow/.local/lib/python3.12/site-packages/airflow/example_dags/example_subdag_operator.py
[2026-09-17T20:19:35.270+0000] {processor.py:914} INFO - Processing file /home/airflow/.local/lib/python3.12/site-packages/airflow/example_dags/example_subdag_operator.py for tasks to queue
[2026-09-17T20:19:35.273+0000] {logging_mixin.py:190} INFO - [2026-09-17T20:19:35.273+0000] {dagbag.py:588} INFO - Filling up the DagBag from /home/airflow/.local/lib/python3.12/site-packages/airflow/example_dags/example_subdag_operator.py
[2026-09-17T20:19:35.311+0000] {processor.py:925} INFO - DAG(s) 'example_subdag_operator.section-1', 'example_subdag_operator.section-2', 'example_subdag_operator' retrieved from /home/airflow/.local/lib/python3.12/site-packages/airflow/example_dags/example_subdag_operator.py
[2026-09-17T20:19:35.329+0000] {logging_mixin.py:190} INFO - [2026-09-17T20:19:35.328+0000] {dag.py:3239} INFO - Sync 3 DAGs
[2026-09-17T20:19:35.356+0000] {logging_mixin.py:190} INFO - [2026-09-17T20:19:35.356+0000] {dag.py:4180} INFO - Setting next_dagrun for example_subdag_operator to 2022-01-01 00:00:00+00:00, run_after=2022-01-01 00:00:00+00:00
[2026-09-17T20:19:35.361+0000] {logging_mixin.py:190} INFO - [2026-09-17T20:19:35.361+0000] {dag.py:4180} INFO - Setting next_dagrun for example_subdag_operator.section-1 to None, run_after=None
[2026-09-17T20:19:35.364+0000] {logging_mixin.py:190} INFO - [2026-09-17T20:19:35.363+0000] {dag.py:4180} INFO - Setting next_dagrun for example_subdag_operator.section-2 to None, run_after=None
[2026-09-17T20:19:35.373+0000] {logging_mixin.py:190} INFO - [2026-09-17T20:19:35.372+0000] {dag.py:3239} INFO - Sync 2 DAGs
[2026-09-17T20:19:35.382+0000] {logging_mixin.py:190} INFO - [2026-09-17T20:19:35.381+0000] {dag.py:4180} INFO - Setting next_dagrun for example_subdag_operator.section-1 to None, run_after=None
[2026-09-17T20:19:35.383+0000] {logging_mixin.py:190} INFO - [2026-09-17T20:19:35.383+0000] {dag.py:4180} INFO - Setting next_dagrun for example_subdag_operator.section-2 to None, run_after=None
[2026-09-17T20:19:35.398+0000] {processor.py:208} INFO - Processing /home/airflow/.local/lib/python3.12/site-packages/airflow/example_dags/example_subdag_operator.py took 0.137 seconds
[2026-09-17T20:20:06.659+0000] {processor.py:186} INFO - Started process (PID=1362) to work on /home/airflow/.local/lib/python3.12/site-packages/airflow/example_dags/example_subdag_operator.py
[2026-09-17T20:20:06.661+0000] {processor.py:914} INFO - Processing file /home/airflow/.local/lib/python3.12/site-packages/airflow/example_dags/example_subdag_operator.py for tasks to queue
[2026-09-17T20:20:06.663+0000] {logging_mixin.py:190} INFO - [2026-09-17T20:20:06.663+0000] {dagbag.py:588} INFO - Filling up the DagBag from /home/airflow/.local/lib/python3.12/site-packages/airflow/example_dags/example_subdag_operator.py
[2026-09-17T20:20:06.698+0000] {processor.py:925} INFO - DAG(s) 'example_subdag_operator.section-1', 'example_subdag_operator.section-2', 'example_subdag_operator' retrieved from /home/airflow/.local/lib/python3.12/site-packages/airflow/example_dags/example_subdag_operator.py
[2026-09-17T20:20:06.714+0000] {logging_mixin.py:190} INFO - [2026-09-17T20:20:06.714+0000] {dag.py:3239} INFO - Sync 3 DAGs
[2026-09-17T20:20:06.740+0000] {logging_mixin.py:190} INFO - [2026-09-17T20:20:06.740+0000] {dag.py:4180} INFO - Setting next_dagrun for example_subdag_operator to 2022-01-01 00:00:00+00:00, run_after=2022-01-01 00:00:00+00:00
[2026-09-17T20:20:06.746+0000] {logging_mixin.py:190} INFO - [2026-09-17T20:20:06.745+0000] {dag.py:4180} INFO - Setting next_dagrun for example_subdag_operator.section-1 to None, run_after=None
[2026-09-17T20:20:06.748+0000] {logging_mixin.py:190} INFO - [2026-09-17T20:20:06.748+0000] {dag.py:4180} INFO - Setting next_dagrun for example_subdag_operator.section-2 to None, run_after=None
[2026-09-17T20:20:06.757+0000] {logging_mixin.py:190} INFO - [2026-09-17T20:20:06.757+0000] {dag.py:3239} INFO - Sync 2 DAGs
[2026-09-17T20:20:06.764+0000] {logging_mixin.py:190} INFO - [2026-09-17T20:20:06.764+0000] {dag.py:4180} INFO - Setting next_dagrun for example_subdag_operator.section-1 to None, run_after=None
[2026-09-17T20:20:06.765+0000] {logging_mixin.py:190} INFO - [2026-09-17T20:20:06.765+0000] {dag.py:4180} INFO - Setting next_dagrun for example_subdag_operator.section-2 to None, run_after=None
[2026-09-17T20:20:06.779+0000] {processor.py:208} INFO - Processing /home/airflow/.local/lib/python3.12/site-packages/airflow/example_dags/example_subdag_operator.py took 0.126 seconds
[2026-09-17T20:20:38.055+0000] {processor.py:186} INFO - Started process (PID=1427) to work on /home/airflow/.local/lib/python3.12/site-packages/airflow/example_dags/example_subdag_operator.py
[2026-09-17T20:20:38.057+0000] {processor.py:914} INFO - Processing file /home/airflow/.local/lib/python3.12/site-packages/airflow/example_dags/example_subdag_operator.py for tasks to queue
[2026-09-17T20:20:38.059+0000] {logging_mixin.py:190} INFO - [2026-09-17T20:20:38.059+0000] {dagbag.py:588} INFO - Filling up the DagBag from /home/airflow/.local/lib/python3.12/site-packages/airflow/example_dags/example_subdag_operator.py
[2026-09-17T20:20:38.091+0000] {processor.py:925} INFO - DAG(s) 'example_subdag_operator.section-1', 'example_subdag_operator.section-2', 'example_subdag_operator' retrieved from /home/airflow/.local/lib/python3.12/site-packages/airflow/example_dags/example_subdag_operator.py
[2026-09-17T20:20:38.107+0000] {logging_mixin.py:190} INFO - [2026-09-17T20:20:38.107+0000] {dag.py:3239} INFO - Sync 3 DAGs
[2026-09-17T20:20:38.132+0000] {logging_mixin.py:190} INFO - [2026-09-17T20:20:38.132+0000] {dag.py:4180} INFO - Setting next_dagrun for example_subdag_operator to 2022-01-01 00:00:00+00:00, run_after=2022-01-01 00:00:00+00:00
[2026-09-17T20:20:38.137+0000] {logging_mixin.py:190} INFO - [2026-09-17T20:20:38.137+0000] {dag.py:4180} INFO - Setting next_dagrun for example_subdag_operator.section-1 to None, run_after=None
[2026-09-17T20:20:38.140+0000] {logging_mixin.py:190} INFO - [2026-09-17T20:20:38.139+0000] {dag.py:4180} INFO - Setting next_dagrun for example_subdag_operator.section-2 to None, run_after=None
[2026-09-17T20:20:38.149+0000] {logging_mixin.py:190} INFO - [2026-09-17T20:20:38.149+0000] {dag.py:3239} INFO - Sync 2 DAGs
[2026-09-17T20:20:38.157+0000] {logging_mixin.py:190} INFO - [2026-09-17T20:20:38.157+0000] {dag.py:4180} INFO - Setting next_dagrun for example_subdag_operator.section-1 to None, run_after=None
[2026-09-17T20:20:38.159+0000] {logging_mixin.py:190} INFO - [2026-09-17T20:20:38.159+0000] {dag.py:4180} INFO - Setting next_dagrun for example_subdag_operator.section-2 to None, run_after=None
[2026-09-17T20:20:38.173+0000] {processor.py:208} INFO - Processing /home/airflow/.local/lib/python3.12/site-packages/airflow/example_dags/example_subdag_operator.py took 0.123 seconds
[2026-09-17T20:21:09.016+0000] {processor.py:186} INFO - Started process (PID=1492) to work on /home/airflow/.local/lib/python3.12/site-packages/airflow/example_dags/example_subdag_operator.py
[2026-09-17T20:21:09.018+0000] {processor.py:914} INFO - Processing file /home/airflow/.local/lib/python3.12/site-packages/airflow/example_dags/example_subdag_operator.py for tasks to queue
[2026-09-17T20:21:09.020+0000] {logging_mixin.py:190} INFO - [2026-09-17T20:21:09.020+0000] {dagbag.py:588} INFO - Filling up the DagBag from /home/airflow/.local/lib/python3.12/site-packages/airflow/example_dags/example_subdag_operator.py
[2026-09-17T20:21:09.055+0000] {processor.py:925} INFO - DAG(s) 'example_subdag_operator.section-1', 'example_subdag_operator.section-2', 'example_subdag_operator' retrieved from /home/airflow/.local/lib/python3.12/site-packages/airflow/example_dags/example_subdag_operator.py
[2026-09-17T20:21:09.073+0000] {logging_mixin.py:190} INFO - [2026-09-17T20:21:09.072+0000] {dag.py:3239} INFO - Sync 3 DAGs
[2026-09-17T20:21:09.100+0000] {logging_mixin.py:190} INFO - [2026-09-17T20:21:09.100+0000] {dag.py:4180} INFO - Setting next_dagrun for example_subdag_operator to 2022-01-01 00:00:00+00:00, run_after=2022-01-01 00:00:00+00:00
[2026-09-17T20:21:09.105+0000] {logging_mixin.py:190} INFO - [2026-09-17T20:21:09.105+0000] {dag.py:4180} INFO - Setting next_dagrun for example_subdag_operator.section-1 to None, run_after=None
[2026-09-17T20:21:09.108+0000] {logging_mixin.py:190} INFO - [2026-09-17T20:21:09.108+0000] {dag.py:4180} INFO - Setting next_dagrun for example_subdag_operator.section-2 to None, run_after=None
[2026-09-17T20:21:09.121+0000] {logging_mixin.py:190} INFO - [2026-09-17T20:21:09.120+0000] {dag.py:3239} INFO - Sync 2 DAGs
[2026-09-17T20:21:09.129+0000] {logging_mixin.py:190} INFO - [2026-09-17T20:21:09.129+0000] {dag.py:4180} INFO - Setting next_dagrun for example_subdag_operator.section-1 to None, run_after=None
[2026-09-17T20:21:09.131+0000] {logging_mixin.py:190} INFO - [2026-09-17T20:21:09.131+0000] {dag.py:4180} INFO - Setting next_dagrun for example_subdag_operator.section-2 to None, run_after=None
[2026-09-17T20:21:09.151+0000] {processor.py:208} INFO - Processing /home/airflow/.local/lib/python3.12/site-packages/airflow/example_dags/example_subdag_operator.py took 0.141 seconds
[2026-09-17T20:21:40.378+0000] {processor.py:186} INFO - Started process (PID=1557) to work on /home/airflow/.local/lib/python3.12/site-packages/airflow/example_dags/example_subdag_operator.py
[2026-09-17T20:21:40.380+0000] {processor.py:914} INFO - Processing file /home/airflow/.local/lib/python3.12/site-packages/airflow/example_dags/example_subdag_operator.py for tasks to queue
[2026-09-17T20:21:40.382+0000] {logging_mixin.py:190} INFO - [2026-09-17T20:21:40.382+0000] {dagbag.py:588} INFO - Filling up the DagBag from /home/airflow/.local/lib/python3.12/site-packages/airflow/example_dags/example_subdag_operator.py
[2026-09-17T20:21:40.419+0000] {processor.py:925} INFO - DAG(s) 'example_subdag_operator.section-1', 'example_subdag_operator.section-2', 'example_subdag_operator' retrieved from /home/airflow/.local/lib/python3.12/site-packages/airflow/example_dags/example_subdag_operator.py
[2026-09-17T20:21:40.437+0000] {logging_mixin.py:190} INFO - [2026-09-17T20:21:40.436+0000] {dag.py:3239} INFO - Sync 3 DAGs
[2026-09-17T20:21:40.466+0000] {logging_mixin.py:190} INFO - [2026-09-17T20:21:40.465+0000] {dag.py:4180} INFO - Setting next_dagrun for example_subdag_operator to 2022-01-01 00:00:00+00:00, run_after=2022-01-01 00:00:00+00:00
[2026-09-17T20:21:40.471+0000] {logging_mixin.py:190} INFO - [2026-09-17T20:21:40.470+0000] {dag.py:4180} INFO - Setting next_dagrun for example_subdag_operator.section-1 to None, run_after=None
[2026-09-17T20:21:40.473+0000] {logging_mixin.py:190} INFO - [2026-09-17T20:21:40.473+0000] {dag.py:4180} INFO - Setting next_dagrun for example_subdag_operator.section-2 to None, run_after=None
[2026-09-17T20:21:40.482+0000] {logging_mixin.py:190} INFO - [2026-09-17T20:21:40.482+0000] {dag.py:3239} INFO - Sync 2 DAGs
[2026-09-17T20:21:40.490+0000] {logging_mixin.py:190} INFO - [2026-09-17T20:21:40.490+0000] {dag.py:4180} INFO - Setting next_dagrun for example_subdag_operator.section-1 to None, run_after=None
[2026-09-17T20:21:40.491+0000] {logging_mixin.py:190} INFO - [2026-09-17T20:21:40.491+0000] {dag.py:4180} INFO - Setting next_dagrun for example_subdag_operator.section-2 to None, run_after=None
[2026-09-17T20:21:40.505+0000] {processor.py:208} INFO - Processing /home/airflow/.local/lib/python3.12/site-packages/airflow/example_dags/example_subdag_operator.py took 0.135 seconds
[2026-09-17T20:22:12.109+0000] {processor.py:186} INFO - Started process (PID=1623) to work on /home/airflow/.local/lib/python3.12/site-packages/airflow/example_dags/example_subdag_operator.py
[2026-09-17T20:22:12.111+0000] {processor.py:914} INFO - Processing file /home/airflow/.local/lib/python3.12/site-packages/airflow/example_dags/example_subdag_operator.py for tasks to queue
[2026-09-17T20:22:12.113+0000] {logging_mixin.py:190} INFO - [2026-09-17T20:22:12.113+0000] {dagbag.py:588} INFO - Filling up the DagBag from /home/airflow/.local/lib/python3.12/site-packages/airflow/example_dags/example_subdag_operator.py
[2026-09-17T20:22:12.146+0000] {processor.py:925} INFO - DAG(s) 'example_subdag_operator.section-1', 'example_subdag_operator.section-2', 'example_subdag_operator' retrieved from /home/airflow/.local/lib/python3.12/site-packages/airflow/example_dags/example_subdag_operator.py
[2026-09-17T20:22:12.163+0000] {logging_mixin.py:190} INFO - [2026-09-17T20:22:12.162+0000] {dag.py:3239} INFO - Sync 3 DAGs
[2026-09-17T20:22:12.187+0000] {logging_mixin.py:190} INFO - [2026-09-17T20:22:12.186+0000] {dag.py:4180} INFO - Setting next_dagrun for example_subdag_operator to 2022-01-01 00:00:00+00:00, run_after=2022-01-01 00:00:00+00:00
[2026-09-17T20:22:12.192+0000] {logging_mixin.py:190} INFO - [2026-09-17T20:22:12.192+0000] {dag.py:4180} INFO - Setting next_dagrun for example_subdag_operator.section-1 to None, run_after=None
[2026-09-17T20:22:12.195+0000] {logging_mixin.py:190} INFO - [2026-09-17T20:22:12.194+0000] {dag.py:4180} INFO - Setting next_dagrun for example_subdag_operator.section-2 to None, run_after=None
[2026-09-17T20:22:12.205+0000] {logging_mixin.py:190} INFO - [2026-09-17T20:22:12.205+0000] {dag.py:3239} INFO - Sync 2 DAGs
[2026-09-17T20:22:12.214+0000] {logging_mixin.py:190} INFO - [2026-09-17T20:22:12.214+0000] {dag.py:4180} INFO - Setting next_dagrun for example_subdag_operator.section-1 to None, run_after=None
[2026-09-17T20:22:12.215+0000] {logging_mixin.py:190} INFO - [2026-09-17T20:22:12.215+0000] {dag.py:4180} INFO - Setting next_dagrun for example_subdag_operator.section-2 to None, run_after=None
[2026-09-17T20:22:12.229+0000] {processor.py:208} INFO - Processing /home/airflow/.local/lib/python3.12/site-packages/airflow/example_dags/example_subdag_operator.py took 0.126 seconds
[2026-09-17T20:22:43.802+0000] {processor.py:186} INFO - Started process (PID=1688) to work on /home/airflow/.local/lib/python3.12/site-packages/airflow/example_dags/example_subdag_operator.py
[2026-09-17T20:22:43.804+0000] {processor.py:914} INFO - Processing file /home/airflow/.local/lib/python3.12/site-packages/airflow/example_dags/example_subdag_operator.py for tasks to queue
[2026-09-17T20:22:43.806+0000] {logging_mixin.py:190} INFO - [2026-09-17T20:22:43.806+0000] {dagbag.py:588} INFO - Filling up the DagBag from /home/airflow/.local/lib/python3.12/site-packages/airflow/example_dags/example_subdag_operator.py
[2026-09-17T20:22:43.840+0000] {processor.py:925} INFO - DAG(s) 'example_subdag_operator.section-1', 'example_subdag_operator.section-2', 'example_subdag_operator' retrieved from /home/airflow/.local/lib/python3.12/site-packages/airflow/example_dags/example_subdag_operator.py
[2026-09-17T20:22:43.857+0000] {logging_mixin.py:190} INFO - [2026-09-17T20:22:43.857+0000] {dag.py:3239} INFO - Sync 3 DAGs
[2026-09-17T20:22:43.884+0000] {logging_mixin.py:190} INFO - [2026-09-17T20:22:43.883+0000] {dag.py:4180} INFO - Setting next_dagrun for example_subdag_operator to 2022-01-01 00:00:00+00:00, run_after=2022-01-01 00:00:00+00:00
[2026-09-17T20:22:43.889+0000] {logging_mixin.py:190} INFO - [2026-09-17T20:22:43.889+0000] {dag.py:4180} INFO - Setting next_dagrun for example_subdag_operator.section-1 to None, run_after=None
[2026-09-17T20:22:43.892+0000] {logging_mixin.py:190} INFO - [2026-09-17T20:22:43.892+0000] {dag.py:4180} INFO - Setting next_dagrun for example_subdag_operator.section-2 to None, run_after=None
[2026-09-17T20:22:43.901+0000] {logging_mixin.py:190} INFO - [2026-09-17T20:22:43.900+0000] {dag.py:3239} INFO - Sync 2 DAGs
[2026-09-17T20:22:43.908+0000] {logging_mixin.py:190} INFO - [2026-09-17T20:22:43.908+0000] {dag.py:4180} INFO - Setting next_dagrun for example_subdag_operator.section-1 to None, run_after=None
[2026-09-17T20:22:43.910+0000] {logging_mixin.py:190} INFO - [2026-09-17T20:22:43.910+0000] {dag.py:4180} INFO - Setting next_dagrun for example_subdag_operator.section-2 to None, run_after=None
[2026-09-17T20:22:43.925+0000] {processor.py:208} INFO - Processing /home/airflow/.local/lib/python3.12/site-packages/airflow/example_dags/example_subdag_operator.py took 0.129 seconds
[2026-09-17T20:23:15.220+0000] {processor.py:186} INFO - Started process (PID=1753) to work on /home/airflow/.local/lib/python3.12/site-packages/airflow/example_dags/example_subdag_operator.py
[2026-09-17T20:23:15.222+0000] {processor.py:914} INFO - Processing file /home/airflow/.local/lib/python3.12/site-packages/airflow/example_dags/example_subdag_operator.py for tasks to queue
[2026-09-17T20:23:15.224+0000] {logging_mixin.py:190} INFO - [2026-09-17T20:23:15.224+0000] {dagbag.py:588} INFO - Filling up the DagBag from /home/airflow/.local/lib/python3.12/site-packages/airflow/example_dags/example_subdag_operator.py
[2026-09-17T20:23:15.256+0000] {processor.py:925} INFO - DAG(s) 'example_subdag_operator.section-1', 'example_subdag_operator.section-2', 'example_subdag_operator' retrieved from /home/airflow/.local/lib/python3.12/site-packages/airflow/example_dags/example_subdag_operator.py
[2026-09-17T20:23:15.273+0000] {logging_mixin.py:190} INFO - [2026-09-17T20:23:15.273+0000] {dag.py:3239} INFO - Sync 3 DAGs
[2026-09-17T20:23:15.300+0000] {logging_mixin.py:190} INFO - [2026-09-17T20:23:15.300+0000] {dag.py:4180} INFO - Setting next_dagrun for example_subdag_operator to 2022-01-01 00:00:00+00:00, run_after=2022-01-01 00:00:00+00:00
[2026-09-17T20:23:15.305+0000] {logging_mixin.py:190} INFO - [2026-09-17T20:23:15.305+0000] {dag.py:4180} INFO - Setting next_dagrun for example_subdag_operator.section-1 to None, run_after=None
[2026-09-17T20:23:15.308+0000] {logging_mixin.py:190} INFO - [2026-09-17T20:23:15.308+0000] {dag.py:4180} INFO - Setting next_dagrun for example_subdag_operator.section-2 to None, run_after=None
[2026-09-17T20:23:15.316+0000] {logging_mixin.py:190} INFO - [2026-09-17T20:23:15.316+0000] {dag.py:3239} INFO - Sync 2 DAGs
[2026-09-17T20:23:15.324+0000] {logging_mixin.py:190} INFO - [2026-09-17T20:23:15.324+0000] {dag.py:4180} INFO - Setting next_dagrun for example_subdag_operator.section-1 to None, run_after=None
[2026-09-17T20:23:15.325+0000] {logging_mixin.py:190} INFO - [2026-09-17T20:23:15.325+0000] {dag.py:4180} INFO - Setting next_dagrun for example_subdag_operator.section-2 to None, run_after=None
[2026-09-17T20:23:15.339+0000] {processor.py:208} INFO - Processing /home/airflow/.local/lib/python3.12/site-packages/airflow/example_dags/example_subdag_operator.py took 0.126 seconds
[2026-09-17T20:23:46.659+0000] {processor.py:186} INFO - Started process (PID=1818) to work on /home/airflow/.local/lib/python3.12/site-packages/airflow/example_dags/example_subdag_operator.py
[2026-09-17T20:23:46.661+0000] {processor.py:914} INFO - Processing file /home/airflow/.local/lib/python3.12/site-packages/airflow/example_dags/example_subdag_operator.py for tasks to queue
[2026-09-17T20:23:46.664+0000] {logging_mixin.py:190} INFO - [2026-09-17T20:23:46.663+0000] {dagbag.py:588} INFO - Filling up the DagBag from /home/airflow/.local/lib/python3.12/site-packages/airflow/example_dags/example_subdag_operator.py
[2026-09-17T20:23:46.697+0000] {processor.py:925} INFO - DAG(s) 'example_subdag_operator.section-1', 'example_subdag_operator.section-2', 'example_subdag_operator' retrieved from /home/airflow/.local/lib/python3.12/site-packages/airflow/example_dags/example_subdag_operator.py
[2026-09-17T20:23:46.715+0000] {logging_mixin.py:190} INFO - [2026-09-17T20:23:46.714+0000] {dag.py:3239} INFO - Sync 3 DAGs
[2026-09-17T20:23:46.740+0000] {logging_mixin.py:190} INFO - [2026-09-17T20:23:46.740+0000] {dag.py:4180} INFO - Setting next_dagrun for example_subdag_operator to 2022-01-01 00:00:00+00:00, run_after=2022-01-01 00:00:00+00:00
[2026-09-17T20:23:46.745+0000] {logging_mixin.py:190} INFO - [2026-09-17T20:23:46.744+0000] {dag.py:4180} INFO - Setting next_dagrun for example_subdag_operator.section-1 to None, run_after=None
[2026-09-17T20:23:46.748+0000] {logging_mixin.py:190} INFO - [2026-09-17T20:23:46.747+0000] {dag.py:4180} INFO - Setting next_dagrun for example_subdag_operator.section-2 to None, run_after=None
[2026-09-17T20:23:46.758+0000] {logging_mixin.py:190} INFO - [2026-09-17T20:23:46.757+0000] {dag.py:3239} INFO - Sync 2 DAGs
[2026-09-17T20:23:46.766+0000] {logging_mixin.py:190} INFO - [2026-09-17T20:23:46.766+0000] {dag.py:4180} INFO - Setting next_dagrun for example_subdag_operator.section-1 to None, run_after=None
[2026-09-17T20:23:46.767+0000] {logging_mixin.py:190} INFO - [2026-09-17T20:23:46.767+0000] {dag.py:4180} INFO - Setting next_dagrun for example_subdag_operator.section-2 to None, run_after=None
[2026-09-17T20:23:46.782+0000] {processor.py:208} INFO - Processing /home/airflow/.local/lib/python3.12/site-packages/airflow/example_dags/example_subdag_operator.py took 0.129 seconds
[2026-09-17T20:24:18.069+0000] {processor.py:186} INFO - Started process (PID=1883) to work on /home/airflow/.local/lib/python3.12/site-packages/airflow/example_dags/example_subdag_operator.py
[2026-09-17T20:24:18.071+0000] {processor.py:914} INFO - Processing file /home/airflow/.local/lib/python3.12/site-packages/airflow/example_dags/example_subdag_operator.py for tasks to queue
[2026-09-17T20:24:18.073+0000] {logging_mixin.py:190} INFO - [2026-09-17T20:24:18.072+0000] {dagbag.py:588} INFO - Filling up the DagBag from /home/airflow/.local/lib/python3.12/site-packages/airflow/example_dags/example_subdag_operator.py
[2026-09-17T20:24:18.110+0000] {processor.py:925} INFO - DAG(s) 'example_subdag_operator.section-1', 'example_subdag_operator.section-2', 'example_subdag_operator' retrieved from /home/airflow/.local/lib/python3.12/site-packages/airflow/example_dags/example_subdag_operator.py
[2026-09-17T20:24:18.127+0000] {logging_mixin.py:190} INFO - [2026-09-17T20:24:18.126+0000] {dag.py:3239} INFO - Sync 3 DAGs
[2026-09-17T20:24:18.155+0000] {logging_mixin.py:190} INFO - [2026-09-17T20:24:18.155+0000] {dag.py:4180} INFO - Setting next_dagrun for example_subdag_operator to 2022-01-01 00:00:00+00:00, run_after=2022-01-01 00:00:00+00:00
[2026-09-17T20:24:18.160+0000] {logging_mixin.py:190} INFO - [2026-09-17T20:24:18.160+0000] {dag.py:4180} INFO - Setting next_dagrun for example_subdag_operator.section-1 to None, run_after=None
[2026-09-17T20:24:18.163+0000] {logging_mixin.py:190} INFO - [2026-09-17T20:24:18.163+0000] {dag.py:4180} INFO - Setting next_dagrun for example_subdag_operator.section-2 to None, run_after=None
[2026-09-17T20:24:18.172+0000] {logging_mixin.py:190} INFO - [2026-09-17T20:24:18.172+0000] {dag.py:3239} INFO - Sync 2 DAGs
[2026-09-17T20:24:18.180+0000] {logging_mixin.py:190} INFO - [2026-09-17T20:24:18.179+0000] {dag.py:4180} INFO - Setting next_dagrun for example_subdag_operator.section-1 to None, run_after=None
[2026-09-17T20:24:18.181+0000] {logging_mixin.py:190} INFO - [2026-09-17T20:24:18.181+0000] {dag.py:4180} INFO - Setting next_dagrun for example_subdag_operator.section-2 to None, run_after=None
[2026-09-17T20:24:18.195+0000] {processor.py:208} INFO - Processing /home/airflow/.local/lib/python3.12/site-packages/airflow/example_dags/example_subdag_operator.py took 0.132 seconds
[2026-09-17T20:24:49.694+0000] {processor.py:186} INFO - Started process (PID=1948) to work on /home/airflow/.local/lib/python3.12/site-packages/airflow/example_dags/example_subdag_operator.py
[2026-09-17T20:24:49.697+0000] {processor.py:914} INFO - Processing file /home/airflow/.local/lib/python3.12/site-packages/airflow/example_dags/example_subdag_operator.py for tasks to queue
[2026-09-17T20:24:49.700+0000] {logging_mixin.py:190} INFO - [2026-09-17T20:24:49.699+0000] {dagbag.py:588} INFO - Filling up the DagBag from /home/airflow/.local/lib/python3.12/site-packages/airflow/example_dags/example_subdag_operator.py
[2026-09-17T20:24:49.740+0000] {processor.py:925} INFO - DAG(s) 'example_subdag_operator.section-1', 'example_subdag_operator.section-2', 'example_subdag_operator' retrieved from /home/airflow/.local/lib/python3.12/site-packages/airflow/example_dags/example_subdag_operator.py
[2026-09-17T20:24:49.758+0000] {logging_mixin.py:190} INFO - [2026-09-17T20:24:49.757+0000] {dag.py:3239} INFO - Sync 3 DAGs
[2026-09-17T20:24:49.788+0000] {logging_mixin.py:190} INFO - [2026-09-17T20:24:49.787+0000] {dag.py:4180} INFO - Setting next_dagrun for example_subdag_operator to 2022-01-01 00:00:00+00:00, run_after=2022-01-01 00:00:00+00:00
[2026-09-17T20:24:49.794+0000] {logging_mixin.py:190} INFO - [2026-09-17T20:24:49.793+0000] {dag.py:4180} INFO - Setting next_dagrun for example_subdag_operator.section-1 to None, run_after=None
[2026-09-17T20:24:49.797+0000] {logging_mixin.py:190} INFO - [2026-09-17T20:24:49.796+0000] {dag.py:4180} INFO - Setting next_dagrun for example_subdag_operator.section-2 to None, run_after=None
[2026-09-17T20:24:49.807+0000] {logging_mixin.py:190} INFO - [2026-09-17T20:24:49.807+0000] {dag.py:3239} INFO - Sync 2 DAGs
[2026-09-17T20:24:49.814+0000] {logging_mixin.py:190} INFO - [2026-09-17T20:24:49.814+0000] {dag.py:4180} INFO - Setting next_dagrun for example_subdag_operator.section-1 to None, run_after=None
[2026-09-17T20:24:49.815+0000] {logging_mixin.py:190} INFO - [2026-09-17T20:24:49.815+0000] {dag.py:4180} INFO - Setting next_dagrun for example_subdag_operator.section-2 to None, run_after=None
[2026-09-17T20:24:49.829+0000] {processor.py:208} INFO - Processing /home/airflow/.local/lib/python3.12/site-packages/airflow/example_dags/example_subdag_operator.py took 0.144 seconds
[2026-09-17T20:25:21.015+0000] {processor.py:186} INFO - Started process (PID=2013) to work on /home/airflow/.local/lib/python3.12/site-packages/airflow/example_dags/example_subdag_operator.py
[2026-09-17T20:25:21.017+0000] {processor.py:914} INFO - Processing file /home/airflow/.local/lib/python3.12/site-packages/airflow/example_dags/example_subdag_operator.py for tasks to queue
[2026-09-17T20:25:21.019+0000] {logging_mixin.py:190} INFO - [2026-09-17T20:25:21.018+0000] {dagbag.py:588} INFO - Filling up the DagBag from /home/airflow/.local/lib/python3.12/site-packages/airflow/example_dags/example_subdag_operator.py
[2026-09-17T20:25:21.051+0000] {processor.py:925} INFO - DAG(s) 'example_subdag_operator.section-1', 'example_subdag_operator.section-2', 'example_subdag_operator' retrieved from /home/airflow/.local/lib/python3.12/site-packages/airflow/example_dags/example_subdag_operator.py
[2026-09-17T20:25:21.066+0000] {logging_mixin.py:190} INFO - [2026-09-17T20:25:21.066+0000] {dag.py:3239} INFO - Sync 3 DAGs
[2026-09-17T20:25:21.093+0000] {logging_mixin.py:190} INFO - [2026-09-17T20:25:21.092+0000] {dag.py:4180} INFO - Setting next_dagrun for example_subdag_operator to 2022-01-01 00:00:00+00:00, run_after=2022-01-01 00:00:00+00:00
[2026-09-17T20:25:21.099+0000] {logging_mixin.py:190} INFO - [2026-09-17T20:25:21.099+0000] {dag.py:4180} INFO - Setting next_dagrun for example_subdag_operator.section-1 to None, run_after=None
[2026-09-17T20:25:21.101+0000] {logging_mixin.py:190} INFO - [2026-09-17T20:25:21.101+0000] {dag.py:4180} INFO - Setting next_dagrun for example_subdag_operator.section-2 to None, run_after=None
[2026-09-17T20:25:21.110+0000] {logging_mixin.py:190} INFO - [2026-09-17T20:25:21.110+0000] {dag.py:3239} INFO - Sync 2 DAGs
[2026-09-17T20:25:21.117+0000] {logging_mixin.py:190} INFO - [2026-09-17T20:25:21.117+0000] {dag.py:4180} INFO - Setting next_dagrun for example_subdag_operator.section-1 to None, run_after=None
[2026-09-17T20:25:21.118+0000] {logging_mixin.py:190} INFO - [2026-09-17T20:25:21.118+0000] {dag.py:4180} INFO - Setting next_dagrun for example_subdag_operator.section-2 to None, run_after=None
[2026-09-17T20:25:21.131+0000] {processor.py:208} INFO - Processing /home/airflow/.local/lib/python3.12/site-packages/airflow/example_dags/example_subdag_operator.py took 0.122 seconds
[2026-09-17T20:25:53.059+0000] {processor.py:186} INFO - Started process (PID=2078) to work on /home/airflow/.local/lib/python3.12/site-packages/airflow/example_dags/example_subdag_operator.py
[2026-09-17T20:25:53.060+0000] {processor.py:914} INFO - Processing file /home/airflow/.local/lib/python3.12/site-packages/airflow/example_dags/example_subdag_operator.py for tasks to queue
[2026-09-17T20:25:53.062+0000] {logging_mixin.py:190} INFO - [2026-09-17T20:25:53.062+0000] {dagbag.py:588} INFO - Filling up the DagBag from /home/airflow/.local/lib/python3.12/site-packages/airflow/example_dags/example_subdag_operator.py
[2026-09-17T20:25:53.098+0000] {processor.py:925} INFO - DAG(s) 'example_subdag_operator.section-1', 'example_subdag_operator.section-2', 'example_subdag_operator' retrieved from /home/airflow/.local/lib/python3.12/site-packages/airflow/example_dags/example_subdag_operator.py
[2026-09-17T20:25:53.117+0000] {logging_mixin.py:190} INFO - [2026-09-17T20:25:53.117+0000] {dag.py:3239} INFO - Sync 3 DAGs
[2026-09-17T20:25:53.144+0000] {logging_mixin.py:190} INFO - [2026-09-17T20:25:53.144+0000] {dag.py:4180} INFO - Setting next_dagrun for example_subdag_operator to 2022-01-01 00:00:00+00:00, run_after=2022-01-01 00:00:00+00:00
[2026-09-17T20:25:53.149+0000] {logging_mixin.py:190} INFO - [2026-09-17T20:25:53.149+0000] {dag.py:4180} INFO - Setting next_dagrun for example_subdag_operator.section-1 to None, run_after=None
[2026-09-17T20:25:53.152+0000] {logging_mixin.py:190} INFO - [2026-09-17T20:25:53.152+0000] {dag.py:4180} INFO - Setting next_dagrun for example_subdag_operator.section-2 to None, run_after=None
[2026-09-17T20:25:53.162+0000] {logging_mixin.py:190} INFO - [2026-09-17T20:25:53.161+0000] {dag.py:3239} INFO - Sync 2 DAGs
[2026-09-17T20:25:53.170+0000] {logging_mixin.py:190} INFO - [2026-09-17T20:25:53.170+0000] {dag.py:4180} INFO - Setting next_dagrun for example_subdag_operator.section-1 to None, run_after=None
[2026-09-17T20:25:53.172+0000] {logging_mixin.py:190} INFO - [2026-09-17T20:25:53.171+0000] {dag.py:4180} INFO - Setting next_dagrun for example_subdag_operator.section-2 to None, run_after=None
[2026-09-17T20:25:53.192+0000] {processor.py:208} INFO - Processing /home/airflow/.local/lib/python3.12/site-packages/airflow/example_dags/example_subdag_operator.py took 0.139 seconds
[2026-09-17T20:26:24.419+0000] {processor.py:186} INFO - Started process (PID=2146) to work on /home/airflow/.local/lib/python3.12/site-packages/airflow/example_dags/example_subdag_operator.py
[2026-09-17T20:26:24.421+0000] {processor.py:914} INFO - Processing file /home/airflow/.local/lib/python3.12/site-packages/airflow/example_dags/example_subdag_operator.py for tasks to queue
[2026-09-17T20:26:24.424+0000] {logging_mixin.py:190} INFO - [2026-09-17T20:26:24.423+0000] {dagbag.py:588} INFO - Filling up the DagBag from /home/airflow/.local/lib/python3.12/site-packages/airflow/example_dags/example_subdag_operator.py
[2026-09-17T20:26:24.458+0000] {processor.py:925} INFO - DAG(s) 'example_subdag_operator.section-1', 'example_subdag_operator.section-2', 'example_subdag_operator' retrieved from /home/airflow/.local/lib/python3.12/site-packages/airflow/example_dags/example_subdag_operator.py
[2026-09-17T20:26:24.476+0000] {logging_mixin.py:190} INFO - [2026-09-17T20:26:24.475+0000] {dag.py:3239} INFO - Sync 3 DAGs
[2026-09-17T20:26:24.501+0000] {logging_mixin.py:190} INFO - [2026-09-17T20:26:24.501+0000] {dag.py:4180} INFO - Setting next_dagrun for example_subdag_operator to 2022-01-01 00:00:00+00:00, run_after=2022-01-01 00:00:00+00:00
[2026-09-17T20:26:24.507+0000] {logging_mixin.py:190} INFO - [2026-09-17T20:26:24.507+0000] {dag.py:4180} INFO - Setting next_dagrun for example_subdag_operator.section-1 to None, run_after=None
[2026-09-17T20:26:24.510+0000] {logging_mixin.py:190} INFO - [2026-09-17T20:26:24.509+0000] {dag.py:4180} INFO - Setting next_dagrun for example_subdag_operator.section-2 to None, run_after=None
[2026-09-17T20:26:24.518+0000] {logging_mixin.py:190} INFO - [2026-09-17T20:26:24.518+0000] {dag.py:3239} INFO - Sync 2 DAGs
[2026-09-17T20:26:24.526+0000] {logging_mixin.py:190} INFO - [2026-09-17T20:26:24.526+0000] {dag.py:4180} INFO - Setting next_dagrun for example_subdag_operator.section-1 to None, run_after=None
[2026-09-17T20:26:24.528+0000] {logging_mixin.py:190} INFO - [2026-09-17T20:26:24.527+0000] {dag.py:4180} INFO - Setting next_dagrun for example_subdag_operator.section-2 to None, run_after=None
[2026-09-17T20:26:24.542+0000] {processor.py:208} INFO - Processing /home/airflow/.local/lib/python3.12/site-packages/airflow/example_dags/example_subdag_operator.py took 0.128 seconds
[2026-09-17T20:26:55.477+0000] {processor.py:186} INFO - Started process (PID=2211) to work on /home/airflow/.local/lib/python3.12/site-packages/airflow/example_dags/example_subdag_operator.py
[2026-09-17T20:26:55.480+0000] {processor.py:914} INFO - Processing file /home/airflow/.local/lib/python3.12/site-packages/airflow/example_dags/example_subdag_operator.py for tasks to queue
[2026-09-17T20:26:55.482+0000] {logging_mixin.py:190} INFO - [2026-09-17T20:26:55.482+0000] {dagbag.py:588} INFO - Filling up the DagBag from /home/airflow/.local/lib/python3.12/site-packages/airflow/example_dags/example_subdag_operator.py
[2026-09-17T20:26:55.519+0000] {processor.py:925} INFO - DAG(s) 'example_subdag_operator.section-1', 'example_subdag_operator.section-2', 'example_subdag_operator' retrieved from /home/airflow/.local/lib/python3.12/site-packages/airflow/example_dags/example_subdag_operator.py
[2026-09-17T20:26:55.537+0000] {logging_mixin.py:190} INFO - [2026-09-17T20:26:55.537+0000] {dag.py:3239} INFO - Sync 3 DAGs
[2026-09-17T20:26:55.562+0000] {logging_mixin.py:190} INFO - [2026-09-17T20:26:55.561+0000] {dag.py:4180} INFO - Setting next_dagrun for example_subdag_operator to 2022-01-01 00:00:00+00:00, run_after=2022-01-01 00:00:00+00:00
[2026-09-17T20:26:55.567+0000] {logging_mixin.py:190} INFO - [2026-09-17T20:26:55.566+0000] {dag.py:4180} INFO - Setting next_dagrun for example_subdag_operator.section-1 to None, run_after=None
[2026-09-17T20:26:55.569+0000] {logging_mixin.py:190} INFO - [2026-09-17T20:26:55.569+0000] {dag.py:4180} INFO - Setting next_dagrun for example_subdag_operator.section-2 to None, run_after=None
[2026-09-17T20:26:55.579+0000] {logging_mixin.py:190} INFO - [2026-09-17T20:26:55.579+0000] {dag.py:3239} INFO - Sync 2 DAGs
[2026-09-17T20:26:55.587+0000] {logging_mixin.py:190} INFO - [2026-09-17T20:26:55.587+0000] {dag.py:4180} INFO - Setting next_dagrun for example_subdag_operator.section-1 to None, run_after=None
[2026-09-17T20:26:55.588+0000] {logging_mixin.py:190} INFO - [2026-09-17T20:26:55.588+0000] {dag.py:4180} INFO - Setting next_dagrun for example_subdag_operator.section-2 to None, run_after=None
[2026-09-17T20:26:55.603+0000] {processor.py:208} INFO - Processing /home/airflow/.local/lib/python3.12/site-packages/airflow/example_dags/example_subdag_operator.py took 0.133 seconds
[2026-09-17T20:28:36.788+0000] {processor.py:186} INFO - Started process (PID=78) to work on /home/airflow/.local/lib/python3.12/site-packages/airflow/example_dags/example_subdag_operator.py
[2026-09-17T20:28:36.791+0000] {processor.py:914} INFO - Processing file /home/airflow/.local/lib/python3.12/site-packages/airflow/example_dags/example_subdag_operator.py for tasks to queue
[2026-09-17T20:28:36.795+0000] {logging_mixin.py:190} INFO - [2026-09-17T20:28:36.794+0000] {dagbag.py:588} INFO - Filling up the DagBag from /home/airflow/.local/lib/python3.12/site-packages/airflow/example_dags/example_subdag_operator.py
[2026-09-17T20:28:36.852+0000] {processor.py:925} INFO - DAG(s) 'example_subdag_operator.section-1', 'example_subdag_operator.section-2', 'example_subdag_operator' retrieved from /home/airflow/.local/lib/python3.12/site-packages/airflow/example_dags/example_subdag_operator.py
[2026-09-17T20:28:36.881+0000] {logging_mixin.py:190} INFO - [2026-09-17T20:28:36.881+0000] {dag.py:3239} INFO - Sync 3 DAGs
[2026-09-17T20:28:36.911+0000] {logging_mixin.py:190} INFO - [2026-09-17T20:28:36.910+0000] {dag.py:4180} INFO - Setting next_dagrun for example_subdag_operator to 2022-01-01 00:00:00+00:00, run_after=2022-01-01 00:00:00+00:00
[2026-09-17T20:28:36.919+0000] {logging_mixin.py:190} INFO - [2026-09-17T20:28:36.919+0000] {dag.py:4180} INFO - Setting next_dagrun for example_subdag_operator.section-1 to None, run_after=None
[2026-09-17T20:28:36.930+0000] {logging_mixin.py:190} INFO - [2026-09-17T20:28:36.930+0000] {dag.py:4180} INFO - Setting next_dagrun for example_subdag_operator.section-2 to None, run_after=None
[2026-09-17T20:28:36.949+0000] {logging_mixin.py:190} INFO - [2026-09-17T20:28:36.948+0000] {dag.py:3239} INFO - Sync 2 DAGs
[2026-09-17T20:28:36.964+0000] {logging_mixin.py:190} INFO - [2026-09-17T20:28:36.964+0000] {dag.py:4180} INFO - Setting next_dagrun for example_subdag_operator.section-1 to None, run_after=None
[2026-09-17T20:28:36.976+0000] {logging_mixin.py:190} INFO - [2026-09-17T20:28:36.975+0000] {dag.py:4180} INFO - Setting next_dagrun for example_subdag_operator.section-2 to None, run_after=None
[2026-09-17T20:28:37.011+0000] {processor.py:208} INFO - Processing /home/airflow/.local/lib/python3.12/site-packages/airflow/example_dags/example_subdag_operator.py took 0.232 seconds
[2026-09-17T20:29:07.234+0000] {processor.py:186} INFO - Started process (PID=143) to work on /home/airflow/.local/lib/python3.12/site-packages/airflow/example_dags/example_subdag_operator.py
[2026-09-17T20:29:07.237+0000] {processor.py:914} INFO - Processing file /home/airflow/.local/lib/python3.12/site-packages/airflow/example_dags/example_subdag_operator.py for tasks to queue
[2026-09-17T20:29:07.239+0000] {logging_mixin.py:190} INFO - [2026-09-17T20:29:07.239+0000] {dagbag.py:588} INFO - Filling up the DagBag from /home/airflow/.local/lib/python3.12/site-packages/airflow/example_dags/example_subdag_operator.py
[2026-09-17T20:29:07.282+0000] {processor.py:925} INFO - DAG(s) 'example_subdag_operator.section-1', 'example_subdag_operator.section-2', 'example_subdag_operator' retrieved from /home/airflow/.local/lib/python3.12/site-packages/airflow/example_dags/example_subdag_operator.py
[2026-09-17T20:29:07.304+0000] {logging_mixin.py:190} INFO - [2026-09-17T20:29:07.303+0000] {dag.py:3239} INFO - Sync 3 DAGs
[2026-09-17T20:29:07.335+0000] {logging_mixin.py:190} INFO - [2026-09-17T20:29:07.334+0000] {dag.py:4180} INFO - Setting next_dagrun for example_subdag_operator to 2022-01-01 00:00:00+00:00, run_after=2022-01-01 00:00:00+00:00
[2026-09-17T20:29:07.340+0000] {logging_mixin.py:190} INFO - [2026-09-17T20:29:07.340+0000] {dag.py:4180} INFO - Setting next_dagrun for example_subdag_operator.section-1 to None, run_after=None
[2026-09-17T20:29:07.344+0000] {logging_mixin.py:190} INFO - [2026-09-17T20:29:07.343+0000] {dag.py:4180} INFO - Setting next_dagrun for example_subdag_operator.section-2 to None, run_after=None
[2026-09-17T20:29:07.356+0000] {logging_mixin.py:190} INFO - [2026-09-17T20:29:07.355+0000] {dag.py:3239} INFO - Sync 2 DAGs
[2026-09-17T20:29:07.366+0000] {logging_mixin.py:190} INFO - [2026-09-17T20:29:07.366+0000] {dag.py:4180} INFO - Setting next_dagrun for example_subdag_operator.section-1 to None, run_after=None
[2026-09-17T20:29:07.368+0000] {logging_mixin.py:190} INFO - [2026-09-17T20:29:07.368+0000] {dag.py:4180} INFO - Setting next_dagrun for example_subdag_operator.section-2 to None, run_after=None
[2026-09-17T20:29:07.388+0000] {processor.py:208} INFO - Processing /home/airflow/.local/lib/python3.12/site-packages/airflow/example_dags/example_subdag_operator.py took 0.161 seconds
[2026-09-17T20:29:38.598+0000] {processor.py:186} INFO - Started process (PID=206) to work on /home/airflow/.local/lib/python3.12/site-packages/airflow/example_dags/example_subdag_operator.py
[2026-09-17T20:29:38.600+0000] {processor.py:914} INFO - Processing file /home/airflow/.local/lib/python3.12/site-packages/airflow/example_dags/example_subdag_operator.py for tasks to queue
[2026-09-17T20:29:38.603+0000] {logging_mixin.py:190} INFO - [2026-09-17T20:29:38.603+0000] {dagbag.py:588} INFO - Filling up the DagBag from /home/airflow/.local/lib/python3.12/site-packages/airflow/example_dags/example_subdag_operator.py
[2026-09-17T20:29:38.645+0000] {processor.py:925} INFO - DAG(s) 'example_subdag_operator.section-1', 'example_subdag_operator.section-2', 'example_subdag_operator' retrieved from /home/airflow/.local/lib/python3.12/site-packages/airflow/example_dags/example_subdag_operator.py
[2026-09-17T20:29:38.663+0000] {logging_mixin.py:190} INFO - [2026-09-17T20:29:38.663+0000] {dag.py:3239} INFO - Sync 3 DAGs
[2026-09-17T20:29:38.691+0000] {logging_mixin.py:190} INFO - [2026-09-17T20:29:38.691+0000] {dag.py:4180} INFO - Setting next_dagrun for example_subdag_operator to 2022-01-01 00:00:00+00:00, run_after=2022-01-01 00:00:00+00:00
[2026-09-17T20:29:38.697+0000] {logging_mixin.py:190} INFO - [2026-09-17T20:29:38.697+0000] {dag.py:4180} INFO - Setting next_dagrun for example_subdag_operator.section-1 to None, run_after=None
[2026-09-17T20:29:38.700+0000] {logging_mixin.py:190} INFO - [2026-09-17T20:29:38.700+0000] {dag.py:4180} INFO - Setting next_dagrun for example_subdag_operator.section-2 to None, run_after=None
[2026-09-17T20:29:38.711+0000] {logging_mixin.py:190} INFO - [2026-09-17T20:29:38.711+0000] {dag.py:3239} INFO - Sync 2 DAGs
[2026-09-17T20:29:38.720+0000] {logging_mixin.py:190} INFO - [2026-09-17T20:29:38.720+0000] {dag.py:4180} INFO - Setting next_dagrun for example_subdag_operator.section-1 to None, run_after=None
[2026-09-17T20:29:38.722+0000] {logging_mixin.py:190} INFO - [2026-09-17T20:29:38.722+0000] {dag.py:4180} INFO - Setting next_dagrun for example_subdag_operator.section-2 to None, run_after=None
[2026-09-17T20:29:38.741+0000] {processor.py:208} INFO - Processing /home/airflow/.local/lib/python3.12/site-packages/airflow/example_dags/example_subdag_operator.py took 0.151 seconds
[2026-09-17T20:30:09.624+0000] {processor.py:186} INFO - Started process (PID=264) to work on /home/airflow/.local/lib/python3.12/site-packages/airflow/example_dags/example_subdag_operator.py
[2026-09-17T20:30:09.626+0000] {processor.py:914} INFO - Processing file /home/airflow/.local/lib/python3.12/site-packages/airflow/example_dags/example_subdag_operator.py for tasks to queue
[2026-09-17T20:30:09.629+0000] {logging_mixin.py:190} INFO - [2026-09-17T20:30:09.628+0000] {dagbag.py:588} INFO - Filling up the DagBag from /home/airflow/.local/lib/python3.12/site-packages/airflow/example_dags/example_subdag_operator.py
[2026-09-17T20:30:09.665+0000] {processor.py:925} INFO - DAG(s) 'example_subdag_operator.section-1', 'example_subdag_operator.section-2', 'example_subdag_operator' retrieved from /home/airflow/.local/lib/python3.12/site-packages/airflow/example_dags/example_subdag_operator.py
[2026-09-17T20:30:09.681+0000] {logging_mixin.py:190} INFO - [2026-09-17T20:30:09.681+0000] {dag.py:3239} INFO - Sync 3 DAGs
[2026-09-17T20:30:09.706+0000] {logging_mixin.py:190} INFO - [2026-09-17T20:30:09.706+0000] {dag.py:4180} INFO - Setting next_dagrun for example_subdag_operator to 2022-01-01 00:00:00+00:00, run_after=2022-01-01 00:00:00+00:00
[2026-09-17T20:30:09.711+0000] {logging_mixin.py:190} INFO - [2026-09-17T20:30:09.711+0000] {dag.py:4180} INFO - Setting next_dagrun for example_subdag_operator.section-1 to None, run_after=None
[2026-09-17T20:30:09.714+0000] {logging_mixin.py:190} INFO - [2026-09-17T20:30:09.714+0000] {dag.py:4180} INFO - Setting next_dagrun for example_subdag_operator.section-2 to None, run_after=None
[2026-09-17T20:30:09.723+0000] {logging_mixin.py:190} INFO - [2026-09-17T20:30:09.722+0000] {dag.py:3239} INFO - Sync 2 DAGs
[2026-09-17T20:30:09.730+0000] {logging_mixin.py:190} INFO - [2026-09-17T20:30:09.730+0000] {dag.py:4180} INFO - Setting next_dagrun for example_subdag_operator.section-1 to None, run_after=None
[2026-09-17T20:30:09.732+0000] {logging_mixin.py:190} INFO - [2026-09-17T20:30:09.732+0000] {dag.py:4180} INFO - Setting next_dagrun for example_subdag_operator.section-2 to None, run_after=None
[2026-09-17T20:30:09.748+0000] {processor.py:208} INFO - Processing /home/airflow/.local/lib/python3.12/site-packages/airflow/example_dags/example_subdag_operator.py took 0.131 seconds
[2026-09-17T20:30:40.619+0000] {processor.py:186} INFO - Started process (PID=329) to work on /home/airflow/.local/lib/python3.12/site-packages/airflow/example_dags/example_subdag_operator.py
[2026-09-17T20:30:40.620+0000] {processor.py:914} INFO - Processing file /home/airflow/.local/lib/python3.12/site-packages/airflow/example_dags/example_subdag_operator.py for tasks to queue
[2026-09-17T20:30:40.622+0000] {logging_mixin.py:190} INFO - [2026-09-17T20:30:40.622+0000] {dagbag.py:588} INFO - Filling up the DagBag from /home/airflow/.local/lib/python3.12/site-packages/airflow/example_dags/example_subdag_operator.py
[2026-09-17T20:30:40.667+0000] {processor.py:925} INFO - DAG(s) 'example_subdag_operator.section-1', 'example_subdag_operator.section-2', 'example_subdag_operator' retrieved from /home/airflow/.local/lib/python3.12/site-packages/airflow/example_dags/example_subdag_operator.py
[2026-09-17T20:30:40.685+0000] {logging_mixin.py:190} INFO - [2026-09-17T20:30:40.685+0000] {dag.py:3239} INFO - Sync 3 DAGs
[2026-09-17T20:30:40.711+0000] {logging_mixin.py:190} INFO - [2026-09-17T20:30:40.711+0000] {dag.py:4180} INFO - Setting next_dagrun for example_subdag_operator to 2022-01-01 00:00:00+00:00, run_after=2022-01-01 00:00:00+00:00
[2026-09-17T20:30:40.716+0000] {logging_mixin.py:190} INFO - [2026-09-17T20:30:40.716+0000] {dag.py:4180} INFO - Setting next_dagrun for example_subdag_operator.section-1 to None, run_after=None
[2026-09-17T20:30:40.719+0000] {logging_mixin.py:190} INFO - [2026-09-17T20:30:40.719+0000] {dag.py:4180} INFO - Setting next_dagrun for example_subdag_operator.section-2 to None, run_after=None
[2026-09-17T20:30:40.730+0000] {logging_mixin.py:190} INFO - [2026-09-17T20:30:40.730+0000] {dag.py:3239} INFO - Sync 2 DAGs
[2026-09-17T20:30:40.738+0000] {logging_mixin.py:190} INFO - [2026-09-17T20:30:40.738+0000] {dag.py:4180} INFO - Setting next_dagrun for example_subdag_operator.section-1 to None, run_after=None
[2026-09-17T20:30:40.740+0000] {logging_mixin.py:190} INFO - [2026-09-17T20:30:40.739+0000] {dag.py:4180} INFO - Setting next_dagrun for example_subdag_operator.section-2 to None, run_after=None
[2026-09-17T20:30:40.756+0000] {processor.py:208} INFO - Processing /home/airflow/.local/lib/python3.12/site-packages/airflow/example_dags/example_subdag_operator.py took 0.145 seconds
[2026-09-17T20:31:11.182+0000] {processor.py:186} INFO - Started process (PID=394) to work on /home/airflow/.local/lib/python3.12/site-packages/airflow/example_dags/example_subdag_operator.py
[2026-09-17T20:31:11.183+0000] {processor.py:914} INFO - Processing file /home/airflow/.local/lib/python3.12/site-packages/airflow/example_dags/example_subdag_operator.py for tasks to queue
[2026-09-17T20:31:11.186+0000] {logging_mixin.py:190} INFO - [2026-09-17T20:31:11.185+0000] {dagbag.py:588} INFO - Filling up the DagBag from /home/airflow/.local/lib/python3.12/site-packages/airflow/example_dags/example_subdag_operator.py
[2026-09-17T20:31:11.223+0000] {processor.py:925} INFO - DAG(s) 'example_subdag_operator.section-1', 'example_subdag_operator.section-2', 'example_subdag_operator' retrieved from /home/airflow/.local/lib/python3.12/site-packages/airflow/example_dags/example_subdag_operator.py
[2026-09-17T20:31:11.242+0000] {logging_mixin.py:190} INFO - [2026-09-17T20:31:11.242+0000] {dag.py:3239} INFO - Sync 3 DAGs
[2026-09-17T20:31:11.268+0000] {logging_mixin.py:190} INFO - [2026-09-17T20:31:11.267+0000] {dag.py:4180} INFO - Setting next_dagrun for example_subdag_operator to 2022-01-01 00:00:00+00:00, run_after=2022-01-01 00:00:00+00:00
[2026-09-17T20:31:11.273+0000] {logging_mixin.py:190} INFO - [2026-09-17T20:31:11.273+0000] {dag.py:4180} INFO - Setting next_dagrun for example_subdag_operator.section-1 to None, run_after=None
[2026-09-17T20:31:11.275+0000] {logging_mixin.py:190} INFO - [2026-09-17T20:31:11.275+0000] {dag.py:4180} INFO - Setting next_dagrun for example_subdag_operator.section-2 to None, run_after=None
[2026-09-17T20:31:11.285+0000] {logging_mixin.py:190} INFO - [2026-09-17T20:31:11.285+0000] {dag.py:3239} INFO - Sync 2 DAGs
[2026-09-17T20:31:11.293+0000] {logging_mixin.py:190} INFO - [2026-09-17T20:31:11.293+0000] {dag.py:4180} INFO - Setting next_dagrun for example_subdag_operator.section-1 to None, run_after=None
[2026-09-17T20:31:11.294+0000] {logging_mixin.py:190} INFO - [2026-09-17T20:31:11.294+0000] {dag.py:4180} INFO - Setting next_dagrun for example_subdag_operator.section-2 to None, run_after=None
[2026-09-17T20:31:11.309+0000] {processor.py:208} INFO - Processing /home/airflow/.local/lib/python3.12/site-packages/airflow/example_dags/example_subdag_operator.py took 0.133 seconds
[2026-09-17T20:31:42.924+0000] {processor.py:186} INFO - Started process (PID=459) to work on /home/airflow/.local/lib/python3.12/site-packages/airflow/example_dags/example_subdag_operator.py
[2026-09-17T20:31:42.926+0000] {processor.py:914} INFO - Processing file /home/airflow/.local/lib/python3.12/site-packages/airflow/example_dags/example_subdag_operator.py for tasks to queue
[2026-09-17T20:31:42.928+0000] {logging_mixin.py:190} INFO - [2026-09-17T20:31:42.928+0000] {dagbag.py:588} INFO - Filling up the DagBag from /home/airflow/.local/lib/python3.12/site-packages/airflow/example_dags/example_subdag_operator.py
[2026-09-17T20:31:42.965+0000] {processor.py:925} INFO - DAG(s) 'example_subdag_operator.section-1', 'example_subdag_operator.section-2', 'example_subdag_operator' retrieved from /home/airflow/.local/lib/python3.12/site-packages/airflow/example_dags/example_subdag_operator.py
[2026-09-17T20:31:42.981+0000] {logging_mixin.py:190} INFO - [2026-09-17T20:31:42.981+0000] {dag.py:3239} INFO - Sync 3 DAGs
[2026-09-17T20:31:43.010+0000] {logging_mixin.py:190} INFO - [2026-09-17T20:31:43.009+0000] {dag.py:4180} INFO - Setting next_dagrun for example_subdag_operator to 2022-01-01 00:00:00+00:00, run_after=2022-01-01 00:00:00+00:00
[2026-09-17T20:31:43.017+0000] {logging_mixin.py:190} INFO - [2026-09-17T20:31:43.017+0000] {dag.py:4180} INFO - Setting next_dagrun for example_subdag_operator.section-1 to None, run_after=None
[2026-09-17T20:31:43.020+0000] {logging_mixin.py:190} INFO - [2026-09-17T20:31:43.020+0000] {dag.py:4180} INFO - Setting next_dagrun for example_subdag_operator.section-2 to None, run_after=None
[2026-09-17T20:31:43.033+0000] {logging_mixin.py:190} INFO - [2026-09-17T20:31:43.033+0000] {dag.py:3239} INFO - Sync 2 DAGs
[2026-09-17T20:31:43.042+0000] {logging_mixin.py:190} INFO - [2026-09-17T20:31:43.042+0000] {dag.py:4180} INFO - Setting next_dagrun for example_subdag_operator.section-1 to None, run_after=None
[2026-09-17T20:31:43.043+0000] {logging_mixin.py:190} INFO - [2026-09-17T20:31:43.043+0000] {dag.py:4180} INFO - Setting next_dagrun for example_subdag_operator.section-2 to None, run_after=None
[2026-09-17T20:31:43.057+0000] {processor.py:208} INFO - Processing /home/airflow/.local/lib/python3.12/site-packages/airflow/example_dags/example_subdag_operator.py took 0.143 seconds
[2026-09-17T20:32:19.685+0000] {processor.py:186} INFO - Started process (PID=525) to work on /home/airflow/.local/lib/python3.12/site-packages/airflow/example_dags/example_subdag_operator.py
[2026-09-17T20:32:19.686+0000] {processor.py:914} INFO - Processing file /home/airflow/.local/lib/python3.12/site-packages/airflow/example_dags/example_subdag_operator.py for tasks to queue
[2026-09-17T20:32:19.689+0000] {logging_mixin.py:190} INFO - [2026-09-17T20:32:19.688+0000] {dagbag.py:588} INFO - Filling up the DagBag from /home/airflow/.local/lib/python3.12/site-packages/airflow/example_dags/example_subdag_operator.py
[2026-09-17T20:32:19.745+0000] {processor.py:925} INFO - DAG(s) 'example_subdag_operator.section-1', 'example_subdag_operator.section-2', 'example_subdag_operator' retrieved from /home/airflow/.local/lib/python3.12/site-packages/airflow/example_dags/example_subdag_operator.py
[2026-09-17T20:32:19.765+0000] {logging_mixin.py:190} INFO - [2026-09-17T20:32:19.765+0000] {dag.py:3239} INFO - Sync 3 DAGs
[2026-09-17T20:32:19.801+0000] {logging_mixin.py:190} INFO - [2026-09-17T20:32:19.801+0000] {dag.py:4180} INFO - Setting next_dagrun for example_subdag_operator to 2022-01-01 00:00:00+00:00, run_after=2022-01-01 00:00:00+00:00
[2026-09-17T20:32:19.808+0000] {logging_mixin.py:190} INFO - [2026-09-17T20:32:19.807+0000] {dag.py:4180} INFO - Setting next_dagrun for example_subdag_operator.section-1 to None, run_after=None
[2026-09-17T20:32:19.810+0000] {logging_mixin.py:190} INFO - [2026-09-17T20:32:19.810+0000] {dag.py:4180} INFO - Setting next_dagrun for example_subdag_operator.section-2 to None, run_after=None
[2026-09-17T20:32:19.820+0000] {logging_mixin.py:190} INFO - [2026-09-17T20:32:19.820+0000] {dag.py:3239} INFO - Sync 2 DAGs
[2026-09-17T20:32:19.829+0000] {logging_mixin.py:190} INFO - [2026-09-17T20:32:19.829+0000] {dag.py:4180} INFO - Setting next_dagrun for example_subdag_operator.section-1 to None, run_after=None
[2026-09-17T20:32:19.831+0000] {logging_mixin.py:190} INFO - [2026-09-17T20:32:19.831+0000] {dag.py:4180} INFO - Setting next_dagrun for example_subdag_operator.section-2 to None, run_after=None
[2026-09-17T20:32:19.848+0000] {processor.py:208} INFO - Processing /home/airflow/.local/lib/python3.12/site-packages/airflow/example_dags/example_subdag_operator.py took 0.169 seconds
[2026-09-17T20:32:50.440+0000] {processor.py:186} INFO - Started process (PID=590) to work on /home/airflow/.local/lib/python3.12/site-packages/airflow/example_dags/example_subdag_operator.py
[2026-09-17T20:32:50.443+0000] {processor.py:914} INFO - Processing file /home/airflow/.local/lib/python3.12/site-packages/airflow/example_dags/example_subdag_operator.py for tasks to queue
[2026-09-17T20:32:50.445+0000] {logging_mixin.py:190} INFO - [2026-09-17T20:32:50.444+0000] {dagbag.py:588} INFO - Filling up the DagBag from /home/airflow/.local/lib/python3.12/site-packages/airflow/example_dags/example_subdag_operator.py
[2026-09-17T20:32:50.477+0000] {processor.py:925} INFO - DAG(s) 'example_subdag_operator.section-1', 'example_subdag_operator.section-2', 'example_subdag_operator' retrieved from /home/airflow/.local/lib/python3.12/site-packages/airflow/example_dags/example_subdag_operator.py
[2026-09-17T20:32:50.493+0000] {logging_mixin.py:190} INFO - [2026-09-17T20:32:50.493+0000] {dag.py:3239} INFO - Sync 3 DAGs
[2026-09-17T20:32:50.516+0000] {logging_mixin.py:190} INFO - [2026-09-17T20:32:50.516+0000] {dag.py:4180} INFO - Setting next_dagrun for example_subdag_operator to 2022-01-01 00:00:00+00:00, run_after=2022-01-01 00:00:00+00:00
[2026-09-17T20:32:50.522+0000] {logging_mixin.py:190} INFO - [2026-09-17T20:32:50.521+0000] {dag.py:4180} INFO - Setting next_dagrun for example_subdag_operator.section-1 to None, run_after=None
[2026-09-17T20:32:50.524+0000] {logging_mixin.py:190} INFO - [2026-09-17T20:32:50.524+0000] {dag.py:4180} INFO - Setting next_dagrun for example_subdag_operator.section-2 to None, run_after=None
[2026-09-17T20:32:50.534+0000] {logging_mixin.py:190} INFO - [2026-09-17T20:32:50.534+0000] {dag.py:3239} INFO - Sync 2 DAGs
[2026-09-17T20:32:50.541+0000] {logging_mixin.py:190} INFO - [2026-09-17T20:32:50.541+0000] {dag.py:4180} INFO - Setting next_dagrun for example_subdag_operator.section-1 to None, run_after=None
[2026-09-17T20:32:50.543+0000] {logging_mixin.py:190} INFO - [2026-09-17T20:32:50.543+0000] {dag.py:4180} INFO - Setting next_dagrun for example_subdag_operator.section-2 to None, run_after=None
[2026-09-17T20:32:50.573+0000] {processor.py:208} INFO - Processing /home/airflow/.local/lib/python3.12/site-packages/airflow/example_dags/example_subdag_operator.py took 0.139 seconds
[2026-09-17T20:33:20.874+0000] {processor.py:186} INFO - Started process (PID=654) to work on /home/airflow/.local/lib/python3.12/site-packages/airflow/example_dags/example_subdag_operator.py
[2026-09-17T20:33:20.876+0000] {processor.py:914} INFO - Processing file /home/airflow/.local/lib/python3.12/site-packages/airflow/example_dags/example_subdag_operator.py for tasks to queue
[2026-09-17T20:33:20.878+0000] {logging_mixin.py:190} INFO - [2026-09-17T20:33:20.878+0000] {dagbag.py:588} INFO - Filling up the DagBag from /home/airflow/.local/lib/python3.12/site-packages/airflow/example_dags/example_subdag_operator.py
[2026-09-17T20:33:20.913+0000] {processor.py:925} INFO - DAG(s) 'example_subdag_operator.section-1', 'example_subdag_operator.section-2', 'example_subdag_operator' retrieved from /home/airflow/.local/lib/python3.12/site-packages/airflow/example_dags/example_subdag_operator.py
[2026-09-17T20:33:20.929+0000] {logging_mixin.py:190} INFO - [2026-09-17T20:33:20.929+0000] {dag.py:3239} INFO - Sync 3 DAGs
[2026-09-17T20:33:20.963+0000] {logging_mixin.py:190} INFO - [2026-09-17T20:33:20.962+0000] {dag.py:4180} INFO - Setting next_dagrun for example_subdag_operator to 2022-01-01 00:00:00+00:00, run_after=2022-01-01 00:00:00+00:00
[2026-09-17T20:33:20.968+0000] {logging_mixin.py:190} INFO - [2026-09-17T20:33:20.968+0000] {dag.py:4180} INFO - Setting next_dagrun for example_subdag_operator.section-1 to None, run_after=None
[2026-09-17T20:33:20.972+0000] {logging_mixin.py:190} INFO - [2026-09-17T20:33:20.972+0000] {dag.py:4180} INFO - Setting next_dagrun for example_subdag_operator.section-2 to None, run_after=None
[2026-09-17T20:33:20.983+0000] {logging_mixin.py:190} INFO - [2026-09-17T20:33:20.983+0000] {dag.py:3239} INFO - Sync 2 DAGs
[2026-09-17T20:33:20.992+0000] {logging_mixin.py:190} INFO - [2026-09-17T20:33:20.991+0000] {dag.py:4180} INFO - Setting next_dagrun for example_subdag_operator.section-1 to None, run_after=None
[2026-09-17T20:33:20.993+0000] {logging_mixin.py:190} INFO - [2026-09-17T20:33:20.993+0000] {dag.py:4180} INFO - Setting next_dagrun for example_subdag_operator.section-2 to None, run_after=None
[2026-09-17T20:33:21.012+0000] {processor.py:208} INFO - Processing /home/airflow/.local/lib/python3.12/site-packages/airflow/example_dags/example_subdag_operator.py took 0.144 seconds
[2026-09-17T20:33:51.164+0000] {processor.py:186} INFO - Started process (PID=718) to work on /home/airflow/.local/lib/python3.12/site-packages/airflow/example_dags/example_subdag_operator.py
[2026-09-17T20:33:51.167+0000] {processor.py:914} INFO - Processing file /home/airflow/.local/lib/python3.12/site-packages/airflow/example_dags/example_subdag_operator.py for tasks to queue
[2026-09-17T20:33:51.170+0000] {logging_mixin.py:190} INFO - [2026-09-17T20:33:51.169+0000] {dagbag.py:588} INFO - Filling up the DagBag from /home/airflow/.local/lib/python3.12/site-packages/airflow/example_dags/example_subdag_operator.py
[2026-09-17T20:33:51.204+0000] {processor.py:925} INFO - DAG(s) 'example_subdag_operator.section-1', 'example_subdag_operator.section-2', 'example_subdag_operator' retrieved from /home/airflow/.local/lib/python3.12/site-packages/airflow/example_dags/example_subdag_operator.py
[2026-09-17T20:33:51.220+0000] {logging_mixin.py:190} INFO - [2026-09-17T20:33:51.220+0000] {dag.py:3239} INFO - Sync 3 DAGs
[2026-09-17T20:33:51.245+0000] {logging_mixin.py:190} INFO - [2026-09-17T20:33:51.244+0000] {dag.py:4180} INFO - Setting next_dagrun for example_subdag_operator to 2022-01-01 00:00:00+00:00, run_after=2022-01-01 00:00:00+00:00
[2026-09-17T20:33:51.250+0000] {logging_mixin.py:190} INFO - [2026-09-17T20:33:51.249+0000] {dag.py:4180} INFO - Setting next_dagrun for example_subdag_operator.section-1 to None, run_after=None
[2026-09-17T20:33:51.252+0000] {logging_mixin.py:190} INFO - [2026-09-17T20:33:51.252+0000] {dag.py:4180} INFO - Setting next_dagrun for example_subdag_operator.section-2 to None, run_after=None
[2026-09-17T20:33:51.261+0000] {logging_mixin.py:190} INFO - [2026-09-17T20:33:51.260+0000] {dag.py:3239} INFO - Sync 2 DAGs
[2026-09-17T20:33:51.268+0000] {logging_mixin.py:190} INFO - [2026-09-17T20:33:51.267+0000] {dag.py:4180} INFO - Setting next_dagrun for example_subdag_operator.section-1 to None, run_after=None
[2026-09-17T20:33:51.269+0000] {logging_mixin.py:190} INFO - [2026-09-17T20:33:51.269+0000] {dag.py:4180} INFO - Setting next_dagrun for example_subdag_operator.section-2 to None, run_after=None
[2026-09-17T20:33:51.283+0000] {processor.py:208} INFO - Processing /home/airflow/.local/lib/python3.12/site-packages/airflow/example_dags/example_subdag_operator.py took 0.128 seconds
[2026-09-17T20:34:21.406+0000] {processor.py:186} INFO - Started process (PID=783) to work on /home/airflow/.local/lib/python3.12/site-packages/airflow/example_dags/example_subdag_operator.py
[2026-09-17T20:34:21.407+0000] {processor.py:914} INFO - Processing file /home/airflow/.local/lib/python3.12/site-packages/airflow/example_dags/example_subdag_operator.py for tasks to queue
[2026-09-17T20:34:21.410+0000] {logging_mixin.py:190} INFO - [2026-09-17T20:34:21.410+0000] {dagbag.py:588} INFO - Filling up the DagBag from /home/airflow/.local/lib/python3.12/site-packages/airflow/example_dags/example_subdag_operator.py
[2026-09-17T20:34:21.445+0000] {processor.py:925} INFO - DAG(s) 'example_subdag_operator.section-1', 'example_subdag_operator.section-2', 'example_subdag_operator' retrieved from /home/airflow/.local/lib/python3.12/site-packages/airflow/example_dags/example_subdag_operator.py
[2026-09-17T20:34:21.463+0000] {logging_mixin.py:190} INFO - [2026-09-17T20:34:21.463+0000] {dag.py:3239} INFO - Sync 3 DAGs
[2026-09-17T20:34:21.489+0000] {logging_mixin.py:190} INFO - [2026-09-17T20:34:21.488+0000] {dag.py:4180} INFO - Setting next_dagrun for example_subdag_operator to 2022-01-01 00:00:00+00:00, run_after=2022-01-01 00:00:00+00:00
[2026-09-17T20:34:21.494+0000] {logging_mixin.py:190} INFO - [2026-09-17T20:34:21.493+0000] {dag.py:4180} INFO - Setting next_dagrun for example_subdag_operator.section-1 to None, run_after=None
[2026-09-17T20:34:21.496+0000] {logging_mixin.py:190} INFO - [2026-09-17T20:34:21.496+0000] {dag.py:4180} INFO - Setting next_dagrun for example_subdag_operator.section-2 to None, run_after=None
[2026-09-17T20:34:21.505+0000] {logging_mixin.py:190} INFO - [2026-09-17T20:34:21.505+0000] {dag.py:3239} INFO - Sync 2 DAGs
[2026-09-17T20:34:21.513+0000] {logging_mixin.py:190} INFO - [2026-09-17T20:34:21.513+0000] {dag.py:4180} INFO - Setting next_dagrun for example_subdag_operator.section-1 to None, run_after=None
[2026-09-17T20:34:21.515+0000] {logging_mixin.py:190} INFO - [2026-09-17T20:34:21.515+0000] {dag.py:4180} INFO - Setting next_dagrun for example_subdag_operator.section-2 to None, run_after=None
[2026-09-17T20:34:21.532+0000] {processor.py:208} INFO - Processing /home/airflow/.local/lib/python3.12/site-packages/airflow/example_dags/example_subdag_operator.py took 0.133 seconds
[2026-09-17T20:34:51.831+0000] {processor.py:186} INFO - Started process (PID=848) to work on /home/airflow/.local/lib/python3.12/site-packages/airflow/example_dags/example_subdag_operator.py
[2026-09-17T20:34:51.833+0000] {processor.py:914} INFO - Processing file /home/airflow/.local/lib/python3.12/site-packages/airflow/example_dags/example_subdag_operator.py for tasks to queue
[2026-09-17T20:34:51.836+0000] {logging_mixin.py:190} INFO - [2026-09-17T20:34:51.836+0000] {dagbag.py:588} INFO - Filling up the DagBag from /home/airflow/.local/lib/python3.12/site-packages/airflow/example_dags/example_subdag_operator.py
[2026-09-17T20:34:51.884+0000] {processor.py:925} INFO - DAG(s) 'example_subdag_operator.section-1', 'example_subdag_operator.section-2', 'example_subdag_operator' retrieved from /home/airflow/.local/lib/python3.12/site-packages/airflow/example_dags/example_subdag_operator.py
[2026-09-17T20:34:51.905+0000] {logging_mixin.py:190} INFO - [2026-09-17T20:34:51.904+0000] {dag.py:3239} INFO - Sync 3 DAGs
[2026-09-17T20:34:51.938+0000] {logging_mixin.py:190} INFO - [2026-09-17T20:34:51.938+0000] {dag.py:4180} INFO - Setting next_dagrun for example_subdag_operator to 2022-01-01 00:00:00+00:00, run_after=2022-01-01 00:00:00+00:00
[2026-09-17T20:34:51.944+0000] {logging_mixin.py:190} INFO - [2026-09-17T20:34:51.944+0000] {dag.py:4180} INFO - Setting next_dagrun for example_subdag_operator.section-1 to None, run_after=None
[2026-09-17T20:34:51.947+0000] {logging_mixin.py:190} INFO - [2026-09-17T20:34:51.947+0000] {dag.py:4180} INFO - Setting next_dagrun for example_subdag_operator.section-2 to None, run_after=None
[2026-09-17T20:34:51.959+0000] {logging_mixin.py:190} INFO - [2026-09-17T20:34:51.958+0000] {dag.py:3239} INFO - Sync 2 DAGs
[2026-09-17T20:34:51.968+0000] {logging_mixin.py:190} INFO - [2026-09-17T20:34:51.968+0000] {dag.py:4180} INFO - Setting next_dagrun for example_subdag_operator.section-1 to None, run_after=None
[2026-09-17T20:34:51.970+0000] {logging_mixin.py:190} INFO - [2026-09-17T20:34:51.970+0000] {dag.py:4180} INFO - Setting next_dagrun for example_subdag_operator.section-2 to None, run_after=None
[2026-09-17T20:34:51.991+0000] {processor.py:208} INFO - Processing /home/airflow/.local/lib/python3.12/site-packages/airflow/example_dags/example_subdag_operator.py took 0.168 seconds
[2026-09-17T20:35:22.941+0000] {processor.py:186} INFO - Started process (PID=913) to work on /home/airflow/.local/lib/python3.12/site-packages/airflow/example_dags/example_subdag_operator.py
[2026-09-17T20:35:22.944+0000] {processor.py:914} INFO - Processing file /home/airflow/.local/lib/python3.12/site-packages/airflow/example_dags/example_subdag_operator.py for tasks to queue
[2026-09-17T20:35:22.946+0000] {logging_mixin.py:190} INFO - [2026-09-17T20:35:22.946+0000] {dagbag.py:588} INFO - Filling up the DagBag from /home/airflow/.local/lib/python3.12/site-packages/airflow/example_dags/example_subdag_operator.py
[2026-09-17T20:35:22.981+0000] {processor.py:925} INFO - DAG(s) 'example_subdag_operator.section-1', 'example_subdag_operator.section-2', 'example_subdag_operator' retrieved from /home/airflow/.local/lib/python3.12/site-packages/airflow/example_dags/example_subdag_operator.py
[2026-09-17T20:35:22.998+0000] {logging_mixin.py:190} INFO - [2026-09-17T20:35:22.998+0000] {dag.py:3239} INFO - Sync 3 DAGs
[2026-09-17T20:35:23.025+0000] {logging_mixin.py:190} INFO - [2026-09-17T20:35:23.024+0000] {dag.py:4180} INFO - Setting next_dagrun for example_subdag_operator to 2022-01-01 00:00:00+00:00, run_after=2022-01-01 00:00:00+00:00
[2026-09-17T20:35:23.030+0000] {logging_mixin.py:190} INFO - [2026-09-17T20:35:23.030+0000] {dag.py:4180} INFO - Setting next_dagrun for example_subdag_operator.section-1 to None, run_after=None
[2026-09-17T20:35:23.033+0000] {logging_mixin.py:190} INFO - [2026-09-17T20:35:23.032+0000] {dag.py:4180} INFO - Setting next_dagrun for example_subdag_operator.section-2 to None, run_after=None
[2026-09-17T20:35:23.042+0000] {logging_mixin.py:190} INFO - [2026-09-17T20:35:23.042+0000] {dag.py:3239} INFO - Sync 2 DAGs
[2026-09-17T20:35:23.051+0000] {logging_mixin.py:190} INFO - [2026-09-17T20:35:23.051+0000] {dag.py:4180} INFO - Setting next_dagrun for example_subdag_operator.section-1 to None, run_after=None
[2026-09-17T20:35:23.053+0000] {logging_mixin.py:190} INFO - [2026-09-17T20:35:23.052+0000] {dag.py:4180} INFO - Setting next_dagrun for example_subdag_operator.section-2 to None, run_after=None
[2026-09-17T20:35:23.069+0000] {processor.py:208} INFO - Processing /home/airflow/.local/lib/python3.12/site-packages/airflow/example_dags/example_subdag_operator.py took 0.134 seconds
[2026-09-17T20:35:53.386+0000] {processor.py:186} INFO - Started process (PID=976) to work on /home/airflow/.local/lib/python3.12/site-packages/airflow/example_dags/example_subdag_operator.py
[2026-09-17T20:35:53.388+0000] {processor.py:914} INFO - Processing file /home/airflow/.local/lib/python3.12/site-packages/airflow/example_dags/example_subdag_operator.py for tasks to queue
[2026-09-17T20:35:53.390+0000] {logging_mixin.py:190} INFO - [2026-09-17T20:35:53.390+0000] {dagbag.py:588} INFO - Filling up the DagBag from /home/airflow/.local/lib/python3.12/site-packages/airflow/example_dags/example_subdag_operator.py
[2026-09-17T20:35:53.430+0000] {processor.py:925} INFO - DAG(s) 'example_subdag_operator.section-1', 'example_subdag_operator.section-2', 'example_subdag_operator' retrieved from /home/airflow/.local/lib/python3.12/site-packages/airflow/example_dags/example_subdag_operator.py
[2026-09-17T20:35:53.448+0000] {logging_mixin.py:190} INFO - [2026-09-17T20:35:53.447+0000] {dag.py:3239} INFO - Sync 3 DAGs
[2026-09-17T20:35:53.474+0000] {logging_mixin.py:190} INFO - [2026-09-17T20:35:53.474+0000] {dag.py:4180} INFO - Setting next_dagrun for example_subdag_operator to 2022-01-01 00:00:00+00:00, run_after=2022-01-01 00:00:00+00:00
[2026-09-17T20:35:53.481+0000] {logging_mixin.py:190} INFO - [2026-09-17T20:35:53.481+0000] {dag.py:4180} INFO - Setting next_dagrun for example_subdag_operator.section-1 to None, run_after=None
[2026-09-17T20:35:53.484+0000] {logging_mixin.py:190} INFO - [2026-09-17T20:35:53.484+0000] {dag.py:4180} INFO - Setting next_dagrun for example_subdag_operator.section-2 to None, run_after=None
[2026-09-17T20:35:53.493+0000] {logging_mixin.py:190} INFO - [2026-09-17T20:35:53.493+0000] {dag.py:3239} INFO - Sync 2 DAGs
[2026-09-17T20:35:53.502+0000] {logging_mixin.py:190} INFO - [2026-09-17T20:35:53.502+0000] {dag.py:4180} INFO - Setting next_dagrun for example_subdag_operator.section-1 to None, run_after=None
[2026-09-17T20:35:53.504+0000] {logging_mixin.py:190} INFO - [2026-09-17T20:35:53.503+0000] {dag.py:4180} INFO - Setting next_dagrun for example_subdag_operator.section-2 to None, run_after=None
[2026-09-17T20:35:53.520+0000] {processor.py:208} INFO - Processing /home/airflow/.local/lib/python3.12/site-packages/airflow/example_dags/example_subdag_operator.py took 0.141 seconds
[2026-09-17T20:36:23.641+0000] {processor.py:186} INFO - Started process (PID=1034) to work on /home/airflow/.local/lib/python3.12/site-packages/airflow/example_dags/example_subdag_operator.py
[2026-09-17T20:36:23.643+0000] {processor.py:914} INFO - Processing file /home/airflow/.local/lib/python3.12/site-packages/airflow/example_dags/example_subdag_operator.py for tasks to queue
[2026-09-17T20:36:23.646+0000] {logging_mixin.py:190} INFO - [2026-09-17T20:36:23.645+0000] {dagbag.py:588} INFO - Filling up the DagBag from /home/airflow/.local/lib/python3.12/site-packages/airflow/example_dags/example_subdag_operator.py
[2026-09-17T20:36:23.680+0000] {processor.py:925} INFO - DAG(s) 'example_subdag_operator.section-1', 'example_subdag_operator.section-2', 'example_subdag_operator' retrieved from /home/airflow/.local/lib/python3.12/site-packages/airflow/example_dags/example_subdag_operator.py
[2026-09-17T20:36:23.695+0000] {logging_mixin.py:190} INFO - [2026-09-17T20:36:23.695+0000] {dag.py:3239} INFO - Sync 3 DAGs
[2026-09-17T20:36:23.722+0000] {logging_mixin.py:190} INFO - [2026-09-17T20:36:23.722+0000] {dag.py:4180} INFO - Setting next_dagrun for example_subdag_operator to 2022-01-01 00:00:00+00:00, run_after=2022-01-01 00:00:00+00:00
[2026-09-17T20:36:23.727+0000] {logging_mixin.py:190} INFO - [2026-09-17T20:36:23.726+0000] {dag.py:4180} INFO - Setting next_dagrun for example_subdag_operator.section-1 to None, run_after=None
[2026-09-17T20:36:23.730+0000] {logging_mixin.py:190} INFO - [2026-09-17T20:36:23.730+0000] {dag.py:4180} INFO - Setting next_dagrun for example_subdag_operator.section-2 to None, run_after=None
[2026-09-17T20:36:23.739+0000] {logging_mixin.py:190} INFO - [2026-09-17T20:36:23.739+0000] {dag.py:3239} INFO - Sync 2 DAGs
[2026-09-17T20:36:23.747+0000] {logging_mixin.py:190} INFO - [2026-09-17T20:36:23.747+0000] {dag.py:4180} INFO - Setting next_dagrun for example_subdag_operator.section-1 to None, run_after=None
[2026-09-17T20:36:23.749+0000] {logging_mixin.py:190} INFO - [2026-09-17T20:36:23.749+0000] {dag.py:4180} INFO - Setting next_dagrun for example_subdag_operator.section-2 to None, run_after=None
[2026-09-17T20:36:23.765+0000] {processor.py:208} INFO - Processing /home/airflow/.local/lib/python3.12/site-packages/airflow/example_dags/example_subdag_operator.py took 0.129 seconds
[2026-09-17T20:36:53.936+0000] {processor.py:186} INFO - Started process (PID=1099) to work on /home/airflow/.local/lib/python3.12/site-packages/airflow/example_dags/example_subdag_operator.py
[2026-09-17T20:36:53.940+0000] {processor.py:914} INFO - Processing file /home/airflow/.local/lib/python3.12/site-packages/airflow/example_dags/example_subdag_operator.py for tasks to queue
[2026-09-17T20:36:53.943+0000] {logging_mixin.py:190} INFO - [2026-09-17T20:36:53.942+0000] {dagbag.py:588} INFO - Filling up the DagBag from /home/airflow/.local/lib/python3.12/site-packages/airflow/example_dags/example_subdag_operator.py
[2026-09-17T20:36:53.995+0000] {processor.py:925} INFO - DAG(s) 'example_subdag_operator.section-1', 'example_subdag_operator.section-2', 'example_subdag_operator' retrieved from /home/airflow/.local/lib/python3.12/site-packages/airflow/example_dags/example_subdag_operator.py
[2026-09-17T20:36:54.016+0000] {logging_mixin.py:190} INFO - [2026-09-17T20:36:54.016+0000] {dag.py:3239} INFO - Sync 3 DAGs
[2026-09-17T20:36:54.047+0000] {logging_mixin.py:190} INFO - [2026-09-17T20:36:54.046+0000] {dag.py:4180} INFO - Setting next_dagrun for example_subdag_operator to 2022-01-01 00:00:00+00:00, run_after=2022-01-01 00:00:00+00:00
[2026-09-17T20:36:54.053+0000] {logging_mixin.py:190} INFO - [2026-09-17T20:36:54.053+0000] {dag.py:4180} INFO - Setting next_dagrun for example_subdag_operator.section-1 to None, run_after=None
[2026-09-17T20:36:54.057+0000] {logging_mixin.py:190} INFO - [2026-09-17T20:36:54.056+0000] {dag.py:4180} INFO - Setting next_dagrun for example_subdag_operator.section-2 to None, run_after=None
[2026-09-17T20:36:54.067+0000] {logging_mixin.py:190} INFO - [2026-09-17T20:36:54.067+0000] {dag.py:3239} INFO - Sync 2 DAGs
[2026-09-17T20:36:54.076+0000] {logging_mixin.py:190} INFO - [2026-09-17T20:36:54.076+0000] {dag.py:4180} INFO - Setting next_dagrun for example_subdag_operator.section-1 to None, run_after=None
[2026-09-17T20:36:54.079+0000] {logging_mixin.py:190} INFO - [2026-09-17T20:36:54.078+0000] {dag.py:4180} INFO - Setting next_dagrun for example_subdag_operator.section-2 to None, run_after=None
[2026-09-17T20:36:54.098+0000] {processor.py:208} INFO - Processing /home/airflow/.local/lib/python3.12/site-packages/airflow/example_dags/example_subdag_operator.py took 0.170 seconds
[2026-09-17T20:37:24.381+0000] {processor.py:186} INFO - Started process (PID=1164) to work on /home/airflow/.local/lib/python3.12/site-packages/airflow/example_dags/example_subdag_operator.py
[2026-09-17T20:37:24.383+0000] {processor.py:914} INFO - Processing file /home/airflow/.local/lib/python3.12/site-packages/airflow/example_dags/example_subdag_operator.py for tasks to queue
[2026-09-17T20:37:24.385+0000] {logging_mixin.py:190} INFO - [2026-09-17T20:37:24.385+0000] {dagbag.py:588} INFO - Filling up the DagBag from /home/airflow/.local/lib/python3.12/site-packages/airflow/example_dags/example_subdag_operator.py
[2026-09-17T20:37:24.421+0000] {processor.py:925} INFO - DAG(s) 'example_subdag_operator.section-1', 'example_subdag_operator.section-2', 'example_subdag_operator' retrieved from /home/airflow/.local/lib/python3.12/site-packages/airflow/example_dags/example_subdag_operator.py
[2026-09-17T20:37:24.437+0000] {logging_mixin.py:190} INFO - [2026-09-17T20:37:24.437+0000] {dag.py:3239} INFO - Sync 3 DAGs
[2026-09-17T20:37:24.462+0000] {logging_mixin.py:190} INFO - [2026-09-17T20:37:24.462+0000] {dag.py:4180} INFO - Setting next_dagrun for example_subdag_operator to 2022-01-01 00:00:00+00:00, run_after=2022-01-01 00:00:00+00:00
[2026-09-17T20:37:24.468+0000] {logging_mixin.py:190} INFO - [2026-09-17T20:37:24.467+0000] {dag.py:4180} INFO - Setting next_dagrun for example_subdag_operator.section-1 to None, run_after=None
[2026-09-17T20:37:24.471+0000] {logging_mixin.py:190} INFO - [2026-09-17T20:37:24.471+0000] {dag.py:4180} INFO - Setting next_dagrun for example_subdag_operator.section-2 to None, run_after=None
[2026-09-17T20:37:24.480+0000] {logging_mixin.py:190} INFO - [2026-09-17T20:37:24.480+0000] {dag.py:3239} INFO - Sync 2 DAGs
[2026-09-17T20:37:24.488+0000] {logging_mixin.py:190} INFO - [2026-09-17T20:37:24.488+0000] {dag.py:4180} INFO - Setting next_dagrun for example_subdag_operator.section-1 to None, run_after=None
[2026-09-17T20:37:24.490+0000] {logging_mixin.py:190} INFO - [2026-09-17T20:37:24.490+0000] {dag.py:4180} INFO - Setting next_dagrun for example_subdag_operator.section-2 to None, run_after=None
[2026-09-17T20:37:24.507+0000] {processor.py:208} INFO - Processing /home/airflow/.local/lib/python3.12/site-packages/airflow/example_dags/example_subdag_operator.py took 0.131 seconds
[2026-09-17T20:37:55.299+0000] {processor.py:186} INFO - Started process (PID=1229) to work on /home/airflow/.local/lib/python3.12/site-packages/airflow/example_dags/example_subdag_operator.py
[2026-09-17T20:37:55.301+0000] {processor.py:914} INFO - Processing file /home/airflow/.local/lib/python3.12/site-packages/airflow/example_dags/example_subdag_operator.py for tasks to queue
[2026-09-17T20:37:55.304+0000] {logging_mixin.py:190} INFO - [2026-09-17T20:37:55.303+0000] {dagbag.py:588} INFO - Filling up the DagBag from /home/airflow/.local/lib/python3.12/site-packages/airflow/example_dags/example_subdag_operator.py
[2026-09-17T20:37:55.334+0000] {processor.py:925} INFO - DAG(s) 'example_subdag_operator.section-1', 'example_subdag_operator.section-2', 'example_subdag_operator' retrieved from /home/airflow/.local/lib/python3.12/site-packages/airflow/example_dags/example_subdag_operator.py
[2026-09-17T20:37:55.349+0000] {logging_mixin.py:190} INFO - [2026-09-17T20:37:55.349+0000] {dag.py:3239} INFO - Sync 3 DAGs
[2026-09-17T20:37:55.372+0000] {logging_mixin.py:190} INFO - [2026-09-17T20:37:55.372+0000] {dag.py:4180} INFO - Setting next_dagrun for example_subdag_operator to 2022-01-01 00:00:00+00:00, run_after=2022-01-01 00:00:00+00:00
[2026-09-17T20:37:55.376+0000] {logging_mixin.py:190} INFO - [2026-09-17T20:37:55.376+0000] {dag.py:4180} INFO - Setting next_dagrun for example_subdag_operator.section-1 to None, run_after=None
[2026-09-17T20:37:55.379+0000] {logging_mixin.py:190} INFO - [2026-09-17T20:37:55.379+0000] {dag.py:4180} INFO - Setting next_dagrun for example_subdag_operator.section-2 to None, run_after=None
[2026-09-17T20:37:55.388+0000] {logging_mixin.py:190} INFO - [2026-09-17T20:37:55.388+0000] {dag.py:3239} INFO - Sync 2 DAGs
[2026-09-17T20:37:55.395+0000] {logging_mixin.py:190} INFO - [2026-09-17T20:37:55.395+0000] {dag.py:4180} INFO - Setting next_dagrun for example_subdag_operator.section-1 to None, run_after=None
[2026-09-17T20:37:55.397+0000] {logging_mixin.py:190} INFO - [2026-09-17T20:37:55.397+0000] {dag.py:4180} INFO - Setting next_dagrun for example_subdag_operator.section-2 to None, run_after=None
[2026-09-17T20:37:55.411+0000] {processor.py:208} INFO - Processing /home/airflow/.local/lib/python3.12/site-packages/airflow/example_dags/example_subdag_operator.py took 0.118 seconds
[2026-09-17T20:38:26.242+0000] {processor.py:186} INFO - Started process (PID=1294) to work on /home/airflow/.local/lib/python3.12/site-packages/airflow/example_dags/example_subdag_operator.py
[2026-09-17T20:38:26.244+0000] {processor.py:914} INFO - Processing file /home/airflow/.local/lib/python3.12/site-packages/airflow/example_dags/example_subdag_operator.py for tasks to queue
[2026-09-17T20:38:26.247+0000] {logging_mixin.py:190} INFO - [2026-09-17T20:38:26.246+0000] {dagbag.py:588} INFO - Filling up the DagBag from /home/airflow/.local/lib/python3.12/site-packages/airflow/example_dags/example_subdag_operator.py
[2026-09-17T20:38:26.279+0000] {processor.py:925} INFO - DAG(s) 'example_subdag_operator.section-1', 'example_subdag_operator.section-2', 'example_subdag_operator' retrieved from /home/airflow/.local/lib/python3.12/site-packages/airflow/example_dags/example_subdag_operator.py
[2026-09-17T20:38:26.295+0000] {logging_mixin.py:190} INFO - [2026-09-17T20:38:26.295+0000] {dag.py:3239} INFO - Sync 3 DAGs
[2026-09-17T20:38:26.320+0000] {logging_mixin.py:190} INFO - [2026-09-17T20:38:26.320+0000] {dag.py:4180} INFO - Setting next_dagrun for example_subdag_operator to 2022-01-01 00:00:00+00:00, run_after=2022-01-01 00:00:00+00:00
[2026-09-17T20:38:26.325+0000] {logging_mixin.py:190} INFO - [2026-09-17T20:38:26.324+0000] {dag.py:4180} INFO - Setting next_dagrun for example_subdag_operator.section-1 to None, run_after=None
[2026-09-17T20:38:26.327+0000] {logging_mixin.py:190} INFO - [2026-09-17T20:38:26.327+0000] {dag.py:4180} INFO - Setting next_dagrun for example_subdag_operator.section-2 to None, run_after=None
[2026-09-17T20:38:26.335+0000] {logging_mixin.py:190} INFO - [2026-09-17T20:38:26.335+0000] {dag.py:3239} INFO - Sync 2 DAGs
[2026-09-17T20:38:26.343+0000] {logging_mixin.py:190} INFO - [2026-09-17T20:38:26.343+0000] {dag.py:4180} INFO - Setting next_dagrun for example_subdag_operator.section-1 to None, run_after=None
[2026-09-17T20:38:26.346+0000] {logging_mixin.py:190} INFO - [2026-09-17T20:38:26.346+0000] {dag.py:4180} INFO - Setting next_dagrun for example_subdag_operator.section-2 to None, run_after=None
[2026-09-17T20:38:26.361+0000] {processor.py:208} INFO - Processing /home/airflow/.local/lib/python3.12/site-packages/airflow/example_dags/example_subdag_operator.py took 0.125 seconds
[2026-09-17T20:38:57.253+0000] {processor.py:186} INFO - Started process (PID=1359) to work on /home/airflow/.local/lib/python3.12/site-packages/airflow/example_dags/example_subdag_operator.py
[2026-09-17T20:38:57.256+0000] {processor.py:914} INFO - Processing file /home/airflow/.local/lib/python3.12/site-packages/airflow/example_dags/example_subdag_operator.py for tasks to queue
[2026-09-17T20:38:57.258+0000] {logging_mixin.py:190} INFO - [2026-09-17T20:38:57.258+0000] {dagbag.py:588} INFO - Filling up the DagBag from /home/airflow/.local/lib/python3.12/site-packages/airflow/example_dags/example_subdag_operator.py
[2026-09-17T20:38:57.290+0000] {processor.py:925} INFO - DAG(s) 'example_subdag_operator.section-1', 'example_subdag_operator.section-2', 'example_subdag_operator' retrieved from /home/airflow/.local/lib/python3.12/site-packages/airflow/example_dags/example_subdag_operator.py
[2026-09-17T20:38:57.305+0000] {logging_mixin.py:190} INFO - [2026-09-17T20:38:57.305+0000] {dag.py:3239} INFO - Sync 3 DAGs
[2026-09-17T20:38:57.330+0000] {logging_mixin.py:190} INFO - [2026-09-17T20:38:57.330+0000] {dag.py:4180} INFO - Setting next_dagrun for example_subdag_operator to 2022-01-01 00:00:00+00:00, run_after=2022-01-01 00:00:00+00:00
[2026-09-17T20:38:57.335+0000] {logging_mixin.py:190} INFO - [2026-09-17T20:38:57.334+0000] {dag.py:4180} INFO - Setting next_dagrun for example_subdag_operator.section-1 to None, run_after=None
[2026-09-17T20:38:57.337+0000] {logging_mixin.py:190} INFO - [2026-09-17T20:38:57.337+0000] {dag.py:4180} INFO - Setting next_dagrun for example_subdag_operator.section-2 to None, run_after=None
[2026-09-17T20:38:57.347+0000] {logging_mixin.py:190} INFO - [2026-09-17T20:38:57.347+0000] {dag.py:3239} INFO - Sync 2 DAGs
[2026-09-17T20:38:57.356+0000] {logging_mixin.py:190} INFO - [2026-09-17T20:38:57.355+0000] {dag.py:4180} INFO - Setting next_dagrun for example_subdag_operator.section-1 to None, run_after=None
[2026-09-17T20:38:57.357+0000] {logging_mixin.py:190} INFO - [2026-09-17T20:38:57.357+0000] {dag.py:4180} INFO - Setting next_dagrun for example_subdag_operator.section-2 to None, run_after=None
[2026-09-17T20:38:57.371+0000] {processor.py:208} INFO - Processing /home/airflow/.local/lib/python3.12/site-packages/airflow/example_dags/example_subdag_operator.py took 0.123 seconds
[2026-09-17T20:39:27.788+0000] {processor.py:186} INFO - Started process (PID=1424) to work on /home/airflow/.local/lib/python3.12/site-packages/airflow/example_dags/example_subdag_operator.py
[2026-09-17T20:39:27.791+0000] {processor.py:914} INFO - Processing file /home/airflow/.local/lib/python3.12/site-packages/airflow/example_dags/example_subdag_operator.py for tasks to queue
[2026-09-17T20:39:27.793+0000] {logging_mixin.py:190} INFO - [2026-09-17T20:39:27.792+0000] {dagbag.py:588} INFO - Filling up the DagBag from /home/airflow/.local/lib/python3.12/site-packages/airflow/example_dags/example_subdag_operator.py
[2026-09-17T20:39:27.829+0000] {processor.py:925} INFO - DAG(s) 'example_subdag_operator.section-1', 'example_subdag_operator.section-2', 'example_subdag_operator' retrieved from /home/airflow/.local/lib/python3.12/site-packages/airflow/example_dags/example_subdag_operator.py
[2026-09-17T20:39:27.847+0000] {logging_mixin.py:190} INFO - [2026-09-17T20:39:27.847+0000] {dag.py:3239} INFO - Sync 3 DAGs
[2026-09-17T20:39:27.873+0000] {logging_mixin.py:190} INFO - [2026-09-17T20:39:27.873+0000] {dag.py:4180} INFO - Setting next_dagrun for example_subdag_operator to 2022-01-01 00:00:00+00:00, run_after=2022-01-01 00:00:00+00:00
[2026-09-17T20:39:27.878+0000] {logging_mixin.py:190} INFO - [2026-09-17T20:39:27.878+0000] {dag.py:4180} INFO - Setting next_dagrun for example_subdag_operator.section-1 to None, run_after=None
[2026-09-17T20:39:27.882+0000] {logging_mixin.py:190} INFO - [2026-09-17T20:39:27.881+0000] {dag.py:4180} INFO - Setting next_dagrun for example_subdag_operator.section-2 to None, run_after=None
[2026-09-17T20:39:27.891+0000] {logging_mixin.py:190} INFO - [2026-09-17T20:39:27.890+0000] {dag.py:3239} INFO - Sync 2 DAGs
[2026-09-17T20:39:27.900+0000] {logging_mixin.py:190} INFO - [2026-09-17T20:39:27.900+0000] {dag.py:4180} INFO - Setting next_dagrun for example_subdag_operator.section-1 to None, run_after=None
[2026-09-17T20:39:27.901+0000] {logging_mixin.py:190} INFO - [2026-09-17T20:39:27.901+0000] {dag.py:4180} INFO - Setting next_dagrun for example_subdag_operator.section-2 to None, run_after=None
[2026-09-17T20:39:27.917+0000] {processor.py:208} INFO - Processing /home/airflow/.local/lib/python3.12/site-packages/airflow/example_dags/example_subdag_operator.py took 0.136 seconds
[2026-09-17T20:39:58.349+0000] {processor.py:186} INFO - Started process (PID=1490) to work on /home/airflow/.local/lib/python3.12/site-packages/airflow/example_dags/example_subdag_operator.py
[2026-09-17T20:39:58.351+0000] {processor.py:914} INFO - Processing file /home/airflow/.local/lib/python3.12/site-packages/airflow/example_dags/example_subdag_operator.py for tasks to queue
[2026-09-17T20:39:58.354+0000] {logging_mixin.py:190} INFO - [2026-09-17T20:39:58.353+0000] {dagbag.py:588} INFO - Filling up the DagBag from /home/airflow/.local/lib/python3.12/site-packages/airflow/example_dags/example_subdag_operator.py
[2026-09-17T20:39:58.400+0000] {processor.py:925} INFO - DAG(s) 'example_subdag_operator.section-1', 'example_subdag_operator.section-2', 'example_subdag_operator' retrieved from /home/airflow/.local/lib/python3.12/site-packages/airflow/example_dags/example_subdag_operator.py
[2026-09-17T20:39:58.419+0000] {logging_mixin.py:190} INFO - [2026-09-17T20:39:58.419+0000] {dag.py:3239} INFO - Sync 3 DAGs
[2026-09-17T20:39:58.453+0000] {logging_mixin.py:190} INFO - [2026-09-17T20:39:58.453+0000] {dag.py:4180} INFO - Setting next_dagrun for example_subdag_operator to 2022-01-01 00:00:00+00:00, run_after=2022-01-01 00:00:00+00:00
[2026-09-17T20:39:58.459+0000] {logging_mixin.py:190} INFO - [2026-09-17T20:39:58.459+0000] {dag.py:4180} INFO - Setting next_dagrun for example_subdag_operator.section-1 to None, run_after=None
[2026-09-17T20:39:58.461+0000] {logging_mixin.py:190} INFO - [2026-09-17T20:39:58.461+0000] {dag.py:4180} INFO - Setting next_dagrun for example_subdag_operator.section-2 to None, run_after=None
[2026-09-17T20:39:58.473+0000] {logging_mixin.py:190} INFO - [2026-09-17T20:39:58.473+0000] {dag.py:3239} INFO - Sync 2 DAGs
[2026-09-17T20:39:58.481+0000] {logging_mixin.py:190} INFO - [2026-09-17T20:39:58.480+0000] {dag.py:4180} INFO - Setting next_dagrun for example_subdag_operator.section-1 to None, run_after=None
[2026-09-17T20:39:58.487+0000] {logging_mixin.py:190} INFO - [2026-09-17T20:39:58.487+0000] {dag.py:4180} INFO - Setting next_dagrun for example_subdag_operator.section-2 to None, run_after=None
[2026-09-17T20:39:58.503+0000] {processor.py:208} INFO - Processing /home/airflow/.local/lib/python3.12/site-packages/airflow/example_dags/example_subdag_operator.py took 0.163 seconds
[2026-09-17T20:40:28.570+0000] {processor.py:186} INFO - Started process (PID=1555) to work on /home/airflow/.local/lib/python3.12/site-packages/airflow/example_dags/example_subdag_operator.py
[2026-09-17T20:40:28.572+0000] {processor.py:914} INFO - Processing file /home/airflow/.local/lib/python3.12/site-packages/airflow/example_dags/example_subdag_operator.py for tasks to queue
[2026-09-17T20:40:28.574+0000] {logging_mixin.py:190} INFO - [2026-09-17T20:40:28.574+0000] {dagbag.py:588} INFO - Filling up the DagBag from /home/airflow/.local/lib/python3.12/site-packages/airflow/example_dags/example_subdag_operator.py
[2026-09-17T20:40:28.607+0000] {processor.py:925} INFO - DAG(s) 'example_subdag_operator.section-1', 'example_subdag_operator.section-2', 'example_subdag_operator' retrieved from /home/airflow/.local/lib/python3.12/site-packages/airflow/example_dags/example_subdag_operator.py
[2026-09-17T20:40:28.623+0000] {logging_mixin.py:190} INFO - [2026-09-17T20:40:28.622+0000] {dag.py:3239} INFO - Sync 3 DAGs
[2026-09-17T20:40:28.648+0000] {logging_mixin.py:190} INFO - [2026-09-17T20:40:28.647+0000] {dag.py:4180} INFO - Setting next_dagrun for example_subdag_operator to 2022-01-01 00:00:00+00:00, run_after=2022-01-01 00:00:00+00:00
[2026-09-17T20:40:28.653+0000] {logging_mixin.py:190} INFO - [2026-09-17T20:40:28.652+0000] {dag.py:4180} INFO - Setting next_dagrun for example_subdag_operator.section-1 to None, run_after=None
[2026-09-17T20:40:28.656+0000] {logging_mixin.py:190} INFO - [2026-09-17T20:40:28.656+0000] {dag.py:4180} INFO - Setting next_dagrun for example_subdag_operator.section-2 to None, run_after=None
[2026-09-17T20:40:28.667+0000] {logging_mixin.py:190} INFO - [2026-09-17T20:40:28.667+0000] {dag.py:3239} INFO - Sync 2 DAGs
[2026-09-17T20:40:28.678+0000] {logging_mixin.py:190} INFO - [2026-09-17T20:40:28.678+0000] {dag.py:4180} INFO - Setting next_dagrun for example_subdag_operator.section-1 to None, run_after=None
[2026-09-17T20:40:28.680+0000] {logging_mixin.py:190} INFO - [2026-09-17T20:40:28.680+0000] {dag.py:4180} INFO - Setting next_dagrun for example_subdag_operator.section-2 to None, run_after=None
[2026-09-17T20:40:28.704+0000] {processor.py:208} INFO - Processing /home/airflow/.local/lib/python3.12/site-packages/airflow/example_dags/example_subdag_operator.py took 0.141 seconds
[2026-09-17T20:40:59.100+0000] {processor.py:186} INFO - Started process (PID=1620) to work on /home/airflow/.local/lib/python3.12/site-packages/airflow/example_dags/example_subdag_operator.py
[2026-09-17T20:40:59.103+0000] {processor.py:914} INFO - Processing file /home/airflow/.local/lib/python3.12/site-packages/airflow/example_dags/example_subdag_operator.py for tasks to queue
[2026-09-17T20:40:59.105+0000] {logging_mixin.py:190} INFO - [2026-09-17T20:40:59.104+0000] {dagbag.py:588} INFO - Filling up the DagBag from /home/airflow/.local/lib/python3.12/site-packages/airflow/example_dags/example_subdag_operator.py
[2026-09-17T20:40:59.140+0000] {processor.py:925} INFO - DAG(s) 'example_subdag_operator.section-1', 'example_subdag_operator.section-2', 'example_subdag_operator' retrieved from /home/airflow/.local/lib/python3.12/site-packages/airflow/example_dags/example_subdag_operator.py
[2026-09-17T20:40:59.157+0000] {logging_mixin.py:190} INFO - [2026-09-17T20:40:59.157+0000] {dag.py:3239} INFO - Sync 3 DAGs
[2026-09-17T20:40:59.183+0000] {logging_mixin.py:190} INFO - [2026-09-17T20:40:59.182+0000] {dag.py:4180} INFO - Setting next_dagrun for example_subdag_operator to 2022-01-01 00:00:00+00:00, run_after=2022-01-01 00:00:00+00:00
[2026-09-17T20:40:59.188+0000] {logging_mixin.py:190} INFO - [2026-09-17T20:40:59.188+0000] {dag.py:4180} INFO - Setting next_dagrun for example_subdag_operator.section-1 to None, run_after=None
[2026-09-17T20:40:59.191+0000] {logging_mixin.py:190} INFO - [2026-09-17T20:40:59.191+0000] {dag.py:4180} INFO - Setting next_dagrun for example_subdag_operator.section-2 to None, run_after=None
[2026-09-17T20:40:59.203+0000] {logging_mixin.py:190} INFO - [2026-09-17T20:40:59.203+0000] {dag.py:3239} INFO - Sync 2 DAGs
[2026-09-17T20:40:59.215+0000] {logging_mixin.py:190} INFO - [2026-09-17T20:40:59.215+0000] {dag.py:4180} INFO - Setting next_dagrun for example_subdag_operator.section-1 to None, run_after=None
[2026-09-17T20:40:59.217+0000] {logging_mixin.py:190} INFO - [2026-09-17T20:40:59.217+0000] {dag.py:4180} INFO - Setting next_dagrun for example_subdag_operator.section-2 to None, run_after=None
[2026-09-17T20:40:59.236+0000] {processor.py:208} INFO - Processing /home/airflow/.local/lib/python3.12/site-packages/airflow/example_dags/example_subdag_operator.py took 0.142 seconds
[2026-09-17T20:41:29.446+0000] {processor.py:186} INFO - Started process (PID=1685) to work on /home/airflow/.local/lib/python3.12/site-packages/airflow/example_dags/example_subdag_operator.py
[2026-09-17T20:41:29.449+0000] {processor.py:914} INFO - Processing file /home/airflow/.local/lib/python3.12/site-packages/airflow/example_dags/example_subdag_operator.py for tasks to queue
[2026-09-17T20:41:29.453+0000] {logging_mixin.py:190} INFO - [2026-09-17T20:41:29.452+0000] {dagbag.py:588} INFO - Filling up the DagBag from /home/airflow/.local/lib/python3.12/site-packages/airflow/example_dags/example_subdag_operator.py
[2026-09-17T20:41:29.518+0000] {processor.py:925} INFO - DAG(s) 'example_subdag_operator.section-1', 'example_subdag_operator.section-2', 'example_subdag_operator' retrieved from /home/airflow/.local/lib/python3.12/site-packages/airflow/example_dags/example_subdag_operator.py
[2026-09-17T20:41:29.542+0000] {logging_mixin.py:190} INFO - [2026-09-17T20:41:29.541+0000] {dag.py:3239} INFO - Sync 3 DAGs
[2026-09-17T20:41:29.577+0000] {logging_mixin.py:190} INFO - [2026-09-17T20:41:29.577+0000] {dag.py:4180} INFO - Setting next_dagrun for example_subdag_operator to 2022-01-01 00:00:00+00:00, run_after=2022-01-01 00:00:00+00:00
[2026-09-17T20:41:29.583+0000] {logging_mixin.py:190} INFO - [2026-09-17T20:41:29.582+0000] {dag.py:4180} INFO - Setting next_dagrun for example_subdag_operator.section-1 to None, run_after=None
[2026-09-17T20:41:29.585+0000] {logging_mixin.py:190} INFO - [2026-09-17T20:41:29.585+0000] {dag.py:4180} INFO - Setting next_dagrun for example_subdag_operator.section-2 to None, run_after=None
[2026-09-17T20:41:29.596+0000] {logging_mixin.py:190} INFO - [2026-09-17T20:41:29.595+0000] {dag.py:3239} INFO - Sync 2 DAGs
[2026-09-17T20:41:29.605+0000] {logging_mixin.py:190} INFO - [2026-09-17T20:41:29.605+0000] {dag.py:4180} INFO - Setting next_dagrun for example_subdag_operator.section-1 to None, run_after=None
[2026-09-17T20:41:29.607+0000] {logging_mixin.py:190} INFO - [2026-09-17T20:41:29.607+0000] {dag.py:4180} INFO - Setting next_dagrun for example_subdag_operator.section-2 to None, run_after=None
[2026-09-17T20:41:29.633+0000] {processor.py:208} INFO - Processing /home/airflow/.local/lib/python3.12/site-packages/airflow/example_dags/example_subdag_operator.py took 0.200 seconds
[2026-09-17T20:41:59.841+0000] {processor.py:186} INFO - Started process (PID=1750) to work on /home/airflow/.local/lib/python3.12/site-packages/airflow/example_dags/example_subdag_operator.py
[2026-09-17T20:41:59.843+0000] {processor.py:914} INFO - Processing file /home/airflow/.local/lib/python3.12/site-packages/airflow/example_dags/example_subdag_operator.py for tasks to queue
[2026-09-17T20:41:59.845+0000] {logging_mixin.py:190} INFO - [2026-09-17T20:41:59.845+0000] {dagbag.py:588} INFO - Filling up the DagBag from /home/airflow/.local/lib/python3.12/site-packages/airflow/example_dags/example_subdag_operator.py
[2026-09-17T20:41:59.880+0000] {processor.py:925} INFO - DAG(s) 'example_subdag_operator.section-1', 'example_subdag_operator.section-2', 'example_subdag_operator' retrieved from /home/airflow/.local/lib/python3.12/site-packages/airflow/example_dags/example_subdag_operator.py
[2026-09-17T20:41:59.897+0000] {logging_mixin.py:190} INFO - [2026-09-17T20:41:59.897+0000] {dag.py:3239} INFO - Sync 3 DAGs
[2026-09-17T20:41:59.924+0000] {logging_mixin.py:190} INFO - [2026-09-17T20:41:59.924+0000] {dag.py:4180} INFO - Setting next_dagrun for example_subdag_operator to 2022-01-01 00:00:00+00:00, run_after=2022-01-01 00:00:00+00:00
[2026-09-17T20:41:59.930+0000] {logging_mixin.py:190} INFO - [2026-09-17T20:41:59.930+0000] {dag.py:4180} INFO - Setting next_dagrun for example_subdag_operator.section-1 to None, run_after=None
[2026-09-17T20:41:59.933+0000] {logging_mixin.py:190} INFO - [2026-09-17T20:41:59.933+0000] {dag.py:4180} INFO - Setting next_dagrun for example_subdag_operator.section-2 to None, run_after=None
[2026-09-17T20:41:59.944+0000] {logging_mixin.py:190} INFO - [2026-09-17T20:41:59.944+0000] {dag.py:3239} INFO - Sync 2 DAGs
[2026-09-17T20:41:59.952+0000] {logging_mixin.py:190} INFO - [2026-09-17T20:41:59.952+0000] {dag.py:4180} INFO - Setting next_dagrun for example_subdag_operator.section-1 to None, run_after=None
[2026-09-17T20:41:59.954+0000] {logging_mixin.py:190} INFO - [2026-09-17T20:41:59.954+0000] {dag.py:4180} INFO - Setting next_dagrun for example_subdag_operator.section-2 to None, run_after=None
[2026-09-17T20:41:59.971+0000] {processor.py:208} INFO - Processing /home/airflow/.local/lib/python3.12/site-packages/airflow/example_dags/example_subdag_operator.py took 0.136 seconds
[2026-09-17T20:42:30.152+0000] {processor.py:186} INFO - Started process (PID=1807) to work on /home/airflow/.local/lib/python3.12/site-packages/airflow/example_dags/example_subdag_operator.py
[2026-09-17T20:42:30.157+0000] {processor.py:914} INFO - Processing file /home/airflow/.local/lib/python3.12/site-packages/airflow/example_dags/example_subdag_operator.py for tasks to queue
[2026-09-17T20:42:30.162+0000] {logging_mixin.py:190} INFO - [2026-09-17T20:42:30.161+0000] {dagbag.py:588} INFO - Filling up the DagBag from /home/airflow/.local/lib/python3.12/site-packages/airflow/example_dags/example_subdag_operator.py
[2026-09-17T20:42:30.285+0000] {processor.py:925} INFO - DAG(s) 'example_subdag_operator.section-1', 'example_subdag_operator.section-2', 'example_subdag_operator' retrieved from /home/airflow/.local/lib/python3.12/site-packages/airflow/example_dags/example_subdag_operator.py
[2026-09-17T20:42:30.344+0000] {logging_mixin.py:190} INFO - [2026-09-17T20:42:30.343+0000] {dag.py:3239} INFO - Sync 3 DAGs
[2026-09-17T20:42:30.458+0000] {logging_mixin.py:190} INFO - [2026-09-17T20:42:30.457+0000] {dag.py:4180} INFO - Setting next_dagrun for example_subdag_operator to 2022-01-01 00:00:00+00:00, run_after=2022-01-01 00:00:00+00:00
[2026-09-17T20:42:30.474+0000] {logging_mixin.py:190} INFO - [2026-09-17T20:42:30.474+0000] {dag.py:4180} INFO - Setting next_dagrun for example_subdag_operator.section-1 to None, run_after=None
[2026-09-17T20:42:30.479+0000] {logging_mixin.py:190} INFO - [2026-09-17T20:42:30.479+0000] {dag.py:4180} INFO - Setting next_dagrun for example_subdag_operator.section-2 to None, run_after=None
[2026-09-17T20:42:30.509+0000] {logging_mixin.py:190} INFO - [2026-09-17T20:42:30.508+0000] {dag.py:3239} INFO - Sync 2 DAGs
[2026-09-17T20:42:30.531+0000] {logging_mixin.py:190} INFO - [2026-09-17T20:42:30.530+0000] {dag.py:4180} INFO - Setting next_dagrun for example_subdag_operator.section-1 to None, run_after=None
[2026-09-17T20:42:30.534+0000] {logging_mixin.py:190} INFO - [2026-09-17T20:42:30.534+0000] {dag.py:4180} INFO - Setting next_dagrun for example_subdag_operator.section-2 to None, run_after=None
[2026-09-17T20:42:30.588+0000] {processor.py:208} INFO - Processing /home/airflow/.local/lib/python3.12/site-packages/airflow/example_dags/example_subdag_operator.py took 0.459 seconds
[2026-09-17T20:43:01.374+0000] {processor.py:186} INFO - Started process (PID=1872) to work on /home/airflow/.local/lib/python3.12/site-packages/airflow/example_dags/example_subdag_operator.py
[2026-09-17T20:43:01.377+0000] {processor.py:914} INFO - Processing file /home/airflow/.local/lib/python3.12/site-packages/airflow/example_dags/example_subdag_operator.py for tasks to queue
[2026-09-17T20:43:01.383+0000] {logging_mixin.py:190} INFO - [2026-09-17T20:43:01.382+0000] {dagbag.py:588} INFO - Filling up the DagBag from /home/airflow/.local/lib/python3.12/site-packages/airflow/example_dags/example_subdag_operator.py
[2026-09-17T20:43:01.481+0000] {processor.py:925} INFO - DAG(s) 'example_subdag_operator.section-1', 'example_subdag_operator.section-2', 'example_subdag_operator' retrieved from /home/airflow/.local/lib/python3.12/site-packages/airflow/example_dags/example_subdag_operator.py
[2026-09-17T20:43:01.543+0000] {logging_mixin.py:190} INFO - [2026-09-17T20:43:01.542+0000] {dag.py:3239} INFO - Sync 3 DAGs
[2026-09-17T20:43:01.648+0000] {logging_mixin.py:190} INFO - [2026-09-17T20:43:01.648+0000] {dag.py:4180} INFO - Setting next_dagrun for example_subdag_operator to 2022-01-01 00:00:00+00:00, run_after=2022-01-01 00:00:00+00:00
[2026-09-17T20:43:01.663+0000] {logging_mixin.py:190} INFO - [2026-09-17T20:43:01.662+0000] {dag.py:4180} INFO - Setting next_dagrun for example_subdag_operator.section-1 to None, run_after=None
[2026-09-17T20:43:01.670+0000] {logging_mixin.py:190} INFO - [2026-09-17T20:43:01.669+0000] {dag.py:4180} INFO - Setting next_dagrun for example_subdag_operator.section-2 to None, run_after=None
[2026-09-17T20:43:01.704+0000] {logging_mixin.py:190} INFO - [2026-09-17T20:43:01.704+0000] {dag.py:3239} INFO - Sync 2 DAGs
[2026-09-17T20:43:01.731+0000] {logging_mixin.py:190} INFO - [2026-09-17T20:43:01.729+0000] {dag.py:4180} INFO - Setting next_dagrun for example_subdag_operator.section-1 to None, run_after=None
[2026-09-17T20:43:01.737+0000] {logging_mixin.py:190} INFO - [2026-09-17T20:43:01.736+0000] {dag.py:4180} INFO - Setting next_dagrun for example_subdag_operator.section-2 to None, run_after=None
[2026-09-17T20:43:01.789+0000] {processor.py:208} INFO - Processing /home/airflow/.local/lib/python3.12/site-packages/airflow/example_dags/example_subdag_operator.py took 0.430 seconds
[2026-09-17T20:44:05.241+0000] {processor.py:186} INFO - Started process (PID=1946) to work on /home/airflow/.local/lib/python3.12/site-packages/airflow/example_dags/example_subdag_operator.py
[2026-09-17T20:44:05.247+0000] {processor.py:914} INFO - Processing file /home/airflow/.local/lib/python3.12/site-packages/airflow/example_dags/example_subdag_operator.py for tasks to queue
[2026-09-17T20:44:05.255+0000] {logging_mixin.py:190} INFO - [2026-09-17T20:44:05.254+0000] {dagbag.py:588} INFO - Filling up the DagBag from /home/airflow/.local/lib/python3.12/site-packages/airflow/example_dags/example_subdag_operator.py
[2026-09-17T20:44:05.377+0000] {processor.py:925} INFO - DAG(s) 'example_subdag_operator.section-1', 'example_subdag_operator.section-2', 'example_subdag_operator' retrieved from /home/airflow/.local/lib/python3.12/site-packages/airflow/example_dags/example_subdag_operator.py
[2026-09-17T20:44:05.449+0000] {logging_mixin.py:190} INFO - [2026-09-17T20:44:05.448+0000] {dag.py:3239} INFO - Sync 3 DAGs
[2026-09-17T20:44:05.563+0000] {logging_mixin.py:190} INFO - [2026-09-17T20:44:05.563+0000] {dag.py:4180} INFO - Setting next_dagrun for example_subdag_operator to 2022-01-01 00:00:00+00:00, run_after=2022-01-01 00:00:00+00:00
[2026-09-17T20:44:05.584+0000] {logging_mixin.py:190} INFO - [2026-09-17T20:44:05.583+0000] {dag.py:4180} INFO - Setting next_dagrun for example_subdag_operator.section-1 to None, run_after=None
[2026-09-17T20:44:05.597+0000] {logging_mixin.py:190} INFO - [2026-09-17T20:44:05.596+0000] {dag.py:4180} INFO - Setting next_dagrun for example_subdag_operator.section-2 to None, run_after=None
[2026-09-17T20:44:05.629+0000] {logging_mixin.py:190} INFO - [2026-09-17T20:44:05.628+0000] {dag.py:3239} INFO - Sync 2 DAGs
[2026-09-17T20:44:05.656+0000] {logging_mixin.py:190} INFO - [2026-09-17T20:44:05.655+0000] {dag.py:4180} INFO - Setting next_dagrun for example_subdag_operator.section-1 to None, run_after=None
[2026-09-17T20:44:05.665+0000] {logging_mixin.py:190} INFO - [2026-09-17T20:44:05.665+0000] {dag.py:4180} INFO - Setting next_dagrun for example_subdag_operator.section-2 to None, run_after=None
[2026-09-17T20:44:05.713+0000] {processor.py:208} INFO - Processing /home/airflow/.local/lib/python3.12/site-packages/airflow/example_dags/example_subdag_operator.py took 0.511 seconds
[2026-09-17T20:44:35.960+0000] {processor.py:186} INFO - Started process (PID=2010) to work on /home/airflow/.local/lib/python3.12/site-packages/airflow/example_dags/example_subdag_operator.py
[2026-09-17T20:44:35.963+0000] {processor.py:914} INFO - Processing file /home/airflow/.local/lib/python3.12/site-packages/airflow/example_dags/example_subdag_operator.py for tasks to queue
[2026-09-17T20:44:35.966+0000] {logging_mixin.py:190} INFO - [2026-09-17T20:44:35.965+0000] {dagbag.py:588} INFO - Filling up the DagBag from /home/airflow/.local/lib/python3.12/site-packages/airflow/example_dags/example_subdag_operator.py
[2026-09-17T20:44:36.015+0000] {processor.py:925} INFO - DAG(s) 'example_subdag_operator.section-1', 'example_subdag_operator.section-2', 'example_subdag_operator' retrieved from /home/airflow/.local/lib/python3.12/site-packages/airflow/example_dags/example_subdag_operator.py
[2026-09-17T20:44:36.042+0000] {logging_mixin.py:190} INFO - [2026-09-17T20:44:36.042+0000] {dag.py:3239} INFO - Sync 3 DAGs
[2026-09-17T20:44:36.136+0000] {logging_mixin.py:190} INFO - [2026-09-17T20:44:36.136+0000] {dag.py:4180} INFO - Setting next_dagrun for example_subdag_operator to 2022-01-01 00:00:00+00:00, run_after=2022-01-01 00:00:00+00:00
[2026-09-17T20:44:36.142+0000] {logging_mixin.py:190} INFO - [2026-09-17T20:44:36.142+0000] {dag.py:4180} INFO - Setting next_dagrun for example_subdag_operator.section-1 to None, run_after=None
[2026-09-17T20:44:36.146+0000] {logging_mixin.py:190} INFO - [2026-09-17T20:44:36.145+0000] {dag.py:4180} INFO - Setting next_dagrun for example_subdag_operator.section-2 to None, run_after=None
[2026-09-17T20:44:36.161+0000] {logging_mixin.py:190} INFO - [2026-09-17T20:44:36.161+0000] {dag.py:3239} INFO - Sync 2 DAGs
[2026-09-17T20:44:36.174+0000] {logging_mixin.py:190} INFO - [2026-09-17T20:44:36.174+0000] {dag.py:4180} INFO - Setting next_dagrun for example_subdag_operator.section-1 to None, run_after=None
[2026-09-17T20:44:36.179+0000] {logging_mixin.py:190} INFO - [2026-09-17T20:44:36.179+0000] {dag.py:4180} INFO - Setting next_dagrun for example_subdag_operator.section-2 to None, run_after=None
[2026-09-17T20:44:36.201+0000] {processor.py:208} INFO - Processing /home/airflow/.local/lib/python3.12/site-packages/airflow/example_dags/example_subdag_operator.py took 0.249 seconds
[2026-09-17T20:45:07.535+0000] {processor.py:186} INFO - Started process (PID=2068) to work on /home/airflow/.local/lib/python3.12/site-packages/airflow/example_dags/example_subdag_operator.py
[2026-09-17T20:45:07.537+0000] {processor.py:914} INFO - Processing file /home/airflow/.local/lib/python3.12/site-packages/airflow/example_dags/example_subdag_operator.py for tasks to queue
[2026-09-17T20:45:07.539+0000] {logging_mixin.py:190} INFO - [2026-09-17T20:45:07.539+0000] {dagbag.py:588} INFO - Filling up the DagBag from /home/airflow/.local/lib/python3.12/site-packages/airflow/example_dags/example_subdag_operator.py
[2026-09-17T20:45:07.572+0000] {processor.py:925} INFO - DAG(s) 'example_subdag_operator.section-1', 'example_subdag_operator.section-2', 'example_subdag_operator' retrieved from /home/airflow/.local/lib/python3.12/site-packages/airflow/example_dags/example_subdag_operator.py
[2026-09-17T20:45:07.587+0000] {logging_mixin.py:190} INFO - [2026-09-17T20:45:07.587+0000] {dag.py:3239} INFO - Sync 3 DAGs
[2026-09-17T20:45:07.611+0000] {logging_mixin.py:190} INFO - [2026-09-17T20:45:07.610+0000] {dag.py:4180} INFO - Setting next_dagrun for example_subdag_operator to 2022-01-01 00:00:00+00:00, run_after=2022-01-01 00:00:00+00:00
[2026-09-17T20:45:07.617+0000] {logging_mixin.py:190} INFO - [2026-09-17T20:45:07.616+0000] {dag.py:4180} INFO - Setting next_dagrun for example_subdag_operator.section-1 to None, run_after=None
[2026-09-17T20:45:07.619+0000] {logging_mixin.py:190} INFO - [2026-09-17T20:45:07.619+0000] {dag.py:4180} INFO - Setting next_dagrun for example_subdag_operator.section-2 to None, run_after=None
[2026-09-17T20:45:07.629+0000] {logging_mixin.py:190} INFO - [2026-09-17T20:45:07.628+0000] {dag.py:3239} INFO - Sync 2 DAGs
[2026-09-17T20:45:07.637+0000] {logging_mixin.py:190} INFO - [2026-09-17T20:45:07.637+0000] {dag.py:4180} INFO - Setting next_dagrun for example_subdag_operator.section-1 to None, run_after=None
[2026-09-17T20:45:07.638+0000] {logging_mixin.py:190} INFO - [2026-09-17T20:45:07.638+0000] {dag.py:4180} INFO - Setting next_dagrun for example_subdag_operator.section-2 to None, run_after=None
[2026-09-17T20:45:09.229+0000] {processor.py:208} INFO - Processing /home/airflow/.local/lib/python3.12/site-packages/airflow/example_dags/example_subdag_operator.py took 1.700 seconds
[2026-09-17T20:45:40.374+0000] {processor.py:186} INFO - Started process (PID=2133) to work on /home/airflow/.local/lib/python3.12/site-packages/airflow/example_dags/example_subdag_operator.py
[2026-09-17T20:45:40.377+0000] {processor.py:914} INFO - Processing file /home/airflow/.local/lib/python3.12/site-packages/airflow/example_dags/example_subdag_operator.py for tasks to queue
[2026-09-17T20:45:40.382+0000] {logging_mixin.py:190} INFO - [2026-09-17T20:45:40.382+0000] {dagbag.py:588} INFO - Filling up the DagBag from /home/airflow/.local/lib/python3.12/site-packages/airflow/example_dags/example_subdag_operator.py
[2026-09-17T20:45:40.469+0000] {processor.py:925} INFO - DAG(s) 'example_subdag_operator.section-1', 'example_subdag_operator.section-2', 'example_subdag_operator' retrieved from /home/airflow/.local/lib/python3.12/site-packages/airflow/example_dags/example_subdag_operator.py
[2026-09-17T20:45:40.510+0000] {logging_mixin.py:190} INFO - [2026-09-17T20:45:40.509+0000] {dag.py:3239} INFO - Sync 3 DAGs
[2026-09-17T20:45:40.551+0000] {logging_mixin.py:190} INFO - [2026-09-17T20:45:40.550+0000] {dag.py:4180} INFO - Setting next_dagrun for example_subdag_operator to 2022-01-01 00:00:00+00:00, run_after=2022-01-01 00:00:00+00:00
[2026-09-17T20:45:40.558+0000] {logging_mixin.py:190} INFO - [2026-09-17T20:45:40.557+0000] {dag.py:4180} INFO - Setting next_dagrun for example_subdag_operator.section-1 to None, run_after=None
[2026-09-17T20:45:40.561+0000] {logging_mixin.py:190} INFO - [2026-09-17T20:45:40.561+0000] {dag.py:4180} INFO - Setting next_dagrun for example_subdag_operator.section-2 to None, run_after=None
[2026-09-17T20:45:40.573+0000] {logging_mixin.py:190} INFO - [2026-09-17T20:45:40.573+0000] {dag.py:3239} INFO - Sync 2 DAGs
[2026-09-17T20:45:40.582+0000] {logging_mixin.py:190} INFO - [2026-09-17T20:45:40.582+0000] {dag.py:4180} INFO - Setting next_dagrun for example_subdag_operator.section-1 to None, run_after=None
[2026-09-17T20:45:40.584+0000] {logging_mixin.py:190} INFO - [2026-09-17T20:45:40.583+0000] {dag.py:4180} INFO - Setting next_dagrun for example_subdag_operator.section-2 to None, run_after=None
[2026-09-17T20:45:40.605+0000] {processor.py:208} INFO - Processing /home/airflow/.local/lib/python3.12/site-packages/airflow/example_dags/example_subdag_operator.py took 0.315 seconds
[2026-09-17T20:46:11.566+0000] {processor.py:186} INFO - Started process (PID=2200) to work on /home/airflow/.local/lib/python3.12/site-packages/airflow/example_dags/example_subdag_operator.py
[2026-09-17T20:46:11.568+0000] {processor.py:914} INFO - Processing file /home/airflow/.local/lib/python3.12/site-packages/airflow/example_dags/example_subdag_operator.py for tasks to queue
[2026-09-17T20:46:11.571+0000] {logging_mixin.py:190} INFO - [2026-09-17T20:46:11.570+0000] {dagbag.py:588} INFO - Filling up the DagBag from /home/airflow/.local/lib/python3.12/site-packages/airflow/example_dags/example_subdag_operator.py
[2026-09-17T20:46:11.610+0000] {processor.py:925} INFO - DAG(s) 'example_subdag_operator.section-1', 'example_subdag_operator.section-2', 'example_subdag_operator' retrieved from /home/airflow/.local/lib/python3.12/site-packages/airflow/example_dags/example_subdag_operator.py
[2026-09-17T20:46:11.629+0000] {logging_mixin.py:190} INFO - [2026-09-17T20:46:11.629+0000] {dag.py:3239} INFO - Sync 3 DAGs
[2026-09-17T20:46:11.657+0000] {logging_mixin.py:190} INFO - [2026-09-17T20:46:11.656+0000] {dag.py:4180} INFO - Setting next_dagrun for example_subdag_operator to 2022-01-01 00:00:00+00:00, run_after=2022-01-01 00:00:00+00:00
[2026-09-17T20:46:11.663+0000] {logging_mixin.py:190} INFO - [2026-09-17T20:46:11.662+0000] {dag.py:4180} INFO - Setting next_dagrun for example_subdag_operator.section-1 to None, run_after=None
[2026-09-17T20:46:11.665+0000] {logging_mixin.py:190} INFO - [2026-09-17T20:46:11.665+0000] {dag.py:4180} INFO - Setting next_dagrun for example_subdag_operator.section-2 to None, run_after=None
[2026-09-17T20:46:11.681+0000] {logging_mixin.py:190} INFO - [2026-09-17T20:46:11.681+0000] {dag.py:3239} INFO - Sync 2 DAGs
[2026-09-17T20:46:11.689+0000] {logging_mixin.py:190} INFO - [2026-09-17T20:46:11.689+0000] {dag.py:4180} INFO - Setting next_dagrun for example_subdag_operator.section-1 to None, run_after=None
[2026-09-17T20:46:11.691+0000] {logging_mixin.py:190} INFO - [2026-09-17T20:46:11.690+0000] {dag.py:4180} INFO - Setting next_dagrun for example_subdag_operator.section-2 to None, run_after=None
[2026-09-17T20:46:11.708+0000] {processor.py:208} INFO - Processing /home/airflow/.local/lib/python3.12/site-packages/airflow/example_dags/example_subdag_operator.py took 0.150 seconds
[2026-09-17T20:46:49.487+0000] {processor.py:186} INFO - Started process (PID=2265) to work on /home/airflow/.local/lib/python3.12/site-packages/airflow/example_dags/example_subdag_operator.py
[2026-09-17T20:46:49.492+0000] {processor.py:914} INFO - Processing file /home/airflow/.local/lib/python3.12/site-packages/airflow/example_dags/example_subdag_operator.py for tasks to queue
[2026-09-17T20:46:49.495+0000] {logging_mixin.py:190} INFO - [2026-09-17T20:46:49.495+0000] {dagbag.py:588} INFO - Filling up the DagBag from /home/airflow/.local/lib/python3.12/site-packages/airflow/example_dags/example_subdag_operator.py
[2026-09-17T20:46:49.554+0000] {processor.py:925} INFO - DAG(s) 'example_subdag_operator.section-1', 'example_subdag_operator.section-2', 'example_subdag_operator' retrieved from /home/airflow/.local/lib/python3.12/site-packages/airflow/example_dags/example_subdag_operator.py
[2026-09-17T20:46:49.581+0000] {logging_mixin.py:190} INFO - [2026-09-17T20:46:49.581+0000] {dag.py:3239} INFO - Sync 3 DAGs
[2026-09-17T20:46:49.615+0000] {logging_mixin.py:190} INFO - [2026-09-17T20:46:49.615+0000] {dag.py:4180} INFO - Setting next_dagrun for example_subdag_operator to 2022-01-01 00:00:00+00:00, run_after=2022-01-01 00:00:00+00:00
[2026-09-17T20:46:49.621+0000] {logging_mixin.py:190} INFO - [2026-09-17T20:46:49.621+0000] {dag.py:4180} INFO - Setting next_dagrun for example_subdag_operator.section-1 to None, run_after=None
[2026-09-17T20:46:49.624+0000] {logging_mixin.py:190} INFO - [2026-09-17T20:46:49.623+0000] {dag.py:4180} INFO - Setting next_dagrun for example_subdag_operator.section-2 to None, run_after=None
[2026-09-17T20:46:49.634+0000] {logging_mixin.py:190} INFO - [2026-09-17T20:46:49.633+0000] {dag.py:3239} INFO - Sync 2 DAGs
[2026-09-17T20:46:49.642+0000] {logging_mixin.py:190} INFO - [2026-09-17T20:46:49.641+0000] {dag.py:4180} INFO - Setting next_dagrun for example_subdag_operator.section-1 to None, run_after=None
[2026-09-17T20:46:49.643+0000] {logging_mixin.py:190} INFO - [2026-09-17T20:46:49.643+0000] {dag.py:4180} INFO - Setting next_dagrun for example_subdag_operator.section-2 to None, run_after=None
[2026-09-17T20:46:49.657+0000] {processor.py:208} INFO - Processing /home/airflow/.local/lib/python3.12/site-packages/airflow/example_dags/example_subdag_operator.py took 0.186 seconds
[2026-09-17T20:47:21.458+0000] {processor.py:186} INFO - Started process (PID=2330) to work on /home/airflow/.local/lib/python3.12/site-packages/airflow/example_dags/example_subdag_operator.py
[2026-09-17T20:47:21.462+0000] {processor.py:914} INFO - Processing file /home/airflow/.local/lib/python3.12/site-packages/airflow/example_dags/example_subdag_operator.py for tasks to queue
[2026-09-17T20:47:21.467+0000] {logging_mixin.py:190} INFO - [2026-09-17T20:47:21.466+0000] {dagbag.py:588} INFO - Filling up the DagBag from /home/airflow/.local/lib/python3.12/site-packages/airflow/example_dags/example_subdag_operator.py
[2026-09-17T20:47:21.532+0000] {processor.py:925} INFO - DAG(s) 'example_subdag_operator.section-1', 'example_subdag_operator.section-2', 'example_subdag_operator' retrieved from /home/airflow/.local/lib/python3.12/site-packages/airflow/example_dags/example_subdag_operator.py
[2026-09-17T20:47:21.586+0000] {logging_mixin.py:190} INFO - [2026-09-17T20:47:21.586+0000] {dag.py:3239} INFO - Sync 3 DAGs
[2026-09-17T20:47:21.651+0000] {logging_mixin.py:190} INFO - [2026-09-17T20:47:21.651+0000] {dag.py:4180} INFO - Setting next_dagrun for example_subdag_operator to 2022-01-01 00:00:00+00:00, run_after=2022-01-01 00:00:00+00:00
[2026-09-17T20:47:21.663+0000] {logging_mixin.py:190} INFO - [2026-09-17T20:47:21.663+0000] {dag.py:4180} INFO - Setting next_dagrun for example_subdag_operator.section-1 to None, run_after=None
[2026-09-17T20:47:21.668+0000] {logging_mixin.py:190} INFO - [2026-09-17T20:47:21.668+0000] {dag.py:4180} INFO - Setting next_dagrun for example_subdag_operator.section-2 to None, run_after=None
[2026-09-17T20:47:21.688+0000] {logging_mixin.py:190} INFO - [2026-09-17T20:47:21.687+0000] {dag.py:3239} INFO - Sync 2 DAGs
[2026-09-17T20:47:21.703+0000] {logging_mixin.py:190} INFO - [2026-09-17T20:47:21.702+0000] {dag.py:4180} INFO - Setting next_dagrun for example_subdag_operator.section-1 to None, run_after=None
[2026-09-17T20:47:21.705+0000] {logging_mixin.py:190} INFO - [2026-09-17T20:47:21.705+0000] {dag.py:4180} INFO - Setting next_dagrun for example_subdag_operator.section-2 to None, run_after=None
[2026-09-17T20:47:21.746+0000] {processor.py:208} INFO - Processing /home/airflow/.local/lib/python3.12/site-packages/airflow/example_dags/example_subdag_operator.py took 0.303 seconds
[2026-09-17T20:47:52.481+0000] {processor.py:186} INFO - Started process (PID=2396) to work on /home/airflow/.local/lib/python3.12/site-packages/airflow/example_dags/example_subdag_operator.py
[2026-09-17T20:47:52.483+0000] {processor.py:914} INFO - Processing file /home/airflow/.local/lib/python3.12/site-packages/airflow/example_dags/example_subdag_operator.py for tasks to queue
[2026-09-17T20:47:52.486+0000] {logging_mixin.py:190} INFO - [2026-09-17T20:47:52.486+0000] {dagbag.py:588} INFO - Filling up the DagBag from /home/airflow/.local/lib/python3.12/site-packages/airflow/example_dags/example_subdag_operator.py
[2026-09-17T20:47:52.526+0000] {processor.py:925} INFO - DAG(s) 'example_subdag_operator.section-1', 'example_subdag_operator.section-2', 'example_subdag_operator' retrieved from /home/airflow/.local/lib/python3.12/site-packages/airflow/example_dags/example_subdag_operator.py
[2026-09-17T20:47:52.544+0000] {logging_mixin.py:190} INFO - [2026-09-17T20:47:52.544+0000] {dag.py:3239} INFO - Sync 3 DAGs
[2026-09-17T20:47:52.569+0000] {logging_mixin.py:190} INFO - [2026-09-17T20:47:52.568+0000] {dag.py:4180} INFO - Setting next_dagrun for example_subdag_operator to 2022-01-01 00:00:00+00:00, run_after=2022-01-01 00:00:00+00:00
[2026-09-17T20:47:52.575+0000] {logging_mixin.py:190} INFO - [2026-09-17T20:47:52.574+0000] {dag.py:4180} INFO - Setting next_dagrun for example_subdag_operator.section-1 to None, run_after=None
[2026-09-17T20:47:52.578+0000] {logging_mixin.py:190} INFO - [2026-09-17T20:47:52.578+0000] {dag.py:4180} INFO - Setting next_dagrun for example_subdag_operator.section-2 to None, run_after=None
[2026-09-17T20:47:52.590+0000] {logging_mixin.py:190} INFO - [2026-09-17T20:47:52.590+0000] {dag.py:3239} INFO - Sync 2 DAGs
[2026-09-17T20:47:52.599+0000] {logging_mixin.py:190} INFO - [2026-09-17T20:47:52.599+0000] {dag.py:4180} INFO - Setting next_dagrun for example_subdag_operator.section-1 to None, run_after=None
[2026-09-17T20:47:52.601+0000] {logging_mixin.py:190} INFO - [2026-09-17T20:47:52.600+0000] {dag.py:4180} INFO - Setting next_dagrun for example_subdag_operator.section-2 to None, run_after=None
[2026-09-17T20:47:52.615+0000] {processor.py:208} INFO - Processing /home/airflow/.local/lib/python3.12/site-packages/airflow/example_dags/example_subdag_operator.py took 0.143 seconds
[2026-09-17T20:48:23.625+0000] {processor.py:186} INFO - Started process (PID=2462) to work on /home/airflow/.local/lib/python3.12/site-packages/airflow/example_dags/example_subdag_operator.py
[2026-09-17T20:48:23.628+0000] {processor.py:914} INFO - Processing file /home/airflow/.local/lib/python3.12/site-packages/airflow/example_dags/example_subdag_operator.py for tasks to queue
[2026-09-17T20:48:23.630+0000] {logging_mixin.py:190} INFO - [2026-09-17T20:48:23.630+0000] {dagbag.py:588} INFO - Filling up the DagBag from /home/airflow/.local/lib/python3.12/site-packages/airflow/example_dags/example_subdag_operator.py
[2026-09-17T20:48:23.676+0000] {processor.py:925} INFO - DAG(s) 'example_subdag_operator.section-1', 'example_subdag_operator.section-2', 'example_subdag_operator' retrieved from /home/airflow/.local/lib/python3.12/site-packages/airflow/example_dags/example_subdag_operator.py
[2026-09-17T20:48:23.698+0000] {logging_mixin.py:190} INFO - [2026-09-17T20:48:23.697+0000] {dag.py:3239} INFO - Sync 3 DAGs
[2026-09-17T20:48:23.733+0000] {logging_mixin.py:190} INFO - [2026-09-17T20:48:23.733+0000] {dag.py:4180} INFO - Setting next_dagrun for example_subdag_operator to 2022-01-01 00:00:00+00:00, run_after=2022-01-01 00:00:00+00:00
[2026-09-17T20:48:23.740+0000] {logging_mixin.py:190} INFO - [2026-09-17T20:48:23.740+0000] {dag.py:4180} INFO - Setting next_dagrun for example_subdag_operator.section-1 to None, run_after=None
[2026-09-17T20:48:23.744+0000] {logging_mixin.py:190} INFO - [2026-09-17T20:48:23.744+0000] {dag.py:4180} INFO - Setting next_dagrun for example_subdag_operator.section-2 to None, run_after=None
[2026-09-17T20:48:23.755+0000] {logging_mixin.py:190} INFO - [2026-09-17T20:48:23.755+0000] {dag.py:3239} INFO - Sync 2 DAGs
[2026-09-17T20:48:23.763+0000] {logging_mixin.py:190} INFO - [2026-09-17T20:48:23.763+0000] {dag.py:4180} INFO - Setting next_dagrun for example_subdag_operator.section-1 to None, run_after=None
[2026-09-17T20:48:23.765+0000] {logging_mixin.py:190} INFO - [2026-09-17T20:48:23.765+0000] {dag.py:4180} INFO - Setting next_dagrun for example_subdag_operator.section-2 to None, run_after=None
[2026-09-17T20:48:23.790+0000] {processor.py:208} INFO - Processing /home/airflow/.local/lib/python3.12/site-packages/airflow/example_dags/example_subdag_operator.py took 0.173 seconds
[2026-09-17T20:49:07.675+0000] {processor.py:186} INFO - Started process (PID=2527) to work on /home/airflow/.local/lib/python3.12/site-packages/airflow/example_dags/example_subdag_operator.py
[2026-09-17T20:49:07.678+0000] {processor.py:914} INFO - Processing file /home/airflow/.local/lib/python3.12/site-packages/airflow/example_dags/example_subdag_operator.py for tasks to queue
[2026-09-17T20:49:07.682+0000] {logging_mixin.py:190} INFO - [2026-09-17T20:49:07.681+0000] {dagbag.py:588} INFO - Filling up the DagBag from /home/airflow/.local/lib/python3.12/site-packages/airflow/example_dags/example_subdag_operator.py
[2026-09-17T20:49:07.739+0000] {processor.py:925} INFO - DAG(s) 'example_subdag_operator.section-1', 'example_subdag_operator.section-2', 'example_subdag_operator' retrieved from /home/airflow/.local/lib/python3.12/site-packages/airflow/example_dags/example_subdag_operator.py
[2026-09-17T20:49:07.768+0000] {logging_mixin.py:190} INFO - [2026-09-17T20:49:07.767+0000] {dag.py:3239} INFO - Sync 3 DAGs
[2026-09-17T20:49:07.814+0000] {logging_mixin.py:190} INFO - [2026-09-17T20:49:07.813+0000] {dag.py:4180} INFO - Setting next_dagrun for example_subdag_operator to 2022-01-01 00:00:00+00:00, run_after=2022-01-01 00:00:00+00:00
[2026-09-17T20:49:07.820+0000] {logging_mixin.py:190} INFO - [2026-09-17T20:49:07.820+0000] {dag.py:4180} INFO - Setting next_dagrun for example_subdag_operator.section-1 to None, run_after=None
[2026-09-17T20:49:07.823+0000] {logging_mixin.py:190} INFO - [2026-09-17T20:49:07.823+0000] {dag.py:4180} INFO - Setting next_dagrun for example_subdag_operator.section-2 to None, run_after=None
[2026-09-17T20:49:07.835+0000] {logging_mixin.py:190} INFO - [2026-09-17T20:49:07.835+0000] {dag.py:3239} INFO - Sync 2 DAGs
[2026-09-17T20:49:07.844+0000] {logging_mixin.py:190} INFO - [2026-09-17T20:49:07.844+0000] {dag.py:4180} INFO - Setting next_dagrun for example_subdag_operator.section-1 to None, run_after=None
[2026-09-17T20:49:07.846+0000] {logging_mixin.py:190} INFO - [2026-09-17T20:49:07.846+0000] {dag.py:4180} INFO - Setting next_dagrun for example_subdag_operator.section-2 to None, run_after=None
[2026-09-17T20:49:07.869+0000] {processor.py:208} INFO - Processing /home/airflow/.local/lib/python3.12/site-packages/airflow/example_dags/example_subdag_operator.py took 0.207 seconds
