[2026-09-17T18:47:24.084+0000] {processor.py:186} INFO - Started process (PID=106) to work on /home/airflow/.local/lib/python3.12/site-packages/airflow/example_dags/example_inlet_event_extra.py
[2026-09-17T18:47:24.086+0000] {processor.py:914} INFO - Processing file /home/airflow/.local/lib/python3.12/site-packages/airflow/example_dags/example_inlet_event_extra.py for tasks to queue
[2026-09-17T18:47:24.091+0000] {logging_mixin.py:190} INFO - [2026-09-17T18:47:24.090+0000] {dagbag.py:588} INFO - Filling up the DagBag from /home/airflow/.local/lib/python3.12/site-packages/airflow/example_dags/example_inlet_event_extra.py
[2026-09-17T18:47:24.754+0000] {processor.py:925} INFO - DAG(s) 'read_dataset_event_from_classic', 'read_dataset_event' retrieved from /home/airflow/.local/lib/python3.12/site-packages/airflow/example_dags/example_inlet_event_extra.py
[2026-09-17T18:47:24.913+0000] {logging_mixin.py:190} INFO - [2026-09-17T18:47:24.913+0000] {dag.py:3239} INFO - Sync 2 DAGs
[2026-09-17T18:47:24.944+0000] {logging_mixin.py:190} INFO - [2026-09-17T18:47:24.944+0000] {dag.py:4180} INFO - Setting next_dagrun for read_dataset_event to 2026-09-16 00:00:00+00:00, run_after=2026-09-17 00:00:00+00:00
[2026-09-17T18:47:24.950+0000] {logging_mixin.py:190} INFO - [2026-09-17T18:47:24.950+0000] {dag.py:4180} INFO - Setting next_dagrun for read_dataset_event_from_classic to 2026-09-16 00:00:00+00:00, run_after=2026-09-17 00:00:00+00:00
[2026-09-17T18:47:24.979+0000] {processor.py:208} INFO - Processing /home/airflow/.local/lib/python3.12/site-packages/airflow/example_dags/example_inlet_event_extra.py took 0.903 seconds
[2026-09-17T18:47:55.909+0000] {processor.py:186} INFO - Started process (PID=171) to work on /home/airflow/.local/lib/python3.12/site-packages/airflow/example_dags/example_inlet_event_extra.py
[2026-09-17T18:47:55.911+0000] {processor.py:914} INFO - Processing file /home/airflow/.local/lib/python3.12/site-packages/airflow/example_dags/example_inlet_event_extra.py for tasks to queue
[2026-09-17T18:47:55.915+0000] {logging_mixin.py:190} INFO - [2026-09-17T18:47:55.914+0000] {dagbag.py:588} INFO - Filling up the DagBag from /home/airflow/.local/lib/python3.12/site-packages/airflow/example_dags/example_inlet_event_extra.py
[2026-09-17T18:47:56.622+0000] {processor.py:925} INFO - DAG(s) 'read_dataset_event_from_classic', 'read_dataset_event' retrieved from /home/airflow/.local/lib/python3.12/site-packages/airflow/example_dags/example_inlet_event_extra.py
[2026-09-17T18:47:56.654+0000] {logging_mixin.py:190} INFO - [2026-09-17T18:47:56.654+0000] {dag.py:3239} INFO - Sync 2 DAGs
[2026-09-17T18:47:56.690+0000] {logging_mixin.py:190} INFO - [2026-09-17T18:47:56.690+0000] {dag.py:4180} INFO - Setting next_dagrun for read_dataset_event to 2026-09-16 00:00:00+00:00, run_after=2026-09-17 00:00:00+00:00
[2026-09-17T18:47:56.699+0000] {logging_mixin.py:190} INFO - [2026-09-17T18:47:56.699+0000] {dag.py:4180} INFO - Setting next_dagrun for read_dataset_event_from_classic to 2026-09-16 00:00:00+00:00, run_after=2026-09-17 00:00:00+00:00
[2026-09-17T18:47:56.722+0000] {processor.py:208} INFO - Processing /home/airflow/.local/lib/python3.12/site-packages/airflow/example_dags/example_inlet_event_extra.py took 0.820 seconds
[2026-09-17T18:48:26.940+0000] {processor.py:186} INFO - Started process (PID=239) to work on /home/airflow/.local/lib/python3.12/site-packages/airflow/example_dags/example_inlet_event_extra.py
[2026-09-17T18:48:26.942+0000] {processor.py:914} INFO - Processing file /home/airflow/.local/lib/python3.12/site-packages/airflow/example_dags/example_inlet_event_extra.py for tasks to queue
[2026-09-17T18:48:26.946+0000] {logging_mixin.py:190} INFO - [2026-09-17T18:48:26.946+0000] {dagbag.py:588} INFO - Filling up the DagBag from /home/airflow/.local/lib/python3.12/site-packages/airflow/example_dags/example_inlet_event_extra.py
[2026-09-17T18:48:27.863+0000] {processor.py:925} INFO - DAG(s) 'read_dataset_event_from_classic', 'read_dataset_event' retrieved from /home/airflow/.local/lib/python3.12/site-packages/airflow/example_dags/example_inlet_event_extra.py
[2026-09-17T18:48:27.893+0000] {logging_mixin.py:190} INFO - [2026-09-17T18:48:27.893+0000] {dag.py:3239} INFO - Sync 2 DAGs
[2026-09-17T18:48:27.924+0000] {logging_mixin.py:190} INFO - [2026-09-17T18:48:27.923+0000] {dag.py:4180} INFO - Setting next_dagrun for read_dataset_event to 2026-09-16 00:00:00+00:00, run_after=2026-09-17 00:00:00+00:00
[2026-09-17T18:48:27.931+0000] {logging_mixin.py:190} INFO - [2026-09-17T18:48:27.930+0000] {dag.py:4180} INFO - Setting next_dagrun for read_dataset_event_from_classic to 2026-09-16 00:00:00+00:00, run_after=2026-09-17 00:00:00+00:00
[2026-09-17T18:48:27.957+0000] {processor.py:208} INFO - Processing /home/airflow/.local/lib/python3.12/site-packages/airflow/example_dags/example_inlet_event_extra.py took 1.023 seconds
[2026-09-17T18:48:58.351+0000] {processor.py:186} INFO - Started process (PID=304) to work on /home/airflow/.local/lib/python3.12/site-packages/airflow/example_dags/example_inlet_event_extra.py
[2026-09-17T18:48:58.355+0000] {processor.py:914} INFO - Processing file /home/airflow/.local/lib/python3.12/site-packages/airflow/example_dags/example_inlet_event_extra.py for tasks to queue
[2026-09-17T18:48:58.365+0000] {logging_mixin.py:190} INFO - [2026-09-17T18:48:58.364+0000] {dagbag.py:588} INFO - Filling up the DagBag from /home/airflow/.local/lib/python3.12/site-packages/airflow/example_dags/example_inlet_event_extra.py
[2026-09-17T18:48:59.321+0000] {processor.py:925} INFO - DAG(s) 'read_dataset_event', 'read_dataset_event_from_classic' retrieved from /home/airflow/.local/lib/python3.12/site-packages/airflow/example_dags/example_inlet_event_extra.py
[2026-09-17T18:48:59.355+0000] {logging_mixin.py:190} INFO - [2026-09-17T18:48:59.355+0000] {dag.py:3239} INFO - Sync 2 DAGs
[2026-09-17T18:48:59.392+0000] {logging_mixin.py:190} INFO - [2026-09-17T18:48:59.392+0000] {dag.py:4180} INFO - Setting next_dagrun for read_dataset_event to 2026-09-16 00:00:00+00:00, run_after=2026-09-17 00:00:00+00:00
[2026-09-17T18:48:59.400+0000] {logging_mixin.py:190} INFO - [2026-09-17T18:48:59.399+0000] {dag.py:4180} INFO - Setting next_dagrun for read_dataset_event_from_classic to 2026-09-16 00:00:00+00:00, run_after=2026-09-17 00:00:00+00:00
[2026-09-17T18:48:59.429+0000] {processor.py:208} INFO - Processing /home/airflow/.local/lib/python3.12/site-packages/airflow/example_dags/example_inlet_event_extra.py took 1.094 seconds
[2026-09-17T18:49:29.537+0000] {processor.py:186} INFO - Started process (PID=365) to work on /home/airflow/.local/lib/python3.12/site-packages/airflow/example_dags/example_inlet_event_extra.py
[2026-09-17T18:49:29.539+0000] {processor.py:914} INFO - Processing file /home/airflow/.local/lib/python3.12/site-packages/airflow/example_dags/example_inlet_event_extra.py for tasks to queue
[2026-09-17T18:49:29.545+0000] {logging_mixin.py:190} INFO - [2026-09-17T18:49:29.544+0000] {dagbag.py:588} INFO - Filling up the DagBag from /home/airflow/.local/lib/python3.12/site-packages/airflow/example_dags/example_inlet_event_extra.py
[2026-09-17T18:49:30.280+0000] {processor.py:925} INFO - DAG(s) 'read_dataset_event', 'read_dataset_event_from_classic' retrieved from /home/airflow/.local/lib/python3.12/site-packages/airflow/example_dags/example_inlet_event_extra.py
[2026-09-17T18:49:30.311+0000] {logging_mixin.py:190} INFO - [2026-09-17T18:49:30.311+0000] {dag.py:3239} INFO - Sync 2 DAGs
[2026-09-17T18:49:30.338+0000] {logging_mixin.py:190} INFO - [2026-09-17T18:49:30.337+0000] {dag.py:4180} INFO - Setting next_dagrun for read_dataset_event to 2026-09-16 00:00:00+00:00, run_after=2026-09-17 00:00:00+00:00
[2026-09-17T18:49:30.344+0000] {logging_mixin.py:190} INFO - [2026-09-17T18:49:30.343+0000] {dag.py:4180} INFO - Setting next_dagrun for read_dataset_event_from_classic to 2026-09-16 00:00:00+00:00, run_after=2026-09-17 00:00:00+00:00
[2026-09-17T18:49:30.371+0000] {processor.py:208} INFO - Processing /home/airflow/.local/lib/python3.12/site-packages/airflow/example_dags/example_inlet_event_extra.py took 0.845 seconds
[2026-09-17T18:50:54.001+0000] {processor.py:186} INFO - Started process (PID=85) to work on /home/airflow/.local/lib/python3.12/site-packages/airflow/example_dags/example_inlet_event_extra.py
[2026-09-17T18:50:54.004+0000] {processor.py:914} INFO - Processing file /home/airflow/.local/lib/python3.12/site-packages/airflow/example_dags/example_inlet_event_extra.py for tasks to queue
[2026-09-17T18:50:54.006+0000] {logging_mixin.py:190} INFO - [2026-09-17T18:50:54.006+0000] {dagbag.py:588} INFO - Filling up the DagBag from /home/airflow/.local/lib/python3.12/site-packages/airflow/example_dags/example_inlet_event_extra.py
[2026-09-17T18:50:54.564+0000] {processor.py:925} INFO - DAG(s) 'read_dataset_event_from_classic', 'read_dataset_event' retrieved from /home/airflow/.local/lib/python3.12/site-packages/airflow/example_dags/example_inlet_event_extra.py
[2026-09-17T18:50:54.603+0000] {logging_mixin.py:190} INFO - [2026-09-17T18:50:54.602+0000] {dag.py:3239} INFO - Sync 2 DAGs
[2026-09-17T18:50:54.636+0000] {logging_mixin.py:190} INFO - [2026-09-17T18:50:54.636+0000] {dag.py:4180} INFO - Setting next_dagrun for read_dataset_event to 2026-09-16 00:00:00+00:00, run_after=2026-09-17 00:00:00+00:00
[2026-09-17T18:50:54.644+0000] {logging_mixin.py:190} INFO - [2026-09-17T18:50:54.643+0000] {dag.py:4180} INFO - Setting next_dagrun for read_dataset_event_from_classic to 2026-09-16 00:00:00+00:00, run_after=2026-09-17 00:00:00+00:00
[2026-09-17T18:50:54.670+0000] {processor.py:208} INFO - Processing /home/airflow/.local/lib/python3.12/site-packages/airflow/example_dags/example_inlet_event_extra.py took 0.676 seconds
[2026-09-17T18:51:26.238+0000] {processor.py:186} INFO - Started process (PID=150) to work on /home/airflow/.local/lib/python3.12/site-packages/airflow/example_dags/example_inlet_event_extra.py
[2026-09-17T18:51:26.240+0000] {processor.py:914} INFO - Processing file /home/airflow/.local/lib/python3.12/site-packages/airflow/example_dags/example_inlet_event_extra.py for tasks to queue
[2026-09-17T18:51:26.243+0000] {logging_mixin.py:190} INFO - [2026-09-17T18:51:26.242+0000] {dagbag.py:588} INFO - Filling up the DagBag from /home/airflow/.local/lib/python3.12/site-packages/airflow/example_dags/example_inlet_event_extra.py
[2026-09-17T18:51:26.841+0000] {processor.py:925} INFO - DAG(s) 'read_dataset_event', 'read_dataset_event_from_classic' retrieved from /home/airflow/.local/lib/python3.12/site-packages/airflow/example_dags/example_inlet_event_extra.py
[2026-09-17T18:51:26.885+0000] {logging_mixin.py:190} INFO - [2026-09-17T18:51:26.884+0000] {dag.py:3239} INFO - Sync 2 DAGs
[2026-09-17T18:51:26.926+0000] {logging_mixin.py:190} INFO - [2026-09-17T18:51:26.925+0000] {dag.py:4180} INFO - Setting next_dagrun for read_dataset_event to 2026-09-16 00:00:00+00:00, run_after=2026-09-17 00:00:00+00:00
[2026-09-17T18:51:26.932+0000] {logging_mixin.py:190} INFO - [2026-09-17T18:51:26.932+0000] {dag.py:4180} INFO - Setting next_dagrun for read_dataset_event_from_classic to 2026-09-16 00:00:00+00:00, run_after=2026-09-17 00:00:00+00:00
[2026-09-17T18:51:26.955+0000] {processor.py:208} INFO - Processing /home/airflow/.local/lib/python3.12/site-packages/airflow/example_dags/example_inlet_event_extra.py took 0.725 seconds
[2026-09-17T18:51:58.028+0000] {processor.py:186} INFO - Started process (PID=214) to work on /home/airflow/.local/lib/python3.12/site-packages/airflow/example_dags/example_inlet_event_extra.py
[2026-09-17T18:51:58.029+0000] {processor.py:914} INFO - Processing file /home/airflow/.local/lib/python3.12/site-packages/airflow/example_dags/example_inlet_event_extra.py for tasks to queue
[2026-09-17T18:51:58.032+0000] {logging_mixin.py:190} INFO - [2026-09-17T18:51:58.031+0000] {dagbag.py:588} INFO - Filling up the DagBag from /home/airflow/.local/lib/python3.12/site-packages/airflow/example_dags/example_inlet_event_extra.py
[2026-09-17T18:51:58.678+0000] {processor.py:925} INFO - DAG(s) 'read_dataset_event', 'read_dataset_event_from_classic' retrieved from /home/airflow/.local/lib/python3.12/site-packages/airflow/example_dags/example_inlet_event_extra.py
[2026-09-17T18:51:59.249+0000] {logging_mixin.py:190} INFO - [2026-09-17T18:51:59.248+0000] {dag.py:3239} INFO - Sync 2 DAGs
[2026-09-17T18:51:59.304+0000] {logging_mixin.py:190} INFO - [2026-09-17T18:51:59.302+0000] {dag.py:4180} INFO - Setting next_dagrun for read_dataset_event to 2026-09-16 00:00:00+00:00, run_after=2026-09-17 00:00:00+00:00
[2026-09-17T18:51:59.316+0000] {logging_mixin.py:190} INFO - [2026-09-17T18:51:59.315+0000] {dag.py:4180} INFO - Setting next_dagrun for read_dataset_event_from_classic to 2026-09-16 00:00:00+00:00, run_after=2026-09-17 00:00:00+00:00
[2026-09-17T18:51:59.344+0000] {processor.py:208} INFO - Processing /home/airflow/.local/lib/python3.12/site-packages/airflow/example_dags/example_inlet_event_extra.py took 1.323 seconds
[2026-09-17T18:52:29.588+0000] {processor.py:186} INFO - Started process (PID=272) to work on /home/airflow/.local/lib/python3.12/site-packages/airflow/example_dags/example_inlet_event_extra.py
[2026-09-17T18:52:29.591+0000] {processor.py:914} INFO - Processing file /home/airflow/.local/lib/python3.12/site-packages/airflow/example_dags/example_inlet_event_extra.py for tasks to queue
[2026-09-17T18:52:29.593+0000] {logging_mixin.py:190} INFO - [2026-09-17T18:52:29.593+0000] {dagbag.py:588} INFO - Filling up the DagBag from /home/airflow/.local/lib/python3.12/site-packages/airflow/example_dags/example_inlet_event_extra.py
[2026-09-17T18:52:30.180+0000] {processor.py:925} INFO - DAG(s) 'read_dataset_event_from_classic', 'read_dataset_event' retrieved from /home/airflow/.local/lib/python3.12/site-packages/airflow/example_dags/example_inlet_event_extra.py
[2026-09-17T18:52:30.216+0000] {logging_mixin.py:190} INFO - [2026-09-17T18:52:30.216+0000] {dag.py:3239} INFO - Sync 2 DAGs
[2026-09-17T18:52:30.512+0000] {logging_mixin.py:190} INFO - [2026-09-17T18:52:30.512+0000] {dag.py:4180} INFO - Setting next_dagrun for read_dataset_event to 2026-09-16 00:00:00+00:00, run_after=2026-09-17 00:00:00+00:00
[2026-09-17T18:52:30.520+0000] {logging_mixin.py:190} INFO - [2026-09-17T18:52:30.519+0000] {dag.py:4180} INFO - Setting next_dagrun for read_dataset_event_from_classic to 2026-09-16 00:00:00+00:00, run_after=2026-09-17 00:00:00+00:00
[2026-09-17T18:52:30.547+0000] {processor.py:208} INFO - Processing /home/airflow/.local/lib/python3.12/site-packages/airflow/example_dags/example_inlet_event_extra.py took 0.967 seconds
[2026-09-17T18:53:01.448+0000] {processor.py:186} INFO - Started process (PID=337) to work on /home/airflow/.local/lib/python3.12/site-packages/airflow/example_dags/example_inlet_event_extra.py
[2026-09-17T18:53:01.450+0000] {processor.py:914} INFO - Processing file /home/airflow/.local/lib/python3.12/site-packages/airflow/example_dags/example_inlet_event_extra.py for tasks to queue
[2026-09-17T18:53:01.452+0000] {logging_mixin.py:190} INFO - [2026-09-17T18:53:01.452+0000] {dagbag.py:588} INFO - Filling up the DagBag from /home/airflow/.local/lib/python3.12/site-packages/airflow/example_dags/example_inlet_event_extra.py
[2026-09-17T18:53:01.898+0000] {processor.py:925} INFO - DAG(s) 'read_dataset_event', 'read_dataset_event_from_classic' retrieved from /home/airflow/.local/lib/python3.12/site-packages/airflow/example_dags/example_inlet_event_extra.py
[2026-09-17T18:53:01.930+0000] {logging_mixin.py:190} INFO - [2026-09-17T18:53:01.930+0000] {dag.py:3239} INFO - Sync 2 DAGs
[2026-09-17T18:53:01.963+0000] {logging_mixin.py:190} INFO - [2026-09-17T18:53:01.963+0000] {dag.py:4180} INFO - Setting next_dagrun for read_dataset_event to 2026-09-16 00:00:00+00:00, run_after=2026-09-17 00:00:00+00:00
[2026-09-17T18:53:02.147+0000] {logging_mixin.py:190} INFO - [2026-09-17T18:53:02.147+0000] {dag.py:4180} INFO - Setting next_dagrun for read_dataset_event_from_classic to 2026-09-16 00:00:00+00:00, run_after=2026-09-17 00:00:00+00:00
[2026-09-17T18:53:02.168+0000] {processor.py:208} INFO - Processing /home/airflow/.local/lib/python3.12/site-packages/airflow/example_dags/example_inlet_event_extra.py took 0.726 seconds
[2026-09-17T18:53:32.412+0000] {processor.py:186} INFO - Started process (PID=402) to work on /home/airflow/.local/lib/python3.12/site-packages/airflow/example_dags/example_inlet_event_extra.py
[2026-09-17T18:53:32.413+0000] {processor.py:914} INFO - Processing file /home/airflow/.local/lib/python3.12/site-packages/airflow/example_dags/example_inlet_event_extra.py for tasks to queue
[2026-09-17T18:53:32.415+0000] {logging_mixin.py:190} INFO - [2026-09-17T18:53:32.415+0000] {dagbag.py:588} INFO - Filling up the DagBag from /home/airflow/.local/lib/python3.12/site-packages/airflow/example_dags/example_inlet_event_extra.py
[2026-09-17T18:53:33.005+0000] {processor.py:925} INFO - DAG(s) 'read_dataset_event', 'read_dataset_event_from_classic' retrieved from /home/airflow/.local/lib/python3.12/site-packages/airflow/example_dags/example_inlet_event_extra.py
[2026-09-17T18:53:33.031+0000] {logging_mixin.py:190} INFO - [2026-09-17T18:53:33.031+0000] {dag.py:3239} INFO - Sync 2 DAGs
[2026-09-17T18:53:33.061+0000] {logging_mixin.py:190} INFO - [2026-09-17T18:53:33.061+0000] {dag.py:4180} INFO - Setting next_dagrun for read_dataset_event to 2026-09-16 00:00:00+00:00, run_after=2026-09-17 00:00:00+00:00
[2026-09-17T18:53:33.070+0000] {logging_mixin.py:190} INFO - [2026-09-17T18:53:33.070+0000] {dag.py:4180} INFO - Setting next_dagrun for read_dataset_event_from_classic to 2026-09-16 00:00:00+00:00, run_after=2026-09-17 00:00:00+00:00
[2026-09-17T18:53:33.093+0000] {processor.py:208} INFO - Processing /home/airflow/.local/lib/python3.12/site-packages/airflow/example_dags/example_inlet_event_extra.py took 0.687 seconds
[2026-09-17T18:54:03.467+0000] {processor.py:186} INFO - Started process (PID=467) to work on /home/airflow/.local/lib/python3.12/site-packages/airflow/example_dags/example_inlet_event_extra.py
[2026-09-17T18:54:03.469+0000] {processor.py:914} INFO - Processing file /home/airflow/.local/lib/python3.12/site-packages/airflow/example_dags/example_inlet_event_extra.py for tasks to queue
[2026-09-17T18:54:03.471+0000] {logging_mixin.py:190} INFO - [2026-09-17T18:54:03.471+0000] {dagbag.py:588} INFO - Filling up the DagBag from /home/airflow/.local/lib/python3.12/site-packages/airflow/example_dags/example_inlet_event_extra.py
[2026-09-17T18:54:04.087+0000] {processor.py:925} INFO - DAG(s) 'read_dataset_event', 'read_dataset_event_from_classic' retrieved from /home/airflow/.local/lib/python3.12/site-packages/airflow/example_dags/example_inlet_event_extra.py
[2026-09-17T18:54:04.116+0000] {logging_mixin.py:190} INFO - [2026-09-17T18:54:04.116+0000] {dag.py:3239} INFO - Sync 2 DAGs
[2026-09-17T18:54:04.143+0000] {logging_mixin.py:190} INFO - [2026-09-17T18:54:04.142+0000] {dag.py:4180} INFO - Setting next_dagrun for read_dataset_event to 2026-09-16 00:00:00+00:00, run_after=2026-09-17 00:00:00+00:00
[2026-09-17T18:54:04.149+0000] {logging_mixin.py:190} INFO - [2026-09-17T18:54:04.149+0000] {dag.py:4180} INFO - Setting next_dagrun for read_dataset_event_from_classic to 2026-09-16 00:00:00+00:00, run_after=2026-09-17 00:00:00+00:00
[2026-09-17T18:54:04.173+0000] {processor.py:208} INFO - Processing /home/airflow/.local/lib/python3.12/site-packages/airflow/example_dags/example_inlet_event_extra.py took 0.712 seconds
[2026-09-17T18:54:34.756+0000] {processor.py:186} INFO - Started process (PID=532) to work on /home/airflow/.local/lib/python3.12/site-packages/airflow/example_dags/example_inlet_event_extra.py
[2026-09-17T18:54:34.758+0000] {processor.py:914} INFO - Processing file /home/airflow/.local/lib/python3.12/site-packages/airflow/example_dags/example_inlet_event_extra.py for tasks to queue
[2026-09-17T18:54:34.760+0000] {logging_mixin.py:190} INFO - [2026-09-17T18:54:34.760+0000] {dagbag.py:588} INFO - Filling up the DagBag from /home/airflow/.local/lib/python3.12/site-packages/airflow/example_dags/example_inlet_event_extra.py
[2026-09-17T18:54:35.270+0000] {processor.py:925} INFO - DAG(s) 'read_dataset_event_from_classic', 'read_dataset_event' retrieved from /home/airflow/.local/lib/python3.12/site-packages/airflow/example_dags/example_inlet_event_extra.py
[2026-09-17T18:54:35.519+0000] {logging_mixin.py:190} INFO - [2026-09-17T18:54:35.518+0000] {dag.py:3239} INFO - Sync 2 DAGs
[2026-09-17T18:54:35.545+0000] {logging_mixin.py:190} INFO - [2026-09-17T18:54:35.545+0000] {dag.py:4180} INFO - Setting next_dagrun for read_dataset_event to 2026-09-16 00:00:00+00:00, run_after=2026-09-17 00:00:00+00:00
[2026-09-17T18:54:35.551+0000] {logging_mixin.py:190} INFO - [2026-09-17T18:54:35.551+0000] {dag.py:4180} INFO - Setting next_dagrun for read_dataset_event_from_classic to 2026-09-16 00:00:00+00:00, run_after=2026-09-17 00:00:00+00:00
[2026-09-17T18:54:35.571+0000] {processor.py:208} INFO - Processing /home/airflow/.local/lib/python3.12/site-packages/airflow/example_dags/example_inlet_event_extra.py took 0.822 seconds
[2026-09-17T18:55:05.992+0000] {processor.py:186} INFO - Started process (PID=597) to work on /home/airflow/.local/lib/python3.12/site-packages/airflow/example_dags/example_inlet_event_extra.py
[2026-09-17T18:55:05.994+0000] {processor.py:914} INFO - Processing file /home/airflow/.local/lib/python3.12/site-packages/airflow/example_dags/example_inlet_event_extra.py for tasks to queue
[2026-09-17T18:55:05.996+0000] {logging_mixin.py:190} INFO - [2026-09-17T18:55:05.996+0000] {dagbag.py:588} INFO - Filling up the DagBag from /home/airflow/.local/lib/python3.12/site-packages/airflow/example_dags/example_inlet_event_extra.py
[2026-09-17T18:55:06.461+0000] {processor.py:925} INFO - DAG(s) 'read_dataset_event', 'read_dataset_event_from_classic' retrieved from /home/airflow/.local/lib/python3.12/site-packages/airflow/example_dags/example_inlet_event_extra.py
[2026-09-17T18:55:06.495+0000] {logging_mixin.py:190} INFO - [2026-09-17T18:55:06.495+0000] {dag.py:3239} INFO - Sync 2 DAGs
[2026-09-17T18:55:06.744+0000] {logging_mixin.py:190} INFO - [2026-09-17T18:55:06.743+0000] {dag.py:4180} INFO - Setting next_dagrun for read_dataset_event to 2026-09-16 00:00:00+00:00, run_after=2026-09-17 00:00:00+00:00
[2026-09-17T18:55:06.750+0000] {logging_mixin.py:190} INFO - [2026-09-17T18:55:06.750+0000] {dag.py:4180} INFO - Setting next_dagrun for read_dataset_event_from_classic to 2026-09-16 00:00:00+00:00, run_after=2026-09-17 00:00:00+00:00
[2026-09-17T18:55:06.773+0000] {processor.py:208} INFO - Processing /home/airflow/.local/lib/python3.12/site-packages/airflow/example_dags/example_inlet_event_extra.py took 0.790 seconds
[2026-09-17T18:55:37.540+0000] {processor.py:186} INFO - Started process (PID=662) to work on /home/airflow/.local/lib/python3.12/site-packages/airflow/example_dags/example_inlet_event_extra.py
[2026-09-17T18:55:37.542+0000] {processor.py:914} INFO - Processing file /home/airflow/.local/lib/python3.12/site-packages/airflow/example_dags/example_inlet_event_extra.py for tasks to queue
[2026-09-17T18:55:37.544+0000] {logging_mixin.py:190} INFO - [2026-09-17T18:55:37.544+0000] {dagbag.py:588} INFO - Filling up the DagBag from /home/airflow/.local/lib/python3.12/site-packages/airflow/example_dags/example_inlet_event_extra.py
[2026-09-17T18:55:38.143+0000] {processor.py:925} INFO - DAG(s) 'read_dataset_event_from_classic', 'read_dataset_event' retrieved from /home/airflow/.local/lib/python3.12/site-packages/airflow/example_dags/example_inlet_event_extra.py
[2026-09-17T18:55:38.171+0000] {logging_mixin.py:190} INFO - [2026-09-17T18:55:38.170+0000] {dag.py:3239} INFO - Sync 2 DAGs
[2026-09-17T18:55:38.198+0000] {logging_mixin.py:190} INFO - [2026-09-17T18:55:38.197+0000] {dag.py:4180} INFO - Setting next_dagrun for read_dataset_event to 2026-09-16 00:00:00+00:00, run_after=2026-09-17 00:00:00+00:00
[2026-09-17T18:55:38.203+0000] {logging_mixin.py:190} INFO - [2026-09-17T18:55:38.203+0000] {dag.py:4180} INFO - Setting next_dagrun for read_dataset_event_from_classic to 2026-09-16 00:00:00+00:00, run_after=2026-09-17 00:00:00+00:00
[2026-09-17T18:55:38.227+0000] {processor.py:208} INFO - Processing /home/airflow/.local/lib/python3.12/site-packages/airflow/example_dags/example_inlet_event_extra.py took 0.693 seconds
[2026-09-17T18:56:08.306+0000] {processor.py:186} INFO - Started process (PID=726) to work on /home/airflow/.local/lib/python3.12/site-packages/airflow/example_dags/example_inlet_event_extra.py
[2026-09-17T18:56:08.308+0000] {processor.py:914} INFO - Processing file /home/airflow/.local/lib/python3.12/site-packages/airflow/example_dags/example_inlet_event_extra.py for tasks to queue
[2026-09-17T18:56:08.310+0000] {logging_mixin.py:190} INFO - [2026-09-17T18:56:08.310+0000] {dagbag.py:588} INFO - Filling up the DagBag from /home/airflow/.local/lib/python3.12/site-packages/airflow/example_dags/example_inlet_event_extra.py
[2026-09-17T18:56:08.898+0000] {processor.py:925} INFO - DAG(s) 'read_dataset_event', 'read_dataset_event_from_classic' retrieved from /home/airflow/.local/lib/python3.12/site-packages/airflow/example_dags/example_inlet_event_extra.py
[2026-09-17T18:56:08.926+0000] {logging_mixin.py:190} INFO - [2026-09-17T18:56:08.926+0000] {dag.py:3239} INFO - Sync 2 DAGs
[2026-09-17T18:56:08.953+0000] {logging_mixin.py:190} INFO - [2026-09-17T18:56:08.952+0000] {dag.py:4180} INFO - Setting next_dagrun for read_dataset_event to 2026-09-16 00:00:00+00:00, run_after=2026-09-17 00:00:00+00:00
[2026-09-17T18:56:08.959+0000] {logging_mixin.py:190} INFO - [2026-09-17T18:56:08.958+0000] {dag.py:4180} INFO - Setting next_dagrun for read_dataset_event_from_classic to 2026-09-16 00:00:00+00:00, run_after=2026-09-17 00:00:00+00:00
[2026-09-17T18:56:08.978+0000] {processor.py:208} INFO - Processing /home/airflow/.local/lib/python3.12/site-packages/airflow/example_dags/example_inlet_event_extra.py took 0.678 seconds
[2026-09-17T18:56:39.158+0000] {processor.py:186} INFO - Started process (PID=791) to work on /home/airflow/.local/lib/python3.12/site-packages/airflow/example_dags/example_inlet_event_extra.py
[2026-09-17T18:56:39.160+0000] {processor.py:914} INFO - Processing file /home/airflow/.local/lib/python3.12/site-packages/airflow/example_dags/example_inlet_event_extra.py for tasks to queue
[2026-09-17T18:56:39.163+0000] {logging_mixin.py:190} INFO - [2026-09-17T18:56:39.162+0000] {dagbag.py:588} INFO - Filling up the DagBag from /home/airflow/.local/lib/python3.12/site-packages/airflow/example_dags/example_inlet_event_extra.py
[2026-09-17T18:56:39.769+0000] {processor.py:925} INFO - DAG(s) 'read_dataset_event_from_classic', 'read_dataset_event' retrieved from /home/airflow/.local/lib/python3.12/site-packages/airflow/example_dags/example_inlet_event_extra.py
[2026-09-17T18:56:39.799+0000] {logging_mixin.py:190} INFO - [2026-09-17T18:56:39.799+0000] {dag.py:3239} INFO - Sync 2 DAGs
[2026-09-17T18:56:39.828+0000] {logging_mixin.py:190} INFO - [2026-09-17T18:56:39.827+0000] {dag.py:4180} INFO - Setting next_dagrun for read_dataset_event to 2026-09-16 00:00:00+00:00, run_after=2026-09-17 00:00:00+00:00
[2026-09-17T18:56:39.836+0000] {logging_mixin.py:190} INFO - [2026-09-17T18:56:39.836+0000] {dag.py:4180} INFO - Setting next_dagrun for read_dataset_event_from_classic to 2026-09-16 00:00:00+00:00, run_after=2026-09-17 00:00:00+00:00
[2026-09-17T18:56:39.859+0000] {processor.py:208} INFO - Processing /home/airflow/.local/lib/python3.12/site-packages/airflow/example_dags/example_inlet_event_extra.py took 0.707 seconds
[2026-09-17T18:57:10.228+0000] {processor.py:186} INFO - Started process (PID=857) to work on /home/airflow/.local/lib/python3.12/site-packages/airflow/example_dags/example_inlet_event_extra.py
[2026-09-17T18:57:10.230+0000] {processor.py:914} INFO - Processing file /home/airflow/.local/lib/python3.12/site-packages/airflow/example_dags/example_inlet_event_extra.py for tasks to queue
[2026-09-17T18:57:10.232+0000] {logging_mixin.py:190} INFO - [2026-09-17T18:57:10.232+0000] {dagbag.py:588} INFO - Filling up the DagBag from /home/airflow/.local/lib/python3.12/site-packages/airflow/example_dags/example_inlet_event_extra.py
[2026-09-17T18:57:10.880+0000] {processor.py:925} INFO - DAG(s) 'read_dataset_event_from_classic', 'read_dataset_event' retrieved from /home/airflow/.local/lib/python3.12/site-packages/airflow/example_dags/example_inlet_event_extra.py
[2026-09-17T18:57:10.909+0000] {logging_mixin.py:190} INFO - [2026-09-17T18:57:10.908+0000] {dag.py:3239} INFO - Sync 2 DAGs
[2026-09-17T18:57:10.938+0000] {logging_mixin.py:190} INFO - [2026-09-17T18:57:10.937+0000] {dag.py:4180} INFO - Setting next_dagrun for read_dataset_event to 2026-09-16 00:00:00+00:00, run_after=2026-09-17 00:00:00+00:00
[2026-09-17T18:57:10.944+0000] {logging_mixin.py:190} INFO - [2026-09-17T18:57:10.944+0000] {dag.py:4180} INFO - Setting next_dagrun for read_dataset_event_from_classic to 2026-09-16 00:00:00+00:00, run_after=2026-09-17 00:00:00+00:00
[2026-09-17T18:57:10.966+0000] {processor.py:208} INFO - Processing /home/airflow/.local/lib/python3.12/site-packages/airflow/example_dags/example_inlet_event_extra.py took 0.744 seconds
[2026-09-17T18:57:41.493+0000] {processor.py:186} INFO - Started process (PID=922) to work on /home/airflow/.local/lib/python3.12/site-packages/airflow/example_dags/example_inlet_event_extra.py
[2026-09-17T18:57:41.495+0000] {processor.py:914} INFO - Processing file /home/airflow/.local/lib/python3.12/site-packages/airflow/example_dags/example_inlet_event_extra.py for tasks to queue
[2026-09-17T18:57:41.498+0000] {logging_mixin.py:190} INFO - [2026-09-17T18:57:41.497+0000] {dagbag.py:588} INFO - Filling up the DagBag from /home/airflow/.local/lib/python3.12/site-packages/airflow/example_dags/example_inlet_event_extra.py
[2026-09-17T18:57:42.334+0000] {processor.py:925} INFO - DAG(s) 'read_dataset_event_from_classic', 'read_dataset_event' retrieved from /home/airflow/.local/lib/python3.12/site-packages/airflow/example_dags/example_inlet_event_extra.py
[2026-09-17T18:57:42.371+0000] {logging_mixin.py:190} INFO - [2026-09-17T18:57:42.371+0000] {dag.py:3239} INFO - Sync 2 DAGs
[2026-09-17T18:57:42.402+0000] {logging_mixin.py:190} INFO - [2026-09-17T18:57:42.402+0000] {dag.py:4180} INFO - Setting next_dagrun for read_dataset_event to 2026-09-16 00:00:00+00:00, run_after=2026-09-17 00:00:00+00:00
[2026-09-17T18:57:42.409+0000] {logging_mixin.py:190} INFO - [2026-09-17T18:57:42.409+0000] {dag.py:4180} INFO - Setting next_dagrun for read_dataset_event_from_classic to 2026-09-16 00:00:00+00:00, run_after=2026-09-17 00:00:00+00:00
[2026-09-17T18:57:42.442+0000] {processor.py:208} INFO - Processing /home/airflow/.local/lib/python3.12/site-packages/airflow/example_dags/example_inlet_event_extra.py took 0.955 seconds
[2026-09-17T18:58:13.218+0000] {processor.py:186} INFO - Started process (PID=987) to work on /home/airflow/.local/lib/python3.12/site-packages/airflow/example_dags/example_inlet_event_extra.py
[2026-09-17T18:58:13.220+0000] {processor.py:914} INFO - Processing file /home/airflow/.local/lib/python3.12/site-packages/airflow/example_dags/example_inlet_event_extra.py for tasks to queue
[2026-09-17T18:58:13.222+0000] {logging_mixin.py:190} INFO - [2026-09-17T18:58:13.221+0000] {dagbag.py:588} INFO - Filling up the DagBag from /home/airflow/.local/lib/python3.12/site-packages/airflow/example_dags/example_inlet_event_extra.py
[2026-09-17T18:58:13.797+0000] {processor.py:925} INFO - DAG(s) 'read_dataset_event', 'read_dataset_event_from_classic' retrieved from /home/airflow/.local/lib/python3.12/site-packages/airflow/example_dags/example_inlet_event_extra.py
[2026-09-17T18:58:13.826+0000] {logging_mixin.py:190} INFO - [2026-09-17T18:58:13.826+0000] {dag.py:3239} INFO - Sync 2 DAGs
[2026-09-17T18:58:13.853+0000] {logging_mixin.py:190} INFO - [2026-09-17T18:58:13.852+0000] {dag.py:4180} INFO - Setting next_dagrun for read_dataset_event to 2026-09-16 00:00:00+00:00, run_after=2026-09-17 00:00:00+00:00
[2026-09-17T18:58:13.859+0000] {logging_mixin.py:190} INFO - [2026-09-17T18:58:13.859+0000] {dag.py:4180} INFO - Setting next_dagrun for read_dataset_event_from_classic to 2026-09-16 00:00:00+00:00, run_after=2026-09-17 00:00:00+00:00
[2026-09-17T18:58:13.880+0000] {processor.py:208} INFO - Processing /home/airflow/.local/lib/python3.12/site-packages/airflow/example_dags/example_inlet_event_extra.py took 0.668 seconds
[2026-09-17T18:58:44.500+0000] {processor.py:186} INFO - Started process (PID=1052) to work on /home/airflow/.local/lib/python3.12/site-packages/airflow/example_dags/example_inlet_event_extra.py
[2026-09-17T18:58:44.501+0000] {processor.py:914} INFO - Processing file /home/airflow/.local/lib/python3.12/site-packages/airflow/example_dags/example_inlet_event_extra.py for tasks to queue
[2026-09-17T18:58:44.503+0000] {logging_mixin.py:190} INFO - [2026-09-17T18:58:44.503+0000] {dagbag.py:588} INFO - Filling up the DagBag from /home/airflow/.local/lib/python3.12/site-packages/airflow/example_dags/example_inlet_event_extra.py
[2026-09-17T18:58:45.198+0000] {processor.py:925} INFO - DAG(s) 'read_dataset_event_from_classic', 'read_dataset_event' retrieved from /home/airflow/.local/lib/python3.12/site-packages/airflow/example_dags/example_inlet_event_extra.py
[2026-09-17T18:58:45.229+0000] {logging_mixin.py:190} INFO - [2026-09-17T18:58:45.229+0000] {dag.py:3239} INFO - Sync 2 DAGs
[2026-09-17T18:58:45.261+0000] {logging_mixin.py:190} INFO - [2026-09-17T18:58:45.261+0000] {dag.py:4180} INFO - Setting next_dagrun for read_dataset_event to 2026-09-16 00:00:00+00:00, run_after=2026-09-17 00:00:00+00:00
[2026-09-17T18:58:45.268+0000] {logging_mixin.py:190} INFO - [2026-09-17T18:58:45.268+0000] {dag.py:4180} INFO - Setting next_dagrun for read_dataset_event_from_classic to 2026-09-16 00:00:00+00:00, run_after=2026-09-17 00:00:00+00:00
[2026-09-17T18:58:45.292+0000] {processor.py:208} INFO - Processing /home/airflow/.local/lib/python3.12/site-packages/airflow/example_dags/example_inlet_event_extra.py took 0.798 seconds
[2026-09-17T18:59:16.754+0000] {processor.py:186} INFO - Started process (PID=1117) to work on /home/airflow/.local/lib/python3.12/site-packages/airflow/example_dags/example_inlet_event_extra.py
[2026-09-17T18:59:16.759+0000] {processor.py:914} INFO - Processing file /home/airflow/.local/lib/python3.12/site-packages/airflow/example_dags/example_inlet_event_extra.py for tasks to queue
[2026-09-17T18:59:16.766+0000] {logging_mixin.py:190} INFO - [2026-09-17T18:59:16.764+0000] {dagbag.py:588} INFO - Filling up the DagBag from /home/airflow/.local/lib/python3.12/site-packages/airflow/example_dags/example_inlet_event_extra.py
[2026-09-17T18:59:19.320+0000] {processor.py:925} INFO - DAG(s) 'read_dataset_event_from_classic', 'read_dataset_event' retrieved from /home/airflow/.local/lib/python3.12/site-packages/airflow/example_dags/example_inlet_event_extra.py
[2026-09-17T18:59:19.365+0000] {logging_mixin.py:190} INFO - [2026-09-17T18:59:19.364+0000] {dag.py:3239} INFO - Sync 2 DAGs
[2026-09-17T18:59:19.414+0000] {logging_mixin.py:190} INFO - [2026-09-17T18:59:19.414+0000] {dag.py:4180} INFO - Setting next_dagrun for read_dataset_event to 2026-09-16 00:00:00+00:00, run_after=2026-09-17 00:00:00+00:00
[2026-09-17T18:59:19.423+0000] {logging_mixin.py:190} INFO - [2026-09-17T18:59:19.422+0000] {dag.py:4180} INFO - Setting next_dagrun for read_dataset_event_from_classic to 2026-09-16 00:00:00+00:00, run_after=2026-09-17 00:00:00+00:00
[2026-09-17T18:59:19.467+0000] {processor.py:208} INFO - Processing /home/airflow/.local/lib/python3.12/site-packages/airflow/example_dags/example_inlet_event_extra.py took 2.742 seconds
[2026-09-17T18:59:50.294+0000] {processor.py:186} INFO - Started process (PID=1175) to work on /home/airflow/.local/lib/python3.12/site-packages/airflow/example_dags/example_inlet_event_extra.py
[2026-09-17T18:59:50.296+0000] {processor.py:914} INFO - Processing file /home/airflow/.local/lib/python3.12/site-packages/airflow/example_dags/example_inlet_event_extra.py for tasks to queue
[2026-09-17T18:59:50.299+0000] {logging_mixin.py:190} INFO - [2026-09-17T18:59:50.298+0000] {dagbag.py:588} INFO - Filling up the DagBag from /home/airflow/.local/lib/python3.12/site-packages/airflow/example_dags/example_inlet_event_extra.py
[2026-09-17T18:59:51.052+0000] {processor.py:925} INFO - DAG(s) 'read_dataset_event', 'read_dataset_event_from_classic' retrieved from /home/airflow/.local/lib/python3.12/site-packages/airflow/example_dags/example_inlet_event_extra.py
[2026-09-17T18:59:51.083+0000] {logging_mixin.py:190} INFO - [2026-09-17T18:59:51.083+0000] {dag.py:3239} INFO - Sync 2 DAGs
[2026-09-17T18:59:51.111+0000] {logging_mixin.py:190} INFO - [2026-09-17T18:59:51.111+0000] {dag.py:4180} INFO - Setting next_dagrun for read_dataset_event to 2026-09-16 00:00:00+00:00, run_after=2026-09-17 00:00:00+00:00
[2026-09-17T18:59:51.118+0000] {logging_mixin.py:190} INFO - [2026-09-17T18:59:51.118+0000] {dag.py:4180} INFO - Setting next_dagrun for read_dataset_event_from_classic to 2026-09-16 00:00:00+00:00, run_after=2026-09-17 00:00:00+00:00
[2026-09-17T18:59:51.149+0000] {processor.py:208} INFO - Processing /home/airflow/.local/lib/python3.12/site-packages/airflow/example_dags/example_inlet_event_extra.py took 0.861 seconds
[2026-09-17T19:00:21.312+0000] {processor.py:186} INFO - Started process (PID=1244) to work on /home/airflow/.local/lib/python3.12/site-packages/airflow/example_dags/example_inlet_event_extra.py
[2026-09-17T19:00:21.314+0000] {processor.py:914} INFO - Processing file /home/airflow/.local/lib/python3.12/site-packages/airflow/example_dags/example_inlet_event_extra.py for tasks to queue
[2026-09-17T19:00:21.317+0000] {logging_mixin.py:190} INFO - [2026-09-17T19:00:21.317+0000] {dagbag.py:588} INFO - Filling up the DagBag from /home/airflow/.local/lib/python3.12/site-packages/airflow/example_dags/example_inlet_event_extra.py
[2026-09-17T19:00:21.939+0000] {processor.py:925} INFO - DAG(s) 'read_dataset_event', 'read_dataset_event_from_classic' retrieved from /home/airflow/.local/lib/python3.12/site-packages/airflow/example_dags/example_inlet_event_extra.py
[2026-09-17T19:00:21.966+0000] {logging_mixin.py:190} INFO - [2026-09-17T19:00:21.966+0000] {dag.py:3239} INFO - Sync 2 DAGs
[2026-09-17T19:00:21.992+0000] {logging_mixin.py:190} INFO - [2026-09-17T19:00:21.992+0000] {dag.py:4180} INFO - Setting next_dagrun for read_dataset_event to 2026-09-16 00:00:00+00:00, run_after=2026-09-17 00:00:00+00:00
[2026-09-17T19:00:21.999+0000] {logging_mixin.py:190} INFO - [2026-09-17T19:00:21.999+0000] {dag.py:4180} INFO - Setting next_dagrun for read_dataset_event_from_classic to 2026-09-16 00:00:00+00:00, run_after=2026-09-17 00:00:00+00:00
[2026-09-17T19:00:22.022+0000] {processor.py:208} INFO - Processing /home/airflow/.local/lib/python3.12/site-packages/airflow/example_dags/example_inlet_event_extra.py took 0.716 seconds
[2026-09-17T19:00:52.394+0000] {processor.py:186} INFO - Started process (PID=1310) to work on /home/airflow/.local/lib/python3.12/site-packages/airflow/example_dags/example_inlet_event_extra.py
[2026-09-17T19:00:52.396+0000] {processor.py:914} INFO - Processing file /home/airflow/.local/lib/python3.12/site-packages/airflow/example_dags/example_inlet_event_extra.py for tasks to queue
[2026-09-17T19:00:52.398+0000] {logging_mixin.py:190} INFO - [2026-09-17T19:00:52.398+0000] {dagbag.py:588} INFO - Filling up the DagBag from /home/airflow/.local/lib/python3.12/site-packages/airflow/example_dags/example_inlet_event_extra.py
[2026-09-17T19:00:52.992+0000] {processor.py:925} INFO - DAG(s) 'read_dataset_event', 'read_dataset_event_from_classic' retrieved from /home/airflow/.local/lib/python3.12/site-packages/airflow/example_dags/example_inlet_event_extra.py
[2026-09-17T19:00:53.019+0000] {logging_mixin.py:190} INFO - [2026-09-17T19:00:53.018+0000] {dag.py:3239} INFO - Sync 2 DAGs
[2026-09-17T19:00:53.046+0000] {logging_mixin.py:190} INFO - [2026-09-17T19:00:53.046+0000] {dag.py:4180} INFO - Setting next_dagrun for read_dataset_event to 2026-09-16 00:00:00+00:00, run_after=2026-09-17 00:00:00+00:00
[2026-09-17T19:00:53.052+0000] {logging_mixin.py:190} INFO - [2026-09-17T19:00:53.052+0000] {dag.py:4180} INFO - Setting next_dagrun for read_dataset_event_from_classic to 2026-09-16 00:00:00+00:00, run_after=2026-09-17 00:00:00+00:00
[2026-09-17T19:00:53.070+0000] {processor.py:208} INFO - Processing /home/airflow/.local/lib/python3.12/site-packages/airflow/example_dags/example_inlet_event_extra.py took 0.682 seconds
[2026-09-17T19:01:23.754+0000] {processor.py:186} INFO - Started process (PID=1375) to work on /home/airflow/.local/lib/python3.12/site-packages/airflow/example_dags/example_inlet_event_extra.py
[2026-09-17T19:01:23.756+0000] {processor.py:914} INFO - Processing file /home/airflow/.local/lib/python3.12/site-packages/airflow/example_dags/example_inlet_event_extra.py for tasks to queue
[2026-09-17T19:01:23.759+0000] {logging_mixin.py:190} INFO - [2026-09-17T19:01:23.758+0000] {dagbag.py:588} INFO - Filling up the DagBag from /home/airflow/.local/lib/python3.12/site-packages/airflow/example_dags/example_inlet_event_extra.py
[2026-09-17T19:01:24.528+0000] {processor.py:925} INFO - DAG(s) 'read_dataset_event', 'read_dataset_event_from_classic' retrieved from /home/airflow/.local/lib/python3.12/site-packages/airflow/example_dags/example_inlet_event_extra.py
[2026-09-17T19:01:24.566+0000] {logging_mixin.py:190} INFO - [2026-09-17T19:01:24.565+0000] {dag.py:3239} INFO - Sync 2 DAGs
[2026-09-17T19:01:24.601+0000] {logging_mixin.py:190} INFO - [2026-09-17T19:01:24.600+0000] {dag.py:4180} INFO - Setting next_dagrun for read_dataset_event to 2026-09-16 00:00:00+00:00, run_after=2026-09-17 00:00:00+00:00
[2026-09-17T19:01:24.608+0000] {logging_mixin.py:190} INFO - [2026-09-17T19:01:24.608+0000] {dag.py:4180} INFO - Setting next_dagrun for read_dataset_event_from_classic to 2026-09-16 00:00:00+00:00, run_after=2026-09-17 00:00:00+00:00
[2026-09-17T19:01:24.639+0000] {processor.py:208} INFO - Processing /home/airflow/.local/lib/python3.12/site-packages/airflow/example_dags/example_inlet_event_extra.py took 0.892 seconds
[2026-09-17T19:01:55.459+0000] {processor.py:186} INFO - Started process (PID=1444) to work on /home/airflow/.local/lib/python3.12/site-packages/airflow/example_dags/example_inlet_event_extra.py
[2026-09-17T19:01:55.464+0000] {processor.py:914} INFO - Processing file /home/airflow/.local/lib/python3.12/site-packages/airflow/example_dags/example_inlet_event_extra.py for tasks to queue
[2026-09-17T19:01:55.468+0000] {logging_mixin.py:190} INFO - [2026-09-17T19:01:55.467+0000] {dagbag.py:588} INFO - Filling up the DagBag from /home/airflow/.local/lib/python3.12/site-packages/airflow/example_dags/example_inlet_event_extra.py
[2026-09-17T19:01:56.162+0000] {processor.py:925} INFO - DAG(s) 'read_dataset_event_from_classic', 'read_dataset_event' retrieved from /home/airflow/.local/lib/python3.12/site-packages/airflow/example_dags/example_inlet_event_extra.py
[2026-09-17T19:01:56.188+0000] {logging_mixin.py:190} INFO - [2026-09-17T19:01:56.188+0000] {dag.py:3239} INFO - Sync 2 DAGs
[2026-09-17T19:01:56.215+0000] {logging_mixin.py:190} INFO - [2026-09-17T19:01:56.215+0000] {dag.py:4180} INFO - Setting next_dagrun for read_dataset_event to 2026-09-16 00:00:00+00:00, run_after=2026-09-17 00:00:00+00:00
[2026-09-17T19:01:56.221+0000] {logging_mixin.py:190} INFO - [2026-09-17T19:01:56.221+0000] {dag.py:4180} INFO - Setting next_dagrun for read_dataset_event_from_classic to 2026-09-16 00:00:00+00:00, run_after=2026-09-17 00:00:00+00:00
[2026-09-17T19:01:56.241+0000] {processor.py:208} INFO - Processing /home/airflow/.local/lib/python3.12/site-packages/airflow/example_dags/example_inlet_event_extra.py took 0.794 seconds
[2026-09-17T19:02:27.260+0000] {processor.py:186} INFO - Started process (PID=1511) to work on /home/airflow/.local/lib/python3.12/site-packages/airflow/example_dags/example_inlet_event_extra.py
[2026-09-17T19:02:27.262+0000] {processor.py:914} INFO - Processing file /home/airflow/.local/lib/python3.12/site-packages/airflow/example_dags/example_inlet_event_extra.py for tasks to queue
[2026-09-17T19:02:27.264+0000] {logging_mixin.py:190} INFO - [2026-09-17T19:02:27.264+0000] {dagbag.py:588} INFO - Filling up the DagBag from /home/airflow/.local/lib/python3.12/site-packages/airflow/example_dags/example_inlet_event_extra.py
[2026-09-17T19:02:27.939+0000] {processor.py:925} INFO - DAG(s) 'read_dataset_event', 'read_dataset_event_from_classic' retrieved from /home/airflow/.local/lib/python3.12/site-packages/airflow/example_dags/example_inlet_event_extra.py
[2026-09-17T19:02:27.967+0000] {logging_mixin.py:190} INFO - [2026-09-17T19:02:27.967+0000] {dag.py:3239} INFO - Sync 2 DAGs
[2026-09-17T19:02:27.991+0000] {logging_mixin.py:190} INFO - [2026-09-17T19:02:27.991+0000] {dag.py:4180} INFO - Setting next_dagrun for read_dataset_event to 2026-09-16 00:00:00+00:00, run_after=2026-09-17 00:00:00+00:00
[2026-09-17T19:02:27.997+0000] {logging_mixin.py:190} INFO - [2026-09-17T19:02:27.997+0000] {dag.py:4180} INFO - Setting next_dagrun for read_dataset_event_from_classic to 2026-09-16 00:00:00+00:00, run_after=2026-09-17 00:00:00+00:00
[2026-09-17T19:02:28.017+0000] {processor.py:208} INFO - Processing /home/airflow/.local/lib/python3.12/site-packages/airflow/example_dags/example_inlet_event_extra.py took 0.764 seconds
[2026-09-17T19:02:58.337+0000] {processor.py:186} INFO - Started process (PID=1577) to work on /home/airflow/.local/lib/python3.12/site-packages/airflow/example_dags/example_inlet_event_extra.py
[2026-09-17T19:02:58.339+0000] {processor.py:914} INFO - Processing file /home/airflow/.local/lib/python3.12/site-packages/airflow/example_dags/example_inlet_event_extra.py for tasks to queue
[2026-09-17T19:02:58.342+0000] {logging_mixin.py:190} INFO - [2026-09-17T19:02:58.341+0000] {dagbag.py:588} INFO - Filling up the DagBag from /home/airflow/.local/lib/python3.12/site-packages/airflow/example_dags/example_inlet_event_extra.py
[2026-09-17T19:02:59.039+0000] {processor.py:925} INFO - DAG(s) 'read_dataset_event_from_classic', 'read_dataset_event' retrieved from /home/airflow/.local/lib/python3.12/site-packages/airflow/example_dags/example_inlet_event_extra.py
[2026-09-17T19:02:59.070+0000] {logging_mixin.py:190} INFO - [2026-09-17T19:02:59.070+0000] {dag.py:3239} INFO - Sync 2 DAGs
[2026-09-17T19:02:59.108+0000] {logging_mixin.py:190} INFO - [2026-09-17T19:02:59.107+0000] {dag.py:4180} INFO - Setting next_dagrun for read_dataset_event to 2026-09-16 00:00:00+00:00, run_after=2026-09-17 00:00:00+00:00
[2026-09-17T19:02:59.115+0000] {logging_mixin.py:190} INFO - [2026-09-17T19:02:59.114+0000] {dag.py:4180} INFO - Setting next_dagrun for read_dataset_event_from_classic to 2026-09-16 00:00:00+00:00, run_after=2026-09-17 00:00:00+00:00
[2026-09-17T19:02:59.145+0000] {processor.py:208} INFO - Processing /home/airflow/.local/lib/python3.12/site-packages/airflow/example_dags/example_inlet_event_extra.py took 0.815 seconds
[2026-09-17T19:03:29.261+0000] {processor.py:186} INFO - Started process (PID=1642) to work on /home/airflow/.local/lib/python3.12/site-packages/airflow/example_dags/example_inlet_event_extra.py
[2026-09-17T19:03:29.263+0000] {processor.py:914} INFO - Processing file /home/airflow/.local/lib/python3.12/site-packages/airflow/example_dags/example_inlet_event_extra.py for tasks to queue
[2026-09-17T19:03:29.265+0000] {logging_mixin.py:190} INFO - [2026-09-17T19:03:29.265+0000] {dagbag.py:588} INFO - Filling up the DagBag from /home/airflow/.local/lib/python3.12/site-packages/airflow/example_dags/example_inlet_event_extra.py
[2026-09-17T19:03:29.944+0000] {processor.py:925} INFO - DAG(s) 'read_dataset_event_from_classic', 'read_dataset_event' retrieved from /home/airflow/.local/lib/python3.12/site-packages/airflow/example_dags/example_inlet_event_extra.py
[2026-09-17T19:03:29.973+0000] {logging_mixin.py:190} INFO - [2026-09-17T19:03:29.973+0000] {dag.py:3239} INFO - Sync 2 DAGs
[2026-09-17T19:03:30.003+0000] {logging_mixin.py:190} INFO - [2026-09-17T19:03:30.003+0000] {dag.py:4180} INFO - Setting next_dagrun for read_dataset_event to 2026-09-16 00:00:00+00:00, run_after=2026-09-17 00:00:00+00:00
[2026-09-17T19:03:30.011+0000] {logging_mixin.py:190} INFO - [2026-09-17T19:03:30.010+0000] {dag.py:4180} INFO - Setting next_dagrun for read_dataset_event_from_classic to 2026-09-16 00:00:00+00:00, run_after=2026-09-17 00:00:00+00:00
[2026-09-17T19:03:30.038+0000] {processor.py:208} INFO - Processing /home/airflow/.local/lib/python3.12/site-packages/airflow/example_dags/example_inlet_event_extra.py took 0.784 seconds
[2026-09-17T19:04:00.168+0000] {processor.py:186} INFO - Started process (PID=1713) to work on /home/airflow/.local/lib/python3.12/site-packages/airflow/example_dags/example_inlet_event_extra.py
[2026-09-17T19:04:00.169+0000] {processor.py:914} INFO - Processing file /home/airflow/.local/lib/python3.12/site-packages/airflow/example_dags/example_inlet_event_extra.py for tasks to queue
[2026-09-17T19:04:00.171+0000] {logging_mixin.py:190} INFO - [2026-09-17T19:04:00.171+0000] {dagbag.py:588} INFO - Filling up the DagBag from /home/airflow/.local/lib/python3.12/site-packages/airflow/example_dags/example_inlet_event_extra.py
[2026-09-17T19:04:00.766+0000] {processor.py:925} INFO - DAG(s) 'read_dataset_event_from_classic', 'read_dataset_event' retrieved from /home/airflow/.local/lib/python3.12/site-packages/airflow/example_dags/example_inlet_event_extra.py
[2026-09-17T19:04:00.794+0000] {logging_mixin.py:190} INFO - [2026-09-17T19:04:00.794+0000] {dag.py:3239} INFO - Sync 2 DAGs
[2026-09-17T19:04:00.821+0000] {logging_mixin.py:190} INFO - [2026-09-17T19:04:00.820+0000] {dag.py:4180} INFO - Setting next_dagrun for read_dataset_event to 2026-09-16 00:00:00+00:00, run_after=2026-09-17 00:00:00+00:00
[2026-09-17T19:04:00.826+0000] {logging_mixin.py:190} INFO - [2026-09-17T19:04:00.826+0000] {dag.py:4180} INFO - Setting next_dagrun for read_dataset_event_from_classic to 2026-09-16 00:00:00+00:00, run_after=2026-09-17 00:00:00+00:00
[2026-09-17T19:04:00.847+0000] {processor.py:208} INFO - Processing /home/airflow/.local/lib/python3.12/site-packages/airflow/example_dags/example_inlet_event_extra.py took 0.685 seconds
[2026-09-17T19:04:31.256+0000] {processor.py:186} INFO - Started process (PID=1778) to work on /home/airflow/.local/lib/python3.12/site-packages/airflow/example_dags/example_inlet_event_extra.py
[2026-09-17T19:04:31.258+0000] {processor.py:914} INFO - Processing file /home/airflow/.local/lib/python3.12/site-packages/airflow/example_dags/example_inlet_event_extra.py for tasks to queue
[2026-09-17T19:04:31.261+0000] {logging_mixin.py:190} INFO - [2026-09-17T19:04:31.260+0000] {dagbag.py:588} INFO - Filling up the DagBag from /home/airflow/.local/lib/python3.12/site-packages/airflow/example_dags/example_inlet_event_extra.py
[2026-09-17T19:04:31.988+0000] {processor.py:925} INFO - DAG(s) 'read_dataset_event_from_classic', 'read_dataset_event' retrieved from /home/airflow/.local/lib/python3.12/site-packages/airflow/example_dags/example_inlet_event_extra.py
[2026-09-17T19:04:32.021+0000] {logging_mixin.py:190} INFO - [2026-09-17T19:04:32.020+0000] {dag.py:3239} INFO - Sync 2 DAGs
[2026-09-17T19:04:32.051+0000] {logging_mixin.py:190} INFO - [2026-09-17T19:04:32.050+0000] {dag.py:4180} INFO - Setting next_dagrun for read_dataset_event to 2026-09-16 00:00:00+00:00, run_after=2026-09-17 00:00:00+00:00
[2026-09-17T19:04:32.064+0000] {logging_mixin.py:190} INFO - [2026-09-17T19:04:32.064+0000] {dag.py:4180} INFO - Setting next_dagrun for read_dataset_event_from_classic to 2026-09-16 00:00:00+00:00, run_after=2026-09-17 00:00:00+00:00
[2026-09-17T19:04:32.088+0000] {processor.py:208} INFO - Processing /home/airflow/.local/lib/python3.12/site-packages/airflow/example_dags/example_inlet_event_extra.py took 0.840 seconds
[2026-09-17T19:05:02.249+0000] {processor.py:186} INFO - Started process (PID=1842) to work on /home/airflow/.local/lib/python3.12/site-packages/airflow/example_dags/example_inlet_event_extra.py
[2026-09-17T19:05:02.252+0000] {processor.py:914} INFO - Processing file /home/airflow/.local/lib/python3.12/site-packages/airflow/example_dags/example_inlet_event_extra.py for tasks to queue
[2026-09-17T19:05:02.254+0000] {logging_mixin.py:190} INFO - [2026-09-17T19:05:02.254+0000] {dagbag.py:588} INFO - Filling up the DagBag from /home/airflow/.local/lib/python3.12/site-packages/airflow/example_dags/example_inlet_event_extra.py
[2026-09-17T19:05:03.089+0000] {processor.py:925} INFO - DAG(s) 'read_dataset_event', 'read_dataset_event_from_classic' retrieved from /home/airflow/.local/lib/python3.12/site-packages/airflow/example_dags/example_inlet_event_extra.py
[2026-09-17T19:05:03.124+0000] {logging_mixin.py:190} INFO - [2026-09-17T19:05:03.124+0000] {dag.py:3239} INFO - Sync 2 DAGs
[2026-09-17T19:05:03.158+0000] {logging_mixin.py:190} INFO - [2026-09-17T19:05:03.157+0000] {dag.py:4180} INFO - Setting next_dagrun for read_dataset_event to 2026-09-16 00:00:00+00:00, run_after=2026-09-17 00:00:00+00:00
[2026-09-17T19:05:03.169+0000] {logging_mixin.py:190} INFO - [2026-09-17T19:05:03.169+0000] {dag.py:4180} INFO - Setting next_dagrun for read_dataset_event_from_classic to 2026-09-16 00:00:00+00:00, run_after=2026-09-17 00:00:00+00:00
[2026-09-17T19:05:03.200+0000] {processor.py:208} INFO - Processing /home/airflow/.local/lib/python3.12/site-packages/airflow/example_dags/example_inlet_event_extra.py took 0.960 seconds
[2026-09-17T19:05:33.379+0000] {processor.py:186} INFO - Started process (PID=1884) to work on /home/airflow/.local/lib/python3.12/site-packages/airflow/example_dags/example_inlet_event_extra.py
[2026-09-17T19:05:33.383+0000] {processor.py:914} INFO - Processing file /home/airflow/.local/lib/python3.12/site-packages/airflow/example_dags/example_inlet_event_extra.py for tasks to queue
[2026-09-17T19:05:33.386+0000] {logging_mixin.py:190} INFO - [2026-09-17T19:05:33.385+0000] {dagbag.py:588} INFO - Filling up the DagBag from /home/airflow/.local/lib/python3.12/site-packages/airflow/example_dags/example_inlet_event_extra.py
[2026-09-17T19:05:34.626+0000] {processor.py:925} INFO - DAG(s) 'read_dataset_event_from_classic', 'read_dataset_event' retrieved from /home/airflow/.local/lib/python3.12/site-packages/airflow/example_dags/example_inlet_event_extra.py
[2026-09-17T19:05:34.667+0000] {logging_mixin.py:190} INFO - [2026-09-17T19:05:34.667+0000] {dag.py:3239} INFO - Sync 2 DAGs
[2026-09-17T19:05:34.706+0000] {logging_mixin.py:190} INFO - [2026-09-17T19:05:34.705+0000] {dag.py:4180} INFO - Setting next_dagrun for read_dataset_event to 2026-09-16 00:00:00+00:00, run_after=2026-09-17 00:00:00+00:00
[2026-09-17T19:05:34.714+0000] {logging_mixin.py:190} INFO - [2026-09-17T19:05:34.714+0000] {dag.py:4180} INFO - Setting next_dagrun for read_dataset_event_from_classic to 2026-09-16 00:00:00+00:00, run_after=2026-09-17 00:00:00+00:00
[2026-09-17T19:05:34.750+0000] {processor.py:208} INFO - Processing /home/airflow/.local/lib/python3.12/site-packages/airflow/example_dags/example_inlet_event_extra.py took 1.382 seconds
[2026-09-17T19:06:05.086+0000] {processor.py:186} INFO - Started process (PID=1949) to work on /home/airflow/.local/lib/python3.12/site-packages/airflow/example_dags/example_inlet_event_extra.py
[2026-09-17T19:06:05.088+0000] {processor.py:914} INFO - Processing file /home/airflow/.local/lib/python3.12/site-packages/airflow/example_dags/example_inlet_event_extra.py for tasks to queue
[2026-09-17T19:06:05.091+0000] {logging_mixin.py:190} INFO - [2026-09-17T19:06:05.090+0000] {dagbag.py:588} INFO - Filling up the DagBag from /home/airflow/.local/lib/python3.12/site-packages/airflow/example_dags/example_inlet_event_extra.py
[2026-09-17T19:06:05.780+0000] {processor.py:925} INFO - DAG(s) 'read_dataset_event', 'read_dataset_event_from_classic' retrieved from /home/airflow/.local/lib/python3.12/site-packages/airflow/example_dags/example_inlet_event_extra.py
[2026-09-17T19:06:05.810+0000] {logging_mixin.py:190} INFO - [2026-09-17T19:06:05.810+0000] {dag.py:3239} INFO - Sync 2 DAGs
[2026-09-17T19:06:05.844+0000] {logging_mixin.py:190} INFO - [2026-09-17T19:06:05.844+0000] {dag.py:4180} INFO - Setting next_dagrun for read_dataset_event to 2026-09-16 00:00:00+00:00, run_after=2026-09-17 00:00:00+00:00
[2026-09-17T19:06:05.850+0000] {logging_mixin.py:190} INFO - [2026-09-17T19:06:05.850+0000] {dag.py:4180} INFO - Setting next_dagrun for read_dataset_event_from_classic to 2026-09-16 00:00:00+00:00, run_after=2026-09-17 00:00:00+00:00
[2026-09-17T19:06:05.871+0000] {processor.py:208} INFO - Processing /home/airflow/.local/lib/python3.12/site-packages/airflow/example_dags/example_inlet_event_extra.py took 0.790 seconds
[2026-09-17T19:06:36.212+0000] {processor.py:186} INFO - Started process (PID=2014) to work on /home/airflow/.local/lib/python3.12/site-packages/airflow/example_dags/example_inlet_event_extra.py
[2026-09-17T19:06:36.214+0000] {processor.py:914} INFO - Processing file /home/airflow/.local/lib/python3.12/site-packages/airflow/example_dags/example_inlet_event_extra.py for tasks to queue
[2026-09-17T19:06:36.216+0000] {logging_mixin.py:190} INFO - [2026-09-17T19:06:36.216+0000] {dagbag.py:588} INFO - Filling up the DagBag from /home/airflow/.local/lib/python3.12/site-packages/airflow/example_dags/example_inlet_event_extra.py
[2026-09-17T19:06:36.890+0000] {processor.py:925} INFO - DAG(s) 'read_dataset_event', 'read_dataset_event_from_classic' retrieved from /home/airflow/.local/lib/python3.12/site-packages/airflow/example_dags/example_inlet_event_extra.py
[2026-09-17T19:06:36.917+0000] {logging_mixin.py:190} INFO - [2026-09-17T19:06:36.917+0000] {dag.py:3239} INFO - Sync 2 DAGs
[2026-09-17T19:06:36.941+0000] {logging_mixin.py:190} INFO - [2026-09-17T19:06:36.941+0000] {dag.py:4180} INFO - Setting next_dagrun for read_dataset_event to 2026-09-16 00:00:00+00:00, run_after=2026-09-17 00:00:00+00:00
[2026-09-17T19:06:36.947+0000] {logging_mixin.py:190} INFO - [2026-09-17T19:06:36.947+0000] {dag.py:4180} INFO - Setting next_dagrun for read_dataset_event_from_classic to 2026-09-16 00:00:00+00:00, run_after=2026-09-17 00:00:00+00:00
[2026-09-17T19:06:36.971+0000] {processor.py:208} INFO - Processing /home/airflow/.local/lib/python3.12/site-packages/airflow/example_dags/example_inlet_event_extra.py took 0.767 seconds
[2026-09-17T19:07:07.618+0000] {processor.py:186} INFO - Started process (PID=2079) to work on /home/airflow/.local/lib/python3.12/site-packages/airflow/example_dags/example_inlet_event_extra.py
[2026-09-17T19:07:07.619+0000] {processor.py:914} INFO - Processing file /home/airflow/.local/lib/python3.12/site-packages/airflow/example_dags/example_inlet_event_extra.py for tasks to queue
[2026-09-17T19:07:07.622+0000] {logging_mixin.py:190} INFO - [2026-09-17T19:07:07.621+0000] {dagbag.py:588} INFO - Filling up the DagBag from /home/airflow/.local/lib/python3.12/site-packages/airflow/example_dags/example_inlet_event_extra.py
[2026-09-17T19:07:08.263+0000] {processor.py:925} INFO - DAG(s) 'read_dataset_event_from_classic', 'read_dataset_event' retrieved from /home/airflow/.local/lib/python3.12/site-packages/airflow/example_dags/example_inlet_event_extra.py
[2026-09-17T19:07:08.291+0000] {logging_mixin.py:190} INFO - [2026-09-17T19:07:08.291+0000] {dag.py:3239} INFO - Sync 2 DAGs
[2026-09-17T19:07:08.317+0000] {logging_mixin.py:190} INFO - [2026-09-17T19:07:08.317+0000] {dag.py:4180} INFO - Setting next_dagrun for read_dataset_event to 2026-09-16 00:00:00+00:00, run_after=2026-09-17 00:00:00+00:00
[2026-09-17T19:07:08.324+0000] {logging_mixin.py:190} INFO - [2026-09-17T19:07:08.323+0000] {dag.py:4180} INFO - Setting next_dagrun for read_dataset_event_from_classic to 2026-09-16 00:00:00+00:00, run_after=2026-09-17 00:00:00+00:00
[2026-09-17T19:07:08.346+0000] {processor.py:208} INFO - Processing /home/airflow/.local/lib/python3.12/site-packages/airflow/example_dags/example_inlet_event_extra.py took 0.734 seconds
[2026-09-17T19:07:38.704+0000] {processor.py:186} INFO - Started process (PID=2144) to work on /home/airflow/.local/lib/python3.12/site-packages/airflow/example_dags/example_inlet_event_extra.py
[2026-09-17T19:07:38.706+0000] {processor.py:914} INFO - Processing file /home/airflow/.local/lib/python3.12/site-packages/airflow/example_dags/example_inlet_event_extra.py for tasks to queue
[2026-09-17T19:07:38.709+0000] {logging_mixin.py:190} INFO - [2026-09-17T19:07:38.708+0000] {dagbag.py:588} INFO - Filling up the DagBag from /home/airflow/.local/lib/python3.12/site-packages/airflow/example_dags/example_inlet_event_extra.py
[2026-09-17T19:07:39.325+0000] {processor.py:925} INFO - DAG(s) 'read_dataset_event_from_classic', 'read_dataset_event' retrieved from /home/airflow/.local/lib/python3.12/site-packages/airflow/example_dags/example_inlet_event_extra.py
[2026-09-17T19:07:39.357+0000] {logging_mixin.py:190} INFO - [2026-09-17T19:07:39.356+0000] {dag.py:3239} INFO - Sync 2 DAGs
[2026-09-17T19:07:39.383+0000] {logging_mixin.py:190} INFO - [2026-09-17T19:07:39.383+0000] {dag.py:4180} INFO - Setting next_dagrun for read_dataset_event to 2026-09-16 00:00:00+00:00, run_after=2026-09-17 00:00:00+00:00
[2026-09-17T19:07:39.389+0000] {logging_mixin.py:190} INFO - [2026-09-17T19:07:39.388+0000] {dag.py:4180} INFO - Setting next_dagrun for read_dataset_event_from_classic to 2026-09-16 00:00:00+00:00, run_after=2026-09-17 00:00:00+00:00
[2026-09-17T19:07:39.409+0000] {processor.py:208} INFO - Processing /home/airflow/.local/lib/python3.12/site-packages/airflow/example_dags/example_inlet_event_extra.py took 0.711 seconds
[2026-09-17T19:08:10.175+0000] {processor.py:186} INFO - Started process (PID=2209) to work on /home/airflow/.local/lib/python3.12/site-packages/airflow/example_dags/example_inlet_event_extra.py
[2026-09-17T19:08:10.177+0000] {processor.py:914} INFO - Processing file /home/airflow/.local/lib/python3.12/site-packages/airflow/example_dags/example_inlet_event_extra.py for tasks to queue
[2026-09-17T19:08:10.179+0000] {logging_mixin.py:190} INFO - [2026-09-17T19:08:10.178+0000] {dagbag.py:588} INFO - Filling up the DagBag from /home/airflow/.local/lib/python3.12/site-packages/airflow/example_dags/example_inlet_event_extra.py
[2026-09-17T19:08:10.801+0000] {processor.py:925} INFO - DAG(s) 'read_dataset_event_from_classic', 'read_dataset_event' retrieved from /home/airflow/.local/lib/python3.12/site-packages/airflow/example_dags/example_inlet_event_extra.py
[2026-09-17T19:08:10.825+0000] {logging_mixin.py:190} INFO - [2026-09-17T19:08:10.825+0000] {dag.py:3239} INFO - Sync 2 DAGs
[2026-09-17T19:08:10.853+0000] {logging_mixin.py:190} INFO - [2026-09-17T19:08:10.853+0000] {dag.py:4180} INFO - Setting next_dagrun for read_dataset_event to 2026-09-16 00:00:00+00:00, run_after=2026-09-17 00:00:00+00:00
[2026-09-17T19:08:10.859+0000] {logging_mixin.py:190} INFO - [2026-09-17T19:08:10.859+0000] {dag.py:4180} INFO - Setting next_dagrun for read_dataset_event_from_classic to 2026-09-16 00:00:00+00:00, run_after=2026-09-17 00:00:00+00:00
[2026-09-17T19:08:10.877+0000] {processor.py:208} INFO - Processing /home/airflow/.local/lib/python3.12/site-packages/airflow/example_dags/example_inlet_event_extra.py took 0.709 seconds
[2026-09-17T19:08:41.627+0000] {processor.py:186} INFO - Started process (PID=2274) to work on /home/airflow/.local/lib/python3.12/site-packages/airflow/example_dags/example_inlet_event_extra.py
[2026-09-17T19:08:41.629+0000] {processor.py:914} INFO - Processing file /home/airflow/.local/lib/python3.12/site-packages/airflow/example_dags/example_inlet_event_extra.py for tasks to queue
[2026-09-17T19:08:41.631+0000] {logging_mixin.py:190} INFO - [2026-09-17T19:08:41.631+0000] {dagbag.py:588} INFO - Filling up the DagBag from /home/airflow/.local/lib/python3.12/site-packages/airflow/example_dags/example_inlet_event_extra.py
[2026-09-17T19:08:42.295+0000] {processor.py:925} INFO - DAG(s) 'read_dataset_event', 'read_dataset_event_from_classic' retrieved from /home/airflow/.local/lib/python3.12/site-packages/airflow/example_dags/example_inlet_event_extra.py
[2026-09-17T19:08:42.326+0000] {logging_mixin.py:190} INFO - [2026-09-17T19:08:42.326+0000] {dag.py:3239} INFO - Sync 2 DAGs
[2026-09-17T19:08:42.356+0000] {logging_mixin.py:190} INFO - [2026-09-17T19:08:42.356+0000] {dag.py:4180} INFO - Setting next_dagrun for read_dataset_event to 2026-09-16 00:00:00+00:00, run_after=2026-09-17 00:00:00+00:00
[2026-09-17T19:08:42.363+0000] {logging_mixin.py:190} INFO - [2026-09-17T19:08:42.363+0000] {dag.py:4180} INFO - Setting next_dagrun for read_dataset_event_from_classic to 2026-09-16 00:00:00+00:00, run_after=2026-09-17 00:00:00+00:00
[2026-09-17T19:08:42.386+0000] {processor.py:208} INFO - Processing /home/airflow/.local/lib/python3.12/site-packages/airflow/example_dags/example_inlet_event_extra.py took 0.765 seconds
[2026-09-17T19:09:12.832+0000] {processor.py:186} INFO - Started process (PID=2339) to work on /home/airflow/.local/lib/python3.12/site-packages/airflow/example_dags/example_inlet_event_extra.py
[2026-09-17T19:09:12.834+0000] {processor.py:914} INFO - Processing file /home/airflow/.local/lib/python3.12/site-packages/airflow/example_dags/example_inlet_event_extra.py for tasks to queue
[2026-09-17T19:09:12.836+0000] {logging_mixin.py:190} INFO - [2026-09-17T19:09:12.836+0000] {dagbag.py:588} INFO - Filling up the DagBag from /home/airflow/.local/lib/python3.12/site-packages/airflow/example_dags/example_inlet_event_extra.py
[2026-09-17T19:09:13.590+0000] {processor.py:925} INFO - DAG(s) 'read_dataset_event_from_classic', 'read_dataset_event' retrieved from /home/airflow/.local/lib/python3.12/site-packages/airflow/example_dags/example_inlet_event_extra.py
[2026-09-17T19:09:13.618+0000] {logging_mixin.py:190} INFO - [2026-09-17T19:09:13.618+0000] {dag.py:3239} INFO - Sync 2 DAGs
[2026-09-17T19:09:13.645+0000] {logging_mixin.py:190} INFO - [2026-09-17T19:09:13.644+0000] {dag.py:4180} INFO - Setting next_dagrun for read_dataset_event to 2026-09-16 00:00:00+00:00, run_after=2026-09-17 00:00:00+00:00
[2026-09-17T19:09:13.651+0000] {logging_mixin.py:190} INFO - [2026-09-17T19:09:13.651+0000] {dag.py:4180} INFO - Setting next_dagrun for read_dataset_event_from_classic to 2026-09-16 00:00:00+00:00, run_after=2026-09-17 00:00:00+00:00
[2026-09-17T19:09:13.674+0000] {processor.py:208} INFO - Processing /home/airflow/.local/lib/python3.12/site-packages/airflow/example_dags/example_inlet_event_extra.py took 0.849 seconds
[2026-09-17T19:09:44.035+0000] {processor.py:186} INFO - Started process (PID=2404) to work on /home/airflow/.local/lib/python3.12/site-packages/airflow/example_dags/example_inlet_event_extra.py
[2026-09-17T19:09:44.038+0000] {processor.py:914} INFO - Processing file /home/airflow/.local/lib/python3.12/site-packages/airflow/example_dags/example_inlet_event_extra.py for tasks to queue
[2026-09-17T19:09:44.041+0000] {logging_mixin.py:190} INFO - [2026-09-17T19:09:44.040+0000] {dagbag.py:588} INFO - Filling up the DagBag from /home/airflow/.local/lib/python3.12/site-packages/airflow/example_dags/example_inlet_event_extra.py
[2026-09-17T19:09:45.080+0000] {processor.py:925} INFO - DAG(s) 'read_dataset_event_from_classic', 'read_dataset_event' retrieved from /home/airflow/.local/lib/python3.12/site-packages/airflow/example_dags/example_inlet_event_extra.py
[2026-09-17T19:09:45.144+0000] {logging_mixin.py:190} INFO - [2026-09-17T19:09:45.144+0000] {dag.py:3239} INFO - Sync 2 DAGs
[2026-09-17T19:09:45.229+0000] {logging_mixin.py:190} INFO - [2026-09-17T19:09:45.229+0000] {dag.py:4180} INFO - Setting next_dagrun for read_dataset_event to 2026-09-16 00:00:00+00:00, run_after=2026-09-17 00:00:00+00:00
[2026-09-17T19:09:45.235+0000] {logging_mixin.py:190} INFO - [2026-09-17T19:09:45.235+0000] {dag.py:4180} INFO - Setting next_dagrun for read_dataset_event_from_classic to 2026-09-16 00:00:00+00:00, run_after=2026-09-17 00:00:00+00:00
[2026-09-17T19:09:45.281+0000] {processor.py:208} INFO - Processing /home/airflow/.local/lib/python3.12/site-packages/airflow/example_dags/example_inlet_event_extra.py took 1.254 seconds
[2026-09-17T19:10:15.979+0000] {processor.py:186} INFO - Started process (PID=2471) to work on /home/airflow/.local/lib/python3.12/site-packages/airflow/example_dags/example_inlet_event_extra.py
[2026-09-17T19:10:15.980+0000] {processor.py:914} INFO - Processing file /home/airflow/.local/lib/python3.12/site-packages/airflow/example_dags/example_inlet_event_extra.py for tasks to queue
[2026-09-17T19:10:15.983+0000] {logging_mixin.py:190} INFO - [2026-09-17T19:10:15.982+0000] {dagbag.py:588} INFO - Filling up the DagBag from /home/airflow/.local/lib/python3.12/site-packages/airflow/example_dags/example_inlet_event_extra.py
[2026-09-17T19:10:16.564+0000] {processor.py:925} INFO - DAG(s) 'read_dataset_event', 'read_dataset_event_from_classic' retrieved from /home/airflow/.local/lib/python3.12/site-packages/airflow/example_dags/example_inlet_event_extra.py
[2026-09-17T19:10:16.591+0000] {logging_mixin.py:190} INFO - [2026-09-17T19:10:16.591+0000] {dag.py:3239} INFO - Sync 2 DAGs
[2026-09-17T19:10:16.615+0000] {logging_mixin.py:190} INFO - [2026-09-17T19:10:16.615+0000] {dag.py:4180} INFO - Setting next_dagrun for read_dataset_event to 2026-09-16 00:00:00+00:00, run_after=2026-09-17 00:00:00+00:00
[2026-09-17T19:10:16.621+0000] {logging_mixin.py:190} INFO - [2026-09-17T19:10:16.620+0000] {dag.py:4180} INFO - Setting next_dagrun for read_dataset_event_from_classic to 2026-09-16 00:00:00+00:00, run_after=2026-09-17 00:00:00+00:00
[2026-09-17T19:10:16.652+0000] {processor.py:208} INFO - Processing /home/airflow/.local/lib/python3.12/site-packages/airflow/example_dags/example_inlet_event_extra.py took 0.680 seconds
[2026-09-17T19:10:46.798+0000] {processor.py:186} INFO - Started process (PID=2536) to work on /home/airflow/.local/lib/python3.12/site-packages/airflow/example_dags/example_inlet_event_extra.py
[2026-09-17T19:10:46.799+0000] {processor.py:914} INFO - Processing file /home/airflow/.local/lib/python3.12/site-packages/airflow/example_dags/example_inlet_event_extra.py for tasks to queue
[2026-09-17T19:10:46.802+0000] {logging_mixin.py:190} INFO - [2026-09-17T19:10:46.801+0000] {dagbag.py:588} INFO - Filling up the DagBag from /home/airflow/.local/lib/python3.12/site-packages/airflow/example_dags/example_inlet_event_extra.py
[2026-09-17T19:10:47.520+0000] {processor.py:925} INFO - DAG(s) 'read_dataset_event', 'read_dataset_event_from_classic' retrieved from /home/airflow/.local/lib/python3.12/site-packages/airflow/example_dags/example_inlet_event_extra.py
[2026-09-17T19:10:47.554+0000] {logging_mixin.py:190} INFO - [2026-09-17T19:10:47.553+0000] {dag.py:3239} INFO - Sync 2 DAGs
[2026-09-17T19:10:47.582+0000] {logging_mixin.py:190} INFO - [2026-09-17T19:10:47.582+0000] {dag.py:4180} INFO - Setting next_dagrun for read_dataset_event to 2026-09-16 00:00:00+00:00, run_after=2026-09-17 00:00:00+00:00
[2026-09-17T19:10:47.589+0000] {logging_mixin.py:190} INFO - [2026-09-17T19:10:47.589+0000] {dag.py:4180} INFO - Setting next_dagrun for read_dataset_event_from_classic to 2026-09-16 00:00:00+00:00, run_after=2026-09-17 00:00:00+00:00
[2026-09-17T19:10:47.610+0000] {processor.py:208} INFO - Processing /home/airflow/.local/lib/python3.12/site-packages/airflow/example_dags/example_inlet_event_extra.py took 0.818 seconds
[2026-09-17T19:11:18.155+0000] {processor.py:186} INFO - Started process (PID=2602) to work on /home/airflow/.local/lib/python3.12/site-packages/airflow/example_dags/example_inlet_event_extra.py
[2026-09-17T19:11:18.157+0000] {processor.py:914} INFO - Processing file /home/airflow/.local/lib/python3.12/site-packages/airflow/example_dags/example_inlet_event_extra.py for tasks to queue
[2026-09-17T19:11:18.159+0000] {logging_mixin.py:190} INFO - [2026-09-17T19:11:18.159+0000] {dagbag.py:588} INFO - Filling up the DagBag from /home/airflow/.local/lib/python3.12/site-packages/airflow/example_dags/example_inlet_event_extra.py
[2026-09-17T19:11:18.864+0000] {processor.py:925} INFO - DAG(s) 'read_dataset_event', 'read_dataset_event_from_classic' retrieved from /home/airflow/.local/lib/python3.12/site-packages/airflow/example_dags/example_inlet_event_extra.py
[2026-09-17T19:11:18.901+0000] {logging_mixin.py:190} INFO - [2026-09-17T19:11:18.901+0000] {dag.py:3239} INFO - Sync 2 DAGs
[2026-09-17T19:11:18.935+0000] {logging_mixin.py:190} INFO - [2026-09-17T19:11:18.935+0000] {dag.py:4180} INFO - Setting next_dagrun for read_dataset_event to 2026-09-16 00:00:00+00:00, run_after=2026-09-17 00:00:00+00:00
[2026-09-17T19:11:18.942+0000] {logging_mixin.py:190} INFO - [2026-09-17T19:11:18.942+0000] {dag.py:4180} INFO - Setting next_dagrun for read_dataset_event_from_classic to 2026-09-16 00:00:00+00:00, run_after=2026-09-17 00:00:00+00:00
[2026-09-17T19:11:18.968+0000] {processor.py:208} INFO - Processing /home/airflow/.local/lib/python3.12/site-packages/airflow/example_dags/example_inlet_event_extra.py took 0.821 seconds
[2026-09-17T19:11:50.502+0000] {processor.py:186} INFO - Started process (PID=2674) to work on /home/airflow/.local/lib/python3.12/site-packages/airflow/example_dags/example_inlet_event_extra.py
[2026-09-17T19:11:50.505+0000] {processor.py:914} INFO - Processing file /home/airflow/.local/lib/python3.12/site-packages/airflow/example_dags/example_inlet_event_extra.py for tasks to queue
[2026-09-17T19:11:50.507+0000] {logging_mixin.py:190} INFO - [2026-09-17T19:11:50.507+0000] {dagbag.py:588} INFO - Filling up the DagBag from /home/airflow/.local/lib/python3.12/site-packages/airflow/example_dags/example_inlet_event_extra.py
[2026-09-17T19:11:51.264+0000] {processor.py:925} INFO - DAG(s) 'read_dataset_event_from_classic', 'read_dataset_event' retrieved from /home/airflow/.local/lib/python3.12/site-packages/airflow/example_dags/example_inlet_event_extra.py
[2026-09-17T19:11:51.290+0000] {logging_mixin.py:190} INFO - [2026-09-17T19:11:51.290+0000] {dag.py:3239} INFO - Sync 2 DAGs
[2026-09-17T19:11:51.316+0000] {logging_mixin.py:190} INFO - [2026-09-17T19:11:51.316+0000] {dag.py:4180} INFO - Setting next_dagrun for read_dataset_event to 2026-09-16 00:00:00+00:00, run_after=2026-09-17 00:00:00+00:00
[2026-09-17T19:11:51.324+0000] {logging_mixin.py:190} INFO - [2026-09-17T19:11:51.324+0000] {dag.py:4180} INFO - Setting next_dagrun for read_dataset_event_from_classic to 2026-09-16 00:00:00+00:00, run_after=2026-09-17 00:00:00+00:00
[2026-09-17T19:11:51.345+0000] {processor.py:208} INFO - Processing /home/airflow/.local/lib/python3.12/site-packages/airflow/example_dags/example_inlet_event_extra.py took 0.851 seconds
[2026-09-17T19:12:22.148+0000] {processor.py:186} INFO - Started process (PID=2739) to work on /home/airflow/.local/lib/python3.12/site-packages/airflow/example_dags/example_inlet_event_extra.py
[2026-09-17T19:12:22.151+0000] {processor.py:914} INFO - Processing file /home/airflow/.local/lib/python3.12/site-packages/airflow/example_dags/example_inlet_event_extra.py for tasks to queue
[2026-09-17T19:12:22.153+0000] {logging_mixin.py:190} INFO - [2026-09-17T19:12:22.153+0000] {dagbag.py:588} INFO - Filling up the DagBag from /home/airflow/.local/lib/python3.12/site-packages/airflow/example_dags/example_inlet_event_extra.py
[2026-09-17T19:12:23.047+0000] {processor.py:925} INFO - DAG(s) 'read_dataset_event', 'read_dataset_event_from_classic' retrieved from /home/airflow/.local/lib/python3.12/site-packages/airflow/example_dags/example_inlet_event_extra.py
[2026-09-17T19:12:23.078+0000] {logging_mixin.py:190} INFO - [2026-09-17T19:12:23.078+0000] {dag.py:3239} INFO - Sync 2 DAGs
[2026-09-17T19:12:23.110+0000] {logging_mixin.py:190} INFO - [2026-09-17T19:12:23.110+0000] {dag.py:4180} INFO - Setting next_dagrun for read_dataset_event to 2026-09-16 00:00:00+00:00, run_after=2026-09-17 00:00:00+00:00
[2026-09-17T19:12:23.116+0000] {logging_mixin.py:190} INFO - [2026-09-17T19:12:23.116+0000] {dag.py:4180} INFO - Setting next_dagrun for read_dataset_event_from_classic to 2026-09-16 00:00:00+00:00, run_after=2026-09-17 00:00:00+00:00
[2026-09-17T19:12:23.140+0000] {processor.py:208} INFO - Processing /home/airflow/.local/lib/python3.12/site-packages/airflow/example_dags/example_inlet_event_extra.py took 0.998 seconds
[2026-09-17T19:12:53.817+0000] {processor.py:186} INFO - Started process (PID=2800) to work on /home/airflow/.local/lib/python3.12/site-packages/airflow/example_dags/example_inlet_event_extra.py
[2026-09-17T19:12:53.820+0000] {processor.py:914} INFO - Processing file /home/airflow/.local/lib/python3.12/site-packages/airflow/example_dags/example_inlet_event_extra.py for tasks to queue
[2026-09-17T19:12:53.822+0000] {logging_mixin.py:190} INFO - [2026-09-17T19:12:53.821+0000] {dagbag.py:588} INFO - Filling up the DagBag from /home/airflow/.local/lib/python3.12/site-packages/airflow/example_dags/example_inlet_event_extra.py
[2026-09-17T19:12:54.439+0000] {processor.py:925} INFO - DAG(s) 'read_dataset_event', 'read_dataset_event_from_classic' retrieved from /home/airflow/.local/lib/python3.12/site-packages/airflow/example_dags/example_inlet_event_extra.py
[2026-09-17T19:12:54.465+0000] {logging_mixin.py:190} INFO - [2026-09-17T19:12:54.465+0000] {dag.py:3239} INFO - Sync 2 DAGs
[2026-09-17T19:12:54.494+0000] {logging_mixin.py:190} INFO - [2026-09-17T19:12:54.494+0000] {dag.py:4180} INFO - Setting next_dagrun for read_dataset_event to 2026-09-16 00:00:00+00:00, run_after=2026-09-17 00:00:00+00:00
[2026-09-17T19:12:54.501+0000] {logging_mixin.py:190} INFO - [2026-09-17T19:12:54.501+0000] {dag.py:4180} INFO - Setting next_dagrun for read_dataset_event_from_classic to 2026-09-16 00:00:00+00:00, run_after=2026-09-17 00:00:00+00:00
[2026-09-17T19:12:54.525+0000] {processor.py:208} INFO - Processing /home/airflow/.local/lib/python3.12/site-packages/airflow/example_dags/example_inlet_event_extra.py took 0.714 seconds
[2026-09-17T19:13:24.938+0000] {processor.py:186} INFO - Started process (PID=2866) to work on /home/airflow/.local/lib/python3.12/site-packages/airflow/example_dags/example_inlet_event_extra.py
[2026-09-17T19:13:24.940+0000] {processor.py:914} INFO - Processing file /home/airflow/.local/lib/python3.12/site-packages/airflow/example_dags/example_inlet_event_extra.py for tasks to queue
[2026-09-17T19:13:24.942+0000] {logging_mixin.py:190} INFO - [2026-09-17T19:13:24.942+0000] {dagbag.py:588} INFO - Filling up the DagBag from /home/airflow/.local/lib/python3.12/site-packages/airflow/example_dags/example_inlet_event_extra.py
[2026-09-17T19:13:25.535+0000] {processor.py:925} INFO - DAG(s) 'read_dataset_event_from_classic', 'read_dataset_event' retrieved from /home/airflow/.local/lib/python3.12/site-packages/airflow/example_dags/example_inlet_event_extra.py
[2026-09-17T19:13:25.563+0000] {logging_mixin.py:190} INFO - [2026-09-17T19:13:25.563+0000] {dag.py:3239} INFO - Sync 2 DAGs
[2026-09-17T19:13:25.591+0000] {logging_mixin.py:190} INFO - [2026-09-17T19:13:25.590+0000] {dag.py:4180} INFO - Setting next_dagrun for read_dataset_event to 2026-09-16 00:00:00+00:00, run_after=2026-09-17 00:00:00+00:00
[2026-09-17T19:13:25.597+0000] {logging_mixin.py:190} INFO - [2026-09-17T19:13:25.596+0000] {dag.py:4180} INFO - Setting next_dagrun for read_dataset_event_from_classic to 2026-09-16 00:00:00+00:00, run_after=2026-09-17 00:00:00+00:00
[2026-09-17T19:13:25.617+0000] {processor.py:208} INFO - Processing /home/airflow/.local/lib/python3.12/site-packages/airflow/example_dags/example_inlet_event_extra.py took 0.685 seconds
[2026-09-17T19:13:58.148+0000] {processor.py:186} INFO - Started process (PID=2938) to work on /home/airflow/.local/lib/python3.12/site-packages/airflow/example_dags/example_inlet_event_extra.py
[2026-09-17T19:13:58.151+0000] {processor.py:914} INFO - Processing file /home/airflow/.local/lib/python3.12/site-packages/airflow/example_dags/example_inlet_event_extra.py for tasks to queue
[2026-09-17T19:13:58.154+0000] {logging_mixin.py:190} INFO - [2026-09-17T19:13:58.153+0000] {dagbag.py:588} INFO - Filling up the DagBag from /home/airflow/.local/lib/python3.12/site-packages/airflow/example_dags/example_inlet_event_extra.py
[2026-09-17T19:13:59.482+0000] {processor.py:925} INFO - DAG(s) 'read_dataset_event_from_classic', 'read_dataset_event' retrieved from /home/airflow/.local/lib/python3.12/site-packages/airflow/example_dags/example_inlet_event_extra.py
[2026-09-17T19:13:59.521+0000] {logging_mixin.py:190} INFO - [2026-09-17T19:13:59.521+0000] {dag.py:3239} INFO - Sync 2 DAGs
[2026-09-17T19:13:59.563+0000] {logging_mixin.py:190} INFO - [2026-09-17T19:13:59.562+0000] {dag.py:4180} INFO - Setting next_dagrun for read_dataset_event to 2026-09-16 00:00:00+00:00, run_after=2026-09-17 00:00:00+00:00
[2026-09-17T19:13:59.572+0000] {logging_mixin.py:190} INFO - [2026-09-17T19:13:59.571+0000] {dag.py:4180} INFO - Setting next_dagrun for read_dataset_event_from_classic to 2026-09-16 00:00:00+00:00, run_after=2026-09-17 00:00:00+00:00
[2026-09-17T19:13:59.603+0000] {processor.py:208} INFO - Processing /home/airflow/.local/lib/python3.12/site-packages/airflow/example_dags/example_inlet_event_extra.py took 1.464 seconds
[2026-09-17T19:14:29.735+0000] {processor.py:186} INFO - Started process (PID=3003) to work on /home/airflow/.local/lib/python3.12/site-packages/airflow/example_dags/example_inlet_event_extra.py
[2026-09-17T19:14:29.737+0000] {processor.py:914} INFO - Processing file /home/airflow/.local/lib/python3.12/site-packages/airflow/example_dags/example_inlet_event_extra.py for tasks to queue
[2026-09-17T19:14:29.739+0000] {logging_mixin.py:190} INFO - [2026-09-17T19:14:29.739+0000] {dagbag.py:588} INFO - Filling up the DagBag from /home/airflow/.local/lib/python3.12/site-packages/airflow/example_dags/example_inlet_event_extra.py
[2026-09-17T19:14:30.344+0000] {processor.py:925} INFO - DAG(s) 'read_dataset_event_from_classic', 'read_dataset_event' retrieved from /home/airflow/.local/lib/python3.12/site-packages/airflow/example_dags/example_inlet_event_extra.py
[2026-09-17T19:14:30.372+0000] {logging_mixin.py:190} INFO - [2026-09-17T19:14:30.372+0000] {dag.py:3239} INFO - Sync 2 DAGs
[2026-09-17T19:14:30.401+0000] {logging_mixin.py:190} INFO - [2026-09-17T19:14:30.401+0000] {dag.py:4180} INFO - Setting next_dagrun for read_dataset_event to 2026-09-16 00:00:00+00:00, run_after=2026-09-17 00:00:00+00:00
[2026-09-17T19:14:30.407+0000] {logging_mixin.py:190} INFO - [2026-09-17T19:14:30.407+0000] {dag.py:4180} INFO - Setting next_dagrun for read_dataset_event_from_classic to 2026-09-16 00:00:00+00:00, run_after=2026-09-17 00:00:00+00:00
[2026-09-17T19:14:30.434+0000] {processor.py:208} INFO - Processing /home/airflow/.local/lib/python3.12/site-packages/airflow/example_dags/example_inlet_event_extra.py took 0.706 seconds
[2026-09-17T19:15:01.118+0000] {processor.py:186} INFO - Started process (PID=3070) to work on /home/airflow/.local/lib/python3.12/site-packages/airflow/example_dags/example_inlet_event_extra.py
[2026-09-17T19:15:01.121+0000] {processor.py:914} INFO - Processing file /home/airflow/.local/lib/python3.12/site-packages/airflow/example_dags/example_inlet_event_extra.py for tasks to queue
[2026-09-17T19:15:01.123+0000] {logging_mixin.py:190} INFO - [2026-09-17T19:15:01.122+0000] {dagbag.py:588} INFO - Filling up the DagBag from /home/airflow/.local/lib/python3.12/site-packages/airflow/example_dags/example_inlet_event_extra.py
[2026-09-17T19:15:01.725+0000] {processor.py:925} INFO - DAG(s) 'read_dataset_event', 'read_dataset_event_from_classic' retrieved from /home/airflow/.local/lib/python3.12/site-packages/airflow/example_dags/example_inlet_event_extra.py
[2026-09-17T19:15:01.752+0000] {logging_mixin.py:190} INFO - [2026-09-17T19:15:01.752+0000] {dag.py:3239} INFO - Sync 2 DAGs
[2026-09-17T19:15:01.780+0000] {logging_mixin.py:190} INFO - [2026-09-17T19:15:01.780+0000] {dag.py:4180} INFO - Setting next_dagrun for read_dataset_event to 2026-09-16 00:00:00+00:00, run_after=2026-09-17 00:00:00+00:00
[2026-09-17T19:15:01.788+0000] {logging_mixin.py:190} INFO - [2026-09-17T19:15:01.788+0000] {dag.py:4180} INFO - Setting next_dagrun for read_dataset_event_from_classic to 2026-09-16 00:00:00+00:00, run_after=2026-09-17 00:00:00+00:00
[2026-09-17T19:15:01.809+0000] {processor.py:208} INFO - Processing /home/airflow/.local/lib/python3.12/site-packages/airflow/example_dags/example_inlet_event_extra.py took 0.696 seconds
[2026-09-17T19:15:32.834+0000] {processor.py:186} INFO - Started process (PID=3140) to work on /home/airflow/.local/lib/python3.12/site-packages/airflow/example_dags/example_inlet_event_extra.py
[2026-09-17T19:15:32.835+0000] {processor.py:914} INFO - Processing file /home/airflow/.local/lib/python3.12/site-packages/airflow/example_dags/example_inlet_event_extra.py for tasks to queue
[2026-09-17T19:15:32.838+0000] {logging_mixin.py:190} INFO - [2026-09-17T19:15:32.837+0000] {dagbag.py:588} INFO - Filling up the DagBag from /home/airflow/.local/lib/python3.12/site-packages/airflow/example_dags/example_inlet_event_extra.py
[2026-09-17T19:15:33.433+0000] {processor.py:925} INFO - DAG(s) 'read_dataset_event_from_classic', 'read_dataset_event' retrieved from /home/airflow/.local/lib/python3.12/site-packages/airflow/example_dags/example_inlet_event_extra.py
[2026-09-17T19:15:33.461+0000] {logging_mixin.py:190} INFO - [2026-09-17T19:15:33.460+0000] {dag.py:3239} INFO - Sync 2 DAGs
[2026-09-17T19:15:33.490+0000] {logging_mixin.py:190} INFO - [2026-09-17T19:15:33.490+0000] {dag.py:4180} INFO - Setting next_dagrun for read_dataset_event to 2026-09-16 00:00:00+00:00, run_after=2026-09-17 00:00:00+00:00
[2026-09-17T19:15:33.496+0000] {logging_mixin.py:190} INFO - [2026-09-17T19:15:33.496+0000] {dag.py:4180} INFO - Setting next_dagrun for read_dataset_event_from_classic to 2026-09-16 00:00:00+00:00, run_after=2026-09-17 00:00:00+00:00
[2026-09-17T19:15:33.516+0000] {processor.py:208} INFO - Processing /home/airflow/.local/lib/python3.12/site-packages/airflow/example_dags/example_inlet_event_extra.py took 0.688 seconds
[2026-09-17T19:16:04.264+0000] {processor.py:186} INFO - Started process (PID=3208) to work on /home/airflow/.local/lib/python3.12/site-packages/airflow/example_dags/example_inlet_event_extra.py
[2026-09-17T19:16:04.265+0000] {processor.py:914} INFO - Processing file /home/airflow/.local/lib/python3.12/site-packages/airflow/example_dags/example_inlet_event_extra.py for tasks to queue
[2026-09-17T19:16:04.267+0000] {logging_mixin.py:190} INFO - [2026-09-17T19:16:04.267+0000] {dagbag.py:588} INFO - Filling up the DagBag from /home/airflow/.local/lib/python3.12/site-packages/airflow/example_dags/example_inlet_event_extra.py
[2026-09-17T19:16:04.880+0000] {processor.py:925} INFO - DAG(s) 'read_dataset_event_from_classic', 'read_dataset_event' retrieved from /home/airflow/.local/lib/python3.12/site-packages/airflow/example_dags/example_inlet_event_extra.py
[2026-09-17T19:16:04.906+0000] {logging_mixin.py:190} INFO - [2026-09-17T19:16:04.906+0000] {dag.py:3239} INFO - Sync 2 DAGs
[2026-09-17T19:16:04.931+0000] {logging_mixin.py:190} INFO - [2026-09-17T19:16:04.931+0000] {dag.py:4180} INFO - Setting next_dagrun for read_dataset_event to 2026-09-16 00:00:00+00:00, run_after=2026-09-17 00:00:00+00:00
[2026-09-17T19:16:04.937+0000] {logging_mixin.py:190} INFO - [2026-09-17T19:16:04.937+0000] {dag.py:4180} INFO - Setting next_dagrun for read_dataset_event_from_classic to 2026-09-16 00:00:00+00:00, run_after=2026-09-17 00:00:00+00:00
[2026-09-17T19:16:04.957+0000] {processor.py:208} INFO - Processing /home/airflow/.local/lib/python3.12/site-packages/airflow/example_dags/example_inlet_event_extra.py took 0.699 seconds
[2026-09-17T19:16:35.051+0000] {processor.py:186} INFO - Started process (PID=3273) to work on /home/airflow/.local/lib/python3.12/site-packages/airflow/example_dags/example_inlet_event_extra.py
[2026-09-17T19:16:35.053+0000] {processor.py:914} INFO - Processing file /home/airflow/.local/lib/python3.12/site-packages/airflow/example_dags/example_inlet_event_extra.py for tasks to queue
[2026-09-17T19:16:35.055+0000] {logging_mixin.py:190} INFO - [2026-09-17T19:16:35.055+0000] {dagbag.py:588} INFO - Filling up the DagBag from /home/airflow/.local/lib/python3.12/site-packages/airflow/example_dags/example_inlet_event_extra.py
[2026-09-17T19:16:35.641+0000] {processor.py:925} INFO - DAG(s) 'read_dataset_event', 'read_dataset_event_from_classic' retrieved from /home/airflow/.local/lib/python3.12/site-packages/airflow/example_dags/example_inlet_event_extra.py
[2026-09-17T19:16:35.668+0000] {logging_mixin.py:190} INFO - [2026-09-17T19:16:35.668+0000] {dag.py:3239} INFO - Sync 2 DAGs
[2026-09-17T19:16:35.695+0000] {logging_mixin.py:190} INFO - [2026-09-17T19:16:35.694+0000] {dag.py:4180} INFO - Setting next_dagrun for read_dataset_event to 2026-09-16 00:00:00+00:00, run_after=2026-09-17 00:00:00+00:00
[2026-09-17T19:16:35.700+0000] {logging_mixin.py:190} INFO - [2026-09-17T19:16:35.700+0000] {dag.py:4180} INFO - Setting next_dagrun for read_dataset_event_from_classic to 2026-09-16 00:00:00+00:00, run_after=2026-09-17 00:00:00+00:00
[2026-09-17T19:16:35.721+0000] {processor.py:208} INFO - Processing /home/airflow/.local/lib/python3.12/site-packages/airflow/example_dags/example_inlet_event_extra.py took 0.677 seconds
[2026-09-17T19:17:06.721+0000] {processor.py:186} INFO - Started process (PID=3339) to work on /home/airflow/.local/lib/python3.12/site-packages/airflow/example_dags/example_inlet_event_extra.py
[2026-09-17T19:17:06.723+0000] {processor.py:914} INFO - Processing file /home/airflow/.local/lib/python3.12/site-packages/airflow/example_dags/example_inlet_event_extra.py for tasks to queue
[2026-09-17T19:17:06.725+0000] {logging_mixin.py:190} INFO - [2026-09-17T19:17:06.725+0000] {dagbag.py:588} INFO - Filling up the DagBag from /home/airflow/.local/lib/python3.12/site-packages/airflow/example_dags/example_inlet_event_extra.py
[2026-09-17T19:17:07.379+0000] {processor.py:925} INFO - DAG(s) 'read_dataset_event', 'read_dataset_event_from_classic' retrieved from /home/airflow/.local/lib/python3.12/site-packages/airflow/example_dags/example_inlet_event_extra.py
[2026-09-17T19:17:07.410+0000] {logging_mixin.py:190} INFO - [2026-09-17T19:17:07.410+0000] {dag.py:3239} INFO - Sync 2 DAGs
[2026-09-17T19:17:07.438+0000] {logging_mixin.py:190} INFO - [2026-09-17T19:17:07.438+0000] {dag.py:4180} INFO - Setting next_dagrun for read_dataset_event to 2026-09-16 00:00:00+00:00, run_after=2026-09-17 00:00:00+00:00
[2026-09-17T19:17:07.445+0000] {logging_mixin.py:190} INFO - [2026-09-17T19:17:07.444+0000] {dag.py:4180} INFO - Setting next_dagrun for read_dataset_event_from_classic to 2026-09-16 00:00:00+00:00, run_after=2026-09-17 00:00:00+00:00
[2026-09-17T19:17:07.465+0000] {processor.py:208} INFO - Processing /home/airflow/.local/lib/python3.12/site-packages/airflow/example_dags/example_inlet_event_extra.py took 0.751 seconds
[2026-09-17T19:17:38.211+0000] {processor.py:186} INFO - Started process (PID=3404) to work on /home/airflow/.local/lib/python3.12/site-packages/airflow/example_dags/example_inlet_event_extra.py
[2026-09-17T19:17:38.212+0000] {processor.py:914} INFO - Processing file /home/airflow/.local/lib/python3.12/site-packages/airflow/example_dags/example_inlet_event_extra.py for tasks to queue
[2026-09-17T19:17:38.215+0000] {logging_mixin.py:190} INFO - [2026-09-17T19:17:38.214+0000] {dagbag.py:588} INFO - Filling up the DagBag from /home/airflow/.local/lib/python3.12/site-packages/airflow/example_dags/example_inlet_event_extra.py
[2026-09-17T19:17:38.864+0000] {processor.py:925} INFO - DAG(s) 'read_dataset_event', 'read_dataset_event_from_classic' retrieved from /home/airflow/.local/lib/python3.12/site-packages/airflow/example_dags/example_inlet_event_extra.py
[2026-09-17T19:17:38.894+0000] {logging_mixin.py:190} INFO - [2026-09-17T19:17:38.894+0000] {dag.py:3239} INFO - Sync 2 DAGs
[2026-09-17T19:17:38.918+0000] {logging_mixin.py:190} INFO - [2026-09-17T19:17:38.918+0000] {dag.py:4180} INFO - Setting next_dagrun for read_dataset_event to 2026-09-16 00:00:00+00:00, run_after=2026-09-17 00:00:00+00:00
[2026-09-17T19:17:38.925+0000] {logging_mixin.py:190} INFO - [2026-09-17T19:17:38.925+0000] {dag.py:4180} INFO - Setting next_dagrun for read_dataset_event_from_classic to 2026-09-16 00:00:00+00:00, run_after=2026-09-17 00:00:00+00:00
[2026-09-17T19:17:38.948+0000] {processor.py:208} INFO - Processing /home/airflow/.local/lib/python3.12/site-packages/airflow/example_dags/example_inlet_event_extra.py took 0.744 seconds
[2026-09-17T19:18:09.281+0000] {processor.py:186} INFO - Started process (PID=3470) to work on /home/airflow/.local/lib/python3.12/site-packages/airflow/example_dags/example_inlet_event_extra.py
[2026-09-17T19:18:09.282+0000] {processor.py:914} INFO - Processing file /home/airflow/.local/lib/python3.12/site-packages/airflow/example_dags/example_inlet_event_extra.py for tasks to queue
[2026-09-17T19:18:09.285+0000] {logging_mixin.py:190} INFO - [2026-09-17T19:18:09.284+0000] {dagbag.py:588} INFO - Filling up the DagBag from /home/airflow/.local/lib/python3.12/site-packages/airflow/example_dags/example_inlet_event_extra.py
[2026-09-17T19:18:09.900+0000] {processor.py:925} INFO - DAG(s) 'read_dataset_event_from_classic', 'read_dataset_event' retrieved from /home/airflow/.local/lib/python3.12/site-packages/airflow/example_dags/example_inlet_event_extra.py
[2026-09-17T19:18:09.927+0000] {logging_mixin.py:190} INFO - [2026-09-17T19:18:09.927+0000] {dag.py:3239} INFO - Sync 2 DAGs
[2026-09-17T19:18:09.951+0000] {logging_mixin.py:190} INFO - [2026-09-17T19:18:09.950+0000] {dag.py:4180} INFO - Setting next_dagrun for read_dataset_event to 2026-09-16 00:00:00+00:00, run_after=2026-09-17 00:00:00+00:00
[2026-09-17T19:18:09.957+0000] {logging_mixin.py:190} INFO - [2026-09-17T19:18:09.957+0000] {dag.py:4180} INFO - Setting next_dagrun for read_dataset_event_from_classic to 2026-09-16 00:00:00+00:00, run_after=2026-09-17 00:00:00+00:00
[2026-09-17T19:18:09.976+0000] {processor.py:208} INFO - Processing /home/airflow/.local/lib/python3.12/site-packages/airflow/example_dags/example_inlet_event_extra.py took 0.702 seconds
[2026-09-17T19:18:40.152+0000] {processor.py:186} INFO - Started process (PID=3539) to work on /home/airflow/.local/lib/python3.12/site-packages/airflow/example_dags/example_inlet_event_extra.py
[2026-09-17T19:18:40.154+0000] {processor.py:914} INFO - Processing file /home/airflow/.local/lib/python3.12/site-packages/airflow/example_dags/example_inlet_event_extra.py for tasks to queue
[2026-09-17T19:18:40.156+0000] {logging_mixin.py:190} INFO - [2026-09-17T19:18:40.156+0000] {dagbag.py:588} INFO - Filling up the DagBag from /home/airflow/.local/lib/python3.12/site-packages/airflow/example_dags/example_inlet_event_extra.py
[2026-09-17T19:18:40.754+0000] {processor.py:925} INFO - DAG(s) 'read_dataset_event', 'read_dataset_event_from_classic' retrieved from /home/airflow/.local/lib/python3.12/site-packages/airflow/example_dags/example_inlet_event_extra.py
[2026-09-17T19:18:40.784+0000] {logging_mixin.py:190} INFO - [2026-09-17T19:18:40.783+0000] {dag.py:3239} INFO - Sync 2 DAGs
[2026-09-17T19:18:40.808+0000] {logging_mixin.py:190} INFO - [2026-09-17T19:18:40.807+0000] {dag.py:4180} INFO - Setting next_dagrun for read_dataset_event to 2026-09-16 00:00:00+00:00, run_after=2026-09-17 00:00:00+00:00
[2026-09-17T19:18:40.814+0000] {logging_mixin.py:190} INFO - [2026-09-17T19:18:40.814+0000] {dag.py:4180} INFO - Setting next_dagrun for read_dataset_event_from_classic to 2026-09-16 00:00:00+00:00, run_after=2026-09-17 00:00:00+00:00
[2026-09-17T19:18:40.834+0000] {processor.py:208} INFO - Processing /home/airflow/.local/lib/python3.12/site-packages/airflow/example_dags/example_inlet_event_extra.py took 0.687 seconds
[2026-09-17T19:19:11.752+0000] {processor.py:186} INFO - Started process (PID=3607) to work on /home/airflow/.local/lib/python3.12/site-packages/airflow/example_dags/example_inlet_event_extra.py
[2026-09-17T19:19:11.754+0000] {processor.py:914} INFO - Processing file /home/airflow/.local/lib/python3.12/site-packages/airflow/example_dags/example_inlet_event_extra.py for tasks to queue
[2026-09-17T19:19:11.756+0000] {logging_mixin.py:190} INFO - [2026-09-17T19:19:11.756+0000] {dagbag.py:588} INFO - Filling up the DagBag from /home/airflow/.local/lib/python3.12/site-packages/airflow/example_dags/example_inlet_event_extra.py
[2026-09-17T19:19:12.346+0000] {processor.py:925} INFO - DAG(s) 'read_dataset_event', 'read_dataset_event_from_classic' retrieved from /home/airflow/.local/lib/python3.12/site-packages/airflow/example_dags/example_inlet_event_extra.py
[2026-09-17T19:19:12.376+0000] {logging_mixin.py:190} INFO - [2026-09-17T19:19:12.376+0000] {dag.py:3239} INFO - Sync 2 DAGs
[2026-09-17T19:19:12.413+0000] {logging_mixin.py:190} INFO - [2026-09-17T19:19:12.413+0000] {dag.py:4180} INFO - Setting next_dagrun for read_dataset_event to 2026-09-16 00:00:00+00:00, run_after=2026-09-17 00:00:00+00:00
[2026-09-17T19:19:12.419+0000] {logging_mixin.py:190} INFO - [2026-09-17T19:19:12.419+0000] {dag.py:4180} INFO - Setting next_dagrun for read_dataset_event_from_classic to 2026-09-16 00:00:00+00:00, run_after=2026-09-17 00:00:00+00:00
[2026-09-17T19:19:12.438+0000] {processor.py:208} INFO - Processing /home/airflow/.local/lib/python3.12/site-packages/airflow/example_dags/example_inlet_event_extra.py took 0.692 seconds
[2026-09-17T19:19:42.930+0000] {processor.py:186} INFO - Started process (PID=3679) to work on /home/airflow/.local/lib/python3.12/site-packages/airflow/example_dags/example_inlet_event_extra.py
[2026-09-17T19:19:42.932+0000] {processor.py:914} INFO - Processing file /home/airflow/.local/lib/python3.12/site-packages/airflow/example_dags/example_inlet_event_extra.py for tasks to queue
[2026-09-17T19:19:42.934+0000] {logging_mixin.py:190} INFO - [2026-09-17T19:19:42.934+0000] {dagbag.py:588} INFO - Filling up the DagBag from /home/airflow/.local/lib/python3.12/site-packages/airflow/example_dags/example_inlet_event_extra.py
[2026-09-17T19:19:43.496+0000] {processor.py:925} INFO - DAG(s) 'read_dataset_event_from_classic', 'read_dataset_event' retrieved from /home/airflow/.local/lib/python3.12/site-packages/airflow/example_dags/example_inlet_event_extra.py
[2026-09-17T19:19:43.523+0000] {logging_mixin.py:190} INFO - [2026-09-17T19:19:43.522+0000] {dag.py:3239} INFO - Sync 2 DAGs
[2026-09-17T19:19:43.548+0000] {logging_mixin.py:190} INFO - [2026-09-17T19:19:43.548+0000] {dag.py:4180} INFO - Setting next_dagrun for read_dataset_event to 2026-09-16 00:00:00+00:00, run_after=2026-09-17 00:00:00+00:00
[2026-09-17T19:19:43.554+0000] {logging_mixin.py:190} INFO - [2026-09-17T19:19:43.554+0000] {dag.py:4180} INFO - Setting next_dagrun for read_dataset_event_from_classic to 2026-09-16 00:00:00+00:00, run_after=2026-09-17 00:00:00+00:00
[2026-09-17T19:19:43.573+0000] {processor.py:208} INFO - Processing /home/airflow/.local/lib/python3.12/site-packages/airflow/example_dags/example_inlet_event_extra.py took 0.649 seconds
[2026-09-17T19:20:13.989+0000] {processor.py:186} INFO - Started process (PID=3745) to work on /home/airflow/.local/lib/python3.12/site-packages/airflow/example_dags/example_inlet_event_extra.py
[2026-09-17T19:20:13.992+0000] {processor.py:914} INFO - Processing file /home/airflow/.local/lib/python3.12/site-packages/airflow/example_dags/example_inlet_event_extra.py for tasks to queue
[2026-09-17T19:20:13.994+0000] {logging_mixin.py:190} INFO - [2026-09-17T19:20:13.994+0000] {dagbag.py:588} INFO - Filling up the DagBag from /home/airflow/.local/lib/python3.12/site-packages/airflow/example_dags/example_inlet_event_extra.py
[2026-09-17T19:20:14.765+0000] {processor.py:925} INFO - DAG(s) 'read_dataset_event_from_classic', 'read_dataset_event' retrieved from /home/airflow/.local/lib/python3.12/site-packages/airflow/example_dags/example_inlet_event_extra.py
[2026-09-17T19:20:14.793+0000] {logging_mixin.py:190} INFO - [2026-09-17T19:20:14.792+0000] {dag.py:3239} INFO - Sync 2 DAGs
[2026-09-17T19:20:14.819+0000] {logging_mixin.py:190} INFO - [2026-09-17T19:20:14.818+0000] {dag.py:4180} INFO - Setting next_dagrun for read_dataset_event to 2026-09-16 00:00:00+00:00, run_after=2026-09-17 00:00:00+00:00
[2026-09-17T19:20:14.824+0000] {logging_mixin.py:190} INFO - [2026-09-17T19:20:14.824+0000] {dag.py:4180} INFO - Setting next_dagrun for read_dataset_event_from_classic to 2026-09-16 00:00:00+00:00, run_after=2026-09-17 00:00:00+00:00
[2026-09-17T19:20:14.846+0000] {processor.py:208} INFO - Processing /home/airflow/.local/lib/python3.12/site-packages/airflow/example_dags/example_inlet_event_extra.py took 0.865 seconds
[2026-09-17T19:20:45.435+0000] {processor.py:186} INFO - Started process (PID=3809) to work on /home/airflow/.local/lib/python3.12/site-packages/airflow/example_dags/example_inlet_event_extra.py
[2026-09-17T19:20:45.437+0000] {processor.py:914} INFO - Processing file /home/airflow/.local/lib/python3.12/site-packages/airflow/example_dags/example_inlet_event_extra.py for tasks to queue
[2026-09-17T19:20:45.440+0000] {logging_mixin.py:190} INFO - [2026-09-17T19:20:45.439+0000] {dagbag.py:588} INFO - Filling up the DagBag from /home/airflow/.local/lib/python3.12/site-packages/airflow/example_dags/example_inlet_event_extra.py
[2026-09-17T19:20:46.147+0000] {processor.py:925} INFO - DAG(s) 'read_dataset_event_from_classic', 'read_dataset_event' retrieved from /home/airflow/.local/lib/python3.12/site-packages/airflow/example_dags/example_inlet_event_extra.py
[2026-09-17T19:20:46.183+0000] {logging_mixin.py:190} INFO - [2026-09-17T19:20:46.182+0000] {dag.py:3239} INFO - Sync 2 DAGs
[2026-09-17T19:20:46.212+0000] {logging_mixin.py:190} INFO - [2026-09-17T19:20:46.212+0000] {dag.py:4180} INFO - Setting next_dagrun for read_dataset_event to 2026-09-16 00:00:00+00:00, run_after=2026-09-17 00:00:00+00:00
[2026-09-17T19:20:46.220+0000] {logging_mixin.py:190} INFO - [2026-09-17T19:20:46.220+0000] {dag.py:4180} INFO - Setting next_dagrun for read_dataset_event_from_classic to 2026-09-16 00:00:00+00:00, run_after=2026-09-17 00:00:00+00:00
[2026-09-17T19:20:46.244+0000] {processor.py:208} INFO - Processing /home/airflow/.local/lib/python3.12/site-packages/airflow/example_dags/example_inlet_event_extra.py took 0.815 seconds
[2026-09-17T19:21:16.763+0000] {processor.py:186} INFO - Started process (PID=3867) to work on /home/airflow/.local/lib/python3.12/site-packages/airflow/example_dags/example_inlet_event_extra.py
[2026-09-17T19:21:16.765+0000] {processor.py:914} INFO - Processing file /home/airflow/.local/lib/python3.12/site-packages/airflow/example_dags/example_inlet_event_extra.py for tasks to queue
[2026-09-17T19:21:16.768+0000] {logging_mixin.py:190} INFO - [2026-09-17T19:21:16.767+0000] {dagbag.py:588} INFO - Filling up the DagBag from /home/airflow/.local/lib/python3.12/site-packages/airflow/example_dags/example_inlet_event_extra.py
[2026-09-17T19:21:17.422+0000] {processor.py:925} INFO - DAG(s) 'read_dataset_event', 'read_dataset_event_from_classic' retrieved from /home/airflow/.local/lib/python3.12/site-packages/airflow/example_dags/example_inlet_event_extra.py
[2026-09-17T19:21:17.450+0000] {logging_mixin.py:190} INFO - [2026-09-17T19:21:17.449+0000] {dag.py:3239} INFO - Sync 2 DAGs
[2026-09-17T19:21:17.474+0000] {logging_mixin.py:190} INFO - [2026-09-17T19:21:17.474+0000] {dag.py:4180} INFO - Setting next_dagrun for read_dataset_event to 2026-09-16 00:00:00+00:00, run_after=2026-09-17 00:00:00+00:00
[2026-09-17T19:21:17.480+0000] {logging_mixin.py:190} INFO - [2026-09-17T19:21:17.479+0000] {dag.py:4180} INFO - Setting next_dagrun for read_dataset_event_from_classic to 2026-09-16 00:00:00+00:00, run_after=2026-09-17 00:00:00+00:00
[2026-09-17T19:21:17.504+0000] {processor.py:208} INFO - Processing /home/airflow/.local/lib/python3.12/site-packages/airflow/example_dags/example_inlet_event_extra.py took 0.747 seconds
[2026-09-17T19:21:48.290+0000] {processor.py:186} INFO - Started process (PID=3932) to work on /home/airflow/.local/lib/python3.12/site-packages/airflow/example_dags/example_inlet_event_extra.py
[2026-09-17T19:21:48.296+0000] {processor.py:914} INFO - Processing file /home/airflow/.local/lib/python3.12/site-packages/airflow/example_dags/example_inlet_event_extra.py for tasks to queue
[2026-09-17T19:21:48.299+0000] {logging_mixin.py:190} INFO - [2026-09-17T19:21:48.299+0000] {dagbag.py:588} INFO - Filling up the DagBag from /home/airflow/.local/lib/python3.12/site-packages/airflow/example_dags/example_inlet_event_extra.py
[2026-09-17T19:21:49.078+0000] {processor.py:925} INFO - DAG(s) 'read_dataset_event_from_classic', 'read_dataset_event' retrieved from /home/airflow/.local/lib/python3.12/site-packages/airflow/example_dags/example_inlet_event_extra.py
[2026-09-17T19:21:49.105+0000] {logging_mixin.py:190} INFO - [2026-09-17T19:21:49.104+0000] {dag.py:3239} INFO - Sync 2 DAGs
[2026-09-17T19:21:49.129+0000] {logging_mixin.py:190} INFO - [2026-09-17T19:21:49.129+0000] {dag.py:4180} INFO - Setting next_dagrun for read_dataset_event to 2026-09-16 00:00:00+00:00, run_after=2026-09-17 00:00:00+00:00
[2026-09-17T19:21:49.136+0000] {logging_mixin.py:190} INFO - [2026-09-17T19:21:49.136+0000] {dag.py:4180} INFO - Setting next_dagrun for read_dataset_event_from_classic to 2026-09-16 00:00:00+00:00, run_after=2026-09-17 00:00:00+00:00
[2026-09-17T19:21:49.158+0000] {processor.py:208} INFO - Processing /home/airflow/.local/lib/python3.12/site-packages/airflow/example_dags/example_inlet_event_extra.py took 0.875 seconds
[2026-09-17T19:22:19.726+0000] {processor.py:186} INFO - Started process (PID=3997) to work on /home/airflow/.local/lib/python3.12/site-packages/airflow/example_dags/example_inlet_event_extra.py
[2026-09-17T19:22:19.728+0000] {processor.py:914} INFO - Processing file /home/airflow/.local/lib/python3.12/site-packages/airflow/example_dags/example_inlet_event_extra.py for tasks to queue
[2026-09-17T19:22:19.731+0000] {logging_mixin.py:190} INFO - [2026-09-17T19:22:19.730+0000] {dagbag.py:588} INFO - Filling up the DagBag from /home/airflow/.local/lib/python3.12/site-packages/airflow/example_dags/example_inlet_event_extra.py
[2026-09-17T19:22:20.375+0000] {processor.py:925} INFO - DAG(s) 'read_dataset_event_from_classic', 'read_dataset_event' retrieved from /home/airflow/.local/lib/python3.12/site-packages/airflow/example_dags/example_inlet_event_extra.py
[2026-09-17T19:22:20.403+0000] {logging_mixin.py:190} INFO - [2026-09-17T19:22:20.402+0000] {dag.py:3239} INFO - Sync 2 DAGs
[2026-09-17T19:22:20.426+0000] {logging_mixin.py:190} INFO - [2026-09-17T19:22:20.426+0000] {dag.py:4180} INFO - Setting next_dagrun for read_dataset_event to 2026-09-16 00:00:00+00:00, run_after=2026-09-17 00:00:00+00:00
[2026-09-17T19:22:20.432+0000] {logging_mixin.py:190} INFO - [2026-09-17T19:22:20.432+0000] {dag.py:4180} INFO - Setting next_dagrun for read_dataset_event_from_classic to 2026-09-16 00:00:00+00:00, run_after=2026-09-17 00:00:00+00:00
[2026-09-17T19:22:20.452+0000] {processor.py:208} INFO - Processing /home/airflow/.local/lib/python3.12/site-packages/airflow/example_dags/example_inlet_event_extra.py took 0.732 seconds
[2026-09-17T19:22:51.182+0000] {processor.py:186} INFO - Started process (PID=4062) to work on /home/airflow/.local/lib/python3.12/site-packages/airflow/example_dags/example_inlet_event_extra.py
[2026-09-17T19:22:51.184+0000] {processor.py:914} INFO - Processing file /home/airflow/.local/lib/python3.12/site-packages/airflow/example_dags/example_inlet_event_extra.py for tasks to queue
[2026-09-17T19:22:51.186+0000] {logging_mixin.py:190} INFO - [2026-09-17T19:22:51.186+0000] {dagbag.py:588} INFO - Filling up the DagBag from /home/airflow/.local/lib/python3.12/site-packages/airflow/example_dags/example_inlet_event_extra.py
[2026-09-17T19:22:51.757+0000] {processor.py:925} INFO - DAG(s) 'read_dataset_event_from_classic', 'read_dataset_event' retrieved from /home/airflow/.local/lib/python3.12/site-packages/airflow/example_dags/example_inlet_event_extra.py
[2026-09-17T19:22:51.784+0000] {logging_mixin.py:190} INFO - [2026-09-17T19:22:51.784+0000] {dag.py:3239} INFO - Sync 2 DAGs
[2026-09-17T19:22:51.812+0000] {logging_mixin.py:190} INFO - [2026-09-17T19:22:51.811+0000] {dag.py:4180} INFO - Setting next_dagrun for read_dataset_event to 2026-09-16 00:00:00+00:00, run_after=2026-09-17 00:00:00+00:00
[2026-09-17T19:22:51.819+0000] {logging_mixin.py:190} INFO - [2026-09-17T19:22:51.818+0000] {dag.py:4180} INFO - Setting next_dagrun for read_dataset_event_from_classic to 2026-09-16 00:00:00+00:00, run_after=2026-09-17 00:00:00+00:00
[2026-09-17T19:22:51.840+0000] {processor.py:208} INFO - Processing /home/airflow/.local/lib/python3.12/site-packages/airflow/example_dags/example_inlet_event_extra.py took 0.663 seconds
[2026-09-17T19:23:22.335+0000] {processor.py:186} INFO - Started process (PID=4127) to work on /home/airflow/.local/lib/python3.12/site-packages/airflow/example_dags/example_inlet_event_extra.py
[2026-09-17T19:23:22.337+0000] {processor.py:914} INFO - Processing file /home/airflow/.local/lib/python3.12/site-packages/airflow/example_dags/example_inlet_event_extra.py for tasks to queue
[2026-09-17T19:23:22.340+0000] {logging_mixin.py:190} INFO - [2026-09-17T19:23:22.339+0000] {dagbag.py:588} INFO - Filling up the DagBag from /home/airflow/.local/lib/python3.12/site-packages/airflow/example_dags/example_inlet_event_extra.py
[2026-09-17T19:23:22.966+0000] {processor.py:925} INFO - DAG(s) 'read_dataset_event_from_classic', 'read_dataset_event' retrieved from /home/airflow/.local/lib/python3.12/site-packages/airflow/example_dags/example_inlet_event_extra.py
[2026-09-17T19:23:22.994+0000] {logging_mixin.py:190} INFO - [2026-09-17T19:23:22.994+0000] {dag.py:3239} INFO - Sync 2 DAGs
[2026-09-17T19:23:23.027+0000] {logging_mixin.py:190} INFO - [2026-09-17T19:23:23.026+0000] {dag.py:4180} INFO - Setting next_dagrun for read_dataset_event to 2026-09-16 00:00:00+00:00, run_after=2026-09-17 00:00:00+00:00
[2026-09-17T19:23:23.034+0000] {logging_mixin.py:190} INFO - [2026-09-17T19:23:23.034+0000] {dag.py:4180} INFO - Setting next_dagrun for read_dataset_event_from_classic to 2026-09-16 00:00:00+00:00, run_after=2026-09-17 00:00:00+00:00
[2026-09-17T19:23:23.059+0000] {processor.py:208} INFO - Processing /home/airflow/.local/lib/python3.12/site-packages/airflow/example_dags/example_inlet_event_extra.py took 0.732 seconds
[2026-09-17T19:23:53.364+0000] {processor.py:186} INFO - Started process (PID=4192) to work on /home/airflow/.local/lib/python3.12/site-packages/airflow/example_dags/example_inlet_event_extra.py
[2026-09-17T19:23:53.366+0000] {processor.py:914} INFO - Processing file /home/airflow/.local/lib/python3.12/site-packages/airflow/example_dags/example_inlet_event_extra.py for tasks to queue
[2026-09-17T19:23:53.369+0000] {logging_mixin.py:190} INFO - [2026-09-17T19:23:53.368+0000] {dagbag.py:588} INFO - Filling up the DagBag from /home/airflow/.local/lib/python3.12/site-packages/airflow/example_dags/example_inlet_event_extra.py
[2026-09-17T19:23:53.945+0000] {processor.py:925} INFO - DAG(s) 'read_dataset_event_from_classic', 'read_dataset_event' retrieved from /home/airflow/.local/lib/python3.12/site-packages/airflow/example_dags/example_inlet_event_extra.py
[2026-09-17T19:23:53.971+0000] {logging_mixin.py:190} INFO - [2026-09-17T19:23:53.971+0000] {dag.py:3239} INFO - Sync 2 DAGs
[2026-09-17T19:23:53.999+0000] {logging_mixin.py:190} INFO - [2026-09-17T19:23:53.999+0000] {dag.py:4180} INFO - Setting next_dagrun for read_dataset_event to 2026-09-16 00:00:00+00:00, run_after=2026-09-17 00:00:00+00:00
[2026-09-17T19:23:54.006+0000] {logging_mixin.py:190} INFO - [2026-09-17T19:23:54.006+0000] {dag.py:4180} INFO - Setting next_dagrun for read_dataset_event_from_classic to 2026-09-16 00:00:00+00:00, run_after=2026-09-17 00:00:00+00:00
[2026-09-17T19:23:54.029+0000] {processor.py:208} INFO - Processing /home/airflow/.local/lib/python3.12/site-packages/airflow/example_dags/example_inlet_event_extra.py took 0.670 seconds
[2026-09-17T19:24:24.120+0000] {processor.py:186} INFO - Started process (PID=4257) to work on /home/airflow/.local/lib/python3.12/site-packages/airflow/example_dags/example_inlet_event_extra.py
[2026-09-17T19:24:24.122+0000] {processor.py:914} INFO - Processing file /home/airflow/.local/lib/python3.12/site-packages/airflow/example_dags/example_inlet_event_extra.py for tasks to queue
[2026-09-17T19:24:24.124+0000] {logging_mixin.py:190} INFO - [2026-09-17T19:24:24.123+0000] {dagbag.py:588} INFO - Filling up the DagBag from /home/airflow/.local/lib/python3.12/site-packages/airflow/example_dags/example_inlet_event_extra.py
[2026-09-17T19:24:24.663+0000] {processor.py:925} INFO - DAG(s) 'read_dataset_event_from_classic', 'read_dataset_event' retrieved from /home/airflow/.local/lib/python3.12/site-packages/airflow/example_dags/example_inlet_event_extra.py
[2026-09-17T19:24:24.688+0000] {logging_mixin.py:190} INFO - [2026-09-17T19:24:24.688+0000] {dag.py:3239} INFO - Sync 2 DAGs
[2026-09-17T19:24:24.713+0000] {logging_mixin.py:190} INFO - [2026-09-17T19:24:24.712+0000] {dag.py:4180} INFO - Setting next_dagrun for read_dataset_event to 2026-09-16 00:00:00+00:00, run_after=2026-09-17 00:00:00+00:00
[2026-09-17T19:24:24.718+0000] {logging_mixin.py:190} INFO - [2026-09-17T19:24:24.718+0000] {dag.py:4180} INFO - Setting next_dagrun for read_dataset_event_from_classic to 2026-09-16 00:00:00+00:00, run_after=2026-09-17 00:00:00+00:00
[2026-09-17T19:24:24.738+0000] {processor.py:208} INFO - Processing /home/airflow/.local/lib/python3.12/site-packages/airflow/example_dags/example_inlet_event_extra.py took 0.624 seconds
[2026-09-17T19:24:55.114+0000] {processor.py:186} INFO - Started process (PID=4322) to work on /home/airflow/.local/lib/python3.12/site-packages/airflow/example_dags/example_inlet_event_extra.py
[2026-09-17T19:24:55.117+0000] {processor.py:914} INFO - Processing file /home/airflow/.local/lib/python3.12/site-packages/airflow/example_dags/example_inlet_event_extra.py for tasks to queue
[2026-09-17T19:24:55.119+0000] {logging_mixin.py:190} INFO - [2026-09-17T19:24:55.119+0000] {dagbag.py:588} INFO - Filling up the DagBag from /home/airflow/.local/lib/python3.12/site-packages/airflow/example_dags/example_inlet_event_extra.py
[2026-09-17T19:24:55.672+0000] {processor.py:925} INFO - DAG(s) 'read_dataset_event', 'read_dataset_event_from_classic' retrieved from /home/airflow/.local/lib/python3.12/site-packages/airflow/example_dags/example_inlet_event_extra.py
[2026-09-17T19:24:55.697+0000] {logging_mixin.py:190} INFO - [2026-09-17T19:24:55.697+0000] {dag.py:3239} INFO - Sync 2 DAGs
[2026-09-17T19:24:55.723+0000] {logging_mixin.py:190} INFO - [2026-09-17T19:24:55.723+0000] {dag.py:4180} INFO - Setting next_dagrun for read_dataset_event to 2026-09-16 00:00:00+00:00, run_after=2026-09-17 00:00:00+00:00
[2026-09-17T19:24:55.728+0000] {logging_mixin.py:190} INFO - [2026-09-17T19:24:55.728+0000] {dag.py:4180} INFO - Setting next_dagrun for read_dataset_event_from_classic to 2026-09-16 00:00:00+00:00, run_after=2026-09-17 00:00:00+00:00
[2026-09-17T19:24:55.749+0000] {processor.py:208} INFO - Processing /home/airflow/.local/lib/python3.12/site-packages/airflow/example_dags/example_inlet_event_extra.py took 0.641 seconds
[2026-09-17T19:25:26.113+0000] {processor.py:186} INFO - Started process (PID=4387) to work on /home/airflow/.local/lib/python3.12/site-packages/airflow/example_dags/example_inlet_event_extra.py
[2026-09-17T19:25:26.115+0000] {processor.py:914} INFO - Processing file /home/airflow/.local/lib/python3.12/site-packages/airflow/example_dags/example_inlet_event_extra.py for tasks to queue
[2026-09-17T19:25:26.117+0000] {logging_mixin.py:190} INFO - [2026-09-17T19:25:26.117+0000] {dagbag.py:588} INFO - Filling up the DagBag from /home/airflow/.local/lib/python3.12/site-packages/airflow/example_dags/example_inlet_event_extra.py
[2026-09-17T19:25:26.731+0000] {processor.py:925} INFO - DAG(s) 'read_dataset_event', 'read_dataset_event_from_classic' retrieved from /home/airflow/.local/lib/python3.12/site-packages/airflow/example_dags/example_inlet_event_extra.py
[2026-09-17T19:25:26.759+0000] {logging_mixin.py:190} INFO - [2026-09-17T19:25:26.759+0000] {dag.py:3239} INFO - Sync 2 DAGs
[2026-09-17T19:25:26.783+0000] {logging_mixin.py:190} INFO - [2026-09-17T19:25:26.783+0000] {dag.py:4180} INFO - Setting next_dagrun for read_dataset_event to 2026-09-16 00:00:00+00:00, run_after=2026-09-17 00:00:00+00:00
[2026-09-17T19:25:26.789+0000] {logging_mixin.py:190} INFO - [2026-09-17T19:25:26.789+0000] {dag.py:4180} INFO - Setting next_dagrun for read_dataset_event_from_classic to 2026-09-16 00:00:00+00:00, run_after=2026-09-17 00:00:00+00:00
[2026-09-17T19:25:26.810+0000] {processor.py:208} INFO - Processing /home/airflow/.local/lib/python3.12/site-packages/airflow/example_dags/example_inlet_event_extra.py took 0.703 seconds
[2026-09-17T19:25:56.893+0000] {processor.py:186} INFO - Started process (PID=4452) to work on /home/airflow/.local/lib/python3.12/site-packages/airflow/example_dags/example_inlet_event_extra.py
[2026-09-17T19:25:56.895+0000] {processor.py:914} INFO - Processing file /home/airflow/.local/lib/python3.12/site-packages/airflow/example_dags/example_inlet_event_extra.py for tasks to queue
[2026-09-17T19:25:56.898+0000] {logging_mixin.py:190} INFO - [2026-09-17T19:25:56.898+0000] {dagbag.py:588} INFO - Filling up the DagBag from /home/airflow/.local/lib/python3.12/site-packages/airflow/example_dags/example_inlet_event_extra.py
[2026-09-17T19:25:57.507+0000] {processor.py:925} INFO - DAG(s) 'read_dataset_event', 'read_dataset_event_from_classic' retrieved from /home/airflow/.local/lib/python3.12/site-packages/airflow/example_dags/example_inlet_event_extra.py
[2026-09-17T19:25:57.534+0000] {logging_mixin.py:190} INFO - [2026-09-17T19:25:57.533+0000] {dag.py:3239} INFO - Sync 2 DAGs
[2026-09-17T19:25:57.562+0000] {logging_mixin.py:190} INFO - [2026-09-17T19:25:57.561+0000] {dag.py:4180} INFO - Setting next_dagrun for read_dataset_event to 2026-09-16 00:00:00+00:00, run_after=2026-09-17 00:00:00+00:00
[2026-09-17T19:25:57.568+0000] {logging_mixin.py:190} INFO - [2026-09-17T19:25:57.568+0000] {dag.py:4180} INFO - Setting next_dagrun for read_dataset_event_from_classic to 2026-09-16 00:00:00+00:00, run_after=2026-09-17 00:00:00+00:00
[2026-09-17T19:25:57.590+0000] {processor.py:208} INFO - Processing /home/airflow/.local/lib/python3.12/site-packages/airflow/example_dags/example_inlet_event_extra.py took 0.703 seconds
[2026-09-17T19:26:28.191+0000] {processor.py:186} INFO - Started process (PID=4517) to work on /home/airflow/.local/lib/python3.12/site-packages/airflow/example_dags/example_inlet_event_extra.py
[2026-09-17T19:26:28.193+0000] {processor.py:914} INFO - Processing file /home/airflow/.local/lib/python3.12/site-packages/airflow/example_dags/example_inlet_event_extra.py for tasks to queue
[2026-09-17T19:26:28.196+0000] {logging_mixin.py:190} INFO - [2026-09-17T19:26:28.195+0000] {dagbag.py:588} INFO - Filling up the DagBag from /home/airflow/.local/lib/python3.12/site-packages/airflow/example_dags/example_inlet_event_extra.py
[2026-09-17T19:26:28.925+0000] {processor.py:925} INFO - DAG(s) 'read_dataset_event_from_classic', 'read_dataset_event' retrieved from /home/airflow/.local/lib/python3.12/site-packages/airflow/example_dags/example_inlet_event_extra.py
[2026-09-17T19:26:28.956+0000] {logging_mixin.py:190} INFO - [2026-09-17T19:26:28.956+0000] {dag.py:3239} INFO - Sync 2 DAGs
[2026-09-17T19:26:28.982+0000] {logging_mixin.py:190} INFO - [2026-09-17T19:26:28.982+0000] {dag.py:4180} INFO - Setting next_dagrun for read_dataset_event to 2026-09-16 00:00:00+00:00, run_after=2026-09-17 00:00:00+00:00
[2026-09-17T19:26:28.988+0000] {logging_mixin.py:190} INFO - [2026-09-17T19:26:28.988+0000] {dag.py:4180} INFO - Setting next_dagrun for read_dataset_event_from_classic to 2026-09-16 00:00:00+00:00, run_after=2026-09-17 00:00:00+00:00
[2026-09-17T19:26:29.016+0000] {processor.py:208} INFO - Processing /home/airflow/.local/lib/python3.12/site-packages/airflow/example_dags/example_inlet_event_extra.py took 0.831 seconds
[2026-09-17T19:26:59.248+0000] {processor.py:186} INFO - Started process (PID=4582) to work on /home/airflow/.local/lib/python3.12/site-packages/airflow/example_dags/example_inlet_event_extra.py
[2026-09-17T19:26:59.250+0000] {processor.py:914} INFO - Processing file /home/airflow/.local/lib/python3.12/site-packages/airflow/example_dags/example_inlet_event_extra.py for tasks to queue
[2026-09-17T19:26:59.255+0000] {logging_mixin.py:190} INFO - [2026-09-17T19:26:59.254+0000] {dagbag.py:588} INFO - Filling up the DagBag from /home/airflow/.local/lib/python3.12/site-packages/airflow/example_dags/example_inlet_event_extra.py
[2026-09-17T19:26:59.886+0000] {processor.py:925} INFO - DAG(s) 'read_dataset_event_from_classic', 'read_dataset_event' retrieved from /home/airflow/.local/lib/python3.12/site-packages/airflow/example_dags/example_inlet_event_extra.py
[2026-09-17T19:26:59.915+0000] {logging_mixin.py:190} INFO - [2026-09-17T19:26:59.915+0000] {dag.py:3239} INFO - Sync 2 DAGs
[2026-09-17T19:26:59.942+0000] {logging_mixin.py:190} INFO - [2026-09-17T19:26:59.941+0000] {dag.py:4180} INFO - Setting next_dagrun for read_dataset_event to 2026-09-16 00:00:00+00:00, run_after=2026-09-17 00:00:00+00:00
[2026-09-17T19:26:59.948+0000] {logging_mixin.py:190} INFO - [2026-09-17T19:26:59.947+0000] {dag.py:4180} INFO - Setting next_dagrun for read_dataset_event_from_classic to 2026-09-16 00:00:00+00:00, run_after=2026-09-17 00:00:00+00:00
[2026-09-17T19:26:59.972+0000] {processor.py:208} INFO - Processing /home/airflow/.local/lib/python3.12/site-packages/airflow/example_dags/example_inlet_event_extra.py took 0.733 seconds
[2026-09-17T19:27:30.369+0000] {processor.py:186} INFO - Started process (PID=4646) to work on /home/airflow/.local/lib/python3.12/site-packages/airflow/example_dags/example_inlet_event_extra.py
[2026-09-17T19:27:30.372+0000] {processor.py:914} INFO - Processing file /home/airflow/.local/lib/python3.12/site-packages/airflow/example_dags/example_inlet_event_extra.py for tasks to queue
[2026-09-17T19:27:30.375+0000] {logging_mixin.py:190} INFO - [2026-09-17T19:27:30.375+0000] {dagbag.py:588} INFO - Filling up the DagBag from /home/airflow/.local/lib/python3.12/site-packages/airflow/example_dags/example_inlet_event_extra.py
[2026-09-17T19:27:31.014+0000] {processor.py:925} INFO - DAG(s) 'read_dataset_event_from_classic', 'read_dataset_event' retrieved from /home/airflow/.local/lib/python3.12/site-packages/airflow/example_dags/example_inlet_event_extra.py
[2026-09-17T19:27:31.041+0000] {logging_mixin.py:190} INFO - [2026-09-17T19:27:31.041+0000] {dag.py:3239} INFO - Sync 2 DAGs
[2026-09-17T19:27:31.068+0000] {logging_mixin.py:190} INFO - [2026-09-17T19:27:31.068+0000] {dag.py:4180} INFO - Setting next_dagrun for read_dataset_event to 2026-09-16 00:00:00+00:00, run_after=2026-09-17 00:00:00+00:00
[2026-09-17T19:27:31.075+0000] {logging_mixin.py:190} INFO - [2026-09-17T19:27:31.075+0000] {dag.py:4180} INFO - Setting next_dagrun for read_dataset_event_from_classic to 2026-09-16 00:00:00+00:00, run_after=2026-09-17 00:00:00+00:00
[2026-09-17T19:27:31.097+0000] {processor.py:208} INFO - Processing /home/airflow/.local/lib/python3.12/site-packages/airflow/example_dags/example_inlet_event_extra.py took 0.739 seconds
[2026-09-17T19:28:01.296+0000] {processor.py:186} INFO - Started process (PID=4704) to work on /home/airflow/.local/lib/python3.12/site-packages/airflow/example_dags/example_inlet_event_extra.py
[2026-09-17T19:28:01.298+0000] {processor.py:914} INFO - Processing file /home/airflow/.local/lib/python3.12/site-packages/airflow/example_dags/example_inlet_event_extra.py for tasks to queue
[2026-09-17T19:28:01.301+0000] {logging_mixin.py:190} INFO - [2026-09-17T19:28:01.300+0000] {dagbag.py:588} INFO - Filling up the DagBag from /home/airflow/.local/lib/python3.12/site-packages/airflow/example_dags/example_inlet_event_extra.py
[2026-09-17T19:28:01.791+0000] {processor.py:925} INFO - DAG(s) 'read_dataset_event', 'read_dataset_event_from_classic' retrieved from /home/airflow/.local/lib/python3.12/site-packages/airflow/example_dags/example_inlet_event_extra.py
[2026-09-17T19:28:01.834+0000] {logging_mixin.py:190} INFO - [2026-09-17T19:28:01.834+0000] {dag.py:3239} INFO - Sync 2 DAGs
[2026-09-17T19:28:01.872+0000] {logging_mixin.py:190} INFO - [2026-09-17T19:28:01.871+0000] {dag.py:4180} INFO - Setting next_dagrun for read_dataset_event to 2026-09-16 00:00:00+00:00, run_after=2026-09-17 00:00:00+00:00
[2026-09-17T19:28:01.879+0000] {logging_mixin.py:190} INFO - [2026-09-17T19:28:01.878+0000] {dag.py:4180} INFO - Setting next_dagrun for read_dataset_event_from_classic to 2026-09-16 00:00:00+00:00, run_after=2026-09-17 00:00:00+00:00
[2026-09-17T19:28:01.909+0000] {processor.py:208} INFO - Processing /home/airflow/.local/lib/python3.12/site-packages/airflow/example_dags/example_inlet_event_extra.py took 0.621 seconds
[2026-09-17T19:28:32.025+0000] {processor.py:186} INFO - Started process (PID=4769) to work on /home/airflow/.local/lib/python3.12/site-packages/airflow/example_dags/example_inlet_event_extra.py
[2026-09-17T19:28:32.027+0000] {processor.py:914} INFO - Processing file /home/airflow/.local/lib/python3.12/site-packages/airflow/example_dags/example_inlet_event_extra.py for tasks to queue
[2026-09-17T19:28:32.029+0000] {logging_mixin.py:190} INFO - [2026-09-17T19:28:32.029+0000] {dagbag.py:588} INFO - Filling up the DagBag from /home/airflow/.local/lib/python3.12/site-packages/airflow/example_dags/example_inlet_event_extra.py
[2026-09-17T19:28:32.448+0000] {processor.py:925} INFO - DAG(s) 'read_dataset_event', 'read_dataset_event_from_classic' retrieved from /home/airflow/.local/lib/python3.12/site-packages/airflow/example_dags/example_inlet_event_extra.py
[2026-09-17T19:28:32.476+0000] {logging_mixin.py:190} INFO - [2026-09-17T19:28:32.476+0000] {dag.py:3239} INFO - Sync 2 DAGs
[2026-09-17T19:28:32.502+0000] {logging_mixin.py:190} INFO - [2026-09-17T19:28:32.501+0000] {dag.py:4180} INFO - Setting next_dagrun for read_dataset_event to 2026-09-16 00:00:00+00:00, run_after=2026-09-17 00:00:00+00:00
[2026-09-17T19:28:32.508+0000] {logging_mixin.py:190} INFO - [2026-09-17T19:28:32.508+0000] {dag.py:4180} INFO - Setting next_dagrun for read_dataset_event_from_classic to 2026-09-16 00:00:00+00:00, run_after=2026-09-17 00:00:00+00:00
[2026-09-17T19:28:32.532+0000] {processor.py:208} INFO - Processing /home/airflow/.local/lib/python3.12/site-packages/airflow/example_dags/example_inlet_event_extra.py took 0.514 seconds
[2026-09-17T19:48:21.616+0000] {processor.py:186} INFO - Started process (PID=85) to work on /home/airflow/.local/lib/python3.12/site-packages/airflow/example_dags/example_inlet_event_extra.py
[2026-09-17T19:48:21.617+0000] {processor.py:914} INFO - Processing file /home/airflow/.local/lib/python3.12/site-packages/airflow/example_dags/example_inlet_event_extra.py for tasks to queue
[2026-09-17T19:48:21.620+0000] {logging_mixin.py:190} INFO - [2026-09-17T19:48:21.619+0000] {dagbag.py:588} INFO - Filling up the DagBag from /home/airflow/.local/lib/python3.12/site-packages/airflow/example_dags/example_inlet_event_extra.py
[2026-09-17T19:48:22.104+0000] {processor.py:925} INFO - DAG(s) 'read_dataset_event', 'read_dataset_event_from_classic' retrieved from /home/airflow/.local/lib/python3.12/site-packages/airflow/example_dags/example_inlet_event_extra.py
[2026-09-17T19:48:22.138+0000] {logging_mixin.py:190} INFO - [2026-09-17T19:48:22.138+0000] {dag.py:3239} INFO - Sync 2 DAGs
[2026-09-17T19:48:22.171+0000] {logging_mixin.py:190} INFO - [2026-09-17T19:48:22.171+0000] {dag.py:4180} INFO - Setting next_dagrun for read_dataset_event to 2026-09-16 00:00:00+00:00, run_after=2026-09-17 00:00:00+00:00
[2026-09-17T19:48:22.180+0000] {logging_mixin.py:190} INFO - [2026-09-17T19:48:22.180+0000] {dag.py:4180} INFO - Setting next_dagrun for read_dataset_event_from_classic to 2026-09-16 00:00:00+00:00, run_after=2026-09-17 00:00:00+00:00
[2026-09-17T19:48:22.211+0000] {processor.py:208} INFO - Processing /home/airflow/.local/lib/python3.12/site-packages/airflow/example_dags/example_inlet_event_extra.py took 0.602 seconds
[2026-09-17T19:48:52.760+0000] {processor.py:186} INFO - Started process (PID=150) to work on /home/airflow/.local/lib/python3.12/site-packages/airflow/example_dags/example_inlet_event_extra.py
[2026-09-17T19:48:52.762+0000] {processor.py:914} INFO - Processing file /home/airflow/.local/lib/python3.12/site-packages/airflow/example_dags/example_inlet_event_extra.py for tasks to queue
[2026-09-17T19:48:52.764+0000] {logging_mixin.py:190} INFO - [2026-09-17T19:48:52.764+0000] {dagbag.py:588} INFO - Filling up the DagBag from /home/airflow/.local/lib/python3.12/site-packages/airflow/example_dags/example_inlet_event_extra.py
[2026-09-17T19:48:53.214+0000] {processor.py:925} INFO - DAG(s) 'read_dataset_event_from_classic', 'read_dataset_event' retrieved from /home/airflow/.local/lib/python3.12/site-packages/airflow/example_dags/example_inlet_event_extra.py
[2026-09-17T19:48:53.245+0000] {logging_mixin.py:190} INFO - [2026-09-17T19:48:53.245+0000] {dag.py:3239} INFO - Sync 2 DAGs
[2026-09-17T19:48:53.278+0000] {logging_mixin.py:190} INFO - [2026-09-17T19:48:53.277+0000] {dag.py:4180} INFO - Setting next_dagrun for read_dataset_event to 2026-09-16 00:00:00+00:00, run_after=2026-09-17 00:00:00+00:00
[2026-09-17T19:48:53.284+0000] {logging_mixin.py:190} INFO - [2026-09-17T19:48:53.284+0000] {dag.py:4180} INFO - Setting next_dagrun for read_dataset_event_from_classic to 2026-09-16 00:00:00+00:00, run_after=2026-09-17 00:00:00+00:00
[2026-09-17T19:48:53.306+0000] {processor.py:208} INFO - Processing /home/airflow/.local/lib/python3.12/site-packages/airflow/example_dags/example_inlet_event_extra.py took 0.551 seconds
[2026-09-17T19:49:24.050+0000] {processor.py:186} INFO - Started process (PID=214) to work on /home/airflow/.local/lib/python3.12/site-packages/airflow/example_dags/example_inlet_event_extra.py
[2026-09-17T19:49:24.053+0000] {processor.py:914} INFO - Processing file /home/airflow/.local/lib/python3.12/site-packages/airflow/example_dags/example_inlet_event_extra.py for tasks to queue
[2026-09-17T19:49:24.055+0000] {logging_mixin.py:190} INFO - [2026-09-17T19:49:24.055+0000] {dagbag.py:588} INFO - Filling up the DagBag from /home/airflow/.local/lib/python3.12/site-packages/airflow/example_dags/example_inlet_event_extra.py
[2026-09-17T19:49:24.745+0000] {processor.py:925} INFO - DAG(s) 'read_dataset_event_from_classic', 'read_dataset_event' retrieved from /home/airflow/.local/lib/python3.12/site-packages/airflow/example_dags/example_inlet_event_extra.py
[2026-09-17T19:49:25.171+0000] {logging_mixin.py:190} INFO - [2026-09-17T19:49:25.170+0000] {dag.py:3239} INFO - Sync 2 DAGs
[2026-09-17T19:49:25.207+0000] {logging_mixin.py:190} INFO - [2026-09-17T19:49:25.206+0000] {dag.py:4180} INFO - Setting next_dagrun for read_dataset_event to 2026-09-16 00:00:00+00:00, run_after=2026-09-17 00:00:00+00:00
[2026-09-17T19:49:25.217+0000] {logging_mixin.py:190} INFO - [2026-09-17T19:49:25.216+0000] {dag.py:4180} INFO - Setting next_dagrun for read_dataset_event_from_classic to 2026-09-16 00:00:00+00:00, run_after=2026-09-17 00:00:00+00:00
[2026-09-17T19:49:25.243+0000] {processor.py:208} INFO - Processing /home/airflow/.local/lib/python3.12/site-packages/airflow/example_dags/example_inlet_event_extra.py took 1.201 seconds
[2026-09-17T19:49:56.139+0000] {processor.py:186} INFO - Started process (PID=279) to work on /home/airflow/.local/lib/python3.12/site-packages/airflow/example_dags/example_inlet_event_extra.py
[2026-09-17T19:49:56.141+0000] {processor.py:914} INFO - Processing file /home/airflow/.local/lib/python3.12/site-packages/airflow/example_dags/example_inlet_event_extra.py for tasks to queue
[2026-09-17T19:49:56.144+0000] {logging_mixin.py:190} INFO - [2026-09-17T19:49:56.143+0000] {dagbag.py:588} INFO - Filling up the DagBag from /home/airflow/.local/lib/python3.12/site-packages/airflow/example_dags/example_inlet_event_extra.py
[2026-09-17T19:49:56.595+0000] {processor.py:925} INFO - DAG(s) 'read_dataset_event', 'read_dataset_event_from_classic' retrieved from /home/airflow/.local/lib/python3.12/site-packages/airflow/example_dags/example_inlet_event_extra.py
[2026-09-17T19:49:56.639+0000] {logging_mixin.py:190} INFO - [2026-09-17T19:49:56.639+0000] {dag.py:3239} INFO - Sync 2 DAGs
[2026-09-17T19:49:56.924+0000] {logging_mixin.py:190} INFO - [2026-09-17T19:49:56.923+0000] {dag.py:4180} INFO - Setting next_dagrun for read_dataset_event to 2026-09-16 00:00:00+00:00, run_after=2026-09-17 00:00:00+00:00
[2026-09-17T19:49:56.930+0000] {logging_mixin.py:190} INFO - [2026-09-17T19:49:56.930+0000] {dag.py:4180} INFO - Setting next_dagrun for read_dataset_event_from_classic to 2026-09-16 00:00:00+00:00, run_after=2026-09-17 00:00:00+00:00
[2026-09-17T19:49:56.952+0000] {processor.py:208} INFO - Processing /home/airflow/.local/lib/python3.12/site-packages/airflow/example_dags/example_inlet_event_extra.py took 0.820 seconds
[2026-09-17T19:50:27.089+0000] {processor.py:186} INFO - Started process (PID=337) to work on /home/airflow/.local/lib/python3.12/site-packages/airflow/example_dags/example_inlet_event_extra.py
[2026-09-17T19:50:27.091+0000] {processor.py:914} INFO - Processing file /home/airflow/.local/lib/python3.12/site-packages/airflow/example_dags/example_inlet_event_extra.py for tasks to queue
[2026-09-17T19:50:27.094+0000] {logging_mixin.py:190} INFO - [2026-09-17T19:50:27.093+0000] {dagbag.py:588} INFO - Filling up the DagBag from /home/airflow/.local/lib/python3.12/site-packages/airflow/example_dags/example_inlet_event_extra.py
[2026-09-17T19:50:27.517+0000] {processor.py:925} INFO - DAG(s) 'read_dataset_event', 'read_dataset_event_from_classic' retrieved from /home/airflow/.local/lib/python3.12/site-packages/airflow/example_dags/example_inlet_event_extra.py
[2026-09-17T19:50:27.545+0000] {logging_mixin.py:190} INFO - [2026-09-17T19:50:27.545+0000] {dag.py:3239} INFO - Sync 2 DAGs
[2026-09-17T19:50:27.574+0000] {logging_mixin.py:190} INFO - [2026-09-17T19:50:27.574+0000] {dag.py:4180} INFO - Setting next_dagrun for read_dataset_event to 2026-09-16 00:00:00+00:00, run_after=2026-09-17 00:00:00+00:00
[2026-09-17T19:50:27.782+0000] {logging_mixin.py:190} INFO - [2026-09-17T19:50:27.782+0000] {dag.py:4180} INFO - Setting next_dagrun for read_dataset_event_from_classic to 2026-09-16 00:00:00+00:00, run_after=2026-09-17 00:00:00+00:00
[2026-09-17T19:50:27.812+0000] {processor.py:208} INFO - Processing /home/airflow/.local/lib/python3.12/site-packages/airflow/example_dags/example_inlet_event_extra.py took 0.729 seconds
[2026-09-17T19:50:57.941+0000] {processor.py:186} INFO - Started process (PID=402) to work on /home/airflow/.local/lib/python3.12/site-packages/airflow/example_dags/example_inlet_event_extra.py
[2026-09-17T19:50:57.943+0000] {processor.py:914} INFO - Processing file /home/airflow/.local/lib/python3.12/site-packages/airflow/example_dags/example_inlet_event_extra.py for tasks to queue
[2026-09-17T19:50:57.945+0000] {logging_mixin.py:190} INFO - [2026-09-17T19:50:57.945+0000] {dagbag.py:588} INFO - Filling up the DagBag from /home/airflow/.local/lib/python3.12/site-packages/airflow/example_dags/example_inlet_event_extra.py
[2026-09-17T19:50:58.378+0000] {processor.py:925} INFO - DAG(s) 'read_dataset_event_from_classic', 'read_dataset_event' retrieved from /home/airflow/.local/lib/python3.12/site-packages/airflow/example_dags/example_inlet_event_extra.py
[2026-09-17T19:50:58.411+0000] {logging_mixin.py:190} INFO - [2026-09-17T19:50:58.410+0000] {dag.py:3239} INFO - Sync 2 DAGs
[2026-09-17T19:50:58.438+0000] {logging_mixin.py:190} INFO - [2026-09-17T19:50:58.438+0000] {dag.py:4180} INFO - Setting next_dagrun for read_dataset_event to 2026-09-16 00:00:00+00:00, run_after=2026-09-17 00:00:00+00:00
[2026-09-17T19:50:58.444+0000] {logging_mixin.py:190} INFO - [2026-09-17T19:50:58.444+0000] {dag.py:4180} INFO - Setting next_dagrun for read_dataset_event_from_classic to 2026-09-16 00:00:00+00:00, run_after=2026-09-17 00:00:00+00:00
[2026-09-17T19:50:58.466+0000] {processor.py:208} INFO - Processing /home/airflow/.local/lib/python3.12/site-packages/airflow/example_dags/example_inlet_event_extra.py took 0.532 seconds
[2026-09-17T19:51:29.162+0000] {processor.py:186} INFO - Started process (PID=467) to work on /home/airflow/.local/lib/python3.12/site-packages/airflow/example_dags/example_inlet_event_extra.py
[2026-09-17T19:51:29.164+0000] {processor.py:914} INFO - Processing file /home/airflow/.local/lib/python3.12/site-packages/airflow/example_dags/example_inlet_event_extra.py for tasks to queue
[2026-09-17T19:51:29.166+0000] {logging_mixin.py:190} INFO - [2026-09-17T19:51:29.166+0000] {dagbag.py:588} INFO - Filling up the DagBag from /home/airflow/.local/lib/python3.12/site-packages/airflow/example_dags/example_inlet_event_extra.py
[2026-09-17T19:51:29.776+0000] {processor.py:925} INFO - DAG(s) 'read_dataset_event_from_classic', 'read_dataset_event' retrieved from /home/airflow/.local/lib/python3.12/site-packages/airflow/example_dags/example_inlet_event_extra.py
[2026-09-17T19:51:29.804+0000] {logging_mixin.py:190} INFO - [2026-09-17T19:51:29.803+0000] {dag.py:3239} INFO - Sync 2 DAGs
[2026-09-17T19:51:29.830+0000] {logging_mixin.py:190} INFO - [2026-09-17T19:51:29.830+0000] {dag.py:4180} INFO - Setting next_dagrun for read_dataset_event to 2026-09-16 00:00:00+00:00, run_after=2026-09-17 00:00:00+00:00
[2026-09-17T19:51:29.836+0000] {logging_mixin.py:190} INFO - [2026-09-17T19:51:29.836+0000] {dag.py:4180} INFO - Setting next_dagrun for read_dataset_event_from_classic to 2026-09-16 00:00:00+00:00, run_after=2026-09-17 00:00:00+00:00
[2026-09-17T19:51:29.856+0000] {processor.py:208} INFO - Processing /home/airflow/.local/lib/python3.12/site-packages/airflow/example_dags/example_inlet_event_extra.py took 0.700 seconds
[2026-09-17T19:52:00.122+0000] {processor.py:186} INFO - Started process (PID=532) to work on /home/airflow/.local/lib/python3.12/site-packages/airflow/example_dags/example_inlet_event_extra.py
[2026-09-17T19:52:00.124+0000] {processor.py:914} INFO - Processing file /home/airflow/.local/lib/python3.12/site-packages/airflow/example_dags/example_inlet_event_extra.py for tasks to queue
[2026-09-17T19:52:00.126+0000] {logging_mixin.py:190} INFO - [2026-09-17T19:52:00.125+0000] {dagbag.py:588} INFO - Filling up the DagBag from /home/airflow/.local/lib/python3.12/site-packages/airflow/example_dags/example_inlet_event_extra.py
[2026-09-17T19:52:00.736+0000] {processor.py:925} INFO - DAG(s) 'read_dataset_event_from_classic', 'read_dataset_event' retrieved from /home/airflow/.local/lib/python3.12/site-packages/airflow/example_dags/example_inlet_event_extra.py
[2026-09-17T19:52:00.767+0000] {logging_mixin.py:190} INFO - [2026-09-17T19:52:00.767+0000] {dag.py:3239} INFO - Sync 2 DAGs
[2026-09-17T19:52:00.799+0000] {logging_mixin.py:190} INFO - [2026-09-17T19:52:00.799+0000] {dag.py:4180} INFO - Setting next_dagrun for read_dataset_event to 2026-09-16 00:00:00+00:00, run_after=2026-09-17 00:00:00+00:00
[2026-09-17T19:52:00.806+0000] {logging_mixin.py:190} INFO - [2026-09-17T19:52:00.805+0000] {dag.py:4180} INFO - Setting next_dagrun for read_dataset_event_from_classic to 2026-09-16 00:00:00+00:00, run_after=2026-09-17 00:00:00+00:00
[2026-09-17T19:52:00.829+0000] {processor.py:208} INFO - Processing /home/airflow/.local/lib/python3.12/site-packages/airflow/example_dags/example_inlet_event_extra.py took 0.713 seconds
[2026-09-17T19:52:31.085+0000] {processor.py:186} INFO - Started process (PID=597) to work on /home/airflow/.local/lib/python3.12/site-packages/airflow/example_dags/example_inlet_event_extra.py
[2026-09-17T19:52:31.087+0000] {processor.py:914} INFO - Processing file /home/airflow/.local/lib/python3.12/site-packages/airflow/example_dags/example_inlet_event_extra.py for tasks to queue
[2026-09-17T19:52:31.089+0000] {logging_mixin.py:190} INFO - [2026-09-17T19:52:31.089+0000] {dagbag.py:588} INFO - Filling up the DagBag from /home/airflow/.local/lib/python3.12/site-packages/airflow/example_dags/example_inlet_event_extra.py
[2026-09-17T19:52:31.546+0000] {processor.py:925} INFO - DAG(s) 'read_dataset_event', 'read_dataset_event_from_classic' retrieved from /home/airflow/.local/lib/python3.12/site-packages/airflow/example_dags/example_inlet_event_extra.py
[2026-09-17T19:52:31.796+0000] {logging_mixin.py:190} INFO - [2026-09-17T19:52:31.796+0000] {dag.py:3239} INFO - Sync 2 DAGs
[2026-09-17T19:52:31.829+0000] {logging_mixin.py:190} INFO - [2026-09-17T19:52:31.829+0000] {dag.py:4180} INFO - Setting next_dagrun for read_dataset_event to 2026-09-16 00:00:00+00:00, run_after=2026-09-17 00:00:00+00:00
[2026-09-17T19:52:31.836+0000] {logging_mixin.py:190} INFO - [2026-09-17T19:52:31.836+0000] {dag.py:4180} INFO - Setting next_dagrun for read_dataset_event_from_classic to 2026-09-16 00:00:00+00:00, run_after=2026-09-17 00:00:00+00:00
[2026-09-17T19:52:31.864+0000] {processor.py:208} INFO - Processing /home/airflow/.local/lib/python3.12/site-packages/airflow/example_dags/example_inlet_event_extra.py took 0.785 seconds
[2026-09-17T19:53:02.281+0000] {processor.py:186} INFO - Started process (PID=662) to work on /home/airflow/.local/lib/python3.12/site-packages/airflow/example_dags/example_inlet_event_extra.py
[2026-09-17T19:53:02.283+0000] {processor.py:914} INFO - Processing file /home/airflow/.local/lib/python3.12/site-packages/airflow/example_dags/example_inlet_event_extra.py for tasks to queue
[2026-09-17T19:53:02.284+0000] {logging_mixin.py:190} INFO - [2026-09-17T19:53:02.284+0000] {dagbag.py:588} INFO - Filling up the DagBag from /home/airflow/.local/lib/python3.12/site-packages/airflow/example_dags/example_inlet_event_extra.py
[2026-09-17T19:53:02.735+0000] {processor.py:925} INFO - DAG(s) 'read_dataset_event', 'read_dataset_event_from_classic' retrieved from /home/airflow/.local/lib/python3.12/site-packages/airflow/example_dags/example_inlet_event_extra.py
[2026-09-17T19:53:02.767+0000] {logging_mixin.py:190} INFO - [2026-09-17T19:53:02.767+0000] {dag.py:3239} INFO - Sync 2 DAGs
[2026-09-17T19:53:02.979+0000] {logging_mixin.py:190} INFO - [2026-09-17T19:53:02.979+0000] {dag.py:4180} INFO - Setting next_dagrun for read_dataset_event to 2026-09-16 00:00:00+00:00, run_after=2026-09-17 00:00:00+00:00
[2026-09-17T19:53:02.988+0000] {logging_mixin.py:190} INFO - [2026-09-17T19:53:02.987+0000] {dag.py:4180} INFO - Setting next_dagrun for read_dataset_event_from_classic to 2026-09-16 00:00:00+00:00, run_after=2026-09-17 00:00:00+00:00
[2026-09-17T19:53:03.014+0000] {processor.py:208} INFO - Processing /home/airflow/.local/lib/python3.12/site-packages/airflow/example_dags/example_inlet_event_extra.py took 0.738 seconds
[2026-09-17T19:53:33.096+0000] {processor.py:186} INFO - Started process (PID=726) to work on /home/airflow/.local/lib/python3.12/site-packages/airflow/example_dags/example_inlet_event_extra.py
[2026-09-17T19:53:33.098+0000] {processor.py:914} INFO - Processing file /home/airflow/.local/lib/python3.12/site-packages/airflow/example_dags/example_inlet_event_extra.py for tasks to queue
[2026-09-17T19:53:33.101+0000] {logging_mixin.py:190} INFO - [2026-09-17T19:53:33.100+0000] {dagbag.py:588} INFO - Filling up the DagBag from /home/airflow/.local/lib/python3.12/site-packages/airflow/example_dags/example_inlet_event_extra.py
[2026-09-17T19:53:33.732+0000] {processor.py:925} INFO - DAG(s) 'read_dataset_event', 'read_dataset_event_from_classic' retrieved from /home/airflow/.local/lib/python3.12/site-packages/airflow/example_dags/example_inlet_event_extra.py
[2026-09-17T19:53:33.765+0000] {logging_mixin.py:190} INFO - [2026-09-17T19:53:33.764+0000] {dag.py:3239} INFO - Sync 2 DAGs
[2026-09-17T19:53:33.794+0000] {logging_mixin.py:190} INFO - [2026-09-17T19:53:33.794+0000] {dag.py:4180} INFO - Setting next_dagrun for read_dataset_event to 2026-09-16 00:00:00+00:00, run_after=2026-09-17 00:00:00+00:00
[2026-09-17T19:53:33.802+0000] {logging_mixin.py:190} INFO - [2026-09-17T19:53:33.802+0000] {dag.py:4180} INFO - Setting next_dagrun for read_dataset_event_from_classic to 2026-09-16 00:00:00+00:00, run_after=2026-09-17 00:00:00+00:00
[2026-09-17T19:53:33.827+0000] {processor.py:208} INFO - Processing /home/airflow/.local/lib/python3.12/site-packages/airflow/example_dags/example_inlet_event_extra.py took 0.736 seconds
[2026-09-17T19:54:04.642+0000] {processor.py:186} INFO - Started process (PID=791) to work on /home/airflow/.local/lib/python3.12/site-packages/airflow/example_dags/example_inlet_event_extra.py
[2026-09-17T19:54:04.644+0000] {processor.py:914} INFO - Processing file /home/airflow/.local/lib/python3.12/site-packages/airflow/example_dags/example_inlet_event_extra.py for tasks to queue
[2026-09-17T19:54:04.646+0000] {logging_mixin.py:190} INFO - [2026-09-17T19:54:04.646+0000] {dagbag.py:588} INFO - Filling up the DagBag from /home/airflow/.local/lib/python3.12/site-packages/airflow/example_dags/example_inlet_event_extra.py
[2026-09-17T19:54:05.250+0000] {processor.py:925} INFO - DAG(s) 'read_dataset_event', 'read_dataset_event_from_classic' retrieved from /home/airflow/.local/lib/python3.12/site-packages/airflow/example_dags/example_inlet_event_extra.py
[2026-09-17T19:54:05.276+0000] {logging_mixin.py:190} INFO - [2026-09-17T19:54:05.276+0000] {dag.py:3239} INFO - Sync 2 DAGs
[2026-09-17T19:54:05.305+0000] {logging_mixin.py:190} INFO - [2026-09-17T19:54:05.305+0000] {dag.py:4180} INFO - Setting next_dagrun for read_dataset_event to 2026-09-16 00:00:00+00:00, run_after=2026-09-17 00:00:00+00:00
[2026-09-17T19:54:05.312+0000] {logging_mixin.py:190} INFO - [2026-09-17T19:54:05.312+0000] {dag.py:4180} INFO - Setting next_dagrun for read_dataset_event_from_classic to 2026-09-16 00:00:00+00:00, run_after=2026-09-17 00:00:00+00:00
[2026-09-17T19:54:05.337+0000] {processor.py:208} INFO - Processing /home/airflow/.local/lib/python3.12/site-packages/airflow/example_dags/example_inlet_event_extra.py took 0.700 seconds
[2026-09-17T19:54:36.223+0000] {processor.py:186} INFO - Started process (PID=856) to work on /home/airflow/.local/lib/python3.12/site-packages/airflow/example_dags/example_inlet_event_extra.py
[2026-09-17T19:54:36.224+0000] {processor.py:914} INFO - Processing file /home/airflow/.local/lib/python3.12/site-packages/airflow/example_dags/example_inlet_event_extra.py for tasks to queue
[2026-09-17T19:54:36.226+0000] {logging_mixin.py:190} INFO - [2026-09-17T19:54:36.226+0000] {dagbag.py:588} INFO - Filling up the DagBag from /home/airflow/.local/lib/python3.12/site-packages/airflow/example_dags/example_inlet_event_extra.py
[2026-09-17T19:54:36.846+0000] {processor.py:925} INFO - DAG(s) 'read_dataset_event_from_classic', 'read_dataset_event' retrieved from /home/airflow/.local/lib/python3.12/site-packages/airflow/example_dags/example_inlet_event_extra.py
[2026-09-17T19:54:36.871+0000] {logging_mixin.py:190} INFO - [2026-09-17T19:54:36.871+0000] {dag.py:3239} INFO - Sync 2 DAGs
[2026-09-17T19:54:36.898+0000] {logging_mixin.py:190} INFO - [2026-09-17T19:54:36.898+0000] {dag.py:4180} INFO - Setting next_dagrun for read_dataset_event to 2026-09-16 00:00:00+00:00, run_after=2026-09-17 00:00:00+00:00
[2026-09-17T19:54:36.904+0000] {logging_mixin.py:190} INFO - [2026-09-17T19:54:36.904+0000] {dag.py:4180} INFO - Setting next_dagrun for read_dataset_event_from_classic to 2026-09-16 00:00:00+00:00, run_after=2026-09-17 00:00:00+00:00
[2026-09-17T19:54:36.924+0000] {processor.py:208} INFO - Processing /home/airflow/.local/lib/python3.12/site-packages/airflow/example_dags/example_inlet_event_extra.py took 0.709 seconds
[2026-09-17T19:55:07.092+0000] {processor.py:186} INFO - Started process (PID=921) to work on /home/airflow/.local/lib/python3.12/site-packages/airflow/example_dags/example_inlet_event_extra.py
[2026-09-17T19:55:07.094+0000] {processor.py:914} INFO - Processing file /home/airflow/.local/lib/python3.12/site-packages/airflow/example_dags/example_inlet_event_extra.py for tasks to queue
[2026-09-17T19:55:07.096+0000] {logging_mixin.py:190} INFO - [2026-09-17T19:55:07.095+0000] {dagbag.py:588} INFO - Filling up the DagBag from /home/airflow/.local/lib/python3.12/site-packages/airflow/example_dags/example_inlet_event_extra.py
[2026-09-17T19:55:07.761+0000] {processor.py:925} INFO - DAG(s) 'read_dataset_event', 'read_dataset_event_from_classic' retrieved from /home/airflow/.local/lib/python3.12/site-packages/airflow/example_dags/example_inlet_event_extra.py
[2026-09-17T19:55:07.787+0000] {logging_mixin.py:190} INFO - [2026-09-17T19:55:07.787+0000] {dag.py:3239} INFO - Sync 2 DAGs
[2026-09-17T19:55:07.814+0000] {logging_mixin.py:190} INFO - [2026-09-17T19:55:07.814+0000] {dag.py:4180} INFO - Setting next_dagrun for read_dataset_event to 2026-09-16 00:00:00+00:00, run_after=2026-09-17 00:00:00+00:00
[2026-09-17T19:55:07.822+0000] {logging_mixin.py:190} INFO - [2026-09-17T19:55:07.821+0000] {dag.py:4180} INFO - Setting next_dagrun for read_dataset_event_from_classic to 2026-09-16 00:00:00+00:00, run_after=2026-09-17 00:00:00+00:00
[2026-09-17T19:55:07.847+0000] {processor.py:208} INFO - Processing /home/airflow/.local/lib/python3.12/site-packages/airflow/example_dags/example_inlet_event_extra.py took 0.761 seconds
[2026-09-17T19:55:38.276+0000] {processor.py:186} INFO - Started process (PID=986) to work on /home/airflow/.local/lib/python3.12/site-packages/airflow/example_dags/example_inlet_event_extra.py
[2026-09-17T19:55:38.277+0000] {processor.py:914} INFO - Processing file /home/airflow/.local/lib/python3.12/site-packages/airflow/example_dags/example_inlet_event_extra.py for tasks to queue
[2026-09-17T19:55:38.280+0000] {logging_mixin.py:190} INFO - [2026-09-17T19:55:38.279+0000] {dagbag.py:588} INFO - Filling up the DagBag from /home/airflow/.local/lib/python3.12/site-packages/airflow/example_dags/example_inlet_event_extra.py
[2026-09-17T19:55:38.899+0000] {processor.py:925} INFO - DAG(s) 'read_dataset_event', 'read_dataset_event_from_classic' retrieved from /home/airflow/.local/lib/python3.12/site-packages/airflow/example_dags/example_inlet_event_extra.py
[2026-09-17T19:55:38.926+0000] {logging_mixin.py:190} INFO - [2026-09-17T19:55:38.926+0000] {dag.py:3239} INFO - Sync 2 DAGs
[2026-09-17T19:55:38.953+0000] {logging_mixin.py:190} INFO - [2026-09-17T19:55:38.953+0000] {dag.py:4180} INFO - Setting next_dagrun for read_dataset_event to 2026-09-16 00:00:00+00:00, run_after=2026-09-17 00:00:00+00:00
[2026-09-17T19:55:38.962+0000] {logging_mixin.py:190} INFO - [2026-09-17T19:55:38.961+0000] {dag.py:4180} INFO - Setting next_dagrun for read_dataset_event_from_classic to 2026-09-16 00:00:00+00:00, run_after=2026-09-17 00:00:00+00:00
[2026-09-17T19:55:38.984+0000] {processor.py:208} INFO - Processing /home/airflow/.local/lib/python3.12/site-packages/airflow/example_dags/example_inlet_event_extra.py took 0.714 seconds
[2026-09-17T19:56:09.110+0000] {processor.py:186} INFO - Started process (PID=1051) to work on /home/airflow/.local/lib/python3.12/site-packages/airflow/example_dags/example_inlet_event_extra.py
[2026-09-17T19:56:09.112+0000] {processor.py:914} INFO - Processing file /home/airflow/.local/lib/python3.12/site-packages/airflow/example_dags/example_inlet_event_extra.py for tasks to queue
[2026-09-17T19:56:09.116+0000] {logging_mixin.py:190} INFO - [2026-09-17T19:56:09.115+0000] {dagbag.py:588} INFO - Filling up the DagBag from /home/airflow/.local/lib/python3.12/site-packages/airflow/example_dags/example_inlet_event_extra.py
[2026-09-17T19:56:09.939+0000] {processor.py:925} INFO - DAG(s) 'read_dataset_event_from_classic', 'read_dataset_event' retrieved from /home/airflow/.local/lib/python3.12/site-packages/airflow/example_dags/example_inlet_event_extra.py
[2026-09-17T19:56:09.968+0000] {logging_mixin.py:190} INFO - [2026-09-17T19:56:09.967+0000] {dag.py:3239} INFO - Sync 2 DAGs
[2026-09-17T19:56:09.998+0000] {logging_mixin.py:190} INFO - [2026-09-17T19:56:09.997+0000] {dag.py:4180} INFO - Setting next_dagrun for read_dataset_event to 2026-09-16 00:00:00+00:00, run_after=2026-09-17 00:00:00+00:00
[2026-09-17T19:56:10.005+0000] {logging_mixin.py:190} INFO - [2026-09-17T19:56:10.004+0000] {dag.py:4180} INFO - Setting next_dagrun for read_dataset_event_from_classic to 2026-09-16 00:00:00+00:00, run_after=2026-09-17 00:00:00+00:00
[2026-09-17T19:56:10.028+0000] {processor.py:208} INFO - Processing /home/airflow/.local/lib/python3.12/site-packages/airflow/example_dags/example_inlet_event_extra.py took 0.926 seconds
[2026-09-17T19:56:40.254+0000] {processor.py:186} INFO - Started process (PID=1115) to work on /home/airflow/.local/lib/python3.12/site-packages/airflow/example_dags/example_inlet_event_extra.py
[2026-09-17T19:56:40.256+0000] {processor.py:914} INFO - Processing file /home/airflow/.local/lib/python3.12/site-packages/airflow/example_dags/example_inlet_event_extra.py for tasks to queue
[2026-09-17T19:56:40.259+0000] {logging_mixin.py:190} INFO - [2026-09-17T19:56:40.258+0000] {dagbag.py:588} INFO - Filling up the DagBag from /home/airflow/.local/lib/python3.12/site-packages/airflow/example_dags/example_inlet_event_extra.py
[2026-09-17T19:56:41.102+0000] {processor.py:925} INFO - DAG(s) 'read_dataset_event', 'read_dataset_event_from_classic' retrieved from /home/airflow/.local/lib/python3.12/site-packages/airflow/example_dags/example_inlet_event_extra.py
[2026-09-17T19:56:41.136+0000] {logging_mixin.py:190} INFO - [2026-09-17T19:56:41.136+0000] {dag.py:3239} INFO - Sync 2 DAGs
[2026-09-17T19:56:41.166+0000] {logging_mixin.py:190} INFO - [2026-09-17T19:56:41.166+0000] {dag.py:4180} INFO - Setting next_dagrun for read_dataset_event to 2026-09-16 00:00:00+00:00, run_after=2026-09-17 00:00:00+00:00
[2026-09-17T19:56:41.173+0000] {logging_mixin.py:190} INFO - [2026-09-17T19:56:41.173+0000] {dag.py:4180} INFO - Setting next_dagrun for read_dataset_event_from_classic to 2026-09-16 00:00:00+00:00, run_after=2026-09-17 00:00:00+00:00
[2026-09-17T19:56:41.201+0000] {processor.py:208} INFO - Processing /home/airflow/.local/lib/python3.12/site-packages/airflow/example_dags/example_inlet_event_extra.py took 0.955 seconds
[2026-09-17T19:57:11.378+0000] {processor.py:186} INFO - Started process (PID=1173) to work on /home/airflow/.local/lib/python3.12/site-packages/airflow/example_dags/example_inlet_event_extra.py
[2026-09-17T19:57:11.380+0000] {processor.py:914} INFO - Processing file /home/airflow/.local/lib/python3.12/site-packages/airflow/example_dags/example_inlet_event_extra.py for tasks to queue
[2026-09-17T19:57:11.382+0000] {logging_mixin.py:190} INFO - [2026-09-17T19:57:11.382+0000] {dagbag.py:588} INFO - Filling up the DagBag from /home/airflow/.local/lib/python3.12/site-packages/airflow/example_dags/example_inlet_event_extra.py
[2026-09-17T19:57:12.116+0000] {processor.py:925} INFO - DAG(s) 'read_dataset_event_from_classic', 'read_dataset_event' retrieved from /home/airflow/.local/lib/python3.12/site-packages/airflow/example_dags/example_inlet_event_extra.py
[2026-09-17T19:57:12.147+0000] {logging_mixin.py:190} INFO - [2026-09-17T19:57:12.147+0000] {dag.py:3239} INFO - Sync 2 DAGs
[2026-09-17T19:57:12.175+0000] {logging_mixin.py:190} INFO - [2026-09-17T19:57:12.174+0000] {dag.py:4180} INFO - Setting next_dagrun for read_dataset_event to 2026-09-16 00:00:00+00:00, run_after=2026-09-17 00:00:00+00:00
[2026-09-17T19:57:12.181+0000] {logging_mixin.py:190} INFO - [2026-09-17T19:57:12.181+0000] {dag.py:4180} INFO - Setting next_dagrun for read_dataset_event_from_classic to 2026-09-16 00:00:00+00:00, run_after=2026-09-17 00:00:00+00:00
[2026-09-17T19:57:12.204+0000] {processor.py:208} INFO - Processing /home/airflow/.local/lib/python3.12/site-packages/airflow/example_dags/example_inlet_event_extra.py took 0.831 seconds
[2026-09-17T19:57:43.105+0000] {processor.py:186} INFO - Started process (PID=1238) to work on /home/airflow/.local/lib/python3.12/site-packages/airflow/example_dags/example_inlet_event_extra.py
[2026-09-17T19:57:43.107+0000] {processor.py:914} INFO - Processing file /home/airflow/.local/lib/python3.12/site-packages/airflow/example_dags/example_inlet_event_extra.py for tasks to queue
[2026-09-17T19:57:43.109+0000] {logging_mixin.py:190} INFO - [2026-09-17T19:57:43.109+0000] {dagbag.py:588} INFO - Filling up the DagBag from /home/airflow/.local/lib/python3.12/site-packages/airflow/example_dags/example_inlet_event_extra.py
[2026-09-17T19:57:43.798+0000] {processor.py:925} INFO - DAG(s) 'read_dataset_event_from_classic', 'read_dataset_event' retrieved from /home/airflow/.local/lib/python3.12/site-packages/airflow/example_dags/example_inlet_event_extra.py
[2026-09-17T19:57:43.828+0000] {logging_mixin.py:190} INFO - [2026-09-17T19:57:43.828+0000] {dag.py:3239} INFO - Sync 2 DAGs
[2026-09-17T19:57:43.861+0000] {logging_mixin.py:190} INFO - [2026-09-17T19:57:43.860+0000] {dag.py:4180} INFO - Setting next_dagrun for read_dataset_event to 2026-09-16 00:00:00+00:00, run_after=2026-09-17 00:00:00+00:00
[2026-09-17T19:57:43.871+0000] {logging_mixin.py:190} INFO - [2026-09-17T19:57:43.871+0000] {dag.py:4180} INFO - Setting next_dagrun for read_dataset_event_from_classic to 2026-09-16 00:00:00+00:00, run_after=2026-09-17 00:00:00+00:00
[2026-09-17T19:57:43.900+0000] {processor.py:208} INFO - Processing /home/airflow/.local/lib/python3.12/site-packages/airflow/example_dags/example_inlet_event_extra.py took 0.801 seconds
[2026-09-17T19:58:14.795+0000] {processor.py:186} INFO - Started process (PID=1303) to work on /home/airflow/.local/lib/python3.12/site-packages/airflow/example_dags/example_inlet_event_extra.py
[2026-09-17T19:58:14.798+0000] {processor.py:914} INFO - Processing file /home/airflow/.local/lib/python3.12/site-packages/airflow/example_dags/example_inlet_event_extra.py for tasks to queue
[2026-09-17T19:58:14.800+0000] {logging_mixin.py:190} INFO - [2026-09-17T19:58:14.800+0000] {dagbag.py:588} INFO - Filling up the DagBag from /home/airflow/.local/lib/python3.12/site-packages/airflow/example_dags/example_inlet_event_extra.py
[2026-09-17T19:58:15.439+0000] {processor.py:925} INFO - DAG(s) 'read_dataset_event_from_classic', 'read_dataset_event' retrieved from /home/airflow/.local/lib/python3.12/site-packages/airflow/example_dags/example_inlet_event_extra.py
[2026-09-17T19:58:15.465+0000] {logging_mixin.py:190} INFO - [2026-09-17T19:58:15.465+0000] {dag.py:3239} INFO - Sync 2 DAGs
[2026-09-17T19:58:15.491+0000] {logging_mixin.py:190} INFO - [2026-09-17T19:58:15.490+0000] {dag.py:4180} INFO - Setting next_dagrun for read_dataset_event to 2026-09-16 00:00:00+00:00, run_after=2026-09-17 00:00:00+00:00
[2026-09-17T19:58:15.497+0000] {logging_mixin.py:190} INFO - [2026-09-17T19:58:15.497+0000] {dag.py:4180} INFO - Setting next_dagrun for read_dataset_event_from_classic to 2026-09-16 00:00:00+00:00, run_after=2026-09-17 00:00:00+00:00
[2026-09-17T19:58:15.520+0000] {processor.py:208} INFO - Processing /home/airflow/.local/lib/python3.12/site-packages/airflow/example_dags/example_inlet_event_extra.py took 0.731 seconds
[2026-09-17T19:58:45.997+0000] {processor.py:186} INFO - Started process (PID=1368) to work on /home/airflow/.local/lib/python3.12/site-packages/airflow/example_dags/example_inlet_event_extra.py
[2026-09-17T19:58:45.999+0000] {processor.py:914} INFO - Processing file /home/airflow/.local/lib/python3.12/site-packages/airflow/example_dags/example_inlet_event_extra.py for tasks to queue
[2026-09-17T19:58:46.001+0000] {logging_mixin.py:190} INFO - [2026-09-17T19:58:46.000+0000] {dagbag.py:588} INFO - Filling up the DagBag from /home/airflow/.local/lib/python3.12/site-packages/airflow/example_dags/example_inlet_event_extra.py
[2026-09-17T19:58:46.610+0000] {processor.py:925} INFO - DAG(s) 'read_dataset_event_from_classic', 'read_dataset_event' retrieved from /home/airflow/.local/lib/python3.12/site-packages/airflow/example_dags/example_inlet_event_extra.py
[2026-09-17T19:58:46.636+0000] {logging_mixin.py:190} INFO - [2026-09-17T19:58:46.636+0000] {dag.py:3239} INFO - Sync 2 DAGs
[2026-09-17T19:58:46.661+0000] {logging_mixin.py:190} INFO - [2026-09-17T19:58:46.661+0000] {dag.py:4180} INFO - Setting next_dagrun for read_dataset_event to 2026-09-16 00:00:00+00:00, run_after=2026-09-17 00:00:00+00:00
[2026-09-17T19:58:46.667+0000] {logging_mixin.py:190} INFO - [2026-09-17T19:58:46.667+0000] {dag.py:4180} INFO - Setting next_dagrun for read_dataset_event_from_classic to 2026-09-16 00:00:00+00:00, run_after=2026-09-17 00:00:00+00:00
[2026-09-17T19:58:46.691+0000] {processor.py:208} INFO - Processing /home/airflow/.local/lib/python3.12/site-packages/airflow/example_dags/example_inlet_event_extra.py took 0.700 seconds
[2026-09-17T19:59:17.401+0000] {processor.py:186} INFO - Started process (PID=1433) to work on /home/airflow/.local/lib/python3.12/site-packages/airflow/example_dags/example_inlet_event_extra.py
[2026-09-17T19:59:17.404+0000] {processor.py:914} INFO - Processing file /home/airflow/.local/lib/python3.12/site-packages/airflow/example_dags/example_inlet_event_extra.py for tasks to queue
[2026-09-17T19:59:17.406+0000] {logging_mixin.py:190} INFO - [2026-09-17T19:59:17.405+0000] {dagbag.py:588} INFO - Filling up the DagBag from /home/airflow/.local/lib/python3.12/site-packages/airflow/example_dags/example_inlet_event_extra.py
[2026-09-17T19:59:18.006+0000] {processor.py:925} INFO - DAG(s) 'read_dataset_event', 'read_dataset_event_from_classic' retrieved from /home/airflow/.local/lib/python3.12/site-packages/airflow/example_dags/example_inlet_event_extra.py
[2026-09-17T19:59:18.033+0000] {logging_mixin.py:190} INFO - [2026-09-17T19:59:18.033+0000] {dag.py:3239} INFO - Sync 2 DAGs
[2026-09-17T19:59:18.059+0000] {logging_mixin.py:190} INFO - [2026-09-17T19:59:18.059+0000] {dag.py:4180} INFO - Setting next_dagrun for read_dataset_event to 2026-09-16 00:00:00+00:00, run_after=2026-09-17 00:00:00+00:00
[2026-09-17T19:59:18.066+0000] {logging_mixin.py:190} INFO - [2026-09-17T19:59:18.065+0000] {dag.py:4180} INFO - Setting next_dagrun for read_dataset_event_from_classic to 2026-09-16 00:00:00+00:00, run_after=2026-09-17 00:00:00+00:00
[2026-09-17T19:59:18.084+0000] {processor.py:208} INFO - Processing /home/airflow/.local/lib/python3.12/site-packages/airflow/example_dags/example_inlet_event_extra.py took 0.689 seconds
[2026-09-17T19:59:48.546+0000] {processor.py:186} INFO - Started process (PID=1498) to work on /home/airflow/.local/lib/python3.12/site-packages/airflow/example_dags/example_inlet_event_extra.py
[2026-09-17T19:59:48.548+0000] {processor.py:914} INFO - Processing file /home/airflow/.local/lib/python3.12/site-packages/airflow/example_dags/example_inlet_event_extra.py for tasks to queue
[2026-09-17T19:59:48.550+0000] {logging_mixin.py:190} INFO - [2026-09-17T19:59:48.550+0000] {dagbag.py:588} INFO - Filling up the DagBag from /home/airflow/.local/lib/python3.12/site-packages/airflow/example_dags/example_inlet_event_extra.py
[2026-09-17T19:59:49.156+0000] {processor.py:925} INFO - DAG(s) 'read_dataset_event_from_classic', 'read_dataset_event' retrieved from /home/airflow/.local/lib/python3.12/site-packages/airflow/example_dags/example_inlet_event_extra.py
[2026-09-17T19:59:49.181+0000] {logging_mixin.py:190} INFO - [2026-09-17T19:59:49.180+0000] {dag.py:3239} INFO - Sync 2 DAGs
[2026-09-17T19:59:49.207+0000] {logging_mixin.py:190} INFO - [2026-09-17T19:59:49.207+0000] {dag.py:4180} INFO - Setting next_dagrun for read_dataset_event to 2026-09-16 00:00:00+00:00, run_after=2026-09-17 00:00:00+00:00
[2026-09-17T19:59:49.213+0000] {logging_mixin.py:190} INFO - [2026-09-17T19:59:49.213+0000] {dag.py:4180} INFO - Setting next_dagrun for read_dataset_event_from_classic to 2026-09-16 00:00:00+00:00, run_after=2026-09-17 00:00:00+00:00
[2026-09-17T19:59:49.238+0000] {processor.py:208} INFO - Processing /home/airflow/.local/lib/python3.12/site-packages/airflow/example_dags/example_inlet_event_extra.py took 0.697 seconds
[2026-09-17T20:00:19.345+0000] {processor.py:186} INFO - Started process (PID=1562) to work on /home/airflow/.local/lib/python3.12/site-packages/airflow/example_dags/example_inlet_event_extra.py
[2026-09-17T20:00:19.347+0000] {processor.py:914} INFO - Processing file /home/airflow/.local/lib/python3.12/site-packages/airflow/example_dags/example_inlet_event_extra.py for tasks to queue
[2026-09-17T20:00:19.349+0000] {logging_mixin.py:190} INFO - [2026-09-17T20:00:19.348+0000] {dagbag.py:588} INFO - Filling up the DagBag from /home/airflow/.local/lib/python3.12/site-packages/airflow/example_dags/example_inlet_event_extra.py
[2026-09-17T20:00:19.975+0000] {processor.py:925} INFO - DAG(s) 'read_dataset_event', 'read_dataset_event_from_classic' retrieved from /home/airflow/.local/lib/python3.12/site-packages/airflow/example_dags/example_inlet_event_extra.py
[2026-09-17T20:00:20.003+0000] {logging_mixin.py:190} INFO - [2026-09-17T20:00:20.003+0000] {dag.py:3239} INFO - Sync 2 DAGs
[2026-09-17T20:00:20.030+0000] {logging_mixin.py:190} INFO - [2026-09-17T20:00:20.029+0000] {dag.py:4180} INFO - Setting next_dagrun for read_dataset_event to 2026-09-16 00:00:00+00:00, run_after=2026-09-17 00:00:00+00:00
[2026-09-17T20:00:20.036+0000] {logging_mixin.py:190} INFO - [2026-09-17T20:00:20.035+0000] {dag.py:4180} INFO - Setting next_dagrun for read_dataset_event_from_classic to 2026-09-16 00:00:00+00:00, run_after=2026-09-17 00:00:00+00:00
[2026-09-17T20:00:20.054+0000] {processor.py:208} INFO - Processing /home/airflow/.local/lib/python3.12/site-packages/airflow/example_dags/example_inlet_event_extra.py took 0.716 seconds
[2026-09-17T20:00:50.659+0000] {processor.py:186} INFO - Started process (PID=1627) to work on /home/airflow/.local/lib/python3.12/site-packages/airflow/example_dags/example_inlet_event_extra.py
[2026-09-17T20:00:50.661+0000] {processor.py:914} INFO - Processing file /home/airflow/.local/lib/python3.12/site-packages/airflow/example_dags/example_inlet_event_extra.py for tasks to queue
[2026-09-17T20:00:50.664+0000] {logging_mixin.py:190} INFO - [2026-09-17T20:00:50.663+0000] {dagbag.py:588} INFO - Filling up the DagBag from /home/airflow/.local/lib/python3.12/site-packages/airflow/example_dags/example_inlet_event_extra.py
[2026-09-17T20:00:51.288+0000] {processor.py:925} INFO - DAG(s) 'read_dataset_event_from_classic', 'read_dataset_event' retrieved from /home/airflow/.local/lib/python3.12/site-packages/airflow/example_dags/example_inlet_event_extra.py
[2026-09-17T20:00:51.328+0000] {logging_mixin.py:190} INFO - [2026-09-17T20:00:51.327+0000] {dag.py:3239} INFO - Sync 2 DAGs
[2026-09-17T20:00:51.370+0000] {logging_mixin.py:190} INFO - [2026-09-17T20:00:51.369+0000] {dag.py:4180} INFO - Setting next_dagrun for read_dataset_event to 2026-09-16 00:00:00+00:00, run_after=2026-09-17 00:00:00+00:00
[2026-09-17T20:00:51.379+0000] {logging_mixin.py:190} INFO - [2026-09-17T20:00:51.378+0000] {dag.py:4180} INFO - Setting next_dagrun for read_dataset_event_from_classic to 2026-09-16 00:00:00+00:00, run_after=2026-09-17 00:00:00+00:00
[2026-09-17T20:00:51.409+0000] {processor.py:208} INFO - Processing /home/airflow/.local/lib/python3.12/site-packages/airflow/example_dags/example_inlet_event_extra.py took 0.755 seconds
[2026-09-17T20:01:22.012+0000] {processor.py:186} INFO - Started process (PID=1693) to work on /home/airflow/.local/lib/python3.12/site-packages/airflow/example_dags/example_inlet_event_extra.py
[2026-09-17T20:01:22.014+0000] {processor.py:914} INFO - Processing file /home/airflow/.local/lib/python3.12/site-packages/airflow/example_dags/example_inlet_event_extra.py for tasks to queue
[2026-09-17T20:01:22.017+0000] {logging_mixin.py:190} INFO - [2026-09-17T20:01:22.016+0000] {dagbag.py:588} INFO - Filling up the DagBag from /home/airflow/.local/lib/python3.12/site-packages/airflow/example_dags/example_inlet_event_extra.py
[2026-09-17T20:01:22.670+0000] {processor.py:925} INFO - DAG(s) 'read_dataset_event_from_classic', 'read_dataset_event' retrieved from /home/airflow/.local/lib/python3.12/site-packages/airflow/example_dags/example_inlet_event_extra.py
[2026-09-17T20:01:22.698+0000] {logging_mixin.py:190} INFO - [2026-09-17T20:01:22.698+0000] {dag.py:3239} INFO - Sync 2 DAGs
[2026-09-17T20:01:22.724+0000] {logging_mixin.py:190} INFO - [2026-09-17T20:01:22.723+0000] {dag.py:4180} INFO - Setting next_dagrun for read_dataset_event to 2026-09-16 00:00:00+00:00, run_after=2026-09-17 00:00:00+00:00
[2026-09-17T20:01:22.730+0000] {logging_mixin.py:190} INFO - [2026-09-17T20:01:22.729+0000] {dag.py:4180} INFO - Setting next_dagrun for read_dataset_event_from_classic to 2026-09-16 00:00:00+00:00, run_after=2026-09-17 00:00:00+00:00
[2026-09-17T20:01:22.750+0000] {processor.py:208} INFO - Processing /home/airflow/.local/lib/python3.12/site-packages/airflow/example_dags/example_inlet_event_extra.py took 0.745 seconds
[2026-09-17T20:01:53.308+0000] {processor.py:186} INFO - Started process (PID=1759) to work on /home/airflow/.local/lib/python3.12/site-packages/airflow/example_dags/example_inlet_event_extra.py
[2026-09-17T20:01:53.310+0000] {processor.py:914} INFO - Processing file /home/airflow/.local/lib/python3.12/site-packages/airflow/example_dags/example_inlet_event_extra.py for tasks to queue
[2026-09-17T20:01:53.312+0000] {logging_mixin.py:190} INFO - [2026-09-17T20:01:53.311+0000] {dagbag.py:588} INFO - Filling up the DagBag from /home/airflow/.local/lib/python3.12/site-packages/airflow/example_dags/example_inlet_event_extra.py
[2026-09-17T20:01:53.946+0000] {processor.py:925} INFO - DAG(s) 'read_dataset_event', 'read_dataset_event_from_classic' retrieved from /home/airflow/.local/lib/python3.12/site-packages/airflow/example_dags/example_inlet_event_extra.py
[2026-09-17T20:01:53.972+0000] {logging_mixin.py:190} INFO - [2026-09-17T20:01:53.972+0000] {dag.py:3239} INFO - Sync 2 DAGs
[2026-09-17T20:01:53.998+0000] {logging_mixin.py:190} INFO - [2026-09-17T20:01:53.998+0000] {dag.py:4180} INFO - Setting next_dagrun for read_dataset_event to 2026-09-16 00:00:00+00:00, run_after=2026-09-17 00:00:00+00:00
[2026-09-17T20:01:54.006+0000] {logging_mixin.py:190} INFO - [2026-09-17T20:01:54.006+0000] {dag.py:4180} INFO - Setting next_dagrun for read_dataset_event_from_classic to 2026-09-16 00:00:00+00:00, run_after=2026-09-17 00:00:00+00:00
[2026-09-17T20:01:54.034+0000] {processor.py:208} INFO - Processing /home/airflow/.local/lib/python3.12/site-packages/airflow/example_dags/example_inlet_event_extra.py took 0.732 seconds
[2026-09-17T20:02:24.709+0000] {processor.py:186} INFO - Started process (PID=1825) to work on /home/airflow/.local/lib/python3.12/site-packages/airflow/example_dags/example_inlet_event_extra.py
[2026-09-17T20:02:24.711+0000] {processor.py:914} INFO - Processing file /home/airflow/.local/lib/python3.12/site-packages/airflow/example_dags/example_inlet_event_extra.py for tasks to queue
[2026-09-17T20:02:24.714+0000] {logging_mixin.py:190} INFO - [2026-09-17T20:02:24.713+0000] {dagbag.py:588} INFO - Filling up the DagBag from /home/airflow/.local/lib/python3.12/site-packages/airflow/example_dags/example_inlet_event_extra.py
[2026-09-17T20:02:25.320+0000] {processor.py:925} INFO - DAG(s) 'read_dataset_event_from_classic', 'read_dataset_event' retrieved from /home/airflow/.local/lib/python3.12/site-packages/airflow/example_dags/example_inlet_event_extra.py
[2026-09-17T20:02:25.346+0000] {logging_mixin.py:190} INFO - [2026-09-17T20:02:25.345+0000] {dag.py:3239} INFO - Sync 2 DAGs
[2026-09-17T20:02:25.370+0000] {logging_mixin.py:190} INFO - [2026-09-17T20:02:25.370+0000] {dag.py:4180} INFO - Setting next_dagrun for read_dataset_event to 2026-09-16 00:00:00+00:00, run_after=2026-09-17 00:00:00+00:00
[2026-09-17T20:02:25.375+0000] {logging_mixin.py:190} INFO - [2026-09-17T20:02:25.375+0000] {dag.py:4180} INFO - Setting next_dagrun for read_dataset_event_from_classic to 2026-09-16 00:00:00+00:00, run_after=2026-09-17 00:00:00+00:00
[2026-09-17T20:02:25.394+0000] {processor.py:208} INFO - Processing /home/airflow/.local/lib/python3.12/site-packages/airflow/example_dags/example_inlet_event_extra.py took 0.691 seconds
[2026-09-17T20:09:45.242+0000] {processor.py:186} INFO - Started process (PID=85) to work on /home/airflow/.local/lib/python3.12/site-packages/airflow/example_dags/example_inlet_event_extra.py
[2026-09-17T20:09:45.245+0000] {processor.py:914} INFO - Processing file /home/airflow/.local/lib/python3.12/site-packages/airflow/example_dags/example_inlet_event_extra.py for tasks to queue
[2026-09-17T20:09:45.248+0000] {logging_mixin.py:190} INFO - [2026-09-17T20:09:45.247+0000] {dagbag.py:588} INFO - Filling up the DagBag from /home/airflow/.local/lib/python3.12/site-packages/airflow/example_dags/example_inlet_event_extra.py
[2026-09-17T20:09:45.804+0000] {processor.py:925} INFO - DAG(s) 'read_dataset_event_from_classic', 'read_dataset_event' retrieved from /home/airflow/.local/lib/python3.12/site-packages/airflow/example_dags/example_inlet_event_extra.py
[2026-09-17T20:09:45.943+0000] {logging_mixin.py:190} INFO - [2026-09-17T20:09:45.942+0000] {override.py:1911} INFO - Created Permission View: can edit on DAG:read_dataset_event_from_classic
[2026-09-17T20:09:46.245+0000] {logging_mixin.py:190} INFO - [2026-09-17T20:09:46.245+0000] {override.py:1911} INFO - Created Permission View: can read on DAG:read_dataset_event_from_classic
[2026-09-17T20:09:46.264+0000] {logging_mixin.py:190} INFO - [2026-09-17T20:09:46.263+0000] {override.py:1911} INFO - Created Permission View: can delete on DAG:read_dataset_event_from_classic
[2026-09-17T20:09:46.285+0000] {logging_mixin.py:190} INFO - [2026-09-17T20:09:46.284+0000] {override.py:1911} INFO - Created Permission View: can create on DAG Run:read_dataset_event_from_classic
[2026-09-17T20:09:46.302+0000] {logging_mixin.py:190} INFO - [2026-09-17T20:09:46.301+0000] {override.py:1911} INFO - Created Permission View: menu access on DAG Run:read_dataset_event_from_classic
[2026-09-17T20:09:46.333+0000] {logging_mixin.py:190} INFO - [2026-09-17T20:09:46.332+0000] {override.py:1911} INFO - Created Permission View: can read on DAG Run:read_dataset_event_from_classic
[2026-09-17T20:09:46.364+0000] {logging_mixin.py:190} INFO - [2026-09-17T20:09:46.363+0000] {override.py:1911} INFO - Created Permission View: can delete on DAG Run:read_dataset_event_from_classic
[2026-09-17T20:09:46.398+0000] {logging_mixin.py:190} INFO - [2026-09-17T20:09:46.398+0000] {override.py:1911} INFO - Created Permission View: can edit on DAG:read_dataset_event
[2026-09-17T20:09:46.419+0000] {logging_mixin.py:190} INFO - [2026-09-17T20:09:46.419+0000] {override.py:1911} INFO - Created Permission View: can read on DAG:read_dataset_event
[2026-09-17T20:09:46.434+0000] {logging_mixin.py:190} INFO - [2026-09-17T20:09:46.434+0000] {override.py:1911} INFO - Created Permission View: can delete on DAG:read_dataset_event
[2026-09-17T20:09:46.448+0000] {logging_mixin.py:190} INFO - [2026-09-17T20:09:46.447+0000] {override.py:1911} INFO - Created Permission View: can create on DAG Run:read_dataset_event
[2026-09-17T20:09:46.459+0000] {logging_mixin.py:190} INFO - [2026-09-17T20:09:46.458+0000] {override.py:1911} INFO - Created Permission View: menu access on DAG Run:read_dataset_event
[2026-09-17T20:09:46.472+0000] {logging_mixin.py:190} INFO - [2026-09-17T20:09:46.472+0000] {override.py:1911} INFO - Created Permission View: can read on DAG Run:read_dataset_event
[2026-09-17T20:09:46.483+0000] {logging_mixin.py:190} INFO - [2026-09-17T20:09:46.483+0000] {override.py:1911} INFO - Created Permission View: can delete on DAG Run:read_dataset_event
[2026-09-17T20:09:46.485+0000] {logging_mixin.py:190} INFO - [2026-09-17T20:09:46.484+0000] {dag.py:3239} INFO - Sync 2 DAGs
[2026-09-17T20:09:46.501+0000] {logging_mixin.py:190} INFO - [2026-09-17T20:09:46.500+0000] {dag.py:3262} INFO - Creating ORM DAG for read_dataset_event
[2026-09-17T20:09:46.503+0000] {logging_mixin.py:190} INFO - [2026-09-17T20:09:46.503+0000] {dag.py:3262} INFO - Creating ORM DAG for read_dataset_event_from_classic
[2026-09-17T20:09:46.515+0000] {logging_mixin.py:190} INFO - [2026-09-17T20:09:46.515+0000] {dag.py:4180} INFO - Setting next_dagrun for read_dataset_event to 2026-09-16 00:00:00+00:00, run_after=2026-09-17 00:00:00+00:00
[2026-09-17T20:09:46.518+0000] {logging_mixin.py:190} INFO - [2026-09-17T20:09:46.517+0000] {dag.py:4180} INFO - Setting next_dagrun for read_dataset_event_from_classic to 2026-09-16 00:00:00+00:00, run_after=2026-09-17 00:00:00+00:00
[2026-09-17T20:09:46.544+0000] {processor.py:208} INFO - Processing /home/airflow/.local/lib/python3.12/site-packages/airflow/example_dags/example_inlet_event_extra.py took 1.312 seconds
[2026-09-17T20:10:17.099+0000] {processor.py:186} INFO - Started process (PID=150) to work on /home/airflow/.local/lib/python3.12/site-packages/airflow/example_dags/example_inlet_event_extra.py
[2026-09-17T20:10:17.100+0000] {processor.py:914} INFO - Processing file /home/airflow/.local/lib/python3.12/site-packages/airflow/example_dags/example_inlet_event_extra.py for tasks to queue
[2026-09-17T20:10:17.103+0000] {logging_mixin.py:190} INFO - [2026-09-17T20:10:17.102+0000] {dagbag.py:588} INFO - Filling up the DagBag from /home/airflow/.local/lib/python3.12/site-packages/airflow/example_dags/example_inlet_event_extra.py
[2026-09-17T20:10:17.598+0000] {processor.py:925} INFO - DAG(s) 'read_dataset_event_from_classic', 'read_dataset_event' retrieved from /home/airflow/.local/lib/python3.12/site-packages/airflow/example_dags/example_inlet_event_extra.py
[2026-09-17T20:10:17.629+0000] {logging_mixin.py:190} INFO - [2026-09-17T20:10:17.628+0000] {dag.py:3239} INFO - Sync 2 DAGs
[2026-09-17T20:10:17.943+0000] {logging_mixin.py:190} INFO - [2026-09-17T20:10:17.943+0000] {dag.py:4180} INFO - Setting next_dagrun for read_dataset_event to 2026-09-16 00:00:00+00:00, run_after=2026-09-17 00:00:00+00:00
[2026-09-17T20:10:17.950+0000] {logging_mixin.py:190} INFO - [2026-09-17T20:10:17.949+0000] {dag.py:4180} INFO - Setting next_dagrun for read_dataset_event_from_classic to 2026-09-16 00:00:00+00:00, run_after=2026-09-17 00:00:00+00:00
[2026-09-17T20:10:17.972+0000] {processor.py:208} INFO - Processing /home/airflow/.local/lib/python3.12/site-packages/airflow/example_dags/example_inlet_event_extra.py took 0.880 seconds
[2026-09-17T20:10:48.556+0000] {processor.py:186} INFO - Started process (PID=215) to work on /home/airflow/.local/lib/python3.12/site-packages/airflow/example_dags/example_inlet_event_extra.py
[2026-09-17T20:10:48.560+0000] {processor.py:914} INFO - Processing file /home/airflow/.local/lib/python3.12/site-packages/airflow/example_dags/example_inlet_event_extra.py for tasks to queue
[2026-09-17T20:10:48.563+0000] {logging_mixin.py:190} INFO - [2026-09-17T20:10:48.562+0000] {dagbag.py:588} INFO - Filling up the DagBag from /home/airflow/.local/lib/python3.12/site-packages/airflow/example_dags/example_inlet_event_extra.py
[2026-09-17T20:10:49.071+0000] {processor.py:925} INFO - DAG(s) 'read_dataset_event_from_classic', 'read_dataset_event' retrieved from /home/airflow/.local/lib/python3.12/site-packages/airflow/example_dags/example_inlet_event_extra.py
[2026-09-17T20:10:49.110+0000] {logging_mixin.py:190} INFO - [2026-09-17T20:10:49.110+0000] {dag.py:3239} INFO - Sync 2 DAGs
[2026-09-17T20:10:49.144+0000] {logging_mixin.py:190} INFO - [2026-09-17T20:10:49.143+0000] {dag.py:4180} INFO - Setting next_dagrun for read_dataset_event to 2026-09-16 00:00:00+00:00, run_after=2026-09-17 00:00:00+00:00
[2026-09-17T20:10:49.152+0000] {logging_mixin.py:190} INFO - [2026-09-17T20:10:49.152+0000] {dag.py:4180} INFO - Setting next_dagrun for read_dataset_event_from_classic to 2026-09-16 00:00:00+00:00, run_after=2026-09-17 00:00:00+00:00
[2026-09-17T20:10:49.181+0000] {processor.py:208} INFO - Processing /home/airflow/.local/lib/python3.12/site-packages/airflow/example_dags/example_inlet_event_extra.py took 0.634 seconds
[2026-09-17T20:11:19.564+0000] {processor.py:186} INFO - Started process (PID=280) to work on /home/airflow/.local/lib/python3.12/site-packages/airflow/example_dags/example_inlet_event_extra.py
[2026-09-17T20:11:19.566+0000] {processor.py:914} INFO - Processing file /home/airflow/.local/lib/python3.12/site-packages/airflow/example_dags/example_inlet_event_extra.py for tasks to queue
[2026-09-17T20:11:19.569+0000] {logging_mixin.py:190} INFO - [2026-09-17T20:11:19.569+0000] {dagbag.py:588} INFO - Filling up the DagBag from /home/airflow/.local/lib/python3.12/site-packages/airflow/example_dags/example_inlet_event_extra.py
[2026-09-17T20:11:20.201+0000] {processor.py:925} INFO - DAG(s) 'read_dataset_event_from_classic', 'read_dataset_event' retrieved from /home/airflow/.local/lib/python3.12/site-packages/airflow/example_dags/example_inlet_event_extra.py
[2026-09-17T20:11:20.245+0000] {logging_mixin.py:190} INFO - [2026-09-17T20:11:20.244+0000] {dag.py:3239} INFO - Sync 2 DAGs
[2026-09-17T20:11:20.285+0000] {logging_mixin.py:190} INFO - [2026-09-17T20:11:20.285+0000] {dag.py:4180} INFO - Setting next_dagrun for read_dataset_event to 2026-09-16 00:00:00+00:00, run_after=2026-09-17 00:00:00+00:00
[2026-09-17T20:11:20.293+0000] {logging_mixin.py:190} INFO - [2026-09-17T20:11:20.293+0000] {dag.py:4180} INFO - Setting next_dagrun for read_dataset_event_from_classic to 2026-09-16 00:00:00+00:00, run_after=2026-09-17 00:00:00+00:00
[2026-09-17T20:11:20.321+0000] {processor.py:208} INFO - Processing /home/airflow/.local/lib/python3.12/site-packages/airflow/example_dags/example_inlet_event_extra.py took 0.766 seconds
[2026-09-17T20:11:50.802+0000] {processor.py:186} INFO - Started process (PID=345) to work on /home/airflow/.local/lib/python3.12/site-packages/airflow/example_dags/example_inlet_event_extra.py
[2026-09-17T20:11:50.804+0000] {processor.py:914} INFO - Processing file /home/airflow/.local/lib/python3.12/site-packages/airflow/example_dags/example_inlet_event_extra.py for tasks to queue
[2026-09-17T20:11:50.807+0000] {logging_mixin.py:190} INFO - [2026-09-17T20:11:50.806+0000] {dagbag.py:588} INFO - Filling up the DagBag from /home/airflow/.local/lib/python3.12/site-packages/airflow/example_dags/example_inlet_event_extra.py
[2026-09-17T20:11:51.494+0000] {processor.py:925} INFO - DAG(s) 'read_dataset_event_from_classic', 'read_dataset_event' retrieved from /home/airflow/.local/lib/python3.12/site-packages/airflow/example_dags/example_inlet_event_extra.py
[2026-09-17T20:11:51.860+0000] {logging_mixin.py:190} INFO - [2026-09-17T20:11:51.860+0000] {dag.py:3239} INFO - Sync 2 DAGs
[2026-09-17T20:11:51.896+0000] {logging_mixin.py:190} INFO - [2026-09-17T20:11:51.895+0000] {dag.py:4180} INFO - Setting next_dagrun for read_dataset_event to 2026-09-16 00:00:00+00:00, run_after=2026-09-17 00:00:00+00:00
[2026-09-17T20:11:51.902+0000] {logging_mixin.py:190} INFO - [2026-09-17T20:11:51.902+0000] {dag.py:4180} INFO - Setting next_dagrun for read_dataset_event_from_classic to 2026-09-16 00:00:00+00:00, run_after=2026-09-17 00:00:00+00:00
[2026-09-17T20:11:51.924+0000] {processor.py:208} INFO - Processing /home/airflow/.local/lib/python3.12/site-packages/airflow/example_dags/example_inlet_event_extra.py took 1.131 seconds
[2026-09-17T20:12:22.021+0000] {processor.py:186} INFO - Started process (PID=409) to work on /home/airflow/.local/lib/python3.12/site-packages/airflow/example_dags/example_inlet_event_extra.py
[2026-09-17T20:12:22.023+0000] {processor.py:914} INFO - Processing file /home/airflow/.local/lib/python3.12/site-packages/airflow/example_dags/example_inlet_event_extra.py for tasks to queue
[2026-09-17T20:12:22.026+0000] {logging_mixin.py:190} INFO - [2026-09-17T20:12:22.025+0000] {dagbag.py:588} INFO - Filling up the DagBag from /home/airflow/.local/lib/python3.12/site-packages/airflow/example_dags/example_inlet_event_extra.py
[2026-09-17T20:12:22.680+0000] {processor.py:925} INFO - DAG(s) 'read_dataset_event_from_classic', 'read_dataset_event' retrieved from /home/airflow/.local/lib/python3.12/site-packages/airflow/example_dags/example_inlet_event_extra.py
[2026-09-17T20:12:23.270+0000] {logging_mixin.py:190} INFO - [2026-09-17T20:12:23.269+0000] {dag.py:3239} INFO - Sync 2 DAGs
[2026-09-17T20:12:23.315+0000] {logging_mixin.py:190} INFO - [2026-09-17T20:12:23.314+0000] {dag.py:4180} INFO - Setting next_dagrun for read_dataset_event to 2026-09-16 00:00:00+00:00, run_after=2026-09-17 00:00:00+00:00
[2026-09-17T20:12:23.325+0000] {logging_mixin.py:190} INFO - [2026-09-17T20:12:23.325+0000] {dag.py:4180} INFO - Setting next_dagrun for read_dataset_event_from_classic to 2026-09-16 00:00:00+00:00, run_after=2026-09-17 00:00:00+00:00
[2026-09-17T20:12:23.358+0000] {processor.py:208} INFO - Processing /home/airflow/.local/lib/python3.12/site-packages/airflow/example_dags/example_inlet_event_extra.py took 1.344 seconds
[2026-09-17T20:12:53.638+0000] {processor.py:186} INFO - Started process (PID=467) to work on /home/airflow/.local/lib/python3.12/site-packages/airflow/example_dags/example_inlet_event_extra.py
[2026-09-17T20:12:53.639+0000] {processor.py:914} INFO - Processing file /home/airflow/.local/lib/python3.12/site-packages/airflow/example_dags/example_inlet_event_extra.py for tasks to queue
[2026-09-17T20:12:53.642+0000] {logging_mixin.py:190} INFO - [2026-09-17T20:12:53.641+0000] {dagbag.py:588} INFO - Filling up the DagBag from /home/airflow/.local/lib/python3.12/site-packages/airflow/example_dags/example_inlet_event_extra.py
[2026-09-17T20:12:54.096+0000] {processor.py:925} INFO - DAG(s) 'read_dataset_event_from_classic', 'read_dataset_event' retrieved from /home/airflow/.local/lib/python3.12/site-packages/airflow/example_dags/example_inlet_event_extra.py
[2026-09-17T20:12:54.133+0000] {logging_mixin.py:190} INFO - [2026-09-17T20:12:54.133+0000] {dag.py:3239} INFO - Sync 2 DAGs
[2026-09-17T20:12:54.396+0000] {logging_mixin.py:190} INFO - [2026-09-17T20:12:54.396+0000] {dag.py:4180} INFO - Setting next_dagrun for read_dataset_event to 2026-09-16 00:00:00+00:00, run_after=2026-09-17 00:00:00+00:00
[2026-09-17T20:12:54.402+0000] {logging_mixin.py:190} INFO - [2026-09-17T20:12:54.402+0000] {dag.py:4180} INFO - Setting next_dagrun for read_dataset_event_from_classic to 2026-09-16 00:00:00+00:00, run_after=2026-09-17 00:00:00+00:00
[2026-09-17T20:12:54.427+0000] {processor.py:208} INFO - Processing /home/airflow/.local/lib/python3.12/site-packages/airflow/example_dags/example_inlet_event_extra.py took 0.795 seconds
[2026-09-17T20:13:24.654+0000] {processor.py:186} INFO - Started process (PID=532) to work on /home/airflow/.local/lib/python3.12/site-packages/airflow/example_dags/example_inlet_event_extra.py
[2026-09-17T20:13:24.656+0000] {processor.py:914} INFO - Processing file /home/airflow/.local/lib/python3.12/site-packages/airflow/example_dags/example_inlet_event_extra.py for tasks to queue
[2026-09-17T20:13:24.659+0000] {logging_mixin.py:190} INFO - [2026-09-17T20:13:24.658+0000] {dagbag.py:588} INFO - Filling up the DagBag from /home/airflow/.local/lib/python3.12/site-packages/airflow/example_dags/example_inlet_event_extra.py
[2026-09-17T20:13:25.079+0000] {processor.py:925} INFO - DAG(s) 'read_dataset_event_from_classic', 'read_dataset_event' retrieved from /home/airflow/.local/lib/python3.12/site-packages/airflow/example_dags/example_inlet_event_extra.py
[2026-09-17T20:13:25.114+0000] {logging_mixin.py:190} INFO - [2026-09-17T20:13:25.114+0000] {dag.py:3239} INFO - Sync 2 DAGs
[2026-09-17T20:13:25.353+0000] {logging_mixin.py:190} INFO - [2026-09-17T20:13:25.353+0000] {dag.py:4180} INFO - Setting next_dagrun for read_dataset_event to 2026-09-16 00:00:00+00:00, run_after=2026-09-17 00:00:00+00:00
[2026-09-17T20:13:25.359+0000] {logging_mixin.py:190} INFO - [2026-09-17T20:13:25.359+0000] {dag.py:4180} INFO - Setting next_dagrun for read_dataset_event_from_classic to 2026-09-16 00:00:00+00:00, run_after=2026-09-17 00:00:00+00:00
[2026-09-17T20:13:25.382+0000] {processor.py:208} INFO - Processing /home/airflow/.local/lib/python3.12/site-packages/airflow/example_dags/example_inlet_event_extra.py took 0.734 seconds
[2026-09-17T20:13:56.294+0000] {processor.py:186} INFO - Started process (PID=597) to work on /home/airflow/.local/lib/python3.12/site-packages/airflow/example_dags/example_inlet_event_extra.py
[2026-09-17T20:13:56.296+0000] {processor.py:914} INFO - Processing file /home/airflow/.local/lib/python3.12/site-packages/airflow/example_dags/example_inlet_event_extra.py for tasks to queue
[2026-09-17T20:13:56.299+0000] {logging_mixin.py:190} INFO - [2026-09-17T20:13:56.298+0000] {dagbag.py:588} INFO - Filling up the DagBag from /home/airflow/.local/lib/python3.12/site-packages/airflow/example_dags/example_inlet_event_extra.py
[2026-09-17T20:13:56.954+0000] {processor.py:925} INFO - DAG(s) 'read_dataset_event_from_classic', 'read_dataset_event' retrieved from /home/airflow/.local/lib/python3.12/site-packages/airflow/example_dags/example_inlet_event_extra.py
[2026-09-17T20:13:56.982+0000] {logging_mixin.py:190} INFO - [2026-09-17T20:13:56.982+0000] {dag.py:3239} INFO - Sync 2 DAGs
[2026-09-17T20:13:57.011+0000] {logging_mixin.py:190} INFO - [2026-09-17T20:13:57.011+0000] {dag.py:4180} INFO - Setting next_dagrun for read_dataset_event to 2026-09-16 00:00:00+00:00, run_after=2026-09-17 00:00:00+00:00
[2026-09-17T20:13:57.021+0000] {logging_mixin.py:190} INFO - [2026-09-17T20:13:57.021+0000] {dag.py:4180} INFO - Setting next_dagrun for read_dataset_event_from_classic to 2026-09-16 00:00:00+00:00, run_after=2026-09-17 00:00:00+00:00
[2026-09-17T20:13:57.044+0000] {processor.py:208} INFO - Processing /home/airflow/.local/lib/python3.12/site-packages/airflow/example_dags/example_inlet_event_extra.py took 0.757 seconds
[2026-09-17T20:14:28.423+0000] {processor.py:186} INFO - Started process (PID=666) to work on /home/airflow/.local/lib/python3.12/site-packages/airflow/example_dags/example_inlet_event_extra.py
[2026-09-17T20:14:28.425+0000] {processor.py:914} INFO - Processing file /home/airflow/.local/lib/python3.12/site-packages/airflow/example_dags/example_inlet_event_extra.py for tasks to queue
[2026-09-17T20:14:28.427+0000] {logging_mixin.py:190} INFO - [2026-09-17T20:14:28.427+0000] {dagbag.py:588} INFO - Filling up the DagBag from /home/airflow/.local/lib/python3.12/site-packages/airflow/example_dags/example_inlet_event_extra.py
[2026-09-17T20:14:29.190+0000] {processor.py:925} INFO - DAG(s) 'read_dataset_event_from_classic', 'read_dataset_event' retrieved from /home/airflow/.local/lib/python3.12/site-packages/airflow/example_dags/example_inlet_event_extra.py
[2026-09-17T20:14:29.228+0000] {logging_mixin.py:190} INFO - [2026-09-17T20:14:29.227+0000] {dag.py:3239} INFO - Sync 2 DAGs
[2026-09-17T20:14:29.261+0000] {logging_mixin.py:190} INFO - [2026-09-17T20:14:29.261+0000] {dag.py:4180} INFO - Setting next_dagrun for read_dataset_event to 2026-09-16 00:00:00+00:00, run_after=2026-09-17 00:00:00+00:00
[2026-09-17T20:14:29.269+0000] {logging_mixin.py:190} INFO - [2026-09-17T20:14:29.268+0000] {dag.py:4180} INFO - Setting next_dagrun for read_dataset_event_from_classic to 2026-09-16 00:00:00+00:00, run_after=2026-09-17 00:00:00+00:00
[2026-09-17T20:14:29.290+0000] {processor.py:208} INFO - Processing /home/airflow/.local/lib/python3.12/site-packages/airflow/example_dags/example_inlet_event_extra.py took 0.873 seconds
[2026-09-17T20:15:00.015+0000] {processor.py:186} INFO - Started process (PID=735) to work on /home/airflow/.local/lib/python3.12/site-packages/airflow/example_dags/example_inlet_event_extra.py
[2026-09-17T20:15:00.017+0000] {processor.py:914} INFO - Processing file /home/airflow/.local/lib/python3.12/site-packages/airflow/example_dags/example_inlet_event_extra.py for tasks to queue
[2026-09-17T20:15:00.019+0000] {logging_mixin.py:190} INFO - [2026-09-17T20:15:00.019+0000] {dagbag.py:588} INFO - Filling up the DagBag from /home/airflow/.local/lib/python3.12/site-packages/airflow/example_dags/example_inlet_event_extra.py
[2026-09-17T20:15:00.719+0000] {processor.py:925} INFO - DAG(s) 'read_dataset_event', 'read_dataset_event_from_classic' retrieved from /home/airflow/.local/lib/python3.12/site-packages/airflow/example_dags/example_inlet_event_extra.py
[2026-09-17T20:15:00.752+0000] {logging_mixin.py:190} INFO - [2026-09-17T20:15:00.751+0000] {dag.py:3239} INFO - Sync 2 DAGs
[2026-09-17T20:15:00.778+0000] {logging_mixin.py:190} INFO - [2026-09-17T20:15:00.778+0000] {dag.py:4180} INFO - Setting next_dagrun for read_dataset_event to 2026-09-16 00:00:00+00:00, run_after=2026-09-17 00:00:00+00:00
[2026-09-17T20:15:00.785+0000] {logging_mixin.py:190} INFO - [2026-09-17T20:15:00.785+0000] {dag.py:4180} INFO - Setting next_dagrun for read_dataset_event_from_classic to 2026-09-16 00:00:00+00:00, run_after=2026-09-17 00:00:00+00:00
[2026-09-17T20:15:00.807+0000] {processor.py:208} INFO - Processing /home/airflow/.local/lib/python3.12/site-packages/airflow/example_dags/example_inlet_event_extra.py took 0.798 seconds
[2026-09-17T20:15:31.149+0000] {processor.py:186} INFO - Started process (PID=798) to work on /home/airflow/.local/lib/python3.12/site-packages/airflow/example_dags/example_inlet_event_extra.py
[2026-09-17T20:15:31.151+0000] {processor.py:914} INFO - Processing file /home/airflow/.local/lib/python3.12/site-packages/airflow/example_dags/example_inlet_event_extra.py for tasks to queue
[2026-09-17T20:15:31.155+0000] {logging_mixin.py:190} INFO - [2026-09-17T20:15:31.154+0000] {dagbag.py:588} INFO - Filling up the DagBag from /home/airflow/.local/lib/python3.12/site-packages/airflow/example_dags/example_inlet_event_extra.py
[2026-09-17T20:15:31.978+0000] {processor.py:925} INFO - DAG(s) 'read_dataset_event', 'read_dataset_event_from_classic' retrieved from /home/airflow/.local/lib/python3.12/site-packages/airflow/example_dags/example_inlet_event_extra.py
[2026-09-17T20:15:32.007+0000] {logging_mixin.py:190} INFO - [2026-09-17T20:15:32.007+0000] {dag.py:3239} INFO - Sync 2 DAGs
[2026-09-17T20:15:32.041+0000] {logging_mixin.py:190} INFO - [2026-09-17T20:15:32.041+0000] {dag.py:4180} INFO - Setting next_dagrun for read_dataset_event to 2026-09-16 00:00:00+00:00, run_after=2026-09-17 00:00:00+00:00
[2026-09-17T20:15:32.048+0000] {logging_mixin.py:190} INFO - [2026-09-17T20:15:32.047+0000] {dag.py:4180} INFO - Setting next_dagrun for read_dataset_event_from_classic to 2026-09-16 00:00:00+00:00, run_after=2026-09-17 00:00:00+00:00
[2026-09-17T20:15:32.073+0000] {processor.py:208} INFO - Processing /home/airflow/.local/lib/python3.12/site-packages/airflow/example_dags/example_inlet_event_extra.py took 0.931 seconds
[2026-09-17T20:16:02.160+0000] {processor.py:186} INFO - Started process (PID=860) to work on /home/airflow/.local/lib/python3.12/site-packages/airflow/example_dags/example_inlet_event_extra.py
[2026-09-17T20:16:02.162+0000] {processor.py:914} INFO - Processing file /home/airflow/.local/lib/python3.12/site-packages/airflow/example_dags/example_inlet_event_extra.py for tasks to queue
[2026-09-17T20:16:02.164+0000] {logging_mixin.py:190} INFO - [2026-09-17T20:16:02.164+0000] {dagbag.py:588} INFO - Filling up the DagBag from /home/airflow/.local/lib/python3.12/site-packages/airflow/example_dags/example_inlet_event_extra.py
[2026-09-17T20:16:02.984+0000] {processor.py:925} INFO - DAG(s) 'read_dataset_event_from_classic', 'read_dataset_event' retrieved from /home/airflow/.local/lib/python3.12/site-packages/airflow/example_dags/example_inlet_event_extra.py
[2026-09-17T20:16:03.013+0000] {logging_mixin.py:190} INFO - [2026-09-17T20:16:03.013+0000] {dag.py:3239} INFO - Sync 2 DAGs
[2026-09-17T20:16:03.051+0000] {logging_mixin.py:190} INFO - [2026-09-17T20:16:03.051+0000] {dag.py:4180} INFO - Setting next_dagrun for read_dataset_event to 2026-09-16 00:00:00+00:00, run_after=2026-09-17 00:00:00+00:00
[2026-09-17T20:16:03.060+0000] {logging_mixin.py:190} INFO - [2026-09-17T20:16:03.059+0000] {dag.py:4180} INFO - Setting next_dagrun for read_dataset_event_from_classic to 2026-09-16 00:00:00+00:00, run_after=2026-09-17 00:00:00+00:00
[2026-09-17T20:16:03.085+0000] {processor.py:208} INFO - Processing /home/airflow/.local/lib/python3.12/site-packages/airflow/example_dags/example_inlet_event_extra.py took 0.930 seconds
[2026-09-17T20:16:33.499+0000] {processor.py:186} INFO - Started process (PID=925) to work on /home/airflow/.local/lib/python3.12/site-packages/airflow/example_dags/example_inlet_event_extra.py
[2026-09-17T20:16:33.501+0000] {processor.py:914} INFO - Processing file /home/airflow/.local/lib/python3.12/site-packages/airflow/example_dags/example_inlet_event_extra.py for tasks to queue
[2026-09-17T20:16:33.503+0000] {logging_mixin.py:190} INFO - [2026-09-17T20:16:33.503+0000] {dagbag.py:588} INFO - Filling up the DagBag from /home/airflow/.local/lib/python3.12/site-packages/airflow/example_dags/example_inlet_event_extra.py
[2026-09-17T20:16:34.183+0000] {processor.py:925} INFO - DAG(s) 'read_dataset_event_from_classic', 'read_dataset_event' retrieved from /home/airflow/.local/lib/python3.12/site-packages/airflow/example_dags/example_inlet_event_extra.py
[2026-09-17T20:16:34.212+0000] {logging_mixin.py:190} INFO - [2026-09-17T20:16:34.211+0000] {dag.py:3239} INFO - Sync 2 DAGs
[2026-09-17T20:16:34.240+0000] {logging_mixin.py:190} INFO - [2026-09-17T20:16:34.240+0000] {dag.py:4180} INFO - Setting next_dagrun for read_dataset_event to 2026-09-16 00:00:00+00:00, run_after=2026-09-17 00:00:00+00:00
[2026-09-17T20:16:34.247+0000] {logging_mixin.py:190} INFO - [2026-09-17T20:16:34.247+0000] {dag.py:4180} INFO - Setting next_dagrun for read_dataset_event_from_classic to 2026-09-16 00:00:00+00:00, run_after=2026-09-17 00:00:00+00:00
[2026-09-17T20:16:34.268+0000] {processor.py:208} INFO - Processing /home/airflow/.local/lib/python3.12/site-packages/airflow/example_dags/example_inlet_event_extra.py took 0.775 seconds
[2026-09-17T20:17:04.472+0000] {processor.py:186} INFO - Started process (PID=988) to work on /home/airflow/.local/lib/python3.12/site-packages/airflow/example_dags/example_inlet_event_extra.py
[2026-09-17T20:17:04.474+0000] {processor.py:914} INFO - Processing file /home/airflow/.local/lib/python3.12/site-packages/airflow/example_dags/example_inlet_event_extra.py for tasks to queue
[2026-09-17T20:17:04.477+0000] {logging_mixin.py:190} INFO - [2026-09-17T20:17:04.476+0000] {dagbag.py:588} INFO - Filling up the DagBag from /home/airflow/.local/lib/python3.12/site-packages/airflow/example_dags/example_inlet_event_extra.py
[2026-09-17T20:17:05.229+0000] {processor.py:925} INFO - DAG(s) 'read_dataset_event', 'read_dataset_event_from_classic' retrieved from /home/airflow/.local/lib/python3.12/site-packages/airflow/example_dags/example_inlet_event_extra.py
[2026-09-17T20:17:05.257+0000] {logging_mixin.py:190} INFO - [2026-09-17T20:17:05.256+0000] {dag.py:3239} INFO - Sync 2 DAGs
[2026-09-17T20:17:05.285+0000] {logging_mixin.py:190} INFO - [2026-09-17T20:17:05.285+0000] {dag.py:4180} INFO - Setting next_dagrun for read_dataset_event to 2026-09-16 00:00:00+00:00, run_after=2026-09-17 00:00:00+00:00
[2026-09-17T20:17:05.294+0000] {logging_mixin.py:190} INFO - [2026-09-17T20:17:05.294+0000] {dag.py:4180} INFO - Setting next_dagrun for read_dataset_event_from_classic to 2026-09-16 00:00:00+00:00, run_after=2026-09-17 00:00:00+00:00
[2026-09-17T20:17:05.316+0000] {processor.py:208} INFO - Processing /home/airflow/.local/lib/python3.12/site-packages/airflow/example_dags/example_inlet_event_extra.py took 0.850 seconds
[2026-09-17T20:17:35.783+0000] {processor.py:186} INFO - Started process (PID=1054) to work on /home/airflow/.local/lib/python3.12/site-packages/airflow/example_dags/example_inlet_event_extra.py
[2026-09-17T20:17:35.785+0000] {processor.py:914} INFO - Processing file /home/airflow/.local/lib/python3.12/site-packages/airflow/example_dags/example_inlet_event_extra.py for tasks to queue
[2026-09-17T20:17:35.787+0000] {logging_mixin.py:190} INFO - [2026-09-17T20:17:35.787+0000] {dagbag.py:588} INFO - Filling up the DagBag from /home/airflow/.local/lib/python3.12/site-packages/airflow/example_dags/example_inlet_event_extra.py
[2026-09-17T20:17:36.456+0000] {processor.py:925} INFO - DAG(s) 'read_dataset_event_from_classic', 'read_dataset_event' retrieved from /home/airflow/.local/lib/python3.12/site-packages/airflow/example_dags/example_inlet_event_extra.py
[2026-09-17T20:17:36.484+0000] {logging_mixin.py:190} INFO - [2026-09-17T20:17:36.484+0000] {dag.py:3239} INFO - Sync 2 DAGs
[2026-09-17T20:17:36.510+0000] {logging_mixin.py:190} INFO - [2026-09-17T20:17:36.510+0000] {dag.py:4180} INFO - Setting next_dagrun for read_dataset_event to 2026-09-16 00:00:00+00:00, run_after=2026-09-17 00:00:00+00:00
[2026-09-17T20:17:36.517+0000] {logging_mixin.py:190} INFO - [2026-09-17T20:17:36.517+0000] {dag.py:4180} INFO - Setting next_dagrun for read_dataset_event_from_classic to 2026-09-16 00:00:00+00:00, run_after=2026-09-17 00:00:00+00:00
[2026-09-17T20:17:36.538+0000] {processor.py:208} INFO - Processing /home/airflow/.local/lib/python3.12/site-packages/airflow/example_dags/example_inlet_event_extra.py took 0.761 seconds
[2026-09-17T20:18:07.142+0000] {processor.py:186} INFO - Started process (PID=1122) to work on /home/airflow/.local/lib/python3.12/site-packages/airflow/example_dags/example_inlet_event_extra.py
[2026-09-17T20:18:07.144+0000] {processor.py:914} INFO - Processing file /home/airflow/.local/lib/python3.12/site-packages/airflow/example_dags/example_inlet_event_extra.py for tasks to queue
[2026-09-17T20:18:07.146+0000] {logging_mixin.py:190} INFO - [2026-09-17T20:18:07.146+0000] {dagbag.py:588} INFO - Filling up the DagBag from /home/airflow/.local/lib/python3.12/site-packages/airflow/example_dags/example_inlet_event_extra.py
[2026-09-17T20:18:07.838+0000] {processor.py:925} INFO - DAG(s) 'read_dataset_event', 'read_dataset_event_from_classic' retrieved from /home/airflow/.local/lib/python3.12/site-packages/airflow/example_dags/example_inlet_event_extra.py
[2026-09-17T20:18:07.865+0000] {logging_mixin.py:190} INFO - [2026-09-17T20:18:07.865+0000] {dag.py:3239} INFO - Sync 2 DAGs
[2026-09-17T20:18:07.890+0000] {logging_mixin.py:190} INFO - [2026-09-17T20:18:07.890+0000] {dag.py:4180} INFO - Setting next_dagrun for read_dataset_event to 2026-09-16 00:00:00+00:00, run_after=2026-09-17 00:00:00+00:00
[2026-09-17T20:18:07.896+0000] {logging_mixin.py:190} INFO - [2026-09-17T20:18:07.896+0000] {dag.py:4180} INFO - Setting next_dagrun for read_dataset_event_from_classic to 2026-09-16 00:00:00+00:00, run_after=2026-09-17 00:00:00+00:00
[2026-09-17T20:18:07.915+0000] {processor.py:208} INFO - Processing /home/airflow/.local/lib/python3.12/site-packages/airflow/example_dags/example_inlet_event_extra.py took 0.779 seconds
[2026-09-17T20:18:38.150+0000] {processor.py:186} INFO - Started process (PID=1190) to work on /home/airflow/.local/lib/python3.12/site-packages/airflow/example_dags/example_inlet_event_extra.py
[2026-09-17T20:18:38.152+0000] {processor.py:914} INFO - Processing file /home/airflow/.local/lib/python3.12/site-packages/airflow/example_dags/example_inlet_event_extra.py for tasks to queue
[2026-09-17T20:18:38.154+0000] {logging_mixin.py:190} INFO - [2026-09-17T20:18:38.154+0000] {dagbag.py:588} INFO - Filling up the DagBag from /home/airflow/.local/lib/python3.12/site-packages/airflow/example_dags/example_inlet_event_extra.py
[2026-09-17T20:18:38.828+0000] {processor.py:925} INFO - DAG(s) 'read_dataset_event', 'read_dataset_event_from_classic' retrieved from /home/airflow/.local/lib/python3.12/site-packages/airflow/example_dags/example_inlet_event_extra.py
[2026-09-17T20:18:38.861+0000] {logging_mixin.py:190} INFO - [2026-09-17T20:18:38.860+0000] {dag.py:3239} INFO - Sync 2 DAGs
[2026-09-17T20:18:38.891+0000] {logging_mixin.py:190} INFO - [2026-09-17T20:18:38.891+0000] {dag.py:4180} INFO - Setting next_dagrun for read_dataset_event to 2026-09-16 00:00:00+00:00, run_after=2026-09-17 00:00:00+00:00
[2026-09-17T20:18:38.900+0000] {logging_mixin.py:190} INFO - [2026-09-17T20:18:38.900+0000] {dag.py:4180} INFO - Setting next_dagrun for read_dataset_event_from_classic to 2026-09-16 00:00:00+00:00, run_after=2026-09-17 00:00:00+00:00
[2026-09-17T20:18:38.923+0000] {processor.py:208} INFO - Processing /home/airflow/.local/lib/python3.12/site-packages/airflow/example_dags/example_inlet_event_extra.py took 0.780 seconds
[2026-09-17T20:19:08.994+0000] {processor.py:186} INFO - Started process (PID=1256) to work on /home/airflow/.local/lib/python3.12/site-packages/airflow/example_dags/example_inlet_event_extra.py
[2026-09-17T20:19:08.996+0000] {processor.py:914} INFO - Processing file /home/airflow/.local/lib/python3.12/site-packages/airflow/example_dags/example_inlet_event_extra.py for tasks to queue
[2026-09-17T20:19:08.999+0000] {logging_mixin.py:190} INFO - [2026-09-17T20:19:08.998+0000] {dagbag.py:588} INFO - Filling up the DagBag from /home/airflow/.local/lib/python3.12/site-packages/airflow/example_dags/example_inlet_event_extra.py
[2026-09-17T20:19:09.634+0000] {processor.py:925} INFO - DAG(s) 'read_dataset_event_from_classic', 'read_dataset_event' retrieved from /home/airflow/.local/lib/python3.12/site-packages/airflow/example_dags/example_inlet_event_extra.py
[2026-09-17T20:19:09.664+0000] {logging_mixin.py:190} INFO - [2026-09-17T20:19:09.664+0000] {dag.py:3239} INFO - Sync 2 DAGs
[2026-09-17T20:19:09.691+0000] {logging_mixin.py:190} INFO - [2026-09-17T20:19:09.691+0000] {dag.py:4180} INFO - Setting next_dagrun for read_dataset_event to 2026-09-16 00:00:00+00:00, run_after=2026-09-17 00:00:00+00:00
[2026-09-17T20:19:09.698+0000] {logging_mixin.py:190} INFO - [2026-09-17T20:19:09.698+0000] {dag.py:4180} INFO - Setting next_dagrun for read_dataset_event_from_classic to 2026-09-16 00:00:00+00:00, run_after=2026-09-17 00:00:00+00:00
[2026-09-17T20:19:09.720+0000] {processor.py:208} INFO - Processing /home/airflow/.local/lib/python3.12/site-packages/airflow/example_dags/example_inlet_event_extra.py took 0.733 seconds
[2026-09-17T20:19:40.297+0000] {processor.py:186} INFO - Started process (PID=1323) to work on /home/airflow/.local/lib/python3.12/site-packages/airflow/example_dags/example_inlet_event_extra.py
[2026-09-17T20:19:40.298+0000] {processor.py:914} INFO - Processing file /home/airflow/.local/lib/python3.12/site-packages/airflow/example_dags/example_inlet_event_extra.py for tasks to queue
[2026-09-17T20:19:40.301+0000] {logging_mixin.py:190} INFO - [2026-09-17T20:19:40.300+0000] {dagbag.py:588} INFO - Filling up the DagBag from /home/airflow/.local/lib/python3.12/site-packages/airflow/example_dags/example_inlet_event_extra.py
[2026-09-17T20:19:40.934+0000] {processor.py:925} INFO - DAG(s) 'read_dataset_event_from_classic', 'read_dataset_event' retrieved from /home/airflow/.local/lib/python3.12/site-packages/airflow/example_dags/example_inlet_event_extra.py
[2026-09-17T20:19:40.962+0000] {logging_mixin.py:190} INFO - [2026-09-17T20:19:40.962+0000] {dag.py:3239} INFO - Sync 2 DAGs
[2026-09-17T20:19:40.987+0000] {logging_mixin.py:190} INFO - [2026-09-17T20:19:40.986+0000] {dag.py:4180} INFO - Setting next_dagrun for read_dataset_event to 2026-09-16 00:00:00+00:00, run_after=2026-09-17 00:00:00+00:00
[2026-09-17T20:19:40.993+0000] {logging_mixin.py:190} INFO - [2026-09-17T20:19:40.992+0000] {dag.py:4180} INFO - Setting next_dagrun for read_dataset_event_from_classic to 2026-09-16 00:00:00+00:00, run_after=2026-09-17 00:00:00+00:00
[2026-09-17T20:19:41.014+0000] {processor.py:208} INFO - Processing /home/airflow/.local/lib/python3.12/site-packages/airflow/example_dags/example_inlet_event_extra.py took 0.723 seconds
[2026-09-17T20:20:11.148+0000] {processor.py:186} INFO - Started process (PID=1390) to work on /home/airflow/.local/lib/python3.12/site-packages/airflow/example_dags/example_inlet_event_extra.py
[2026-09-17T20:20:11.150+0000] {processor.py:914} INFO - Processing file /home/airflow/.local/lib/python3.12/site-packages/airflow/example_dags/example_inlet_event_extra.py for tasks to queue
[2026-09-17T20:20:11.153+0000] {logging_mixin.py:190} INFO - [2026-09-17T20:20:11.152+0000] {dagbag.py:588} INFO - Filling up the DagBag from /home/airflow/.local/lib/python3.12/site-packages/airflow/example_dags/example_inlet_event_extra.py
[2026-09-17T20:20:11.929+0000] {processor.py:925} INFO - DAG(s) 'read_dataset_event', 'read_dataset_event_from_classic' retrieved from /home/airflow/.local/lib/python3.12/site-packages/airflow/example_dags/example_inlet_event_extra.py
[2026-09-17T20:20:11.962+0000] {logging_mixin.py:190} INFO - [2026-09-17T20:20:11.962+0000] {dag.py:3239} INFO - Sync 2 DAGs
[2026-09-17T20:20:11.989+0000] {logging_mixin.py:190} INFO - [2026-09-17T20:20:11.989+0000] {dag.py:4180} INFO - Setting next_dagrun for read_dataset_event to 2026-09-16 00:00:00+00:00, run_after=2026-09-17 00:00:00+00:00
[2026-09-17T20:20:11.996+0000] {logging_mixin.py:190} INFO - [2026-09-17T20:20:11.995+0000] {dag.py:4180} INFO - Setting next_dagrun for read_dataset_event_from_classic to 2026-09-16 00:00:00+00:00, run_after=2026-09-17 00:00:00+00:00
[2026-09-17T20:20:12.020+0000] {processor.py:208} INFO - Processing /home/airflow/.local/lib/python3.12/site-packages/airflow/example_dags/example_inlet_event_extra.py took 0.880 seconds
[2026-09-17T20:20:42.187+0000] {processor.py:186} INFO - Started process (PID=1449) to work on /home/airflow/.local/lib/python3.12/site-packages/airflow/example_dags/example_inlet_event_extra.py
[2026-09-17T20:20:42.190+0000] {processor.py:914} INFO - Processing file /home/airflow/.local/lib/python3.12/site-packages/airflow/example_dags/example_inlet_event_extra.py for tasks to queue
[2026-09-17T20:20:42.192+0000] {logging_mixin.py:190} INFO - [2026-09-17T20:20:42.192+0000] {dagbag.py:588} INFO - Filling up the DagBag from /home/airflow/.local/lib/python3.12/site-packages/airflow/example_dags/example_inlet_event_extra.py
[2026-09-17T20:20:42.788+0000] {processor.py:925} INFO - DAG(s) 'read_dataset_event_from_classic', 'read_dataset_event' retrieved from /home/airflow/.local/lib/python3.12/site-packages/airflow/example_dags/example_inlet_event_extra.py
[2026-09-17T20:20:42.813+0000] {logging_mixin.py:190} INFO - [2026-09-17T20:20:42.813+0000] {dag.py:3239} INFO - Sync 2 DAGs
[2026-09-17T20:20:42.842+0000] {logging_mixin.py:190} INFO - [2026-09-17T20:20:42.842+0000] {dag.py:4180} INFO - Setting next_dagrun for read_dataset_event to 2026-09-16 00:00:00+00:00, run_after=2026-09-17 00:00:00+00:00
[2026-09-17T20:20:42.849+0000] {logging_mixin.py:190} INFO - [2026-09-17T20:20:42.848+0000] {dag.py:4180} INFO - Setting next_dagrun for read_dataset_event_from_classic to 2026-09-16 00:00:00+00:00, run_after=2026-09-17 00:00:00+00:00
[2026-09-17T20:20:42.868+0000] {processor.py:208} INFO - Processing /home/airflow/.local/lib/python3.12/site-packages/airflow/example_dags/example_inlet_event_extra.py took 0.686 seconds
[2026-09-17T20:21:13.439+0000] {processor.py:186} INFO - Started process (PID=1517) to work on /home/airflow/.local/lib/python3.12/site-packages/airflow/example_dags/example_inlet_event_extra.py
[2026-09-17T20:21:13.441+0000] {processor.py:914} INFO - Processing file /home/airflow/.local/lib/python3.12/site-packages/airflow/example_dags/example_inlet_event_extra.py for tasks to queue
[2026-09-17T20:21:13.444+0000] {logging_mixin.py:190} INFO - [2026-09-17T20:21:13.443+0000] {dagbag.py:588} INFO - Filling up the DagBag from /home/airflow/.local/lib/python3.12/site-packages/airflow/example_dags/example_inlet_event_extra.py
[2026-09-17T20:21:14.061+0000] {processor.py:925} INFO - DAG(s) 'read_dataset_event_from_classic', 'read_dataset_event' retrieved from /home/airflow/.local/lib/python3.12/site-packages/airflow/example_dags/example_inlet_event_extra.py
[2026-09-17T20:21:14.092+0000] {logging_mixin.py:190} INFO - [2026-09-17T20:21:14.092+0000] {dag.py:3239} INFO - Sync 2 DAGs
[2026-09-17T20:21:14.120+0000] {logging_mixin.py:190} INFO - [2026-09-17T20:21:14.119+0000] {dag.py:4180} INFO - Setting next_dagrun for read_dataset_event to 2026-09-16 00:00:00+00:00, run_after=2026-09-17 00:00:00+00:00
[2026-09-17T20:21:14.126+0000] {logging_mixin.py:190} INFO - [2026-09-17T20:21:14.126+0000] {dag.py:4180} INFO - Setting next_dagrun for read_dataset_event_from_classic to 2026-09-16 00:00:00+00:00, run_after=2026-09-17 00:00:00+00:00
[2026-09-17T20:21:14.148+0000] {processor.py:208} INFO - Processing /home/airflow/.local/lib/python3.12/site-packages/airflow/example_dags/example_inlet_event_extra.py took 0.714 seconds
[2026-09-17T20:21:44.644+0000] {processor.py:186} INFO - Started process (PID=1583) to work on /home/airflow/.local/lib/python3.12/site-packages/airflow/example_dags/example_inlet_event_extra.py
[2026-09-17T20:21:44.646+0000] {processor.py:914} INFO - Processing file /home/airflow/.local/lib/python3.12/site-packages/airflow/example_dags/example_inlet_event_extra.py for tasks to queue
[2026-09-17T20:21:44.649+0000] {logging_mixin.py:190} INFO - [2026-09-17T20:21:44.649+0000] {dagbag.py:588} INFO - Filling up the DagBag from /home/airflow/.local/lib/python3.12/site-packages/airflow/example_dags/example_inlet_event_extra.py
[2026-09-17T20:21:45.240+0000] {processor.py:925} INFO - DAG(s) 'read_dataset_event_from_classic', 'read_dataset_event' retrieved from /home/airflow/.local/lib/python3.12/site-packages/airflow/example_dags/example_inlet_event_extra.py
[2026-09-17T20:21:45.267+0000] {logging_mixin.py:190} INFO - [2026-09-17T20:21:45.267+0000] {dag.py:3239} INFO - Sync 2 DAGs
[2026-09-17T20:21:45.292+0000] {logging_mixin.py:190} INFO - [2026-09-17T20:21:45.292+0000] {dag.py:4180} INFO - Setting next_dagrun for read_dataset_event to 2026-09-16 00:00:00+00:00, run_after=2026-09-17 00:00:00+00:00
[2026-09-17T20:21:45.299+0000] {logging_mixin.py:190} INFO - [2026-09-17T20:21:45.299+0000] {dag.py:4180} INFO - Setting next_dagrun for read_dataset_event_from_classic to 2026-09-16 00:00:00+00:00, run_after=2026-09-17 00:00:00+00:00
[2026-09-17T20:21:45.319+0000] {processor.py:208} INFO - Processing /home/airflow/.local/lib/python3.12/site-packages/airflow/example_dags/example_inlet_event_extra.py took 0.682 seconds
[2026-09-17T20:22:15.684+0000] {processor.py:186} INFO - Started process (PID=1649) to work on /home/airflow/.local/lib/python3.12/site-packages/airflow/example_dags/example_inlet_event_extra.py
[2026-09-17T20:22:15.687+0000] {processor.py:914} INFO - Processing file /home/airflow/.local/lib/python3.12/site-packages/airflow/example_dags/example_inlet_event_extra.py for tasks to queue
[2026-09-17T20:22:15.689+0000] {logging_mixin.py:190} INFO - [2026-09-17T20:22:15.689+0000] {dagbag.py:588} INFO - Filling up the DagBag from /home/airflow/.local/lib/python3.12/site-packages/airflow/example_dags/example_inlet_event_extra.py
[2026-09-17T20:22:16.331+0000] {processor.py:925} INFO - DAG(s) 'read_dataset_event_from_classic', 'read_dataset_event' retrieved from /home/airflow/.local/lib/python3.12/site-packages/airflow/example_dags/example_inlet_event_extra.py
[2026-09-17T20:22:16.358+0000] {logging_mixin.py:190} INFO - [2026-09-17T20:22:16.357+0000] {dag.py:3239} INFO - Sync 2 DAGs
[2026-09-17T20:22:16.382+0000] {logging_mixin.py:190} INFO - [2026-09-17T20:22:16.381+0000] {dag.py:4180} INFO - Setting next_dagrun for read_dataset_event to 2026-09-16 00:00:00+00:00, run_after=2026-09-17 00:00:00+00:00
[2026-09-17T20:22:16.388+0000] {logging_mixin.py:190} INFO - [2026-09-17T20:22:16.387+0000] {dag.py:4180} INFO - Setting next_dagrun for read_dataset_event_from_classic to 2026-09-16 00:00:00+00:00, run_after=2026-09-17 00:00:00+00:00
[2026-09-17T20:22:16.408+0000] {processor.py:208} INFO - Processing /home/airflow/.local/lib/python3.12/site-packages/airflow/example_dags/example_inlet_event_extra.py took 0.732 seconds
[2026-09-17T20:22:47.353+0000] {processor.py:186} INFO - Started process (PID=1714) to work on /home/airflow/.local/lib/python3.12/site-packages/airflow/example_dags/example_inlet_event_extra.py
[2026-09-17T20:22:47.356+0000] {processor.py:914} INFO - Processing file /home/airflow/.local/lib/python3.12/site-packages/airflow/example_dags/example_inlet_event_extra.py for tasks to queue
[2026-09-17T20:22:47.359+0000] {logging_mixin.py:190} INFO - [2026-09-17T20:22:47.359+0000] {dagbag.py:588} INFO - Filling up the DagBag from /home/airflow/.local/lib/python3.12/site-packages/airflow/example_dags/example_inlet_event_extra.py
[2026-09-17T20:22:48.070+0000] {processor.py:925} INFO - DAG(s) 'read_dataset_event_from_classic', 'read_dataset_event' retrieved from /home/airflow/.local/lib/python3.12/site-packages/airflow/example_dags/example_inlet_event_extra.py
[2026-09-17T20:22:48.103+0000] {logging_mixin.py:190} INFO - [2026-09-17T20:22:48.103+0000] {dag.py:3239} INFO - Sync 2 DAGs
[2026-09-17T20:22:48.133+0000] {logging_mixin.py:190} INFO - [2026-09-17T20:22:48.133+0000] {dag.py:4180} INFO - Setting next_dagrun for read_dataset_event to 2026-09-16 00:00:00+00:00, run_after=2026-09-17 00:00:00+00:00
[2026-09-17T20:22:48.139+0000] {logging_mixin.py:190} INFO - [2026-09-17T20:22:48.139+0000] {dag.py:4180} INFO - Setting next_dagrun for read_dataset_event_from_classic to 2026-09-16 00:00:00+00:00, run_after=2026-09-17 00:00:00+00:00
[2026-09-17T20:22:48.159+0000] {processor.py:208} INFO - Processing /home/airflow/.local/lib/python3.12/site-packages/airflow/example_dags/example_inlet_event_extra.py took 0.813 seconds
[2026-09-17T20:23:18.862+0000] {processor.py:186} INFO - Started process (PID=1781) to work on /home/airflow/.local/lib/python3.12/site-packages/airflow/example_dags/example_inlet_event_extra.py
[2026-09-17T20:23:18.863+0000] {processor.py:914} INFO - Processing file /home/airflow/.local/lib/python3.12/site-packages/airflow/example_dags/example_inlet_event_extra.py for tasks to queue
[2026-09-17T20:23:18.866+0000] {logging_mixin.py:190} INFO - [2026-09-17T20:23:18.865+0000] {dagbag.py:588} INFO - Filling up the DagBag from /home/airflow/.local/lib/python3.12/site-packages/airflow/example_dags/example_inlet_event_extra.py
[2026-09-17T20:23:19.457+0000] {processor.py:925} INFO - DAG(s) 'read_dataset_event_from_classic', 'read_dataset_event' retrieved from /home/airflow/.local/lib/python3.12/site-packages/airflow/example_dags/example_inlet_event_extra.py
[2026-09-17T20:23:19.484+0000] {logging_mixin.py:190} INFO - [2026-09-17T20:23:19.483+0000] {dag.py:3239} INFO - Sync 2 DAGs
[2026-09-17T20:23:19.508+0000] {logging_mixin.py:190} INFO - [2026-09-17T20:23:19.508+0000] {dag.py:4180} INFO - Setting next_dagrun for read_dataset_event to 2026-09-16 00:00:00+00:00, run_after=2026-09-17 00:00:00+00:00
[2026-09-17T20:23:19.514+0000] {logging_mixin.py:190} INFO - [2026-09-17T20:23:19.514+0000] {dag.py:4180} INFO - Setting next_dagrun for read_dataset_event_from_classic to 2026-09-16 00:00:00+00:00, run_after=2026-09-17 00:00:00+00:00
[2026-09-17T20:23:19.538+0000] {processor.py:208} INFO - Processing /home/airflow/.local/lib/python3.12/site-packages/airflow/example_dags/example_inlet_event_extra.py took 0.682 seconds
[2026-09-17T20:23:50.522+0000] {processor.py:186} INFO - Started process (PID=1849) to work on /home/airflow/.local/lib/python3.12/site-packages/airflow/example_dags/example_inlet_event_extra.py
[2026-09-17T20:23:50.524+0000] {processor.py:914} INFO - Processing file /home/airflow/.local/lib/python3.12/site-packages/airflow/example_dags/example_inlet_event_extra.py for tasks to queue
[2026-09-17T20:23:50.527+0000] {logging_mixin.py:190} INFO - [2026-09-17T20:23:50.526+0000] {dagbag.py:588} INFO - Filling up the DagBag from /home/airflow/.local/lib/python3.12/site-packages/airflow/example_dags/example_inlet_event_extra.py
[2026-09-17T20:23:51.095+0000] {processor.py:925} INFO - DAG(s) 'read_dataset_event', 'read_dataset_event_from_classic' retrieved from /home/airflow/.local/lib/python3.12/site-packages/airflow/example_dags/example_inlet_event_extra.py
[2026-09-17T20:23:51.122+0000] {logging_mixin.py:190} INFO - [2026-09-17T20:23:51.122+0000] {dag.py:3239} INFO - Sync 2 DAGs
[2026-09-17T20:23:51.148+0000] {logging_mixin.py:190} INFO - [2026-09-17T20:23:51.148+0000] {dag.py:4180} INFO - Setting next_dagrun for read_dataset_event to 2026-09-16 00:00:00+00:00, run_after=2026-09-17 00:00:00+00:00
[2026-09-17T20:23:51.154+0000] {logging_mixin.py:190} INFO - [2026-09-17T20:23:51.154+0000] {dag.py:4180} INFO - Setting next_dagrun for read_dataset_event_from_classic to 2026-09-16 00:00:00+00:00, run_after=2026-09-17 00:00:00+00:00
[2026-09-17T20:23:51.177+0000] {processor.py:208} INFO - Processing /home/airflow/.local/lib/python3.12/site-packages/airflow/example_dags/example_inlet_event_extra.py took 0.661 seconds
[2026-09-17T20:24:21.590+0000] {processor.py:186} INFO - Started process (PID=1914) to work on /home/airflow/.local/lib/python3.12/site-packages/airflow/example_dags/example_inlet_event_extra.py
[2026-09-17T20:24:21.592+0000] {processor.py:914} INFO - Processing file /home/airflow/.local/lib/python3.12/site-packages/airflow/example_dags/example_inlet_event_extra.py for tasks to queue
[2026-09-17T20:24:21.594+0000] {logging_mixin.py:190} INFO - [2026-09-17T20:24:21.594+0000] {dagbag.py:588} INFO - Filling up the DagBag from /home/airflow/.local/lib/python3.12/site-packages/airflow/example_dags/example_inlet_event_extra.py
[2026-09-17T20:24:22.277+0000] {processor.py:925} INFO - DAG(s) 'read_dataset_event_from_classic', 'read_dataset_event' retrieved from /home/airflow/.local/lib/python3.12/site-packages/airflow/example_dags/example_inlet_event_extra.py
[2026-09-17T20:24:22.304+0000] {logging_mixin.py:190} INFO - [2026-09-17T20:24:22.304+0000] {dag.py:3239} INFO - Sync 2 DAGs
[2026-09-17T20:24:22.329+0000] {logging_mixin.py:190} INFO - [2026-09-17T20:24:22.329+0000] {dag.py:4180} INFO - Setting next_dagrun for read_dataset_event to 2026-09-16 00:00:00+00:00, run_after=2026-09-17 00:00:00+00:00
[2026-09-17T20:24:22.335+0000] {logging_mixin.py:190} INFO - [2026-09-17T20:24:22.335+0000] {dag.py:4180} INFO - Setting next_dagrun for read_dataset_event_from_classic to 2026-09-16 00:00:00+00:00, run_after=2026-09-17 00:00:00+00:00
[2026-09-17T20:24:22.354+0000] {processor.py:208} INFO - Processing /home/airflow/.local/lib/python3.12/site-packages/airflow/example_dags/example_inlet_event_extra.py took 0.770 seconds
[2026-09-17T20:24:53.792+0000] {processor.py:186} INFO - Started process (PID=1985) to work on /home/airflow/.local/lib/python3.12/site-packages/airflow/example_dags/example_inlet_event_extra.py
[2026-09-17T20:24:53.794+0000] {processor.py:914} INFO - Processing file /home/airflow/.local/lib/python3.12/site-packages/airflow/example_dags/example_inlet_event_extra.py for tasks to queue
[2026-09-17T20:24:53.797+0000] {logging_mixin.py:190} INFO - [2026-09-17T20:24:53.796+0000] {dagbag.py:588} INFO - Filling up the DagBag from /home/airflow/.local/lib/python3.12/site-packages/airflow/example_dags/example_inlet_event_extra.py
[2026-09-17T20:24:54.454+0000] {processor.py:925} INFO - DAG(s) 'read_dataset_event_from_classic', 'read_dataset_event' retrieved from /home/airflow/.local/lib/python3.12/site-packages/airflow/example_dags/example_inlet_event_extra.py
[2026-09-17T20:24:54.482+0000] {logging_mixin.py:190} INFO - [2026-09-17T20:24:54.482+0000] {dag.py:3239} INFO - Sync 2 DAGs
[2026-09-17T20:24:54.509+0000] {logging_mixin.py:190} INFO - [2026-09-17T20:24:54.509+0000] {dag.py:4180} INFO - Setting next_dagrun for read_dataset_event to 2026-09-16 00:00:00+00:00, run_after=2026-09-17 00:00:00+00:00
[2026-09-17T20:24:54.516+0000] {logging_mixin.py:190} INFO - [2026-09-17T20:24:54.515+0000] {dag.py:4180} INFO - Setting next_dagrun for read_dataset_event_from_classic to 2026-09-16 00:00:00+00:00, run_after=2026-09-17 00:00:00+00:00
[2026-09-17T20:24:54.542+0000] {processor.py:208} INFO - Processing /home/airflow/.local/lib/python3.12/site-packages/airflow/example_dags/example_inlet_event_extra.py took 0.755 seconds
[2026-09-17T20:25:25.668+0000] {processor.py:186} INFO - Started process (PID=2053) to work on /home/airflow/.local/lib/python3.12/site-packages/airflow/example_dags/example_inlet_event_extra.py
[2026-09-17T20:25:25.670+0000] {processor.py:914} INFO - Processing file /home/airflow/.local/lib/python3.12/site-packages/airflow/example_dags/example_inlet_event_extra.py for tasks to queue
[2026-09-17T20:25:25.672+0000] {logging_mixin.py:190} INFO - [2026-09-17T20:25:25.672+0000] {dagbag.py:588} INFO - Filling up the DagBag from /home/airflow/.local/lib/python3.12/site-packages/airflow/example_dags/example_inlet_event_extra.py
[2026-09-17T20:25:26.247+0000] {processor.py:925} INFO - DAG(s) 'read_dataset_event_from_classic', 'read_dataset_event' retrieved from /home/airflow/.local/lib/python3.12/site-packages/airflow/example_dags/example_inlet_event_extra.py
[2026-09-17T20:25:26.274+0000] {logging_mixin.py:190} INFO - [2026-09-17T20:25:26.274+0000] {dag.py:3239} INFO - Sync 2 DAGs
[2026-09-17T20:25:26.298+0000] {logging_mixin.py:190} INFO - [2026-09-17T20:25:26.298+0000] {dag.py:4180} INFO - Setting next_dagrun for read_dataset_event to 2026-09-16 00:00:00+00:00, run_after=2026-09-17 00:00:00+00:00
[2026-09-17T20:25:26.304+0000] {logging_mixin.py:190} INFO - [2026-09-17T20:25:26.304+0000] {dag.py:4180} INFO - Setting next_dagrun for read_dataset_event_from_classic to 2026-09-16 00:00:00+00:00, run_after=2026-09-17 00:00:00+00:00
[2026-09-17T20:25:26.322+0000] {processor.py:208} INFO - Processing /home/airflow/.local/lib/python3.12/site-packages/airflow/example_dags/example_inlet_event_extra.py took 0.662 seconds
[2026-09-17T20:25:58.125+0000] {processor.py:186} INFO - Started process (PID=2123) to work on /home/airflow/.local/lib/python3.12/site-packages/airflow/example_dags/example_inlet_event_extra.py
[2026-09-17T20:25:58.127+0000] {processor.py:914} INFO - Processing file /home/airflow/.local/lib/python3.12/site-packages/airflow/example_dags/example_inlet_event_extra.py for tasks to queue
[2026-09-17T20:25:58.130+0000] {logging_mixin.py:190} INFO - [2026-09-17T20:25:58.129+0000] {dagbag.py:588} INFO - Filling up the DagBag from /home/airflow/.local/lib/python3.12/site-packages/airflow/example_dags/example_inlet_event_extra.py
[2026-09-17T20:25:58.842+0000] {processor.py:925} INFO - DAG(s) 'read_dataset_event_from_classic', 'read_dataset_event' retrieved from /home/airflow/.local/lib/python3.12/site-packages/airflow/example_dags/example_inlet_event_extra.py
[2026-09-17T20:25:58.871+0000] {logging_mixin.py:190} INFO - [2026-09-17T20:25:58.871+0000] {dag.py:3239} INFO - Sync 2 DAGs
[2026-09-17T20:25:58.897+0000] {logging_mixin.py:190} INFO - [2026-09-17T20:25:58.897+0000] {dag.py:4180} INFO - Setting next_dagrun for read_dataset_event to 2026-09-16 00:00:00+00:00, run_after=2026-09-17 00:00:00+00:00
[2026-09-17T20:25:58.903+0000] {logging_mixin.py:190} INFO - [2026-09-17T20:25:58.903+0000] {dag.py:4180} INFO - Setting next_dagrun for read_dataset_event_from_classic to 2026-09-16 00:00:00+00:00, run_after=2026-09-17 00:00:00+00:00
[2026-09-17T20:25:58.927+0000] {processor.py:208} INFO - Processing /home/airflow/.local/lib/python3.12/site-packages/airflow/example_dags/example_inlet_event_extra.py took 0.809 seconds
[2026-09-17T20:26:29.584+0000] {processor.py:186} INFO - Started process (PID=2190) to work on /home/airflow/.local/lib/python3.12/site-packages/airflow/example_dags/example_inlet_event_extra.py
[2026-09-17T20:26:29.586+0000] {processor.py:914} INFO - Processing file /home/airflow/.local/lib/python3.12/site-packages/airflow/example_dags/example_inlet_event_extra.py for tasks to queue
[2026-09-17T20:26:29.589+0000] {logging_mixin.py:190} INFO - [2026-09-17T20:26:29.588+0000] {dagbag.py:588} INFO - Filling up the DagBag from /home/airflow/.local/lib/python3.12/site-packages/airflow/example_dags/example_inlet_event_extra.py
[2026-09-17T20:26:30.185+0000] {processor.py:925} INFO - DAG(s) 'read_dataset_event_from_classic', 'read_dataset_event' retrieved from /home/airflow/.local/lib/python3.12/site-packages/airflow/example_dags/example_inlet_event_extra.py
[2026-09-17T20:26:30.211+0000] {logging_mixin.py:190} INFO - [2026-09-17T20:26:30.210+0000] {dag.py:3239} INFO - Sync 2 DAGs
[2026-09-17T20:26:30.237+0000] {logging_mixin.py:190} INFO - [2026-09-17T20:26:30.237+0000] {dag.py:4180} INFO - Setting next_dagrun for read_dataset_event to 2026-09-16 00:00:00+00:00, run_after=2026-09-17 00:00:00+00:00
[2026-09-17T20:26:30.244+0000] {logging_mixin.py:190} INFO - [2026-09-17T20:26:30.243+0000] {dag.py:4180} INFO - Setting next_dagrun for read_dataset_event_from_classic to 2026-09-16 00:00:00+00:00, run_after=2026-09-17 00:00:00+00:00
[2026-09-17T20:26:30.263+0000] {processor.py:208} INFO - Processing /home/airflow/.local/lib/python3.12/site-packages/airflow/example_dags/example_inlet_event_extra.py took 0.685 seconds
[2026-09-17T20:28:37.623+0000] {processor.py:186} INFO - Started process (PID=85) to work on /home/airflow/.local/lib/python3.12/site-packages/airflow/example_dags/example_inlet_event_extra.py
[2026-09-17T20:28:37.625+0000] {processor.py:914} INFO - Processing file /home/airflow/.local/lib/python3.12/site-packages/airflow/example_dags/example_inlet_event_extra.py for tasks to queue
[2026-09-17T20:28:37.628+0000] {logging_mixin.py:190} INFO - [2026-09-17T20:28:37.627+0000] {dagbag.py:588} INFO - Filling up the DagBag from /home/airflow/.local/lib/python3.12/site-packages/airflow/example_dags/example_inlet_event_extra.py
[2026-09-17T20:28:38.163+0000] {processor.py:925} INFO - DAG(s) 'read_dataset_event', 'read_dataset_event_from_classic' retrieved from /home/airflow/.local/lib/python3.12/site-packages/airflow/example_dags/example_inlet_event_extra.py
[2026-09-17T20:28:38.207+0000] {logging_mixin.py:190} INFO - [2026-09-17T20:28:38.206+0000] {dag.py:3239} INFO - Sync 2 DAGs
[2026-09-17T20:28:38.244+0000] {logging_mixin.py:190} INFO - [2026-09-17T20:28:38.244+0000] {dag.py:4180} INFO - Setting next_dagrun for read_dataset_event to 2026-09-16 00:00:00+00:00, run_after=2026-09-17 00:00:00+00:00
[2026-09-17T20:28:38.252+0000] {logging_mixin.py:190} INFO - [2026-09-17T20:28:38.252+0000] {dag.py:4180} INFO - Setting next_dagrun for read_dataset_event_from_classic to 2026-09-16 00:00:00+00:00, run_after=2026-09-17 00:00:00+00:00
[2026-09-17T20:28:38.281+0000] {processor.py:208} INFO - Processing /home/airflow/.local/lib/python3.12/site-packages/airflow/example_dags/example_inlet_event_extra.py took 0.665 seconds
[2026-09-17T20:29:09.157+0000] {processor.py:186} INFO - Started process (PID=150) to work on /home/airflow/.local/lib/python3.12/site-packages/airflow/example_dags/example_inlet_event_extra.py
[2026-09-17T20:29:09.159+0000] {processor.py:914} INFO - Processing file /home/airflow/.local/lib/python3.12/site-packages/airflow/example_dags/example_inlet_event_extra.py for tasks to queue
[2026-09-17T20:29:09.162+0000] {logging_mixin.py:190} INFO - [2026-09-17T20:29:09.161+0000] {dagbag.py:588} INFO - Filling up the DagBag from /home/airflow/.local/lib/python3.12/site-packages/airflow/example_dags/example_inlet_event_extra.py
[2026-09-17T20:29:09.649+0000] {processor.py:925} INFO - DAG(s) 'read_dataset_event_from_classic', 'read_dataset_event' retrieved from /home/airflow/.local/lib/python3.12/site-packages/airflow/example_dags/example_inlet_event_extra.py
[2026-09-17T20:29:09.682+0000] {logging_mixin.py:190} INFO - [2026-09-17T20:29:09.681+0000] {dag.py:3239} INFO - Sync 2 DAGs
[2026-09-17T20:29:09.710+0000] {logging_mixin.py:190} INFO - [2026-09-17T20:29:09.710+0000] {dag.py:4180} INFO - Setting next_dagrun for read_dataset_event to 2026-09-16 00:00:00+00:00, run_after=2026-09-17 00:00:00+00:00
[2026-09-17T20:29:09.717+0000] {logging_mixin.py:190} INFO - [2026-09-17T20:29:09.716+0000] {dag.py:4180} INFO - Setting next_dagrun for read_dataset_event_from_classic to 2026-09-16 00:00:00+00:00, run_after=2026-09-17 00:00:00+00:00
[2026-09-17T20:29:09.742+0000] {processor.py:208} INFO - Processing /home/airflow/.local/lib/python3.12/site-packages/airflow/example_dags/example_inlet_event_extra.py took 0.592 seconds
[2026-09-17T20:29:40.213+0000] {processor.py:186} INFO - Started process (PID=214) to work on /home/airflow/.local/lib/python3.12/site-packages/airflow/example_dags/example_inlet_event_extra.py
[2026-09-17T20:29:40.216+0000] {processor.py:914} INFO - Processing file /home/airflow/.local/lib/python3.12/site-packages/airflow/example_dags/example_inlet_event_extra.py for tasks to queue
[2026-09-17T20:29:40.218+0000] {logging_mixin.py:190} INFO - [2026-09-17T20:29:40.218+0000] {dagbag.py:588} INFO - Filling up the DagBag from /home/airflow/.local/lib/python3.12/site-packages/airflow/example_dags/example_inlet_event_extra.py
[2026-09-17T20:29:40.782+0000] {processor.py:925} INFO - DAG(s) 'read_dataset_event', 'read_dataset_event_from_classic' retrieved from /home/airflow/.local/lib/python3.12/site-packages/airflow/example_dags/example_inlet_event_extra.py
[2026-09-17T20:29:40.819+0000] {logging_mixin.py:190} INFO - [2026-09-17T20:29:40.819+0000] {dag.py:3239} INFO - Sync 2 DAGs
[2026-09-17T20:29:41.180+0000] {logging_mixin.py:190} INFO - [2026-09-17T20:29:41.180+0000] {dag.py:4180} INFO - Setting next_dagrun for read_dataset_event to 2026-09-16 00:00:00+00:00, run_after=2026-09-17 00:00:00+00:00
[2026-09-17T20:29:41.187+0000] {logging_mixin.py:190} INFO - [2026-09-17T20:29:41.186+0000] {dag.py:4180} INFO - Setting next_dagrun for read_dataset_event_from_classic to 2026-09-16 00:00:00+00:00, run_after=2026-09-17 00:00:00+00:00
[2026-09-17T20:29:41.215+0000] {processor.py:208} INFO - Processing /home/airflow/.local/lib/python3.12/site-packages/airflow/example_dags/example_inlet_event_extra.py took 1.010 seconds
[2026-09-17T20:30:11.425+0000] {processor.py:186} INFO - Started process (PID=272) to work on /home/airflow/.local/lib/python3.12/site-packages/airflow/example_dags/example_inlet_event_extra.py
[2026-09-17T20:30:11.427+0000] {processor.py:914} INFO - Processing file /home/airflow/.local/lib/python3.12/site-packages/airflow/example_dags/example_inlet_event_extra.py for tasks to queue
[2026-09-17T20:30:11.429+0000] {logging_mixin.py:190} INFO - [2026-09-17T20:30:11.428+0000] {dagbag.py:588} INFO - Filling up the DagBag from /home/airflow/.local/lib/python3.12/site-packages/airflow/example_dags/example_inlet_event_extra.py
[2026-09-17T20:30:11.918+0000] {processor.py:925} INFO - DAG(s) 'read_dataset_event', 'read_dataset_event_from_classic' retrieved from /home/airflow/.local/lib/python3.12/site-packages/airflow/example_dags/example_inlet_event_extra.py
[2026-09-17T20:30:11.949+0000] {logging_mixin.py:190} INFO - [2026-09-17T20:30:11.949+0000] {dag.py:3239} INFO - Sync 2 DAGs
[2026-09-17T20:30:11.987+0000] {logging_mixin.py:190} INFO - [2026-09-17T20:30:11.987+0000] {dag.py:4180} INFO - Setting next_dagrun for read_dataset_event to 2026-09-16 00:00:00+00:00, run_after=2026-09-17 00:00:00+00:00
[2026-09-17T20:30:12.250+0000] {logging_mixin.py:190} INFO - [2026-09-17T20:30:12.250+0000] {dag.py:4180} INFO - Setting next_dagrun for read_dataset_event_from_classic to 2026-09-16 00:00:00+00:00, run_after=2026-09-17 00:00:00+00:00
[2026-09-17T20:30:12.276+0000] {processor.py:208} INFO - Processing /home/airflow/.local/lib/python3.12/site-packages/airflow/example_dags/example_inlet_event_extra.py took 0.858 seconds
[2026-09-17T20:30:42.877+0000] {processor.py:186} INFO - Started process (PID=337) to work on /home/airflow/.local/lib/python3.12/site-packages/airflow/example_dags/example_inlet_event_extra.py
[2026-09-17T20:30:42.879+0000] {processor.py:914} INFO - Processing file /home/airflow/.local/lib/python3.12/site-packages/airflow/example_dags/example_inlet_event_extra.py for tasks to queue
[2026-09-17T20:30:42.882+0000] {logging_mixin.py:190} INFO - [2026-09-17T20:30:42.881+0000] {dagbag.py:588} INFO - Filling up the DagBag from /home/airflow/.local/lib/python3.12/site-packages/airflow/example_dags/example_inlet_event_extra.py
[2026-09-17T20:30:43.362+0000] {processor.py:925} INFO - DAG(s) 'read_dataset_event', 'read_dataset_event_from_classic' retrieved from /home/airflow/.local/lib/python3.12/site-packages/airflow/example_dags/example_inlet_event_extra.py
[2026-09-17T20:30:43.395+0000] {logging_mixin.py:190} INFO - [2026-09-17T20:30:43.394+0000] {dag.py:3239} INFO - Sync 2 DAGs
[2026-09-17T20:30:43.428+0000] {logging_mixin.py:190} INFO - [2026-09-17T20:30:43.428+0000] {dag.py:4180} INFO - Setting next_dagrun for read_dataset_event to 2026-09-16 00:00:00+00:00, run_after=2026-09-17 00:00:00+00:00
[2026-09-17T20:30:43.435+0000] {logging_mixin.py:190} INFO - [2026-09-17T20:30:43.435+0000] {dag.py:4180} INFO - Setting next_dagrun for read_dataset_event_from_classic to 2026-09-16 00:00:00+00:00, run_after=2026-09-17 00:00:00+00:00
[2026-09-17T20:30:43.466+0000] {processor.py:208} INFO - Processing /home/airflow/.local/lib/python3.12/site-packages/airflow/example_dags/example_inlet_event_extra.py took 0.595 seconds
[2026-09-17T20:31:13.730+0000] {processor.py:186} INFO - Started process (PID=401) to work on /home/airflow/.local/lib/python3.12/site-packages/airflow/example_dags/example_inlet_event_extra.py
[2026-09-17T20:31:13.732+0000] {processor.py:914} INFO - Processing file /home/airflow/.local/lib/python3.12/site-packages/airflow/example_dags/example_inlet_event_extra.py for tasks to queue
[2026-09-17T20:31:13.734+0000] {logging_mixin.py:190} INFO - [2026-09-17T20:31:13.734+0000] {dagbag.py:588} INFO - Filling up the DagBag from /home/airflow/.local/lib/python3.12/site-packages/airflow/example_dags/example_inlet_event_extra.py
[2026-09-17T20:31:14.196+0000] {processor.py:925} INFO - DAG(s) 'read_dataset_event', 'read_dataset_event_from_classic' retrieved from /home/airflow/.local/lib/python3.12/site-packages/airflow/example_dags/example_inlet_event_extra.py
[2026-09-17T20:31:14.227+0000] {logging_mixin.py:190} INFO - [2026-09-17T20:31:14.226+0000] {dag.py:3239} INFO - Sync 2 DAGs
[2026-09-17T20:31:14.258+0000] {logging_mixin.py:190} INFO - [2026-09-17T20:31:14.258+0000] {dag.py:4180} INFO - Setting next_dagrun for read_dataset_event to 2026-09-16 00:00:00+00:00, run_after=2026-09-17 00:00:00+00:00
[2026-09-17T20:31:14.264+0000] {logging_mixin.py:190} INFO - [2026-09-17T20:31:14.264+0000] {dag.py:4180} INFO - Setting next_dagrun for read_dataset_event_from_classic to 2026-09-16 00:00:00+00:00, run_after=2026-09-17 00:00:00+00:00
[2026-09-17T20:31:14.288+0000] {processor.py:208} INFO - Processing /home/airflow/.local/lib/python3.12/site-packages/airflow/example_dags/example_inlet_event_extra.py took 0.564 seconds
[2026-09-17T20:31:44.937+0000] {processor.py:186} INFO - Started process (PID=467) to work on /home/airflow/.local/lib/python3.12/site-packages/airflow/example_dags/example_inlet_event_extra.py
[2026-09-17T20:31:44.939+0000] {processor.py:914} INFO - Processing file /home/airflow/.local/lib/python3.12/site-packages/airflow/example_dags/example_inlet_event_extra.py for tasks to queue
[2026-09-17T20:31:44.942+0000] {logging_mixin.py:190} INFO - [2026-09-17T20:31:44.941+0000] {dagbag.py:588} INFO - Filling up the DagBag from /home/airflow/.local/lib/python3.12/site-packages/airflow/example_dags/example_inlet_event_extra.py
[2026-09-17T20:31:46.034+0000] {processor.py:925} INFO - DAG(s) 'read_dataset_event', 'read_dataset_event_from_classic' retrieved from /home/airflow/.local/lib/python3.12/site-packages/airflow/example_dags/example_inlet_event_extra.py
[2026-09-17T20:31:46.065+0000] {logging_mixin.py:190} INFO - [2026-09-17T20:31:46.065+0000] {dag.py:3239} INFO - Sync 2 DAGs
[2026-09-17T20:31:46.094+0000] {logging_mixin.py:190} INFO - [2026-09-17T20:31:46.094+0000] {dag.py:4180} INFO - Setting next_dagrun for read_dataset_event to 2026-09-16 00:00:00+00:00, run_after=2026-09-17 00:00:00+00:00
[2026-09-17T20:31:46.102+0000] {logging_mixin.py:190} INFO - [2026-09-17T20:31:46.101+0000] {dag.py:4180} INFO - Setting next_dagrun for read_dataset_event_from_classic to 2026-09-16 00:00:00+00:00, run_after=2026-09-17 00:00:00+00:00
[2026-09-17T20:31:46.132+0000] {processor.py:208} INFO - Processing /home/airflow/.local/lib/python3.12/site-packages/airflow/example_dags/example_inlet_event_extra.py took 1.221 seconds
[2026-09-17T20:32:21.249+0000] {processor.py:186} INFO - Started process (PID=532) to work on /home/airflow/.local/lib/python3.12/site-packages/airflow/example_dags/example_inlet_event_extra.py
[2026-09-17T20:32:21.251+0000] {processor.py:914} INFO - Processing file /home/airflow/.local/lib/python3.12/site-packages/airflow/example_dags/example_inlet_event_extra.py for tasks to queue
[2026-09-17T20:32:21.254+0000] {logging_mixin.py:190} INFO - [2026-09-17T20:32:21.253+0000] {dagbag.py:588} INFO - Filling up the DagBag from /home/airflow/.local/lib/python3.12/site-packages/airflow/example_dags/example_inlet_event_extra.py
[2026-09-17T20:32:21.774+0000] {processor.py:925} INFO - DAG(s) 'read_dataset_event', 'read_dataset_event_from_classic' retrieved from /home/airflow/.local/lib/python3.12/site-packages/airflow/example_dags/example_inlet_event_extra.py
[2026-09-17T20:32:22.046+0000] {logging_mixin.py:190} INFO - [2026-09-17T20:32:22.045+0000] {dag.py:3239} INFO - Sync 2 DAGs
[2026-09-17T20:32:22.078+0000] {logging_mixin.py:190} INFO - [2026-09-17T20:32:22.077+0000] {dag.py:4180} INFO - Setting next_dagrun for read_dataset_event to 2026-09-16 00:00:00+00:00, run_after=2026-09-17 00:00:00+00:00
[2026-09-17T20:32:22.083+0000] {logging_mixin.py:190} INFO - [2026-09-17T20:32:22.083+0000] {dag.py:4180} INFO - Setting next_dagrun for read_dataset_event_from_classic to 2026-09-16 00:00:00+00:00, run_after=2026-09-17 00:00:00+00:00
[2026-09-17T20:32:22.106+0000] {processor.py:208} INFO - Processing /home/airflow/.local/lib/python3.12/site-packages/airflow/example_dags/example_inlet_event_extra.py took 0.863 seconds
[2026-09-17T20:32:52.756+0000] {processor.py:186} INFO - Started process (PID=601) to work on /home/airflow/.local/lib/python3.12/site-packages/airflow/example_dags/example_inlet_event_extra.py
[2026-09-17T20:32:52.761+0000] {processor.py:914} INFO - Processing file /home/airflow/.local/lib/python3.12/site-packages/airflow/example_dags/example_inlet_event_extra.py for tasks to queue
[2026-09-17T20:32:52.764+0000] {logging_mixin.py:190} INFO - [2026-09-17T20:32:52.763+0000] {dagbag.py:588} INFO - Filling up the DagBag from /home/airflow/.local/lib/python3.12/site-packages/airflow/example_dags/example_inlet_event_extra.py
[2026-09-17T20:32:53.262+0000] {processor.py:925} INFO - DAG(s) 'read_dataset_event_from_classic', 'read_dataset_event' retrieved from /home/airflow/.local/lib/python3.12/site-packages/airflow/example_dags/example_inlet_event_extra.py
[2026-09-17T20:32:53.486+0000] {logging_mixin.py:190} INFO - [2026-09-17T20:32:53.485+0000] {dag.py:3239} INFO - Sync 2 DAGs
[2026-09-17T20:32:53.512+0000] {logging_mixin.py:190} INFO - [2026-09-17T20:32:53.512+0000] {dag.py:4180} INFO - Setting next_dagrun for read_dataset_event to 2026-09-16 00:00:00+00:00, run_after=2026-09-17 00:00:00+00:00
[2026-09-17T20:32:53.518+0000] {logging_mixin.py:190} INFO - [2026-09-17T20:32:53.518+0000] {dag.py:4180} INFO - Setting next_dagrun for read_dataset_event_from_classic to 2026-09-16 00:00:00+00:00, run_after=2026-09-17 00:00:00+00:00
[2026-09-17T20:32:53.539+0000] {processor.py:208} INFO - Processing /home/airflow/.local/lib/python3.12/site-packages/airflow/example_dags/example_inlet_event_extra.py took 0.790 seconds
[2026-09-17T20:33:23.725+0000] {processor.py:186} INFO - Started process (PID=669) to work on /home/airflow/.local/lib/python3.12/site-packages/airflow/example_dags/example_inlet_event_extra.py
[2026-09-17T20:33:23.727+0000] {processor.py:914} INFO - Processing file /home/airflow/.local/lib/python3.12/site-packages/airflow/example_dags/example_inlet_event_extra.py for tasks to queue
[2026-09-17T20:33:23.730+0000] {logging_mixin.py:190} INFO - [2026-09-17T20:33:23.729+0000] {dagbag.py:588} INFO - Filling up the DagBag from /home/airflow/.local/lib/python3.12/site-packages/airflow/example_dags/example_inlet_event_extra.py
[2026-09-17T20:33:24.216+0000] {processor.py:925} INFO - DAG(s) 'read_dataset_event_from_classic', 'read_dataset_event' retrieved from /home/airflow/.local/lib/python3.12/site-packages/airflow/example_dags/example_inlet_event_extra.py
[2026-09-17T20:33:24.427+0000] {logging_mixin.py:190} INFO - [2026-09-17T20:33:24.427+0000] {dag.py:3239} INFO - Sync 2 DAGs
[2026-09-17T20:33:24.456+0000] {logging_mixin.py:190} INFO - [2026-09-17T20:33:24.456+0000] {dag.py:4180} INFO - Setting next_dagrun for read_dataset_event to 2026-09-16 00:00:00+00:00, run_after=2026-09-17 00:00:00+00:00
[2026-09-17T20:33:24.463+0000] {logging_mixin.py:190} INFO - [2026-09-17T20:33:24.463+0000] {dag.py:4180} INFO - Setting next_dagrun for read_dataset_event_from_classic to 2026-09-16 00:00:00+00:00, run_after=2026-09-17 00:00:00+00:00
[2026-09-17T20:33:24.485+0000] {processor.py:208} INFO - Processing /home/airflow/.local/lib/python3.12/site-packages/airflow/example_dags/example_inlet_event_extra.py took 0.767 seconds
[2026-09-17T20:33:54.655+0000] {processor.py:186} INFO - Started process (PID=735) to work on /home/airflow/.local/lib/python3.12/site-packages/airflow/example_dags/example_inlet_event_extra.py
[2026-09-17T20:33:54.658+0000] {processor.py:914} INFO - Processing file /home/airflow/.local/lib/python3.12/site-packages/airflow/example_dags/example_inlet_event_extra.py for tasks to queue
[2026-09-17T20:33:54.660+0000] {logging_mixin.py:190} INFO - [2026-09-17T20:33:54.659+0000] {dagbag.py:588} INFO - Filling up the DagBag from /home/airflow/.local/lib/python3.12/site-packages/airflow/example_dags/example_inlet_event_extra.py
[2026-09-17T20:33:55.065+0000] {processor.py:925} INFO - DAG(s) 'read_dataset_event_from_classic', 'read_dataset_event' retrieved from /home/airflow/.local/lib/python3.12/site-packages/airflow/example_dags/example_inlet_event_extra.py
[2026-09-17T20:33:55.363+0000] {logging_mixin.py:190} INFO - [2026-09-17T20:33:55.363+0000] {dag.py:3239} INFO - Sync 2 DAGs
[2026-09-17T20:33:55.390+0000] {logging_mixin.py:190} INFO - [2026-09-17T20:33:55.389+0000] {dag.py:4180} INFO - Setting next_dagrun for read_dataset_event to 2026-09-16 00:00:00+00:00, run_after=2026-09-17 00:00:00+00:00
[2026-09-17T20:33:55.395+0000] {logging_mixin.py:190} INFO - [2026-09-17T20:33:55.395+0000] {dag.py:4180} INFO - Setting next_dagrun for read_dataset_event_from_classic to 2026-09-16 00:00:00+00:00, run_after=2026-09-17 00:00:00+00:00
[2026-09-17T20:33:55.414+0000] {processor.py:208} INFO - Processing /home/airflow/.local/lib/python3.12/site-packages/airflow/example_dags/example_inlet_event_extra.py took 0.764 seconds
[2026-09-17T20:34:25.521+0000] {processor.py:186} INFO - Started process (PID=800) to work on /home/airflow/.local/lib/python3.12/site-packages/airflow/example_dags/example_inlet_event_extra.py
[2026-09-17T20:34:25.523+0000] {processor.py:914} INFO - Processing file /home/airflow/.local/lib/python3.12/site-packages/airflow/example_dags/example_inlet_event_extra.py for tasks to queue
[2026-09-17T20:34:25.525+0000] {logging_mixin.py:190} INFO - [2026-09-17T20:34:25.524+0000] {dagbag.py:588} INFO - Filling up the DagBag from /home/airflow/.local/lib/python3.12/site-packages/airflow/example_dags/example_inlet_event_extra.py
[2026-09-17T20:34:26.218+0000] {processor.py:925} INFO - DAG(s) 'read_dataset_event', 'read_dataset_event_from_classic' retrieved from /home/airflow/.local/lib/python3.12/site-packages/airflow/example_dags/example_inlet_event_extra.py
[2026-09-17T20:34:26.245+0000] {logging_mixin.py:190} INFO - [2026-09-17T20:34:26.245+0000] {dag.py:3239} INFO - Sync 2 DAGs
[2026-09-17T20:34:26.278+0000] {logging_mixin.py:190} INFO - [2026-09-17T20:34:26.277+0000] {dag.py:4180} INFO - Setting next_dagrun for read_dataset_event to 2026-09-16 00:00:00+00:00, run_after=2026-09-17 00:00:00+00:00
[2026-09-17T20:34:26.286+0000] {logging_mixin.py:190} INFO - [2026-09-17T20:34:26.285+0000] {dag.py:4180} INFO - Setting next_dagrun for read_dataset_event_from_classic to 2026-09-16 00:00:00+00:00, run_after=2026-09-17 00:00:00+00:00
[2026-09-17T20:34:26.309+0000] {processor.py:208} INFO - Processing /home/airflow/.local/lib/python3.12/site-packages/airflow/example_dags/example_inlet_event_extra.py took 0.794 seconds
[2026-09-17T20:34:56.832+0000] {processor.py:186} INFO - Started process (PID=865) to work on /home/airflow/.local/lib/python3.12/site-packages/airflow/example_dags/example_inlet_event_extra.py
[2026-09-17T20:34:56.833+0000] {processor.py:914} INFO - Processing file /home/airflow/.local/lib/python3.12/site-packages/airflow/example_dags/example_inlet_event_extra.py for tasks to queue
[2026-09-17T20:34:56.836+0000] {logging_mixin.py:190} INFO - [2026-09-17T20:34:56.835+0000] {dagbag.py:588} INFO - Filling up the DagBag from /home/airflow/.local/lib/python3.12/site-packages/airflow/example_dags/example_inlet_event_extra.py
[2026-09-17T20:34:57.507+0000] {processor.py:925} INFO - DAG(s) 'read_dataset_event_from_classic', 'read_dataset_event' retrieved from /home/airflow/.local/lib/python3.12/site-packages/airflow/example_dags/example_inlet_event_extra.py
[2026-09-17T20:34:57.538+0000] {logging_mixin.py:190} INFO - [2026-09-17T20:34:57.537+0000] {dag.py:3239} INFO - Sync 2 DAGs
[2026-09-17T20:34:57.575+0000] {logging_mixin.py:190} INFO - [2026-09-17T20:34:57.575+0000] {dag.py:4180} INFO - Setting next_dagrun for read_dataset_event to 2026-09-16 00:00:00+00:00, run_after=2026-09-17 00:00:00+00:00
[2026-09-17T20:34:57.582+0000] {logging_mixin.py:190} INFO - [2026-09-17T20:34:57.581+0000] {dag.py:4180} INFO - Setting next_dagrun for read_dataset_event_from_classic to 2026-09-16 00:00:00+00:00, run_after=2026-09-17 00:00:00+00:00
[2026-09-17T20:34:57.606+0000] {processor.py:208} INFO - Processing /home/airflow/.local/lib/python3.12/site-packages/airflow/example_dags/example_inlet_event_extra.py took 0.781 seconds
[2026-09-17T20:35:28.370+0000] {processor.py:186} INFO - Started process (PID=930) to work on /home/airflow/.local/lib/python3.12/site-packages/airflow/example_dags/example_inlet_event_extra.py
[2026-09-17T20:35:28.372+0000] {processor.py:914} INFO - Processing file /home/airflow/.local/lib/python3.12/site-packages/airflow/example_dags/example_inlet_event_extra.py for tasks to queue
[2026-09-17T20:35:28.374+0000] {logging_mixin.py:190} INFO - [2026-09-17T20:35:28.374+0000] {dagbag.py:588} INFO - Filling up the DagBag from /home/airflow/.local/lib/python3.12/site-packages/airflow/example_dags/example_inlet_event_extra.py
[2026-09-17T20:35:28.981+0000] {processor.py:925} INFO - DAG(s) 'read_dataset_event', 'read_dataset_event_from_classic' retrieved from /home/airflow/.local/lib/python3.12/site-packages/airflow/example_dags/example_inlet_event_extra.py
[2026-09-17T20:35:29.009+0000] {logging_mixin.py:190} INFO - [2026-09-17T20:35:29.008+0000] {dag.py:3239} INFO - Sync 2 DAGs
[2026-09-17T20:35:29.035+0000] {logging_mixin.py:190} INFO - [2026-09-17T20:35:29.035+0000] {dag.py:4180} INFO - Setting next_dagrun for read_dataset_event to 2026-09-16 00:00:00+00:00, run_after=2026-09-17 00:00:00+00:00
[2026-09-17T20:35:29.044+0000] {logging_mixin.py:190} INFO - [2026-09-17T20:35:29.044+0000] {dag.py:4180} INFO - Setting next_dagrun for read_dataset_event_from_classic to 2026-09-16 00:00:00+00:00, run_after=2026-09-17 00:00:00+00:00
[2026-09-17T20:35:29.065+0000] {processor.py:208} INFO - Processing /home/airflow/.local/lib/python3.12/site-packages/airflow/example_dags/example_inlet_event_extra.py took 0.702 seconds
[2026-09-17T20:35:59.290+0000] {processor.py:186} INFO - Started process (PID=995) to work on /home/airflow/.local/lib/python3.12/site-packages/airflow/example_dags/example_inlet_event_extra.py
[2026-09-17T20:35:59.292+0000] {processor.py:914} INFO - Processing file /home/airflow/.local/lib/python3.12/site-packages/airflow/example_dags/example_inlet_event_extra.py for tasks to queue
[2026-09-17T20:35:59.294+0000] {logging_mixin.py:190} INFO - [2026-09-17T20:35:59.294+0000] {dagbag.py:588} INFO - Filling up the DagBag from /home/airflow/.local/lib/python3.12/site-packages/airflow/example_dags/example_inlet_event_extra.py
[2026-09-17T20:35:59.991+0000] {processor.py:925} INFO - DAG(s) 'read_dataset_event_from_classic', 'read_dataset_event' retrieved from /home/airflow/.local/lib/python3.12/site-packages/airflow/example_dags/example_inlet_event_extra.py
[2026-09-17T20:36:00.021+0000] {logging_mixin.py:190} INFO - [2026-09-17T20:36:00.021+0000] {dag.py:3239} INFO - Sync 2 DAGs
[2026-09-17T20:36:00.054+0000] {logging_mixin.py:190} INFO - [2026-09-17T20:36:00.053+0000] {dag.py:4180} INFO - Setting next_dagrun for read_dataset_event to 2026-09-16 00:00:00+00:00, run_after=2026-09-17 00:00:00+00:00
[2026-09-17T20:36:00.059+0000] {logging_mixin.py:190} INFO - [2026-09-17T20:36:00.059+0000] {dag.py:4180} INFO - Setting next_dagrun for read_dataset_event_from_classic to 2026-09-16 00:00:00+00:00, run_after=2026-09-17 00:00:00+00:00
[2026-09-17T20:36:00.093+0000] {processor.py:208} INFO - Processing /home/airflow/.local/lib/python3.12/site-packages/airflow/example_dags/example_inlet_event_extra.py took 0.809 seconds
[2026-09-17T20:36:30.647+0000] {processor.py:186} INFO - Started process (PID=1060) to work on /home/airflow/.local/lib/python3.12/site-packages/airflow/example_dags/example_inlet_event_extra.py
[2026-09-17T20:36:30.648+0000] {processor.py:914} INFO - Processing file /home/airflow/.local/lib/python3.12/site-packages/airflow/example_dags/example_inlet_event_extra.py for tasks to queue
[2026-09-17T20:36:30.650+0000] {logging_mixin.py:190} INFO - [2026-09-17T20:36:30.650+0000] {dagbag.py:588} INFO - Filling up the DagBag from /home/airflow/.local/lib/python3.12/site-packages/airflow/example_dags/example_inlet_event_extra.py
[2026-09-17T20:36:31.338+0000] {processor.py:925} INFO - DAG(s) 'read_dataset_event_from_classic', 'read_dataset_event' retrieved from /home/airflow/.local/lib/python3.12/site-packages/airflow/example_dags/example_inlet_event_extra.py
[2026-09-17T20:36:31.368+0000] {logging_mixin.py:190} INFO - [2026-09-17T20:36:31.367+0000] {dag.py:3239} INFO - Sync 2 DAGs
[2026-09-17T20:36:31.395+0000] {logging_mixin.py:190} INFO - [2026-09-17T20:36:31.394+0000] {dag.py:4180} INFO - Setting next_dagrun for read_dataset_event to 2026-09-16 00:00:00+00:00, run_after=2026-09-17 00:00:00+00:00
[2026-09-17T20:36:31.401+0000] {logging_mixin.py:190} INFO - [2026-09-17T20:36:31.401+0000] {dag.py:4180} INFO - Setting next_dagrun for read_dataset_event_from_classic to 2026-09-16 00:00:00+00:00, run_after=2026-09-17 00:00:00+00:00
[2026-09-17T20:36:31.423+0000] {processor.py:208} INFO - Processing /home/airflow/.local/lib/python3.12/site-packages/airflow/example_dags/example_inlet_event_extra.py took 0.782 seconds
[2026-09-17T20:37:02.109+0000] {processor.py:186} INFO - Started process (PID=1125) to work on /home/airflow/.local/lib/python3.12/site-packages/airflow/example_dags/example_inlet_event_extra.py
[2026-09-17T20:37:02.112+0000] {processor.py:914} INFO - Processing file /home/airflow/.local/lib/python3.12/site-packages/airflow/example_dags/example_inlet_event_extra.py for tasks to queue
[2026-09-17T20:37:02.114+0000] {logging_mixin.py:190} INFO - [2026-09-17T20:37:02.114+0000] {dagbag.py:588} INFO - Filling up the DagBag from /home/airflow/.local/lib/python3.12/site-packages/airflow/example_dags/example_inlet_event_extra.py
[2026-09-17T20:37:02.920+0000] {processor.py:925} INFO - DAG(s) 'read_dataset_event', 'read_dataset_event_from_classic' retrieved from /home/airflow/.local/lib/python3.12/site-packages/airflow/example_dags/example_inlet_event_extra.py
[2026-09-17T20:37:02.959+0000] {logging_mixin.py:190} INFO - [2026-09-17T20:37:02.959+0000] {dag.py:3239} INFO - Sync 2 DAGs
[2026-09-17T20:37:02.989+0000] {logging_mixin.py:190} INFO - [2026-09-17T20:37:02.989+0000] {dag.py:4180} INFO - Setting next_dagrun for read_dataset_event to 2026-09-16 00:00:00+00:00, run_after=2026-09-17 00:00:00+00:00
[2026-09-17T20:37:02.997+0000] {logging_mixin.py:190} INFO - [2026-09-17T20:37:02.996+0000] {dag.py:4180} INFO - Setting next_dagrun for read_dataset_event_from_classic to 2026-09-16 00:00:00+00:00, run_after=2026-09-17 00:00:00+00:00
[2026-09-17T20:37:03.021+0000] {processor.py:208} INFO - Processing /home/airflow/.local/lib/python3.12/site-packages/airflow/example_dags/example_inlet_event_extra.py took 0.919 seconds
[2026-09-17T20:37:33.162+0000] {processor.py:186} INFO - Started process (PID=1189) to work on /home/airflow/.local/lib/python3.12/site-packages/airflow/example_dags/example_inlet_event_extra.py
[2026-09-17T20:37:33.164+0000] {processor.py:914} INFO - Processing file /home/airflow/.local/lib/python3.12/site-packages/airflow/example_dags/example_inlet_event_extra.py for tasks to queue
[2026-09-17T20:37:33.166+0000] {logging_mixin.py:190} INFO - [2026-09-17T20:37:33.166+0000] {dagbag.py:588} INFO - Filling up the DagBag from /home/airflow/.local/lib/python3.12/site-packages/airflow/example_dags/example_inlet_event_extra.py
[2026-09-17T20:37:33.869+0000] {processor.py:925} INFO - DAG(s) 'read_dataset_event', 'read_dataset_event_from_classic' retrieved from /home/airflow/.local/lib/python3.12/site-packages/airflow/example_dags/example_inlet_event_extra.py
[2026-09-17T20:37:33.904+0000] {logging_mixin.py:190} INFO - [2026-09-17T20:37:33.904+0000] {dag.py:3239} INFO - Sync 2 DAGs
[2026-09-17T20:37:33.938+0000] {logging_mixin.py:190} INFO - [2026-09-17T20:37:33.938+0000] {dag.py:4180} INFO - Setting next_dagrun for read_dataset_event to 2026-09-16 00:00:00+00:00, run_after=2026-09-17 00:00:00+00:00
[2026-09-17T20:37:33.945+0000] {logging_mixin.py:190} INFO - [2026-09-17T20:37:33.945+0000] {dag.py:4180} INFO - Setting next_dagrun for read_dataset_event_from_classic to 2026-09-16 00:00:00+00:00, run_after=2026-09-17 00:00:00+00:00
[2026-09-17T20:37:33.971+0000] {processor.py:208} INFO - Processing /home/airflow/.local/lib/python3.12/site-packages/airflow/example_dags/example_inlet_event_extra.py took 0.816 seconds
[2026-09-17T20:38:04.160+0000] {processor.py:186} INFO - Started process (PID=1246) to work on /home/airflow/.local/lib/python3.12/site-packages/airflow/example_dags/example_inlet_event_extra.py
[2026-09-17T20:38:04.162+0000] {processor.py:914} INFO - Processing file /home/airflow/.local/lib/python3.12/site-packages/airflow/example_dags/example_inlet_event_extra.py for tasks to queue
[2026-09-17T20:38:04.165+0000] {logging_mixin.py:190} INFO - [2026-09-17T20:38:04.164+0000] {dagbag.py:588} INFO - Filling up the DagBag from /home/airflow/.local/lib/python3.12/site-packages/airflow/example_dags/example_inlet_event_extra.py
[2026-09-17T20:38:04.786+0000] {processor.py:925} INFO - DAG(s) 'read_dataset_event', 'read_dataset_event_from_classic' retrieved from /home/airflow/.local/lib/python3.12/site-packages/airflow/example_dags/example_inlet_event_extra.py
[2026-09-17T20:38:04.816+0000] {logging_mixin.py:190} INFO - [2026-09-17T20:38:04.815+0000] {dag.py:3239} INFO - Sync 2 DAGs
[2026-09-17T20:38:04.846+0000] {logging_mixin.py:190} INFO - [2026-09-17T20:38:04.845+0000] {dag.py:4180} INFO - Setting next_dagrun for read_dataset_event to 2026-09-16 00:00:00+00:00, run_after=2026-09-17 00:00:00+00:00
[2026-09-17T20:38:04.854+0000] {logging_mixin.py:190} INFO - [2026-09-17T20:38:04.854+0000] {dag.py:4180} INFO - Setting next_dagrun for read_dataset_event_from_classic to 2026-09-16 00:00:00+00:00, run_after=2026-09-17 00:00:00+00:00
[2026-09-17T20:38:04.876+0000] {processor.py:208} INFO - Processing /home/airflow/.local/lib/python3.12/site-packages/airflow/example_dags/example_inlet_event_extra.py took 0.722 seconds
[2026-09-17T20:38:35.254+0000] {processor.py:186} INFO - Started process (PID=1312) to work on /home/airflow/.local/lib/python3.12/site-packages/airflow/example_dags/example_inlet_event_extra.py
[2026-09-17T20:38:35.256+0000] {processor.py:914} INFO - Processing file /home/airflow/.local/lib/python3.12/site-packages/airflow/example_dags/example_inlet_event_extra.py for tasks to queue
[2026-09-17T20:38:35.258+0000] {logging_mixin.py:190} INFO - [2026-09-17T20:38:35.258+0000] {dagbag.py:588} INFO - Filling up the DagBag from /home/airflow/.local/lib/python3.12/site-packages/airflow/example_dags/example_inlet_event_extra.py
[2026-09-17T20:38:35.898+0000] {processor.py:925} INFO - DAG(s) 'read_dataset_event_from_classic', 'read_dataset_event' retrieved from /home/airflow/.local/lib/python3.12/site-packages/airflow/example_dags/example_inlet_event_extra.py
[2026-09-17T20:38:35.926+0000] {logging_mixin.py:190} INFO - [2026-09-17T20:38:35.925+0000] {dag.py:3239} INFO - Sync 2 DAGs
[2026-09-17T20:38:35.951+0000] {logging_mixin.py:190} INFO - [2026-09-17T20:38:35.950+0000] {dag.py:4180} INFO - Setting next_dagrun for read_dataset_event to 2026-09-16 00:00:00+00:00, run_after=2026-09-17 00:00:00+00:00
[2026-09-17T20:38:35.956+0000] {logging_mixin.py:190} INFO - [2026-09-17T20:38:35.956+0000] {dag.py:4180} INFO - Setting next_dagrun for read_dataset_event_from_classic to 2026-09-16 00:00:00+00:00, run_after=2026-09-17 00:00:00+00:00
[2026-09-17T20:38:35.977+0000] {processor.py:208} INFO - Processing /home/airflow/.local/lib/python3.12/site-packages/airflow/example_dags/example_inlet_event_extra.py took 0.729 seconds
[2026-09-17T20:39:06.447+0000] {processor.py:186} INFO - Started process (PID=1377) to work on /home/airflow/.local/lib/python3.12/site-packages/airflow/example_dags/example_inlet_event_extra.py
[2026-09-17T20:39:06.448+0000] {processor.py:914} INFO - Processing file /home/airflow/.local/lib/python3.12/site-packages/airflow/example_dags/example_inlet_event_extra.py for tasks to queue
[2026-09-17T20:39:06.452+0000] {logging_mixin.py:190} INFO - [2026-09-17T20:39:06.451+0000] {dagbag.py:588} INFO - Filling up the DagBag from /home/airflow/.local/lib/python3.12/site-packages/airflow/example_dags/example_inlet_event_extra.py
[2026-09-17T20:39:07.401+0000] {processor.py:925} INFO - DAG(s) 'read_dataset_event_from_classic', 'read_dataset_event' retrieved from /home/airflow/.local/lib/python3.12/site-packages/airflow/example_dags/example_inlet_event_extra.py
[2026-09-17T20:39:07.444+0000] {logging_mixin.py:190} INFO - [2026-09-17T20:39:07.444+0000] {dag.py:3239} INFO - Sync 2 DAGs
[2026-09-17T20:39:07.486+0000] {logging_mixin.py:190} INFO - [2026-09-17T20:39:07.486+0000] {dag.py:4180} INFO - Setting next_dagrun for read_dataset_event to 2026-09-16 00:00:00+00:00, run_after=2026-09-17 00:00:00+00:00
[2026-09-17T20:39:07.496+0000] {logging_mixin.py:190} INFO - [2026-09-17T20:39:07.495+0000] {dag.py:4180} INFO - Setting next_dagrun for read_dataset_event_from_classic to 2026-09-16 00:00:00+00:00, run_after=2026-09-17 00:00:00+00:00
[2026-09-17T20:39:07.525+0000] {processor.py:208} INFO - Processing /home/airflow/.local/lib/python3.12/site-packages/airflow/example_dags/example_inlet_event_extra.py took 1.088 seconds
[2026-09-17T20:39:38.540+0000] {processor.py:186} INFO - Started process (PID=1442) to work on /home/airflow/.local/lib/python3.12/site-packages/airflow/example_dags/example_inlet_event_extra.py
[2026-09-17T20:39:38.543+0000] {processor.py:914} INFO - Processing file /home/airflow/.local/lib/python3.12/site-packages/airflow/example_dags/example_inlet_event_extra.py for tasks to queue
[2026-09-17T20:39:38.546+0000] {logging_mixin.py:190} INFO - [2026-09-17T20:39:38.546+0000] {dagbag.py:588} INFO - Filling up the DagBag from /home/airflow/.local/lib/python3.12/site-packages/airflow/example_dags/example_inlet_event_extra.py
[2026-09-17T20:39:39.300+0000] {processor.py:925} INFO - DAG(s) 'read_dataset_event_from_classic', 'read_dataset_event' retrieved from /home/airflow/.local/lib/python3.12/site-packages/airflow/example_dags/example_inlet_event_extra.py
[2026-09-17T20:39:39.340+0000] {logging_mixin.py:190} INFO - [2026-09-17T20:39:39.340+0000] {dag.py:3239} INFO - Sync 2 DAGs
[2026-09-17T20:39:39.388+0000] {logging_mixin.py:190} INFO - [2026-09-17T20:39:39.388+0000] {dag.py:4180} INFO - Setting next_dagrun for read_dataset_event to 2026-09-16 00:00:00+00:00, run_after=2026-09-17 00:00:00+00:00
[2026-09-17T20:39:39.397+0000] {logging_mixin.py:190} INFO - [2026-09-17T20:39:39.397+0000] {dag.py:4180} INFO - Setting next_dagrun for read_dataset_event_from_classic to 2026-09-16 00:00:00+00:00, run_after=2026-09-17 00:00:00+00:00
[2026-09-17T20:39:39.433+0000] {processor.py:208} INFO - Processing /home/airflow/.local/lib/python3.12/site-packages/airflow/example_dags/example_inlet_event_extra.py took 0.899 seconds
[2026-09-17T20:40:09.795+0000] {processor.py:186} INFO - Started process (PID=1508) to work on /home/airflow/.local/lib/python3.12/site-packages/airflow/example_dags/example_inlet_event_extra.py
[2026-09-17T20:40:09.798+0000] {processor.py:914} INFO - Processing file /home/airflow/.local/lib/python3.12/site-packages/airflow/example_dags/example_inlet_event_extra.py for tasks to queue
[2026-09-17T20:40:09.800+0000] {logging_mixin.py:190} INFO - [2026-09-17T20:40:09.800+0000] {dagbag.py:588} INFO - Filling up the DagBag from /home/airflow/.local/lib/python3.12/site-packages/airflow/example_dags/example_inlet_event_extra.py
[2026-09-17T20:40:10.519+0000] {processor.py:925} INFO - DAG(s) 'read_dataset_event_from_classic', 'read_dataset_event' retrieved from /home/airflow/.local/lib/python3.12/site-packages/airflow/example_dags/example_inlet_event_extra.py
[2026-09-17T20:40:10.547+0000] {logging_mixin.py:190} INFO - [2026-09-17T20:40:10.547+0000] {dag.py:3239} INFO - Sync 2 DAGs
[2026-09-17T20:40:10.583+0000] {logging_mixin.py:190} INFO - [2026-09-17T20:40:10.583+0000] {dag.py:4180} INFO - Setting next_dagrun for read_dataset_event to 2026-09-16 00:00:00+00:00, run_after=2026-09-17 00:00:00+00:00
[2026-09-17T20:40:10.591+0000] {logging_mixin.py:190} INFO - [2026-09-17T20:40:10.591+0000] {dag.py:4180} INFO - Setting next_dagrun for read_dataset_event_from_classic to 2026-09-16 00:00:00+00:00, run_after=2026-09-17 00:00:00+00:00
[2026-09-17T20:40:10.622+0000] {processor.py:208} INFO - Processing /home/airflow/.local/lib/python3.12/site-packages/airflow/example_dags/example_inlet_event_extra.py took 0.836 seconds
[2026-09-17T20:40:40.774+0000] {processor.py:186} INFO - Started process (PID=1573) to work on /home/airflow/.local/lib/python3.12/site-packages/airflow/example_dags/example_inlet_event_extra.py
[2026-09-17T20:40:40.776+0000] {processor.py:914} INFO - Processing file /home/airflow/.local/lib/python3.12/site-packages/airflow/example_dags/example_inlet_event_extra.py for tasks to queue
[2026-09-17T20:40:40.779+0000] {logging_mixin.py:190} INFO - [2026-09-17T20:40:40.778+0000] {dagbag.py:588} INFO - Filling up the DagBag from /home/airflow/.local/lib/python3.12/site-packages/airflow/example_dags/example_inlet_event_extra.py
[2026-09-17T20:40:41.449+0000] {processor.py:925} INFO - DAG(s) 'read_dataset_event_from_classic', 'read_dataset_event' retrieved from /home/airflow/.local/lib/python3.12/site-packages/airflow/example_dags/example_inlet_event_extra.py
[2026-09-17T20:40:41.482+0000] {logging_mixin.py:190} INFO - [2026-09-17T20:40:41.482+0000] {dag.py:3239} INFO - Sync 2 DAGs
[2026-09-17T20:40:41.512+0000] {logging_mixin.py:190} INFO - [2026-09-17T20:40:41.512+0000] {dag.py:4180} INFO - Setting next_dagrun for read_dataset_event to 2026-09-16 00:00:00+00:00, run_after=2026-09-17 00:00:00+00:00
[2026-09-17T20:40:41.519+0000] {logging_mixin.py:190} INFO - [2026-09-17T20:40:41.519+0000] {dag.py:4180} INFO - Setting next_dagrun for read_dataset_event_from_classic to 2026-09-16 00:00:00+00:00, run_after=2026-09-17 00:00:00+00:00
[2026-09-17T20:40:41.547+0000] {processor.py:208} INFO - Processing /home/airflow/.local/lib/python3.12/site-packages/airflow/example_dags/example_inlet_event_extra.py took 0.780 seconds
[2026-09-17T20:41:11.967+0000] {processor.py:186} INFO - Started process (PID=1638) to work on /home/airflow/.local/lib/python3.12/site-packages/airflow/example_dags/example_inlet_event_extra.py
[2026-09-17T20:41:11.970+0000] {processor.py:914} INFO - Processing file /home/airflow/.local/lib/python3.12/site-packages/airflow/example_dags/example_inlet_event_extra.py for tasks to queue
[2026-09-17T20:41:11.974+0000] {logging_mixin.py:190} INFO - [2026-09-17T20:41:11.974+0000] {dagbag.py:588} INFO - Filling up the DagBag from /home/airflow/.local/lib/python3.12/site-packages/airflow/example_dags/example_inlet_event_extra.py
[2026-09-17T20:41:12.661+0000] {processor.py:925} INFO - DAG(s) 'read_dataset_event_from_classic', 'read_dataset_event' retrieved from /home/airflow/.local/lib/python3.12/site-packages/airflow/example_dags/example_inlet_event_extra.py
[2026-09-17T20:41:12.691+0000] {logging_mixin.py:190} INFO - [2026-09-17T20:41:12.690+0000] {dag.py:3239} INFO - Sync 2 DAGs
[2026-09-17T20:41:12.719+0000] {logging_mixin.py:190} INFO - [2026-09-17T20:41:12.719+0000] {dag.py:4180} INFO - Setting next_dagrun for read_dataset_event to 2026-09-16 00:00:00+00:00, run_after=2026-09-17 00:00:00+00:00
[2026-09-17T20:41:12.726+0000] {logging_mixin.py:190} INFO - [2026-09-17T20:41:12.726+0000] {dag.py:4180} INFO - Setting next_dagrun for read_dataset_event_from_classic to 2026-09-16 00:00:00+00:00, run_after=2026-09-17 00:00:00+00:00
[2026-09-17T20:41:12.753+0000] {processor.py:208} INFO - Processing /home/airflow/.local/lib/python3.12/site-packages/airflow/example_dags/example_inlet_event_extra.py took 0.793 seconds
[2026-09-17T20:41:43.368+0000] {processor.py:186} INFO - Started process (PID=1703) to work on /home/airflow/.local/lib/python3.12/site-packages/airflow/example_dags/example_inlet_event_extra.py
[2026-09-17T20:41:43.370+0000] {processor.py:914} INFO - Processing file /home/airflow/.local/lib/python3.12/site-packages/airflow/example_dags/example_inlet_event_extra.py for tasks to queue
[2026-09-17T20:41:43.372+0000] {logging_mixin.py:190} INFO - [2026-09-17T20:41:43.372+0000] {dagbag.py:588} INFO - Filling up the DagBag from /home/airflow/.local/lib/python3.12/site-packages/airflow/example_dags/example_inlet_event_extra.py
[2026-09-17T20:41:44.003+0000] {processor.py:925} INFO - DAG(s) 'read_dataset_event', 'read_dataset_event_from_classic' retrieved from /home/airflow/.local/lib/python3.12/site-packages/airflow/example_dags/example_inlet_event_extra.py
[2026-09-17T20:41:44.033+0000] {logging_mixin.py:190} INFO - [2026-09-17T20:41:44.033+0000] {dag.py:3239} INFO - Sync 2 DAGs
[2026-09-17T20:41:44.059+0000] {logging_mixin.py:190} INFO - [2026-09-17T20:41:44.059+0000] {dag.py:4180} INFO - Setting next_dagrun for read_dataset_event to 2026-09-16 00:00:00+00:00, run_after=2026-09-17 00:00:00+00:00
[2026-09-17T20:41:44.065+0000] {logging_mixin.py:190} INFO - [2026-09-17T20:41:44.065+0000] {dag.py:4180} INFO - Setting next_dagrun for read_dataset_event_from_classic to 2026-09-16 00:00:00+00:00, run_after=2026-09-17 00:00:00+00:00
[2026-09-17T20:41:44.089+0000] {processor.py:208} INFO - Processing /home/airflow/.local/lib/python3.12/site-packages/airflow/example_dags/example_inlet_event_extra.py took 0.727 seconds
[2026-09-17T20:42:14.642+0000] {processor.py:186} INFO - Started process (PID=1768) to work on /home/airflow/.local/lib/python3.12/site-packages/airflow/example_dags/example_inlet_event_extra.py
[2026-09-17T20:42:14.644+0000] {processor.py:914} INFO - Processing file /home/airflow/.local/lib/python3.12/site-packages/airflow/example_dags/example_inlet_event_extra.py for tasks to queue
[2026-09-17T20:42:14.646+0000] {logging_mixin.py:190} INFO - [2026-09-17T20:42:14.645+0000] {dagbag.py:588} INFO - Filling up the DagBag from /home/airflow/.local/lib/python3.12/site-packages/airflow/example_dags/example_inlet_event_extra.py
[2026-09-17T20:42:15.346+0000] {processor.py:925} INFO - DAG(s) 'read_dataset_event_from_classic', 'read_dataset_event' retrieved from /home/airflow/.local/lib/python3.12/site-packages/airflow/example_dags/example_inlet_event_extra.py
[2026-09-17T20:42:15.377+0000] {logging_mixin.py:190} INFO - [2026-09-17T20:42:15.376+0000] {dag.py:3239} INFO - Sync 2 DAGs
[2026-09-17T20:42:15.405+0000] {logging_mixin.py:190} INFO - [2026-09-17T20:42:15.405+0000] {dag.py:4180} INFO - Setting next_dagrun for read_dataset_event to 2026-09-16 00:00:00+00:00, run_after=2026-09-17 00:00:00+00:00
[2026-09-17T20:42:15.411+0000] {logging_mixin.py:190} INFO - [2026-09-17T20:42:15.411+0000] {dag.py:4180} INFO - Setting next_dagrun for read_dataset_event_from_classic to 2026-09-16 00:00:00+00:00, run_after=2026-09-17 00:00:00+00:00
[2026-09-17T20:42:15.432+0000] {processor.py:208} INFO - Processing /home/airflow/.local/lib/python3.12/site-packages/airflow/example_dags/example_inlet_event_extra.py took 0.798 seconds
[2026-09-17T20:42:48.222+0000] {processor.py:186} INFO - Started process (PID=1830) to work on /home/airflow/.local/lib/python3.12/site-packages/airflow/example_dags/example_inlet_event_extra.py
[2026-09-17T20:42:48.227+0000] {processor.py:914} INFO - Processing file /home/airflow/.local/lib/python3.12/site-packages/airflow/example_dags/example_inlet_event_extra.py for tasks to queue
[2026-09-17T20:42:48.234+0000] {logging_mixin.py:190} INFO - [2026-09-17T20:42:48.232+0000] {dagbag.py:588} INFO - Filling up the DagBag from /home/airflow/.local/lib/python3.12/site-packages/airflow/example_dags/example_inlet_event_extra.py
[2026-09-17T20:42:50.642+0000] {processor.py:925} INFO - DAG(s) 'read_dataset_event', 'read_dataset_event_from_classic' retrieved from /home/airflow/.local/lib/python3.12/site-packages/airflow/example_dags/example_inlet_event_extra.py
[2026-09-17T20:42:50.718+0000] {logging_mixin.py:190} INFO - [2026-09-17T20:42:50.718+0000] {dag.py:3239} INFO - Sync 2 DAGs
[2026-09-17T20:42:50.800+0000] {logging_mixin.py:190} INFO - [2026-09-17T20:42:50.798+0000] {dag.py:4180} INFO - Setting next_dagrun for read_dataset_event to 2026-09-16 00:00:00+00:00, run_after=2026-09-17 00:00:00+00:00
[2026-09-17T20:42:50.819+0000] {logging_mixin.py:190} INFO - [2026-09-17T20:42:50.818+0000] {dag.py:4180} INFO - Setting next_dagrun for read_dataset_event_from_classic to 2026-09-16 00:00:00+00:00, run_after=2026-09-17 00:00:00+00:00
[2026-09-17T20:42:50.875+0000] {processor.py:208} INFO - Processing /home/airflow/.local/lib/python3.12/site-packages/airflow/example_dags/example_inlet_event_extra.py took 2.676 seconds
[2026-09-17T20:43:29.076+0000] {processor.py:186} INFO - Started process (PID=1904) to work on /home/airflow/.local/lib/python3.12/site-packages/airflow/example_dags/example_inlet_event_extra.py
[2026-09-17T20:43:29.080+0000] {processor.py:914} INFO - Processing file /home/airflow/.local/lib/python3.12/site-packages/airflow/example_dags/example_inlet_event_extra.py for tasks to queue
[2026-09-17T20:43:29.085+0000] {logging_mixin.py:190} INFO - [2026-09-17T20:43:29.084+0000] {dagbag.py:588} INFO - Filling up the DagBag from /home/airflow/.local/lib/python3.12/site-packages/airflow/example_dags/example_inlet_event_extra.py
[2026-09-17T20:43:30.893+0000] {processor.py:925} INFO - DAG(s) 'read_dataset_event', 'read_dataset_event_from_classic' retrieved from /home/airflow/.local/lib/python3.12/site-packages/airflow/example_dags/example_inlet_event_extra.py
[2026-09-17T20:43:30.947+0000] {logging_mixin.py:190} INFO - [2026-09-17T20:43:30.946+0000] {dag.py:3239} INFO - Sync 2 DAGs
[2026-09-17T20:43:31.750+0000] {logging_mixin.py:190} INFO - [2026-09-17T20:43:31.744+0000] {dag.py:4180} INFO - Setting next_dagrun for read_dataset_event to 2026-09-16 00:00:00+00:00, run_after=2026-09-17 00:00:00+00:00
[2026-09-17T20:43:32.059+0000] {logging_mixin.py:190} INFO - [2026-09-17T20:43:32.058+0000] {dag.py:4180} INFO - Setting next_dagrun for read_dataset_event_from_classic to 2026-09-16 00:00:00+00:00, run_after=2026-09-17 00:00:00+00:00
[2026-09-17T20:43:33.459+0000] {processor.py:208} INFO - Processing /home/airflow/.local/lib/python3.12/site-packages/airflow/example_dags/example_inlet_event_extra.py took 4.407 seconds
[2026-09-17T20:44:13.963+0000] {processor.py:186} INFO - Started process (PID=1967) to work on /home/airflow/.local/lib/python3.12/site-packages/airflow/example_dags/example_inlet_event_extra.py
[2026-09-17T20:44:13.965+0000] {processor.py:914} INFO - Processing file /home/airflow/.local/lib/python3.12/site-packages/airflow/example_dags/example_inlet_event_extra.py for tasks to queue
[2026-09-17T20:44:13.969+0000] {logging_mixin.py:190} INFO - [2026-09-17T20:44:13.968+0000] {dagbag.py:588} INFO - Filling up the DagBag from /home/airflow/.local/lib/python3.12/site-packages/airflow/example_dags/example_inlet_event_extra.py
[2026-09-17T20:44:14.822+0000] {processor.py:925} INFO - DAG(s) 'read_dataset_event_from_classic', 'read_dataset_event' retrieved from /home/airflow/.local/lib/python3.12/site-packages/airflow/example_dags/example_inlet_event_extra.py
[2026-09-17T20:44:14.859+0000] {logging_mixin.py:190} INFO - [2026-09-17T20:44:14.859+0000] {dag.py:3239} INFO - Sync 2 DAGs
[2026-09-17T20:44:14.896+0000] {logging_mixin.py:190} INFO - [2026-09-17T20:44:14.896+0000] {dag.py:4180} INFO - Setting next_dagrun for read_dataset_event to 2026-09-16 00:00:00+00:00, run_after=2026-09-17 00:00:00+00:00
[2026-09-17T20:44:14.911+0000] {logging_mixin.py:190} INFO - [2026-09-17T20:44:14.911+0000] {dag.py:4180} INFO - Setting next_dagrun for read_dataset_event_from_classic to 2026-09-16 00:00:00+00:00, run_after=2026-09-17 00:00:00+00:00
[2026-09-17T20:44:14.959+0000] {processor.py:208} INFO - Processing /home/airflow/.local/lib/python3.12/site-packages/airflow/example_dags/example_inlet_event_extra.py took 1.003 seconds
[2026-09-17T20:44:46.658+0000] {processor.py:186} INFO - Started process (PID=2035) to work on /home/airflow/.local/lib/python3.12/site-packages/airflow/example_dags/example_inlet_event_extra.py
[2026-09-17T20:44:46.660+0000] {processor.py:914} INFO - Processing file /home/airflow/.local/lib/python3.12/site-packages/airflow/example_dags/example_inlet_event_extra.py for tasks to queue
[2026-09-17T20:44:46.662+0000] {logging_mixin.py:190} INFO - [2026-09-17T20:44:46.662+0000] {dagbag.py:588} INFO - Filling up the DagBag from /home/airflow/.local/lib/python3.12/site-packages/airflow/example_dags/example_inlet_event_extra.py
[2026-09-17T20:44:47.786+0000] {processor.py:925} INFO - DAG(s) 'read_dataset_event_from_classic', 'read_dataset_event' retrieved from /home/airflow/.local/lib/python3.12/site-packages/airflow/example_dags/example_inlet_event_extra.py
[2026-09-17T20:44:47.823+0000] {logging_mixin.py:190} INFO - [2026-09-17T20:44:47.822+0000] {dag.py:3239} INFO - Sync 2 DAGs
[2026-09-17T20:44:47.856+0000] {logging_mixin.py:190} INFO - [2026-09-17T20:44:47.856+0000] {dag.py:4180} INFO - Setting next_dagrun for read_dataset_event to 2026-09-16 00:00:00+00:00, run_after=2026-09-17 00:00:00+00:00
[2026-09-17T20:44:47.862+0000] {logging_mixin.py:190} INFO - [2026-09-17T20:44:47.862+0000] {dag.py:4180} INFO - Setting next_dagrun for read_dataset_event_from_classic to 2026-09-16 00:00:00+00:00, run_after=2026-09-17 00:00:00+00:00
[2026-09-17T20:44:48.185+0000] {processor.py:208} INFO - Processing /home/airflow/.local/lib/python3.12/site-packages/airflow/example_dags/example_inlet_event_extra.py took 1.534 seconds
[2026-09-17T20:45:35.864+0000] {processor.py:186} INFO - Started process (PID=2107) to work on /home/airflow/.local/lib/python3.12/site-packages/airflow/example_dags/example_inlet_event_extra.py
[2026-09-17T20:45:35.868+0000] {processor.py:914} INFO - Processing file /home/airflow/.local/lib/python3.12/site-packages/airflow/example_dags/example_inlet_event_extra.py for tasks to queue
[2026-09-17T20:45:35.872+0000] {logging_mixin.py:190} INFO - [2026-09-17T20:45:35.871+0000] {dagbag.py:588} INFO - Filling up the DagBag from /home/airflow/.local/lib/python3.12/site-packages/airflow/example_dags/example_inlet_event_extra.py
[2026-09-17T20:45:37.016+0000] {processor.py:925} INFO - DAG(s) 'read_dataset_event', 'read_dataset_event_from_classic' retrieved from /home/airflow/.local/lib/python3.12/site-packages/airflow/example_dags/example_inlet_event_extra.py
[2026-09-17T20:45:37.067+0000] {logging_mixin.py:190} INFO - [2026-09-17T20:45:37.066+0000] {dag.py:3239} INFO - Sync 2 DAGs
[2026-09-17T20:45:37.120+0000] {logging_mixin.py:190} INFO - [2026-09-17T20:45:37.120+0000] {dag.py:4180} INFO - Setting next_dagrun for read_dataset_event to 2026-09-16 00:00:00+00:00, run_after=2026-09-17 00:00:00+00:00
[2026-09-17T20:45:37.130+0000] {logging_mixin.py:190} INFO - [2026-09-17T20:45:37.129+0000] {dag.py:4180} INFO - Setting next_dagrun for read_dataset_event_from_classic to 2026-09-16 00:00:00+00:00, run_after=2026-09-17 00:00:00+00:00
[2026-09-17T20:45:37.166+0000] {processor.py:208} INFO - Processing /home/airflow/.local/lib/python3.12/site-packages/airflow/example_dags/example_inlet_event_extra.py took 1.315 seconds
[2026-09-17T20:46:07.396+0000] {processor.py:186} INFO - Started process (PID=2177) to work on /home/airflow/.local/lib/python3.12/site-packages/airflow/example_dags/example_inlet_event_extra.py
[2026-09-17T20:46:07.399+0000] {processor.py:914} INFO - Processing file /home/airflow/.local/lib/python3.12/site-packages/airflow/example_dags/example_inlet_event_extra.py for tasks to queue
[2026-09-17T20:46:07.403+0000] {logging_mixin.py:190} INFO - [2026-09-17T20:46:07.402+0000] {dagbag.py:588} INFO - Filling up the DagBag from /home/airflow/.local/lib/python3.12/site-packages/airflow/example_dags/example_inlet_event_extra.py
[2026-09-17T20:46:08.572+0000] {processor.py:925} INFO - DAG(s) 'read_dataset_event_from_classic', 'read_dataset_event' retrieved from /home/airflow/.local/lib/python3.12/site-packages/airflow/example_dags/example_inlet_event_extra.py
[2026-09-17T20:46:08.606+0000] {logging_mixin.py:190} INFO - [2026-09-17T20:46:08.605+0000] {dag.py:3239} INFO - Sync 2 DAGs
[2026-09-17T20:46:08.649+0000] {logging_mixin.py:190} INFO - [2026-09-17T20:46:08.648+0000] {dag.py:4180} INFO - Setting next_dagrun for read_dataset_event to 2026-09-16 00:00:00+00:00, run_after=2026-09-17 00:00:00+00:00
[2026-09-17T20:46:08.658+0000] {logging_mixin.py:190} INFO - [2026-09-17T20:46:08.657+0000] {dag.py:4180} INFO - Setting next_dagrun for read_dataset_event_from_classic to 2026-09-16 00:00:00+00:00, run_after=2026-09-17 00:00:00+00:00
[2026-09-17T20:46:08.688+0000] {processor.py:208} INFO - Processing /home/airflow/.local/lib/python3.12/site-packages/airflow/example_dags/example_inlet_event_extra.py took 1.304 seconds
[2026-09-17T20:46:42.381+0000] {processor.py:186} INFO - Started process (PID=2251) to work on /home/airflow/.local/lib/python3.12/site-packages/airflow/example_dags/example_inlet_event_extra.py
[2026-09-17T20:46:42.384+0000] {processor.py:914} INFO - Processing file /home/airflow/.local/lib/python3.12/site-packages/airflow/example_dags/example_inlet_event_extra.py for tasks to queue
[2026-09-17T20:46:42.386+0000] {logging_mixin.py:190} INFO - [2026-09-17T20:46:42.385+0000] {dagbag.py:588} INFO - Filling up the DagBag from /home/airflow/.local/lib/python3.12/site-packages/airflow/example_dags/example_inlet_event_extra.py
[2026-09-17T20:46:47.649+0000] {processor.py:925} INFO - DAG(s) 'read_dataset_event_from_classic', 'read_dataset_event' retrieved from /home/airflow/.local/lib/python3.12/site-packages/airflow/example_dags/example_inlet_event_extra.py
[2026-09-17T20:46:47.871+0000] {logging_mixin.py:190} INFO - [2026-09-17T20:46:47.871+0000] {dag.py:3239} INFO - Sync 2 DAGs
[2026-09-17T20:46:48.011+0000] {logging_mixin.py:190} INFO - [2026-09-17T20:46:48.011+0000] {dag.py:4180} INFO - Setting next_dagrun for read_dataset_event to 2026-09-16 00:00:00+00:00, run_after=2026-09-17 00:00:00+00:00
[2026-09-17T20:46:48.018+0000] {logging_mixin.py:190} INFO - [2026-09-17T20:46:48.017+0000] {dag.py:4180} INFO - Setting next_dagrun for read_dataset_event_from_classic to 2026-09-16 00:00:00+00:00, run_after=2026-09-17 00:00:00+00:00
[2026-09-17T20:46:48.046+0000] {processor.py:208} INFO - Processing /home/airflow/.local/lib/python3.12/site-packages/airflow/example_dags/example_inlet_event_extra.py took 5.671 seconds
[2026-09-17T20:47:18.261+0000] {processor.py:186} INFO - Started process (PID=2320) to work on /home/airflow/.local/lib/python3.12/site-packages/airflow/example_dags/example_inlet_event_extra.py
[2026-09-17T20:47:18.264+0000] {processor.py:914} INFO - Processing file /home/airflow/.local/lib/python3.12/site-packages/airflow/example_dags/example_inlet_event_extra.py for tasks to queue
[2026-09-17T20:47:18.267+0000] {logging_mixin.py:190} INFO - [2026-09-17T20:47:18.266+0000] {dagbag.py:588} INFO - Filling up the DagBag from /home/airflow/.local/lib/python3.12/site-packages/airflow/example_dags/example_inlet_event_extra.py
[2026-09-17T20:47:19.601+0000] {processor.py:925} INFO - DAG(s) 'read_dataset_event', 'read_dataset_event_from_classic' retrieved from /home/airflow/.local/lib/python3.12/site-packages/airflow/example_dags/example_inlet_event_extra.py
[2026-09-17T20:47:19.629+0000] {logging_mixin.py:190} INFO - [2026-09-17T20:47:19.628+0000] {dag.py:3239} INFO - Sync 2 DAGs
[2026-09-17T20:47:19.685+0000] {logging_mixin.py:190} INFO - [2026-09-17T20:47:19.685+0000] {dag.py:4180} INFO - Setting next_dagrun for read_dataset_event to 2026-09-16 00:00:00+00:00, run_after=2026-09-17 00:00:00+00:00
[2026-09-17T20:47:19.696+0000] {logging_mixin.py:190} INFO - [2026-09-17T20:47:19.695+0000] {dag.py:4180} INFO - Setting next_dagrun for read_dataset_event_from_classic to 2026-09-16 00:00:00+00:00, run_after=2026-09-17 00:00:00+00:00
[2026-09-17T20:47:19.758+0000] {processor.py:208} INFO - Processing /home/airflow/.local/lib/python3.12/site-packages/airflow/example_dags/example_inlet_event_extra.py took 1.509 seconds
[2026-09-17T20:47:50.194+0000] {processor.py:186} INFO - Started process (PID=2388) to work on /home/airflow/.local/lib/python3.12/site-packages/airflow/example_dags/example_inlet_event_extra.py
[2026-09-17T20:47:50.195+0000] {processor.py:914} INFO - Processing file /home/airflow/.local/lib/python3.12/site-packages/airflow/example_dags/example_inlet_event_extra.py for tasks to queue
[2026-09-17T20:47:50.197+0000] {logging_mixin.py:190} INFO - [2026-09-17T20:47:50.197+0000] {dagbag.py:588} INFO - Filling up the DagBag from /home/airflow/.local/lib/python3.12/site-packages/airflow/example_dags/example_inlet_event_extra.py
[2026-09-17T20:47:51.004+0000] {processor.py:925} INFO - DAG(s) 'read_dataset_event_from_classic', 'read_dataset_event' retrieved from /home/airflow/.local/lib/python3.12/site-packages/airflow/example_dags/example_inlet_event_extra.py
[2026-09-17T20:47:51.041+0000] {logging_mixin.py:190} INFO - [2026-09-17T20:47:51.041+0000] {dag.py:3239} INFO - Sync 2 DAGs
[2026-09-17T20:47:51.071+0000] {logging_mixin.py:190} INFO - [2026-09-17T20:47:51.070+0000] {dag.py:4180} INFO - Setting next_dagrun for read_dataset_event to 2026-09-16 00:00:00+00:00, run_after=2026-09-17 00:00:00+00:00
[2026-09-17T20:47:51.077+0000] {logging_mixin.py:190} INFO - [2026-09-17T20:47:51.077+0000] {dag.py:4180} INFO - Setting next_dagrun for read_dataset_event_from_classic to 2026-09-16 00:00:00+00:00, run_after=2026-09-17 00:00:00+00:00
[2026-09-17T20:47:51.105+0000] {processor.py:208} INFO - Processing /home/airflow/.local/lib/python3.12/site-packages/airflow/example_dags/example_inlet_event_extra.py took 0.918 seconds
[2026-09-17T20:48:21.206+0000] {processor.py:186} INFO - Started process (PID=2455) to work on /home/airflow/.local/lib/python3.12/site-packages/airflow/example_dags/example_inlet_event_extra.py
[2026-09-17T20:48:21.208+0000] {processor.py:914} INFO - Processing file /home/airflow/.local/lib/python3.12/site-packages/airflow/example_dags/example_inlet_event_extra.py for tasks to queue
[2026-09-17T20:48:21.211+0000] {logging_mixin.py:190} INFO - [2026-09-17T20:48:21.210+0000] {dagbag.py:588} INFO - Filling up the DagBag from /home/airflow/.local/lib/python3.12/site-packages/airflow/example_dags/example_inlet_event_extra.py
[2026-09-17T20:48:21.895+0000] {processor.py:925} INFO - DAG(s) 'read_dataset_event_from_classic', 'read_dataset_event' retrieved from /home/airflow/.local/lib/python3.12/site-packages/airflow/example_dags/example_inlet_event_extra.py
[2026-09-17T20:48:21.924+0000] {logging_mixin.py:190} INFO - [2026-09-17T20:48:21.924+0000] {dag.py:3239} INFO - Sync 2 DAGs
[2026-09-17T20:48:21.951+0000] {logging_mixin.py:190} INFO - [2026-09-17T20:48:21.950+0000] {dag.py:4180} INFO - Setting next_dagrun for read_dataset_event to 2026-09-16 00:00:00+00:00, run_after=2026-09-17 00:00:00+00:00
[2026-09-17T20:48:21.957+0000] {logging_mixin.py:190} INFO - [2026-09-17T20:48:21.956+0000] {dag.py:4180} INFO - Setting next_dagrun for read_dataset_event_from_classic to 2026-09-16 00:00:00+00:00, run_after=2026-09-17 00:00:00+00:00
[2026-09-17T20:48:21.980+0000] {processor.py:208} INFO - Processing /home/airflow/.local/lib/python3.12/site-packages/airflow/example_dags/example_inlet_event_extra.py took 0.780 seconds
[2026-09-17T20:48:53.291+0000] {processor.py:186} INFO - Started process (PID=2522) to work on /home/airflow/.local/lib/python3.12/site-packages/airflow/example_dags/example_inlet_event_extra.py
[2026-09-17T20:48:53.295+0000] {processor.py:914} INFO - Processing file /home/airflow/.local/lib/python3.12/site-packages/airflow/example_dags/example_inlet_event_extra.py for tasks to queue
[2026-09-17T20:48:53.299+0000] {logging_mixin.py:190} INFO - [2026-09-17T20:48:53.298+0000] {dagbag.py:588} INFO - Filling up the DagBag from /home/airflow/.local/lib/python3.12/site-packages/airflow/example_dags/example_inlet_event_extra.py
[2026-09-17T20:49:04.662+0000] {processor.py:925} INFO - DAG(s) 'read_dataset_event_from_classic', 'read_dataset_event' retrieved from /home/airflow/.local/lib/python3.12/site-packages/airflow/example_dags/example_inlet_event_extra.py
[2026-09-17T20:49:05.179+0000] {logging_mixin.py:190} INFO - [2026-09-17T20:49:05.178+0000] {dag.py:3239} INFO - Sync 2 DAGs
[2026-09-17T20:49:05.213+0000] {logging_mixin.py:190} INFO - [2026-09-17T20:49:05.213+0000] {dag.py:4180} INFO - Setting next_dagrun for read_dataset_event to 2026-09-16 00:00:00+00:00, run_after=2026-09-17 00:00:00+00:00
[2026-09-17T20:49:05.222+0000] {logging_mixin.py:190} INFO - [2026-09-17T20:49:05.221+0000] {dag.py:4180} INFO - Setting next_dagrun for read_dataset_event_from_classic to 2026-09-16 00:00:00+00:00, run_after=2026-09-17 00:00:00+00:00
[2026-09-17T20:49:06.493+0000] {processor.py:208} INFO - Processing /home/airflow/.local/lib/python3.12/site-packages/airflow/example_dags/example_inlet_event_extra.py took 13.215 seconds
