[2026-09-17T18:40:45.969+0000] {processor.py:161} INFO - Started process (PID=86) to work on /home/airflow/.local/lib/python3.8/site-packages/airflow/example_dags/example_branch_python_dop_operator_3.py
[2026-09-17T18:40:45.973+0000] {processor.py:830} INFO - Processing file /home/airflow/.local/lib/python3.8/site-packages/airflow/example_dags/example_branch_python_dop_operator_3.py for tasks to queue
[2026-09-17T18:40:45.979+0000] {logging_mixin.py:188} INFO - [2026-09-17T18:40:45.978+0000] {dagbag.py:538} INFO - Filling up the DagBag from /home/airflow/.local/lib/python3.8/site-packages/airflow/example_dags/example_branch_python_dop_operator_3.py
[2026-09-17T18:40:46.008+0000] {processor.py:840} INFO - DAG(s) 'example_branch_dop_operator_v3' retrieved from /home/airflow/.local/lib/python3.8/site-packages/airflow/example_dags/example_branch_python_dop_operator_3.py
[2026-09-17T18:40:46.049+0000] {logging_mixin.py:188} INFO - [2026-09-17T18:40:46.049+0000] {dag.py:3036} INFO - Sync 1 DAGs
[2026-09-17T18:40:46.104+0000] {logging_mixin.py:188} INFO - [2026-09-17T18:40:46.104+0000] {dag.py:3823} INFO - Setting next_dagrun for example_branch_dop_operator_v3 to 2026-09-17 18:39:00+00:00, run_after=2026-09-17 18:40:00+00:00
[2026-09-17T18:40:46.137+0000] {processor.py:183} INFO - Processing /home/airflow/.local/lib/python3.8/site-packages/airflow/example_dags/example_branch_python_dop_operator_3.py took 0.177 seconds
[2026-09-17T18:41:18.567+0000] {processor.py:161} INFO - Started process (PID=143) to work on /home/airflow/.local/lib/python3.8/site-packages/airflow/example_dags/example_branch_python_dop_operator_3.py
[2026-09-17T18:41:18.572+0000] {processor.py:830} INFO - Processing file /home/airflow/.local/lib/python3.8/site-packages/airflow/example_dags/example_branch_python_dop_operator_3.py for tasks to queue
[2026-09-17T18:41:18.579+0000] {logging_mixin.py:188} INFO - [2026-09-17T18:41:18.578+0000] {dagbag.py:538} INFO - Filling up the DagBag from /home/airflow/.local/lib/python3.8/site-packages/airflow/example_dags/example_branch_python_dop_operator_3.py
[2026-09-17T18:41:18.604+0000] {processor.py:840} INFO - DAG(s) 'example_branch_dop_operator_v3' retrieved from /home/airflow/.local/lib/python3.8/site-packages/airflow/example_dags/example_branch_python_dop_operator_3.py
[2026-09-17T18:41:18.790+0000] {logging_mixin.py:188} INFO - [2026-09-17T18:41:18.790+0000] {dag.py:3036} INFO - Sync 1 DAGs
[2026-09-17T18:41:18.821+0000] {logging_mixin.py:188} INFO - [2026-09-17T18:41:18.821+0000] {dag.py:3823} INFO - Setting next_dagrun for example_branch_dop_operator_v3 to 2026-09-17 18:40:00+00:00, run_after=2026-09-17 18:41:00+00:00
[2026-09-17T18:41:18.852+0000] {processor.py:183} INFO - Processing /home/airflow/.local/lib/python3.8/site-packages/airflow/example_dags/example_branch_python_dop_operator_3.py took 0.296 seconds
[2026-09-17T18:41:49.675+0000] {processor.py:161} INFO - Started process (PID=200) to work on /home/airflow/.local/lib/python3.8/site-packages/airflow/example_dags/example_branch_python_dop_operator_3.py
[2026-09-17T18:41:49.680+0000] {processor.py:830} INFO - Processing file /home/airflow/.local/lib/python3.8/site-packages/airflow/example_dags/example_branch_python_dop_operator_3.py for tasks to queue
[2026-09-17T18:41:49.685+0000] {logging_mixin.py:188} INFO - [2026-09-17T18:41:49.684+0000] {dagbag.py:538} INFO - Filling up the DagBag from /home/airflow/.local/lib/python3.8/site-packages/airflow/example_dags/example_branch_python_dop_operator_3.py
[2026-09-17T18:41:49.705+0000] {processor.py:840} INFO - DAG(s) 'example_branch_dop_operator_v3' retrieved from /home/airflow/.local/lib/python3.8/site-packages/airflow/example_dags/example_branch_python_dop_operator_3.py
[2026-09-17T18:41:49.737+0000] {logging_mixin.py:188} INFO - [2026-09-17T18:41:49.736+0000] {dag.py:3036} INFO - Sync 1 DAGs
[2026-09-17T18:41:49.798+0000] {logging_mixin.py:188} INFO - [2026-09-17T18:41:49.797+0000] {dag.py:3823} INFO - Setting next_dagrun for example_branch_dop_operator_v3 to 2026-09-17 18:40:00+00:00, run_after=2026-09-17 18:41:00+00:00
[2026-09-17T18:41:49.833+0000] {processor.py:183} INFO - Processing /home/airflow/.local/lib/python3.8/site-packages/airflow/example_dags/example_branch_python_dop_operator_3.py took 0.167 seconds
[2026-09-17T18:42:20.626+0000] {processor.py:161} INFO - Started process (PID=249) to work on /home/airflow/.local/lib/python3.8/site-packages/airflow/example_dags/example_branch_python_dop_operator_3.py
[2026-09-17T18:42:20.628+0000] {processor.py:830} INFO - Processing file /home/airflow/.local/lib/python3.8/site-packages/airflow/example_dags/example_branch_python_dop_operator_3.py for tasks to queue
[2026-09-17T18:42:20.631+0000] {logging_mixin.py:188} INFO - [2026-09-17T18:42:20.630+0000] {dagbag.py:538} INFO - Filling up the DagBag from /home/airflow/.local/lib/python3.8/site-packages/airflow/example_dags/example_branch_python_dop_operator_3.py
[2026-09-17T18:42:20.644+0000] {processor.py:840} INFO - DAG(s) 'example_branch_dop_operator_v3' retrieved from /home/airflow/.local/lib/python3.8/site-packages/airflow/example_dags/example_branch_python_dop_operator_3.py
[2026-09-17T18:42:20.661+0000] {logging_mixin.py:188} INFO - [2026-09-17T18:42:20.661+0000] {dag.py:3036} INFO - Sync 1 DAGs
[2026-09-17T18:42:20.691+0000] {logging_mixin.py:188} INFO - [2026-09-17T18:42:20.690+0000] {dag.py:3823} INFO - Setting next_dagrun for example_branch_dop_operator_v3 to 2026-09-17 18:41:00+00:00, run_after=2026-09-17 18:42:00+00:00
[2026-09-17T18:42:20.716+0000] {processor.py:183} INFO - Processing /home/airflow/.local/lib/python3.8/site-packages/airflow/example_dags/example_branch_python_dop_operator_3.py took 0.095 seconds
[2026-09-17T18:42:51.627+0000] {processor.py:161} INFO - Started process (PID=306) to work on /home/airflow/.local/lib/python3.8/site-packages/airflow/example_dags/example_branch_python_dop_operator_3.py
[2026-09-17T18:42:51.632+0000] {processor.py:830} INFO - Processing file /home/airflow/.local/lib/python3.8/site-packages/airflow/example_dags/example_branch_python_dop_operator_3.py for tasks to queue
[2026-09-17T18:42:51.639+0000] {logging_mixin.py:188} INFO - [2026-09-17T18:42:51.638+0000] {dagbag.py:538} INFO - Filling up the DagBag from /home/airflow/.local/lib/python3.8/site-packages/airflow/example_dags/example_branch_python_dop_operator_3.py
[2026-09-17T18:42:51.670+0000] {processor.py:840} INFO - DAG(s) 'example_branch_dop_operator_v3' retrieved from /home/airflow/.local/lib/python3.8/site-packages/airflow/example_dags/example_branch_python_dop_operator_3.py
[2026-09-17T18:42:52.067+0000] {logging_mixin.py:188} INFO - [2026-09-17T18:42:52.066+0000] {dag.py:3036} INFO - Sync 1 DAGs
[2026-09-17T18:42:52.163+0000] {logging_mixin.py:188} INFO - [2026-09-17T18:42:52.162+0000] {dag.py:3823} INFO - Setting next_dagrun for example_branch_dop_operator_v3 to 2026-09-17 18:41:00+00:00, run_after=2026-09-17 18:42:00+00:00
[2026-09-17T18:42:52.248+0000] {processor.py:183} INFO - Processing /home/airflow/.local/lib/python3.8/site-packages/airflow/example_dags/example_branch_python_dop_operator_3.py took 0.638 seconds
[2026-09-17T18:43:25.560+0000] {processor.py:161} INFO - Started process (PID=363) to work on /home/airflow/.local/lib/python3.8/site-packages/airflow/example_dags/example_branch_python_dop_operator_3.py
[2026-09-17T18:43:25.565+0000] {processor.py:830} INFO - Processing file /home/airflow/.local/lib/python3.8/site-packages/airflow/example_dags/example_branch_python_dop_operator_3.py for tasks to queue
[2026-09-17T18:43:25.571+0000] {logging_mixin.py:188} INFO - [2026-09-17T18:43:25.570+0000] {dagbag.py:538} INFO - Filling up the DagBag from /home/airflow/.local/lib/python3.8/site-packages/airflow/example_dags/example_branch_python_dop_operator_3.py
[2026-09-17T18:43:25.605+0000] {processor.py:840} INFO - DAG(s) 'example_branch_dop_operator_v3' retrieved from /home/airflow/.local/lib/python3.8/site-packages/airflow/example_dags/example_branch_python_dop_operator_3.py
[2026-09-17T18:43:25.697+0000] {logging_mixin.py:188} INFO - [2026-09-17T18:43:25.696+0000] {dag.py:3036} INFO - Sync 1 DAGs
[2026-09-17T18:43:25.804+0000] {logging_mixin.py:188} INFO - [2026-09-17T18:43:25.803+0000] {dag.py:3823} INFO - Setting next_dagrun for example_branch_dop_operator_v3 to 2026-09-17 18:42:00+00:00, run_after=2026-09-17 18:43:00+00:00
[2026-09-17T18:43:25.894+0000] {processor.py:183} INFO - Processing /home/airflow/.local/lib/python3.8/site-packages/airflow/example_dags/example_branch_python_dop_operator_3.py took 0.346 seconds
[2026-09-17T18:44:19.275+0000] {processor.py:161} INFO - Started process (PID=428) to work on /home/airflow/.local/lib/python3.8/site-packages/airflow/example_dags/example_branch_python_dop_operator_3.py
[2026-09-17T18:44:19.277+0000] {processor.py:830} INFO - Processing file /home/airflow/.local/lib/python3.8/site-packages/airflow/example_dags/example_branch_python_dop_operator_3.py for tasks to queue
[2026-09-17T18:44:19.281+0000] {logging_mixin.py:188} INFO - [2026-09-17T18:44:19.280+0000] {dagbag.py:538} INFO - Filling up the DagBag from /home/airflow/.local/lib/python3.8/site-packages/airflow/example_dags/example_branch_python_dop_operator_3.py
[2026-09-17T18:44:19.291+0000] {processor.py:840} INFO - DAG(s) 'example_branch_dop_operator_v3' retrieved from /home/airflow/.local/lib/python3.8/site-packages/airflow/example_dags/example_branch_python_dop_operator_3.py
[2026-09-17T18:44:19.326+0000] {logging_mixin.py:188} INFO - [2026-09-17T18:44:19.326+0000] {dag.py:3036} INFO - Sync 1 DAGs
[2026-09-17T18:44:19.361+0000] {logging_mixin.py:188} INFO - [2026-09-17T18:44:19.361+0000] {dag.py:3823} INFO - Setting next_dagrun for example_branch_dop_operator_v3 to 2026-09-17 18:43:00+00:00, run_after=2026-09-17 18:44:00+00:00
[2026-09-17T18:44:21.191+0000] {processor.py:183} INFO - Processing /home/airflow/.local/lib/python3.8/site-packages/airflow/example_dags/example_branch_python_dop_operator_3.py took 1.920 seconds
[2026-09-17T18:44:53.646+0000] {processor.py:161} INFO - Started process (PID=485) to work on /home/airflow/.local/lib/python3.8/site-packages/airflow/example_dags/example_branch_python_dop_operator_3.py
[2026-09-17T18:44:53.650+0000] {processor.py:830} INFO - Processing file /home/airflow/.local/lib/python3.8/site-packages/airflow/example_dags/example_branch_python_dop_operator_3.py for tasks to queue
[2026-09-17T18:44:53.657+0000] {logging_mixin.py:188} INFO - [2026-09-17T18:44:53.656+0000] {dagbag.py:538} INFO - Filling up the DagBag from /home/airflow/.local/lib/python3.8/site-packages/airflow/example_dags/example_branch_python_dop_operator_3.py
[2026-09-17T18:44:53.672+0000] {processor.py:840} INFO - DAG(s) 'example_branch_dop_operator_v3' retrieved from /home/airflow/.local/lib/python3.8/site-packages/airflow/example_dags/example_branch_python_dop_operator_3.py
[2026-09-17T18:44:53.704+0000] {logging_mixin.py:188} INFO - [2026-09-17T18:44:53.703+0000] {dag.py:3036} INFO - Sync 1 DAGs
[2026-09-17T18:44:53.752+0000] {logging_mixin.py:188} INFO - [2026-09-17T18:44:53.751+0000] {dag.py:3823} INFO - Setting next_dagrun for example_branch_dop_operator_v3 to 2026-09-17 18:43:00+00:00, run_after=2026-09-17 18:44:00+00:00
[2026-09-17T18:44:55.794+0000] {processor.py:183} INFO - Processing /home/airflow/.local/lib/python3.8/site-packages/airflow/example_dags/example_branch_python_dop_operator_3.py took 2.159 seconds
[2026-09-17T18:45:27.077+0000] {processor.py:161} INFO - Started process (PID=542) to work on /home/airflow/.local/lib/python3.8/site-packages/airflow/example_dags/example_branch_python_dop_operator_3.py
[2026-09-17T18:45:27.080+0000] {processor.py:830} INFO - Processing file /home/airflow/.local/lib/python3.8/site-packages/airflow/example_dags/example_branch_python_dop_operator_3.py for tasks to queue
[2026-09-17T18:45:27.083+0000] {logging_mixin.py:188} INFO - [2026-09-17T18:45:27.083+0000] {dagbag.py:538} INFO - Filling up the DagBag from /home/airflow/.local/lib/python3.8/site-packages/airflow/example_dags/example_branch_python_dop_operator_3.py
[2026-09-17T18:45:27.095+0000] {processor.py:840} INFO - DAG(s) 'example_branch_dop_operator_v3' retrieved from /home/airflow/.local/lib/python3.8/site-packages/airflow/example_dags/example_branch_python_dop_operator_3.py
[2026-09-17T18:45:27.138+0000] {logging_mixin.py:188} INFO - [2026-09-17T18:45:27.138+0000] {dag.py:3036} INFO - Sync 1 DAGs
[2026-09-17T18:45:27.172+0000] {logging_mixin.py:188} INFO - [2026-09-17T18:45:27.171+0000] {dag.py:3823} INFO - Setting next_dagrun for example_branch_dop_operator_v3 to 2026-09-17 18:44:00+00:00, run_after=2026-09-17 18:45:00+00:00
[2026-09-17T18:45:28.208+0000] {processor.py:183} INFO - Processing /home/airflow/.local/lib/python3.8/site-packages/airflow/example_dags/example_branch_python_dop_operator_3.py took 1.134 seconds
[2026-09-17T18:47:25.459+0000] {processor.py:186} INFO - Started process (PID=111) to work on /home/airflow/.local/lib/python3.12/site-packages/airflow/example_dags/example_branch_python_dop_operator_3.py
[2026-09-17T18:47:25.461+0000] {processor.py:914} INFO - Processing file /home/airflow/.local/lib/python3.12/site-packages/airflow/example_dags/example_branch_python_dop_operator_3.py for tasks to queue
[2026-09-17T18:47:25.465+0000] {logging_mixin.py:190} INFO - [2026-09-17T18:47:25.464+0000] {dagbag.py:588} INFO - Filling up the DagBag from /home/airflow/.local/lib/python3.12/site-packages/airflow/example_dags/example_branch_python_dop_operator_3.py
[2026-09-17T18:47:25.478+0000] {processor.py:925} INFO - DAG(s) 'example_branch_dop_operator_v3' retrieved from /home/airflow/.local/lib/python3.12/site-packages/airflow/example_dags/example_branch_python_dop_operator_3.py
[2026-09-17T18:47:25.626+0000] {logging_mixin.py:190} INFO - [2026-09-17T18:47:25.625+0000] {dag.py:3239} INFO - Sync 1 DAGs
[2026-09-17T18:47:25.657+0000] {logging_mixin.py:190} INFO - [2026-09-17T18:47:25.657+0000] {dag.py:4180} INFO - Setting next_dagrun for example_branch_dop_operator_v3 to 2026-09-17 18:46:00+00:00, run_after=2026-09-17 18:47:00+00:00
[2026-09-17T18:47:25.686+0000] {processor.py:208} INFO - Processing /home/airflow/.local/lib/python3.12/site-packages/airflow/example_dags/example_branch_python_dop_operator_3.py took 0.234 seconds
[2026-09-17T18:47:56.654+0000] {processor.py:186} INFO - Started process (PID=176) to work on /home/airflow/.local/lib/python3.12/site-packages/airflow/example_dags/example_branch_python_dop_operator_3.py
[2026-09-17T18:47:56.656+0000] {processor.py:914} INFO - Processing file /home/airflow/.local/lib/python3.12/site-packages/airflow/example_dags/example_branch_python_dop_operator_3.py for tasks to queue
[2026-09-17T18:47:56.659+0000] {logging_mixin.py:190} INFO - [2026-09-17T18:47:56.659+0000] {dagbag.py:588} INFO - Filling up the DagBag from /home/airflow/.local/lib/python3.12/site-packages/airflow/example_dags/example_branch_python_dop_operator_3.py
[2026-09-17T18:47:56.670+0000] {processor.py:925} INFO - DAG(s) 'example_branch_dop_operator_v3' retrieved from /home/airflow/.local/lib/python3.12/site-packages/airflow/example_dags/example_branch_python_dop_operator_3.py
[2026-09-17T18:47:56.701+0000] {logging_mixin.py:190} INFO - [2026-09-17T18:47:56.700+0000] {dag.py:3239} INFO - Sync 1 DAGs
[2026-09-17T18:47:56.730+0000] {logging_mixin.py:190} INFO - [2026-09-17T18:47:56.730+0000] {dag.py:4180} INFO - Setting next_dagrun for example_branch_dop_operator_v3 to 2026-09-17 18:46:00+00:00, run_after=2026-09-17 18:47:00+00:00
[2026-09-17T18:47:56.757+0000] {processor.py:208} INFO - Processing /home/airflow/.local/lib/python3.12/site-packages/airflow/example_dags/example_branch_python_dop_operator_3.py took 0.110 seconds
[2026-09-17T18:48:27.184+0000] {processor.py:186} INFO - Started process (PID=241) to work on /home/airflow/.local/lib/python3.12/site-packages/airflow/example_dags/example_branch_python_dop_operator_3.py
[2026-09-17T18:48:27.187+0000] {processor.py:914} INFO - Processing file /home/airflow/.local/lib/python3.12/site-packages/airflow/example_dags/example_branch_python_dop_operator_3.py for tasks to queue
[2026-09-17T18:48:27.191+0000] {logging_mixin.py:190} INFO - [2026-09-17T18:48:27.190+0000] {dagbag.py:588} INFO - Filling up the DagBag from /home/airflow/.local/lib/python3.12/site-packages/airflow/example_dags/example_branch_python_dop_operator_3.py
[2026-09-17T18:48:27.205+0000] {processor.py:925} INFO - DAG(s) 'example_branch_dop_operator_v3' retrieved from /home/airflow/.local/lib/python3.12/site-packages/airflow/example_dags/example_branch_python_dop_operator_3.py
[2026-09-17T18:48:27.245+0000] {logging_mixin.py:190} INFO - [2026-09-17T18:48:27.245+0000] {dag.py:3239} INFO - Sync 1 DAGs
[2026-09-17T18:48:27.299+0000] {logging_mixin.py:190} INFO - [2026-09-17T18:48:27.298+0000] {dag.py:4180} INFO - Setting next_dagrun for example_branch_dop_operator_v3 to 2026-09-17 18:47:00+00:00, run_after=2026-09-17 18:48:00+00:00
[2026-09-17T18:48:27.351+0000] {processor.py:208} INFO - Processing /home/airflow/.local/lib/python3.12/site-packages/airflow/example_dags/example_branch_python_dop_operator_3.py took 0.176 seconds
[2026-09-17T18:48:58.719+0000] {processor.py:186} INFO - Started process (PID=306) to work on /home/airflow/.local/lib/python3.12/site-packages/airflow/example_dags/example_branch_python_dop_operator_3.py
[2026-09-17T18:48:58.722+0000] {processor.py:914} INFO - Processing file /home/airflow/.local/lib/python3.12/site-packages/airflow/example_dags/example_branch_python_dop_operator_3.py for tasks to queue
[2026-09-17T18:48:58.727+0000] {logging_mixin.py:190} INFO - [2026-09-17T18:48:58.726+0000] {dagbag.py:588} INFO - Filling up the DagBag from /home/airflow/.local/lib/python3.12/site-packages/airflow/example_dags/example_branch_python_dop_operator_3.py
[2026-09-17T18:48:58.744+0000] {processor.py:925} INFO - DAG(s) 'example_branch_dop_operator_v3' retrieved from /home/airflow/.local/lib/python3.12/site-packages/airflow/example_dags/example_branch_python_dop_operator_3.py
[2026-09-17T18:48:58.777+0000] {logging_mixin.py:190} INFO - [2026-09-17T18:48:58.777+0000] {dag.py:3239} INFO - Sync 1 DAGs
[2026-09-17T18:48:58.818+0000] {logging_mixin.py:190} INFO - [2026-09-17T18:48:58.818+0000] {dag.py:4180} INFO - Setting next_dagrun for example_branch_dop_operator_v3 to 2026-09-17 18:47:00+00:00, run_after=2026-09-17 18:48:00+00:00
[2026-09-17T18:48:58.859+0000] {processor.py:208} INFO - Processing /home/airflow/.local/lib/python3.12/site-packages/airflow/example_dags/example_branch_python_dop_operator_3.py took 0.149 seconds
[2026-09-17T18:49:29.244+0000] {processor.py:186} INFO - Started process (PID=362) to work on /home/airflow/.local/lib/python3.12/site-packages/airflow/example_dags/example_branch_python_dop_operator_3.py
[2026-09-17T18:49:29.246+0000] {processor.py:914} INFO - Processing file /home/airflow/.local/lib/python3.12/site-packages/airflow/example_dags/example_branch_python_dop_operator_3.py for tasks to queue
[2026-09-17T18:49:29.249+0000] {logging_mixin.py:190} INFO - [2026-09-17T18:49:29.249+0000] {dagbag.py:588} INFO - Filling up the DagBag from /home/airflow/.local/lib/python3.12/site-packages/airflow/example_dags/example_branch_python_dop_operator_3.py
[2026-09-17T18:49:29.261+0000] {processor.py:925} INFO - DAG(s) 'example_branch_dop_operator_v3' retrieved from /home/airflow/.local/lib/python3.12/site-packages/airflow/example_dags/example_branch_python_dop_operator_3.py
[2026-09-17T18:49:29.288+0000] {logging_mixin.py:190} INFO - [2026-09-17T18:49:29.288+0000] {dag.py:3239} INFO - Sync 1 DAGs
[2026-09-17T18:49:29.324+0000] {logging_mixin.py:190} INFO - [2026-09-17T18:49:29.324+0000] {dag.py:4180} INFO - Setting next_dagrun for example_branch_dop_operator_v3 to 2026-09-17 18:48:00+00:00, run_after=2026-09-17 18:49:00+00:00
[2026-09-17T18:49:29.356+0000] {processor.py:208} INFO - Processing /home/airflow/.local/lib/python3.12/site-packages/airflow/example_dags/example_branch_python_dop_operator_3.py took 0.118 seconds
[2026-09-17T18:50:55.204+0000] {processor.py:186} INFO - Started process (PID=90) to work on /home/airflow/.local/lib/python3.12/site-packages/airflow/example_dags/example_branch_python_dop_operator_3.py
[2026-09-17T18:50:55.207+0000] {processor.py:914} INFO - Processing file /home/airflow/.local/lib/python3.12/site-packages/airflow/example_dags/example_branch_python_dop_operator_3.py for tasks to queue
[2026-09-17T18:50:55.209+0000] {logging_mixin.py:190} INFO - [2026-09-17T18:50:55.209+0000] {dagbag.py:588} INFO - Filling up the DagBag from /home/airflow/.local/lib/python3.12/site-packages/airflow/example_dags/example_branch_python_dop_operator_3.py
[2026-09-17T18:50:55.225+0000] {processor.py:925} INFO - DAG(s) 'example_branch_dop_operator_v3' retrieved from /home/airflow/.local/lib/python3.12/site-packages/airflow/example_dags/example_branch_python_dop_operator_3.py
[2026-09-17T18:50:55.254+0000] {logging_mixin.py:190} INFO - [2026-09-17T18:50:55.254+0000] {dag.py:3239} INFO - Sync 1 DAGs
[2026-09-17T18:50:55.289+0000] {logging_mixin.py:190} INFO - [2026-09-17T18:50:55.288+0000] {dag.py:4180} INFO - Setting next_dagrun for example_branch_dop_operator_v3 to 2026-09-17 18:49:00+00:00, run_after=2026-09-17 18:50:00+00:00
[2026-09-17T18:50:55.317+0000] {processor.py:208} INFO - Processing /home/airflow/.local/lib/python3.12/site-packages/airflow/example_dags/example_branch_python_dop_operator_3.py took 0.120 seconds
[2026-09-17T18:51:27.314+0000] {processor.py:186} INFO - Started process (PID=155) to work on /home/airflow/.local/lib/python3.12/site-packages/airflow/example_dags/example_branch_python_dop_operator_3.py
[2026-09-17T18:51:27.316+0000] {processor.py:914} INFO - Processing file /home/airflow/.local/lib/python3.12/site-packages/airflow/example_dags/example_branch_python_dop_operator_3.py for tasks to queue
[2026-09-17T18:51:27.318+0000] {logging_mixin.py:190} INFO - [2026-09-17T18:51:27.318+0000] {dagbag.py:588} INFO - Filling up the DagBag from /home/airflow/.local/lib/python3.12/site-packages/airflow/example_dags/example_branch_python_dop_operator_3.py
[2026-09-17T18:51:27.330+0000] {processor.py:925} INFO - DAG(s) 'example_branch_dop_operator_v3' retrieved from /home/airflow/.local/lib/python3.12/site-packages/airflow/example_dags/example_branch_python_dop_operator_3.py
[2026-09-17T18:51:27.361+0000] {logging_mixin.py:190} INFO - [2026-09-17T18:51:27.361+0000] {dag.py:3239} INFO - Sync 1 DAGs
[2026-09-17T18:51:27.389+0000] {logging_mixin.py:190} INFO - [2026-09-17T18:51:27.389+0000] {dag.py:4180} INFO - Setting next_dagrun for example_branch_dop_operator_v3 to 2026-09-17 18:50:00+00:00, run_after=2026-09-17 18:51:00+00:00
[2026-09-17T18:51:27.413+0000] {processor.py:208} INFO - Processing /home/airflow/.local/lib/python3.12/site-packages/airflow/example_dags/example_branch_python_dop_operator_3.py took 0.105 seconds
[2026-09-17T18:51:59.976+0000] {processor.py:186} INFO - Started process (PID=220) to work on /home/airflow/.local/lib/python3.12/site-packages/airflow/example_dags/example_branch_python_dop_operator_3.py
[2026-09-17T18:51:59.978+0000] {processor.py:914} INFO - Processing file /home/airflow/.local/lib/python3.12/site-packages/airflow/example_dags/example_branch_python_dop_operator_3.py for tasks to queue
[2026-09-17T18:51:59.980+0000] {logging_mixin.py:190} INFO - [2026-09-17T18:51:59.980+0000] {dagbag.py:588} INFO - Filling up the DagBag from /home/airflow/.local/lib/python3.12/site-packages/airflow/example_dags/example_branch_python_dop_operator_3.py
[2026-09-17T18:51:59.992+0000] {processor.py:925} INFO - DAG(s) 'example_branch_dop_operator_v3' retrieved from /home/airflow/.local/lib/python3.12/site-packages/airflow/example_dags/example_branch_python_dop_operator_3.py
[2026-09-17T18:52:00.024+0000] {logging_mixin.py:190} INFO - [2026-09-17T18:52:00.024+0000] {dag.py:3239} INFO - Sync 1 DAGs
[2026-09-17T18:52:00.057+0000] {logging_mixin.py:190} INFO - [2026-09-17T18:52:00.057+0000] {dag.py:4180} INFO - Setting next_dagrun for example_branch_dop_operator_v3 to 2026-09-17 18:51:00+00:00, run_after=2026-09-17 18:52:00+00:00
[2026-09-17T18:52:00.085+0000] {processor.py:208} INFO - Processing /home/airflow/.local/lib/python3.12/site-packages/airflow/example_dags/example_branch_python_dop_operator_3.py took 0.116 seconds
[2026-09-17T18:52:31.180+0000] {processor.py:186} INFO - Started process (PID=284) to work on /home/airflow/.local/lib/python3.12/site-packages/airflow/example_dags/example_branch_python_dop_operator_3.py
[2026-09-17T18:52:31.183+0000] {processor.py:914} INFO - Processing file /home/airflow/.local/lib/python3.12/site-packages/airflow/example_dags/example_branch_python_dop_operator_3.py for tasks to queue
[2026-09-17T18:52:31.186+0000] {logging_mixin.py:190} INFO - [2026-09-17T18:52:31.185+0000] {dagbag.py:588} INFO - Filling up the DagBag from /home/airflow/.local/lib/python3.12/site-packages/airflow/example_dags/example_branch_python_dop_operator_3.py
[2026-09-17T18:52:31.209+0000] {processor.py:925} INFO - DAG(s) 'example_branch_dop_operator_v3' retrieved from /home/airflow/.local/lib/python3.12/site-packages/airflow/example_dags/example_branch_python_dop_operator_3.py
[2026-09-17T18:52:31.252+0000] {logging_mixin.py:190} INFO - [2026-09-17T18:52:31.251+0000] {dag.py:3239} INFO - Sync 1 DAGs
[2026-09-17T18:52:31.300+0000] {logging_mixin.py:190} INFO - [2026-09-17T18:52:31.300+0000] {dag.py:4180} INFO - Setting next_dagrun for example_branch_dop_operator_v3 to 2026-09-17 18:51:00+00:00, run_after=2026-09-17 18:52:00+00:00
[2026-09-17T18:52:31.337+0000] {processor.py:208} INFO - Processing /home/airflow/.local/lib/python3.12/site-packages/airflow/example_dags/example_branch_python_dop_operator_3.py took 0.167 seconds
[2026-09-17T18:53:02.508+0000] {processor.py:186} INFO - Started process (PID=342) to work on /home/airflow/.local/lib/python3.12/site-packages/airflow/example_dags/example_branch_python_dop_operator_3.py
[2026-09-17T18:53:02.510+0000] {processor.py:914} INFO - Processing file /home/airflow/.local/lib/python3.12/site-packages/airflow/example_dags/example_branch_python_dop_operator_3.py for tasks to queue
[2026-09-17T18:53:02.513+0000] {logging_mixin.py:190} INFO - [2026-09-17T18:53:02.512+0000] {dagbag.py:588} INFO - Filling up the DagBag from /home/airflow/.local/lib/python3.12/site-packages/airflow/example_dags/example_branch_python_dop_operator_3.py
[2026-09-17T18:53:02.525+0000] {processor.py:925} INFO - DAG(s) 'example_branch_dop_operator_v3' retrieved from /home/airflow/.local/lib/python3.12/site-packages/airflow/example_dags/example_branch_python_dop_operator_3.py
[2026-09-17T18:53:02.551+0000] {logging_mixin.py:190} INFO - [2026-09-17T18:53:02.550+0000] {dag.py:3239} INFO - Sync 1 DAGs
[2026-09-17T18:53:02.576+0000] {logging_mixin.py:190} INFO - [2026-09-17T18:53:02.576+0000] {dag.py:4180} INFO - Setting next_dagrun for example_branch_dop_operator_v3 to 2026-09-17 18:52:00+00:00, run_after=2026-09-17 18:53:00+00:00
[2026-09-17T18:53:02.598+0000] {processor.py:208} INFO - Processing /home/airflow/.local/lib/python3.12/site-packages/airflow/example_dags/example_branch_python_dop_operator_3.py took 0.096 seconds
[2026-09-17T18:53:33.611+0000] {processor.py:186} INFO - Started process (PID=407) to work on /home/airflow/.local/lib/python3.12/site-packages/airflow/example_dags/example_branch_python_dop_operator_3.py
[2026-09-17T18:53:33.612+0000] {processor.py:914} INFO - Processing file /home/airflow/.local/lib/python3.12/site-packages/airflow/example_dags/example_branch_python_dop_operator_3.py for tasks to queue
[2026-09-17T18:53:33.614+0000] {logging_mixin.py:190} INFO - [2026-09-17T18:53:33.614+0000] {dagbag.py:588} INFO - Filling up the DagBag from /home/airflow/.local/lib/python3.12/site-packages/airflow/example_dags/example_branch_python_dop_operator_3.py
[2026-09-17T18:53:33.625+0000] {processor.py:925} INFO - DAG(s) 'example_branch_dop_operator_v3' retrieved from /home/airflow/.local/lib/python3.12/site-packages/airflow/example_dags/example_branch_python_dop_operator_3.py
[2026-09-17T18:53:33.651+0000] {logging_mixin.py:190} INFO - [2026-09-17T18:53:33.651+0000] {dag.py:3239} INFO - Sync 1 DAGs
[2026-09-17T18:53:33.679+0000] {logging_mixin.py:190} INFO - [2026-09-17T18:53:33.678+0000] {dag.py:4180} INFO - Setting next_dagrun for example_branch_dop_operator_v3 to 2026-09-17 18:52:00+00:00, run_after=2026-09-17 18:53:00+00:00
[2026-09-17T18:53:33.700+0000] {processor.py:208} INFO - Processing /home/airflow/.local/lib/python3.12/site-packages/airflow/example_dags/example_branch_python_dop_operator_3.py took 0.096 seconds
[2026-09-17T18:54:04.534+0000] {processor.py:186} INFO - Started process (PID=472) to work on /home/airflow/.local/lib/python3.12/site-packages/airflow/example_dags/example_branch_python_dop_operator_3.py
[2026-09-17T18:54:04.536+0000] {processor.py:914} INFO - Processing file /home/airflow/.local/lib/python3.12/site-packages/airflow/example_dags/example_branch_python_dop_operator_3.py for tasks to queue
[2026-09-17T18:54:04.538+0000] {logging_mixin.py:190} INFO - [2026-09-17T18:54:04.537+0000] {dagbag.py:588} INFO - Filling up the DagBag from /home/airflow/.local/lib/python3.12/site-packages/airflow/example_dags/example_branch_python_dop_operator_3.py
[2026-09-17T18:54:04.548+0000] {processor.py:925} INFO - DAG(s) 'example_branch_dop_operator_v3' retrieved from /home/airflow/.local/lib/python3.12/site-packages/airflow/example_dags/example_branch_python_dop_operator_3.py
[2026-09-17T18:54:04.572+0000] {logging_mixin.py:190} INFO - [2026-09-17T18:54:04.572+0000] {dag.py:3239} INFO - Sync 1 DAGs
[2026-09-17T18:54:04.599+0000] {logging_mixin.py:190} INFO - [2026-09-17T18:54:04.598+0000] {dag.py:4180} INFO - Setting next_dagrun for example_branch_dop_operator_v3 to 2026-09-17 18:53:00+00:00, run_after=2026-09-17 18:54:00+00:00
[2026-09-17T18:54:04.621+0000] {processor.py:208} INFO - Processing /home/airflow/.local/lib/python3.12/site-packages/airflow/example_dags/example_branch_python_dop_operator_3.py took 0.092 seconds
[2026-09-17T18:54:35.927+0000] {processor.py:186} INFO - Started process (PID=537) to work on /home/airflow/.local/lib/python3.12/site-packages/airflow/example_dags/example_branch_python_dop_operator_3.py
[2026-09-17T18:54:35.929+0000] {processor.py:914} INFO - Processing file /home/airflow/.local/lib/python3.12/site-packages/airflow/example_dags/example_branch_python_dop_operator_3.py for tasks to queue
[2026-09-17T18:54:35.931+0000] {logging_mixin.py:190} INFO - [2026-09-17T18:54:35.931+0000] {dagbag.py:588} INFO - Filling up the DagBag from /home/airflow/.local/lib/python3.12/site-packages/airflow/example_dags/example_branch_python_dop_operator_3.py
[2026-09-17T18:54:35.945+0000] {processor.py:925} INFO - DAG(s) 'example_branch_dop_operator_v3' retrieved from /home/airflow/.local/lib/python3.12/site-packages/airflow/example_dags/example_branch_python_dop_operator_3.py
[2026-09-17T18:54:35.973+0000] {logging_mixin.py:190} INFO - [2026-09-17T18:54:35.973+0000] {dag.py:3239} INFO - Sync 1 DAGs
[2026-09-17T18:54:36.006+0000] {logging_mixin.py:190} INFO - [2026-09-17T18:54:36.006+0000] {dag.py:4180} INFO - Setting next_dagrun for example_branch_dop_operator_v3 to 2026-09-17 18:53:00+00:00, run_after=2026-09-17 18:54:00+00:00
[2026-09-17T18:54:36.035+0000] {processor.py:208} INFO - Processing /home/airflow/.local/lib/python3.12/site-packages/airflow/example_dags/example_branch_python_dop_operator_3.py took 0.114 seconds
[2026-09-17T18:55:07.324+0000] {processor.py:186} INFO - Started process (PID=602) to work on /home/airflow/.local/lib/python3.12/site-packages/airflow/example_dags/example_branch_python_dop_operator_3.py
[2026-09-17T18:55:07.326+0000] {processor.py:914} INFO - Processing file /home/airflow/.local/lib/python3.12/site-packages/airflow/example_dags/example_branch_python_dop_operator_3.py for tasks to queue
[2026-09-17T18:55:07.328+0000] {logging_mixin.py:190} INFO - [2026-09-17T18:55:07.327+0000] {dagbag.py:588} INFO - Filling up the DagBag from /home/airflow/.local/lib/python3.12/site-packages/airflow/example_dags/example_branch_python_dop_operator_3.py
[2026-09-17T18:55:07.340+0000] {processor.py:925} INFO - DAG(s) 'example_branch_dop_operator_v3' retrieved from /home/airflow/.local/lib/python3.12/site-packages/airflow/example_dags/example_branch_python_dop_operator_3.py
[2026-09-17T18:55:07.370+0000] {logging_mixin.py:190} INFO - [2026-09-17T18:55:07.370+0000] {dag.py:3239} INFO - Sync 1 DAGs
[2026-09-17T18:55:07.403+0000] {logging_mixin.py:190} INFO - [2026-09-17T18:55:07.403+0000] {dag.py:4180} INFO - Setting next_dagrun for example_branch_dop_operator_v3 to 2026-09-17 18:54:00+00:00, run_after=2026-09-17 18:55:00+00:00
[2026-09-17T18:55:07.431+0000] {processor.py:208} INFO - Processing /home/airflow/.local/lib/python3.12/site-packages/airflow/example_dags/example_branch_python_dop_operator_3.py took 0.114 seconds
[2026-09-17T18:55:38.602+0000] {processor.py:186} INFO - Started process (PID=667) to work on /home/airflow/.local/lib/python3.12/site-packages/airflow/example_dags/example_branch_python_dop_operator_3.py
[2026-09-17T18:55:38.604+0000] {processor.py:914} INFO - Processing file /home/airflow/.local/lib/python3.12/site-packages/airflow/example_dags/example_branch_python_dop_operator_3.py for tasks to queue
[2026-09-17T18:55:38.606+0000] {logging_mixin.py:190} INFO - [2026-09-17T18:55:38.606+0000] {dagbag.py:588} INFO - Filling up the DagBag from /home/airflow/.local/lib/python3.12/site-packages/airflow/example_dags/example_branch_python_dop_operator_3.py
[2026-09-17T18:55:38.618+0000] {processor.py:925} INFO - DAG(s) 'example_branch_dop_operator_v3' retrieved from /home/airflow/.local/lib/python3.12/site-packages/airflow/example_dags/example_branch_python_dop_operator_3.py
[2026-09-17T18:55:38.644+0000] {logging_mixin.py:190} INFO - [2026-09-17T18:55:38.644+0000] {dag.py:3239} INFO - Sync 1 DAGs
[2026-09-17T18:55:38.671+0000] {logging_mixin.py:190} INFO - [2026-09-17T18:55:38.671+0000] {dag.py:4180} INFO - Setting next_dagrun for example_branch_dop_operator_v3 to 2026-09-17 18:54:00+00:00, run_after=2026-09-17 18:55:00+00:00
[2026-09-17T18:55:38.698+0000] {processor.py:208} INFO - Processing /home/airflow/.local/lib/python3.12/site-packages/airflow/example_dags/example_branch_python_dop_operator_3.py took 0.101 seconds
[2026-09-17T18:56:09.467+0000] {processor.py:186} INFO - Started process (PID=732) to work on /home/airflow/.local/lib/python3.12/site-packages/airflow/example_dags/example_branch_python_dop_operator_3.py
[2026-09-17T18:56:09.469+0000] {processor.py:914} INFO - Processing file /home/airflow/.local/lib/python3.12/site-packages/airflow/example_dags/example_branch_python_dop_operator_3.py for tasks to queue
[2026-09-17T18:56:09.471+0000] {logging_mixin.py:190} INFO - [2026-09-17T18:56:09.471+0000] {dagbag.py:588} INFO - Filling up the DagBag from /home/airflow/.local/lib/python3.12/site-packages/airflow/example_dags/example_branch_python_dop_operator_3.py
[2026-09-17T18:56:09.481+0000] {processor.py:925} INFO - DAG(s) 'example_branch_dop_operator_v3' retrieved from /home/airflow/.local/lib/python3.12/site-packages/airflow/example_dags/example_branch_python_dop_operator_3.py
[2026-09-17T18:56:09.509+0000] {logging_mixin.py:190} INFO - [2026-09-17T18:56:09.509+0000] {dag.py:3239} INFO - Sync 1 DAGs
[2026-09-17T18:56:09.537+0000] {logging_mixin.py:190} INFO - [2026-09-17T18:56:09.537+0000] {dag.py:4180} INFO - Setting next_dagrun for example_branch_dop_operator_v3 to 2026-09-17 18:55:00+00:00, run_after=2026-09-17 18:56:00+00:00
[2026-09-17T18:56:09.557+0000] {processor.py:208} INFO - Processing /home/airflow/.local/lib/python3.12/site-packages/airflow/example_dags/example_branch_python_dop_operator_3.py took 0.096 seconds
[2026-09-17T18:56:40.341+0000] {processor.py:186} INFO - Started process (PID=797) to work on /home/airflow/.local/lib/python3.12/site-packages/airflow/example_dags/example_branch_python_dop_operator_3.py
[2026-09-17T18:56:40.343+0000] {processor.py:914} INFO - Processing file /home/airflow/.local/lib/python3.12/site-packages/airflow/example_dags/example_branch_python_dop_operator_3.py for tasks to queue
[2026-09-17T18:56:40.345+0000] {logging_mixin.py:190} INFO - [2026-09-17T18:56:40.345+0000] {dagbag.py:588} INFO - Filling up the DagBag from /home/airflow/.local/lib/python3.12/site-packages/airflow/example_dags/example_branch_python_dop_operator_3.py
[2026-09-17T18:56:40.356+0000] {processor.py:925} INFO - DAG(s) 'example_branch_dop_operator_v3' retrieved from /home/airflow/.local/lib/python3.12/site-packages/airflow/example_dags/example_branch_python_dop_operator_3.py
[2026-09-17T18:56:40.381+0000] {logging_mixin.py:190} INFO - [2026-09-17T18:56:40.381+0000] {dag.py:3239} INFO - Sync 1 DAGs
[2026-09-17T18:56:40.406+0000] {logging_mixin.py:190} INFO - [2026-09-17T18:56:40.406+0000] {dag.py:4180} INFO - Setting next_dagrun for example_branch_dop_operator_v3 to 2026-09-17 18:55:00+00:00, run_after=2026-09-17 18:56:00+00:00
[2026-09-17T18:56:40.426+0000] {processor.py:208} INFO - Processing /home/airflow/.local/lib/python3.12/site-packages/airflow/example_dags/example_branch_python_dop_operator_3.py took 0.090 seconds
[2026-09-17T18:57:11.457+0000] {processor.py:186} INFO - Started process (PID=862) to work on /home/airflow/.local/lib/python3.12/site-packages/airflow/example_dags/example_branch_python_dop_operator_3.py
[2026-09-17T18:57:11.459+0000] {processor.py:914} INFO - Processing file /home/airflow/.local/lib/python3.12/site-packages/airflow/example_dags/example_branch_python_dop_operator_3.py for tasks to queue
[2026-09-17T18:57:11.462+0000] {logging_mixin.py:190} INFO - [2026-09-17T18:57:11.462+0000] {dagbag.py:588} INFO - Filling up the DagBag from /home/airflow/.local/lib/python3.12/site-packages/airflow/example_dags/example_branch_python_dop_operator_3.py
[2026-09-17T18:57:11.475+0000] {processor.py:925} INFO - DAG(s) 'example_branch_dop_operator_v3' retrieved from /home/airflow/.local/lib/python3.12/site-packages/airflow/example_dags/example_branch_python_dop_operator_3.py
[2026-09-17T18:57:11.506+0000] {logging_mixin.py:190} INFO - [2026-09-17T18:57:11.506+0000] {dag.py:3239} INFO - Sync 1 DAGs
[2026-09-17T18:57:11.537+0000] {logging_mixin.py:190} INFO - [2026-09-17T18:57:11.537+0000] {dag.py:4180} INFO - Setting next_dagrun for example_branch_dop_operator_v3 to 2026-09-17 18:56:00+00:00, run_after=2026-09-17 18:57:00+00:00
[2026-09-17T18:57:11.560+0000] {processor.py:208} INFO - Processing /home/airflow/.local/lib/python3.12/site-packages/airflow/example_dags/example_branch_python_dop_operator_3.py took 0.110 seconds
[2026-09-17T18:57:42.867+0000] {processor.py:186} INFO - Started process (PID=927) to work on /home/airflow/.local/lib/python3.12/site-packages/airflow/example_dags/example_branch_python_dop_operator_3.py
[2026-09-17T18:57:42.869+0000] {processor.py:914} INFO - Processing file /home/airflow/.local/lib/python3.12/site-packages/airflow/example_dags/example_branch_python_dop_operator_3.py for tasks to queue
[2026-09-17T18:57:42.872+0000] {logging_mixin.py:190} INFO - [2026-09-17T18:57:42.872+0000] {dagbag.py:588} INFO - Filling up the DagBag from /home/airflow/.local/lib/python3.12/site-packages/airflow/example_dags/example_branch_python_dop_operator_3.py
[2026-09-17T18:57:42.887+0000] {processor.py:925} INFO - DAG(s) 'example_branch_dop_operator_v3' retrieved from /home/airflow/.local/lib/python3.12/site-packages/airflow/example_dags/example_branch_python_dop_operator_3.py
[2026-09-17T18:57:42.915+0000] {logging_mixin.py:190} INFO - [2026-09-17T18:57:42.914+0000] {dag.py:3239} INFO - Sync 1 DAGs
[2026-09-17T18:57:42.945+0000] {logging_mixin.py:190} INFO - [2026-09-17T18:57:42.944+0000] {dag.py:4180} INFO - Setting next_dagrun for example_branch_dop_operator_v3 to 2026-09-17 18:56:00+00:00, run_after=2026-09-17 18:57:00+00:00
[2026-09-17T18:57:42.972+0000] {processor.py:208} INFO - Processing /home/airflow/.local/lib/python3.12/site-packages/airflow/example_dags/example_branch_python_dop_operator_3.py took 0.112 seconds
[2026-09-17T18:58:14.409+0000] {processor.py:186} INFO - Started process (PID=992) to work on /home/airflow/.local/lib/python3.12/site-packages/airflow/example_dags/example_branch_python_dop_operator_3.py
[2026-09-17T18:58:14.411+0000] {processor.py:914} INFO - Processing file /home/airflow/.local/lib/python3.12/site-packages/airflow/example_dags/example_branch_python_dop_operator_3.py for tasks to queue
[2026-09-17T18:58:14.413+0000] {logging_mixin.py:190} INFO - [2026-09-17T18:58:14.413+0000] {dagbag.py:588} INFO - Filling up the DagBag from /home/airflow/.local/lib/python3.12/site-packages/airflow/example_dags/example_branch_python_dop_operator_3.py
[2026-09-17T18:58:14.425+0000] {processor.py:925} INFO - DAG(s) 'example_branch_dop_operator_v3' retrieved from /home/airflow/.local/lib/python3.12/site-packages/airflow/example_dags/example_branch_python_dop_operator_3.py
[2026-09-17T18:58:14.453+0000] {logging_mixin.py:190} INFO - [2026-09-17T18:58:14.453+0000] {dag.py:3239} INFO - Sync 1 DAGs
[2026-09-17T18:58:14.479+0000] {logging_mixin.py:190} INFO - [2026-09-17T18:58:14.479+0000] {dag.py:4180} INFO - Setting next_dagrun for example_branch_dop_operator_v3 to 2026-09-17 18:57:00+00:00, run_after=2026-09-17 18:58:00+00:00
[2026-09-17T18:58:14.502+0000] {processor.py:208} INFO - Processing /home/airflow/.local/lib/python3.12/site-packages/airflow/example_dags/example_branch_python_dop_operator_3.py took 0.099 seconds
[2026-09-17T18:58:45.672+0000] {processor.py:186} INFO - Started process (PID=1057) to work on /home/airflow/.local/lib/python3.12/site-packages/airflow/example_dags/example_branch_python_dop_operator_3.py
[2026-09-17T18:58:45.674+0000] {processor.py:914} INFO - Processing file /home/airflow/.local/lib/python3.12/site-packages/airflow/example_dags/example_branch_python_dop_operator_3.py for tasks to queue
[2026-09-17T18:58:45.676+0000] {logging_mixin.py:190} INFO - [2026-09-17T18:58:45.675+0000] {dagbag.py:588} INFO - Filling up the DagBag from /home/airflow/.local/lib/python3.12/site-packages/airflow/example_dags/example_branch_python_dop_operator_3.py
[2026-09-17T18:58:45.688+0000] {processor.py:925} INFO - DAG(s) 'example_branch_dop_operator_v3' retrieved from /home/airflow/.local/lib/python3.12/site-packages/airflow/example_dags/example_branch_python_dop_operator_3.py
[2026-09-17T18:58:45.715+0000] {logging_mixin.py:190} INFO - [2026-09-17T18:58:45.714+0000] {dag.py:3239} INFO - Sync 1 DAGs
[2026-09-17T18:58:45.741+0000] {logging_mixin.py:190} INFO - [2026-09-17T18:58:45.740+0000] {dag.py:4180} INFO - Setting next_dagrun for example_branch_dop_operator_v3 to 2026-09-17 18:57:00+00:00, run_after=2026-09-17 18:58:00+00:00
[2026-09-17T18:58:45.763+0000] {processor.py:208} INFO - Processing /home/airflow/.local/lib/python3.12/site-packages/airflow/example_dags/example_branch_python_dop_operator_3.py took 0.098 seconds
[2026-09-17T18:59:20.423+0000] {processor.py:186} INFO - Started process (PID=1122) to work on /home/airflow/.local/lib/python3.12/site-packages/airflow/example_dags/example_branch_python_dop_operator_3.py
[2026-09-17T18:59:20.427+0000] {processor.py:914} INFO - Processing file /home/airflow/.local/lib/python3.12/site-packages/airflow/example_dags/example_branch_python_dop_operator_3.py for tasks to queue
[2026-09-17T18:59:20.433+0000] {logging_mixin.py:190} INFO - [2026-09-17T18:59:20.432+0000] {dagbag.py:588} INFO - Filling up the DagBag from /home/airflow/.local/lib/python3.12/site-packages/airflow/example_dags/example_branch_python_dop_operator_3.py
[2026-09-17T18:59:20.476+0000] {processor.py:925} INFO - DAG(s) 'example_branch_dop_operator_v3' retrieved from /home/airflow/.local/lib/python3.12/site-packages/airflow/example_dags/example_branch_python_dop_operator_3.py
[2026-09-17T18:59:20.561+0000] {logging_mixin.py:190} INFO - [2026-09-17T18:59:20.559+0000] {dag.py:3239} INFO - Sync 1 DAGs
[2026-09-17T18:59:20.663+0000] {logging_mixin.py:190} INFO - [2026-09-17T18:59:20.663+0000] {dag.py:4180} INFO - Setting next_dagrun for example_branch_dop_operator_v3 to 2026-09-17 18:58:00+00:00, run_after=2026-09-17 18:59:00+00:00
[2026-09-17T18:59:20.726+0000] {processor.py:208} INFO - Processing /home/airflow/.local/lib/python3.12/site-packages/airflow/example_dags/example_branch_python_dop_operator_3.py took 0.333 seconds
[2026-09-17T18:59:51.015+0000] {processor.py:186} INFO - Started process (PID=1180) to work on /home/airflow/.local/lib/python3.12/site-packages/airflow/example_dags/example_branch_python_dop_operator_3.py
[2026-09-17T18:59:51.017+0000] {processor.py:914} INFO - Processing file /home/airflow/.local/lib/python3.12/site-packages/airflow/example_dags/example_branch_python_dop_operator_3.py for tasks to queue
[2026-09-17T18:59:51.019+0000] {logging_mixin.py:190} INFO - [2026-09-17T18:59:51.019+0000] {dagbag.py:588} INFO - Filling up the DagBag from /home/airflow/.local/lib/python3.12/site-packages/airflow/example_dags/example_branch_python_dop_operator_3.py
[2026-09-17T18:59:51.033+0000] {processor.py:925} INFO - DAG(s) 'example_branch_dop_operator_v3' retrieved from /home/airflow/.local/lib/python3.12/site-packages/airflow/example_dags/example_branch_python_dop_operator_3.py
[2026-09-17T18:59:51.063+0000] {logging_mixin.py:190} INFO - [2026-09-17T18:59:51.063+0000] {dag.py:3239} INFO - Sync 1 DAGs
[2026-09-17T18:59:51.097+0000] {logging_mixin.py:190} INFO - [2026-09-17T18:59:51.096+0000] {dag.py:4180} INFO - Setting next_dagrun for example_branch_dop_operator_v3 to 2026-09-17 18:58:00+00:00, run_after=2026-09-17 18:59:00+00:00
[2026-09-17T18:59:51.130+0000] {processor.py:208} INFO - Processing /home/airflow/.local/lib/python3.12/site-packages/airflow/example_dags/example_branch_python_dop_operator_3.py took 0.122 seconds
[2026-09-17T19:00:21.525+0000] {processor.py:186} INFO - Started process (PID=1245) to work on /home/airflow/.local/lib/python3.12/site-packages/airflow/example_dags/example_branch_python_dop_operator_3.py
[2026-09-17T19:00:21.528+0000] {processor.py:914} INFO - Processing file /home/airflow/.local/lib/python3.12/site-packages/airflow/example_dags/example_branch_python_dop_operator_3.py for tasks to queue
[2026-09-17T19:00:21.530+0000] {logging_mixin.py:190} INFO - [2026-09-17T19:00:21.530+0000] {dagbag.py:588} INFO - Filling up the DagBag from /home/airflow/.local/lib/python3.12/site-packages/airflow/example_dags/example_branch_python_dop_operator_3.py
[2026-09-17T19:00:21.542+0000] {processor.py:925} INFO - DAG(s) 'example_branch_dop_operator_v3' retrieved from /home/airflow/.local/lib/python3.12/site-packages/airflow/example_dags/example_branch_python_dop_operator_3.py
[2026-09-17T19:00:21.570+0000] {logging_mixin.py:190} INFO - [2026-09-17T19:00:21.569+0000] {dag.py:3239} INFO - Sync 1 DAGs
[2026-09-17T19:00:21.596+0000] {logging_mixin.py:190} INFO - [2026-09-17T19:00:21.596+0000] {dag.py:4180} INFO - Setting next_dagrun for example_branch_dop_operator_v3 to 2026-09-17 18:59:00+00:00, run_after=2026-09-17 19:00:00+00:00
[2026-09-17T19:00:21.619+0000] {processor.py:208} INFO - Processing /home/airflow/.local/lib/python3.12/site-packages/airflow/example_dags/example_branch_python_dop_operator_3.py took 0.099 seconds
[2026-09-17T19:00:52.253+0000] {processor.py:186} INFO - Started process (PID=1309) to work on /home/airflow/.local/lib/python3.12/site-packages/airflow/example_dags/example_branch_python_dop_operator_3.py
[2026-09-17T19:00:52.255+0000] {processor.py:914} INFO - Processing file /home/airflow/.local/lib/python3.12/site-packages/airflow/example_dags/example_branch_python_dop_operator_3.py for tasks to queue
[2026-09-17T19:00:52.257+0000] {logging_mixin.py:190} INFO - [2026-09-17T19:00:52.256+0000] {dagbag.py:588} INFO - Filling up the DagBag from /home/airflow/.local/lib/python3.12/site-packages/airflow/example_dags/example_branch_python_dop_operator_3.py
[2026-09-17T19:00:52.269+0000] {processor.py:925} INFO - DAG(s) 'example_branch_dop_operator_v3' retrieved from /home/airflow/.local/lib/python3.12/site-packages/airflow/example_dags/example_branch_python_dop_operator_3.py
[2026-09-17T19:00:52.295+0000] {logging_mixin.py:190} INFO - [2026-09-17T19:00:52.295+0000] {dag.py:3239} INFO - Sync 1 DAGs
[2026-09-17T19:00:52.323+0000] {logging_mixin.py:190} INFO - [2026-09-17T19:00:52.322+0000] {dag.py:4180} INFO - Setting next_dagrun for example_branch_dop_operator_v3 to 2026-09-17 18:59:00+00:00, run_after=2026-09-17 19:00:00+00:00
[2026-09-17T19:00:52.347+0000] {processor.py:208} INFO - Processing /home/airflow/.local/lib/python3.12/site-packages/airflow/example_dags/example_branch_python_dop_operator_3.py took 0.100 seconds
[2026-09-17T19:01:23.531+0000] {processor.py:186} INFO - Started process (PID=1374) to work on /home/airflow/.local/lib/python3.12/site-packages/airflow/example_dags/example_branch_python_dop_operator_3.py
[2026-09-17T19:01:23.532+0000] {processor.py:914} INFO - Processing file /home/airflow/.local/lib/python3.12/site-packages/airflow/example_dags/example_branch_python_dop_operator_3.py for tasks to queue
[2026-09-17T19:01:23.535+0000] {logging_mixin.py:190} INFO - [2026-09-17T19:01:23.534+0000] {dagbag.py:588} INFO - Filling up the DagBag from /home/airflow/.local/lib/python3.12/site-packages/airflow/example_dags/example_branch_python_dop_operator_3.py
[2026-09-17T19:01:23.550+0000] {processor.py:925} INFO - DAG(s) 'example_branch_dop_operator_v3' retrieved from /home/airflow/.local/lib/python3.12/site-packages/airflow/example_dags/example_branch_python_dop_operator_3.py
[2026-09-17T19:01:23.597+0000] {logging_mixin.py:190} INFO - [2026-09-17T19:01:23.596+0000] {dag.py:3239} INFO - Sync 1 DAGs
[2026-09-17T19:01:23.651+0000] {logging_mixin.py:190} INFO - [2026-09-17T19:01:23.650+0000] {dag.py:4180} INFO - Setting next_dagrun for example_branch_dop_operator_v3 to 2026-09-17 19:00:00+00:00, run_after=2026-09-17 19:01:00+00:00
[2026-09-17T19:01:23.688+0000] {processor.py:208} INFO - Processing /home/airflow/.local/lib/python3.12/site-packages/airflow/example_dags/example_branch_python_dop_operator_3.py took 0.166 seconds
[2026-09-17T19:01:54.594+0000] {processor.py:186} INFO - Started process (PID=1439) to work on /home/airflow/.local/lib/python3.12/site-packages/airflow/example_dags/example_branch_python_dop_operator_3.py
[2026-09-17T19:01:54.596+0000] {processor.py:914} INFO - Processing file /home/airflow/.local/lib/python3.12/site-packages/airflow/example_dags/example_branch_python_dop_operator_3.py for tasks to queue
[2026-09-17T19:01:54.599+0000] {logging_mixin.py:190} INFO - [2026-09-17T19:01:54.598+0000] {dagbag.py:588} INFO - Filling up the DagBag from /home/airflow/.local/lib/python3.12/site-packages/airflow/example_dags/example_branch_python_dop_operator_3.py
[2026-09-17T19:01:54.612+0000] {processor.py:925} INFO - DAG(s) 'example_branch_dop_operator_v3' retrieved from /home/airflow/.local/lib/python3.12/site-packages/airflow/example_dags/example_branch_python_dop_operator_3.py
[2026-09-17T19:01:54.640+0000] {logging_mixin.py:190} INFO - [2026-09-17T19:01:54.640+0000] {dag.py:3239} INFO - Sync 1 DAGs
[2026-09-17T19:01:54.669+0000] {logging_mixin.py:190} INFO - [2026-09-17T19:01:54.668+0000] {dag.py:4180} INFO - Setting next_dagrun for example_branch_dop_operator_v3 to 2026-09-17 19:00:00+00:00, run_after=2026-09-17 19:01:00+00:00
[2026-09-17T19:01:54.698+0000] {processor.py:208} INFO - Processing /home/airflow/.local/lib/python3.12/site-packages/airflow/example_dags/example_branch_python_dop_operator_3.py took 0.110 seconds
[2026-09-17T19:02:24.773+0000] {processor.py:186} INFO - Started process (PID=1503) to work on /home/airflow/.local/lib/python3.12/site-packages/airflow/example_dags/example_branch_python_dop_operator_3.py
[2026-09-17T19:02:24.775+0000] {processor.py:914} INFO - Processing file /home/airflow/.local/lib/python3.12/site-packages/airflow/example_dags/example_branch_python_dop_operator_3.py for tasks to queue
[2026-09-17T19:02:24.777+0000] {logging_mixin.py:190} INFO - [2026-09-17T19:02:24.777+0000] {dagbag.py:588} INFO - Filling up the DagBag from /home/airflow/.local/lib/python3.12/site-packages/airflow/example_dags/example_branch_python_dop_operator_3.py
[2026-09-17T19:02:24.791+0000] {processor.py:925} INFO - DAG(s) 'example_branch_dop_operator_v3' retrieved from /home/airflow/.local/lib/python3.12/site-packages/airflow/example_dags/example_branch_python_dop_operator_3.py
[2026-09-17T19:02:24.819+0000] {logging_mixin.py:190} INFO - [2026-09-17T19:02:24.818+0000] {dag.py:3239} INFO - Sync 1 DAGs
[2026-09-17T19:02:24.847+0000] {logging_mixin.py:190} INFO - [2026-09-17T19:02:24.847+0000] {dag.py:4180} INFO - Setting next_dagrun for example_branch_dop_operator_v3 to 2026-09-17 19:01:00+00:00, run_after=2026-09-17 19:02:00+00:00
[2026-09-17T19:02:24.871+0000] {processor.py:208} INFO - Processing /home/airflow/.local/lib/python3.12/site-packages/airflow/example_dags/example_branch_python_dop_operator_3.py took 0.104 seconds
[2026-09-17T19:02:55.311+0000] {processor.py:186} INFO - Started process (PID=1568) to work on /home/airflow/.local/lib/python3.12/site-packages/airflow/example_dags/example_branch_python_dop_operator_3.py
[2026-09-17T19:02:55.314+0000] {processor.py:914} INFO - Processing file /home/airflow/.local/lib/python3.12/site-packages/airflow/example_dags/example_branch_python_dop_operator_3.py for tasks to queue
[2026-09-17T19:02:55.316+0000] {logging_mixin.py:190} INFO - [2026-09-17T19:02:55.316+0000] {dagbag.py:588} INFO - Filling up the DagBag from /home/airflow/.local/lib/python3.12/site-packages/airflow/example_dags/example_branch_python_dop_operator_3.py
[2026-09-17T19:02:55.331+0000] {processor.py:925} INFO - DAG(s) 'example_branch_dop_operator_v3' retrieved from /home/airflow/.local/lib/python3.12/site-packages/airflow/example_dags/example_branch_python_dop_operator_3.py
[2026-09-17T19:02:55.364+0000] {logging_mixin.py:190} INFO - [2026-09-17T19:02:55.363+0000] {dag.py:3239} INFO - Sync 1 DAGs
[2026-09-17T19:02:55.398+0000] {logging_mixin.py:190} INFO - [2026-09-17T19:02:55.398+0000] {dag.py:4180} INFO - Setting next_dagrun for example_branch_dop_operator_v3 to 2026-09-17 19:01:00+00:00, run_after=2026-09-17 19:02:00+00:00
[2026-09-17T19:02:55.433+0000] {processor.py:208} INFO - Processing /home/airflow/.local/lib/python3.12/site-packages/airflow/example_dags/example_branch_python_dop_operator_3.py took 0.130 seconds
[2026-09-17T19:03:26.599+0000] {processor.py:186} INFO - Started process (PID=1633) to work on /home/airflow/.local/lib/python3.12/site-packages/airflow/example_dags/example_branch_python_dop_operator_3.py
[2026-09-17T19:03:26.602+0000] {processor.py:914} INFO - Processing file /home/airflow/.local/lib/python3.12/site-packages/airflow/example_dags/example_branch_python_dop_operator_3.py for tasks to queue
[2026-09-17T19:03:26.604+0000] {logging_mixin.py:190} INFO - [2026-09-17T19:03:26.604+0000] {dagbag.py:588} INFO - Filling up the DagBag from /home/airflow/.local/lib/python3.12/site-packages/airflow/example_dags/example_branch_python_dop_operator_3.py
[2026-09-17T19:03:26.625+0000] {processor.py:925} INFO - DAG(s) 'example_branch_dop_operator_v3' retrieved from /home/airflow/.local/lib/python3.12/site-packages/airflow/example_dags/example_branch_python_dop_operator_3.py
[2026-09-17T19:03:26.652+0000] {logging_mixin.py:190} INFO - [2026-09-17T19:03:26.652+0000] {dag.py:3239} INFO - Sync 1 DAGs
[2026-09-17T19:03:26.681+0000] {logging_mixin.py:190} INFO - [2026-09-17T19:03:26.681+0000] {dag.py:4180} INFO - Setting next_dagrun for example_branch_dop_operator_v3 to 2026-09-17 19:02:00+00:00, run_after=2026-09-17 19:03:00+00:00
[2026-09-17T19:03:26.706+0000] {processor.py:208} INFO - Processing /home/airflow/.local/lib/python3.12/site-packages/airflow/example_dags/example_branch_python_dop_operator_3.py took 0.121 seconds
[2026-09-17T19:03:57.807+0000] {processor.py:186} INFO - Started process (PID=1698) to work on /home/airflow/.local/lib/python3.12/site-packages/airflow/example_dags/example_branch_python_dop_operator_3.py
[2026-09-17T19:03:57.809+0000] {processor.py:914} INFO - Processing file /home/airflow/.local/lib/python3.12/site-packages/airflow/example_dags/example_branch_python_dop_operator_3.py for tasks to queue
[2026-09-17T19:03:57.811+0000] {logging_mixin.py:190} INFO - [2026-09-17T19:03:57.811+0000] {dagbag.py:588} INFO - Filling up the DagBag from /home/airflow/.local/lib/python3.12/site-packages/airflow/example_dags/example_branch_python_dop_operator_3.py
[2026-09-17T19:03:57.823+0000] {processor.py:925} INFO - DAG(s) 'example_branch_dop_operator_v3' retrieved from /home/airflow/.local/lib/python3.12/site-packages/airflow/example_dags/example_branch_python_dop_operator_3.py
[2026-09-17T19:03:57.850+0000] {logging_mixin.py:190} INFO - [2026-09-17T19:03:57.849+0000] {dag.py:3239} INFO - Sync 1 DAGs
[2026-09-17T19:03:57.875+0000] {logging_mixin.py:190} INFO - [2026-09-17T19:03:57.875+0000] {dag.py:4180} INFO - Setting next_dagrun for example_branch_dop_operator_v3 to 2026-09-17 19:02:00+00:00, run_after=2026-09-17 19:03:00+00:00
[2026-09-17T19:03:57.897+0000] {processor.py:208} INFO - Processing /home/airflow/.local/lib/python3.12/site-packages/airflow/example_dags/example_branch_python_dop_operator_3.py took 0.096 seconds
[2026-09-17T19:04:28.875+0000] {processor.py:186} INFO - Started process (PID=1763) to work on /home/airflow/.local/lib/python3.12/site-packages/airflow/example_dags/example_branch_python_dop_operator_3.py
[2026-09-17T19:04:28.877+0000] {processor.py:914} INFO - Processing file /home/airflow/.local/lib/python3.12/site-packages/airflow/example_dags/example_branch_python_dop_operator_3.py for tasks to queue
[2026-09-17T19:04:28.880+0000] {logging_mixin.py:190} INFO - [2026-09-17T19:04:28.879+0000] {dagbag.py:588} INFO - Filling up the DagBag from /home/airflow/.local/lib/python3.12/site-packages/airflow/example_dags/example_branch_python_dop_operator_3.py
[2026-09-17T19:04:28.896+0000] {processor.py:925} INFO - DAG(s) 'example_branch_dop_operator_v3' retrieved from /home/airflow/.local/lib/python3.12/site-packages/airflow/example_dags/example_branch_python_dop_operator_3.py
[2026-09-17T19:04:28.929+0000] {logging_mixin.py:190} INFO - [2026-09-17T19:04:28.929+0000] {dag.py:3239} INFO - Sync 1 DAGs
[2026-09-17T19:04:28.966+0000] {logging_mixin.py:190} INFO - [2026-09-17T19:04:28.966+0000] {dag.py:4180} INFO - Setting next_dagrun for example_branch_dop_operator_v3 to 2026-09-17 19:03:00+00:00, run_after=2026-09-17 19:04:00+00:00
[2026-09-17T19:04:28.997+0000] {processor.py:208} INFO - Processing /home/airflow/.local/lib/python3.12/site-packages/airflow/example_dags/example_branch_python_dop_operator_3.py took 0.128 seconds
[2026-09-17T19:05:00.603+0000] {processor.py:186} INFO - Started process (PID=1827) to work on /home/airflow/.local/lib/python3.12/site-packages/airflow/example_dags/example_branch_python_dop_operator_3.py
[2026-09-17T19:05:00.605+0000] {processor.py:914} INFO - Processing file /home/airflow/.local/lib/python3.12/site-packages/airflow/example_dags/example_branch_python_dop_operator_3.py for tasks to queue
[2026-09-17T19:05:00.607+0000] {logging_mixin.py:190} INFO - [2026-09-17T19:05:00.607+0000] {dagbag.py:588} INFO - Filling up the DagBag from /home/airflow/.local/lib/python3.12/site-packages/airflow/example_dags/example_branch_python_dop_operator_3.py
[2026-09-17T19:05:00.625+0000] {processor.py:925} INFO - DAG(s) 'example_branch_dop_operator_v3' retrieved from /home/airflow/.local/lib/python3.12/site-packages/airflow/example_dags/example_branch_python_dop_operator_3.py
[2026-09-17T19:05:00.655+0000] {logging_mixin.py:190} INFO - [2026-09-17T19:05:00.655+0000] {dag.py:3239} INFO - Sync 1 DAGs
[2026-09-17T19:05:00.684+0000] {logging_mixin.py:190} INFO - [2026-09-17T19:05:00.684+0000] {dag.py:4180} INFO - Setting next_dagrun for example_branch_dop_operator_v3 to 2026-09-17 19:04:00+00:00, run_after=2026-09-17 19:05:00+00:00
[2026-09-17T19:05:00.716+0000] {processor.py:208} INFO - Processing /home/airflow/.local/lib/python3.12/site-packages/airflow/example_dags/example_branch_python_dop_operator_3.py took 0.120 seconds
[2026-09-17T19:05:35.065+0000] {processor.py:186} INFO - Started process (PID=1894) to work on /home/airflow/.local/lib/python3.12/site-packages/airflow/example_dags/example_branch_python_dop_operator_3.py
[2026-09-17T19:05:35.067+0000] {processor.py:914} INFO - Processing file /home/airflow/.local/lib/python3.12/site-packages/airflow/example_dags/example_branch_python_dop_operator_3.py for tasks to queue
[2026-09-17T19:05:35.070+0000] {logging_mixin.py:190} INFO - [2026-09-17T19:05:35.070+0000] {dagbag.py:588} INFO - Filling up the DagBag from /home/airflow/.local/lib/python3.12/site-packages/airflow/example_dags/example_branch_python_dop_operator_3.py
[2026-09-17T19:05:35.085+0000] {processor.py:925} INFO - DAG(s) 'example_branch_dop_operator_v3' retrieved from /home/airflow/.local/lib/python3.12/site-packages/airflow/example_dags/example_branch_python_dop_operator_3.py
[2026-09-17T19:05:35.119+0000] {logging_mixin.py:190} INFO - [2026-09-17T19:05:35.119+0000] {dag.py:3239} INFO - Sync 1 DAGs
[2026-09-17T19:05:35.156+0000] {logging_mixin.py:190} INFO - [2026-09-17T19:05:35.156+0000] {dag.py:4180} INFO - Setting next_dagrun for example_branch_dop_operator_v3 to 2026-09-17 19:04:00+00:00, run_after=2026-09-17 19:05:00+00:00
[2026-09-17T19:05:35.185+0000] {processor.py:208} INFO - Processing /home/airflow/.local/lib/python3.12/site-packages/airflow/example_dags/example_branch_python_dop_operator_3.py took 0.129 seconds
[2026-09-17T19:06:06.094+0000] {processor.py:186} INFO - Started process (PID=1952) to work on /home/airflow/.local/lib/python3.12/site-packages/airflow/example_dags/example_branch_python_dop_operator_3.py
[2026-09-17T19:06:06.097+0000] {processor.py:914} INFO - Processing file /home/airflow/.local/lib/python3.12/site-packages/airflow/example_dags/example_branch_python_dop_operator_3.py for tasks to queue
[2026-09-17T19:06:06.099+0000] {logging_mixin.py:190} INFO - [2026-09-17T19:06:06.099+0000] {dagbag.py:588} INFO - Filling up the DagBag from /home/airflow/.local/lib/python3.12/site-packages/airflow/example_dags/example_branch_python_dop_operator_3.py
[2026-09-17T19:06:06.112+0000] {processor.py:925} INFO - DAG(s) 'example_branch_dop_operator_v3' retrieved from /home/airflow/.local/lib/python3.12/site-packages/airflow/example_dags/example_branch_python_dop_operator_3.py
[2026-09-17T19:06:06.137+0000] {logging_mixin.py:190} INFO - [2026-09-17T19:06:06.137+0000] {dag.py:3239} INFO - Sync 1 DAGs
[2026-09-17T19:06:06.164+0000] {logging_mixin.py:190} INFO - [2026-09-17T19:06:06.164+0000] {dag.py:4180} INFO - Setting next_dagrun for example_branch_dop_operator_v3 to 2026-09-17 19:05:00+00:00, run_after=2026-09-17 19:06:00+00:00
[2026-09-17T19:06:06.190+0000] {processor.py:208} INFO - Processing /home/airflow/.local/lib/python3.12/site-packages/airflow/example_dags/example_branch_python_dop_operator_3.py took 0.103 seconds
[2026-09-17T19:06:37.171+0000] {processor.py:186} INFO - Started process (PID=2017) to work on /home/airflow/.local/lib/python3.12/site-packages/airflow/example_dags/example_branch_python_dop_operator_3.py
[2026-09-17T19:06:37.173+0000] {processor.py:914} INFO - Processing file /home/airflow/.local/lib/python3.12/site-packages/airflow/example_dags/example_branch_python_dop_operator_3.py for tasks to queue
[2026-09-17T19:06:37.175+0000] {logging_mixin.py:190} INFO - [2026-09-17T19:06:37.175+0000] {dagbag.py:588} INFO - Filling up the DagBag from /home/airflow/.local/lib/python3.12/site-packages/airflow/example_dags/example_branch_python_dop_operator_3.py
[2026-09-17T19:06:37.188+0000] {processor.py:925} INFO - DAG(s) 'example_branch_dop_operator_v3' retrieved from /home/airflow/.local/lib/python3.12/site-packages/airflow/example_dags/example_branch_python_dop_operator_3.py
[2026-09-17T19:06:37.216+0000] {logging_mixin.py:190} INFO - [2026-09-17T19:06:37.215+0000] {dag.py:3239} INFO - Sync 1 DAGs
[2026-09-17T19:06:37.244+0000] {logging_mixin.py:190} INFO - [2026-09-17T19:06:37.244+0000] {dag.py:4180} INFO - Setting next_dagrun for example_branch_dop_operator_v3 to 2026-09-17 19:05:00+00:00, run_after=2026-09-17 19:06:00+00:00
[2026-09-17T19:06:37.268+0000] {processor.py:208} INFO - Processing /home/airflow/.local/lib/python3.12/site-packages/airflow/example_dags/example_branch_python_dop_operator_3.py took 0.103 seconds
[2026-09-17T19:07:08.552+0000] {processor.py:186} INFO - Started process (PID=2082) to work on /home/airflow/.local/lib/python3.12/site-packages/airflow/example_dags/example_branch_python_dop_operator_3.py
[2026-09-17T19:07:08.554+0000] {processor.py:914} INFO - Processing file /home/airflow/.local/lib/python3.12/site-packages/airflow/example_dags/example_branch_python_dop_operator_3.py for tasks to queue
[2026-09-17T19:07:08.556+0000] {logging_mixin.py:190} INFO - [2026-09-17T19:07:08.556+0000] {dagbag.py:588} INFO - Filling up the DagBag from /home/airflow/.local/lib/python3.12/site-packages/airflow/example_dags/example_branch_python_dop_operator_3.py
[2026-09-17T19:07:08.571+0000] {processor.py:925} INFO - DAG(s) 'example_branch_dop_operator_v3' retrieved from /home/airflow/.local/lib/python3.12/site-packages/airflow/example_dags/example_branch_python_dop_operator_3.py
[2026-09-17T19:07:08.602+0000] {logging_mixin.py:190} INFO - [2026-09-17T19:07:08.602+0000] {dag.py:3239} INFO - Sync 1 DAGs
[2026-09-17T19:07:08.632+0000] {logging_mixin.py:190} INFO - [2026-09-17T19:07:08.632+0000] {dag.py:4180} INFO - Setting next_dagrun for example_branch_dop_operator_v3 to 2026-09-17 19:06:00+00:00, run_after=2026-09-17 19:07:00+00:00
[2026-09-17T19:07:08.655+0000] {processor.py:208} INFO - Processing /home/airflow/.local/lib/python3.12/site-packages/airflow/example_dags/example_branch_python_dop_operator_3.py took 0.110 seconds
[2026-09-17T19:07:39.668+0000] {processor.py:186} INFO - Started process (PID=2147) to work on /home/airflow/.local/lib/python3.12/site-packages/airflow/example_dags/example_branch_python_dop_operator_3.py
[2026-09-17T19:07:39.670+0000] {processor.py:914} INFO - Processing file /home/airflow/.local/lib/python3.12/site-packages/airflow/example_dags/example_branch_python_dop_operator_3.py for tasks to queue
[2026-09-17T19:07:39.673+0000] {logging_mixin.py:190} INFO - [2026-09-17T19:07:39.673+0000] {dagbag.py:588} INFO - Filling up the DagBag from /home/airflow/.local/lib/python3.12/site-packages/airflow/example_dags/example_branch_python_dop_operator_3.py
[2026-09-17T19:07:39.689+0000] {processor.py:925} INFO - DAG(s) 'example_branch_dop_operator_v3' retrieved from /home/airflow/.local/lib/python3.12/site-packages/airflow/example_dags/example_branch_python_dop_operator_3.py
[2026-09-17T19:07:39.716+0000] {logging_mixin.py:190} INFO - [2026-09-17T19:07:39.715+0000] {dag.py:3239} INFO - Sync 1 DAGs
[2026-09-17T19:07:39.744+0000] {logging_mixin.py:190} INFO - [2026-09-17T19:07:39.744+0000] {dag.py:4180} INFO - Setting next_dagrun for example_branch_dop_operator_v3 to 2026-09-17 19:06:00+00:00, run_after=2026-09-17 19:07:00+00:00
[2026-09-17T19:07:39.769+0000] {processor.py:208} INFO - Processing /home/airflow/.local/lib/python3.12/site-packages/airflow/example_dags/example_branch_python_dop_operator_3.py took 0.108 seconds
[2026-09-17T19:08:11.081+0000] {processor.py:186} INFO - Started process (PID=2212) to work on /home/airflow/.local/lib/python3.12/site-packages/airflow/example_dags/example_branch_python_dop_operator_3.py
[2026-09-17T19:08:11.083+0000] {processor.py:914} INFO - Processing file /home/airflow/.local/lib/python3.12/site-packages/airflow/example_dags/example_branch_python_dop_operator_3.py for tasks to queue
[2026-09-17T19:08:11.085+0000] {logging_mixin.py:190} INFO - [2026-09-17T19:08:11.084+0000] {dagbag.py:588} INFO - Filling up the DagBag from /home/airflow/.local/lib/python3.12/site-packages/airflow/example_dags/example_branch_python_dop_operator_3.py
[2026-09-17T19:08:11.099+0000] {processor.py:925} INFO - DAG(s) 'example_branch_dop_operator_v3' retrieved from /home/airflow/.local/lib/python3.12/site-packages/airflow/example_dags/example_branch_python_dop_operator_3.py
[2026-09-17T19:08:11.125+0000] {logging_mixin.py:190} INFO - [2026-09-17T19:08:11.125+0000] {dag.py:3239} INFO - Sync 1 DAGs
[2026-09-17T19:08:11.152+0000] {logging_mixin.py:190} INFO - [2026-09-17T19:08:11.152+0000] {dag.py:4180} INFO - Setting next_dagrun for example_branch_dop_operator_v3 to 2026-09-17 19:07:00+00:00, run_after=2026-09-17 19:08:00+00:00
[2026-09-17T19:08:11.175+0000] {processor.py:208} INFO - Processing /home/airflow/.local/lib/python3.12/site-packages/airflow/example_dags/example_branch_python_dop_operator_3.py took 0.101 seconds
[2026-09-17T19:08:42.614+0000] {processor.py:186} INFO - Started process (PID=2277) to work on /home/airflow/.local/lib/python3.12/site-packages/airflow/example_dags/example_branch_python_dop_operator_3.py
[2026-09-17T19:08:42.616+0000] {processor.py:914} INFO - Processing file /home/airflow/.local/lib/python3.12/site-packages/airflow/example_dags/example_branch_python_dop_operator_3.py for tasks to queue
[2026-09-17T19:08:42.618+0000] {logging_mixin.py:190} INFO - [2026-09-17T19:08:42.618+0000] {dagbag.py:588} INFO - Filling up the DagBag from /home/airflow/.local/lib/python3.12/site-packages/airflow/example_dags/example_branch_python_dop_operator_3.py
[2026-09-17T19:08:42.631+0000] {processor.py:925} INFO - DAG(s) 'example_branch_dop_operator_v3' retrieved from /home/airflow/.local/lib/python3.12/site-packages/airflow/example_dags/example_branch_python_dop_operator_3.py
[2026-09-17T19:08:42.659+0000] {logging_mixin.py:190} INFO - [2026-09-17T19:08:42.658+0000] {dag.py:3239} INFO - Sync 1 DAGs
[2026-09-17T19:08:42.688+0000] {logging_mixin.py:190} INFO - [2026-09-17T19:08:42.687+0000] {dag.py:4180} INFO - Setting next_dagrun for example_branch_dop_operator_v3 to 2026-09-17 19:07:00+00:00, run_after=2026-09-17 19:08:00+00:00
[2026-09-17T19:08:42.710+0000] {processor.py:208} INFO - Processing /home/airflow/.local/lib/python3.12/site-packages/airflow/example_dags/example_branch_python_dop_operator_3.py took 0.102 seconds
[2026-09-17T19:09:13.923+0000] {processor.py:186} INFO - Started process (PID=2342) to work on /home/airflow/.local/lib/python3.12/site-packages/airflow/example_dags/example_branch_python_dop_operator_3.py
[2026-09-17T19:09:13.924+0000] {processor.py:914} INFO - Processing file /home/airflow/.local/lib/python3.12/site-packages/airflow/example_dags/example_branch_python_dop_operator_3.py for tasks to queue
[2026-09-17T19:09:13.926+0000] {logging_mixin.py:190} INFO - [2026-09-17T19:09:13.926+0000] {dagbag.py:588} INFO - Filling up the DagBag from /home/airflow/.local/lib/python3.12/site-packages/airflow/example_dags/example_branch_python_dop_operator_3.py
[2026-09-17T19:09:13.938+0000] {processor.py:925} INFO - DAG(s) 'example_branch_dop_operator_v3' retrieved from /home/airflow/.local/lib/python3.12/site-packages/airflow/example_dags/example_branch_python_dop_operator_3.py
[2026-09-17T19:09:13.966+0000] {logging_mixin.py:190} INFO - [2026-09-17T19:09:13.965+0000] {dag.py:3239} INFO - Sync 1 DAGs
[2026-09-17T19:09:13.997+0000] {logging_mixin.py:190} INFO - [2026-09-17T19:09:13.996+0000] {dag.py:4180} INFO - Setting next_dagrun for example_branch_dop_operator_v3 to 2026-09-17 19:08:00+00:00, run_after=2026-09-17 19:09:00+00:00
[2026-09-17T19:09:14.019+0000] {processor.py:208} INFO - Processing /home/airflow/.local/lib/python3.12/site-packages/airflow/example_dags/example_branch_python_dop_operator_3.py took 0.103 seconds
[2026-09-17T19:09:46.278+0000] {processor.py:186} INFO - Started process (PID=2416) to work on /home/airflow/.local/lib/python3.12/site-packages/airflow/example_dags/example_branch_python_dop_operator_3.py
[2026-09-17T19:09:46.280+0000] {processor.py:914} INFO - Processing file /home/airflow/.local/lib/python3.12/site-packages/airflow/example_dags/example_branch_python_dop_operator_3.py for tasks to queue
[2026-09-17T19:09:46.282+0000] {logging_mixin.py:190} INFO - [2026-09-17T19:09:46.282+0000] {dagbag.py:588} INFO - Filling up the DagBag from /home/airflow/.local/lib/python3.12/site-packages/airflow/example_dags/example_branch_python_dop_operator_3.py
[2026-09-17T19:09:46.294+0000] {processor.py:925} INFO - DAG(s) 'example_branch_dop_operator_v3' retrieved from /home/airflow/.local/lib/python3.12/site-packages/airflow/example_dags/example_branch_python_dop_operator_3.py
[2026-09-17T19:09:46.321+0000] {logging_mixin.py:190} INFO - [2026-09-17T19:09:46.320+0000] {dag.py:3239} INFO - Sync 1 DAGs
[2026-09-17T19:09:46.347+0000] {logging_mixin.py:190} INFO - [2026-09-17T19:09:46.347+0000] {dag.py:4180} INFO - Setting next_dagrun for example_branch_dop_operator_v3 to 2026-09-17 19:08:00+00:00, run_after=2026-09-17 19:09:00+00:00
[2026-09-17T19:09:46.368+0000] {processor.py:208} INFO - Processing /home/airflow/.local/lib/python3.12/site-packages/airflow/example_dags/example_branch_python_dop_operator_3.py took 0.096 seconds
[2026-09-17T19:10:17.808+0000] {processor.py:186} INFO - Started process (PID=2482) to work on /home/airflow/.local/lib/python3.12/site-packages/airflow/example_dags/example_branch_python_dop_operator_3.py
[2026-09-17T19:10:17.811+0000] {processor.py:914} INFO - Processing file /home/airflow/.local/lib/python3.12/site-packages/airflow/example_dags/example_branch_python_dop_operator_3.py for tasks to queue
[2026-09-17T19:10:17.812+0000] {logging_mixin.py:190} INFO - [2026-09-17T19:10:17.812+0000] {dagbag.py:588} INFO - Filling up the DagBag from /home/airflow/.local/lib/python3.12/site-packages/airflow/example_dags/example_branch_python_dop_operator_3.py
[2026-09-17T19:10:17.823+0000] {processor.py:925} INFO - DAG(s) 'example_branch_dop_operator_v3' retrieved from /home/airflow/.local/lib/python3.12/site-packages/airflow/example_dags/example_branch_python_dop_operator_3.py
[2026-09-17T19:10:17.848+0000] {logging_mixin.py:190} INFO - [2026-09-17T19:10:17.848+0000] {dag.py:3239} INFO - Sync 1 DAGs
[2026-09-17T19:10:17.873+0000] {logging_mixin.py:190} INFO - [2026-09-17T19:10:17.873+0000] {dag.py:4180} INFO - Setting next_dagrun for example_branch_dop_operator_v3 to 2026-09-17 19:09:00+00:00, run_after=2026-09-17 19:10:00+00:00
[2026-09-17T19:10:17.901+0000] {processor.py:208} INFO - Processing /home/airflow/.local/lib/python3.12/site-packages/airflow/example_dags/example_branch_python_dop_operator_3.py took 0.098 seconds
[2026-09-17T19:10:48.659+0000] {processor.py:186} INFO - Started process (PID=2547) to work on /home/airflow/.local/lib/python3.12/site-packages/airflow/example_dags/example_branch_python_dop_operator_3.py
[2026-09-17T19:10:48.661+0000] {processor.py:914} INFO - Processing file /home/airflow/.local/lib/python3.12/site-packages/airflow/example_dags/example_branch_python_dop_operator_3.py for tasks to queue
[2026-09-17T19:10:48.663+0000] {logging_mixin.py:190} INFO - [2026-09-17T19:10:48.663+0000] {dagbag.py:588} INFO - Filling up the DagBag from /home/airflow/.local/lib/python3.12/site-packages/airflow/example_dags/example_branch_python_dop_operator_3.py
[2026-09-17T19:10:48.675+0000] {processor.py:925} INFO - DAG(s) 'example_branch_dop_operator_v3' retrieved from /home/airflow/.local/lib/python3.12/site-packages/airflow/example_dags/example_branch_python_dop_operator_3.py
[2026-09-17T19:10:48.705+0000] {logging_mixin.py:190} INFO - [2026-09-17T19:10:48.705+0000] {dag.py:3239} INFO - Sync 1 DAGs
[2026-09-17T19:10:48.736+0000] {logging_mixin.py:190} INFO - [2026-09-17T19:10:48.735+0000] {dag.py:4180} INFO - Setting next_dagrun for example_branch_dop_operator_v3 to 2026-09-17 19:09:00+00:00, run_after=2026-09-17 19:10:00+00:00
[2026-09-17T19:10:48.761+0000] {processor.py:208} INFO - Processing /home/airflow/.local/lib/python3.12/site-packages/airflow/example_dags/example_branch_python_dop_operator_3.py took 0.108 seconds
[2026-09-17T19:11:19.761+0000] {processor.py:186} INFO - Started process (PID=2612) to work on /home/airflow/.local/lib/python3.12/site-packages/airflow/example_dags/example_branch_python_dop_operator_3.py
[2026-09-17T19:11:19.763+0000] {processor.py:914} INFO - Processing file /home/airflow/.local/lib/python3.12/site-packages/airflow/example_dags/example_branch_python_dop_operator_3.py for tasks to queue
[2026-09-17T19:11:19.766+0000] {logging_mixin.py:190} INFO - [2026-09-17T19:11:19.766+0000] {dagbag.py:588} INFO - Filling up the DagBag from /home/airflow/.local/lib/python3.12/site-packages/airflow/example_dags/example_branch_python_dop_operator_3.py
[2026-09-17T19:11:19.781+0000] {processor.py:925} INFO - DAG(s) 'example_branch_dop_operator_v3' retrieved from /home/airflow/.local/lib/python3.12/site-packages/airflow/example_dags/example_branch_python_dop_operator_3.py
[2026-09-17T19:11:19.817+0000] {logging_mixin.py:190} INFO - [2026-09-17T19:11:19.816+0000] {dag.py:3239} INFO - Sync 1 DAGs
[2026-09-17T19:11:19.860+0000] {logging_mixin.py:190} INFO - [2026-09-17T19:11:19.859+0000] {dag.py:4180} INFO - Setting next_dagrun for example_branch_dop_operator_v3 to 2026-09-17 19:10:00+00:00, run_after=2026-09-17 19:11:00+00:00
[2026-09-17T19:11:19.889+0000] {processor.py:208} INFO - Processing /home/airflow/.local/lib/python3.12/site-packages/airflow/example_dags/example_branch_python_dop_operator_3.py took 0.136 seconds
[2026-09-17T19:11:52.443+0000] {processor.py:186} INFO - Started process (PID=2687) to work on /home/airflow/.local/lib/python3.12/site-packages/airflow/example_dags/example_branch_python_dop_operator_3.py
[2026-09-17T19:11:52.445+0000] {processor.py:914} INFO - Processing file /home/airflow/.local/lib/python3.12/site-packages/airflow/example_dags/example_branch_python_dop_operator_3.py for tasks to queue
[2026-09-17T19:11:52.447+0000] {logging_mixin.py:190} INFO - [2026-09-17T19:11:52.447+0000] {dagbag.py:588} INFO - Filling up the DagBag from /home/airflow/.local/lib/python3.12/site-packages/airflow/example_dags/example_branch_python_dop_operator_3.py
[2026-09-17T19:11:52.459+0000] {processor.py:925} INFO - DAG(s) 'example_branch_dop_operator_v3' retrieved from /home/airflow/.local/lib/python3.12/site-packages/airflow/example_dags/example_branch_python_dop_operator_3.py
[2026-09-17T19:11:52.486+0000] {logging_mixin.py:190} INFO - [2026-09-17T19:11:52.486+0000] {dag.py:3239} INFO - Sync 1 DAGs
[2026-09-17T19:11:52.515+0000] {logging_mixin.py:190} INFO - [2026-09-17T19:11:52.514+0000] {dag.py:4180} INFO - Setting next_dagrun for example_branch_dop_operator_v3 to 2026-09-17 19:10:00+00:00, run_after=2026-09-17 19:11:00+00:00
[2026-09-17T19:11:52.536+0000] {processor.py:208} INFO - Processing /home/airflow/.local/lib/python3.12/site-packages/airflow/example_dags/example_branch_python_dop_operator_3.py took 0.100 seconds
[2026-09-17T19:12:24.035+0000] {processor.py:186} INFO - Started process (PID=2751) to work on /home/airflow/.local/lib/python3.12/site-packages/airflow/example_dags/example_branch_python_dop_operator_3.py
[2026-09-17T19:12:24.038+0000] {processor.py:914} INFO - Processing file /home/airflow/.local/lib/python3.12/site-packages/airflow/example_dags/example_branch_python_dop_operator_3.py for tasks to queue
[2026-09-17T19:12:24.041+0000] {logging_mixin.py:190} INFO - [2026-09-17T19:12:24.040+0000] {dagbag.py:588} INFO - Filling up the DagBag from /home/airflow/.local/lib/python3.12/site-packages/airflow/example_dags/example_branch_python_dop_operator_3.py
[2026-09-17T19:12:24.054+0000] {processor.py:925} INFO - DAG(s) 'example_branch_dop_operator_v3' retrieved from /home/airflow/.local/lib/python3.12/site-packages/airflow/example_dags/example_branch_python_dop_operator_3.py
[2026-09-17T19:12:24.081+0000] {logging_mixin.py:190} INFO - [2026-09-17T19:12:24.081+0000] {dag.py:3239} INFO - Sync 1 DAGs
[2026-09-17T19:12:24.118+0000] {logging_mixin.py:190} INFO - [2026-09-17T19:12:24.117+0000] {dag.py:4180} INFO - Setting next_dagrun for example_branch_dop_operator_v3 to 2026-09-17 19:11:00+00:00, run_after=2026-09-17 19:12:00+00:00
[2026-09-17T19:12:24.148+0000] {processor.py:208} INFO - Processing /home/airflow/.local/lib/python3.12/site-packages/airflow/example_dags/example_branch_python_dop_operator_3.py took 0.119 seconds
[2026-09-17T19:12:55.189+0000] {processor.py:186} INFO - Started process (PID=2816) to work on /home/airflow/.local/lib/python3.12/site-packages/airflow/example_dags/example_branch_python_dop_operator_3.py
[2026-09-17T19:12:55.191+0000] {processor.py:914} INFO - Processing file /home/airflow/.local/lib/python3.12/site-packages/airflow/example_dags/example_branch_python_dop_operator_3.py for tasks to queue
[2026-09-17T19:12:55.194+0000] {logging_mixin.py:190} INFO - [2026-09-17T19:12:55.193+0000] {dagbag.py:588} INFO - Filling up the DagBag from /home/airflow/.local/lib/python3.12/site-packages/airflow/example_dags/example_branch_python_dop_operator_3.py
[2026-09-17T19:12:55.208+0000] {processor.py:925} INFO - DAG(s) 'example_branch_dop_operator_v3' retrieved from /home/airflow/.local/lib/python3.12/site-packages/airflow/example_dags/example_branch_python_dop_operator_3.py
[2026-09-17T19:12:55.250+0000] {logging_mixin.py:190} INFO - [2026-09-17T19:12:55.250+0000] {dag.py:3239} INFO - Sync 1 DAGs
[2026-09-17T19:12:55.286+0000] {logging_mixin.py:190} INFO - [2026-09-17T19:12:55.285+0000] {dag.py:4180} INFO - Setting next_dagrun for example_branch_dop_operator_v3 to 2026-09-17 19:11:00+00:00, run_after=2026-09-17 19:12:00+00:00
[2026-09-17T19:12:55.315+0000] {processor.py:208} INFO - Processing /home/airflow/.local/lib/python3.12/site-packages/airflow/example_dags/example_branch_python_dop_operator_3.py took 0.133 seconds
[2026-09-17T19:13:26.156+0000] {processor.py:186} INFO - Started process (PID=2874) to work on /home/airflow/.local/lib/python3.12/site-packages/airflow/example_dags/example_branch_python_dop_operator_3.py
[2026-09-17T19:13:26.158+0000] {processor.py:914} INFO - Processing file /home/airflow/.local/lib/python3.12/site-packages/airflow/example_dags/example_branch_python_dop_operator_3.py for tasks to queue
[2026-09-17T19:13:26.160+0000] {logging_mixin.py:190} INFO - [2026-09-17T19:13:26.159+0000] {dagbag.py:588} INFO - Filling up the DagBag from /home/airflow/.local/lib/python3.12/site-packages/airflow/example_dags/example_branch_python_dop_operator_3.py
[2026-09-17T19:13:26.173+0000] {processor.py:925} INFO - DAG(s) 'example_branch_dop_operator_v3' retrieved from /home/airflow/.local/lib/python3.12/site-packages/airflow/example_dags/example_branch_python_dop_operator_3.py
[2026-09-17T19:13:26.200+0000] {logging_mixin.py:190} INFO - [2026-09-17T19:13:26.200+0000] {dag.py:3239} INFO - Sync 1 DAGs
[2026-09-17T19:13:26.228+0000] {logging_mixin.py:190} INFO - [2026-09-17T19:13:26.227+0000] {dag.py:4180} INFO - Setting next_dagrun for example_branch_dop_operator_v3 to 2026-09-17 19:12:00+00:00, run_after=2026-09-17 19:13:00+00:00
[2026-09-17T19:13:26.249+0000] {processor.py:208} INFO - Processing /home/airflow/.local/lib/python3.12/site-packages/airflow/example_dags/example_branch_python_dop_operator_3.py took 0.099 seconds
[2026-09-17T19:13:59.892+0000] {processor.py:186} INFO - Started process (PID=2941) to work on /home/airflow/.local/lib/python3.12/site-packages/airflow/example_dags/example_branch_python_dop_operator_3.py
[2026-09-17T19:13:59.895+0000] {processor.py:914} INFO - Processing file /home/airflow/.local/lib/python3.12/site-packages/airflow/example_dags/example_branch_python_dop_operator_3.py for tasks to queue
[2026-09-17T19:13:59.898+0000] {logging_mixin.py:190} INFO - [2026-09-17T19:13:59.897+0000] {dagbag.py:588} INFO - Filling up the DagBag from /home/airflow/.local/lib/python3.12/site-packages/airflow/example_dags/example_branch_python_dop_operator_3.py
[2026-09-17T19:13:59.916+0000] {processor.py:925} INFO - DAG(s) 'example_branch_dop_operator_v3' retrieved from /home/airflow/.local/lib/python3.12/site-packages/airflow/example_dags/example_branch_python_dop_operator_3.py
[2026-09-17T19:13:59.952+0000] {logging_mixin.py:190} INFO - [2026-09-17T19:13:59.951+0000] {dag.py:3239} INFO - Sync 1 DAGs
[2026-09-17T19:13:59.985+0000] {logging_mixin.py:190} INFO - [2026-09-17T19:13:59.985+0000] {dag.py:4180} INFO - Setting next_dagrun for example_branch_dop_operator_v3 to 2026-09-17 19:12:00+00:00, run_after=2026-09-17 19:13:00+00:00
[2026-09-17T19:14:00.013+0000] {processor.py:208} INFO - Processing /home/airflow/.local/lib/python3.12/site-packages/airflow/example_dags/example_branch_python_dop_operator_3.py took 0.130 seconds
[2026-09-17T19:14:30.838+0000] {processor.py:186} INFO - Started process (PID=3008) to work on /home/airflow/.local/lib/python3.12/site-packages/airflow/example_dags/example_branch_python_dop_operator_3.py
[2026-09-17T19:14:30.840+0000] {processor.py:914} INFO - Processing file /home/airflow/.local/lib/python3.12/site-packages/airflow/example_dags/example_branch_python_dop_operator_3.py for tasks to queue
[2026-09-17T19:14:30.843+0000] {logging_mixin.py:190} INFO - [2026-09-17T19:14:30.842+0000] {dagbag.py:588} INFO - Filling up the DagBag from /home/airflow/.local/lib/python3.12/site-packages/airflow/example_dags/example_branch_python_dop_operator_3.py
[2026-09-17T19:14:30.855+0000] {processor.py:925} INFO - DAG(s) 'example_branch_dop_operator_v3' retrieved from /home/airflow/.local/lib/python3.12/site-packages/airflow/example_dags/example_branch_python_dop_operator_3.py
[2026-09-17T19:14:30.888+0000] {logging_mixin.py:190} INFO - [2026-09-17T19:14:30.888+0000] {dag.py:3239} INFO - Sync 1 DAGs
[2026-09-17T19:14:30.928+0000] {logging_mixin.py:190} INFO - [2026-09-17T19:14:30.928+0000] {dag.py:4180} INFO - Setting next_dagrun for example_branch_dop_operator_v3 to 2026-09-17 19:13:00+00:00, run_after=2026-09-17 19:14:00+00:00
[2026-09-17T19:14:30.953+0000] {processor.py:208} INFO - Processing /home/airflow/.local/lib/python3.12/site-packages/airflow/example_dags/example_branch_python_dop_operator_3.py took 0.122 seconds
[2026-09-17T19:15:02.415+0000] {processor.py:186} INFO - Started process (PID=3079) to work on /home/airflow/.local/lib/python3.12/site-packages/airflow/example_dags/example_branch_python_dop_operator_3.py
[2026-09-17T19:15:02.416+0000] {processor.py:914} INFO - Processing file /home/airflow/.local/lib/python3.12/site-packages/airflow/example_dags/example_branch_python_dop_operator_3.py for tasks to queue
[2026-09-17T19:15:02.418+0000] {logging_mixin.py:190} INFO - [2026-09-17T19:15:02.418+0000] {dagbag.py:588} INFO - Filling up the DagBag from /home/airflow/.local/lib/python3.12/site-packages/airflow/example_dags/example_branch_python_dop_operator_3.py
[2026-09-17T19:15:02.432+0000] {processor.py:925} INFO - DAG(s) 'example_branch_dop_operator_v3' retrieved from /home/airflow/.local/lib/python3.12/site-packages/airflow/example_dags/example_branch_python_dop_operator_3.py
[2026-09-17T19:15:02.460+0000] {logging_mixin.py:190} INFO - [2026-09-17T19:15:02.460+0000] {dag.py:3239} INFO - Sync 1 DAGs
[2026-09-17T19:15:02.488+0000] {logging_mixin.py:190} INFO - [2026-09-17T19:15:02.488+0000] {dag.py:4180} INFO - Setting next_dagrun for example_branch_dop_operator_v3 to 2026-09-17 19:14:00+00:00, run_after=2026-09-17 19:15:00+00:00
[2026-09-17T19:15:02.515+0000] {processor.py:208} INFO - Processing /home/airflow/.local/lib/python3.12/site-packages/airflow/example_dags/example_branch_python_dop_operator_3.py took 0.106 seconds
[2026-09-17T19:15:33.974+0000] {processor.py:186} INFO - Started process (PID=3147) to work on /home/airflow/.local/lib/python3.12/site-packages/airflow/example_dags/example_branch_python_dop_operator_3.py
[2026-09-17T19:15:33.976+0000] {processor.py:914} INFO - Processing file /home/airflow/.local/lib/python3.12/site-packages/airflow/example_dags/example_branch_python_dop_operator_3.py for tasks to queue
[2026-09-17T19:15:33.978+0000] {logging_mixin.py:190} INFO - [2026-09-17T19:15:33.978+0000] {dagbag.py:588} INFO - Filling up the DagBag from /home/airflow/.local/lib/python3.12/site-packages/airflow/example_dags/example_branch_python_dop_operator_3.py
[2026-09-17T19:15:33.990+0000] {processor.py:925} INFO - DAG(s) 'example_branch_dop_operator_v3' retrieved from /home/airflow/.local/lib/python3.12/site-packages/airflow/example_dags/example_branch_python_dop_operator_3.py
[2026-09-17T19:15:34.015+0000] {logging_mixin.py:190} INFO - [2026-09-17T19:15:34.014+0000] {dag.py:3239} INFO - Sync 1 DAGs
[2026-09-17T19:15:34.041+0000] {logging_mixin.py:190} INFO - [2026-09-17T19:15:34.041+0000] {dag.py:4180} INFO - Setting next_dagrun for example_branch_dop_operator_v3 to 2026-09-17 19:14:00+00:00, run_after=2026-09-17 19:15:00+00:00
[2026-09-17T19:15:34.063+0000] {processor.py:208} INFO - Processing /home/airflow/.local/lib/python3.12/site-packages/airflow/example_dags/example_branch_python_dop_operator_3.py took 0.095 seconds
[2026-09-17T19:16:05.307+0000] {processor.py:186} INFO - Started process (PID=3212) to work on /home/airflow/.local/lib/python3.12/site-packages/airflow/example_dags/example_branch_python_dop_operator_3.py
[2026-09-17T19:16:05.309+0000] {processor.py:914} INFO - Processing file /home/airflow/.local/lib/python3.12/site-packages/airflow/example_dags/example_branch_python_dop_operator_3.py for tasks to queue
[2026-09-17T19:16:05.311+0000] {logging_mixin.py:190} INFO - [2026-09-17T19:16:05.310+0000] {dagbag.py:588} INFO - Filling up the DagBag from /home/airflow/.local/lib/python3.12/site-packages/airflow/example_dags/example_branch_python_dop_operator_3.py
[2026-09-17T19:16:05.322+0000] {processor.py:925} INFO - DAG(s) 'example_branch_dop_operator_v3' retrieved from /home/airflow/.local/lib/python3.12/site-packages/airflow/example_dags/example_branch_python_dop_operator_3.py
[2026-09-17T19:16:05.347+0000] {logging_mixin.py:190} INFO - [2026-09-17T19:16:05.347+0000] {dag.py:3239} INFO - Sync 1 DAGs
[2026-09-17T19:16:05.374+0000] {logging_mixin.py:190} INFO - [2026-09-17T19:16:05.374+0000] {dag.py:4180} INFO - Setting next_dagrun for example_branch_dop_operator_v3 to 2026-09-17 19:15:00+00:00, run_after=2026-09-17 19:16:00+00:00
[2026-09-17T19:16:05.398+0000] {processor.py:208} INFO - Processing /home/airflow/.local/lib/python3.12/site-packages/airflow/example_dags/example_branch_python_dop_operator_3.py took 0.097 seconds
[2026-09-17T19:16:36.124+0000] {processor.py:186} INFO - Started process (PID=3277) to work on /home/airflow/.local/lib/python3.12/site-packages/airflow/example_dags/example_branch_python_dop_operator_3.py
[2026-09-17T19:16:36.126+0000] {processor.py:914} INFO - Processing file /home/airflow/.local/lib/python3.12/site-packages/airflow/example_dags/example_branch_python_dop_operator_3.py for tasks to queue
[2026-09-17T19:16:36.128+0000] {logging_mixin.py:190} INFO - [2026-09-17T19:16:36.128+0000] {dagbag.py:588} INFO - Filling up the DagBag from /home/airflow/.local/lib/python3.12/site-packages/airflow/example_dags/example_branch_python_dop_operator_3.py
[2026-09-17T19:16:36.147+0000] {processor.py:925} INFO - DAG(s) 'example_branch_dop_operator_v3' retrieved from /home/airflow/.local/lib/python3.12/site-packages/airflow/example_dags/example_branch_python_dop_operator_3.py
[2026-09-17T19:16:36.190+0000] {logging_mixin.py:190} INFO - [2026-09-17T19:16:36.190+0000] {dag.py:3239} INFO - Sync 1 DAGs
[2026-09-17T19:16:36.236+0000] {logging_mixin.py:190} INFO - [2026-09-17T19:16:36.235+0000] {dag.py:4180} INFO - Setting next_dagrun for example_branch_dop_operator_v3 to 2026-09-17 19:15:00+00:00, run_after=2026-09-17 19:16:00+00:00
[2026-09-17T19:16:36.265+0000] {processor.py:208} INFO - Processing /home/airflow/.local/lib/python3.12/site-packages/airflow/example_dags/example_branch_python_dop_operator_3.py took 0.149 seconds
[2026-09-17T19:17:07.674+0000] {processor.py:186} INFO - Started process (PID=3342) to work on /home/airflow/.local/lib/python3.12/site-packages/airflow/example_dags/example_branch_python_dop_operator_3.py
[2026-09-17T19:17:07.676+0000] {processor.py:914} INFO - Processing file /home/airflow/.local/lib/python3.12/site-packages/airflow/example_dags/example_branch_python_dop_operator_3.py for tasks to queue
[2026-09-17T19:17:07.679+0000] {logging_mixin.py:190} INFO - [2026-09-17T19:17:07.678+0000] {dagbag.py:588} INFO - Filling up the DagBag from /home/airflow/.local/lib/python3.12/site-packages/airflow/example_dags/example_branch_python_dop_operator_3.py
[2026-09-17T19:17:07.691+0000] {processor.py:925} INFO - DAG(s) 'example_branch_dop_operator_v3' retrieved from /home/airflow/.local/lib/python3.12/site-packages/airflow/example_dags/example_branch_python_dop_operator_3.py
[2026-09-17T19:17:07.718+0000] {logging_mixin.py:190} INFO - [2026-09-17T19:17:07.718+0000] {dag.py:3239} INFO - Sync 1 DAGs
[2026-09-17T19:17:07.748+0000] {logging_mixin.py:190} INFO - [2026-09-17T19:17:07.748+0000] {dag.py:4180} INFO - Setting next_dagrun for example_branch_dop_operator_v3 to 2026-09-17 19:16:00+00:00, run_after=2026-09-17 19:17:00+00:00
[2026-09-17T19:17:07.770+0000] {processor.py:208} INFO - Processing /home/airflow/.local/lib/python3.12/site-packages/airflow/example_dags/example_branch_python_dop_operator_3.py took 0.102 seconds
[2026-09-17T19:17:38.506+0000] {processor.py:186} INFO - Started process (PID=3407) to work on /home/airflow/.local/lib/python3.12/site-packages/airflow/example_dags/example_branch_python_dop_operator_3.py
[2026-09-17T19:17:38.508+0000] {processor.py:914} INFO - Processing file /home/airflow/.local/lib/python3.12/site-packages/airflow/example_dags/example_branch_python_dop_operator_3.py for tasks to queue
[2026-09-17T19:17:38.511+0000] {logging_mixin.py:190} INFO - [2026-09-17T19:17:38.510+0000] {dagbag.py:588} INFO - Filling up the DagBag from /home/airflow/.local/lib/python3.12/site-packages/airflow/example_dags/example_branch_python_dop_operator_3.py
[2026-09-17T19:17:38.523+0000] {processor.py:925} INFO - DAG(s) 'example_branch_dop_operator_v3' retrieved from /home/airflow/.local/lib/python3.12/site-packages/airflow/example_dags/example_branch_python_dop_operator_3.py
[2026-09-17T19:17:38.552+0000] {logging_mixin.py:190} INFO - [2026-09-17T19:17:38.552+0000] {dag.py:3239} INFO - Sync 1 DAGs
[2026-09-17T19:17:38.582+0000] {logging_mixin.py:190} INFO - [2026-09-17T19:17:38.582+0000] {dag.py:4180} INFO - Setting next_dagrun for example_branch_dop_operator_v3 to 2026-09-17 19:16:00+00:00, run_after=2026-09-17 19:17:00+00:00
[2026-09-17T19:17:38.603+0000] {processor.py:208} INFO - Processing /home/airflow/.local/lib/python3.12/site-packages/airflow/example_dags/example_branch_python_dop_operator_3.py took 0.104 seconds
[2026-09-17T19:18:09.414+0000] {processor.py:186} INFO - Started process (PID=3472) to work on /home/airflow/.local/lib/python3.12/site-packages/airflow/example_dags/example_branch_python_dop_operator_3.py
[2026-09-17T19:18:09.416+0000] {processor.py:914} INFO - Processing file /home/airflow/.local/lib/python3.12/site-packages/airflow/example_dags/example_branch_python_dop_operator_3.py for tasks to queue
[2026-09-17T19:18:09.419+0000] {logging_mixin.py:190} INFO - [2026-09-17T19:18:09.418+0000] {dagbag.py:588} INFO - Filling up the DagBag from /home/airflow/.local/lib/python3.12/site-packages/airflow/example_dags/example_branch_python_dop_operator_3.py
[2026-09-17T19:18:09.430+0000] {processor.py:925} INFO - DAG(s) 'example_branch_dop_operator_v3' retrieved from /home/airflow/.local/lib/python3.12/site-packages/airflow/example_dags/example_branch_python_dop_operator_3.py
[2026-09-17T19:18:09.455+0000] {logging_mixin.py:190} INFO - [2026-09-17T19:18:09.454+0000] {dag.py:3239} INFO - Sync 1 DAGs
[2026-09-17T19:18:09.481+0000] {logging_mixin.py:190} INFO - [2026-09-17T19:18:09.481+0000] {dag.py:4180} INFO - Setting next_dagrun for example_branch_dop_operator_v3 to 2026-09-17 19:17:00+00:00, run_after=2026-09-17 19:18:00+00:00
[2026-09-17T19:18:09.503+0000] {processor.py:208} INFO - Processing /home/airflow/.local/lib/python3.12/site-packages/airflow/example_dags/example_branch_python_dop_operator_3.py took 0.094 seconds
[2026-09-17T19:18:39.688+0000] {processor.py:186} INFO - Started process (PID=3536) to work on /home/airflow/.local/lib/python3.12/site-packages/airflow/example_dags/example_branch_python_dop_operator_3.py
[2026-09-17T19:18:39.691+0000] {processor.py:914} INFO - Processing file /home/airflow/.local/lib/python3.12/site-packages/airflow/example_dags/example_branch_python_dop_operator_3.py for tasks to queue
[2026-09-17T19:18:39.693+0000] {logging_mixin.py:190} INFO - [2026-09-17T19:18:39.693+0000] {dagbag.py:588} INFO - Filling up the DagBag from /home/airflow/.local/lib/python3.12/site-packages/airflow/example_dags/example_branch_python_dop_operator_3.py
[2026-09-17T19:18:39.708+0000] {processor.py:925} INFO - DAG(s) 'example_branch_dop_operator_v3' retrieved from /home/airflow/.local/lib/python3.12/site-packages/airflow/example_dags/example_branch_python_dop_operator_3.py
[2026-09-17T19:18:39.740+0000] {logging_mixin.py:190} INFO - [2026-09-17T19:18:39.740+0000] {dag.py:3239} INFO - Sync 1 DAGs
[2026-09-17T19:18:39.772+0000] {logging_mixin.py:190} INFO - [2026-09-17T19:18:39.772+0000] {dag.py:4180} INFO - Setting next_dagrun for example_branch_dop_operator_v3 to 2026-09-17 19:17:00+00:00, run_after=2026-09-17 19:18:00+00:00
[2026-09-17T19:18:39.798+0000] {processor.py:208} INFO - Processing /home/airflow/.local/lib/python3.12/site-packages/airflow/example_dags/example_branch_python_dop_operator_3.py took 0.116 seconds
[2026-09-17T19:19:10.374+0000] {processor.py:186} INFO - Started process (PID=3600) to work on /home/airflow/.local/lib/python3.12/site-packages/airflow/example_dags/example_branch_python_dop_operator_3.py
[2026-09-17T19:19:10.377+0000] {processor.py:914} INFO - Processing file /home/airflow/.local/lib/python3.12/site-packages/airflow/example_dags/example_branch_python_dop_operator_3.py for tasks to queue
[2026-09-17T19:19:10.379+0000] {logging_mixin.py:190} INFO - [2026-09-17T19:19:10.379+0000] {dagbag.py:588} INFO - Filling up the DagBag from /home/airflow/.local/lib/python3.12/site-packages/airflow/example_dags/example_branch_python_dop_operator_3.py
[2026-09-17T19:19:10.392+0000] {processor.py:925} INFO - DAG(s) 'example_branch_dop_operator_v3' retrieved from /home/airflow/.local/lib/python3.12/site-packages/airflow/example_dags/example_branch_python_dop_operator_3.py
[2026-09-17T19:19:10.421+0000] {logging_mixin.py:190} INFO - [2026-09-17T19:19:10.421+0000] {dag.py:3239} INFO - Sync 1 DAGs
[2026-09-17T19:19:10.449+0000] {logging_mixin.py:190} INFO - [2026-09-17T19:19:10.449+0000] {dag.py:4180} INFO - Setting next_dagrun for example_branch_dop_operator_v3 to 2026-09-17 19:18:00+00:00, run_after=2026-09-17 19:19:00+00:00
[2026-09-17T19:19:10.472+0000] {processor.py:208} INFO - Processing /home/airflow/.local/lib/python3.12/site-packages/airflow/example_dags/example_branch_python_dop_operator_3.py took 0.104 seconds
[2026-09-17T19:19:40.706+0000] {processor.py:186} INFO - Started process (PID=3665) to work on /home/airflow/.local/lib/python3.12/site-packages/airflow/example_dags/example_branch_python_dop_operator_3.py
[2026-09-17T19:19:40.708+0000] {processor.py:914} INFO - Processing file /home/airflow/.local/lib/python3.12/site-packages/airflow/example_dags/example_branch_python_dop_operator_3.py for tasks to queue
[2026-09-17T19:19:40.711+0000] {logging_mixin.py:190} INFO - [2026-09-17T19:19:40.710+0000] {dagbag.py:588} INFO - Filling up the DagBag from /home/airflow/.local/lib/python3.12/site-packages/airflow/example_dags/example_branch_python_dop_operator_3.py
[2026-09-17T19:19:40.724+0000] {processor.py:925} INFO - DAG(s) 'example_branch_dop_operator_v3' retrieved from /home/airflow/.local/lib/python3.12/site-packages/airflow/example_dags/example_branch_python_dop_operator_3.py
[2026-09-17T19:19:40.757+0000] {logging_mixin.py:190} INFO - [2026-09-17T19:19:40.756+0000] {dag.py:3239} INFO - Sync 1 DAGs
[2026-09-17T19:19:40.787+0000] {logging_mixin.py:190} INFO - [2026-09-17T19:19:40.786+0000] {dag.py:4180} INFO - Setting next_dagrun for example_branch_dop_operator_v3 to 2026-09-17 19:18:00+00:00, run_after=2026-09-17 19:19:00+00:00
[2026-09-17T19:19:40.809+0000] {processor.py:208} INFO - Processing /home/airflow/.local/lib/python3.12/site-packages/airflow/example_dags/example_branch_python_dop_operator_3.py took 0.109 seconds
[2026-09-17T19:20:11.251+0000] {processor.py:186} INFO - Started process (PID=3729) to work on /home/airflow/.local/lib/python3.12/site-packages/airflow/example_dags/example_branch_python_dop_operator_3.py
[2026-09-17T19:20:11.254+0000] {processor.py:914} INFO - Processing file /home/airflow/.local/lib/python3.12/site-packages/airflow/example_dags/example_branch_python_dop_operator_3.py for tasks to queue
[2026-09-17T19:20:11.256+0000] {logging_mixin.py:190} INFO - [2026-09-17T19:20:11.255+0000] {dagbag.py:588} INFO - Filling up the DagBag from /home/airflow/.local/lib/python3.12/site-packages/airflow/example_dags/example_branch_python_dop_operator_3.py
[2026-09-17T19:20:11.271+0000] {processor.py:925} INFO - DAG(s) 'example_branch_dop_operator_v3' retrieved from /home/airflow/.local/lib/python3.12/site-packages/airflow/example_dags/example_branch_python_dop_operator_3.py
[2026-09-17T19:20:11.302+0000] {logging_mixin.py:190} INFO - [2026-09-17T19:20:11.302+0000] {dag.py:3239} INFO - Sync 1 DAGs
[2026-09-17T19:20:11.337+0000] {logging_mixin.py:190} INFO - [2026-09-17T19:20:11.337+0000] {dag.py:4180} INFO - Setting next_dagrun for example_branch_dop_operator_v3 to 2026-09-17 19:19:00+00:00, run_after=2026-09-17 19:20:00+00:00
[2026-09-17T19:20:11.364+0000] {processor.py:208} INFO - Processing /home/airflow/.local/lib/python3.12/site-packages/airflow/example_dags/example_branch_python_dop_operator_3.py took 0.120 seconds
[2026-09-17T19:20:41.931+0000] {processor.py:186} INFO - Started process (PID=3786) to work on /home/airflow/.local/lib/python3.12/site-packages/airflow/example_dags/example_branch_python_dop_operator_3.py
[2026-09-17T19:20:41.933+0000] {processor.py:914} INFO - Processing file /home/airflow/.local/lib/python3.12/site-packages/airflow/example_dags/example_branch_python_dop_operator_3.py for tasks to queue
[2026-09-17T19:20:41.935+0000] {logging_mixin.py:190} INFO - [2026-09-17T19:20:41.935+0000] {dagbag.py:588} INFO - Filling up the DagBag from /home/airflow/.local/lib/python3.12/site-packages/airflow/example_dags/example_branch_python_dop_operator_3.py
[2026-09-17T19:20:41.947+0000] {processor.py:925} INFO - DAG(s) 'example_branch_dop_operator_v3' retrieved from /home/airflow/.local/lib/python3.12/site-packages/airflow/example_dags/example_branch_python_dop_operator_3.py
[2026-09-17T19:20:41.973+0000] {logging_mixin.py:190} INFO - [2026-09-17T19:20:41.972+0000] {dag.py:3239} INFO - Sync 1 DAGs
[2026-09-17T19:20:42.001+0000] {logging_mixin.py:190} INFO - [2026-09-17T19:20:42.000+0000] {dag.py:4180} INFO - Setting next_dagrun for example_branch_dop_operator_v3 to 2026-09-17 19:19:00+00:00, run_after=2026-09-17 19:20:00+00:00
[2026-09-17T19:20:42.026+0000] {processor.py:208} INFO - Processing /home/airflow/.local/lib/python3.12/site-packages/airflow/example_dags/example_branch_python_dop_operator_3.py took 0.100 seconds
[2026-09-17T19:21:12.131+0000] {processor.py:186} INFO - Started process (PID=3851) to work on /home/airflow/.local/lib/python3.12/site-packages/airflow/example_dags/example_branch_python_dop_operator_3.py
[2026-09-17T19:21:12.133+0000] {processor.py:914} INFO - Processing file /home/airflow/.local/lib/python3.12/site-packages/airflow/example_dags/example_branch_python_dop_operator_3.py for tasks to queue
[2026-09-17T19:21:12.135+0000] {logging_mixin.py:190} INFO - [2026-09-17T19:21:12.135+0000] {dagbag.py:588} INFO - Filling up the DagBag from /home/airflow/.local/lib/python3.12/site-packages/airflow/example_dags/example_branch_python_dop_operator_3.py
[2026-09-17T19:21:12.148+0000] {processor.py:925} INFO - DAG(s) 'example_branch_dop_operator_v3' retrieved from /home/airflow/.local/lib/python3.12/site-packages/airflow/example_dags/example_branch_python_dop_operator_3.py
[2026-09-17T19:21:12.178+0000] {logging_mixin.py:190} INFO - [2026-09-17T19:21:12.178+0000] {dag.py:3239} INFO - Sync 1 DAGs
[2026-09-17T19:21:12.210+0000] {logging_mixin.py:190} INFO - [2026-09-17T19:21:12.209+0000] {dag.py:4180} INFO - Setting next_dagrun for example_branch_dop_operator_v3 to 2026-09-17 19:20:00+00:00, run_after=2026-09-17 19:21:00+00:00
[2026-09-17T19:21:12.237+0000] {processor.py:208} INFO - Processing /home/airflow/.local/lib/python3.12/site-packages/airflow/example_dags/example_branch_python_dop_operator_3.py took 0.113 seconds
[2026-09-17T19:21:43.025+0000] {processor.py:186} INFO - Started process (PID=3916) to work on /home/airflow/.local/lib/python3.12/site-packages/airflow/example_dags/example_branch_python_dop_operator_3.py
[2026-09-17T19:21:43.028+0000] {processor.py:914} INFO - Processing file /home/airflow/.local/lib/python3.12/site-packages/airflow/example_dags/example_branch_python_dop_operator_3.py for tasks to queue
[2026-09-17T19:21:43.030+0000] {logging_mixin.py:190} INFO - [2026-09-17T19:21:43.030+0000] {dagbag.py:588} INFO - Filling up the DagBag from /home/airflow/.local/lib/python3.12/site-packages/airflow/example_dags/example_branch_python_dop_operator_3.py
[2026-09-17T19:21:43.041+0000] {processor.py:925} INFO - DAG(s) 'example_branch_dop_operator_v3' retrieved from /home/airflow/.local/lib/python3.12/site-packages/airflow/example_dags/example_branch_python_dop_operator_3.py
[2026-09-17T19:21:43.069+0000] {logging_mixin.py:190} INFO - [2026-09-17T19:21:43.069+0000] {dag.py:3239} INFO - Sync 1 DAGs
[2026-09-17T19:21:43.097+0000] {logging_mixin.py:190} INFO - [2026-09-17T19:21:43.097+0000] {dag.py:4180} INFO - Setting next_dagrun for example_branch_dop_operator_v3 to 2026-09-17 19:20:00+00:00, run_after=2026-09-17 19:21:00+00:00
[2026-09-17T19:21:43.121+0000] {processor.py:208} INFO - Processing /home/airflow/.local/lib/python3.12/site-packages/airflow/example_dags/example_branch_python_dop_operator_3.py took 0.101 seconds
[2026-09-17T19:22:13.302+0000] {processor.py:186} INFO - Started process (PID=3980) to work on /home/airflow/.local/lib/python3.12/site-packages/airflow/example_dags/example_branch_python_dop_operator_3.py
[2026-09-17T19:22:13.304+0000] {processor.py:914} INFO - Processing file /home/airflow/.local/lib/python3.12/site-packages/airflow/example_dags/example_branch_python_dop_operator_3.py for tasks to queue
[2026-09-17T19:22:13.306+0000] {logging_mixin.py:190} INFO - [2026-09-17T19:22:13.305+0000] {dagbag.py:588} INFO - Filling up the DagBag from /home/airflow/.local/lib/python3.12/site-packages/airflow/example_dags/example_branch_python_dop_operator_3.py
[2026-09-17T19:22:13.318+0000] {processor.py:925} INFO - DAG(s) 'example_branch_dop_operator_v3' retrieved from /home/airflow/.local/lib/python3.12/site-packages/airflow/example_dags/example_branch_python_dop_operator_3.py
[2026-09-17T19:22:13.345+0000] {logging_mixin.py:190} INFO - [2026-09-17T19:22:13.344+0000] {dag.py:3239} INFO - Sync 1 DAGs
[2026-09-17T19:22:13.370+0000] {logging_mixin.py:190} INFO - [2026-09-17T19:22:13.370+0000] {dag.py:4180} INFO - Setting next_dagrun for example_branch_dop_operator_v3 to 2026-09-17 19:21:00+00:00, run_after=2026-09-17 19:22:00+00:00
[2026-09-17T19:22:13.395+0000] {processor.py:208} INFO - Processing /home/airflow/.local/lib/python3.12/site-packages/airflow/example_dags/example_branch_python_dop_operator_3.py took 0.099 seconds
[2026-09-17T19:22:43.583+0000] {processor.py:186} INFO - Started process (PID=4045) to work on /home/airflow/.local/lib/python3.12/site-packages/airflow/example_dags/example_branch_python_dop_operator_3.py
[2026-09-17T19:22:43.585+0000] {processor.py:914} INFO - Processing file /home/airflow/.local/lib/python3.12/site-packages/airflow/example_dags/example_branch_python_dop_operator_3.py for tasks to queue
[2026-09-17T19:22:43.587+0000] {logging_mixin.py:190} INFO - [2026-09-17T19:22:43.587+0000] {dagbag.py:588} INFO - Filling up the DagBag from /home/airflow/.local/lib/python3.12/site-packages/airflow/example_dags/example_branch_python_dop_operator_3.py
[2026-09-17T19:22:43.598+0000] {processor.py:925} INFO - DAG(s) 'example_branch_dop_operator_v3' retrieved from /home/airflow/.local/lib/python3.12/site-packages/airflow/example_dags/example_branch_python_dop_operator_3.py
[2026-09-17T19:22:43.625+0000] {logging_mixin.py:190} INFO - [2026-09-17T19:22:43.624+0000] {dag.py:3239} INFO - Sync 1 DAGs
[2026-09-17T19:22:43.651+0000] {logging_mixin.py:190} INFO - [2026-09-17T19:22:43.651+0000] {dag.py:4180} INFO - Setting next_dagrun for example_branch_dop_operator_v3 to 2026-09-17 19:21:00+00:00, run_after=2026-09-17 19:22:00+00:00
[2026-09-17T19:22:43.671+0000] {processor.py:208} INFO - Processing /home/airflow/.local/lib/python3.12/site-packages/airflow/example_dags/example_branch_python_dop_operator_3.py took 0.094 seconds
[2026-09-17T19:23:13.922+0000] {processor.py:186} INFO - Started process (PID=4110) to work on /home/airflow/.local/lib/python3.12/site-packages/airflow/example_dags/example_branch_python_dop_operator_3.py
[2026-09-17T19:23:13.924+0000] {processor.py:914} INFO - Processing file /home/airflow/.local/lib/python3.12/site-packages/airflow/example_dags/example_branch_python_dop_operator_3.py for tasks to queue
[2026-09-17T19:23:13.927+0000] {logging_mixin.py:190} INFO - [2026-09-17T19:23:13.926+0000] {dagbag.py:588} INFO - Filling up the DagBag from /home/airflow/.local/lib/python3.12/site-packages/airflow/example_dags/example_branch_python_dop_operator_3.py
[2026-09-17T19:23:13.937+0000] {processor.py:925} INFO - DAG(s) 'example_branch_dop_operator_v3' retrieved from /home/airflow/.local/lib/python3.12/site-packages/airflow/example_dags/example_branch_python_dop_operator_3.py
[2026-09-17T19:23:13.963+0000] {logging_mixin.py:190} INFO - [2026-09-17T19:23:13.962+0000] {dag.py:3239} INFO - Sync 1 DAGs
[2026-09-17T19:23:13.992+0000] {logging_mixin.py:190} INFO - [2026-09-17T19:23:13.992+0000] {dag.py:4180} INFO - Setting next_dagrun for example_branch_dop_operator_v3 to 2026-09-17 19:22:00+00:00, run_after=2026-09-17 19:23:00+00:00
[2026-09-17T19:23:14.017+0000] {processor.py:208} INFO - Processing /home/airflow/.local/lib/python3.12/site-packages/airflow/example_dags/example_branch_python_dop_operator_3.py took 0.101 seconds
[2026-09-17T19:23:44.146+0000] {processor.py:186} INFO - Started process (PID=4174) to work on /home/airflow/.local/lib/python3.12/site-packages/airflow/example_dags/example_branch_python_dop_operator_3.py
[2026-09-17T19:23:44.148+0000] {processor.py:914} INFO - Processing file /home/airflow/.local/lib/python3.12/site-packages/airflow/example_dags/example_branch_python_dop_operator_3.py for tasks to queue
[2026-09-17T19:23:44.150+0000] {logging_mixin.py:190} INFO - [2026-09-17T19:23:44.150+0000] {dagbag.py:588} INFO - Filling up the DagBag from /home/airflow/.local/lib/python3.12/site-packages/airflow/example_dags/example_branch_python_dop_operator_3.py
[2026-09-17T19:23:44.161+0000] {processor.py:925} INFO - DAG(s) 'example_branch_dop_operator_v3' retrieved from /home/airflow/.local/lib/python3.12/site-packages/airflow/example_dags/example_branch_python_dop_operator_3.py
[2026-09-17T19:23:44.189+0000] {logging_mixin.py:190} INFO - [2026-09-17T19:23:44.188+0000] {dag.py:3239} INFO - Sync 1 DAGs
[2026-09-17T19:23:44.218+0000] {logging_mixin.py:190} INFO - [2026-09-17T19:23:44.217+0000] {dag.py:4180} INFO - Setting next_dagrun for example_branch_dop_operator_v3 to 2026-09-17 19:22:00+00:00, run_after=2026-09-17 19:23:00+00:00
[2026-09-17T19:23:44.241+0000] {processor.py:208} INFO - Processing /home/airflow/.local/lib/python3.12/site-packages/airflow/example_dags/example_branch_python_dop_operator_3.py took 0.101 seconds
[2026-09-17T19:24:14.505+0000] {processor.py:186} INFO - Started process (PID=4239) to work on /home/airflow/.local/lib/python3.12/site-packages/airflow/example_dags/example_branch_python_dop_operator_3.py
[2026-09-17T19:24:14.507+0000] {processor.py:914} INFO - Processing file /home/airflow/.local/lib/python3.12/site-packages/airflow/example_dags/example_branch_python_dop_operator_3.py for tasks to queue
[2026-09-17T19:24:14.510+0000] {logging_mixin.py:190} INFO - [2026-09-17T19:24:14.510+0000] {dagbag.py:588} INFO - Filling up the DagBag from /home/airflow/.local/lib/python3.12/site-packages/airflow/example_dags/example_branch_python_dop_operator_3.py
[2026-09-17T19:24:14.522+0000] {processor.py:925} INFO - DAG(s) 'example_branch_dop_operator_v3' retrieved from /home/airflow/.local/lib/python3.12/site-packages/airflow/example_dags/example_branch_python_dop_operator_3.py
[2026-09-17T19:24:14.548+0000] {logging_mixin.py:190} INFO - [2026-09-17T19:24:14.548+0000] {dag.py:3239} INFO - Sync 1 DAGs
[2026-09-17T19:24:14.577+0000] {logging_mixin.py:190} INFO - [2026-09-17T19:24:14.576+0000] {dag.py:4180} INFO - Setting next_dagrun for example_branch_dop_operator_v3 to 2026-09-17 19:23:00+00:00, run_after=2026-09-17 19:24:00+00:00
[2026-09-17T19:24:14.599+0000] {processor.py:208} INFO - Processing /home/airflow/.local/lib/python3.12/site-packages/airflow/example_dags/example_branch_python_dop_operator_3.py took 0.099 seconds
[2026-09-17T19:24:44.879+0000] {processor.py:186} INFO - Started process (PID=4304) to work on /home/airflow/.local/lib/python3.12/site-packages/airflow/example_dags/example_branch_python_dop_operator_3.py
[2026-09-17T19:24:44.881+0000] {processor.py:914} INFO - Processing file /home/airflow/.local/lib/python3.12/site-packages/airflow/example_dags/example_branch_python_dop_operator_3.py for tasks to queue
[2026-09-17T19:24:44.883+0000] {logging_mixin.py:190} INFO - [2026-09-17T19:24:44.883+0000] {dagbag.py:588} INFO - Filling up the DagBag from /home/airflow/.local/lib/python3.12/site-packages/airflow/example_dags/example_branch_python_dop_operator_3.py
[2026-09-17T19:24:44.897+0000] {processor.py:925} INFO - DAG(s) 'example_branch_dop_operator_v3' retrieved from /home/airflow/.local/lib/python3.12/site-packages/airflow/example_dags/example_branch_python_dop_operator_3.py
[2026-09-17T19:24:44.925+0000] {logging_mixin.py:190} INFO - [2026-09-17T19:24:44.925+0000] {dag.py:3239} INFO - Sync 1 DAGs
[2026-09-17T19:24:44.953+0000] {logging_mixin.py:190} INFO - [2026-09-17T19:24:44.952+0000] {dag.py:4180} INFO - Setting next_dagrun for example_branch_dop_operator_v3 to 2026-09-17 19:23:00+00:00, run_after=2026-09-17 19:24:00+00:00
[2026-09-17T19:24:44.978+0000] {processor.py:208} INFO - Processing /home/airflow/.local/lib/python3.12/site-packages/airflow/example_dags/example_branch_python_dop_operator_3.py took 0.105 seconds
[2026-09-17T19:25:15.743+0000] {processor.py:186} INFO - Started process (PID=4369) to work on /home/airflow/.local/lib/python3.12/site-packages/airflow/example_dags/example_branch_python_dop_operator_3.py
[2026-09-17T19:25:15.745+0000] {processor.py:914} INFO - Processing file /home/airflow/.local/lib/python3.12/site-packages/airflow/example_dags/example_branch_python_dop_operator_3.py for tasks to queue
[2026-09-17T19:25:15.747+0000] {logging_mixin.py:190} INFO - [2026-09-17T19:25:15.747+0000] {dagbag.py:588} INFO - Filling up the DagBag from /home/airflow/.local/lib/python3.12/site-packages/airflow/example_dags/example_branch_python_dop_operator_3.py
[2026-09-17T19:25:15.759+0000] {processor.py:925} INFO - DAG(s) 'example_branch_dop_operator_v3' retrieved from /home/airflow/.local/lib/python3.12/site-packages/airflow/example_dags/example_branch_python_dop_operator_3.py
[2026-09-17T19:25:15.785+0000] {logging_mixin.py:190} INFO - [2026-09-17T19:25:15.784+0000] {dag.py:3239} INFO - Sync 1 DAGs
[2026-09-17T19:25:15.814+0000] {logging_mixin.py:190} INFO - [2026-09-17T19:25:15.813+0000] {dag.py:4180} INFO - Setting next_dagrun for example_branch_dop_operator_v3 to 2026-09-17 19:24:00+00:00, run_after=2026-09-17 19:25:00+00:00
[2026-09-17T19:25:15.840+0000] {processor.py:208} INFO - Processing /home/airflow/.local/lib/python3.12/site-packages/airflow/example_dags/example_branch_python_dop_operator_3.py took 0.103 seconds
[2026-09-17T19:25:46.645+0000] {processor.py:186} INFO - Started process (PID=4433) to work on /home/airflow/.local/lib/python3.12/site-packages/airflow/example_dags/example_branch_python_dop_operator_3.py
[2026-09-17T19:25:46.650+0000] {processor.py:914} INFO - Processing file /home/airflow/.local/lib/python3.12/site-packages/airflow/example_dags/example_branch_python_dop_operator_3.py for tasks to queue
[2026-09-17T19:25:46.656+0000] {logging_mixin.py:190} INFO - [2026-09-17T19:25:46.654+0000] {dagbag.py:588} INFO - Filling up the DagBag from /home/airflow/.local/lib/python3.12/site-packages/airflow/example_dags/example_branch_python_dop_operator_3.py
[2026-09-17T19:25:46.684+0000] {processor.py:925} INFO - DAG(s) 'example_branch_dop_operator_v3' retrieved from /home/airflow/.local/lib/python3.12/site-packages/airflow/example_dags/example_branch_python_dop_operator_3.py
[2026-09-17T19:25:46.717+0000] {logging_mixin.py:190} INFO - [2026-09-17T19:25:46.716+0000] {dag.py:3239} INFO - Sync 1 DAGs
[2026-09-17T19:25:46.748+0000] {logging_mixin.py:190} INFO - [2026-09-17T19:25:46.747+0000] {dag.py:4180} INFO - Setting next_dagrun for example_branch_dop_operator_v3 to 2026-09-17 19:24:00+00:00, run_after=2026-09-17 19:25:00+00:00
[2026-09-17T19:25:46.772+0000] {processor.py:208} INFO - Processing /home/airflow/.local/lib/python3.12/site-packages/airflow/example_dags/example_branch_python_dop_operator_3.py took 0.138 seconds
[2026-09-17T19:26:17.773+0000] {processor.py:186} INFO - Started process (PID=4491) to work on /home/airflow/.local/lib/python3.12/site-packages/airflow/example_dags/example_branch_python_dop_operator_3.py
[2026-09-17T19:26:17.776+0000] {processor.py:914} INFO - Processing file /home/airflow/.local/lib/python3.12/site-packages/airflow/example_dags/example_branch_python_dop_operator_3.py for tasks to queue
[2026-09-17T19:26:17.779+0000] {logging_mixin.py:190} INFO - [2026-09-17T19:26:17.778+0000] {dagbag.py:588} INFO - Filling up the DagBag from /home/airflow/.local/lib/python3.12/site-packages/airflow/example_dags/example_branch_python_dop_operator_3.py
[2026-09-17T19:26:17.796+0000] {processor.py:925} INFO - DAG(s) 'example_branch_dop_operator_v3' retrieved from /home/airflow/.local/lib/python3.12/site-packages/airflow/example_dags/example_branch_python_dop_operator_3.py
[2026-09-17T19:26:17.835+0000] {logging_mixin.py:190} INFO - [2026-09-17T19:26:17.834+0000] {dag.py:3239} INFO - Sync 1 DAGs
[2026-09-17T19:26:17.872+0000] {logging_mixin.py:190} INFO - [2026-09-17T19:26:17.872+0000] {dag.py:4180} INFO - Setting next_dagrun for example_branch_dop_operator_v3 to 2026-09-17 19:25:00+00:00, run_after=2026-09-17 19:26:00+00:00
[2026-09-17T19:26:17.905+0000] {processor.py:208} INFO - Processing /home/airflow/.local/lib/python3.12/site-packages/airflow/example_dags/example_branch_python_dop_operator_3.py took 0.141 seconds
[2026-09-17T19:26:47.972+0000] {processor.py:186} INFO - Started process (PID=4556) to work on /home/airflow/.local/lib/python3.12/site-packages/airflow/example_dags/example_branch_python_dop_operator_3.py
[2026-09-17T19:26:47.974+0000] {processor.py:914} INFO - Processing file /home/airflow/.local/lib/python3.12/site-packages/airflow/example_dags/example_branch_python_dop_operator_3.py for tasks to queue
[2026-09-17T19:26:47.976+0000] {logging_mixin.py:190} INFO - [2026-09-17T19:26:47.976+0000] {dagbag.py:588} INFO - Filling up the DagBag from /home/airflow/.local/lib/python3.12/site-packages/airflow/example_dags/example_branch_python_dop_operator_3.py
[2026-09-17T19:26:47.987+0000] {processor.py:925} INFO - DAG(s) 'example_branch_dop_operator_v3' retrieved from /home/airflow/.local/lib/python3.12/site-packages/airflow/example_dags/example_branch_python_dop_operator_3.py
[2026-09-17T19:26:48.015+0000] {logging_mixin.py:190} INFO - [2026-09-17T19:26:48.014+0000] {dag.py:3239} INFO - Sync 1 DAGs
[2026-09-17T19:26:48.045+0000] {logging_mixin.py:190} INFO - [2026-09-17T19:26:48.045+0000] {dag.py:4180} INFO - Setting next_dagrun for example_branch_dop_operator_v3 to 2026-09-17 19:25:00+00:00, run_after=2026-09-17 19:26:00+00:00
[2026-09-17T19:26:48.070+0000] {processor.py:208} INFO - Processing /home/airflow/.local/lib/python3.12/site-packages/airflow/example_dags/example_branch_python_dop_operator_3.py took 0.104 seconds
[2026-09-17T19:27:21.092+0000] {processor.py:186} INFO - Started process (PID=4621) to work on /home/airflow/.local/lib/python3.12/site-packages/airflow/example_dags/example_branch_python_dop_operator_3.py
[2026-09-17T19:27:21.343+0000] {processor.py:914} INFO - Processing file /home/airflow/.local/lib/python3.12/site-packages/airflow/example_dags/example_branch_python_dop_operator_3.py for tasks to queue
[2026-09-17T19:27:21.345+0000] {logging_mixin.py:190} INFO - [2026-09-17T19:27:21.345+0000] {dagbag.py:588} INFO - Filling up the DagBag from /home/airflow/.local/lib/python3.12/site-packages/airflow/example_dags/example_branch_python_dop_operator_3.py
[2026-09-17T19:27:21.357+0000] {processor.py:925} INFO - DAG(s) 'example_branch_dop_operator_v3' retrieved from /home/airflow/.local/lib/python3.12/site-packages/airflow/example_dags/example_branch_python_dop_operator_3.py
[2026-09-17T19:27:21.386+0000] {logging_mixin.py:190} INFO - [2026-09-17T19:27:21.386+0000] {dag.py:3239} INFO - Sync 1 DAGs
[2026-09-17T19:27:21.569+0000] {logging_mixin.py:190} INFO - [2026-09-17T19:27:21.569+0000] {dag.py:4180} INFO - Setting next_dagrun for example_branch_dop_operator_v3 to 2026-09-17 19:26:00+00:00, run_after=2026-09-17 19:27:00+00:00
[2026-09-17T19:27:22.705+0000] {processor.py:208} INFO - Processing /home/airflow/.local/lib/python3.12/site-packages/airflow/example_dags/example_branch_python_dop_operator_3.py took 1.619 seconds
[2026-09-17T19:27:53.635+0000] {processor.py:186} INFO - Started process (PID=4687) to work on /home/airflow/.local/lib/python3.12/site-packages/airflow/example_dags/example_branch_python_dop_operator_3.py
[2026-09-17T19:27:53.637+0000] {processor.py:914} INFO - Processing file /home/airflow/.local/lib/python3.12/site-packages/airflow/example_dags/example_branch_python_dop_operator_3.py for tasks to queue
[2026-09-17T19:27:53.639+0000] {logging_mixin.py:190} INFO - [2026-09-17T19:27:53.639+0000] {dagbag.py:588} INFO - Filling up the DagBag from /home/airflow/.local/lib/python3.12/site-packages/airflow/example_dags/example_branch_python_dop_operator_3.py
[2026-09-17T19:27:53.650+0000] {processor.py:925} INFO - DAG(s) 'example_branch_dop_operator_v3' retrieved from /home/airflow/.local/lib/python3.12/site-packages/airflow/example_dags/example_branch_python_dop_operator_3.py
[2026-09-17T19:27:53.853+0000] {logging_mixin.py:190} INFO - [2026-09-17T19:27:53.852+0000] {dag.py:3239} INFO - Sync 1 DAGs
[2026-09-17T19:27:53.875+0000] {logging_mixin.py:190} INFO - [2026-09-17T19:27:53.875+0000] {dag.py:4180} INFO - Setting next_dagrun for example_branch_dop_operator_v3 to 2026-09-17 19:26:00+00:00, run_after=2026-09-17 19:27:00+00:00
[2026-09-17T19:27:53.898+0000] {processor.py:208} INFO - Processing /home/airflow/.local/lib/python3.12/site-packages/airflow/example_dags/example_branch_python_dop_operator_3.py took 0.268 seconds
[2026-09-17T19:28:24.340+0000] {processor.py:186} INFO - Started process (PID=4751) to work on /home/airflow/.local/lib/python3.12/site-packages/airflow/example_dags/example_branch_python_dop_operator_3.py
[2026-09-17T19:28:24.343+0000] {processor.py:914} INFO - Processing file /home/airflow/.local/lib/python3.12/site-packages/airflow/example_dags/example_branch_python_dop_operator_3.py for tasks to queue
[2026-09-17T19:28:24.345+0000] {logging_mixin.py:190} INFO - [2026-09-17T19:28:24.345+0000] {dagbag.py:588} INFO - Filling up the DagBag from /home/airflow/.local/lib/python3.12/site-packages/airflow/example_dags/example_branch_python_dop_operator_3.py
[2026-09-17T19:28:24.360+0000] {processor.py:925} INFO - DAG(s) 'example_branch_dop_operator_v3' retrieved from /home/airflow/.local/lib/python3.12/site-packages/airflow/example_dags/example_branch_python_dop_operator_3.py
[2026-09-17T19:28:24.389+0000] {logging_mixin.py:190} INFO - [2026-09-17T19:28:24.388+0000] {dag.py:3239} INFO - Sync 1 DAGs
[2026-09-17T19:28:24.419+0000] {logging_mixin.py:190} INFO - [2026-09-17T19:28:24.419+0000] {dag.py:4180} INFO - Setting next_dagrun for example_branch_dop_operator_v3 to 2026-09-17 19:27:00+00:00, run_after=2026-09-17 19:28:00+00:00
[2026-09-17T19:28:24.445+0000] {processor.py:208} INFO - Processing /home/airflow/.local/lib/python3.12/site-packages/airflow/example_dags/example_branch_python_dop_operator_3.py took 0.111 seconds
[2026-09-17T19:48:22.628+0000] {processor.py:186} INFO - Started process (PID=90) to work on /home/airflow/.local/lib/python3.12/site-packages/airflow/example_dags/example_branch_python_dop_operator_3.py
[2026-09-17T19:48:22.630+0000] {processor.py:914} INFO - Processing file /home/airflow/.local/lib/python3.12/site-packages/airflow/example_dags/example_branch_python_dop_operator_3.py for tasks to queue
[2026-09-17T19:48:22.632+0000] {logging_mixin.py:190} INFO - [2026-09-17T19:48:22.632+0000] {dagbag.py:588} INFO - Filling up the DagBag from /home/airflow/.local/lib/python3.12/site-packages/airflow/example_dags/example_branch_python_dop_operator_3.py
[2026-09-17T19:48:22.648+0000] {processor.py:925} INFO - DAG(s) 'example_branch_dop_operator_v3' retrieved from /home/airflow/.local/lib/python3.12/site-packages/airflow/example_dags/example_branch_python_dop_operator_3.py
[2026-09-17T19:48:22.679+0000] {logging_mixin.py:190} INFO - [2026-09-17T19:48:22.679+0000] {dag.py:3239} INFO - Sync 1 DAGs
[2026-09-17T19:48:22.710+0000] {logging_mixin.py:190} INFO - [2026-09-17T19:48:22.710+0000] {dag.py:4180} INFO - Setting next_dagrun for example_branch_dop_operator_v3 to 2026-09-17 19:47:00+00:00, run_after=2026-09-17 19:48:00+00:00
[2026-09-17T19:48:22.734+0000] {processor.py:208} INFO - Processing /home/airflow/.local/lib/python3.12/site-packages/airflow/example_dags/example_branch_python_dop_operator_3.py took 0.112 seconds
[2026-09-17T19:48:53.282+0000] {processor.py:186} INFO - Started process (PID=155) to work on /home/airflow/.local/lib/python3.12/site-packages/airflow/example_dags/example_branch_python_dop_operator_3.py
[2026-09-17T19:48:53.284+0000] {processor.py:914} INFO - Processing file /home/airflow/.local/lib/python3.12/site-packages/airflow/example_dags/example_branch_python_dop_operator_3.py for tasks to queue
[2026-09-17T19:48:53.286+0000] {logging_mixin.py:190} INFO - [2026-09-17T19:48:53.285+0000] {dagbag.py:588} INFO - Filling up the DagBag from /home/airflow/.local/lib/python3.12/site-packages/airflow/example_dags/example_branch_python_dop_operator_3.py
[2026-09-17T19:48:53.297+0000] {processor.py:925} INFO - DAG(s) 'example_branch_dop_operator_v3' retrieved from /home/airflow/.local/lib/python3.12/site-packages/airflow/example_dags/example_branch_python_dop_operator_3.py
[2026-09-17T19:48:53.323+0000] {logging_mixin.py:190} INFO - [2026-09-17T19:48:53.322+0000] {dag.py:3239} INFO - Sync 1 DAGs
[2026-09-17T19:48:53.353+0000] {logging_mixin.py:190} INFO - [2026-09-17T19:48:53.353+0000] {dag.py:4180} INFO - Setting next_dagrun for example_branch_dop_operator_v3 to 2026-09-17 19:47:00+00:00, run_after=2026-09-17 19:48:00+00:00
[2026-09-17T19:48:53.375+0000] {processor.py:208} INFO - Processing /home/airflow/.local/lib/python3.12/site-packages/airflow/example_dags/example_branch_python_dop_operator_3.py took 0.098 seconds
[2026-09-17T19:49:25.651+0000] {processor.py:186} INFO - Started process (PID=220) to work on /home/airflow/.local/lib/python3.12/site-packages/airflow/example_dags/example_branch_python_dop_operator_3.py
[2026-09-17T19:49:25.654+0000] {processor.py:914} INFO - Processing file /home/airflow/.local/lib/python3.12/site-packages/airflow/example_dags/example_branch_python_dop_operator_3.py for tasks to queue
[2026-09-17T19:49:25.657+0000] {logging_mixin.py:190} INFO - [2026-09-17T19:49:25.656+0000] {dagbag.py:588} INFO - Filling up the DagBag from /home/airflow/.local/lib/python3.12/site-packages/airflow/example_dags/example_branch_python_dop_operator_3.py
[2026-09-17T19:49:25.674+0000] {processor.py:925} INFO - DAG(s) 'example_branch_dop_operator_v3' retrieved from /home/airflow/.local/lib/python3.12/site-packages/airflow/example_dags/example_branch_python_dop_operator_3.py
[2026-09-17T19:49:25.708+0000] {logging_mixin.py:190} INFO - [2026-09-17T19:49:25.708+0000] {dag.py:3239} INFO - Sync 1 DAGs
[2026-09-17T19:49:25.740+0000] {logging_mixin.py:190} INFO - [2026-09-17T19:49:25.740+0000] {dag.py:4180} INFO - Setting next_dagrun for example_branch_dop_operator_v3 to 2026-09-17 19:48:00+00:00, run_after=2026-09-17 19:49:00+00:00
[2026-09-17T19:49:25.772+0000] {processor.py:208} INFO - Processing /home/airflow/.local/lib/python3.12/site-packages/airflow/example_dags/example_branch_python_dop_operator_3.py took 0.129 seconds
[2026-09-17T19:49:57.353+0000] {processor.py:186} INFO - Started process (PID=284) to work on /home/airflow/.local/lib/python3.12/site-packages/airflow/example_dags/example_branch_python_dop_operator_3.py
[2026-09-17T19:49:57.355+0000] {processor.py:914} INFO - Processing file /home/airflow/.local/lib/python3.12/site-packages/airflow/example_dags/example_branch_python_dop_operator_3.py for tasks to queue
[2026-09-17T19:49:57.358+0000] {logging_mixin.py:190} INFO - [2026-09-17T19:49:57.357+0000] {dagbag.py:588} INFO - Filling up the DagBag from /home/airflow/.local/lib/python3.12/site-packages/airflow/example_dags/example_branch_python_dop_operator_3.py
[2026-09-17T19:49:57.371+0000] {processor.py:925} INFO - DAG(s) 'example_branch_dop_operator_v3' retrieved from /home/airflow/.local/lib/python3.12/site-packages/airflow/example_dags/example_branch_python_dop_operator_3.py
[2026-09-17T19:49:57.402+0000] {logging_mixin.py:190} INFO - [2026-09-17T19:49:57.402+0000] {dag.py:3239} INFO - Sync 1 DAGs
[2026-09-17T19:49:57.438+0000] {logging_mixin.py:190} INFO - [2026-09-17T19:49:57.437+0000] {dag.py:4180} INFO - Setting next_dagrun for example_branch_dop_operator_v3 to 2026-09-17 19:48:00+00:00, run_after=2026-09-17 19:49:00+00:00
[2026-09-17T19:49:57.468+0000] {processor.py:208} INFO - Processing /home/airflow/.local/lib/python3.12/site-packages/airflow/example_dags/example_branch_python_dop_operator_3.py took 0.121 seconds
[2026-09-17T19:50:28.156+0000] {processor.py:186} INFO - Started process (PID=342) to work on /home/airflow/.local/lib/python3.12/site-packages/airflow/example_dags/example_branch_python_dop_operator_3.py
[2026-09-17T19:50:28.158+0000] {processor.py:914} INFO - Processing file /home/airflow/.local/lib/python3.12/site-packages/airflow/example_dags/example_branch_python_dop_operator_3.py for tasks to queue
[2026-09-17T19:50:28.161+0000] {logging_mixin.py:190} INFO - [2026-09-17T19:50:28.160+0000] {dagbag.py:588} INFO - Filling up the DagBag from /home/airflow/.local/lib/python3.12/site-packages/airflow/example_dags/example_branch_python_dop_operator_3.py
[2026-09-17T19:50:28.173+0000] {processor.py:925} INFO - DAG(s) 'example_branch_dop_operator_v3' retrieved from /home/airflow/.local/lib/python3.12/site-packages/airflow/example_dags/example_branch_python_dop_operator_3.py
[2026-09-17T19:50:28.198+0000] {logging_mixin.py:190} INFO - [2026-09-17T19:50:28.197+0000] {dag.py:3239} INFO - Sync 1 DAGs
[2026-09-17T19:50:28.228+0000] {logging_mixin.py:190} INFO - [2026-09-17T19:50:28.228+0000] {dag.py:4180} INFO - Setting next_dagrun for example_branch_dop_operator_v3 to 2026-09-17 19:49:00+00:00, run_after=2026-09-17 19:50:00+00:00
[2026-09-17T19:50:28.249+0000] {processor.py:208} INFO - Processing /home/airflow/.local/lib/python3.12/site-packages/airflow/example_dags/example_branch_python_dop_operator_3.py took 0.099 seconds
[2026-09-17T19:50:58.892+0000] {processor.py:186} INFO - Started process (PID=407) to work on /home/airflow/.local/lib/python3.12/site-packages/airflow/example_dags/example_branch_python_dop_operator_3.py
[2026-09-17T19:50:58.894+0000] {processor.py:914} INFO - Processing file /home/airflow/.local/lib/python3.12/site-packages/airflow/example_dags/example_branch_python_dop_operator_3.py for tasks to queue
[2026-09-17T19:50:58.896+0000] {logging_mixin.py:190} INFO - [2026-09-17T19:50:58.896+0000] {dagbag.py:588} INFO - Filling up the DagBag from /home/airflow/.local/lib/python3.12/site-packages/airflow/example_dags/example_branch_python_dop_operator_3.py
[2026-09-17T19:50:58.907+0000] {processor.py:925} INFO - DAG(s) 'example_branch_dop_operator_v3' retrieved from /home/airflow/.local/lib/python3.12/site-packages/airflow/example_dags/example_branch_python_dop_operator_3.py
[2026-09-17T19:50:58.938+0000] {logging_mixin.py:190} INFO - [2026-09-17T19:50:58.937+0000] {dag.py:3239} INFO - Sync 1 DAGs
[2026-09-17T19:50:58.969+0000] {logging_mixin.py:190} INFO - [2026-09-17T19:50:58.969+0000] {dag.py:4180} INFO - Setting next_dagrun for example_branch_dop_operator_v3 to 2026-09-17 19:49:00+00:00, run_after=2026-09-17 19:50:00+00:00
[2026-09-17T19:50:58.995+0000] {processor.py:208} INFO - Processing /home/airflow/.local/lib/python3.12/site-packages/airflow/example_dags/example_branch_python_dop_operator_3.py took 0.109 seconds
[2026-09-17T19:51:30.185+0000] {processor.py:186} INFO - Started process (PID=472) to work on /home/airflow/.local/lib/python3.12/site-packages/airflow/example_dags/example_branch_python_dop_operator_3.py
[2026-09-17T19:51:30.187+0000] {processor.py:914} INFO - Processing file /home/airflow/.local/lib/python3.12/site-packages/airflow/example_dags/example_branch_python_dop_operator_3.py for tasks to queue
[2026-09-17T19:51:30.189+0000] {logging_mixin.py:190} INFO - [2026-09-17T19:51:30.189+0000] {dagbag.py:588} INFO - Filling up the DagBag from /home/airflow/.local/lib/python3.12/site-packages/airflow/example_dags/example_branch_python_dop_operator_3.py
[2026-09-17T19:51:30.202+0000] {processor.py:925} INFO - DAG(s) 'example_branch_dop_operator_v3' retrieved from /home/airflow/.local/lib/python3.12/site-packages/airflow/example_dags/example_branch_python_dop_operator_3.py
[2026-09-17T19:51:30.226+0000] {logging_mixin.py:190} INFO - [2026-09-17T19:51:30.225+0000] {dag.py:3239} INFO - Sync 1 DAGs
[2026-09-17T19:51:30.252+0000] {logging_mixin.py:190} INFO - [2026-09-17T19:51:30.252+0000] {dag.py:4180} INFO - Setting next_dagrun for example_branch_dop_operator_v3 to 2026-09-17 19:50:00+00:00, run_after=2026-09-17 19:51:00+00:00
[2026-09-17T19:51:30.273+0000] {processor.py:208} INFO - Processing /home/airflow/.local/lib/python3.12/site-packages/airflow/example_dags/example_branch_python_dop_operator_3.py took 0.094 seconds
[2026-09-17T19:52:01.199+0000] {processor.py:186} INFO - Started process (PID=537) to work on /home/airflow/.local/lib/python3.12/site-packages/airflow/example_dags/example_branch_python_dop_operator_3.py
[2026-09-17T19:52:01.201+0000] {processor.py:914} INFO - Processing file /home/airflow/.local/lib/python3.12/site-packages/airflow/example_dags/example_branch_python_dop_operator_3.py for tasks to queue
[2026-09-17T19:52:01.203+0000] {logging_mixin.py:190} INFO - [2026-09-17T19:52:01.203+0000] {dagbag.py:588} INFO - Filling up the DagBag from /home/airflow/.local/lib/python3.12/site-packages/airflow/example_dags/example_branch_python_dop_operator_3.py
[2026-09-17T19:52:01.217+0000] {processor.py:925} INFO - DAG(s) 'example_branch_dop_operator_v3' retrieved from /home/airflow/.local/lib/python3.12/site-packages/airflow/example_dags/example_branch_python_dop_operator_3.py
[2026-09-17T19:52:01.243+0000] {logging_mixin.py:190} INFO - [2026-09-17T19:52:01.243+0000] {dag.py:3239} INFO - Sync 1 DAGs
[2026-09-17T19:52:01.271+0000] {logging_mixin.py:190} INFO - [2026-09-17T19:52:01.271+0000] {dag.py:4180} INFO - Setting next_dagrun for example_branch_dop_operator_v3 to 2026-09-17 19:51:00+00:00, run_after=2026-09-17 19:52:00+00:00
[2026-09-17T19:52:01.294+0000] {processor.py:208} INFO - Processing /home/airflow/.local/lib/python3.12/site-packages/airflow/example_dags/example_branch_python_dop_operator_3.py took 0.101 seconds
[2026-09-17T19:52:32.390+0000] {processor.py:186} INFO - Started process (PID=602) to work on /home/airflow/.local/lib/python3.12/site-packages/airflow/example_dags/example_branch_python_dop_operator_3.py
[2026-09-17T19:52:32.392+0000] {processor.py:914} INFO - Processing file /home/airflow/.local/lib/python3.12/site-packages/airflow/example_dags/example_branch_python_dop_operator_3.py for tasks to queue
[2026-09-17T19:52:32.395+0000] {logging_mixin.py:190} INFO - [2026-09-17T19:52:32.395+0000] {dagbag.py:588} INFO - Filling up the DagBag from /home/airflow/.local/lib/python3.12/site-packages/airflow/example_dags/example_branch_python_dop_operator_3.py
[2026-09-17T19:52:32.407+0000] {processor.py:925} INFO - DAG(s) 'example_branch_dop_operator_v3' retrieved from /home/airflow/.local/lib/python3.12/site-packages/airflow/example_dags/example_branch_python_dop_operator_3.py
[2026-09-17T19:52:32.433+0000] {logging_mixin.py:190} INFO - [2026-09-17T19:52:32.433+0000] {dag.py:3239} INFO - Sync 1 DAGs
[2026-09-17T19:52:32.460+0000] {logging_mixin.py:190} INFO - [2026-09-17T19:52:32.460+0000] {dag.py:4180} INFO - Setting next_dagrun for example_branch_dop_operator_v3 to 2026-09-17 19:51:00+00:00, run_after=2026-09-17 19:52:00+00:00
[2026-09-17T19:52:32.482+0000] {processor.py:208} INFO - Processing /home/airflow/.local/lib/python3.12/site-packages/airflow/example_dags/example_branch_python_dop_operator_3.py took 0.098 seconds
[2026-09-17T19:53:03.368+0000] {processor.py:186} INFO - Started process (PID=667) to work on /home/airflow/.local/lib/python3.12/site-packages/airflow/example_dags/example_branch_python_dop_operator_3.py
[2026-09-17T19:53:03.369+0000] {processor.py:914} INFO - Processing file /home/airflow/.local/lib/python3.12/site-packages/airflow/example_dags/example_branch_python_dop_operator_3.py for tasks to queue
[2026-09-17T19:53:03.372+0000] {logging_mixin.py:190} INFO - [2026-09-17T19:53:03.371+0000] {dagbag.py:588} INFO - Filling up the DagBag from /home/airflow/.local/lib/python3.12/site-packages/airflow/example_dags/example_branch_python_dop_operator_3.py
[2026-09-17T19:53:03.385+0000] {processor.py:925} INFO - DAG(s) 'example_branch_dop_operator_v3' retrieved from /home/airflow/.local/lib/python3.12/site-packages/airflow/example_dags/example_branch_python_dop_operator_3.py
[2026-09-17T19:53:03.415+0000] {logging_mixin.py:190} INFO - [2026-09-17T19:53:03.415+0000] {dag.py:3239} INFO - Sync 1 DAGs
[2026-09-17T19:53:03.444+0000] {logging_mixin.py:190} INFO - [2026-09-17T19:53:03.443+0000] {dag.py:4180} INFO - Setting next_dagrun for example_branch_dop_operator_v3 to 2026-09-17 19:52:00+00:00, run_after=2026-09-17 19:53:00+00:00
[2026-09-17T19:53:03.469+0000] {processor.py:208} INFO - Processing /home/airflow/.local/lib/python3.12/site-packages/airflow/example_dags/example_branch_python_dop_operator_3.py took 0.108 seconds
[2026-09-17T19:53:34.523+0000] {processor.py:186} INFO - Started process (PID=732) to work on /home/airflow/.local/lib/python3.12/site-packages/airflow/example_dags/example_branch_python_dop_operator_3.py
[2026-09-17T19:53:34.525+0000] {processor.py:914} INFO - Processing file /home/airflow/.local/lib/python3.12/site-packages/airflow/example_dags/example_branch_python_dop_operator_3.py for tasks to queue
[2026-09-17T19:53:34.527+0000] {logging_mixin.py:190} INFO - [2026-09-17T19:53:34.527+0000] {dagbag.py:588} INFO - Filling up the DagBag from /home/airflow/.local/lib/python3.12/site-packages/airflow/example_dags/example_branch_python_dop_operator_3.py
[2026-09-17T19:53:34.539+0000] {processor.py:925} INFO - DAG(s) 'example_branch_dop_operator_v3' retrieved from /home/airflow/.local/lib/python3.12/site-packages/airflow/example_dags/example_branch_python_dop_operator_3.py
[2026-09-17T19:53:34.564+0000] {logging_mixin.py:190} INFO - [2026-09-17T19:53:34.564+0000] {dag.py:3239} INFO - Sync 1 DAGs
[2026-09-17T19:53:34.591+0000] {logging_mixin.py:190} INFO - [2026-09-17T19:53:34.591+0000] {dag.py:4180} INFO - Setting next_dagrun for example_branch_dop_operator_v3 to 2026-09-17 19:52:00+00:00, run_after=2026-09-17 19:53:00+00:00
[2026-09-17T19:53:34.615+0000] {processor.py:208} INFO - Processing /home/airflow/.local/lib/python3.12/site-packages/airflow/example_dags/example_branch_python_dop_operator_3.py took 0.098 seconds
[2026-09-17T19:54:05.736+0000] {processor.py:186} INFO - Started process (PID=797) to work on /home/airflow/.local/lib/python3.12/site-packages/airflow/example_dags/example_branch_python_dop_operator_3.py
[2026-09-17T19:54:05.738+0000] {processor.py:914} INFO - Processing file /home/airflow/.local/lib/python3.12/site-packages/airflow/example_dags/example_branch_python_dop_operator_3.py for tasks to queue
[2026-09-17T19:54:05.741+0000] {logging_mixin.py:190} INFO - [2026-09-17T19:54:05.740+0000] {dagbag.py:588} INFO - Filling up the DagBag from /home/airflow/.local/lib/python3.12/site-packages/airflow/example_dags/example_branch_python_dop_operator_3.py
[2026-09-17T19:54:05.754+0000] {processor.py:925} INFO - DAG(s) 'example_branch_dop_operator_v3' retrieved from /home/airflow/.local/lib/python3.12/site-packages/airflow/example_dags/example_branch_python_dop_operator_3.py
[2026-09-17T19:54:05.783+0000] {logging_mixin.py:190} INFO - [2026-09-17T19:54:05.782+0000] {dag.py:3239} INFO - Sync 1 DAGs
[2026-09-17T19:54:05.811+0000] {logging_mixin.py:190} INFO - [2026-09-17T19:54:05.811+0000] {dag.py:4180} INFO - Setting next_dagrun for example_branch_dop_operator_v3 to 2026-09-17 19:53:00+00:00, run_after=2026-09-17 19:54:00+00:00
[2026-09-17T19:54:05.837+0000] {processor.py:208} INFO - Processing /home/airflow/.local/lib/python3.12/site-packages/airflow/example_dags/example_branch_python_dop_operator_3.py took 0.107 seconds
[2026-09-17T19:54:37.259+0000] {processor.py:186} INFO - Started process (PID=861) to work on /home/airflow/.local/lib/python3.12/site-packages/airflow/example_dags/example_branch_python_dop_operator_3.py
[2026-09-17T19:54:37.261+0000] {processor.py:914} INFO - Processing file /home/airflow/.local/lib/python3.12/site-packages/airflow/example_dags/example_branch_python_dop_operator_3.py for tasks to queue
[2026-09-17T19:54:37.264+0000] {logging_mixin.py:190} INFO - [2026-09-17T19:54:37.263+0000] {dagbag.py:588} INFO - Filling up the DagBag from /home/airflow/.local/lib/python3.12/site-packages/airflow/example_dags/example_branch_python_dop_operator_3.py
[2026-09-17T19:54:37.276+0000] {processor.py:925} INFO - DAG(s) 'example_branch_dop_operator_v3' retrieved from /home/airflow/.local/lib/python3.12/site-packages/airflow/example_dags/example_branch_python_dop_operator_3.py
[2026-09-17T19:54:37.305+0000] {logging_mixin.py:190} INFO - [2026-09-17T19:54:37.304+0000] {dag.py:3239} INFO - Sync 1 DAGs
[2026-09-17T19:54:37.333+0000] {logging_mixin.py:190} INFO - [2026-09-17T19:54:37.332+0000] {dag.py:4180} INFO - Setting next_dagrun for example_branch_dop_operator_v3 to 2026-09-17 19:53:00+00:00, run_after=2026-09-17 19:54:00+00:00
[2026-09-17T19:54:37.354+0000] {processor.py:208} INFO - Processing /home/airflow/.local/lib/python3.12/site-packages/airflow/example_dags/example_branch_python_dop_operator_3.py took 0.102 seconds
[2026-09-17T19:55:08.176+0000] {processor.py:186} INFO - Started process (PID=926) to work on /home/airflow/.local/lib/python3.12/site-packages/airflow/example_dags/example_branch_python_dop_operator_3.py
[2026-09-17T19:55:08.178+0000] {processor.py:914} INFO - Processing file /home/airflow/.local/lib/python3.12/site-packages/airflow/example_dags/example_branch_python_dop_operator_3.py for tasks to queue
[2026-09-17T19:55:08.180+0000] {logging_mixin.py:190} INFO - [2026-09-17T19:55:08.180+0000] {dagbag.py:588} INFO - Filling up the DagBag from /home/airflow/.local/lib/python3.12/site-packages/airflow/example_dags/example_branch_python_dop_operator_3.py
[2026-09-17T19:55:08.193+0000] {processor.py:925} INFO - DAG(s) 'example_branch_dop_operator_v3' retrieved from /home/airflow/.local/lib/python3.12/site-packages/airflow/example_dags/example_branch_python_dop_operator_3.py
[2026-09-17T19:55:08.219+0000] {logging_mixin.py:190} INFO - [2026-09-17T19:55:08.219+0000] {dag.py:3239} INFO - Sync 1 DAGs
[2026-09-17T19:55:08.246+0000] {logging_mixin.py:190} INFO - [2026-09-17T19:55:08.246+0000] {dag.py:4180} INFO - Setting next_dagrun for example_branch_dop_operator_v3 to 2026-09-17 19:54:00+00:00, run_after=2026-09-17 19:55:00+00:00
[2026-09-17T19:55:08.267+0000] {processor.py:208} INFO - Processing /home/airflow/.local/lib/python3.12/site-packages/airflow/example_dags/example_branch_python_dop_operator_3.py took 0.098 seconds
[2026-09-17T19:55:39.315+0000] {processor.py:186} INFO - Started process (PID=991) to work on /home/airflow/.local/lib/python3.12/site-packages/airflow/example_dags/example_branch_python_dop_operator_3.py
[2026-09-17T19:55:39.318+0000] {processor.py:914} INFO - Processing file /home/airflow/.local/lib/python3.12/site-packages/airflow/example_dags/example_branch_python_dop_operator_3.py for tasks to queue
[2026-09-17T19:55:39.321+0000] {logging_mixin.py:190} INFO - [2026-09-17T19:55:39.320+0000] {dagbag.py:588} INFO - Filling up the DagBag from /home/airflow/.local/lib/python3.12/site-packages/airflow/example_dags/example_branch_python_dop_operator_3.py
[2026-09-17T19:55:39.335+0000] {processor.py:925} INFO - DAG(s) 'example_branch_dop_operator_v3' retrieved from /home/airflow/.local/lib/python3.12/site-packages/airflow/example_dags/example_branch_python_dop_operator_3.py
[2026-09-17T19:55:39.363+0000] {logging_mixin.py:190} INFO - [2026-09-17T19:55:39.363+0000] {dag.py:3239} INFO - Sync 1 DAGs
[2026-09-17T19:55:39.392+0000] {logging_mixin.py:190} INFO - [2026-09-17T19:55:39.392+0000] {dag.py:4180} INFO - Setting next_dagrun for example_branch_dop_operator_v3 to 2026-09-17 19:54:00+00:00, run_after=2026-09-17 19:55:00+00:00
[2026-09-17T19:55:39.415+0000] {processor.py:208} INFO - Processing /home/airflow/.local/lib/python3.12/site-packages/airflow/example_dags/example_branch_python_dop_operator_3.py took 0.107 seconds
[2026-09-17T19:56:10.514+0000] {processor.py:186} INFO - Started process (PID=1056) to work on /home/airflow/.local/lib/python3.12/site-packages/airflow/example_dags/example_branch_python_dop_operator_3.py
[2026-09-17T19:56:10.516+0000] {processor.py:914} INFO - Processing file /home/airflow/.local/lib/python3.12/site-packages/airflow/example_dags/example_branch_python_dop_operator_3.py for tasks to queue
[2026-09-17T19:56:10.518+0000] {logging_mixin.py:190} INFO - [2026-09-17T19:56:10.518+0000] {dagbag.py:588} INFO - Filling up the DagBag from /home/airflow/.local/lib/python3.12/site-packages/airflow/example_dags/example_branch_python_dop_operator_3.py
[2026-09-17T19:56:10.530+0000] {processor.py:925} INFO - DAG(s) 'example_branch_dop_operator_v3' retrieved from /home/airflow/.local/lib/python3.12/site-packages/airflow/example_dags/example_branch_python_dop_operator_3.py
[2026-09-17T19:56:10.558+0000] {logging_mixin.py:190} INFO - [2026-09-17T19:56:10.558+0000] {dag.py:3239} INFO - Sync 1 DAGs
[2026-09-17T19:56:10.587+0000] {logging_mixin.py:190} INFO - [2026-09-17T19:56:10.587+0000] {dag.py:4180} INFO - Setting next_dagrun for example_branch_dop_operator_v3 to 2026-09-17 19:55:00+00:00, run_after=2026-09-17 19:56:00+00:00
[2026-09-17T19:56:10.611+0000] {processor.py:208} INFO - Processing /home/airflow/.local/lib/python3.12/site-packages/airflow/example_dags/example_branch_python_dop_operator_3.py took 0.102 seconds
[2026-09-17T19:56:41.570+0000] {processor.py:186} INFO - Started process (PID=1121) to work on /home/airflow/.local/lib/python3.12/site-packages/airflow/example_dags/example_branch_python_dop_operator_3.py
[2026-09-17T19:56:41.572+0000] {processor.py:914} INFO - Processing file /home/airflow/.local/lib/python3.12/site-packages/airflow/example_dags/example_branch_python_dop_operator_3.py for tasks to queue
[2026-09-17T19:56:41.575+0000] {logging_mixin.py:190} INFO - [2026-09-17T19:56:41.574+0000] {dagbag.py:588} INFO - Filling up the DagBag from /home/airflow/.local/lib/python3.12/site-packages/airflow/example_dags/example_branch_python_dop_operator_3.py
[2026-09-17T19:56:41.591+0000] {processor.py:925} INFO - DAG(s) 'example_branch_dop_operator_v3' retrieved from /home/airflow/.local/lib/python3.12/site-packages/airflow/example_dags/example_branch_python_dop_operator_3.py
[2026-09-17T19:56:41.627+0000] {logging_mixin.py:190} INFO - [2026-09-17T19:56:41.626+0000] {dag.py:3239} INFO - Sync 1 DAGs
[2026-09-17T19:56:41.663+0000] {logging_mixin.py:190} INFO - [2026-09-17T19:56:41.663+0000] {dag.py:4180} INFO - Setting next_dagrun for example_branch_dop_operator_v3 to 2026-09-17 19:55:00+00:00, run_after=2026-09-17 19:56:00+00:00
[2026-09-17T19:56:41.694+0000] {processor.py:208} INFO - Processing /home/airflow/.local/lib/python3.12/site-packages/airflow/example_dags/example_branch_python_dop_operator_3.py took 0.132 seconds
[2026-09-17T19:57:12.594+0000] {processor.py:186} INFO - Started process (PID=1185) to work on /home/airflow/.local/lib/python3.12/site-packages/airflow/example_dags/example_branch_python_dop_operator_3.py
[2026-09-17T19:57:12.596+0000] {processor.py:914} INFO - Processing file /home/airflow/.local/lib/python3.12/site-packages/airflow/example_dags/example_branch_python_dop_operator_3.py for tasks to queue
[2026-09-17T19:57:12.599+0000] {logging_mixin.py:190} INFO - [2026-09-17T19:57:12.598+0000] {dagbag.py:588} INFO - Filling up the DagBag from /home/airflow/.local/lib/python3.12/site-packages/airflow/example_dags/example_branch_python_dop_operator_3.py
[2026-09-17T19:57:12.615+0000] {processor.py:925} INFO - DAG(s) 'example_branch_dop_operator_v3' retrieved from /home/airflow/.local/lib/python3.12/site-packages/airflow/example_dags/example_branch_python_dop_operator_3.py
[2026-09-17T19:57:12.648+0000] {logging_mixin.py:190} INFO - [2026-09-17T19:57:12.648+0000] {dag.py:3239} INFO - Sync 1 DAGs
[2026-09-17T19:57:12.686+0000] {logging_mixin.py:190} INFO - [2026-09-17T19:57:12.685+0000] {dag.py:4180} INFO - Setting next_dagrun for example_branch_dop_operator_v3 to 2026-09-17 19:56:00+00:00, run_after=2026-09-17 19:57:00+00:00
[2026-09-17T19:57:12.736+0000] {processor.py:208} INFO - Processing /home/airflow/.local/lib/python3.12/site-packages/airflow/example_dags/example_branch_python_dop_operator_3.py took 0.150 seconds
[2026-09-17T19:57:44.259+0000] {processor.py:186} INFO - Started process (PID=1243) to work on /home/airflow/.local/lib/python3.12/site-packages/airflow/example_dags/example_branch_python_dop_operator_3.py
[2026-09-17T19:57:44.261+0000] {processor.py:914} INFO - Processing file /home/airflow/.local/lib/python3.12/site-packages/airflow/example_dags/example_branch_python_dop_operator_3.py for tasks to queue
[2026-09-17T19:57:44.263+0000] {logging_mixin.py:190} INFO - [2026-09-17T19:57:44.263+0000] {dagbag.py:588} INFO - Filling up the DagBag from /home/airflow/.local/lib/python3.12/site-packages/airflow/example_dags/example_branch_python_dop_operator_3.py
[2026-09-17T19:57:44.276+0000] {processor.py:925} INFO - DAG(s) 'example_branch_dop_operator_v3' retrieved from /home/airflow/.local/lib/python3.12/site-packages/airflow/example_dags/example_branch_python_dop_operator_3.py
[2026-09-17T19:57:44.307+0000] {logging_mixin.py:190} INFO - [2026-09-17T19:57:44.306+0000] {dag.py:3239} INFO - Sync 1 DAGs
[2026-09-17T19:57:44.350+0000] {logging_mixin.py:190} INFO - [2026-09-17T19:57:44.350+0000] {dag.py:4180} INFO - Setting next_dagrun for example_branch_dop_operator_v3 to 2026-09-17 19:56:00+00:00, run_after=2026-09-17 19:57:00+00:00
[2026-09-17T19:57:44.379+0000] {processor.py:208} INFO - Processing /home/airflow/.local/lib/python3.12/site-packages/airflow/example_dags/example_branch_python_dop_operator_3.py took 0.127 seconds
[2026-09-17T19:58:16.077+0000] {processor.py:186} INFO - Started process (PID=1308) to work on /home/airflow/.local/lib/python3.12/site-packages/airflow/example_dags/example_branch_python_dop_operator_3.py
[2026-09-17T19:58:16.078+0000] {processor.py:914} INFO - Processing file /home/airflow/.local/lib/python3.12/site-packages/airflow/example_dags/example_branch_python_dop_operator_3.py for tasks to queue
[2026-09-17T19:58:16.080+0000] {logging_mixin.py:190} INFO - [2026-09-17T19:58:16.080+0000] {dagbag.py:588} INFO - Filling up the DagBag from /home/airflow/.local/lib/python3.12/site-packages/airflow/example_dags/example_branch_python_dop_operator_3.py
[2026-09-17T19:58:16.091+0000] {processor.py:925} INFO - DAG(s) 'example_branch_dop_operator_v3' retrieved from /home/airflow/.local/lib/python3.12/site-packages/airflow/example_dags/example_branch_python_dop_operator_3.py
[2026-09-17T19:58:16.117+0000] {logging_mixin.py:190} INFO - [2026-09-17T19:58:16.116+0000] {dag.py:3239} INFO - Sync 1 DAGs
[2026-09-17T19:58:16.146+0000] {logging_mixin.py:190} INFO - [2026-09-17T19:58:16.146+0000] {dag.py:4180} INFO - Setting next_dagrun for example_branch_dop_operator_v3 to 2026-09-17 19:57:00+00:00, run_after=2026-09-17 19:58:00+00:00
[2026-09-17T19:58:16.173+0000] {processor.py:208} INFO - Processing /home/airflow/.local/lib/python3.12/site-packages/airflow/example_dags/example_branch_python_dop_operator_3.py took 0.103 seconds
[2026-09-17T19:58:47.032+0000] {processor.py:186} INFO - Started process (PID=1373) to work on /home/airflow/.local/lib/python3.12/site-packages/airflow/example_dags/example_branch_python_dop_operator_3.py
[2026-09-17T19:58:47.033+0000] {processor.py:914} INFO - Processing file /home/airflow/.local/lib/python3.12/site-packages/airflow/example_dags/example_branch_python_dop_operator_3.py for tasks to queue
[2026-09-17T19:58:47.036+0000] {logging_mixin.py:190} INFO - [2026-09-17T19:58:47.035+0000] {dagbag.py:588} INFO - Filling up the DagBag from /home/airflow/.local/lib/python3.12/site-packages/airflow/example_dags/example_branch_python_dop_operator_3.py
[2026-09-17T19:58:47.047+0000] {processor.py:925} INFO - DAG(s) 'example_branch_dop_operator_v3' retrieved from /home/airflow/.local/lib/python3.12/site-packages/airflow/example_dags/example_branch_python_dop_operator_3.py
[2026-09-17T19:58:47.073+0000] {logging_mixin.py:190} INFO - [2026-09-17T19:58:47.073+0000] {dag.py:3239} INFO - Sync 1 DAGs
[2026-09-17T19:58:47.104+0000] {logging_mixin.py:190} INFO - [2026-09-17T19:58:47.104+0000] {dag.py:4180} INFO - Setting next_dagrun for example_branch_dop_operator_v3 to 2026-09-17 19:57:00+00:00, run_after=2026-09-17 19:58:00+00:00
[2026-09-17T19:58:47.127+0000] {processor.py:208} INFO - Processing /home/airflow/.local/lib/python3.12/site-packages/airflow/example_dags/example_branch_python_dop_operator_3.py took 0.102 seconds
[2026-09-17T19:59:18.609+0000] {processor.py:186} INFO - Started process (PID=1438) to work on /home/airflow/.local/lib/python3.12/site-packages/airflow/example_dags/example_branch_python_dop_operator_3.py
[2026-09-17T19:59:18.611+0000] {processor.py:914} INFO - Processing file /home/airflow/.local/lib/python3.12/site-packages/airflow/example_dags/example_branch_python_dop_operator_3.py for tasks to queue
[2026-09-17T19:59:18.613+0000] {logging_mixin.py:190} INFO - [2026-09-17T19:59:18.613+0000] {dagbag.py:588} INFO - Filling up the DagBag from /home/airflow/.local/lib/python3.12/site-packages/airflow/example_dags/example_branch_python_dop_operator_3.py
[2026-09-17T19:59:18.624+0000] {processor.py:925} INFO - DAG(s) 'example_branch_dop_operator_v3' retrieved from /home/airflow/.local/lib/python3.12/site-packages/airflow/example_dags/example_branch_python_dop_operator_3.py
[2026-09-17T19:59:18.649+0000] {logging_mixin.py:190} INFO - [2026-09-17T19:59:18.648+0000] {dag.py:3239} INFO - Sync 1 DAGs
[2026-09-17T19:59:18.675+0000] {logging_mixin.py:190} INFO - [2026-09-17T19:59:18.675+0000] {dag.py:4180} INFO - Setting next_dagrun for example_branch_dop_operator_v3 to 2026-09-17 19:58:00+00:00, run_after=2026-09-17 19:59:00+00:00
[2026-09-17T19:59:18.697+0000] {processor.py:208} INFO - Processing /home/airflow/.local/lib/python3.12/site-packages/airflow/example_dags/example_branch_python_dop_operator_3.py took 0.093 seconds
[2026-09-17T19:59:49.584+0000] {processor.py:186} INFO - Started process (PID=1503) to work on /home/airflow/.local/lib/python3.12/site-packages/airflow/example_dags/example_branch_python_dop_operator_3.py
[2026-09-17T19:59:49.586+0000] {processor.py:914} INFO - Processing file /home/airflow/.local/lib/python3.12/site-packages/airflow/example_dags/example_branch_python_dop_operator_3.py for tasks to queue
[2026-09-17T19:59:49.588+0000] {logging_mixin.py:190} INFO - [2026-09-17T19:59:49.588+0000] {dagbag.py:588} INFO - Filling up the DagBag from /home/airflow/.local/lib/python3.12/site-packages/airflow/example_dags/example_branch_python_dop_operator_3.py
[2026-09-17T19:59:49.600+0000] {processor.py:925} INFO - DAG(s) 'example_branch_dop_operator_v3' retrieved from /home/airflow/.local/lib/python3.12/site-packages/airflow/example_dags/example_branch_python_dop_operator_3.py
[2026-09-17T19:59:49.626+0000] {logging_mixin.py:190} INFO - [2026-09-17T19:59:49.626+0000] {dag.py:3239} INFO - Sync 1 DAGs
[2026-09-17T19:59:49.653+0000] {logging_mixin.py:190} INFO - [2026-09-17T19:59:49.653+0000] {dag.py:4180} INFO - Setting next_dagrun for example_branch_dop_operator_v3 to 2026-09-17 19:58:00+00:00, run_after=2026-09-17 19:59:00+00:00
[2026-09-17T19:59:49.675+0000] {processor.py:208} INFO - Processing /home/airflow/.local/lib/python3.12/site-packages/airflow/example_dags/example_branch_python_dop_operator_3.py took 0.097 seconds
[2026-09-17T20:00:20.697+0000] {processor.py:186} INFO - Started process (PID=1568) to work on /home/airflow/.local/lib/python3.12/site-packages/airflow/example_dags/example_branch_python_dop_operator_3.py
[2026-09-17T20:00:20.699+0000] {processor.py:914} INFO - Processing file /home/airflow/.local/lib/python3.12/site-packages/airflow/example_dags/example_branch_python_dop_operator_3.py for tasks to queue
[2026-09-17T20:00:20.701+0000] {logging_mixin.py:190} INFO - [2026-09-17T20:00:20.700+0000] {dagbag.py:588} INFO - Filling up the DagBag from /home/airflow/.local/lib/python3.12/site-packages/airflow/example_dags/example_branch_python_dop_operator_3.py
[2026-09-17T20:00:20.713+0000] {processor.py:925} INFO - DAG(s) 'example_branch_dop_operator_v3' retrieved from /home/airflow/.local/lib/python3.12/site-packages/airflow/example_dags/example_branch_python_dop_operator_3.py
[2026-09-17T20:00:20.739+0000] {logging_mixin.py:190} INFO - [2026-09-17T20:00:20.739+0000] {dag.py:3239} INFO - Sync 1 DAGs
[2026-09-17T20:00:20.767+0000] {logging_mixin.py:190} INFO - [2026-09-17T20:00:20.766+0000] {dag.py:4180} INFO - Setting next_dagrun for example_branch_dop_operator_v3 to 2026-09-17 19:59:00+00:00, run_after=2026-09-17 20:00:00+00:00
[2026-09-17T20:00:20.786+0000] {processor.py:208} INFO - Processing /home/airflow/.local/lib/python3.12/site-packages/airflow/example_dags/example_branch_python_dop_operator_3.py took 0.096 seconds
[2026-09-17T20:00:51.641+0000] {processor.py:186} INFO - Started process (PID=1633) to work on /home/airflow/.local/lib/python3.12/site-packages/airflow/example_dags/example_branch_python_dop_operator_3.py
[2026-09-17T20:00:51.643+0000] {processor.py:914} INFO - Processing file /home/airflow/.local/lib/python3.12/site-packages/airflow/example_dags/example_branch_python_dop_operator_3.py for tasks to queue
[2026-09-17T20:00:51.646+0000] {logging_mixin.py:190} INFO - [2026-09-17T20:00:51.645+0000] {dagbag.py:588} INFO - Filling up the DagBag from /home/airflow/.local/lib/python3.12/site-packages/airflow/example_dags/example_branch_python_dop_operator_3.py
[2026-09-17T20:00:51.662+0000] {processor.py:925} INFO - DAG(s) 'example_branch_dop_operator_v3' retrieved from /home/airflow/.local/lib/python3.12/site-packages/airflow/example_dags/example_branch_python_dop_operator_3.py
[2026-09-17T20:00:51.695+0000] {logging_mixin.py:190} INFO - [2026-09-17T20:00:51.694+0000] {dag.py:3239} INFO - Sync 1 DAGs
[2026-09-17T20:00:51.734+0000] {logging_mixin.py:190} INFO - [2026-09-17T20:00:51.733+0000] {dag.py:4180} INFO - Setting next_dagrun for example_branch_dop_operator_v3 to 2026-09-17 19:59:00+00:00, run_after=2026-09-17 20:00:00+00:00
[2026-09-17T20:00:51.763+0000] {processor.py:208} INFO - Processing /home/airflow/.local/lib/python3.12/site-packages/airflow/example_dags/example_branch_python_dop_operator_3.py took 0.131 seconds
[2026-09-17T20:01:22.482+0000] {processor.py:186} INFO - Started process (PID=1697) to work on /home/airflow/.local/lib/python3.12/site-packages/airflow/example_dags/example_branch_python_dop_operator_3.py
[2026-09-17T20:01:22.484+0000] {processor.py:914} INFO - Processing file /home/airflow/.local/lib/python3.12/site-packages/airflow/example_dags/example_branch_python_dop_operator_3.py for tasks to queue
[2026-09-17T20:01:22.486+0000] {logging_mixin.py:190} INFO - [2026-09-17T20:01:22.486+0000] {dagbag.py:588} INFO - Filling up the DagBag from /home/airflow/.local/lib/python3.12/site-packages/airflow/example_dags/example_branch_python_dop_operator_3.py
[2026-09-17T20:01:22.497+0000] {processor.py:925} INFO - DAG(s) 'example_branch_dop_operator_v3' retrieved from /home/airflow/.local/lib/python3.12/site-packages/airflow/example_dags/example_branch_python_dop_operator_3.py
[2026-09-17T20:01:22.525+0000] {logging_mixin.py:190} INFO - [2026-09-17T20:01:22.525+0000] {dag.py:3239} INFO - Sync 1 DAGs
[2026-09-17T20:01:22.553+0000] {logging_mixin.py:190} INFO - [2026-09-17T20:01:22.552+0000] {dag.py:4180} INFO - Setting next_dagrun for example_branch_dop_operator_v3 to 2026-09-17 20:00:00+00:00, run_after=2026-09-17 20:01:00+00:00
[2026-09-17T20:01:22.575+0000] {processor.py:208} INFO - Processing /home/airflow/.local/lib/python3.12/site-packages/airflow/example_dags/example_branch_python_dop_operator_3.py took 0.100 seconds
[2026-09-17T20:01:53.650+0000] {processor.py:186} INFO - Started process (PID=1762) to work on /home/airflow/.local/lib/python3.12/site-packages/airflow/example_dags/example_branch_python_dop_operator_3.py
[2026-09-17T20:01:53.652+0000] {processor.py:914} INFO - Processing file /home/airflow/.local/lib/python3.12/site-packages/airflow/example_dags/example_branch_python_dop_operator_3.py for tasks to queue
[2026-09-17T20:01:53.654+0000] {logging_mixin.py:190} INFO - [2026-09-17T20:01:53.654+0000] {dagbag.py:588} INFO - Filling up the DagBag from /home/airflow/.local/lib/python3.12/site-packages/airflow/example_dags/example_branch_python_dop_operator_3.py
[2026-09-17T20:01:53.665+0000] {processor.py:925} INFO - DAG(s) 'example_branch_dop_operator_v3' retrieved from /home/airflow/.local/lib/python3.12/site-packages/airflow/example_dags/example_branch_python_dop_operator_3.py
[2026-09-17T20:01:53.692+0000] {logging_mixin.py:190} INFO - [2026-09-17T20:01:53.692+0000] {dag.py:3239} INFO - Sync 1 DAGs
[2026-09-17T20:01:53.718+0000] {logging_mixin.py:190} INFO - [2026-09-17T20:01:53.718+0000] {dag.py:4180} INFO - Setting next_dagrun for example_branch_dop_operator_v3 to 2026-09-17 20:00:00+00:00, run_after=2026-09-17 20:01:00+00:00
[2026-09-17T20:01:53.741+0000] {processor.py:208} INFO - Processing /home/airflow/.local/lib/python3.12/site-packages/airflow/example_dags/example_branch_python_dop_operator_3.py took 0.097 seconds
[2026-09-17T20:02:24.875+0000] {processor.py:186} INFO - Started process (PID=1827) to work on /home/airflow/.local/lib/python3.12/site-packages/airflow/example_dags/example_branch_python_dop_operator_3.py
[2026-09-17T20:02:24.877+0000] {processor.py:914} INFO - Processing file /home/airflow/.local/lib/python3.12/site-packages/airflow/example_dags/example_branch_python_dop_operator_3.py for tasks to queue
[2026-09-17T20:02:24.879+0000] {logging_mixin.py:190} INFO - [2026-09-17T20:02:24.879+0000] {dagbag.py:588} INFO - Filling up the DagBag from /home/airflow/.local/lib/python3.12/site-packages/airflow/example_dags/example_branch_python_dop_operator_3.py
[2026-09-17T20:02:24.890+0000] {processor.py:925} INFO - DAG(s) 'example_branch_dop_operator_v3' retrieved from /home/airflow/.local/lib/python3.12/site-packages/airflow/example_dags/example_branch_python_dop_operator_3.py
[2026-09-17T20:02:24.915+0000] {logging_mixin.py:190} INFO - [2026-09-17T20:02:24.914+0000] {dag.py:3239} INFO - Sync 1 DAGs
[2026-09-17T20:02:24.940+0000] {logging_mixin.py:190} INFO - [2026-09-17T20:02:24.940+0000] {dag.py:4180} INFO - Setting next_dagrun for example_branch_dop_operator_v3 to 2026-09-17 20:01:00+00:00, run_after=2026-09-17 20:02:00+00:00
[2026-09-17T20:02:24.961+0000] {processor.py:208} INFO - Processing /home/airflow/.local/lib/python3.12/site-packages/airflow/example_dags/example_branch_python_dop_operator_3.py took 0.091 seconds
[2026-09-17T20:09:47.218+0000] {processor.py:186} INFO - Started process (PID=90) to work on /home/airflow/.local/lib/python3.12/site-packages/airflow/example_dags/example_branch_python_dop_operator_3.py
[2026-09-17T20:09:47.221+0000] {processor.py:914} INFO - Processing file /home/airflow/.local/lib/python3.12/site-packages/airflow/example_dags/example_branch_python_dop_operator_3.py for tasks to queue
[2026-09-17T20:09:47.223+0000] {logging_mixin.py:190} INFO - [2026-09-17T20:09:47.223+0000] {dagbag.py:588} INFO - Filling up the DagBag from /home/airflow/.local/lib/python3.12/site-packages/airflow/example_dags/example_branch_python_dop_operator_3.py
[2026-09-17T20:09:47.238+0000] {processor.py:925} INFO - DAG(s) 'example_branch_dop_operator_v3' retrieved from /home/airflow/.local/lib/python3.12/site-packages/airflow/example_dags/example_branch_python_dop_operator_3.py
[2026-09-17T20:09:47.384+0000] {logging_mixin.py:190} INFO - [2026-09-17T20:09:47.382+0000] {override.py:1911} INFO - Created Permission View: can edit on DAG:example_branch_dop_operator_v3
[2026-09-17T20:09:47.403+0000] {logging_mixin.py:190} INFO - [2026-09-17T20:09:47.402+0000] {override.py:1911} INFO - Created Permission View: can read on DAG:example_branch_dop_operator_v3
[2026-09-17T20:09:47.415+0000] {logging_mixin.py:190} INFO - [2026-09-17T20:09:47.414+0000] {override.py:1911} INFO - Created Permission View: can delete on DAG:example_branch_dop_operator_v3
[2026-09-17T20:09:47.429+0000] {logging_mixin.py:190} INFO - [2026-09-17T20:09:47.429+0000] {override.py:1911} INFO - Created Permission View: can create on DAG Run:example_branch_dop_operator_v3
[2026-09-17T20:09:47.441+0000] {logging_mixin.py:190} INFO - [2026-09-17T20:09:47.440+0000] {override.py:1911} INFO - Created Permission View: menu access on DAG Run:example_branch_dop_operator_v3
[2026-09-17T20:09:47.453+0000] {logging_mixin.py:190} INFO - [2026-09-17T20:09:47.453+0000] {override.py:1911} INFO - Created Permission View: can read on DAG Run:example_branch_dop_operator_v3
[2026-09-17T20:09:47.466+0000] {logging_mixin.py:190} INFO - [2026-09-17T20:09:47.466+0000] {override.py:1911} INFO - Created Permission View: can delete on DAG Run:example_branch_dop_operator_v3
[2026-09-17T20:09:47.468+0000] {logging_mixin.py:190} INFO - [2026-09-17T20:09:47.468+0000] {dag.py:3239} INFO - Sync 1 DAGs
[2026-09-17T20:09:47.488+0000] {logging_mixin.py:190} INFO - [2026-09-17T20:09:47.488+0000] {dag.py:3262} INFO - Creating ORM DAG for example_branch_dop_operator_v3
[2026-09-17T20:09:47.507+0000] {logging_mixin.py:190} INFO - [2026-09-17T20:09:47.507+0000] {dag.py:4180} INFO - Setting next_dagrun for example_branch_dop_operator_v3 to 2026-09-17 20:08:00+00:00, run_after=2026-09-17 20:09:00+00:00
[2026-09-17T20:09:47.534+0000] {processor.py:208} INFO - Processing /home/airflow/.local/lib/python3.12/site-packages/airflow/example_dags/example_branch_python_dop_operator_3.py took 0.322 seconds
[2026-09-17T20:10:18.592+0000] {processor.py:186} INFO - Started process (PID=155) to work on /home/airflow/.local/lib/python3.12/site-packages/airflow/example_dags/example_branch_python_dop_operator_3.py
[2026-09-17T20:10:18.595+0000] {processor.py:914} INFO - Processing file /home/airflow/.local/lib/python3.12/site-packages/airflow/example_dags/example_branch_python_dop_operator_3.py for tasks to queue
[2026-09-17T20:10:18.597+0000] {logging_mixin.py:190} INFO - [2026-09-17T20:10:18.597+0000] {dagbag.py:588} INFO - Filling up the DagBag from /home/airflow/.local/lib/python3.12/site-packages/airflow/example_dags/example_branch_python_dop_operator_3.py
[2026-09-17T20:10:18.609+0000] {processor.py:925} INFO - DAG(s) 'example_branch_dop_operator_v3' retrieved from /home/airflow/.local/lib/python3.12/site-packages/airflow/example_dags/example_branch_python_dop_operator_3.py
[2026-09-17T20:10:18.639+0000] {logging_mixin.py:190} INFO - [2026-09-17T20:10:18.638+0000] {dag.py:3239} INFO - Sync 1 DAGs
[2026-09-17T20:10:18.666+0000] {logging_mixin.py:190} INFO - [2026-09-17T20:10:18.666+0000] {dag.py:4180} INFO - Setting next_dagrun for example_branch_dop_operator_v3 to 2026-09-17 20:09:00+00:00, run_after=2026-09-17 20:10:00+00:00
[2026-09-17T20:10:18.688+0000] {processor.py:208} INFO - Processing /home/airflow/.local/lib/python3.12/site-packages/airflow/example_dags/example_branch_python_dop_operator_3.py took 0.102 seconds
[2026-09-17T20:10:49.655+0000] {processor.py:186} INFO - Started process (PID=220) to work on /home/airflow/.local/lib/python3.12/site-packages/airflow/example_dags/example_branch_python_dop_operator_3.py
[2026-09-17T20:10:49.657+0000] {processor.py:914} INFO - Processing file /home/airflow/.local/lib/python3.12/site-packages/airflow/example_dags/example_branch_python_dop_operator_3.py for tasks to queue
[2026-09-17T20:10:49.660+0000] {logging_mixin.py:190} INFO - [2026-09-17T20:10:49.659+0000] {dagbag.py:588} INFO - Filling up the DagBag from /home/airflow/.local/lib/python3.12/site-packages/airflow/example_dags/example_branch_python_dop_operator_3.py
[2026-09-17T20:10:49.673+0000] {processor.py:925} INFO - DAG(s) 'example_branch_dop_operator_v3' retrieved from /home/airflow/.local/lib/python3.12/site-packages/airflow/example_dags/example_branch_python_dop_operator_3.py
[2026-09-17T20:10:49.708+0000] {logging_mixin.py:190} INFO - [2026-09-17T20:10:49.707+0000] {dag.py:3239} INFO - Sync 1 DAGs
[2026-09-17T20:10:49.743+0000] {logging_mixin.py:190} INFO - [2026-09-17T20:10:49.743+0000] {dag.py:4180} INFO - Setting next_dagrun for example_branch_dop_operator_v3 to 2026-09-17 20:09:00+00:00, run_after=2026-09-17 20:10:00+00:00
[2026-09-17T20:10:49.769+0000] {processor.py:208} INFO - Processing /home/airflow/.local/lib/python3.12/site-packages/airflow/example_dags/example_branch_python_dop_operator_3.py took 0.120 seconds
[2026-09-17T20:11:20.758+0000] {processor.py:186} INFO - Started process (PID=285) to work on /home/airflow/.local/lib/python3.12/site-packages/airflow/example_dags/example_branch_python_dop_operator_3.py
[2026-09-17T20:11:20.761+0000] {processor.py:914} INFO - Processing file /home/airflow/.local/lib/python3.12/site-packages/airflow/example_dags/example_branch_python_dop_operator_3.py for tasks to queue
[2026-09-17T20:11:20.765+0000] {logging_mixin.py:190} INFO - [2026-09-17T20:11:20.765+0000] {dagbag.py:588} INFO - Filling up the DagBag from /home/airflow/.local/lib/python3.12/site-packages/airflow/example_dags/example_branch_python_dop_operator_3.py
[2026-09-17T20:11:20.781+0000] {processor.py:925} INFO - DAG(s) 'example_branch_dop_operator_v3' retrieved from /home/airflow/.local/lib/python3.12/site-packages/airflow/example_dags/example_branch_python_dop_operator_3.py
[2026-09-17T20:11:20.819+0000] {logging_mixin.py:190} INFO - [2026-09-17T20:11:20.818+0000] {dag.py:3239} INFO - Sync 1 DAGs
[2026-09-17T20:11:20.858+0000] {logging_mixin.py:190} INFO - [2026-09-17T20:11:20.857+0000] {dag.py:4180} INFO - Setting next_dagrun for example_branch_dop_operator_v3 to 2026-09-17 20:10:00+00:00, run_after=2026-09-17 20:11:00+00:00
[2026-09-17T20:11:20.892+0000] {processor.py:208} INFO - Processing /home/airflow/.local/lib/python3.12/site-packages/airflow/example_dags/example_branch_python_dop_operator_3.py took 0.144 seconds
[2026-09-17T20:11:52.183+0000] {processor.py:186} INFO - Started process (PID=350) to work on /home/airflow/.local/lib/python3.12/site-packages/airflow/example_dags/example_branch_python_dop_operator_3.py
[2026-09-17T20:11:52.185+0000] {processor.py:914} INFO - Processing file /home/airflow/.local/lib/python3.12/site-packages/airflow/example_dags/example_branch_python_dop_operator_3.py for tasks to queue
[2026-09-17T20:11:52.187+0000] {logging_mixin.py:190} INFO - [2026-09-17T20:11:52.187+0000] {dagbag.py:588} INFO - Filling up the DagBag from /home/airflow/.local/lib/python3.12/site-packages/airflow/example_dags/example_branch_python_dop_operator_3.py
[2026-09-17T20:11:52.200+0000] {processor.py:925} INFO - DAG(s) 'example_branch_dop_operator_v3' retrieved from /home/airflow/.local/lib/python3.12/site-packages/airflow/example_dags/example_branch_python_dop_operator_3.py
[2026-09-17T20:11:52.229+0000] {logging_mixin.py:190} INFO - [2026-09-17T20:11:52.229+0000] {dag.py:3239} INFO - Sync 1 DAGs
[2026-09-17T20:11:52.254+0000] {logging_mixin.py:190} INFO - [2026-09-17T20:11:52.254+0000] {dag.py:4180} INFO - Setting next_dagrun for example_branch_dop_operator_v3 to 2026-09-17 20:10:00+00:00, run_after=2026-09-17 20:11:00+00:00
[2026-09-17T20:11:52.277+0000] {processor.py:208} INFO - Processing /home/airflow/.local/lib/python3.12/site-packages/airflow/example_dags/example_branch_python_dop_operator_3.py took 0.100 seconds
[2026-09-17T20:12:23.912+0000] {processor.py:186} INFO - Started process (PID=414) to work on /home/airflow/.local/lib/python3.12/site-packages/airflow/example_dags/example_branch_python_dop_operator_3.py
[2026-09-17T20:12:23.923+0000] {processor.py:914} INFO - Processing file /home/airflow/.local/lib/python3.12/site-packages/airflow/example_dags/example_branch_python_dop_operator_3.py for tasks to queue
[2026-09-17T20:12:23.925+0000] {logging_mixin.py:190} INFO - [2026-09-17T20:12:23.925+0000] {dagbag.py:588} INFO - Filling up the DagBag from /home/airflow/.local/lib/python3.12/site-packages/airflow/example_dags/example_branch_python_dop_operator_3.py
[2026-09-17T20:12:23.938+0000] {processor.py:925} INFO - DAG(s) 'example_branch_dop_operator_v3' retrieved from /home/airflow/.local/lib/python3.12/site-packages/airflow/example_dags/example_branch_python_dop_operator_3.py
[2026-09-17T20:12:23.965+0000] {logging_mixin.py:190} INFO - [2026-09-17T20:12:23.964+0000] {dag.py:3239} INFO - Sync 1 DAGs
[2026-09-17T20:12:23.994+0000] {logging_mixin.py:190} INFO - [2026-09-17T20:12:23.994+0000] {dag.py:4180} INFO - Setting next_dagrun for example_branch_dop_operator_v3 to 2026-09-17 20:11:00+00:00, run_after=2026-09-17 20:12:00+00:00
[2026-09-17T20:12:24.023+0000] {processor.py:208} INFO - Processing /home/airflow/.local/lib/python3.12/site-packages/airflow/example_dags/example_branch_python_dop_operator_3.py took 0.117 seconds
[2026-09-17T20:12:54.949+0000] {processor.py:186} INFO - Started process (PID=472) to work on /home/airflow/.local/lib/python3.12/site-packages/airflow/example_dags/example_branch_python_dop_operator_3.py
[2026-09-17T20:12:54.951+0000] {processor.py:914} INFO - Processing file /home/airflow/.local/lib/python3.12/site-packages/airflow/example_dags/example_branch_python_dop_operator_3.py for tasks to queue
[2026-09-17T20:12:54.953+0000] {logging_mixin.py:190} INFO - [2026-09-17T20:12:54.953+0000] {dagbag.py:588} INFO - Filling up the DagBag from /home/airflow/.local/lib/python3.12/site-packages/airflow/example_dags/example_branch_python_dop_operator_3.py
[2026-09-17T20:12:54.966+0000] {processor.py:925} INFO - DAG(s) 'example_branch_dop_operator_v3' retrieved from /home/airflow/.local/lib/python3.12/site-packages/airflow/example_dags/example_branch_python_dop_operator_3.py
[2026-09-17T20:12:55.000+0000] {logging_mixin.py:190} INFO - [2026-09-17T20:12:55.000+0000] {dag.py:3239} INFO - Sync 1 DAGs
[2026-09-17T20:12:55.032+0000] {logging_mixin.py:190} INFO - [2026-09-17T20:12:55.032+0000] {dag.py:4180} INFO - Setting next_dagrun for example_branch_dop_operator_v3 to 2026-09-17 20:11:00+00:00, run_after=2026-09-17 20:12:00+00:00
[2026-09-17T20:12:55.066+0000] {processor.py:208} INFO - Processing /home/airflow/.local/lib/python3.12/site-packages/airflow/example_dags/example_branch_python_dop_operator_3.py took 0.124 seconds
[2026-09-17T20:13:25.868+0000] {processor.py:186} INFO - Started process (PID=537) to work on /home/airflow/.local/lib/python3.12/site-packages/airflow/example_dags/example_branch_python_dop_operator_3.py
[2026-09-17T20:13:25.871+0000] {processor.py:914} INFO - Processing file /home/airflow/.local/lib/python3.12/site-packages/airflow/example_dags/example_branch_python_dop_operator_3.py for tasks to queue
[2026-09-17T20:13:25.873+0000] {logging_mixin.py:190} INFO - [2026-09-17T20:13:25.872+0000] {dagbag.py:588} INFO - Filling up the DagBag from /home/airflow/.local/lib/python3.12/site-packages/airflow/example_dags/example_branch_python_dop_operator_3.py
[2026-09-17T20:13:25.884+0000] {processor.py:925} INFO - DAG(s) 'example_branch_dop_operator_v3' retrieved from /home/airflow/.local/lib/python3.12/site-packages/airflow/example_dags/example_branch_python_dop_operator_3.py
[2026-09-17T20:13:25.910+0000] {logging_mixin.py:190} INFO - [2026-09-17T20:13:25.909+0000] {dag.py:3239} INFO - Sync 1 DAGs
[2026-09-17T20:13:25.935+0000] {logging_mixin.py:190} INFO - [2026-09-17T20:13:25.935+0000] {dag.py:4180} INFO - Setting next_dagrun for example_branch_dop_operator_v3 to 2026-09-17 20:12:00+00:00, run_after=2026-09-17 20:13:00+00:00
[2026-09-17T20:13:25.955+0000] {processor.py:208} INFO - Processing /home/airflow/.local/lib/python3.12/site-packages/airflow/example_dags/example_branch_python_dop_operator_3.py took 0.094 seconds
[2026-09-17T20:13:56.934+0000] {processor.py:186} INFO - Started process (PID=602) to work on /home/airflow/.local/lib/python3.12/site-packages/airflow/example_dags/example_branch_python_dop_operator_3.py
[2026-09-17T20:13:56.936+0000] {processor.py:914} INFO - Processing file /home/airflow/.local/lib/python3.12/site-packages/airflow/example_dags/example_branch_python_dop_operator_3.py for tasks to queue
[2026-09-17T20:13:56.939+0000] {logging_mixin.py:190} INFO - [2026-09-17T20:13:56.938+0000] {dagbag.py:588} INFO - Filling up the DagBag from /home/airflow/.local/lib/python3.12/site-packages/airflow/example_dags/example_branch_python_dop_operator_3.py
[2026-09-17T20:13:56.951+0000] {processor.py:925} INFO - DAG(s) 'example_branch_dop_operator_v3' retrieved from /home/airflow/.local/lib/python3.12/site-packages/airflow/example_dags/example_branch_python_dop_operator_3.py
[2026-09-17T20:13:56.978+0000] {logging_mixin.py:190} INFO - [2026-09-17T20:13:56.978+0000] {dag.py:3239} INFO - Sync 1 DAGs
[2026-09-17T20:13:57.006+0000] {logging_mixin.py:190} INFO - [2026-09-17T20:13:57.006+0000] {dag.py:4180} INFO - Setting next_dagrun for example_branch_dop_operator_v3 to 2026-09-17 20:12:00+00:00, run_after=2026-09-17 20:13:00+00:00
[2026-09-17T20:13:57.032+0000] {processor.py:208} INFO - Processing /home/airflow/.local/lib/python3.12/site-packages/airflow/example_dags/example_branch_python_dop_operator_3.py took 0.104 seconds
[2026-09-17T20:14:28.425+0000] {processor.py:186} INFO - Started process (PID=667) to work on /home/airflow/.local/lib/python3.12/site-packages/airflow/example_dags/example_branch_python_dop_operator_3.py
[2026-09-17T20:14:28.427+0000] {processor.py:914} INFO - Processing file /home/airflow/.local/lib/python3.12/site-packages/airflow/example_dags/example_branch_python_dop_operator_3.py for tasks to queue
[2026-09-17T20:14:28.429+0000] {logging_mixin.py:190} INFO - [2026-09-17T20:14:28.429+0000] {dagbag.py:588} INFO - Filling up the DagBag from /home/airflow/.local/lib/python3.12/site-packages/airflow/example_dags/example_branch_python_dop_operator_3.py
[2026-09-17T20:14:28.442+0000] {processor.py:925} INFO - DAG(s) 'example_branch_dop_operator_v3' retrieved from /home/airflow/.local/lib/python3.12/site-packages/airflow/example_dags/example_branch_python_dop_operator_3.py
[2026-09-17T20:14:28.474+0000] {logging_mixin.py:190} INFO - [2026-09-17T20:14:28.474+0000] {dag.py:3239} INFO - Sync 1 DAGs
[2026-09-17T20:14:28.502+0000] {logging_mixin.py:190} INFO - [2026-09-17T20:14:28.502+0000] {dag.py:4180} INFO - Setting next_dagrun for example_branch_dop_operator_v3 to 2026-09-17 20:13:00+00:00, run_after=2026-09-17 20:14:00+00:00
[2026-09-17T20:14:28.530+0000] {processor.py:208} INFO - Processing /home/airflow/.local/lib/python3.12/site-packages/airflow/example_dags/example_branch_python_dop_operator_3.py took 0.111 seconds
[2026-09-17T20:14:59.483+0000] {processor.py:186} INFO - Started process (PID=731) to work on /home/airflow/.local/lib/python3.12/site-packages/airflow/example_dags/example_branch_python_dop_operator_3.py
[2026-09-17T20:14:59.485+0000] {processor.py:914} INFO - Processing file /home/airflow/.local/lib/python3.12/site-packages/airflow/example_dags/example_branch_python_dop_operator_3.py for tasks to queue
[2026-09-17T20:14:59.488+0000] {logging_mixin.py:190} INFO - [2026-09-17T20:14:59.487+0000] {dagbag.py:588} INFO - Filling up the DagBag from /home/airflow/.local/lib/python3.12/site-packages/airflow/example_dags/example_branch_python_dop_operator_3.py
[2026-09-17T20:14:59.499+0000] {processor.py:925} INFO - DAG(s) 'example_branch_dop_operator_v3' retrieved from /home/airflow/.local/lib/python3.12/site-packages/airflow/example_dags/example_branch_python_dop_operator_3.py
[2026-09-17T20:14:59.525+0000] {logging_mixin.py:190} INFO - [2026-09-17T20:14:59.525+0000] {dag.py:3239} INFO - Sync 1 DAGs
[2026-09-17T20:14:59.557+0000] {logging_mixin.py:190} INFO - [2026-09-17T20:14:59.557+0000] {dag.py:4180} INFO - Setting next_dagrun for example_branch_dop_operator_v3 to 2026-09-17 20:13:00+00:00, run_after=2026-09-17 20:14:00+00:00
[2026-09-17T20:14:59.579+0000] {processor.py:208} INFO - Processing /home/airflow/.local/lib/python3.12/site-packages/airflow/example_dags/example_branch_python_dop_operator_3.py took 0.101 seconds
[2026-09-17T20:15:30.988+0000] {processor.py:186} INFO - Started process (PID=796) to work on /home/airflow/.local/lib/python3.12/site-packages/airflow/example_dags/example_branch_python_dop_operator_3.py
[2026-09-17T20:15:30.990+0000] {processor.py:914} INFO - Processing file /home/airflow/.local/lib/python3.12/site-packages/airflow/example_dags/example_branch_python_dop_operator_3.py for tasks to queue
[2026-09-17T20:15:30.993+0000] {logging_mixin.py:190} INFO - [2026-09-17T20:15:30.993+0000] {dagbag.py:588} INFO - Filling up the DagBag from /home/airflow/.local/lib/python3.12/site-packages/airflow/example_dags/example_branch_python_dop_operator_3.py
[2026-09-17T20:15:31.007+0000] {processor.py:925} INFO - DAG(s) 'example_branch_dop_operator_v3' retrieved from /home/airflow/.local/lib/python3.12/site-packages/airflow/example_dags/example_branch_python_dop_operator_3.py
[2026-09-17T20:15:31.036+0000] {logging_mixin.py:190} INFO - [2026-09-17T20:15:31.036+0000] {dag.py:3239} INFO - Sync 1 DAGs
[2026-09-17T20:15:31.066+0000] {logging_mixin.py:190} INFO - [2026-09-17T20:15:31.066+0000] {dag.py:4180} INFO - Setting next_dagrun for example_branch_dop_operator_v3 to 2026-09-17 20:14:00+00:00, run_after=2026-09-17 20:15:00+00:00
[2026-09-17T20:15:31.091+0000] {processor.py:208} INFO - Processing /home/airflow/.local/lib/python3.12/site-packages/airflow/example_dags/example_branch_python_dop_operator_3.py took 0.109 seconds
[2026-09-17T20:16:02.489+0000] {processor.py:186} INFO - Started process (PID=862) to work on /home/airflow/.local/lib/python3.12/site-packages/airflow/example_dags/example_branch_python_dop_operator_3.py
[2026-09-17T20:16:02.492+0000] {processor.py:914} INFO - Processing file /home/airflow/.local/lib/python3.12/site-packages/airflow/example_dags/example_branch_python_dop_operator_3.py for tasks to queue
[2026-09-17T20:16:02.494+0000] {logging_mixin.py:190} INFO - [2026-09-17T20:16:02.494+0000] {dagbag.py:588} INFO - Filling up the DagBag from /home/airflow/.local/lib/python3.12/site-packages/airflow/example_dags/example_branch_python_dop_operator_3.py
[2026-09-17T20:16:02.510+0000] {processor.py:925} INFO - DAG(s) 'example_branch_dop_operator_v3' retrieved from /home/airflow/.local/lib/python3.12/site-packages/airflow/example_dags/example_branch_python_dop_operator_3.py
[2026-09-17T20:16:02.548+0000] {logging_mixin.py:190} INFO - [2026-09-17T20:16:02.548+0000] {dag.py:3239} INFO - Sync 1 DAGs
[2026-09-17T20:16:02.586+0000] {logging_mixin.py:190} INFO - [2026-09-17T20:16:02.586+0000] {dag.py:4180} INFO - Setting next_dagrun for example_branch_dop_operator_v3 to 2026-09-17 20:15:00+00:00, run_after=2026-09-17 20:16:00+00:00
[2026-09-17T20:16:02.623+0000] {processor.py:208} INFO - Processing /home/airflow/.local/lib/python3.12/site-packages/airflow/example_dags/example_branch_python_dop_operator_3.py took 0.148 seconds
[2026-09-17T20:16:33.684+0000] {processor.py:186} INFO - Started process (PID=927) to work on /home/airflow/.local/lib/python3.12/site-packages/airflow/example_dags/example_branch_python_dop_operator_3.py
[2026-09-17T20:16:33.686+0000] {processor.py:914} INFO - Processing file /home/airflow/.local/lib/python3.12/site-packages/airflow/example_dags/example_branch_python_dop_operator_3.py for tasks to queue
[2026-09-17T20:16:33.688+0000] {logging_mixin.py:190} INFO - [2026-09-17T20:16:33.687+0000] {dagbag.py:588} INFO - Filling up the DagBag from /home/airflow/.local/lib/python3.12/site-packages/airflow/example_dags/example_branch_python_dop_operator_3.py
[2026-09-17T20:16:33.699+0000] {processor.py:925} INFO - DAG(s) 'example_branch_dop_operator_v3' retrieved from /home/airflow/.local/lib/python3.12/site-packages/airflow/example_dags/example_branch_python_dop_operator_3.py
[2026-09-17T20:16:33.727+0000] {logging_mixin.py:190} INFO - [2026-09-17T20:16:33.727+0000] {dag.py:3239} INFO - Sync 1 DAGs
[2026-09-17T20:16:33.755+0000] {logging_mixin.py:190} INFO - [2026-09-17T20:16:33.755+0000] {dag.py:4180} INFO - Setting next_dagrun for example_branch_dop_operator_v3 to 2026-09-17 20:15:00+00:00, run_after=2026-09-17 20:16:00+00:00
[2026-09-17T20:16:33.778+0000] {processor.py:208} INFO - Processing /home/airflow/.local/lib/python3.12/site-packages/airflow/example_dags/example_branch_python_dop_operator_3.py took 0.100 seconds
[2026-09-17T20:17:04.964+0000] {processor.py:186} INFO - Started process (PID=992) to work on /home/airflow/.local/lib/python3.12/site-packages/airflow/example_dags/example_branch_python_dop_operator_3.py
[2026-09-17T20:17:04.966+0000] {processor.py:914} INFO - Processing file /home/airflow/.local/lib/python3.12/site-packages/airflow/example_dags/example_branch_python_dop_operator_3.py for tasks to queue
[2026-09-17T20:17:04.968+0000] {logging_mixin.py:190} INFO - [2026-09-17T20:17:04.968+0000] {dagbag.py:588} INFO - Filling up the DagBag from /home/airflow/.local/lib/python3.12/site-packages/airflow/example_dags/example_branch_python_dop_operator_3.py
[2026-09-17T20:17:04.979+0000] {processor.py:925} INFO - DAG(s) 'example_branch_dop_operator_v3' retrieved from /home/airflow/.local/lib/python3.12/site-packages/airflow/example_dags/example_branch_python_dop_operator_3.py
[2026-09-17T20:17:05.005+0000] {logging_mixin.py:190} INFO - [2026-09-17T20:17:05.005+0000] {dag.py:3239} INFO - Sync 1 DAGs
[2026-09-17T20:17:05.033+0000] {logging_mixin.py:190} INFO - [2026-09-17T20:17:05.033+0000] {dag.py:4180} INFO - Setting next_dagrun for example_branch_dop_operator_v3 to 2026-09-17 20:16:00+00:00, run_after=2026-09-17 20:17:00+00:00
[2026-09-17T20:17:05.057+0000] {processor.py:208} INFO - Processing /home/airflow/.local/lib/python3.12/site-packages/airflow/example_dags/example_branch_python_dop_operator_3.py took 0.100 seconds
[2026-09-17T20:17:36.125+0000] {processor.py:186} INFO - Started process (PID=1057) to work on /home/airflow/.local/lib/python3.12/site-packages/airflow/example_dags/example_branch_python_dop_operator_3.py
[2026-09-17T20:17:36.128+0000] {processor.py:914} INFO - Processing file /home/airflow/.local/lib/python3.12/site-packages/airflow/example_dags/example_branch_python_dop_operator_3.py for tasks to queue
[2026-09-17T20:17:36.130+0000] {logging_mixin.py:190} INFO - [2026-09-17T20:17:36.129+0000] {dagbag.py:588} INFO - Filling up the DagBag from /home/airflow/.local/lib/python3.12/site-packages/airflow/example_dags/example_branch_python_dop_operator_3.py
[2026-09-17T20:17:36.142+0000] {processor.py:925} INFO - DAG(s) 'example_branch_dop_operator_v3' retrieved from /home/airflow/.local/lib/python3.12/site-packages/airflow/example_dags/example_branch_python_dop_operator_3.py
[2026-09-17T20:17:36.170+0000] {logging_mixin.py:190} INFO - [2026-09-17T20:17:36.170+0000] {dag.py:3239} INFO - Sync 1 DAGs
[2026-09-17T20:17:36.199+0000] {logging_mixin.py:190} INFO - [2026-09-17T20:17:36.198+0000] {dag.py:4180} INFO - Setting next_dagrun for example_branch_dop_operator_v3 to 2026-09-17 20:16:00+00:00, run_after=2026-09-17 20:17:00+00:00
[2026-09-17T20:17:36.222+0000] {processor.py:208} INFO - Processing /home/airflow/.local/lib/python3.12/site-packages/airflow/example_dags/example_branch_python_dop_operator_3.py took 0.103 seconds
[2026-09-17T20:18:06.975+0000] {processor.py:186} INFO - Started process (PID=1121) to work on /home/airflow/.local/lib/python3.12/site-packages/airflow/example_dags/example_branch_python_dop_operator_3.py
[2026-09-17T20:18:06.977+0000] {processor.py:914} INFO - Processing file /home/airflow/.local/lib/python3.12/site-packages/airflow/example_dags/example_branch_python_dop_operator_3.py for tasks to queue
[2026-09-17T20:18:06.979+0000] {logging_mixin.py:190} INFO - [2026-09-17T20:18:06.979+0000] {dagbag.py:588} INFO - Filling up the DagBag from /home/airflow/.local/lib/python3.12/site-packages/airflow/example_dags/example_branch_python_dop_operator_3.py
[2026-09-17T20:18:06.993+0000] {processor.py:925} INFO - DAG(s) 'example_branch_dop_operator_v3' retrieved from /home/airflow/.local/lib/python3.12/site-packages/airflow/example_dags/example_branch_python_dop_operator_3.py
[2026-09-17T20:18:07.027+0000] {logging_mixin.py:190} INFO - [2026-09-17T20:18:07.027+0000] {dag.py:3239} INFO - Sync 1 DAGs
[2026-09-17T20:18:07.059+0000] {logging_mixin.py:190} INFO - [2026-09-17T20:18:07.059+0000] {dag.py:4180} INFO - Setting next_dagrun for example_branch_dop_operator_v3 to 2026-09-17 20:17:00+00:00, run_after=2026-09-17 20:18:00+00:00
[2026-09-17T20:18:07.086+0000] {processor.py:208} INFO - Processing /home/airflow/.local/lib/python3.12/site-packages/airflow/example_dags/example_branch_python_dop_operator_3.py took 0.119 seconds
[2026-09-17T20:18:37.521+0000] {processor.py:186} INFO - Started process (PID=1186) to work on /home/airflow/.local/lib/python3.12/site-packages/airflow/example_dags/example_branch_python_dop_operator_3.py
[2026-09-17T20:18:37.523+0000] {processor.py:914} INFO - Processing file /home/airflow/.local/lib/python3.12/site-packages/airflow/example_dags/example_branch_python_dop_operator_3.py for tasks to queue
[2026-09-17T20:18:37.525+0000] {logging_mixin.py:190} INFO - [2026-09-17T20:18:37.525+0000] {dagbag.py:588} INFO - Filling up the DagBag from /home/airflow/.local/lib/python3.12/site-packages/airflow/example_dags/example_branch_python_dop_operator_3.py
[2026-09-17T20:18:37.538+0000] {processor.py:925} INFO - DAG(s) 'example_branch_dop_operator_v3' retrieved from /home/airflow/.local/lib/python3.12/site-packages/airflow/example_dags/example_branch_python_dop_operator_3.py
[2026-09-17T20:18:37.567+0000] {logging_mixin.py:190} INFO - [2026-09-17T20:18:37.567+0000] {dag.py:3239} INFO - Sync 1 DAGs
[2026-09-17T20:18:37.598+0000] {logging_mixin.py:190} INFO - [2026-09-17T20:18:37.597+0000] {dag.py:4180} INFO - Setting next_dagrun for example_branch_dop_operator_v3 to 2026-09-17 20:17:00+00:00, run_after=2026-09-17 20:18:00+00:00
[2026-09-17T20:18:37.621+0000] {processor.py:208} INFO - Processing /home/airflow/.local/lib/python3.12/site-packages/airflow/example_dags/example_branch_python_dop_operator_3.py took 0.106 seconds
[2026-09-17T20:19:08.257+0000] {processor.py:186} INFO - Started process (PID=1251) to work on /home/airflow/.local/lib/python3.12/site-packages/airflow/example_dags/example_branch_python_dop_operator_3.py
[2026-09-17T20:19:08.259+0000] {processor.py:914} INFO - Processing file /home/airflow/.local/lib/python3.12/site-packages/airflow/example_dags/example_branch_python_dop_operator_3.py for tasks to queue
[2026-09-17T20:19:08.262+0000] {logging_mixin.py:190} INFO - [2026-09-17T20:19:08.262+0000] {dagbag.py:588} INFO - Filling up the DagBag from /home/airflow/.local/lib/python3.12/site-packages/airflow/example_dags/example_branch_python_dop_operator_3.py
[2026-09-17T20:19:08.274+0000] {processor.py:925} INFO - DAG(s) 'example_branch_dop_operator_v3' retrieved from /home/airflow/.local/lib/python3.12/site-packages/airflow/example_dags/example_branch_python_dop_operator_3.py
[2026-09-17T20:19:08.303+0000] {logging_mixin.py:190} INFO - [2026-09-17T20:19:08.302+0000] {dag.py:3239} INFO - Sync 1 DAGs
[2026-09-17T20:19:08.331+0000] {logging_mixin.py:190} INFO - [2026-09-17T20:19:08.331+0000] {dag.py:4180} INFO - Setting next_dagrun for example_branch_dop_operator_v3 to 2026-09-17 20:18:00+00:00, run_after=2026-09-17 20:19:00+00:00
[2026-09-17T20:19:08.353+0000] {processor.py:208} INFO - Processing /home/airflow/.local/lib/python3.12/site-packages/airflow/example_dags/example_branch_python_dop_operator_3.py took 0.103 seconds
[2026-09-17T20:19:38.499+0000] {processor.py:186} INFO - Started process (PID=1314) to work on /home/airflow/.local/lib/python3.12/site-packages/airflow/example_dags/example_branch_python_dop_operator_3.py
[2026-09-17T20:19:38.501+0000] {processor.py:914} INFO - Processing file /home/airflow/.local/lib/python3.12/site-packages/airflow/example_dags/example_branch_python_dop_operator_3.py for tasks to queue
[2026-09-17T20:19:38.504+0000] {logging_mixin.py:190} INFO - [2026-09-17T20:19:38.503+0000] {dagbag.py:588} INFO - Filling up the DagBag from /home/airflow/.local/lib/python3.12/site-packages/airflow/example_dags/example_branch_python_dop_operator_3.py
[2026-09-17T20:19:38.515+0000] {processor.py:925} INFO - DAG(s) 'example_branch_dop_operator_v3' retrieved from /home/airflow/.local/lib/python3.12/site-packages/airflow/example_dags/example_branch_python_dop_operator_3.py
[2026-09-17T20:19:38.541+0000] {logging_mixin.py:190} INFO - [2026-09-17T20:19:38.541+0000] {dag.py:3239} INFO - Sync 1 DAGs
[2026-09-17T20:19:38.573+0000] {logging_mixin.py:190} INFO - [2026-09-17T20:19:38.572+0000] {dag.py:4180} INFO - Setting next_dagrun for example_branch_dop_operator_v3 to 2026-09-17 20:18:00+00:00, run_after=2026-09-17 20:19:00+00:00
[2026-09-17T20:19:38.601+0000] {processor.py:208} INFO - Processing /home/airflow/.local/lib/python3.12/site-packages/airflow/example_dags/example_branch_python_dop_operator_3.py took 0.107 seconds
[2026-09-17T20:20:08.696+0000] {processor.py:186} INFO - Started process (PID=1372) to work on /home/airflow/.local/lib/python3.12/site-packages/airflow/example_dags/example_branch_python_dop_operator_3.py
[2026-09-17T20:20:08.698+0000] {processor.py:914} INFO - Processing file /home/airflow/.local/lib/python3.12/site-packages/airflow/example_dags/example_branch_python_dop_operator_3.py for tasks to queue
[2026-09-17T20:20:08.700+0000] {logging_mixin.py:190} INFO - [2026-09-17T20:20:08.700+0000] {dagbag.py:588} INFO - Filling up the DagBag from /home/airflow/.local/lib/python3.12/site-packages/airflow/example_dags/example_branch_python_dop_operator_3.py
[2026-09-17T20:20:08.711+0000] {processor.py:925} INFO - DAG(s) 'example_branch_dop_operator_v3' retrieved from /home/airflow/.local/lib/python3.12/site-packages/airflow/example_dags/example_branch_python_dop_operator_3.py
[2026-09-17T20:20:08.737+0000] {logging_mixin.py:190} INFO - [2026-09-17T20:20:08.737+0000] {dag.py:3239} INFO - Sync 1 DAGs
[2026-09-17T20:20:08.764+0000] {logging_mixin.py:190} INFO - [2026-09-17T20:20:08.764+0000] {dag.py:4180} INFO - Setting next_dagrun for example_branch_dop_operator_v3 to 2026-09-17 20:19:00+00:00, run_after=2026-09-17 20:20:00+00:00
[2026-09-17T20:20:08.785+0000] {processor.py:208} INFO - Processing /home/airflow/.local/lib/python3.12/site-packages/airflow/example_dags/example_branch_python_dop_operator_3.py took 0.095 seconds
[2026-09-17T20:20:38.845+0000] {processor.py:186} INFO - Started process (PID=1437) to work on /home/airflow/.local/lib/python3.12/site-packages/airflow/example_dags/example_branch_python_dop_operator_3.py
[2026-09-17T20:20:38.846+0000] {processor.py:914} INFO - Processing file /home/airflow/.local/lib/python3.12/site-packages/airflow/example_dags/example_branch_python_dop_operator_3.py for tasks to queue
[2026-09-17T20:20:38.849+0000] {logging_mixin.py:190} INFO - [2026-09-17T20:20:38.848+0000] {dagbag.py:588} INFO - Filling up the DagBag from /home/airflow/.local/lib/python3.12/site-packages/airflow/example_dags/example_branch_python_dop_operator_3.py
[2026-09-17T20:20:38.860+0000] {processor.py:925} INFO - DAG(s) 'example_branch_dop_operator_v3' retrieved from /home/airflow/.local/lib/python3.12/site-packages/airflow/example_dags/example_branch_python_dop_operator_3.py
[2026-09-17T20:20:38.885+0000] {logging_mixin.py:190} INFO - [2026-09-17T20:20:38.885+0000] {dag.py:3239} INFO - Sync 1 DAGs
[2026-09-17T20:20:38.911+0000] {logging_mixin.py:190} INFO - [2026-09-17T20:20:38.911+0000] {dag.py:4180} INFO - Setting next_dagrun for example_branch_dop_operator_v3 to 2026-09-17 20:19:00+00:00, run_after=2026-09-17 20:20:00+00:00
[2026-09-17T20:20:38.931+0000] {processor.py:208} INFO - Processing /home/airflow/.local/lib/python3.12/site-packages/airflow/example_dags/example_branch_python_dop_operator_3.py took 0.093 seconds
[2026-09-17T20:21:09.824+0000] {processor.py:186} INFO - Started process (PID=1502) to work on /home/airflow/.local/lib/python3.12/site-packages/airflow/example_dags/example_branch_python_dop_operator_3.py
[2026-09-17T20:21:09.826+0000] {processor.py:914} INFO - Processing file /home/airflow/.local/lib/python3.12/site-packages/airflow/example_dags/example_branch_python_dop_operator_3.py for tasks to queue
[2026-09-17T20:21:09.829+0000] {logging_mixin.py:190} INFO - [2026-09-17T20:21:09.829+0000] {dagbag.py:588} INFO - Filling up the DagBag from /home/airflow/.local/lib/python3.12/site-packages/airflow/example_dags/example_branch_python_dop_operator_3.py
[2026-09-17T20:21:09.842+0000] {processor.py:925} INFO - DAG(s) 'example_branch_dop_operator_v3' retrieved from /home/airflow/.local/lib/python3.12/site-packages/airflow/example_dags/example_branch_python_dop_operator_3.py
[2026-09-17T20:21:09.867+0000] {logging_mixin.py:190} INFO - [2026-09-17T20:21:09.867+0000] {dag.py:3239} INFO - Sync 1 DAGs
[2026-09-17T20:21:09.893+0000] {logging_mixin.py:190} INFO - [2026-09-17T20:21:09.893+0000] {dag.py:4180} INFO - Setting next_dagrun for example_branch_dop_operator_v3 to 2026-09-17 20:20:00+00:00, run_after=2026-09-17 20:21:00+00:00
[2026-09-17T20:21:09.914+0000] {processor.py:208} INFO - Processing /home/airflow/.local/lib/python3.12/site-packages/airflow/example_dags/example_branch_python_dop_operator_3.py took 0.099 seconds
[2026-09-17T20:21:41.170+0000] {processor.py:186} INFO - Started process (PID=1567) to work on /home/airflow/.local/lib/python3.12/site-packages/airflow/example_dags/example_branch_python_dop_operator_3.py
[2026-09-17T20:21:41.172+0000] {processor.py:914} INFO - Processing file /home/airflow/.local/lib/python3.12/site-packages/airflow/example_dags/example_branch_python_dop_operator_3.py for tasks to queue
[2026-09-17T20:21:41.175+0000] {logging_mixin.py:190} INFO - [2026-09-17T20:21:41.174+0000] {dagbag.py:588} INFO - Filling up the DagBag from /home/airflow/.local/lib/python3.12/site-packages/airflow/example_dags/example_branch_python_dop_operator_3.py
[2026-09-17T20:21:41.187+0000] {processor.py:925} INFO - DAG(s) 'example_branch_dop_operator_v3' retrieved from /home/airflow/.local/lib/python3.12/site-packages/airflow/example_dags/example_branch_python_dop_operator_3.py
[2026-09-17T20:21:41.215+0000] {logging_mixin.py:190} INFO - [2026-09-17T20:21:41.215+0000] {dag.py:3239} INFO - Sync 1 DAGs
[2026-09-17T20:21:41.246+0000] {logging_mixin.py:190} INFO - [2026-09-17T20:21:41.246+0000] {dag.py:4180} INFO - Setting next_dagrun for example_branch_dop_operator_v3 to 2026-09-17 20:20:00+00:00, run_after=2026-09-17 20:21:00+00:00
[2026-09-17T20:21:41.269+0000] {processor.py:208} INFO - Processing /home/airflow/.local/lib/python3.12/site-packages/airflow/example_dags/example_branch_python_dop_operator_3.py took 0.105 seconds
[2026-09-17T20:22:12.833+0000] {processor.py:186} INFO - Started process (PID=1633) to work on /home/airflow/.local/lib/python3.12/site-packages/airflow/example_dags/example_branch_python_dop_operator_3.py
[2026-09-17T20:22:12.835+0000] {processor.py:914} INFO - Processing file /home/airflow/.local/lib/python3.12/site-packages/airflow/example_dags/example_branch_python_dop_operator_3.py for tasks to queue
[2026-09-17T20:22:12.837+0000] {logging_mixin.py:190} INFO - [2026-09-17T20:22:12.837+0000] {dagbag.py:588} INFO - Filling up the DagBag from /home/airflow/.local/lib/python3.12/site-packages/airflow/example_dags/example_branch_python_dop_operator_3.py
[2026-09-17T20:22:12.850+0000] {processor.py:925} INFO - DAG(s) 'example_branch_dop_operator_v3' retrieved from /home/airflow/.local/lib/python3.12/site-packages/airflow/example_dags/example_branch_python_dop_operator_3.py
[2026-09-17T20:22:12.877+0000] {logging_mixin.py:190} INFO - [2026-09-17T20:22:12.877+0000] {dag.py:3239} INFO - Sync 1 DAGs
[2026-09-17T20:22:12.907+0000] {logging_mixin.py:190} INFO - [2026-09-17T20:22:12.907+0000] {dag.py:4180} INFO - Setting next_dagrun for example_branch_dop_operator_v3 to 2026-09-17 20:21:00+00:00, run_after=2026-09-17 20:22:00+00:00
[2026-09-17T20:22:12.931+0000] {processor.py:208} INFO - Processing /home/airflow/.local/lib/python3.12/site-packages/airflow/example_dags/example_branch_python_dop_operator_3.py took 0.104 seconds
[2026-09-17T20:22:44.559+0000] {processor.py:186} INFO - Started process (PID=1698) to work on /home/airflow/.local/lib/python3.12/site-packages/airflow/example_dags/example_branch_python_dop_operator_3.py
[2026-09-17T20:22:44.561+0000] {processor.py:914} INFO - Processing file /home/airflow/.local/lib/python3.12/site-packages/airflow/example_dags/example_branch_python_dop_operator_3.py for tasks to queue
[2026-09-17T20:22:44.563+0000] {logging_mixin.py:190} INFO - [2026-09-17T20:22:44.563+0000] {dagbag.py:588} INFO - Filling up the DagBag from /home/airflow/.local/lib/python3.12/site-packages/airflow/example_dags/example_branch_python_dop_operator_3.py
[2026-09-17T20:22:44.575+0000] {processor.py:925} INFO - DAG(s) 'example_branch_dop_operator_v3' retrieved from /home/airflow/.local/lib/python3.12/site-packages/airflow/example_dags/example_branch_python_dop_operator_3.py
[2026-09-17T20:22:44.601+0000] {logging_mixin.py:190} INFO - [2026-09-17T20:22:44.601+0000] {dag.py:3239} INFO - Sync 1 DAGs
[2026-09-17T20:22:44.629+0000] {logging_mixin.py:190} INFO - [2026-09-17T20:22:44.629+0000] {dag.py:4180} INFO - Setting next_dagrun for example_branch_dop_operator_v3 to 2026-09-17 20:21:00+00:00, run_after=2026-09-17 20:22:00+00:00
[2026-09-17T20:22:44.657+0000] {processor.py:208} INFO - Processing /home/airflow/.local/lib/python3.12/site-packages/airflow/example_dags/example_branch_python_dop_operator_3.py took 0.104 seconds
[2026-09-17T20:23:15.976+0000] {processor.py:186} INFO - Started process (PID=1763) to work on /home/airflow/.local/lib/python3.12/site-packages/airflow/example_dags/example_branch_python_dop_operator_3.py
[2026-09-17T20:23:15.979+0000] {processor.py:914} INFO - Processing file /home/airflow/.local/lib/python3.12/site-packages/airflow/example_dags/example_branch_python_dop_operator_3.py for tasks to queue
[2026-09-17T20:23:15.981+0000] {logging_mixin.py:190} INFO - [2026-09-17T20:23:15.981+0000] {dagbag.py:588} INFO - Filling up the DagBag from /home/airflow/.local/lib/python3.12/site-packages/airflow/example_dags/example_branch_python_dop_operator_3.py
[2026-09-17T20:23:15.995+0000] {processor.py:925} INFO - DAG(s) 'example_branch_dop_operator_v3' retrieved from /home/airflow/.local/lib/python3.12/site-packages/airflow/example_dags/example_branch_python_dop_operator_3.py
[2026-09-17T20:23:16.023+0000] {logging_mixin.py:190} INFO - [2026-09-17T20:23:16.023+0000] {dag.py:3239} INFO - Sync 1 DAGs
[2026-09-17T20:23:16.050+0000] {logging_mixin.py:190} INFO - [2026-09-17T20:23:16.049+0000] {dag.py:4180} INFO - Setting next_dagrun for example_branch_dop_operator_v3 to 2026-09-17 20:22:00+00:00, run_after=2026-09-17 20:23:00+00:00
[2026-09-17T20:23:16.074+0000] {processor.py:208} INFO - Processing /home/airflow/.local/lib/python3.12/site-packages/airflow/example_dags/example_branch_python_dop_operator_3.py took 0.104 seconds
[2026-09-17T20:23:47.382+0000] {processor.py:186} INFO - Started process (PID=1828) to work on /home/airflow/.local/lib/python3.12/site-packages/airflow/example_dags/example_branch_python_dop_operator_3.py
[2026-09-17T20:23:47.385+0000] {processor.py:914} INFO - Processing file /home/airflow/.local/lib/python3.12/site-packages/airflow/example_dags/example_branch_python_dop_operator_3.py for tasks to queue
[2026-09-17T20:23:47.387+0000] {logging_mixin.py:190} INFO - [2026-09-17T20:23:47.387+0000] {dagbag.py:588} INFO - Filling up the DagBag from /home/airflow/.local/lib/python3.12/site-packages/airflow/example_dags/example_branch_python_dop_operator_3.py
[2026-09-17T20:23:47.400+0000] {processor.py:925} INFO - DAG(s) 'example_branch_dop_operator_v3' retrieved from /home/airflow/.local/lib/python3.12/site-packages/airflow/example_dags/example_branch_python_dop_operator_3.py
[2026-09-17T20:23:47.429+0000] {logging_mixin.py:190} INFO - [2026-09-17T20:23:47.428+0000] {dag.py:3239} INFO - Sync 1 DAGs
[2026-09-17T20:23:47.463+0000] {logging_mixin.py:190} INFO - [2026-09-17T20:23:47.463+0000] {dag.py:4180} INFO - Setting next_dagrun for example_branch_dop_operator_v3 to 2026-09-17 20:22:00+00:00, run_after=2026-09-17 20:23:00+00:00
[2026-09-17T20:23:47.488+0000] {processor.py:208} INFO - Processing /home/airflow/.local/lib/python3.12/site-packages/airflow/example_dags/example_branch_python_dop_operator_3.py took 0.111 seconds
[2026-09-17T20:24:19.113+0000] {processor.py:186} INFO - Started process (PID=1893) to work on /home/airflow/.local/lib/python3.12/site-packages/airflow/example_dags/example_branch_python_dop_operator_3.py
[2026-09-17T20:24:19.115+0000] {processor.py:914} INFO - Processing file /home/airflow/.local/lib/python3.12/site-packages/airflow/example_dags/example_branch_python_dop_operator_3.py for tasks to queue
[2026-09-17T20:24:19.117+0000] {logging_mixin.py:190} INFO - [2026-09-17T20:24:19.117+0000] {dagbag.py:588} INFO - Filling up the DagBag from /home/airflow/.local/lib/python3.12/site-packages/airflow/example_dags/example_branch_python_dop_operator_3.py
[2026-09-17T20:24:19.128+0000] {processor.py:925} INFO - DAG(s) 'example_branch_dop_operator_v3' retrieved from /home/airflow/.local/lib/python3.12/site-packages/airflow/example_dags/example_branch_python_dop_operator_3.py
[2026-09-17T20:24:19.155+0000] {logging_mixin.py:190} INFO - [2026-09-17T20:24:19.154+0000] {dag.py:3239} INFO - Sync 1 DAGs
[2026-09-17T20:24:19.185+0000] {logging_mixin.py:190} INFO - [2026-09-17T20:24:19.185+0000] {dag.py:4180} INFO - Setting next_dagrun for example_branch_dop_operator_v3 to 2026-09-17 20:23:00+00:00, run_after=2026-09-17 20:24:00+00:00
[2026-09-17T20:24:19.210+0000] {processor.py:208} INFO - Processing /home/airflow/.local/lib/python3.12/site-packages/airflow/example_dags/example_branch_python_dop_operator_3.py took 0.103 seconds
[2026-09-17T20:24:50.601+0000] {processor.py:186} INFO - Started process (PID=1958) to work on /home/airflow/.local/lib/python3.12/site-packages/airflow/example_dags/example_branch_python_dop_operator_3.py
[2026-09-17T20:24:50.603+0000] {processor.py:914} INFO - Processing file /home/airflow/.local/lib/python3.12/site-packages/airflow/example_dags/example_branch_python_dop_operator_3.py for tasks to queue
[2026-09-17T20:24:50.605+0000] {logging_mixin.py:190} INFO - [2026-09-17T20:24:50.604+0000] {dagbag.py:588} INFO - Filling up the DagBag from /home/airflow/.local/lib/python3.12/site-packages/airflow/example_dags/example_branch_python_dop_operator_3.py
[2026-09-17T20:24:50.621+0000] {processor.py:925} INFO - DAG(s) 'example_branch_dop_operator_v3' retrieved from /home/airflow/.local/lib/python3.12/site-packages/airflow/example_dags/example_branch_python_dop_operator_3.py
[2026-09-17T20:24:50.656+0000] {logging_mixin.py:190} INFO - [2026-09-17T20:24:50.656+0000] {dag.py:3239} INFO - Sync 1 DAGs
[2026-09-17T20:24:50.697+0000] {logging_mixin.py:190} INFO - [2026-09-17T20:24:50.697+0000] {dag.py:4180} INFO - Setting next_dagrun for example_branch_dop_operator_v3 to 2026-09-17 20:23:00+00:00, run_after=2026-09-17 20:24:00+00:00
[2026-09-17T20:24:50.730+0000] {processor.py:208} INFO - Processing /home/airflow/.local/lib/python3.12/site-packages/airflow/example_dags/example_branch_python_dop_operator_3.py took 0.137 seconds
[2026-09-17T20:25:21.768+0000] {processor.py:186} INFO - Started process (PID=2023) to work on /home/airflow/.local/lib/python3.12/site-packages/airflow/example_dags/example_branch_python_dop_operator_3.py
[2026-09-17T20:25:21.771+0000] {processor.py:914} INFO - Processing file /home/airflow/.local/lib/python3.12/site-packages/airflow/example_dags/example_branch_python_dop_operator_3.py for tasks to queue
[2026-09-17T20:25:21.773+0000] {logging_mixin.py:190} INFO - [2026-09-17T20:25:21.773+0000] {dagbag.py:588} INFO - Filling up the DagBag from /home/airflow/.local/lib/python3.12/site-packages/airflow/example_dags/example_branch_python_dop_operator_3.py
[2026-09-17T20:25:21.789+0000] {processor.py:925} INFO - DAG(s) 'example_branch_dop_operator_v3' retrieved from /home/airflow/.local/lib/python3.12/site-packages/airflow/example_dags/example_branch_python_dop_operator_3.py
[2026-09-17T20:25:21.830+0000] {logging_mixin.py:190} INFO - [2026-09-17T20:25:21.829+0000] {dag.py:3239} INFO - Sync 1 DAGs
[2026-09-17T20:25:21.877+0000] {logging_mixin.py:190} INFO - [2026-09-17T20:25:21.876+0000] {dag.py:4180} INFO - Setting next_dagrun for example_branch_dop_operator_v3 to 2026-09-17 20:24:00+00:00, run_after=2026-09-17 20:25:00+00:00
[2026-09-17T20:25:21.911+0000] {processor.py:208} INFO - Processing /home/airflow/.local/lib/python3.12/site-packages/airflow/example_dags/example_branch_python_dop_operator_3.py took 0.148 seconds
[2026-09-17T20:25:54.321+0000] {processor.py:186} INFO - Started process (PID=2091) to work on /home/airflow/.local/lib/python3.12/site-packages/airflow/example_dags/example_branch_python_dop_operator_3.py
[2026-09-17T20:25:54.323+0000] {processor.py:914} INFO - Processing file /home/airflow/.local/lib/python3.12/site-packages/airflow/example_dags/example_branch_python_dop_operator_3.py for tasks to queue
[2026-09-17T20:25:54.325+0000] {logging_mixin.py:190} INFO - [2026-09-17T20:25:54.325+0000] {dagbag.py:588} INFO - Filling up the DagBag from /home/airflow/.local/lib/python3.12/site-packages/airflow/example_dags/example_branch_python_dop_operator_3.py
[2026-09-17T20:25:54.337+0000] {processor.py:925} INFO - DAG(s) 'example_branch_dop_operator_v3' retrieved from /home/airflow/.local/lib/python3.12/site-packages/airflow/example_dags/example_branch_python_dop_operator_3.py
[2026-09-17T20:25:54.367+0000] {logging_mixin.py:190} INFO - [2026-09-17T20:25:54.367+0000] {dag.py:3239} INFO - Sync 1 DAGs
[2026-09-17T20:25:54.398+0000] {logging_mixin.py:190} INFO - [2026-09-17T20:25:54.397+0000] {dag.py:4180} INFO - Setting next_dagrun for example_branch_dop_operator_v3 to 2026-09-17 20:24:00+00:00, run_after=2026-09-17 20:25:00+00:00
[2026-09-17T20:25:54.422+0000] {processor.py:208} INFO - Processing /home/airflow/.local/lib/python3.12/site-packages/airflow/example_dags/example_branch_python_dop_operator_3.py took 0.106 seconds
[2026-09-17T20:26:25.172+0000] {processor.py:186} INFO - Started process (PID=2156) to work on /home/airflow/.local/lib/python3.12/site-packages/airflow/example_dags/example_branch_python_dop_operator_3.py
[2026-09-17T20:26:25.174+0000] {processor.py:914} INFO - Processing file /home/airflow/.local/lib/python3.12/site-packages/airflow/example_dags/example_branch_python_dop_operator_3.py for tasks to queue
[2026-09-17T20:26:25.176+0000] {logging_mixin.py:190} INFO - [2026-09-17T20:26:25.175+0000] {dagbag.py:588} INFO - Filling up the DagBag from /home/airflow/.local/lib/python3.12/site-packages/airflow/example_dags/example_branch_python_dop_operator_3.py
[2026-09-17T20:26:25.191+0000] {processor.py:925} INFO - DAG(s) 'example_branch_dop_operator_v3' retrieved from /home/airflow/.local/lib/python3.12/site-packages/airflow/example_dags/example_branch_python_dop_operator_3.py
[2026-09-17T20:26:25.221+0000] {logging_mixin.py:190} INFO - [2026-09-17T20:26:25.221+0000] {dag.py:3239} INFO - Sync 1 DAGs
[2026-09-17T20:26:25.250+0000] {logging_mixin.py:190} INFO - [2026-09-17T20:26:25.250+0000] {dag.py:4180} INFO - Setting next_dagrun for example_branch_dop_operator_v3 to 2026-09-17 20:25:00+00:00, run_after=2026-09-17 20:26:00+00:00
[2026-09-17T20:26:25.271+0000] {processor.py:208} INFO - Processing /home/airflow/.local/lib/python3.12/site-packages/airflow/example_dags/example_branch_python_dop_operator_3.py took 0.107 seconds
[2026-09-17T20:26:56.672+0000] {processor.py:186} INFO - Started process (PID=2221) to work on /home/airflow/.local/lib/python3.12/site-packages/airflow/example_dags/example_branch_python_dop_operator_3.py
[2026-09-17T20:26:56.673+0000] {processor.py:914} INFO - Processing file /home/airflow/.local/lib/python3.12/site-packages/airflow/example_dags/example_branch_python_dop_operator_3.py for tasks to queue
[2026-09-17T20:26:56.676+0000] {logging_mixin.py:190} INFO - [2026-09-17T20:26:56.675+0000] {dagbag.py:588} INFO - Filling up the DagBag from /home/airflow/.local/lib/python3.12/site-packages/airflow/example_dags/example_branch_python_dop_operator_3.py
[2026-09-17T20:26:56.688+0000] {processor.py:925} INFO - DAG(s) 'example_branch_dop_operator_v3' retrieved from /home/airflow/.local/lib/python3.12/site-packages/airflow/example_dags/example_branch_python_dop_operator_3.py
[2026-09-17T20:26:56.716+0000] {logging_mixin.py:190} INFO - [2026-09-17T20:26:56.715+0000] {dag.py:3239} INFO - Sync 1 DAGs
[2026-09-17T20:26:56.746+0000] {logging_mixin.py:190} INFO - [2026-09-17T20:26:56.746+0000] {dag.py:4180} INFO - Setting next_dagrun for example_branch_dop_operator_v3 to 2026-09-17 20:25:00+00:00, run_after=2026-09-17 20:26:00+00:00
[2026-09-17T20:26:56.770+0000] {processor.py:208} INFO - Processing /home/airflow/.local/lib/python3.12/site-packages/airflow/example_dags/example_branch_python_dop_operator_3.py took 0.104 seconds
[2026-09-17T20:28:38.901+0000] {processor.py:186} INFO - Started process (PID=90) to work on /home/airflow/.local/lib/python3.12/site-packages/airflow/example_dags/example_branch_python_dop_operator_3.py
[2026-09-17T20:28:38.905+0000] {processor.py:914} INFO - Processing file /home/airflow/.local/lib/python3.12/site-packages/airflow/example_dags/example_branch_python_dop_operator_3.py for tasks to queue
[2026-09-17T20:28:38.908+0000] {logging_mixin.py:190} INFO - [2026-09-17T20:28:38.907+0000] {dagbag.py:588} INFO - Filling up the DagBag from /home/airflow/.local/lib/python3.12/site-packages/airflow/example_dags/example_branch_python_dop_operator_3.py
[2026-09-17T20:28:38.934+0000] {processor.py:925} INFO - DAG(s) 'example_branch_dop_operator_v3' retrieved from /home/airflow/.local/lib/python3.12/site-packages/airflow/example_dags/example_branch_python_dop_operator_3.py
[2026-09-17T20:28:38.987+0000] {logging_mixin.py:190} INFO - [2026-09-17T20:28:38.987+0000] {dag.py:3239} INFO - Sync 1 DAGs
[2026-09-17T20:28:39.041+0000] {logging_mixin.py:190} INFO - [2026-09-17T20:28:39.040+0000] {dag.py:4180} INFO - Setting next_dagrun for example_branch_dop_operator_v3 to 2026-09-17 20:27:00+00:00, run_after=2026-09-17 20:28:00+00:00
[2026-09-17T20:28:39.076+0000] {processor.py:208} INFO - Processing /home/airflow/.local/lib/python3.12/site-packages/airflow/example_dags/example_branch_python_dop_operator_3.py took 0.190 seconds
[2026-09-17T20:29:10.261+0000] {processor.py:186} INFO - Started process (PID=155) to work on /home/airflow/.local/lib/python3.12/site-packages/airflow/example_dags/example_branch_python_dop_operator_3.py
[2026-09-17T20:29:10.264+0000] {processor.py:914} INFO - Processing file /home/airflow/.local/lib/python3.12/site-packages/airflow/example_dags/example_branch_python_dop_operator_3.py for tasks to queue
[2026-09-17T20:29:10.267+0000] {logging_mixin.py:190} INFO - [2026-09-17T20:29:10.267+0000] {dagbag.py:588} INFO - Filling up the DagBag from /home/airflow/.local/lib/python3.12/site-packages/airflow/example_dags/example_branch_python_dop_operator_3.py
[2026-09-17T20:29:10.279+0000] {processor.py:925} INFO - DAG(s) 'example_branch_dop_operator_v3' retrieved from /home/airflow/.local/lib/python3.12/site-packages/airflow/example_dags/example_branch_python_dop_operator_3.py
[2026-09-17T20:29:10.307+0000] {logging_mixin.py:190} INFO - [2026-09-17T20:29:10.307+0000] {dag.py:3239} INFO - Sync 1 DAGs
[2026-09-17T20:29:10.333+0000] {logging_mixin.py:190} INFO - [2026-09-17T20:29:10.333+0000] {dag.py:4180} INFO - Setting next_dagrun for example_branch_dop_operator_v3 to 2026-09-17 20:28:00+00:00, run_after=2026-09-17 20:29:00+00:00
[2026-09-17T20:29:10.355+0000] {processor.py:208} INFO - Processing /home/airflow/.local/lib/python3.12/site-packages/airflow/example_dags/example_branch_python_dop_operator_3.py took 0.100 seconds
[2026-09-17T20:29:41.630+0000] {processor.py:186} INFO - Started process (PID=220) to work on /home/airflow/.local/lib/python3.12/site-packages/airflow/example_dags/example_branch_python_dop_operator_3.py
[2026-09-17T20:29:41.632+0000] {processor.py:914} INFO - Processing file /home/airflow/.local/lib/python3.12/site-packages/airflow/example_dags/example_branch_python_dop_operator_3.py for tasks to queue
[2026-09-17T20:29:41.635+0000] {logging_mixin.py:190} INFO - [2026-09-17T20:29:41.634+0000] {dagbag.py:588} INFO - Filling up the DagBag from /home/airflow/.local/lib/python3.12/site-packages/airflow/example_dags/example_branch_python_dop_operator_3.py
[2026-09-17T20:29:41.648+0000] {processor.py:925} INFO - DAG(s) 'example_branch_dop_operator_v3' retrieved from /home/airflow/.local/lib/python3.12/site-packages/airflow/example_dags/example_branch_python_dop_operator_3.py
[2026-09-17T20:29:41.679+0000] {logging_mixin.py:190} INFO - [2026-09-17T20:29:41.679+0000] {dag.py:3239} INFO - Sync 1 DAGs
[2026-09-17T20:29:41.709+0000] {logging_mixin.py:190} INFO - [2026-09-17T20:29:41.709+0000] {dag.py:4180} INFO - Setting next_dagrun for example_branch_dop_operator_v3 to 2026-09-17 20:28:00+00:00, run_after=2026-09-17 20:29:00+00:00
[2026-09-17T20:29:41.734+0000] {processor.py:208} INFO - Processing /home/airflow/.local/lib/python3.12/site-packages/airflow/example_dags/example_branch_python_dop_operator_3.py took 0.111 seconds
[2026-09-17T20:30:12.746+0000] {processor.py:186} INFO - Started process (PID=284) to work on /home/airflow/.local/lib/python3.12/site-packages/airflow/example_dags/example_branch_python_dop_operator_3.py
[2026-09-17T20:30:12.749+0000] {processor.py:914} INFO - Processing file /home/airflow/.local/lib/python3.12/site-packages/airflow/example_dags/example_branch_python_dop_operator_3.py for tasks to queue
[2026-09-17T20:30:12.752+0000] {logging_mixin.py:190} INFO - [2026-09-17T20:30:12.751+0000] {dagbag.py:588} INFO - Filling up the DagBag from /home/airflow/.local/lib/python3.12/site-packages/airflow/example_dags/example_branch_python_dop_operator_3.py
[2026-09-17T20:30:12.769+0000] {processor.py:925} INFO - DAG(s) 'example_branch_dop_operator_v3' retrieved from /home/airflow/.local/lib/python3.12/site-packages/airflow/example_dags/example_branch_python_dop_operator_3.py
[2026-09-17T20:30:12.807+0000] {logging_mixin.py:190} INFO - [2026-09-17T20:30:12.806+0000] {dag.py:3239} INFO - Sync 1 DAGs
[2026-09-17T20:30:12.844+0000] {logging_mixin.py:190} INFO - [2026-09-17T20:30:12.844+0000] {dag.py:4180} INFO - Setting next_dagrun for example_branch_dop_operator_v3 to 2026-09-17 20:29:00+00:00, run_after=2026-09-17 20:30:00+00:00
[2026-09-17T20:30:12.872+0000] {processor.py:208} INFO - Processing /home/airflow/.local/lib/python3.12/site-packages/airflow/example_dags/example_branch_python_dop_operator_3.py took 0.136 seconds
[2026-09-17T20:30:43.915+0000] {processor.py:186} INFO - Started process (PID=342) to work on /home/airflow/.local/lib/python3.12/site-packages/airflow/example_dags/example_branch_python_dop_operator_3.py
[2026-09-17T20:30:43.917+0000] {processor.py:914} INFO - Processing file /home/airflow/.local/lib/python3.12/site-packages/airflow/example_dags/example_branch_python_dop_operator_3.py for tasks to queue
[2026-09-17T20:30:43.919+0000] {logging_mixin.py:190} INFO - [2026-09-17T20:30:43.919+0000] {dagbag.py:588} INFO - Filling up the DagBag from /home/airflow/.local/lib/python3.12/site-packages/airflow/example_dags/example_branch_python_dop_operator_3.py
[2026-09-17T20:30:43.932+0000] {processor.py:925} INFO - DAG(s) 'example_branch_dop_operator_v3' retrieved from /home/airflow/.local/lib/python3.12/site-packages/airflow/example_dags/example_branch_python_dop_operator_3.py
[2026-09-17T20:30:43.960+0000] {logging_mixin.py:190} INFO - [2026-09-17T20:30:43.960+0000] {dag.py:3239} INFO - Sync 1 DAGs
[2026-09-17T20:30:43.988+0000] {logging_mixin.py:190} INFO - [2026-09-17T20:30:43.988+0000] {dag.py:4180} INFO - Setting next_dagrun for example_branch_dop_operator_v3 to 2026-09-17 20:29:00+00:00, run_after=2026-09-17 20:30:00+00:00
[2026-09-17T20:30:44.011+0000] {processor.py:208} INFO - Processing /home/airflow/.local/lib/python3.12/site-packages/airflow/example_dags/example_branch_python_dop_operator_3.py took 0.102 seconds
[2026-09-17T20:31:14.641+0000] {processor.py:186} INFO - Started process (PID=407) to work on /home/airflow/.local/lib/python3.12/site-packages/airflow/example_dags/example_branch_python_dop_operator_3.py
[2026-09-17T20:31:14.643+0000] {processor.py:914} INFO - Processing file /home/airflow/.local/lib/python3.12/site-packages/airflow/example_dags/example_branch_python_dop_operator_3.py for tasks to queue
[2026-09-17T20:31:14.645+0000] {logging_mixin.py:190} INFO - [2026-09-17T20:31:14.644+0000] {dagbag.py:588} INFO - Filling up the DagBag from /home/airflow/.local/lib/python3.12/site-packages/airflow/example_dags/example_branch_python_dop_operator_3.py
[2026-09-17T20:31:14.657+0000] {processor.py:925} INFO - DAG(s) 'example_branch_dop_operator_v3' retrieved from /home/airflow/.local/lib/python3.12/site-packages/airflow/example_dags/example_branch_python_dop_operator_3.py
[2026-09-17T20:31:14.683+0000] {logging_mixin.py:190} INFO - [2026-09-17T20:31:14.682+0000] {dag.py:3239} INFO - Sync 1 DAGs
[2026-09-17T20:31:14.711+0000] {logging_mixin.py:190} INFO - [2026-09-17T20:31:14.711+0000] {dag.py:4180} INFO - Setting next_dagrun for example_branch_dop_operator_v3 to 2026-09-17 20:30:00+00:00, run_after=2026-09-17 20:31:00+00:00
[2026-09-17T20:31:14.737+0000] {processor.py:208} INFO - Processing /home/airflow/.local/lib/python3.12/site-packages/airflow/example_dags/example_branch_python_dop_operator_3.py took 0.102 seconds
[2026-09-17T20:31:46.477+0000] {processor.py:186} INFO - Started process (PID=472) to work on /home/airflow/.local/lib/python3.12/site-packages/airflow/example_dags/example_branch_python_dop_operator_3.py
[2026-09-17T20:31:46.479+0000] {processor.py:914} INFO - Processing file /home/airflow/.local/lib/python3.12/site-packages/airflow/example_dags/example_branch_python_dop_operator_3.py for tasks to queue
[2026-09-17T20:31:46.482+0000] {logging_mixin.py:190} INFO - [2026-09-17T20:31:46.481+0000] {dagbag.py:588} INFO - Filling up the DagBag from /home/airflow/.local/lib/python3.12/site-packages/airflow/example_dags/example_branch_python_dop_operator_3.py
[2026-09-17T20:31:46.495+0000] {processor.py:925} INFO - DAG(s) 'example_branch_dop_operator_v3' retrieved from /home/airflow/.local/lib/python3.12/site-packages/airflow/example_dags/example_branch_python_dop_operator_3.py
[2026-09-17T20:31:46.529+0000] {logging_mixin.py:190} INFO - [2026-09-17T20:31:46.529+0000] {dag.py:3239} INFO - Sync 1 DAGs
[2026-09-17T20:31:46.560+0000] {logging_mixin.py:190} INFO - [2026-09-17T20:31:46.560+0000] {dag.py:4180} INFO - Setting next_dagrun for example_branch_dop_operator_v3 to 2026-09-17 20:30:00+00:00, run_after=2026-09-17 20:31:00+00:00
[2026-09-17T20:31:46.587+0000] {processor.py:208} INFO - Processing /home/airflow/.local/lib/python3.12/site-packages/airflow/example_dags/example_branch_python_dop_operator_3.py took 0.117 seconds
[2026-09-17T20:32:22.068+0000] {processor.py:186} INFO - Started process (PID=537) to work on /home/airflow/.local/lib/python3.12/site-packages/airflow/example_dags/example_branch_python_dop_operator_3.py
[2026-09-17T20:32:22.071+0000] {processor.py:914} INFO - Processing file /home/airflow/.local/lib/python3.12/site-packages/airflow/example_dags/example_branch_python_dop_operator_3.py for tasks to queue
[2026-09-17T20:32:22.074+0000] {logging_mixin.py:190} INFO - [2026-09-17T20:32:22.073+0000] {dagbag.py:588} INFO - Filling up the DagBag from /home/airflow/.local/lib/python3.12/site-packages/airflow/example_dags/example_branch_python_dop_operator_3.py
[2026-09-17T20:32:22.086+0000] {processor.py:925} INFO - DAG(s) 'example_branch_dop_operator_v3' retrieved from /home/airflow/.local/lib/python3.12/site-packages/airflow/example_dags/example_branch_python_dop_operator_3.py
[2026-09-17T20:32:22.115+0000] {logging_mixin.py:190} INFO - [2026-09-17T20:32:22.115+0000] {dag.py:3239} INFO - Sync 1 DAGs
[2026-09-17T20:32:22.144+0000] {logging_mixin.py:190} INFO - [2026-09-17T20:32:22.144+0000] {dag.py:4180} INFO - Setting next_dagrun for example_branch_dop_operator_v3 to 2026-09-17 20:31:00+00:00, run_after=2026-09-17 20:32:00+00:00
[2026-09-17T20:32:22.167+0000] {processor.py:208} INFO - Processing /home/airflow/.local/lib/python3.12/site-packages/airflow/example_dags/example_branch_python_dop_operator_3.py took 0.106 seconds
[2026-09-17T20:32:52.988+0000] {processor.py:186} INFO - Started process (PID=602) to work on /home/airflow/.local/lib/python3.12/site-packages/airflow/example_dags/example_branch_python_dop_operator_3.py
[2026-09-17T20:32:52.990+0000] {processor.py:914} INFO - Processing file /home/airflow/.local/lib/python3.12/site-packages/airflow/example_dags/example_branch_python_dop_operator_3.py for tasks to queue
[2026-09-17T20:32:52.992+0000] {logging_mixin.py:190} INFO - [2026-09-17T20:32:52.992+0000] {dagbag.py:588} INFO - Filling up the DagBag from /home/airflow/.local/lib/python3.12/site-packages/airflow/example_dags/example_branch_python_dop_operator_3.py
[2026-09-17T20:32:53.006+0000] {processor.py:925} INFO - DAG(s) 'example_branch_dop_operator_v3' retrieved from /home/airflow/.local/lib/python3.12/site-packages/airflow/example_dags/example_branch_python_dop_operator_3.py
[2026-09-17T20:32:53.039+0000] {logging_mixin.py:190} INFO - [2026-09-17T20:32:53.038+0000] {dag.py:3239} INFO - Sync 1 DAGs
[2026-09-17T20:32:53.074+0000] {logging_mixin.py:190} INFO - [2026-09-17T20:32:53.074+0000] {dag.py:4180} INFO - Setting next_dagrun for example_branch_dop_operator_v3 to 2026-09-17 20:31:00+00:00, run_after=2026-09-17 20:32:00+00:00
[2026-09-17T20:32:53.106+0000] {processor.py:208} INFO - Processing /home/airflow/.local/lib/python3.12/site-packages/airflow/example_dags/example_branch_python_dop_operator_3.py took 0.126 seconds
[2026-09-17T20:33:23.259+0000] {processor.py:186} INFO - Started process (PID=666) to work on /home/airflow/.local/lib/python3.12/site-packages/airflow/example_dags/example_branch_python_dop_operator_3.py
[2026-09-17T20:33:23.260+0000] {processor.py:914} INFO - Processing file /home/airflow/.local/lib/python3.12/site-packages/airflow/example_dags/example_branch_python_dop_operator_3.py for tasks to queue
[2026-09-17T20:33:23.262+0000] {logging_mixin.py:190} INFO - [2026-09-17T20:33:23.262+0000] {dagbag.py:588} INFO - Filling up the DagBag from /home/airflow/.local/lib/python3.12/site-packages/airflow/example_dags/example_branch_python_dop_operator_3.py
[2026-09-17T20:33:23.276+0000] {processor.py:925} INFO - DAG(s) 'example_branch_dop_operator_v3' retrieved from /home/airflow/.local/lib/python3.12/site-packages/airflow/example_dags/example_branch_python_dop_operator_3.py
[2026-09-17T20:33:23.305+0000] {logging_mixin.py:190} INFO - [2026-09-17T20:33:23.304+0000] {dag.py:3239} INFO - Sync 1 DAGs
[2026-09-17T20:33:23.333+0000] {logging_mixin.py:190} INFO - [2026-09-17T20:33:23.332+0000] {dag.py:4180} INFO - Setting next_dagrun for example_branch_dop_operator_v3 to 2026-09-17 20:32:00+00:00, run_after=2026-09-17 20:33:00+00:00
[2026-09-17T20:33:23.358+0000] {processor.py:208} INFO - Processing /home/airflow/.local/lib/python3.12/site-packages/airflow/example_dags/example_branch_python_dop_operator_3.py took 0.106 seconds
[2026-09-17T20:33:54.197+0000] {processor.py:186} INFO - Started process (PID=730) to work on /home/airflow/.local/lib/python3.12/site-packages/airflow/example_dags/example_branch_python_dop_operator_3.py
[2026-09-17T20:33:54.199+0000] {processor.py:914} INFO - Processing file /home/airflow/.local/lib/python3.12/site-packages/airflow/example_dags/example_branch_python_dop_operator_3.py for tasks to queue
[2026-09-17T20:33:54.203+0000] {logging_mixin.py:190} INFO - [2026-09-17T20:33:54.202+0000] {dagbag.py:588} INFO - Filling up the DagBag from /home/airflow/.local/lib/python3.12/site-packages/airflow/example_dags/example_branch_python_dop_operator_3.py
[2026-09-17T20:33:54.217+0000] {processor.py:925} INFO - DAG(s) 'example_branch_dop_operator_v3' retrieved from /home/airflow/.local/lib/python3.12/site-packages/airflow/example_dags/example_branch_python_dop_operator_3.py
[2026-09-17T20:33:54.247+0000] {logging_mixin.py:190} INFO - [2026-09-17T20:33:54.246+0000] {dag.py:3239} INFO - Sync 1 DAGs
[2026-09-17T20:33:54.275+0000] {logging_mixin.py:190} INFO - [2026-09-17T20:33:54.275+0000] {dag.py:4180} INFO - Setting next_dagrun for example_branch_dop_operator_v3 to 2026-09-17 20:32:00+00:00, run_after=2026-09-17 20:33:00+00:00
[2026-09-17T20:33:54.303+0000] {processor.py:208} INFO - Processing /home/airflow/.local/lib/python3.12/site-packages/airflow/example_dags/example_branch_python_dop_operator_3.py took 0.116 seconds
[2026-09-17T20:34:24.926+0000] {processor.py:186} INFO - Started process (PID=795) to work on /home/airflow/.local/lib/python3.12/site-packages/airflow/example_dags/example_branch_python_dop_operator_3.py
[2026-09-17T20:34:24.928+0000] {processor.py:914} INFO - Processing file /home/airflow/.local/lib/python3.12/site-packages/airflow/example_dags/example_branch_python_dop_operator_3.py for tasks to queue
[2026-09-17T20:34:24.929+0000] {logging_mixin.py:190} INFO - [2026-09-17T20:34:24.929+0000] {dagbag.py:588} INFO - Filling up the DagBag from /home/airflow/.local/lib/python3.12/site-packages/airflow/example_dags/example_branch_python_dop_operator_3.py
[2026-09-17T20:34:24.941+0000] {processor.py:925} INFO - DAG(s) 'example_branch_dop_operator_v3' retrieved from /home/airflow/.local/lib/python3.12/site-packages/airflow/example_dags/example_branch_python_dop_operator_3.py
[2026-09-17T20:34:24.966+0000] {logging_mixin.py:190} INFO - [2026-09-17T20:34:24.966+0000] {dag.py:3239} INFO - Sync 1 DAGs
[2026-09-17T20:34:24.992+0000] {logging_mixin.py:190} INFO - [2026-09-17T20:34:24.992+0000] {dag.py:4180} INFO - Setting next_dagrun for example_branch_dop_operator_v3 to 2026-09-17 20:33:00+00:00, run_after=2026-09-17 20:34:00+00:00
[2026-09-17T20:34:25.017+0000] {processor.py:208} INFO - Processing /home/airflow/.local/lib/python3.12/site-packages/airflow/example_dags/example_branch_python_dop_operator_3.py took 0.098 seconds
[2026-09-17T20:34:55.510+0000] {processor.py:186} INFO - Started process (PID=860) to work on /home/airflow/.local/lib/python3.12/site-packages/airflow/example_dags/example_branch_python_dop_operator_3.py
[2026-09-17T20:34:55.512+0000] {processor.py:914} INFO - Processing file /home/airflow/.local/lib/python3.12/site-packages/airflow/example_dags/example_branch_python_dop_operator_3.py for tasks to queue
[2026-09-17T20:34:55.514+0000] {logging_mixin.py:190} INFO - [2026-09-17T20:34:55.514+0000] {dagbag.py:588} INFO - Filling up the DagBag from /home/airflow/.local/lib/python3.12/site-packages/airflow/example_dags/example_branch_python_dop_operator_3.py
[2026-09-17T20:34:55.525+0000] {processor.py:925} INFO - DAG(s) 'example_branch_dop_operator_v3' retrieved from /home/airflow/.local/lib/python3.12/site-packages/airflow/example_dags/example_branch_python_dop_operator_3.py
[2026-09-17T20:34:55.552+0000] {logging_mixin.py:190} INFO - [2026-09-17T20:34:55.552+0000] {dag.py:3239} INFO - Sync 1 DAGs
[2026-09-17T20:34:55.580+0000] {logging_mixin.py:190} INFO - [2026-09-17T20:34:55.579+0000] {dag.py:4180} INFO - Setting next_dagrun for example_branch_dop_operator_v3 to 2026-09-17 20:33:00+00:00, run_after=2026-09-17 20:34:00+00:00
[2026-09-17T20:34:55.603+0000] {processor.py:208} INFO - Processing /home/airflow/.local/lib/python3.12/site-packages/airflow/example_dags/example_branch_python_dop_operator_3.py took 0.099 seconds
[2026-09-17T20:35:27.043+0000] {processor.py:186} INFO - Started process (PID=925) to work on /home/airflow/.local/lib/python3.12/site-packages/airflow/example_dags/example_branch_python_dop_operator_3.py
[2026-09-17T20:35:27.045+0000] {processor.py:914} INFO - Processing file /home/airflow/.local/lib/python3.12/site-packages/airflow/example_dags/example_branch_python_dop_operator_3.py for tasks to queue
[2026-09-17T20:35:27.048+0000] {logging_mixin.py:190} INFO - [2026-09-17T20:35:27.048+0000] {dagbag.py:588} INFO - Filling up the DagBag from /home/airflow/.local/lib/python3.12/site-packages/airflow/example_dags/example_branch_python_dop_operator_3.py
[2026-09-17T20:35:27.062+0000] {processor.py:925} INFO - DAG(s) 'example_branch_dop_operator_v3' retrieved from /home/airflow/.local/lib/python3.12/site-packages/airflow/example_dags/example_branch_python_dop_operator_3.py
[2026-09-17T20:35:27.088+0000] {logging_mixin.py:190} INFO - [2026-09-17T20:35:27.088+0000] {dag.py:3239} INFO - Sync 1 DAGs
[2026-09-17T20:35:27.116+0000] {logging_mixin.py:190} INFO - [2026-09-17T20:35:27.116+0000] {dag.py:4180} INFO - Setting next_dagrun for example_branch_dop_operator_v3 to 2026-09-17 20:34:00+00:00, run_after=2026-09-17 20:35:00+00:00
[2026-09-17T20:35:27.141+0000] {processor.py:208} INFO - Processing /home/airflow/.local/lib/python3.12/site-packages/airflow/example_dags/example_branch_python_dop_operator_3.py took 0.105 seconds
[2026-09-17T20:35:57.965+0000] {processor.py:186} INFO - Started process (PID=990) to work on /home/airflow/.local/lib/python3.12/site-packages/airflow/example_dags/example_branch_python_dop_operator_3.py
[2026-09-17T20:35:57.967+0000] {processor.py:914} INFO - Processing file /home/airflow/.local/lib/python3.12/site-packages/airflow/example_dags/example_branch_python_dop_operator_3.py for tasks to queue
[2026-09-17T20:35:57.969+0000] {logging_mixin.py:190} INFO - [2026-09-17T20:35:57.968+0000] {dagbag.py:588} INFO - Filling up the DagBag from /home/airflow/.local/lib/python3.12/site-packages/airflow/example_dags/example_branch_python_dop_operator_3.py
[2026-09-17T20:35:57.980+0000] {processor.py:925} INFO - DAG(s) 'example_branch_dop_operator_v3' retrieved from /home/airflow/.local/lib/python3.12/site-packages/airflow/example_dags/example_branch_python_dop_operator_3.py
[2026-09-17T20:35:58.008+0000] {logging_mixin.py:190} INFO - [2026-09-17T20:35:58.007+0000] {dag.py:3239} INFO - Sync 1 DAGs
[2026-09-17T20:35:58.037+0000] {logging_mixin.py:190} INFO - [2026-09-17T20:35:58.037+0000] {dag.py:4180} INFO - Setting next_dagrun for example_branch_dop_operator_v3 to 2026-09-17 20:34:00+00:00, run_after=2026-09-17 20:35:00+00:00
[2026-09-17T20:35:58.063+0000] {processor.py:208} INFO - Processing /home/airflow/.local/lib/python3.12/site-packages/airflow/example_dags/example_branch_python_dop_operator_3.py took 0.104 seconds
[2026-09-17T20:36:29.317+0000] {processor.py:186} INFO - Started process (PID=1055) to work on /home/airflow/.local/lib/python3.12/site-packages/airflow/example_dags/example_branch_python_dop_operator_3.py
[2026-09-17T20:36:29.320+0000] {processor.py:914} INFO - Processing file /home/airflow/.local/lib/python3.12/site-packages/airflow/example_dags/example_branch_python_dop_operator_3.py for tasks to queue
[2026-09-17T20:36:29.322+0000] {logging_mixin.py:190} INFO - [2026-09-17T20:36:29.322+0000] {dagbag.py:588} INFO - Filling up the DagBag from /home/airflow/.local/lib/python3.12/site-packages/airflow/example_dags/example_branch_python_dop_operator_3.py
[2026-09-17T20:36:29.337+0000] {processor.py:925} INFO - DAG(s) 'example_branch_dop_operator_v3' retrieved from /home/airflow/.local/lib/python3.12/site-packages/airflow/example_dags/example_branch_python_dop_operator_3.py
[2026-09-17T20:36:29.367+0000] {logging_mixin.py:190} INFO - [2026-09-17T20:36:29.367+0000] {dag.py:3239} INFO - Sync 1 DAGs
[2026-09-17T20:36:29.396+0000] {logging_mixin.py:190} INFO - [2026-09-17T20:36:29.395+0000] {dag.py:4180} INFO - Setting next_dagrun for example_branch_dop_operator_v3 to 2026-09-17 20:35:00+00:00, run_after=2026-09-17 20:36:00+00:00
[2026-09-17T20:36:29.419+0000] {processor.py:208} INFO - Processing /home/airflow/.local/lib/python3.12/site-packages/airflow/example_dags/example_branch_python_dop_operator_3.py took 0.109 seconds
[2026-09-17T20:37:00.718+0000] {processor.py:186} INFO - Started process (PID=1120) to work on /home/airflow/.local/lib/python3.12/site-packages/airflow/example_dags/example_branch_python_dop_operator_3.py
[2026-09-17T20:37:00.720+0000] {processor.py:914} INFO - Processing file /home/airflow/.local/lib/python3.12/site-packages/airflow/example_dags/example_branch_python_dop_operator_3.py for tasks to queue
[2026-09-17T20:37:00.723+0000] {logging_mixin.py:190} INFO - [2026-09-17T20:37:00.722+0000] {dagbag.py:588} INFO - Filling up the DagBag from /home/airflow/.local/lib/python3.12/site-packages/airflow/example_dags/example_branch_python_dop_operator_3.py
[2026-09-17T20:37:00.737+0000] {processor.py:925} INFO - DAG(s) 'example_branch_dop_operator_v3' retrieved from /home/airflow/.local/lib/python3.12/site-packages/airflow/example_dags/example_branch_python_dop_operator_3.py
[2026-09-17T20:37:00.767+0000] {logging_mixin.py:190} INFO - [2026-09-17T20:37:00.766+0000] {dag.py:3239} INFO - Sync 1 DAGs
[2026-09-17T20:37:00.801+0000] {logging_mixin.py:190} INFO - [2026-09-17T20:37:00.801+0000] {dag.py:4180} INFO - Setting next_dagrun for example_branch_dop_operator_v3 to 2026-09-17 20:36:00+00:00, run_after=2026-09-17 20:37:00+00:00
[2026-09-17T20:37:00.831+0000] {processor.py:208} INFO - Processing /home/airflow/.local/lib/python3.12/site-packages/airflow/example_dags/example_branch_python_dop_operator_3.py took 0.120 seconds
[2026-09-17T20:37:31.960+0000] {processor.py:186} INFO - Started process (PID=1184) to work on /home/airflow/.local/lib/python3.12/site-packages/airflow/example_dags/example_branch_python_dop_operator_3.py
[2026-09-17T20:37:31.962+0000] {processor.py:914} INFO - Processing file /home/airflow/.local/lib/python3.12/site-packages/airflow/example_dags/example_branch_python_dop_operator_3.py for tasks to queue
[2026-09-17T20:37:31.965+0000] {logging_mixin.py:190} INFO - [2026-09-17T20:37:31.964+0000] {dagbag.py:588} INFO - Filling up the DagBag from /home/airflow/.local/lib/python3.12/site-packages/airflow/example_dags/example_branch_python_dop_operator_3.py
[2026-09-17T20:37:31.977+0000] {processor.py:925} INFO - DAG(s) 'example_branch_dop_operator_v3' retrieved from /home/airflow/.local/lib/python3.12/site-packages/airflow/example_dags/example_branch_python_dop_operator_3.py
[2026-09-17T20:37:32.006+0000] {logging_mixin.py:190} INFO - [2026-09-17T20:37:32.006+0000] {dag.py:3239} INFO - Sync 1 DAGs
[2026-09-17T20:37:32.035+0000] {logging_mixin.py:190} INFO - [2026-09-17T20:37:32.035+0000] {dag.py:4180} INFO - Setting next_dagrun for example_branch_dop_operator_v3 to 2026-09-17 20:36:00+00:00, run_after=2026-09-17 20:37:00+00:00
[2026-09-17T20:37:32.060+0000] {processor.py:208} INFO - Processing /home/airflow/.local/lib/python3.12/site-packages/airflow/example_dags/example_branch_python_dop_operator_3.py took 0.106 seconds
[2026-09-17T20:38:02.813+0000] {processor.py:186} INFO - Started process (PID=1242) to work on /home/airflow/.local/lib/python3.12/site-packages/airflow/example_dags/example_branch_python_dop_operator_3.py
[2026-09-17T20:38:02.814+0000] {processor.py:914} INFO - Processing file /home/airflow/.local/lib/python3.12/site-packages/airflow/example_dags/example_branch_python_dop_operator_3.py for tasks to queue
[2026-09-17T20:38:02.817+0000] {logging_mixin.py:190} INFO - [2026-09-17T20:38:02.817+0000] {dagbag.py:588} INFO - Filling up the DagBag from /home/airflow/.local/lib/python3.12/site-packages/airflow/example_dags/example_branch_python_dop_operator_3.py
[2026-09-17T20:38:02.831+0000] {processor.py:925} INFO - DAG(s) 'example_branch_dop_operator_v3' retrieved from /home/airflow/.local/lib/python3.12/site-packages/airflow/example_dags/example_branch_python_dop_operator_3.py
[2026-09-17T20:38:02.861+0000] {logging_mixin.py:190} INFO - [2026-09-17T20:38:02.860+0000] {dag.py:3239} INFO - Sync 1 DAGs
[2026-09-17T20:38:02.889+0000] {logging_mixin.py:190} INFO - [2026-09-17T20:38:02.888+0000] {dag.py:4180} INFO - Setting next_dagrun for example_branch_dop_operator_v3 to 2026-09-17 20:37:00+00:00, run_after=2026-09-17 20:38:00+00:00
[2026-09-17T20:38:02.912+0000] {processor.py:208} INFO - Processing /home/airflow/.local/lib/python3.12/site-packages/airflow/example_dags/example_branch_python_dop_operator_3.py took 0.108 seconds
[2026-09-17T20:38:33.920+0000] {processor.py:186} INFO - Started process (PID=1307) to work on /home/airflow/.local/lib/python3.12/site-packages/airflow/example_dags/example_branch_python_dop_operator_3.py
[2026-09-17T20:38:33.922+0000] {processor.py:914} INFO - Processing file /home/airflow/.local/lib/python3.12/site-packages/airflow/example_dags/example_branch_python_dop_operator_3.py for tasks to queue
[2026-09-17T20:38:33.925+0000] {logging_mixin.py:190} INFO - [2026-09-17T20:38:33.924+0000] {dagbag.py:588} INFO - Filling up the DagBag from /home/airflow/.local/lib/python3.12/site-packages/airflow/example_dags/example_branch_python_dop_operator_3.py
[2026-09-17T20:38:33.936+0000] {processor.py:925} INFO - DAG(s) 'example_branch_dop_operator_v3' retrieved from /home/airflow/.local/lib/python3.12/site-packages/airflow/example_dags/example_branch_python_dop_operator_3.py
[2026-09-17T20:38:33.962+0000] {logging_mixin.py:190} INFO - [2026-09-17T20:38:33.961+0000] {dag.py:3239} INFO - Sync 1 DAGs
[2026-09-17T20:38:33.989+0000] {logging_mixin.py:190} INFO - [2026-09-17T20:38:33.989+0000] {dag.py:4180} INFO - Setting next_dagrun for example_branch_dop_operator_v3 to 2026-09-17 20:37:00+00:00, run_after=2026-09-17 20:38:00+00:00
[2026-09-17T20:38:34.016+0000] {processor.py:208} INFO - Processing /home/airflow/.local/lib/python3.12/site-packages/airflow/example_dags/example_branch_python_dop_operator_3.py took 0.102 seconds
[2026-09-17T20:39:05.053+0000] {processor.py:186} INFO - Started process (PID=1372) to work on /home/airflow/.local/lib/python3.12/site-packages/airflow/example_dags/example_branch_python_dop_operator_3.py
[2026-09-17T20:39:05.056+0000] {processor.py:914} INFO - Processing file /home/airflow/.local/lib/python3.12/site-packages/airflow/example_dags/example_branch_python_dop_operator_3.py for tasks to queue
[2026-09-17T20:39:05.058+0000] {logging_mixin.py:190} INFO - [2026-09-17T20:39:05.058+0000] {dagbag.py:588} INFO - Filling up the DagBag from /home/airflow/.local/lib/python3.12/site-packages/airflow/example_dags/example_branch_python_dop_operator_3.py
[2026-09-17T20:39:05.072+0000] {processor.py:925} INFO - DAG(s) 'example_branch_dop_operator_v3' retrieved from /home/airflow/.local/lib/python3.12/site-packages/airflow/example_dags/example_branch_python_dop_operator_3.py
[2026-09-17T20:39:05.107+0000] {logging_mixin.py:190} INFO - [2026-09-17T20:39:05.107+0000] {dag.py:3239} INFO - Sync 1 DAGs
[2026-09-17T20:39:05.154+0000] {logging_mixin.py:190} INFO - [2026-09-17T20:39:05.153+0000] {dag.py:4180} INFO - Setting next_dagrun for example_branch_dop_operator_v3 to 2026-09-17 20:38:00+00:00, run_after=2026-09-17 20:39:00+00:00
[2026-09-17T20:39:05.193+0000] {processor.py:208} INFO - Processing /home/airflow/.local/lib/python3.12/site-packages/airflow/example_dags/example_branch_python_dop_operator_3.py took 0.148 seconds
[2026-09-17T20:39:36.170+0000] {processor.py:186} INFO - Started process (PID=1437) to work on /home/airflow/.local/lib/python3.12/site-packages/airflow/example_dags/example_branch_python_dop_operator_3.py
[2026-09-17T20:39:36.171+0000] {processor.py:914} INFO - Processing file /home/airflow/.local/lib/python3.12/site-packages/airflow/example_dags/example_branch_python_dop_operator_3.py for tasks to queue
[2026-09-17T20:39:36.174+0000] {logging_mixin.py:190} INFO - [2026-09-17T20:39:36.173+0000] {dagbag.py:588} INFO - Filling up the DagBag from /home/airflow/.local/lib/python3.12/site-packages/airflow/example_dags/example_branch_python_dop_operator_3.py
[2026-09-17T20:39:36.192+0000] {processor.py:925} INFO - DAG(s) 'example_branch_dop_operator_v3' retrieved from /home/airflow/.local/lib/python3.12/site-packages/airflow/example_dags/example_branch_python_dop_operator_3.py
[2026-09-17T20:39:36.223+0000] {logging_mixin.py:190} INFO - [2026-09-17T20:39:36.222+0000] {dag.py:3239} INFO - Sync 1 DAGs
[2026-09-17T20:39:36.250+0000] {logging_mixin.py:190} INFO - [2026-09-17T20:39:36.250+0000] {dag.py:4180} INFO - Setting next_dagrun for example_branch_dop_operator_v3 to 2026-09-17 20:38:00+00:00, run_after=2026-09-17 20:39:00+00:00
[2026-09-17T20:39:36.275+0000] {processor.py:208} INFO - Processing /home/airflow/.local/lib/python3.12/site-packages/airflow/example_dags/example_branch_python_dop_operator_3.py took 0.112 seconds
[2026-09-17T20:40:07.452+0000] {processor.py:186} INFO - Started process (PID=1503) to work on /home/airflow/.local/lib/python3.12/site-packages/airflow/example_dags/example_branch_python_dop_operator_3.py
[2026-09-17T20:40:07.455+0000] {processor.py:914} INFO - Processing file /home/airflow/.local/lib/python3.12/site-packages/airflow/example_dags/example_branch_python_dop_operator_3.py for tasks to queue
[2026-09-17T20:40:07.457+0000] {logging_mixin.py:190} INFO - [2026-09-17T20:40:07.457+0000] {dagbag.py:588} INFO - Filling up the DagBag from /home/airflow/.local/lib/python3.12/site-packages/airflow/example_dags/example_branch_python_dop_operator_3.py
[2026-09-17T20:40:07.473+0000] {processor.py:925} INFO - DAG(s) 'example_branch_dop_operator_v3' retrieved from /home/airflow/.local/lib/python3.12/site-packages/airflow/example_dags/example_branch_python_dop_operator_3.py
[2026-09-17T20:40:07.501+0000] {logging_mixin.py:190} INFO - [2026-09-17T20:40:07.500+0000] {dag.py:3239} INFO - Sync 1 DAGs
[2026-09-17T20:40:07.533+0000] {logging_mixin.py:190} INFO - [2026-09-17T20:40:07.533+0000] {dag.py:4180} INFO - Setting next_dagrun for example_branch_dop_operator_v3 to 2026-09-17 20:39:00+00:00, run_after=2026-09-17 20:40:00+00:00
[2026-09-17T20:40:07.566+0000] {processor.py:208} INFO - Processing /home/airflow/.local/lib/python3.12/site-packages/airflow/example_dags/example_branch_python_dop_operator_3.py took 0.121 seconds
[2026-09-17T20:40:38.415+0000] {processor.py:186} INFO - Started process (PID=1568) to work on /home/airflow/.local/lib/python3.12/site-packages/airflow/example_dags/example_branch_python_dop_operator_3.py
[2026-09-17T20:40:38.417+0000] {processor.py:914} INFO - Processing file /home/airflow/.local/lib/python3.12/site-packages/airflow/example_dags/example_branch_python_dop_operator_3.py for tasks to queue
[2026-09-17T20:40:38.420+0000] {logging_mixin.py:190} INFO - [2026-09-17T20:40:38.419+0000] {dagbag.py:588} INFO - Filling up the DagBag from /home/airflow/.local/lib/python3.12/site-packages/airflow/example_dags/example_branch_python_dop_operator_3.py
[2026-09-17T20:40:38.434+0000] {processor.py:925} INFO - DAG(s) 'example_branch_dop_operator_v3' retrieved from /home/airflow/.local/lib/python3.12/site-packages/airflow/example_dags/example_branch_python_dop_operator_3.py
[2026-09-17T20:40:38.462+0000] {logging_mixin.py:190} INFO - [2026-09-17T20:40:38.462+0000] {dag.py:3239} INFO - Sync 1 DAGs
[2026-09-17T20:40:38.489+0000] {logging_mixin.py:190} INFO - [2026-09-17T20:40:38.489+0000] {dag.py:4180} INFO - Setting next_dagrun for example_branch_dop_operator_v3 to 2026-09-17 20:39:00+00:00, run_after=2026-09-17 20:40:00+00:00
[2026-09-17T20:40:38.523+0000] {processor.py:208} INFO - Processing /home/airflow/.local/lib/python3.12/site-packages/airflow/example_dags/example_branch_python_dop_operator_3.py took 0.115 seconds
[2026-09-17T20:41:09.626+0000] {processor.py:186} INFO - Started process (PID=1633) to work on /home/airflow/.local/lib/python3.12/site-packages/airflow/example_dags/example_branch_python_dop_operator_3.py
[2026-09-17T20:41:09.628+0000] {processor.py:914} INFO - Processing file /home/airflow/.local/lib/python3.12/site-packages/airflow/example_dags/example_branch_python_dop_operator_3.py for tasks to queue
[2026-09-17T20:41:09.631+0000] {logging_mixin.py:190} INFO - [2026-09-17T20:41:09.630+0000] {dagbag.py:588} INFO - Filling up the DagBag from /home/airflow/.local/lib/python3.12/site-packages/airflow/example_dags/example_branch_python_dop_operator_3.py
[2026-09-17T20:41:09.644+0000] {processor.py:925} INFO - DAG(s) 'example_branch_dop_operator_v3' retrieved from /home/airflow/.local/lib/python3.12/site-packages/airflow/example_dags/example_branch_python_dop_operator_3.py
[2026-09-17T20:41:09.670+0000] {logging_mixin.py:190} INFO - [2026-09-17T20:41:09.669+0000] {dag.py:3239} INFO - Sync 1 DAGs
[2026-09-17T20:41:09.697+0000] {logging_mixin.py:190} INFO - [2026-09-17T20:41:09.696+0000] {dag.py:4180} INFO - Setting next_dagrun for example_branch_dop_operator_v3 to 2026-09-17 20:40:00+00:00, run_after=2026-09-17 20:41:00+00:00
[2026-09-17T20:41:09.727+0000] {processor.py:208} INFO - Processing /home/airflow/.local/lib/python3.12/site-packages/airflow/example_dags/example_branch_python_dop_operator_3.py took 0.108 seconds
[2026-09-17T20:41:41.021+0000] {processor.py:186} INFO - Started process (PID=1698) to work on /home/airflow/.local/lib/python3.12/site-packages/airflow/example_dags/example_branch_python_dop_operator_3.py
[2026-09-17T20:41:41.023+0000] {processor.py:914} INFO - Processing file /home/airflow/.local/lib/python3.12/site-packages/airflow/example_dags/example_branch_python_dop_operator_3.py for tasks to queue
[2026-09-17T20:41:41.025+0000] {logging_mixin.py:190} INFO - [2026-09-17T20:41:41.024+0000] {dagbag.py:588} INFO - Filling up the DagBag from /home/airflow/.local/lib/python3.12/site-packages/airflow/example_dags/example_branch_python_dop_operator_3.py
[2026-09-17T20:41:41.038+0000] {processor.py:925} INFO - DAG(s) 'example_branch_dop_operator_v3' retrieved from /home/airflow/.local/lib/python3.12/site-packages/airflow/example_dags/example_branch_python_dop_operator_3.py
[2026-09-17T20:41:41.065+0000] {logging_mixin.py:190} INFO - [2026-09-17T20:41:41.064+0000] {dag.py:3239} INFO - Sync 1 DAGs
[2026-09-17T20:41:41.093+0000] {logging_mixin.py:190} INFO - [2026-09-17T20:41:41.093+0000] {dag.py:4180} INFO - Setting next_dagrun for example_branch_dop_operator_v3 to 2026-09-17 20:40:00+00:00, run_after=2026-09-17 20:41:00+00:00
[2026-09-17T20:41:41.116+0000] {processor.py:208} INFO - Processing /home/airflow/.local/lib/python3.12/site-packages/airflow/example_dags/example_branch_python_dop_operator_3.py took 0.101 seconds
[2026-09-17T20:42:12.283+0000] {processor.py:186} INFO - Started process (PID=1763) to work on /home/airflow/.local/lib/python3.12/site-packages/airflow/example_dags/example_branch_python_dop_operator_3.py
[2026-09-17T20:42:12.285+0000] {processor.py:914} INFO - Processing file /home/airflow/.local/lib/python3.12/site-packages/airflow/example_dags/example_branch_python_dop_operator_3.py for tasks to queue
[2026-09-17T20:42:12.287+0000] {logging_mixin.py:190} INFO - [2026-09-17T20:42:12.287+0000] {dagbag.py:588} INFO - Filling up the DagBag from /home/airflow/.local/lib/python3.12/site-packages/airflow/example_dags/example_branch_python_dop_operator_3.py
[2026-09-17T20:42:12.300+0000] {processor.py:925} INFO - DAG(s) 'example_branch_dop_operator_v3' retrieved from /home/airflow/.local/lib/python3.12/site-packages/airflow/example_dags/example_branch_python_dop_operator_3.py
[2026-09-17T20:42:12.326+0000] {logging_mixin.py:190} INFO - [2026-09-17T20:42:12.326+0000] {dag.py:3239} INFO - Sync 1 DAGs
[2026-09-17T20:42:12.357+0000] {logging_mixin.py:190} INFO - [2026-09-17T20:42:12.357+0000] {dag.py:4180} INFO - Setting next_dagrun for example_branch_dop_operator_v3 to 2026-09-17 20:41:00+00:00, run_after=2026-09-17 20:42:00+00:00
[2026-09-17T20:42:12.382+0000] {processor.py:208} INFO - Processing /home/airflow/.local/lib/python3.12/site-packages/airflow/example_dags/example_branch_python_dop_operator_3.py took 0.105 seconds
[2026-09-17T20:42:47.779+0000] {processor.py:186} INFO - Started process (PID=1828) to work on /home/airflow/.local/lib/python3.12/site-packages/airflow/example_dags/example_branch_python_dop_operator_3.py
[2026-09-17T20:42:47.783+0000] {processor.py:914} INFO - Processing file /home/airflow/.local/lib/python3.12/site-packages/airflow/example_dags/example_branch_python_dop_operator_3.py for tasks to queue
[2026-09-17T20:42:47.788+0000] {logging_mixin.py:190} INFO - [2026-09-17T20:42:47.787+0000] {dagbag.py:588} INFO - Filling up the DagBag from /home/airflow/.local/lib/python3.12/site-packages/airflow/example_dags/example_branch_python_dop_operator_3.py
[2026-09-17T20:42:47.835+0000] {processor.py:925} INFO - DAG(s) 'example_branch_dop_operator_v3' retrieved from /home/airflow/.local/lib/python3.12/site-packages/airflow/example_dags/example_branch_python_dop_operator_3.py
[2026-09-17T20:42:47.907+0000] {logging_mixin.py:190} INFO - [2026-09-17T20:42:47.906+0000] {dag.py:3239} INFO - Sync 1 DAGs
[2026-09-17T20:42:48.000+0000] {logging_mixin.py:190} INFO - [2026-09-17T20:42:48.000+0000] {dag.py:4180} INFO - Setting next_dagrun for example_branch_dop_operator_v3 to 2026-09-17 20:41:00+00:00, run_after=2026-09-17 20:42:00+00:00
[2026-09-17T20:42:48.063+0000] {processor.py:208} INFO - Processing /home/airflow/.local/lib/python3.12/site-packages/airflow/example_dags/example_branch_python_dop_operator_3.py took 0.304 seconds
[2026-09-17T20:43:35.929+0000] {processor.py:186} INFO - Started process (PID=1906) to work on /home/airflow/.local/lib/python3.12/site-packages/airflow/example_dags/example_branch_python_dop_operator_3.py
[2026-09-17T20:43:35.936+0000] {processor.py:914} INFO - Processing file /home/airflow/.local/lib/python3.12/site-packages/airflow/example_dags/example_branch_python_dop_operator_3.py for tasks to queue
[2026-09-17T20:43:35.949+0000] {logging_mixin.py:190} INFO - [2026-09-17T20:43:35.947+0000] {dagbag.py:588} INFO - Filling up the DagBag from /home/airflow/.local/lib/python3.12/site-packages/airflow/example_dags/example_branch_python_dop_operator_3.py
[2026-09-17T20:43:36.001+0000] {processor.py:925} INFO - DAG(s) 'example_branch_dop_operator_v3' retrieved from /home/airflow/.local/lib/python3.12/site-packages/airflow/example_dags/example_branch_python_dop_operator_3.py
[2026-09-17T20:43:36.105+0000] {logging_mixin.py:190} INFO - [2026-09-17T20:43:36.104+0000] {dag.py:3239} INFO - Sync 1 DAGs
[2026-09-17T20:43:36.237+0000] {logging_mixin.py:190} INFO - [2026-09-17T20:43:36.236+0000] {dag.py:4180} INFO - Setting next_dagrun for example_branch_dop_operator_v3 to 2026-09-17 20:42:00+00:00, run_after=2026-09-17 20:43:00+00:00
[2026-09-17T20:43:36.341+0000] {processor.py:208} INFO - Processing /home/airflow/.local/lib/python3.12/site-packages/airflow/example_dags/example_branch_python_dop_operator_3.py took 0.442 seconds
[2026-09-17T20:44:14.579+0000] {processor.py:186} INFO - Started process (PID=1971) to work on /home/airflow/.local/lib/python3.12/site-packages/airflow/example_dags/example_branch_python_dop_operator_3.py
[2026-09-17T20:44:14.582+0000] {processor.py:914} INFO - Processing file /home/airflow/.local/lib/python3.12/site-packages/airflow/example_dags/example_branch_python_dop_operator_3.py for tasks to queue
[2026-09-17T20:44:14.584+0000] {logging_mixin.py:190} INFO - [2026-09-17T20:44:14.584+0000] {dagbag.py:588} INFO - Filling up the DagBag from /home/airflow/.local/lib/python3.12/site-packages/airflow/example_dags/example_branch_python_dop_operator_3.py
[2026-09-17T20:44:14.601+0000] {processor.py:925} INFO - DAG(s) 'example_branch_dop_operator_v3' retrieved from /home/airflow/.local/lib/python3.12/site-packages/airflow/example_dags/example_branch_python_dop_operator_3.py
[2026-09-17T20:44:14.657+0000] {logging_mixin.py:190} INFO - [2026-09-17T20:44:14.656+0000] {dag.py:3239} INFO - Sync 1 DAGs
[2026-09-17T20:44:14.722+0000] {logging_mixin.py:190} INFO - [2026-09-17T20:44:14.721+0000] {dag.py:4180} INFO - Setting next_dagrun for example_branch_dop_operator_v3 to 2026-09-17 20:43:00+00:00, run_after=2026-09-17 20:44:00+00:00
[2026-09-17T20:44:14.754+0000] {processor.py:208} INFO - Processing /home/airflow/.local/lib/python3.12/site-packages/airflow/example_dags/example_branch_python_dop_operator_3.py took 0.184 seconds
[2026-09-17T20:44:46.703+0000] {processor.py:186} INFO - Started process (PID=2036) to work on /home/airflow/.local/lib/python3.12/site-packages/airflow/example_dags/example_branch_python_dop_operator_3.py
[2026-09-17T20:44:46.705+0000] {processor.py:914} INFO - Processing file /home/airflow/.local/lib/python3.12/site-packages/airflow/example_dags/example_branch_python_dop_operator_3.py for tasks to queue
[2026-09-17T20:44:46.708+0000] {logging_mixin.py:190} INFO - [2026-09-17T20:44:46.707+0000] {dagbag.py:588} INFO - Filling up the DagBag from /home/airflow/.local/lib/python3.12/site-packages/airflow/example_dags/example_branch_python_dop_operator_3.py
[2026-09-17T20:44:46.724+0000] {processor.py:925} INFO - DAG(s) 'example_branch_dop_operator_v3' retrieved from /home/airflow/.local/lib/python3.12/site-packages/airflow/example_dags/example_branch_python_dop_operator_3.py
[2026-09-17T20:44:46.757+0000] {logging_mixin.py:190} INFO - [2026-09-17T20:44:46.757+0000] {dag.py:3239} INFO - Sync 1 DAGs
[2026-09-17T20:44:46.793+0000] {logging_mixin.py:190} INFO - [2026-09-17T20:44:46.793+0000] {dag.py:4180} INFO - Setting next_dagrun for example_branch_dop_operator_v3 to 2026-09-17 20:43:00+00:00, run_after=2026-09-17 20:44:00+00:00
[2026-09-17T20:44:46.893+0000] {processor.py:208} INFO - Processing /home/airflow/.local/lib/python3.12/site-packages/airflow/example_dags/example_branch_python_dop_operator_3.py took 0.199 seconds
[2026-09-17T20:45:29.760+0000] {processor.py:186} INFO - Started process (PID=2099) to work on /home/airflow/.local/lib/python3.12/site-packages/airflow/example_dags/example_branch_python_dop_operator_3.py
[2026-09-17T20:45:29.769+0000] {processor.py:914} INFO - Processing file /home/airflow/.local/lib/python3.12/site-packages/airflow/example_dags/example_branch_python_dop_operator_3.py for tasks to queue
[2026-09-17T20:45:29.772+0000] {logging_mixin.py:190} INFO - [2026-09-17T20:45:29.771+0000] {dagbag.py:588} INFO - Filling up the DagBag from /home/airflow/.local/lib/python3.12/site-packages/airflow/example_dags/example_branch_python_dop_operator_3.py
[2026-09-17T20:45:29.930+0000] {processor.py:925} INFO - DAG(s) 'example_branch_dop_operator_v3' retrieved from /home/airflow/.local/lib/python3.12/site-packages/airflow/example_dags/example_branch_python_dop_operator_3.py
[2026-09-17T20:45:29.956+0000] {logging_mixin.py:190} INFO - [2026-09-17T20:45:29.956+0000] {dag.py:3239} INFO - Sync 1 DAGs
[2026-09-17T20:45:29.981+0000] {logging_mixin.py:190} INFO - [2026-09-17T20:45:29.981+0000] {dag.py:4180} INFO - Setting next_dagrun for example_branch_dop_operator_v3 to 2026-09-17 20:44:00+00:00, run_after=2026-09-17 20:45:00+00:00
[2026-09-17T20:45:30.318+0000] {processor.py:208} INFO - Processing /home/airflow/.local/lib/python3.12/site-packages/airflow/example_dags/example_branch_python_dop_operator_3.py took 0.692 seconds
[2026-09-17T20:46:02.459+0000] {processor.py:186} INFO - Started process (PID=2163) to work on /home/airflow/.local/lib/python3.12/site-packages/airflow/example_dags/example_branch_python_dop_operator_3.py
[2026-09-17T20:46:02.462+0000] {processor.py:914} INFO - Processing file /home/airflow/.local/lib/python3.12/site-packages/airflow/example_dags/example_branch_python_dop_operator_3.py for tasks to queue
[2026-09-17T20:46:02.464+0000] {logging_mixin.py:190} INFO - [2026-09-17T20:46:02.463+0000] {dagbag.py:588} INFO - Filling up the DagBag from /home/airflow/.local/lib/python3.12/site-packages/airflow/example_dags/example_branch_python_dop_operator_3.py
[2026-09-17T20:46:02.477+0000] {processor.py:925} INFO - DAG(s) 'example_branch_dop_operator_v3' retrieved from /home/airflow/.local/lib/python3.12/site-packages/airflow/example_dags/example_branch_python_dop_operator_3.py
[2026-09-17T20:46:02.506+0000] {logging_mixin.py:190} INFO - [2026-09-17T20:46:02.506+0000] {dag.py:3239} INFO - Sync 1 DAGs
[2026-09-17T20:46:02.535+0000] {logging_mixin.py:190} INFO - [2026-09-17T20:46:02.535+0000] {dag.py:4180} INFO - Setting next_dagrun for example_branch_dop_operator_v3 to 2026-09-17 20:45:00+00:00, run_after=2026-09-17 20:46:00+00:00
[2026-09-17T20:46:02.562+0000] {processor.py:208} INFO - Processing /home/airflow/.local/lib/python3.12/site-packages/airflow/example_dags/example_branch_python_dop_operator_3.py took 0.111 seconds
[2026-09-17T20:46:33.353+0000] {processor.py:186} INFO - Started process (PID=2228) to work on /home/airflow/.local/lib/python3.12/site-packages/airflow/example_dags/example_branch_python_dop_operator_3.py
[2026-09-17T20:46:33.356+0000] {processor.py:914} INFO - Processing file /home/airflow/.local/lib/python3.12/site-packages/airflow/example_dags/example_branch_python_dop_operator_3.py for tasks to queue
[2026-09-17T20:46:33.359+0000] {logging_mixin.py:190} INFO - [2026-09-17T20:46:33.358+0000] {dagbag.py:588} INFO - Filling up the DagBag from /home/airflow/.local/lib/python3.12/site-packages/airflow/example_dags/example_branch_python_dop_operator_3.py
[2026-09-17T20:46:33.374+0000] {processor.py:925} INFO - DAG(s) 'example_branch_dop_operator_v3' retrieved from /home/airflow/.local/lib/python3.12/site-packages/airflow/example_dags/example_branch_python_dop_operator_3.py
[2026-09-17T20:46:33.801+0000] {logging_mixin.py:190} INFO - [2026-09-17T20:46:33.800+0000] {dag.py:3239} INFO - Sync 1 DAGs
[2026-09-17T20:46:34.156+0000] {logging_mixin.py:190} INFO - [2026-09-17T20:46:34.156+0000] {dag.py:4180} INFO - Setting next_dagrun for example_branch_dop_operator_v3 to 2026-09-17 20:45:00+00:00, run_after=2026-09-17 20:46:00+00:00
[2026-09-17T20:46:34.276+0000] {processor.py:208} INFO - Processing /home/airflow/.local/lib/python3.12/site-packages/airflow/example_dags/example_branch_python_dop_operator_3.py took 1.044 seconds
[2026-09-17T20:47:04.441+0000] {processor.py:186} INFO - Started process (PID=2292) to work on /home/airflow/.local/lib/python3.12/site-packages/airflow/example_dags/example_branch_python_dop_operator_3.py
[2026-09-17T20:47:04.444+0000] {processor.py:914} INFO - Processing file /home/airflow/.local/lib/python3.12/site-packages/airflow/example_dags/example_branch_python_dop_operator_3.py for tasks to queue
[2026-09-17T20:47:04.449+0000] {logging_mixin.py:190} INFO - [2026-09-17T20:47:04.447+0000] {dagbag.py:588} INFO - Filling up the DagBag from /home/airflow/.local/lib/python3.12/site-packages/airflow/example_dags/example_branch_python_dop_operator_3.py
[2026-09-17T20:47:04.472+0000] {processor.py:925} INFO - DAG(s) 'example_branch_dop_operator_v3' retrieved from /home/airflow/.local/lib/python3.12/site-packages/airflow/example_dags/example_branch_python_dop_operator_3.py
[2026-09-17T20:47:04.516+0000] {logging_mixin.py:190} INFO - [2026-09-17T20:47:04.515+0000] {dag.py:3239} INFO - Sync 1 DAGs
[2026-09-17T20:47:04.581+0000] {logging_mixin.py:190} INFO - [2026-09-17T20:47:04.580+0000] {dag.py:4180} INFO - Setting next_dagrun for example_branch_dop_operator_v3 to 2026-09-17 20:46:00+00:00, run_after=2026-09-17 20:47:00+00:00
[2026-09-17T20:47:04.629+0000] {processor.py:208} INFO - Processing /home/airflow/.local/lib/python3.12/site-packages/airflow/example_dags/example_branch_python_dop_operator_3.py took 0.203 seconds
[2026-09-17T20:47:34.905+0000] {processor.py:186} INFO - Started process (PID=2356) to work on /home/airflow/.local/lib/python3.12/site-packages/airflow/example_dags/example_branch_python_dop_operator_3.py
[2026-09-17T20:47:34.908+0000] {processor.py:914} INFO - Processing file /home/airflow/.local/lib/python3.12/site-packages/airflow/example_dags/example_branch_python_dop_operator_3.py for tasks to queue
[2026-09-17T20:47:34.911+0000] {logging_mixin.py:190} INFO - [2026-09-17T20:47:34.910+0000] {dagbag.py:588} INFO - Filling up the DagBag from /home/airflow/.local/lib/python3.12/site-packages/airflow/example_dags/example_branch_python_dop_operator_3.py
[2026-09-17T20:47:34.934+0000] {processor.py:925} INFO - DAG(s) 'example_branch_dop_operator_v3' retrieved from /home/airflow/.local/lib/python3.12/site-packages/airflow/example_dags/example_branch_python_dop_operator_3.py
[2026-09-17T20:47:34.966+0000] {logging_mixin.py:190} INFO - [2026-09-17T20:47:34.966+0000] {dag.py:3239} INFO - Sync 1 DAGs
[2026-09-17T20:47:35.001+0000] {logging_mixin.py:190} INFO - [2026-09-17T20:47:35.000+0000] {dag.py:4180} INFO - Setting next_dagrun for example_branch_dop_operator_v3 to 2026-09-17 20:46:00+00:00, run_after=2026-09-17 20:47:00+00:00
[2026-09-17T20:47:35.027+0000] {processor.py:208} INFO - Processing /home/airflow/.local/lib/python3.12/site-packages/airflow/example_dags/example_branch_python_dop_operator_3.py took 0.135 seconds
[2026-09-17T20:48:05.169+0000] {processor.py:186} INFO - Started process (PID=2414) to work on /home/airflow/.local/lib/python3.12/site-packages/airflow/example_dags/example_branch_python_dop_operator_3.py
[2026-09-17T20:48:05.171+0000] {processor.py:914} INFO - Processing file /home/airflow/.local/lib/python3.12/site-packages/airflow/example_dags/example_branch_python_dop_operator_3.py for tasks to queue
[2026-09-17T20:48:05.173+0000] {logging_mixin.py:190} INFO - [2026-09-17T20:48:05.173+0000] {dagbag.py:588} INFO - Filling up the DagBag from /home/airflow/.local/lib/python3.12/site-packages/airflow/example_dags/example_branch_python_dop_operator_3.py
[2026-09-17T20:48:05.191+0000] {processor.py:925} INFO - DAG(s) 'example_branch_dop_operator_v3' retrieved from /home/airflow/.local/lib/python3.12/site-packages/airflow/example_dags/example_branch_python_dop_operator_3.py
[2026-09-17T20:48:05.221+0000] {logging_mixin.py:190} INFO - [2026-09-17T20:48:05.220+0000] {dag.py:3239} INFO - Sync 1 DAGs
[2026-09-17T20:48:05.252+0000] {logging_mixin.py:190} INFO - [2026-09-17T20:48:05.252+0000] {dag.py:4180} INFO - Setting next_dagrun for example_branch_dop_operator_v3 to 2026-09-17 20:47:00+00:00, run_after=2026-09-17 20:48:00+00:00
[2026-09-17T20:48:05.281+0000] {processor.py:208} INFO - Processing /home/airflow/.local/lib/python3.12/site-packages/airflow/example_dags/example_branch_python_dop_operator_3.py took 0.119 seconds
[2026-09-17T20:48:35.872+0000] {processor.py:186} INFO - Started process (PID=2478) to work on /home/airflow/.local/lib/python3.12/site-packages/airflow/example_dags/example_branch_python_dop_operator_3.py
[2026-09-17T20:48:35.876+0000] {processor.py:914} INFO - Processing file /home/airflow/.local/lib/python3.12/site-packages/airflow/example_dags/example_branch_python_dop_operator_3.py for tasks to queue
[2026-09-17T20:48:35.879+0000] {logging_mixin.py:190} INFO - [2026-09-17T20:48:35.878+0000] {dagbag.py:588} INFO - Filling up the DagBag from /home/airflow/.local/lib/python3.12/site-packages/airflow/example_dags/example_branch_python_dop_operator_3.py
[2026-09-17T20:48:35.897+0000] {processor.py:925} INFO - DAG(s) 'example_branch_dop_operator_v3' retrieved from /home/airflow/.local/lib/python3.12/site-packages/airflow/example_dags/example_branch_python_dop_operator_3.py
[2026-09-17T20:48:35.927+0000] {logging_mixin.py:190} INFO - [2026-09-17T20:48:35.927+0000] {dag.py:3239} INFO - Sync 1 DAGs
[2026-09-17T20:48:35.956+0000] {logging_mixin.py:190} INFO - [2026-09-17T20:48:35.956+0000] {dag.py:4180} INFO - Setting next_dagrun for example_branch_dop_operator_v3 to 2026-09-17 20:47:00+00:00, run_after=2026-09-17 20:48:00+00:00
[2026-09-17T20:48:35.983+0000] {processor.py:208} INFO - Processing /home/airflow/.local/lib/python3.12/site-packages/airflow/example_dags/example_branch_python_dop_operator_3.py took 0.125 seconds
