[2026-09-17T18:40:45.221+0000] {processor.py:161} INFO - Started process (PID=80) to work on /home/airflow/.local/lib/python3.8/site-packages/airflow/example_dags/example_latest_only_with_trigger.py
[2026-09-17T18:40:45.223+0000] {processor.py:830} INFO - Processing file /home/airflow/.local/lib/python3.8/site-packages/airflow/example_dags/example_latest_only_with_trigger.py for tasks to queue
[2026-09-17T18:40:45.227+0000] {logging_mixin.py:188} INFO - [2026-09-17T18:40:45.227+0000] {dagbag.py:538} INFO - Filling up the DagBag from /home/airflow/.local/lib/python3.8/site-packages/airflow/example_dags/example_latest_only_with_trigger.py
[2026-09-17T18:40:45.237+0000] {processor.py:840} INFO - DAG(s) 'latest_only_with_trigger' retrieved from /home/airflow/.local/lib/python3.8/site-packages/airflow/example_dags/example_latest_only_with_trigger.py
[2026-09-17T18:40:45.257+0000] {logging_mixin.py:188} INFO - [2026-09-17T18:40:45.257+0000] {dag.py:3036} INFO - Sync 1 DAGs
[2026-09-17T18:40:45.286+0000] {logging_mixin.py:188} INFO - [2026-09-17T18:40:45.286+0000] {dag.py:3823} INFO - Setting next_dagrun for latest_only_with_trigger to 2026-09-17 12:00:00+00:00, run_after=2026-09-17 16:00:00+00:00
[2026-09-17T18:40:45.317+0000] {processor.py:183} INFO - Processing /home/airflow/.local/lib/python3.8/site-packages/airflow/example_dags/example_latest_only_with_trigger.py took 0.104 seconds
[2026-09-17T18:41:17.366+0000] {processor.py:161} INFO - Started process (PID=137) to work on /home/airflow/.local/lib/python3.8/site-packages/airflow/example_dags/example_latest_only_with_trigger.py
[2026-09-17T18:41:17.370+0000] {processor.py:830} INFO - Processing file /home/airflow/.local/lib/python3.8/site-packages/airflow/example_dags/example_latest_only_with_trigger.py for tasks to queue
[2026-09-17T18:41:17.377+0000] {logging_mixin.py:188} INFO - [2026-09-17T18:41:17.376+0000] {dagbag.py:538} INFO - Filling up the DagBag from /home/airflow/.local/lib/python3.8/site-packages/airflow/example_dags/example_latest_only_with_trigger.py
[2026-09-17T18:41:17.396+0000] {processor.py:840} INFO - DAG(s) 'latest_only_with_trigger' retrieved from /home/airflow/.local/lib/python3.8/site-packages/airflow/example_dags/example_latest_only_with_trigger.py
[2026-09-17T18:41:17.620+0000] {logging_mixin.py:188} INFO - [2026-09-17T18:41:17.620+0000] {dag.py:3036} INFO - Sync 1 DAGs
[2026-09-17T18:41:17.654+0000] {logging_mixin.py:188} INFO - [2026-09-17T18:41:17.654+0000] {dag.py:3823} INFO - Setting next_dagrun for latest_only_with_trigger to 2026-09-17 12:00:00+00:00, run_after=2026-09-17 16:00:00+00:00
[2026-09-17T18:41:17.697+0000] {processor.py:183} INFO - Processing /home/airflow/.local/lib/python3.8/site-packages/airflow/example_dags/example_latest_only_with_trigger.py took 0.340 seconds
[2026-09-17T18:41:48.220+0000] {processor.py:161} INFO - Started process (PID=186) to work on /home/airflow/.local/lib/python3.8/site-packages/airflow/example_dags/example_latest_only_with_trigger.py
[2026-09-17T18:41:48.223+0000] {processor.py:830} INFO - Processing file /home/airflow/.local/lib/python3.8/site-packages/airflow/example_dags/example_latest_only_with_trigger.py for tasks to queue
[2026-09-17T18:41:48.227+0000] {logging_mixin.py:188} INFO - [2026-09-17T18:41:48.226+0000] {dagbag.py:538} INFO - Filling up the DagBag from /home/airflow/.local/lib/python3.8/site-packages/airflow/example_dags/example_latest_only_with_trigger.py
[2026-09-17T18:41:48.236+0000] {processor.py:840} INFO - DAG(s) 'latest_only_with_trigger' retrieved from /home/airflow/.local/lib/python3.8/site-packages/airflow/example_dags/example_latest_only_with_trigger.py
[2026-09-17T18:41:48.262+0000] {logging_mixin.py:188} INFO - [2026-09-17T18:41:48.261+0000] {dag.py:3036} INFO - Sync 1 DAGs
[2026-09-17T18:41:48.293+0000] {logging_mixin.py:188} INFO - [2026-09-17T18:41:48.293+0000] {dag.py:3823} INFO - Setting next_dagrun for latest_only_with_trigger to 2026-09-17 12:00:00+00:00, run_after=2026-09-17 16:00:00+00:00
[2026-09-17T18:41:48.328+0000] {processor.py:183} INFO - Processing /home/airflow/.local/lib/python3.8/site-packages/airflow/example_dags/example_latest_only_with_trigger.py took 0.114 seconds
[2026-09-17T18:42:19.222+0000] {processor.py:161} INFO - Started process (PID=243) to work on /home/airflow/.local/lib/python3.8/site-packages/airflow/example_dags/example_latest_only_with_trigger.py
[2026-09-17T18:42:19.224+0000] {processor.py:830} INFO - Processing file /home/airflow/.local/lib/python3.8/site-packages/airflow/example_dags/example_latest_only_with_trigger.py for tasks to queue
[2026-09-17T18:42:19.227+0000] {logging_mixin.py:188} INFO - [2026-09-17T18:42:19.227+0000] {dagbag.py:538} INFO - Filling up the DagBag from /home/airflow/.local/lib/python3.8/site-packages/airflow/example_dags/example_latest_only_with_trigger.py
[2026-09-17T18:42:19.234+0000] {processor.py:840} INFO - DAG(s) 'latest_only_with_trigger' retrieved from /home/airflow/.local/lib/python3.8/site-packages/airflow/example_dags/example_latest_only_with_trigger.py
[2026-09-17T18:42:19.254+0000] {logging_mixin.py:188} INFO - [2026-09-17T18:42:19.254+0000] {dag.py:3036} INFO - Sync 1 DAGs
[2026-09-17T18:42:19.280+0000] {logging_mixin.py:188} INFO - [2026-09-17T18:42:19.280+0000] {dag.py:3823} INFO - Setting next_dagrun for latest_only_with_trigger to 2026-09-17 12:00:00+00:00, run_after=2026-09-17 16:00:00+00:00
[2026-09-17T18:42:19.308+0000] {processor.py:183} INFO - Processing /home/airflow/.local/lib/python3.8/site-packages/airflow/example_dags/example_latest_only_with_trigger.py took 0.090 seconds
[2026-09-17T18:42:50.159+0000] {processor.py:161} INFO - Started process (PID=300) to work on /home/airflow/.local/lib/python3.8/site-packages/airflow/example_dags/example_latest_only_with_trigger.py
[2026-09-17T18:42:50.161+0000] {processor.py:830} INFO - Processing file /home/airflow/.local/lib/python3.8/site-packages/airflow/example_dags/example_latest_only_with_trigger.py for tasks to queue
[2026-09-17T18:42:50.165+0000] {logging_mixin.py:188} INFO - [2026-09-17T18:42:50.165+0000] {dagbag.py:538} INFO - Filling up the DagBag from /home/airflow/.local/lib/python3.8/site-packages/airflow/example_dags/example_latest_only_with_trigger.py
[2026-09-17T18:42:50.173+0000] {processor.py:840} INFO - DAG(s) 'latest_only_with_trigger' retrieved from /home/airflow/.local/lib/python3.8/site-packages/airflow/example_dags/example_latest_only_with_trigger.py
[2026-09-17T18:42:50.354+0000] {logging_mixin.py:188} INFO - [2026-09-17T18:42:50.354+0000] {dag.py:3036} INFO - Sync 1 DAGs
[2026-09-17T18:42:50.395+0000] {logging_mixin.py:188} INFO - [2026-09-17T18:42:50.395+0000] {dag.py:3823} INFO - Setting next_dagrun for latest_only_with_trigger to 2026-09-17 12:00:00+00:00, run_after=2026-09-17 16:00:00+00:00
[2026-09-17T18:42:50.455+0000] {processor.py:183} INFO - Processing /home/airflow/.local/lib/python3.8/site-packages/airflow/example_dags/example_latest_only_with_trigger.py took 0.300 seconds
[2026-09-17T18:43:22.714+0000] {processor.py:161} INFO - Started process (PID=357) to work on /home/airflow/.local/lib/python3.8/site-packages/airflow/example_dags/example_latest_only_with_trigger.py
[2026-09-17T18:43:22.719+0000] {processor.py:830} INFO - Processing file /home/airflow/.local/lib/python3.8/site-packages/airflow/example_dags/example_latest_only_with_trigger.py for tasks to queue
[2026-09-17T18:43:22.730+0000] {logging_mixin.py:188} INFO - [2026-09-17T18:43:22.728+0000] {dagbag.py:538} INFO - Filling up the DagBag from /home/airflow/.local/lib/python3.8/site-packages/airflow/example_dags/example_latest_only_with_trigger.py
[2026-09-17T18:43:22.750+0000] {processor.py:840} INFO - DAG(s) 'latest_only_with_trigger' retrieved from /home/airflow/.local/lib/python3.8/site-packages/airflow/example_dags/example_latest_only_with_trigger.py
[2026-09-17T18:43:22.811+0000] {logging_mixin.py:188} INFO - [2026-09-17T18:43:22.811+0000] {dag.py:3036} INFO - Sync 1 DAGs
[2026-09-17T18:43:22.877+0000] {logging_mixin.py:188} INFO - [2026-09-17T18:43:22.876+0000] {dag.py:3823} INFO - Setting next_dagrun for latest_only_with_trigger to 2026-09-17 12:00:00+00:00, run_after=2026-09-17 16:00:00+00:00
[2026-09-17T18:43:22.928+0000] {processor.py:183} INFO - Processing /home/airflow/.local/lib/python3.8/site-packages/airflow/example_dags/example_latest_only_with_trigger.py took 0.224 seconds
[2026-09-17T18:44:16.175+0000] {processor.py:161} INFO - Started process (PID=422) to work on /home/airflow/.local/lib/python3.8/site-packages/airflow/example_dags/example_latest_only_with_trigger.py
[2026-09-17T18:44:16.179+0000] {processor.py:830} INFO - Processing file /home/airflow/.local/lib/python3.8/site-packages/airflow/example_dags/example_latest_only_with_trigger.py for tasks to queue
[2026-09-17T18:44:16.184+0000] {logging_mixin.py:188} INFO - [2026-09-17T18:44:16.183+0000] {dagbag.py:538} INFO - Filling up the DagBag from /home/airflow/.local/lib/python3.8/site-packages/airflow/example_dags/example_latest_only_with_trigger.py
[2026-09-17T18:44:16.197+0000] {processor.py:840} INFO - DAG(s) 'latest_only_with_trigger' retrieved from /home/airflow/.local/lib/python3.8/site-packages/airflow/example_dags/example_latest_only_with_trigger.py
[2026-09-17T18:44:16.781+0000] {logging_mixin.py:188} INFO - [2026-09-17T18:44:16.780+0000] {dag.py:3036} INFO - Sync 1 DAGs
[2026-09-17T18:44:16.849+0000] {logging_mixin.py:188} INFO - [2026-09-17T18:44:16.848+0000] {dag.py:3823} INFO - Setting next_dagrun for latest_only_with_trigger to 2026-09-17 12:00:00+00:00, run_after=2026-09-17 16:00:00+00:00
[2026-09-17T18:44:17.744+0000] {processor.py:183} INFO - Processing /home/airflow/.local/lib/python3.8/site-packages/airflow/example_dags/example_latest_only_with_trigger.py took 1.578 seconds
[2026-09-17T18:44:48.594+0000] {processor.py:161} INFO - Started process (PID=479) to work on /home/airflow/.local/lib/python3.8/site-packages/airflow/example_dags/example_latest_only_with_trigger.py
[2026-09-17T18:44:48.597+0000] {processor.py:830} INFO - Processing file /home/airflow/.local/lib/python3.8/site-packages/airflow/example_dags/example_latest_only_with_trigger.py for tasks to queue
[2026-09-17T18:44:48.625+0000] {logging_mixin.py:188} INFO - [2026-09-17T18:44:48.623+0000] {dagbag.py:538} INFO - Filling up the DagBag from /home/airflow/.local/lib/python3.8/site-packages/airflow/example_dags/example_latest_only_with_trigger.py
[2026-09-17T18:44:48.640+0000] {processor.py:840} INFO - DAG(s) 'latest_only_with_trigger' retrieved from /home/airflow/.local/lib/python3.8/site-packages/airflow/example_dags/example_latest_only_with_trigger.py
[2026-09-17T18:44:48.672+0000] {logging_mixin.py:188} INFO - [2026-09-17T18:44:48.672+0000] {dag.py:3036} INFO - Sync 1 DAGs
[2026-09-17T18:44:48.700+0000] {logging_mixin.py:188} INFO - [2026-09-17T18:44:48.700+0000] {dag.py:3823} INFO - Setting next_dagrun for latest_only_with_trigger to 2026-09-17 12:00:00+00:00, run_after=2026-09-17 16:00:00+00:00
[2026-09-17T18:44:50.066+0000] {processor.py:183} INFO - Processing /home/airflow/.local/lib/python3.8/site-packages/airflow/example_dags/example_latest_only_with_trigger.py took 1.476 seconds
[2026-09-17T18:45:20.241+0000] {processor.py:161} INFO - Started process (PID=528) to work on /home/airflow/.local/lib/python3.8/site-packages/airflow/example_dags/example_latest_only_with_trigger.py
[2026-09-17T18:45:20.243+0000] {processor.py:830} INFO - Processing file /home/airflow/.local/lib/python3.8/site-packages/airflow/example_dags/example_latest_only_with_trigger.py for tasks to queue
[2026-09-17T18:45:20.246+0000] {logging_mixin.py:188} INFO - [2026-09-17T18:45:20.245+0000] {dagbag.py:538} INFO - Filling up the DagBag from /home/airflow/.local/lib/python3.8/site-packages/airflow/example_dags/example_latest_only_with_trigger.py
[2026-09-17T18:45:20.252+0000] {processor.py:840} INFO - DAG(s) 'latest_only_with_trigger' retrieved from /home/airflow/.local/lib/python3.8/site-packages/airflow/example_dags/example_latest_only_with_trigger.py
[2026-09-17T18:45:20.281+0000] {logging_mixin.py:188} INFO - [2026-09-17T18:45:20.281+0000] {dag.py:3036} INFO - Sync 1 DAGs
[2026-09-17T18:45:20.312+0000] {logging_mixin.py:188} INFO - [2026-09-17T18:45:20.311+0000] {dag.py:3823} INFO - Setting next_dagrun for latest_only_with_trigger to 2026-09-17 12:00:00+00:00, run_after=2026-09-17 16:00:00+00:00
[2026-09-17T18:45:20.719+0000] {processor.py:183} INFO - Processing /home/airflow/.local/lib/python3.8/site-packages/airflow/example_dags/example_latest_only_with_trigger.py took 0.481 seconds
[2026-09-17T18:45:51.643+0000] {processor.py:161} INFO - Started process (PID=585) to work on /home/airflow/.local/lib/python3.8/site-packages/airflow/example_dags/example_latest_only_with_trigger.py
[2026-09-17T18:45:51.646+0000] {processor.py:830} INFO - Processing file /home/airflow/.local/lib/python3.8/site-packages/airflow/example_dags/example_latest_only_with_trigger.py for tasks to queue
[2026-09-17T18:45:51.649+0000] {logging_mixin.py:188} INFO - [2026-09-17T18:45:51.649+0000] {dagbag.py:538} INFO - Filling up the DagBag from /home/airflow/.local/lib/python3.8/site-packages/airflow/example_dags/example_latest_only_with_trigger.py
[2026-09-17T18:45:51.660+0000] {processor.py:840} INFO - DAG(s) 'latest_only_with_trigger' retrieved from /home/airflow/.local/lib/python3.8/site-packages/airflow/example_dags/example_latest_only_with_trigger.py
[2026-09-17T18:45:51.699+0000] {logging_mixin.py:188} INFO - [2026-09-17T18:45:51.698+0000] {dag.py:3036} INFO - Sync 1 DAGs
[2026-09-17T18:45:51.736+0000] {logging_mixin.py:188} INFO - [2026-09-17T18:45:51.736+0000] {dag.py:3823} INFO - Setting next_dagrun for latest_only_with_trigger to 2026-09-17 12:00:00+00:00, run_after=2026-09-17 16:00:00+00:00
[2026-09-17T18:45:53.115+0000] {processor.py:183} INFO - Processing /home/airflow/.local/lib/python3.8/site-packages/airflow/example_dags/example_latest_only_with_trigger.py took 1.475 seconds
[2026-09-17T18:47:23.543+0000] {processor.py:186} INFO - Started process (PID=102) to work on /home/airflow/.local/lib/python3.12/site-packages/airflow/example_dags/example_latest_only_with_trigger.py
[2026-09-17T18:47:23.544+0000] {processor.py:914} INFO - Processing file /home/airflow/.local/lib/python3.12/site-packages/airflow/example_dags/example_latest_only_with_trigger.py for tasks to queue
[2026-09-17T18:47:23.548+0000] {logging_mixin.py:190} INFO - [2026-09-17T18:47:23.548+0000] {dagbag.py:588} INFO - Filling up the DagBag from /home/airflow/.local/lib/python3.12/site-packages/airflow/example_dags/example_latest_only_with_trigger.py
[2026-09-17T18:47:23.558+0000] {processor.py:925} INFO - DAG(s) 'latest_only_with_trigger' retrieved from /home/airflow/.local/lib/python3.12/site-packages/airflow/example_dags/example_latest_only_with_trigger.py
[2026-09-17T18:47:23.687+0000] {logging_mixin.py:190} INFO - [2026-09-17T18:47:23.687+0000] {dag.py:3239} INFO - Sync 1 DAGs
[2026-09-17T18:47:23.710+0000] {logging_mixin.py:190} INFO - [2026-09-17T18:47:23.710+0000] {dag.py:4180} INFO - Setting next_dagrun for latest_only_with_trigger to 2026-09-17 12:00:00+00:00, run_after=2026-09-17 16:00:00+00:00
[2026-09-17T18:47:23.738+0000] {processor.py:208} INFO - Processing /home/airflow/.local/lib/python3.12/site-packages/airflow/example_dags/example_latest_only_with_trigger.py took 0.202 seconds
[2026-09-17T18:47:54.567+0000] {processor.py:186} INFO - Started process (PID=167) to work on /home/airflow/.local/lib/python3.12/site-packages/airflow/example_dags/example_latest_only_with_trigger.py
[2026-09-17T18:47:54.569+0000] {processor.py:914} INFO - Processing file /home/airflow/.local/lib/python3.12/site-packages/airflow/example_dags/example_latest_only_with_trigger.py for tasks to queue
[2026-09-17T18:47:54.575+0000] {logging_mixin.py:190} INFO - [2026-09-17T18:47:54.574+0000] {dagbag.py:588} INFO - Filling up the DagBag from /home/airflow/.local/lib/python3.12/site-packages/airflow/example_dags/example_latest_only_with_trigger.py
[2026-09-17T18:47:54.587+0000] {processor.py:925} INFO - DAG(s) 'latest_only_with_trigger' retrieved from /home/airflow/.local/lib/python3.12/site-packages/airflow/example_dags/example_latest_only_with_trigger.py
[2026-09-17T18:47:54.620+0000] {logging_mixin.py:190} INFO - [2026-09-17T18:47:54.619+0000] {dag.py:3239} INFO - Sync 1 DAGs
[2026-09-17T18:47:54.652+0000] {logging_mixin.py:190} INFO - [2026-09-17T18:47:54.651+0000] {dag.py:4180} INFO - Setting next_dagrun for latest_only_with_trigger to 2026-09-17 12:00:00+00:00, run_after=2026-09-17 16:00:00+00:00
[2026-09-17T18:47:54.681+0000] {processor.py:208} INFO - Processing /home/airflow/.local/lib/python3.12/site-packages/airflow/example_dags/example_latest_only_with_trigger.py took 0.123 seconds
[2026-09-17T18:48:24.973+0000] {processor.py:186} INFO - Started process (PID=232) to work on /home/airflow/.local/lib/python3.12/site-packages/airflow/example_dags/example_latest_only_with_trigger.py
[2026-09-17T18:48:24.976+0000] {processor.py:914} INFO - Processing file /home/airflow/.local/lib/python3.12/site-packages/airflow/example_dags/example_latest_only_with_trigger.py for tasks to queue
[2026-09-17T18:48:24.986+0000] {logging_mixin.py:190} INFO - [2026-09-17T18:48:24.983+0000] {dagbag.py:588} INFO - Filling up the DagBag from /home/airflow/.local/lib/python3.12/site-packages/airflow/example_dags/example_latest_only_with_trigger.py
[2026-09-17T18:48:25.008+0000] {processor.py:925} INFO - DAG(s) 'latest_only_with_trigger' retrieved from /home/airflow/.local/lib/python3.12/site-packages/airflow/example_dags/example_latest_only_with_trigger.py
[2026-09-17T18:48:25.053+0000] {logging_mixin.py:190} INFO - [2026-09-17T18:48:25.052+0000] {dag.py:3239} INFO - Sync 1 DAGs
[2026-09-17T18:48:25.107+0000] {logging_mixin.py:190} INFO - [2026-09-17T18:48:25.107+0000] {dag.py:4180} INFO - Setting next_dagrun for latest_only_with_trigger to 2026-09-17 12:00:00+00:00, run_after=2026-09-17 16:00:00+00:00
[2026-09-17T18:48:25.151+0000] {processor.py:208} INFO - Processing /home/airflow/.local/lib/python3.12/site-packages/airflow/example_dags/example_latest_only_with_trigger.py took 0.192 seconds
[2026-09-17T18:48:55.267+0000] {processor.py:186} INFO - Started process (PID=294) to work on /home/airflow/.local/lib/python3.12/site-packages/airflow/example_dags/example_latest_only_with_trigger.py
[2026-09-17T18:48:55.269+0000] {processor.py:914} INFO - Processing file /home/airflow/.local/lib/python3.12/site-packages/airflow/example_dags/example_latest_only_with_trigger.py for tasks to queue
[2026-09-17T18:48:55.273+0000] {logging_mixin.py:190} INFO - [2026-09-17T18:48:55.273+0000] {dagbag.py:588} INFO - Filling up the DagBag from /home/airflow/.local/lib/python3.12/site-packages/airflow/example_dags/example_latest_only_with_trigger.py
[2026-09-17T18:48:55.285+0000] {processor.py:925} INFO - DAG(s) 'latest_only_with_trigger' retrieved from /home/airflow/.local/lib/python3.12/site-packages/airflow/example_dags/example_latest_only_with_trigger.py
[2026-09-17T18:48:55.318+0000] {logging_mixin.py:190} INFO - [2026-09-17T18:48:55.318+0000] {dag.py:3239} INFO - Sync 1 DAGs
[2026-09-17T18:48:55.347+0000] {logging_mixin.py:190} INFO - [2026-09-17T18:48:55.347+0000] {dag.py:4180} INFO - Setting next_dagrun for latest_only_with_trigger to 2026-09-17 12:00:00+00:00, run_after=2026-09-17 16:00:00+00:00
[2026-09-17T18:48:55.380+0000] {processor.py:208} INFO - Processing /home/airflow/.local/lib/python3.12/site-packages/airflow/example_dags/example_latest_only_with_trigger.py took 0.122 seconds
[2026-09-17T18:49:25.856+0000] {processor.py:186} INFO - Started process (PID=353) to work on /home/airflow/.local/lib/python3.12/site-packages/airflow/example_dags/example_latest_only_with_trigger.py
[2026-09-17T18:49:25.858+0000] {processor.py:914} INFO - Processing file /home/airflow/.local/lib/python3.12/site-packages/airflow/example_dags/example_latest_only_with_trigger.py for tasks to queue
[2026-09-17T18:49:25.862+0000] {logging_mixin.py:190} INFO - [2026-09-17T18:49:25.861+0000] {dagbag.py:588} INFO - Filling up the DagBag from /home/airflow/.local/lib/python3.12/site-packages/airflow/example_dags/example_latest_only_with_trigger.py
[2026-09-17T18:49:25.871+0000] {processor.py:925} INFO - DAG(s) 'latest_only_with_trigger' retrieved from /home/airflow/.local/lib/python3.12/site-packages/airflow/example_dags/example_latest_only_with_trigger.py
[2026-09-17T18:49:25.901+0000] {logging_mixin.py:190} INFO - [2026-09-17T18:49:25.901+0000] {dag.py:3239} INFO - Sync 1 DAGs
[2026-09-17T18:49:25.927+0000] {logging_mixin.py:190} INFO - [2026-09-17T18:49:25.926+0000] {dag.py:4180} INFO - Setting next_dagrun for latest_only_with_trigger to 2026-09-17 12:00:00+00:00, run_after=2026-09-17 16:00:00+00:00
[2026-09-17T18:49:25.949+0000] {processor.py:208} INFO - Processing /home/airflow/.local/lib/python3.12/site-packages/airflow/example_dags/example_latest_only_with_trigger.py took 0.099 seconds
[2026-09-17T18:50:53.669+0000] {processor.py:186} INFO - Started process (PID=81) to work on /home/airflow/.local/lib/python3.12/site-packages/airflow/example_dags/example_latest_only_with_trigger.py
[2026-09-17T18:50:53.671+0000] {processor.py:914} INFO - Processing file /home/airflow/.local/lib/python3.12/site-packages/airflow/example_dags/example_latest_only_with_trigger.py for tasks to queue
[2026-09-17T18:50:53.674+0000] {logging_mixin.py:190} INFO - [2026-09-17T18:50:53.673+0000] {dagbag.py:588} INFO - Filling up the DagBag from /home/airflow/.local/lib/python3.12/site-packages/airflow/example_dags/example_latest_only_with_trigger.py
[2026-09-17T18:50:53.686+0000] {processor.py:925} INFO - DAG(s) 'latest_only_with_trigger' retrieved from /home/airflow/.local/lib/python3.12/site-packages/airflow/example_dags/example_latest_only_with_trigger.py
[2026-09-17T18:50:53.717+0000] {logging_mixin.py:190} INFO - [2026-09-17T18:50:53.717+0000] {dag.py:3239} INFO - Sync 1 DAGs
[2026-09-17T18:50:53.746+0000] {logging_mixin.py:190} INFO - [2026-09-17T18:50:53.746+0000] {dag.py:4180} INFO - Setting next_dagrun for latest_only_with_trigger to 2026-09-17 12:00:00+00:00, run_after=2026-09-17 16:00:00+00:00
[2026-09-17T18:50:53.772+0000] {processor.py:208} INFO - Processing /home/airflow/.local/lib/python3.12/site-packages/airflow/example_dags/example_latest_only_with_trigger.py took 0.109 seconds
[2026-09-17T18:51:25.892+0000] {processor.py:186} INFO - Started process (PID=146) to work on /home/airflow/.local/lib/python3.12/site-packages/airflow/example_dags/example_latest_only_with_trigger.py
[2026-09-17T18:51:25.894+0000] {processor.py:914} INFO - Processing file /home/airflow/.local/lib/python3.12/site-packages/airflow/example_dags/example_latest_only_with_trigger.py for tasks to queue
[2026-09-17T18:51:25.897+0000] {logging_mixin.py:190} INFO - [2026-09-17T18:51:25.896+0000] {dagbag.py:588} INFO - Filling up the DagBag from /home/airflow/.local/lib/python3.12/site-packages/airflow/example_dags/example_latest_only_with_trigger.py
[2026-09-17T18:51:25.907+0000] {processor.py:925} INFO - DAG(s) 'latest_only_with_trigger' retrieved from /home/airflow/.local/lib/python3.12/site-packages/airflow/example_dags/example_latest_only_with_trigger.py
[2026-09-17T18:51:25.945+0000] {logging_mixin.py:190} INFO - [2026-09-17T18:51:25.945+0000] {dag.py:3239} INFO - Sync 1 DAGs
[2026-09-17T18:51:25.985+0000] {logging_mixin.py:190} INFO - [2026-09-17T18:51:25.984+0000] {dag.py:4180} INFO - Setting next_dagrun for latest_only_with_trigger to 2026-09-17 12:00:00+00:00, run_after=2026-09-17 16:00:00+00:00
[2026-09-17T18:51:26.008+0000] {processor.py:208} INFO - Processing /home/airflow/.local/lib/python3.12/site-packages/airflow/example_dags/example_latest_only_with_trigger.py took 0.122 seconds
[2026-09-17T18:51:57.593+0000] {processor.py:186} INFO - Started process (PID=210) to work on /home/airflow/.local/lib/python3.12/site-packages/airflow/example_dags/example_latest_only_with_trigger.py
[2026-09-17T18:51:57.596+0000] {processor.py:914} INFO - Processing file /home/airflow/.local/lib/python3.12/site-packages/airflow/example_dags/example_latest_only_with_trigger.py for tasks to queue
[2026-09-17T18:51:57.598+0000] {logging_mixin.py:190} INFO - [2026-09-17T18:51:57.597+0000] {dagbag.py:588} INFO - Filling up the DagBag from /home/airflow/.local/lib/python3.12/site-packages/airflow/example_dags/example_latest_only_with_trigger.py
[2026-09-17T18:51:57.609+0000] {processor.py:925} INFO - DAG(s) 'latest_only_with_trigger' retrieved from /home/airflow/.local/lib/python3.12/site-packages/airflow/example_dags/example_latest_only_with_trigger.py
[2026-09-17T18:51:57.644+0000] {logging_mixin.py:190} INFO - [2026-09-17T18:51:57.644+0000] {dag.py:3239} INFO - Sync 1 DAGs
[2026-09-17T18:51:57.675+0000] {logging_mixin.py:190} INFO - [2026-09-17T18:51:57.675+0000] {dag.py:4180} INFO - Setting next_dagrun for latest_only_with_trigger to 2026-09-17 12:00:00+00:00, run_after=2026-09-17 16:00:00+00:00
[2026-09-17T18:51:57.704+0000] {processor.py:208} INFO - Processing /home/airflow/.local/lib/python3.12/site-packages/airflow/example_dags/example_latest_only_with_trigger.py took 0.119 seconds
[2026-09-17T18:52:28.139+0000] {processor.py:186} INFO - Started process (PID=268) to work on /home/airflow/.local/lib/python3.12/site-packages/airflow/example_dags/example_latest_only_with_trigger.py
[2026-09-17T18:52:28.141+0000] {processor.py:914} INFO - Processing file /home/airflow/.local/lib/python3.12/site-packages/airflow/example_dags/example_latest_only_with_trigger.py for tasks to queue
[2026-09-17T18:52:28.143+0000] {logging_mixin.py:190} INFO - [2026-09-17T18:52:28.143+0000] {dagbag.py:588} INFO - Filling up the DagBag from /home/airflow/.local/lib/python3.12/site-packages/airflow/example_dags/example_latest_only_with_trigger.py
[2026-09-17T18:52:28.154+0000] {processor.py:925} INFO - DAG(s) 'latest_only_with_trigger' retrieved from /home/airflow/.local/lib/python3.12/site-packages/airflow/example_dags/example_latest_only_with_trigger.py
[2026-09-17T18:52:28.184+0000] {logging_mixin.py:190} INFO - [2026-09-17T18:52:28.184+0000] {dag.py:3239} INFO - Sync 1 DAGs
[2026-09-17T18:52:28.210+0000] {logging_mixin.py:190} INFO - [2026-09-17T18:52:28.210+0000] {dag.py:4180} INFO - Setting next_dagrun for latest_only_with_trigger to 2026-09-17 12:00:00+00:00, run_after=2026-09-17 16:00:00+00:00
[2026-09-17T18:52:28.231+0000] {processor.py:208} INFO - Processing /home/airflow/.local/lib/python3.12/site-packages/airflow/example_dags/example_latest_only_with_trigger.py took 0.099 seconds
[2026-09-17T18:52:58.448+0000] {processor.py:186} INFO - Started process (PID=332) to work on /home/airflow/.local/lib/python3.12/site-packages/airflow/example_dags/example_latest_only_with_trigger.py
[2026-09-17T18:52:58.450+0000] {processor.py:914} INFO - Processing file /home/airflow/.local/lib/python3.12/site-packages/airflow/example_dags/example_latest_only_with_trigger.py for tasks to queue
[2026-09-17T18:52:58.453+0000] {logging_mixin.py:190} INFO - [2026-09-17T18:52:58.453+0000] {dagbag.py:588} INFO - Filling up the DagBag from /home/airflow/.local/lib/python3.12/site-packages/airflow/example_dags/example_latest_only_with_trigger.py
[2026-09-17T18:52:58.466+0000] {processor.py:925} INFO - DAG(s) 'latest_only_with_trigger' retrieved from /home/airflow/.local/lib/python3.12/site-packages/airflow/example_dags/example_latest_only_with_trigger.py
[2026-09-17T18:52:58.499+0000] {logging_mixin.py:190} INFO - [2026-09-17T18:52:58.498+0000] {dag.py:3239} INFO - Sync 1 DAGs
[2026-09-17T18:52:58.527+0000] {logging_mixin.py:190} INFO - [2026-09-17T18:52:58.526+0000] {dag.py:4180} INFO - Setting next_dagrun for latest_only_with_trigger to 2026-09-17 12:00:00+00:00, run_after=2026-09-17 16:00:00+00:00
[2026-09-17T18:52:58.553+0000] {processor.py:208} INFO - Processing /home/airflow/.local/lib/python3.12/site-packages/airflow/example_dags/example_latest_only_with_trigger.py took 0.114 seconds
[2026-09-17T18:53:29.238+0000] {processor.py:186} INFO - Started process (PID=396) to work on /home/airflow/.local/lib/python3.12/site-packages/airflow/example_dags/example_latest_only_with_trigger.py
[2026-09-17T18:53:29.240+0000] {processor.py:914} INFO - Processing file /home/airflow/.local/lib/python3.12/site-packages/airflow/example_dags/example_latest_only_with_trigger.py for tasks to queue
[2026-09-17T18:53:29.243+0000] {logging_mixin.py:190} INFO - [2026-09-17T18:53:29.242+0000] {dagbag.py:588} INFO - Filling up the DagBag from /home/airflow/.local/lib/python3.12/site-packages/airflow/example_dags/example_latest_only_with_trigger.py
[2026-09-17T18:53:29.252+0000] {processor.py:925} INFO - DAG(s) 'latest_only_with_trigger' retrieved from /home/airflow/.local/lib/python3.12/site-packages/airflow/example_dags/example_latest_only_with_trigger.py
[2026-09-17T18:53:29.277+0000] {logging_mixin.py:190} INFO - [2026-09-17T18:53:29.277+0000] {dag.py:3239} INFO - Sync 1 DAGs
[2026-09-17T18:53:29.301+0000] {logging_mixin.py:190} INFO - [2026-09-17T18:53:29.300+0000] {dag.py:4180} INFO - Setting next_dagrun for latest_only_with_trigger to 2026-09-17 12:00:00+00:00, run_after=2026-09-17 16:00:00+00:00
[2026-09-17T18:53:29.323+0000] {processor.py:208} INFO - Processing /home/airflow/.local/lib/python3.12/site-packages/airflow/example_dags/example_latest_only_with_trigger.py took 0.090 seconds
[2026-09-17T18:54:00.281+0000] {processor.py:186} INFO - Started process (PID=461) to work on /home/airflow/.local/lib/python3.12/site-packages/airflow/example_dags/example_latest_only_with_trigger.py
[2026-09-17T18:54:00.283+0000] {processor.py:914} INFO - Processing file /home/airflow/.local/lib/python3.12/site-packages/airflow/example_dags/example_latest_only_with_trigger.py for tasks to queue
[2026-09-17T18:54:00.285+0000] {logging_mixin.py:190} INFO - [2026-09-17T18:54:00.285+0000] {dagbag.py:588} INFO - Filling up the DagBag from /home/airflow/.local/lib/python3.12/site-packages/airflow/example_dags/example_latest_only_with_trigger.py
[2026-09-17T18:54:00.295+0000] {processor.py:925} INFO - DAG(s) 'latest_only_with_trigger' retrieved from /home/airflow/.local/lib/python3.12/site-packages/airflow/example_dags/example_latest_only_with_trigger.py
[2026-09-17T18:54:00.323+0000] {logging_mixin.py:190} INFO - [2026-09-17T18:54:00.323+0000] {dag.py:3239} INFO - Sync 1 DAGs
[2026-09-17T18:54:00.347+0000] {logging_mixin.py:190} INFO - [2026-09-17T18:54:00.347+0000] {dag.py:4180} INFO - Setting next_dagrun for latest_only_with_trigger to 2026-09-17 12:00:00+00:00, run_after=2026-09-17 16:00:00+00:00
[2026-09-17T18:54:00.372+0000] {processor.py:208} INFO - Processing /home/airflow/.local/lib/python3.12/site-packages/airflow/example_dags/example_latest_only_with_trigger.py took 0.097 seconds
[2026-09-17T18:54:30.778+0000] {processor.py:186} INFO - Started process (PID=526) to work on /home/airflow/.local/lib/python3.12/site-packages/airflow/example_dags/example_latest_only_with_trigger.py
[2026-09-17T18:54:30.779+0000] {processor.py:914} INFO - Processing file /home/airflow/.local/lib/python3.12/site-packages/airflow/example_dags/example_latest_only_with_trigger.py for tasks to queue
[2026-09-17T18:54:30.781+0000] {logging_mixin.py:190} INFO - [2026-09-17T18:54:30.781+0000] {dagbag.py:588} INFO - Filling up the DagBag from /home/airflow/.local/lib/python3.12/site-packages/airflow/example_dags/example_latest_only_with_trigger.py
[2026-09-17T18:54:30.789+0000] {processor.py:925} INFO - DAG(s) 'latest_only_with_trigger' retrieved from /home/airflow/.local/lib/python3.12/site-packages/airflow/example_dags/example_latest_only_with_trigger.py
[2026-09-17T18:54:30.816+0000] {logging_mixin.py:190} INFO - [2026-09-17T18:54:30.816+0000] {dag.py:3239} INFO - Sync 1 DAGs
[2026-09-17T18:54:30.840+0000] {logging_mixin.py:190} INFO - [2026-09-17T18:54:30.839+0000] {dag.py:4180} INFO - Setting next_dagrun for latest_only_with_trigger to 2026-09-17 12:00:00+00:00, run_after=2026-09-17 16:00:00+00:00
[2026-09-17T18:54:30.859+0000] {processor.py:208} INFO - Processing /home/airflow/.local/lib/python3.12/site-packages/airflow/example_dags/example_latest_only_with_trigger.py took 0.087 seconds
[2026-09-17T18:55:00.999+0000] {processor.py:186} INFO - Started process (PID=591) to work on /home/airflow/.local/lib/python3.12/site-packages/airflow/example_dags/example_latest_only_with_trigger.py
[2026-09-17T18:55:01.000+0000] {processor.py:914} INFO - Processing file /home/airflow/.local/lib/python3.12/site-packages/airflow/example_dags/example_latest_only_with_trigger.py for tasks to queue
[2026-09-17T18:55:01.002+0000] {logging_mixin.py:190} INFO - [2026-09-17T18:55:01.002+0000] {dagbag.py:588} INFO - Filling up the DagBag from /home/airflow/.local/lib/python3.12/site-packages/airflow/example_dags/example_latest_only_with_trigger.py
[2026-09-17T18:55:01.011+0000] {processor.py:925} INFO - DAG(s) 'latest_only_with_trigger' retrieved from /home/airflow/.local/lib/python3.12/site-packages/airflow/example_dags/example_latest_only_with_trigger.py
[2026-09-17T18:55:01.039+0000] {logging_mixin.py:190} INFO - [2026-09-17T18:55:01.039+0000] {dag.py:3239} INFO - Sync 1 DAGs
[2026-09-17T18:55:01.065+0000] {logging_mixin.py:190} INFO - [2026-09-17T18:55:01.064+0000] {dag.py:4180} INFO - Setting next_dagrun for latest_only_with_trigger to 2026-09-17 12:00:00+00:00, run_after=2026-09-17 16:00:00+00:00
[2026-09-17T18:55:01.086+0000] {processor.py:208} INFO - Processing /home/airflow/.local/lib/python3.12/site-packages/airflow/example_dags/example_latest_only_with_trigger.py took 0.093 seconds
[2026-09-17T18:55:31.469+0000] {processor.py:186} INFO - Started process (PID=656) to work on /home/airflow/.local/lib/python3.12/site-packages/airflow/example_dags/example_latest_only_with_trigger.py
[2026-09-17T18:55:31.471+0000] {processor.py:914} INFO - Processing file /home/airflow/.local/lib/python3.12/site-packages/airflow/example_dags/example_latest_only_with_trigger.py for tasks to queue
[2026-09-17T18:55:31.474+0000] {logging_mixin.py:190} INFO - [2026-09-17T18:55:31.473+0000] {dagbag.py:588} INFO - Filling up the DagBag from /home/airflow/.local/lib/python3.12/site-packages/airflow/example_dags/example_latest_only_with_trigger.py
[2026-09-17T18:55:31.483+0000] {processor.py:925} INFO - DAG(s) 'latest_only_with_trigger' retrieved from /home/airflow/.local/lib/python3.12/site-packages/airflow/example_dags/example_latest_only_with_trigger.py
[2026-09-17T18:55:31.509+0000] {logging_mixin.py:190} INFO - [2026-09-17T18:55:31.509+0000] {dag.py:3239} INFO - Sync 1 DAGs
[2026-09-17T18:55:31.534+0000] {logging_mixin.py:190} INFO - [2026-09-17T18:55:31.533+0000] {dag.py:4180} INFO - Setting next_dagrun for latest_only_with_trigger to 2026-09-17 12:00:00+00:00, run_after=2026-09-17 16:00:00+00:00
[2026-09-17T18:55:31.556+0000] {processor.py:208} INFO - Processing /home/airflow/.local/lib/python3.12/site-packages/airflow/example_dags/example_latest_only_with_trigger.py took 0.093 seconds
[2026-09-17T18:56:01.702+0000] {processor.py:186} INFO - Started process (PID=721) to work on /home/airflow/.local/lib/python3.12/site-packages/airflow/example_dags/example_latest_only_with_trigger.py
[2026-09-17T18:56:01.704+0000] {processor.py:914} INFO - Processing file /home/airflow/.local/lib/python3.12/site-packages/airflow/example_dags/example_latest_only_with_trigger.py for tasks to queue
[2026-09-17T18:56:01.707+0000] {logging_mixin.py:190} INFO - [2026-09-17T18:56:01.706+0000] {dagbag.py:588} INFO - Filling up the DagBag from /home/airflow/.local/lib/python3.12/site-packages/airflow/example_dags/example_latest_only_with_trigger.py
[2026-09-17T18:56:01.717+0000] {processor.py:925} INFO - DAG(s) 'latest_only_with_trigger' retrieved from /home/airflow/.local/lib/python3.12/site-packages/airflow/example_dags/example_latest_only_with_trigger.py
[2026-09-17T18:56:01.745+0000] {logging_mixin.py:190} INFO - [2026-09-17T18:56:01.745+0000] {dag.py:3239} INFO - Sync 1 DAGs
[2026-09-17T18:56:01.774+0000] {logging_mixin.py:190} INFO - [2026-09-17T18:56:01.774+0000] {dag.py:4180} INFO - Setting next_dagrun for latest_only_with_trigger to 2026-09-17 12:00:00+00:00, run_after=2026-09-17 16:00:00+00:00
[2026-09-17T18:56:01.795+0000] {processor.py:208} INFO - Processing /home/airflow/.local/lib/python3.12/site-packages/airflow/example_dags/example_latest_only_with_trigger.py took 0.100 seconds
[2026-09-17T18:56:31.962+0000] {processor.py:186} INFO - Started process (PID=785) to work on /home/airflow/.local/lib/python3.12/site-packages/airflow/example_dags/example_latest_only_with_trigger.py
[2026-09-17T18:56:31.964+0000] {processor.py:914} INFO - Processing file /home/airflow/.local/lib/python3.12/site-packages/airflow/example_dags/example_latest_only_with_trigger.py for tasks to queue
[2026-09-17T18:56:31.966+0000] {logging_mixin.py:190} INFO - [2026-09-17T18:56:31.966+0000] {dagbag.py:588} INFO - Filling up the DagBag from /home/airflow/.local/lib/python3.12/site-packages/airflow/example_dags/example_latest_only_with_trigger.py
[2026-09-17T18:56:31.975+0000] {processor.py:925} INFO - DAG(s) 'latest_only_with_trigger' retrieved from /home/airflow/.local/lib/python3.12/site-packages/airflow/example_dags/example_latest_only_with_trigger.py
[2026-09-17T18:56:32.002+0000] {logging_mixin.py:190} INFO - [2026-09-17T18:56:32.001+0000] {dag.py:3239} INFO - Sync 1 DAGs
[2026-09-17T18:56:32.026+0000] {logging_mixin.py:190} INFO - [2026-09-17T18:56:32.025+0000] {dag.py:4180} INFO - Setting next_dagrun for latest_only_with_trigger to 2026-09-17 12:00:00+00:00, run_after=2026-09-17 16:00:00+00:00
[2026-09-17T18:56:32.047+0000] {processor.py:208} INFO - Processing /home/airflow/.local/lib/python3.12/site-packages/airflow/example_dags/example_latest_only_with_trigger.py took 0.091 seconds
[2026-09-17T18:57:02.997+0000] {processor.py:186} INFO - Started process (PID=850) to work on /home/airflow/.local/lib/python3.12/site-packages/airflow/example_dags/example_latest_only_with_trigger.py
[2026-09-17T18:57:02.998+0000] {processor.py:914} INFO - Processing file /home/airflow/.local/lib/python3.12/site-packages/airflow/example_dags/example_latest_only_with_trigger.py for tasks to queue
[2026-09-17T18:57:03.001+0000] {logging_mixin.py:190} INFO - [2026-09-17T18:57:03.000+0000] {dagbag.py:588} INFO - Filling up the DagBag from /home/airflow/.local/lib/python3.12/site-packages/airflow/example_dags/example_latest_only_with_trigger.py
[2026-09-17T18:57:03.013+0000] {processor.py:925} INFO - DAG(s) 'latest_only_with_trigger' retrieved from /home/airflow/.local/lib/python3.12/site-packages/airflow/example_dags/example_latest_only_with_trigger.py
[2026-09-17T18:57:03.044+0000] {logging_mixin.py:190} INFO - [2026-09-17T18:57:03.043+0000] {dag.py:3239} INFO - Sync 1 DAGs
[2026-09-17T18:57:03.072+0000] {logging_mixin.py:190} INFO - [2026-09-17T18:57:03.071+0000] {dag.py:4180} INFO - Setting next_dagrun for latest_only_with_trigger to 2026-09-17 12:00:00+00:00, run_after=2026-09-17 16:00:00+00:00
[2026-09-17T18:57:03.099+0000] {processor.py:208} INFO - Processing /home/airflow/.local/lib/python3.12/site-packages/airflow/example_dags/example_latest_only_with_trigger.py took 0.110 seconds
[2026-09-17T18:57:33.442+0000] {processor.py:186} INFO - Started process (PID=914) to work on /home/airflow/.local/lib/python3.12/site-packages/airflow/example_dags/example_latest_only_with_trigger.py
[2026-09-17T18:57:33.444+0000] {processor.py:914} INFO - Processing file /home/airflow/.local/lib/python3.12/site-packages/airflow/example_dags/example_latest_only_with_trigger.py for tasks to queue
[2026-09-17T18:57:33.446+0000] {logging_mixin.py:190} INFO - [2026-09-17T18:57:33.446+0000] {dagbag.py:588} INFO - Filling up the DagBag from /home/airflow/.local/lib/python3.12/site-packages/airflow/example_dags/example_latest_only_with_trigger.py
[2026-09-17T18:57:33.456+0000] {processor.py:925} INFO - DAG(s) 'latest_only_with_trigger' retrieved from /home/airflow/.local/lib/python3.12/site-packages/airflow/example_dags/example_latest_only_with_trigger.py
[2026-09-17T18:57:33.487+0000] {logging_mixin.py:190} INFO - [2026-09-17T18:57:33.487+0000] {dag.py:3239} INFO - Sync 1 DAGs
[2026-09-17T18:57:33.514+0000] {logging_mixin.py:190} INFO - [2026-09-17T18:57:33.514+0000] {dag.py:4180} INFO - Setting next_dagrun for latest_only_with_trigger to 2026-09-17 12:00:00+00:00, run_after=2026-09-17 16:00:00+00:00
[2026-09-17T18:57:33.539+0000] {processor.py:208} INFO - Processing /home/airflow/.local/lib/python3.12/site-packages/airflow/example_dags/example_latest_only_with_trigger.py took 0.104 seconds
[2026-09-17T18:58:03.972+0000] {processor.py:186} INFO - Started process (PID=972) to work on /home/airflow/.local/lib/python3.12/site-packages/airflow/example_dags/example_latest_only_with_trigger.py
[2026-09-17T18:58:03.974+0000] {processor.py:914} INFO - Processing file /home/airflow/.local/lib/python3.12/site-packages/airflow/example_dags/example_latest_only_with_trigger.py for tasks to queue
[2026-09-17T18:58:03.977+0000] {logging_mixin.py:190} INFO - [2026-09-17T18:58:03.977+0000] {dagbag.py:588} INFO - Filling up the DagBag from /home/airflow/.local/lib/python3.12/site-packages/airflow/example_dags/example_latest_only_with_trigger.py
[2026-09-17T18:58:03.990+0000] {processor.py:925} INFO - DAG(s) 'latest_only_with_trigger' retrieved from /home/airflow/.local/lib/python3.12/site-packages/airflow/example_dags/example_latest_only_with_trigger.py
[2026-09-17T18:58:04.018+0000] {logging_mixin.py:190} INFO - [2026-09-17T18:58:04.018+0000] {dag.py:3239} INFO - Sync 1 DAGs
[2026-09-17T18:58:04.045+0000] {logging_mixin.py:190} INFO - [2026-09-17T18:58:04.044+0000] {dag.py:4180} INFO - Setting next_dagrun for latest_only_with_trigger to 2026-09-17 12:00:00+00:00, run_after=2026-09-17 16:00:00+00:00
[2026-09-17T18:58:04.067+0000] {processor.py:208} INFO - Processing /home/airflow/.local/lib/python3.12/site-packages/airflow/example_dags/example_latest_only_with_trigger.py took 0.103 seconds
[2026-09-17T18:58:34.294+0000] {processor.py:186} INFO - Started process (PID=1037) to work on /home/airflow/.local/lib/python3.12/site-packages/airflow/example_dags/example_latest_only_with_trigger.py
[2026-09-17T18:58:34.296+0000] {processor.py:914} INFO - Processing file /home/airflow/.local/lib/python3.12/site-packages/airflow/example_dags/example_latest_only_with_trigger.py for tasks to queue
[2026-09-17T18:58:34.299+0000] {logging_mixin.py:190} INFO - [2026-09-17T18:58:34.298+0000] {dagbag.py:588} INFO - Filling up the DagBag from /home/airflow/.local/lib/python3.12/site-packages/airflow/example_dags/example_latest_only_with_trigger.py
[2026-09-17T18:58:34.308+0000] {processor.py:925} INFO - DAG(s) 'latest_only_with_trigger' retrieved from /home/airflow/.local/lib/python3.12/site-packages/airflow/example_dags/example_latest_only_with_trigger.py
[2026-09-17T18:58:34.337+0000] {logging_mixin.py:190} INFO - [2026-09-17T18:58:34.337+0000] {dag.py:3239} INFO - Sync 1 DAGs
[2026-09-17T18:58:34.362+0000] {logging_mixin.py:190} INFO - [2026-09-17T18:58:34.362+0000] {dag.py:4180} INFO - Setting next_dagrun for latest_only_with_trigger to 2026-09-17 12:00:00+00:00, run_after=2026-09-17 16:00:00+00:00
[2026-09-17T18:58:34.385+0000] {processor.py:208} INFO - Processing /home/airflow/.local/lib/python3.12/site-packages/airflow/example_dags/example_latest_only_with_trigger.py took 0.099 seconds
[2026-09-17T18:59:04.886+0000] {processor.py:186} INFO - Started process (PID=1102) to work on /home/airflow/.local/lib/python3.12/site-packages/airflow/example_dags/example_latest_only_with_trigger.py
[2026-09-17T18:59:04.889+0000] {processor.py:914} INFO - Processing file /home/airflow/.local/lib/python3.12/site-packages/airflow/example_dags/example_latest_only_with_trigger.py for tasks to queue
[2026-09-17T18:59:04.892+0000] {logging_mixin.py:190} INFO - [2026-09-17T18:59:04.891+0000] {dagbag.py:588} INFO - Filling up the DagBag from /home/airflow/.local/lib/python3.12/site-packages/airflow/example_dags/example_latest_only_with_trigger.py
[2026-09-17T18:59:04.903+0000] {processor.py:925} INFO - DAG(s) 'latest_only_with_trigger' retrieved from /home/airflow/.local/lib/python3.12/site-packages/airflow/example_dags/example_latest_only_with_trigger.py
[2026-09-17T18:59:04.939+0000] {logging_mixin.py:190} INFO - [2026-09-17T18:59:04.939+0000] {dag.py:3239} INFO - Sync 1 DAGs
[2026-09-17T18:59:04.975+0000] {logging_mixin.py:190} INFO - [2026-09-17T18:59:04.974+0000] {dag.py:4180} INFO - Setting next_dagrun for latest_only_with_trigger to 2026-09-17 12:00:00+00:00, run_after=2026-09-17 16:00:00+00:00
[2026-09-17T18:59:05.005+0000] {processor.py:208} INFO - Processing /home/airflow/.local/lib/python3.12/site-packages/airflow/example_dags/example_latest_only_with_trigger.py took 0.125 seconds
[2026-09-17T18:59:37.755+0000] {processor.py:186} INFO - Started process (PID=1168) to work on /home/airflow/.local/lib/python3.12/site-packages/airflow/example_dags/example_latest_only_with_trigger.py
[2026-09-17T18:59:37.758+0000] {processor.py:914} INFO - Processing file /home/airflow/.local/lib/python3.12/site-packages/airflow/example_dags/example_latest_only_with_trigger.py for tasks to queue
[2026-09-17T18:59:37.760+0000] {logging_mixin.py:190} INFO - [2026-09-17T18:59:37.760+0000] {dagbag.py:588} INFO - Filling up the DagBag from /home/airflow/.local/lib/python3.12/site-packages/airflow/example_dags/example_latest_only_with_trigger.py
[2026-09-17T18:59:37.773+0000] {processor.py:925} INFO - DAG(s) 'latest_only_with_trigger' retrieved from /home/airflow/.local/lib/python3.12/site-packages/airflow/example_dags/example_latest_only_with_trigger.py
[2026-09-17T18:59:37.804+0000] {logging_mixin.py:190} INFO - [2026-09-17T18:59:37.804+0000] {dag.py:3239} INFO - Sync 1 DAGs
[2026-09-17T18:59:37.864+0000] {logging_mixin.py:190} INFO - [2026-09-17T18:59:37.864+0000] {dag.py:4180} INFO - Setting next_dagrun for latest_only_with_trigger to 2026-09-17 12:00:00+00:00, run_after=2026-09-17 16:00:00+00:00
[2026-09-17T18:59:37.905+0000] {processor.py:208} INFO - Processing /home/airflow/.local/lib/python3.12/site-packages/airflow/example_dags/example_latest_only_with_trigger.py took 0.162 seconds
[2026-09-17T19:00:08.305+0000] {processor.py:186} INFO - Started process (PID=1233) to work on /home/airflow/.local/lib/python3.12/site-packages/airflow/example_dags/example_latest_only_with_trigger.py
[2026-09-17T19:00:08.306+0000] {processor.py:914} INFO - Processing file /home/airflow/.local/lib/python3.12/site-packages/airflow/example_dags/example_latest_only_with_trigger.py for tasks to queue
[2026-09-17T19:00:08.309+0000] {logging_mixin.py:190} INFO - [2026-09-17T19:00:08.308+0000] {dagbag.py:588} INFO - Filling up the DagBag from /home/airflow/.local/lib/python3.12/site-packages/airflow/example_dags/example_latest_only_with_trigger.py
[2026-09-17T19:00:08.318+0000] {processor.py:925} INFO - DAG(s) 'latest_only_with_trigger' retrieved from /home/airflow/.local/lib/python3.12/site-packages/airflow/example_dags/example_latest_only_with_trigger.py
[2026-09-17T19:00:08.346+0000] {logging_mixin.py:190} INFO - [2026-09-17T19:00:08.346+0000] {dag.py:3239} INFO - Sync 1 DAGs
[2026-09-17T19:00:08.371+0000] {logging_mixin.py:190} INFO - [2026-09-17T19:00:08.370+0000] {dag.py:4180} INFO - Setting next_dagrun for latest_only_with_trigger to 2026-09-17 12:00:00+00:00, run_after=2026-09-17 16:00:00+00:00
[2026-09-17T19:00:08.395+0000] {processor.py:208} INFO - Processing /home/airflow/.local/lib/python3.12/site-packages/airflow/example_dags/example_latest_only_with_trigger.py took 0.096 seconds
[2026-09-17T19:00:38.578+0000] {processor.py:186} INFO - Started process (PID=1298) to work on /home/airflow/.local/lib/python3.12/site-packages/airflow/example_dags/example_latest_only_with_trigger.py
[2026-09-17T19:00:38.580+0000] {processor.py:914} INFO - Processing file /home/airflow/.local/lib/python3.12/site-packages/airflow/example_dags/example_latest_only_with_trigger.py for tasks to queue
[2026-09-17T19:00:38.582+0000] {logging_mixin.py:190} INFO - [2026-09-17T19:00:38.582+0000] {dagbag.py:588} INFO - Filling up the DagBag from /home/airflow/.local/lib/python3.12/site-packages/airflow/example_dags/example_latest_only_with_trigger.py
[2026-09-17T19:00:38.591+0000] {processor.py:925} INFO - DAG(s) 'latest_only_with_trigger' retrieved from /home/airflow/.local/lib/python3.12/site-packages/airflow/example_dags/example_latest_only_with_trigger.py
[2026-09-17T19:00:38.619+0000] {logging_mixin.py:190} INFO - [2026-09-17T19:00:38.619+0000] {dag.py:3239} INFO - Sync 1 DAGs
[2026-09-17T19:00:38.648+0000] {logging_mixin.py:190} INFO - [2026-09-17T19:00:38.647+0000] {dag.py:4180} INFO - Setting next_dagrun for latest_only_with_trigger to 2026-09-17 12:00:00+00:00, run_after=2026-09-17 16:00:00+00:00
[2026-09-17T19:00:38.675+0000] {processor.py:208} INFO - Processing /home/airflow/.local/lib/python3.12/site-packages/airflow/example_dags/example_latest_only_with_trigger.py took 0.103 seconds
[2026-09-17T19:01:09.408+0000] {processor.py:186} INFO - Started process (PID=1363) to work on /home/airflow/.local/lib/python3.12/site-packages/airflow/example_dags/example_latest_only_with_trigger.py
[2026-09-17T19:01:09.410+0000] {processor.py:914} INFO - Processing file /home/airflow/.local/lib/python3.12/site-packages/airflow/example_dags/example_latest_only_with_trigger.py for tasks to queue
[2026-09-17T19:01:09.412+0000] {logging_mixin.py:190} INFO - [2026-09-17T19:01:09.411+0000] {dagbag.py:588} INFO - Filling up the DagBag from /home/airflow/.local/lib/python3.12/site-packages/airflow/example_dags/example_latest_only_with_trigger.py
[2026-09-17T19:01:09.422+0000] {processor.py:925} INFO - DAG(s) 'latest_only_with_trigger' retrieved from /home/airflow/.local/lib/python3.12/site-packages/airflow/example_dags/example_latest_only_with_trigger.py
[2026-09-17T19:01:09.449+0000] {logging_mixin.py:190} INFO - [2026-09-17T19:01:09.449+0000] {dag.py:3239} INFO - Sync 1 DAGs
[2026-09-17T19:01:09.476+0000] {logging_mixin.py:190} INFO - [2026-09-17T19:01:09.476+0000] {dag.py:4180} INFO - Setting next_dagrun for latest_only_with_trigger to 2026-09-17 12:00:00+00:00, run_after=2026-09-17 16:00:00+00:00
[2026-09-17T19:01:09.502+0000] {processor.py:208} INFO - Processing /home/airflow/.local/lib/python3.12/site-packages/airflow/example_dags/example_latest_only_with_trigger.py took 0.101 seconds
[2026-09-17T19:01:39.870+0000] {processor.py:186} INFO - Started process (PID=1428) to work on /home/airflow/.local/lib/python3.12/site-packages/airflow/example_dags/example_latest_only_with_trigger.py
[2026-09-17T19:01:39.874+0000] {processor.py:914} INFO - Processing file /home/airflow/.local/lib/python3.12/site-packages/airflow/example_dags/example_latest_only_with_trigger.py for tasks to queue
[2026-09-17T19:01:39.877+0000] {logging_mixin.py:190} INFO - [2026-09-17T19:01:39.876+0000] {dagbag.py:588} INFO - Filling up the DagBag from /home/airflow/.local/lib/python3.12/site-packages/airflow/example_dags/example_latest_only_with_trigger.py
[2026-09-17T19:01:39.889+0000] {processor.py:925} INFO - DAG(s) 'latest_only_with_trigger' retrieved from /home/airflow/.local/lib/python3.12/site-packages/airflow/example_dags/example_latest_only_with_trigger.py
[2026-09-17T19:01:39.922+0000] {logging_mixin.py:190} INFO - [2026-09-17T19:01:39.922+0000] {dag.py:3239} INFO - Sync 1 DAGs
[2026-09-17T19:01:39.958+0000] {logging_mixin.py:190} INFO - [2026-09-17T19:01:39.958+0000] {dag.py:4180} INFO - Setting next_dagrun for latest_only_with_trigger to 2026-09-17 12:00:00+00:00, run_after=2026-09-17 16:00:00+00:00
[2026-09-17T19:01:39.988+0000] {processor.py:208} INFO - Processing /home/airflow/.local/lib/python3.12/site-packages/airflow/example_dags/example_latest_only_with_trigger.py took 0.126 seconds
[2026-09-17T19:02:10.502+0000] {processor.py:186} INFO - Started process (PID=1492) to work on /home/airflow/.local/lib/python3.12/site-packages/airflow/example_dags/example_latest_only_with_trigger.py
[2026-09-17T19:02:10.505+0000] {processor.py:914} INFO - Processing file /home/airflow/.local/lib/python3.12/site-packages/airflow/example_dags/example_latest_only_with_trigger.py for tasks to queue
[2026-09-17T19:02:10.508+0000] {logging_mixin.py:190} INFO - [2026-09-17T19:02:10.507+0000] {dagbag.py:588} INFO - Filling up the DagBag from /home/airflow/.local/lib/python3.12/site-packages/airflow/example_dags/example_latest_only_with_trigger.py
[2026-09-17T19:02:10.521+0000] {processor.py:925} INFO - DAG(s) 'latest_only_with_trigger' retrieved from /home/airflow/.local/lib/python3.12/site-packages/airflow/example_dags/example_latest_only_with_trigger.py
[2026-09-17T19:02:10.559+0000] {logging_mixin.py:190} INFO - [2026-09-17T19:02:10.558+0000] {dag.py:3239} INFO - Sync 1 DAGs
[2026-09-17T19:02:10.605+0000] {logging_mixin.py:190} INFO - [2026-09-17T19:02:10.604+0000] {dag.py:4180} INFO - Setting next_dagrun for latest_only_with_trigger to 2026-09-17 12:00:00+00:00, run_after=2026-09-17 16:00:00+00:00
[2026-09-17T19:02:10.647+0000] {processor.py:208} INFO - Processing /home/airflow/.local/lib/python3.12/site-packages/airflow/example_dags/example_latest_only_with_trigger.py took 0.152 seconds
[2026-09-17T19:02:40.753+0000] {processor.py:186} INFO - Started process (PID=1550) to work on /home/airflow/.local/lib/python3.12/site-packages/airflow/example_dags/example_latest_only_with_trigger.py
[2026-09-17T19:02:40.755+0000] {processor.py:914} INFO - Processing file /home/airflow/.local/lib/python3.12/site-packages/airflow/example_dags/example_latest_only_with_trigger.py for tasks to queue
[2026-09-17T19:02:40.757+0000] {logging_mixin.py:190} INFO - [2026-09-17T19:02:40.757+0000] {dagbag.py:588} INFO - Filling up the DagBag from /home/airflow/.local/lib/python3.12/site-packages/airflow/example_dags/example_latest_only_with_trigger.py
[2026-09-17T19:02:40.766+0000] {processor.py:925} INFO - DAG(s) 'latest_only_with_trigger' retrieved from /home/airflow/.local/lib/python3.12/site-packages/airflow/example_dags/example_latest_only_with_trigger.py
[2026-09-17T19:02:40.794+0000] {logging_mixin.py:190} INFO - [2026-09-17T19:02:40.793+0000] {dag.py:3239} INFO - Sync 1 DAGs
[2026-09-17T19:02:40.820+0000] {logging_mixin.py:190} INFO - [2026-09-17T19:02:40.820+0000] {dag.py:4180} INFO - Setting next_dagrun for latest_only_with_trigger to 2026-09-17 12:00:00+00:00, run_after=2026-09-17 16:00:00+00:00
[2026-09-17T19:02:40.842+0000] {processor.py:208} INFO - Processing /home/airflow/.local/lib/python3.12/site-packages/airflow/example_dags/example_latest_only_with_trigger.py took 0.094 seconds
[2026-09-17T19:03:11.072+0000] {processor.py:186} INFO - Started process (PID=1615) to work on /home/airflow/.local/lib/python3.12/site-packages/airflow/example_dags/example_latest_only_with_trigger.py
[2026-09-17T19:03:11.074+0000] {processor.py:914} INFO - Processing file /home/airflow/.local/lib/python3.12/site-packages/airflow/example_dags/example_latest_only_with_trigger.py for tasks to queue
[2026-09-17T19:03:11.077+0000] {logging_mixin.py:190} INFO - [2026-09-17T19:03:11.076+0000] {dagbag.py:588} INFO - Filling up the DagBag from /home/airflow/.local/lib/python3.12/site-packages/airflow/example_dags/example_latest_only_with_trigger.py
[2026-09-17T19:03:11.087+0000] {processor.py:925} INFO - DAG(s) 'latest_only_with_trigger' retrieved from /home/airflow/.local/lib/python3.12/site-packages/airflow/example_dags/example_latest_only_with_trigger.py
[2026-09-17T19:03:11.115+0000] {logging_mixin.py:190} INFO - [2026-09-17T19:03:11.115+0000] {dag.py:3239} INFO - Sync 1 DAGs
[2026-09-17T19:03:11.142+0000] {logging_mixin.py:190} INFO - [2026-09-17T19:03:11.142+0000] {dag.py:4180} INFO - Setting next_dagrun for latest_only_with_trigger to 2026-09-17 12:00:00+00:00, run_after=2026-09-17 16:00:00+00:00
[2026-09-17T19:03:11.167+0000] {processor.py:208} INFO - Processing /home/airflow/.local/lib/python3.12/site-packages/airflow/example_dags/example_latest_only_with_trigger.py took 0.101 seconds
[2026-09-17T19:03:42.006+0000] {processor.py:186} INFO - Started process (PID=1680) to work on /home/airflow/.local/lib/python3.12/site-packages/airflow/example_dags/example_latest_only_with_trigger.py
[2026-09-17T19:03:42.008+0000] {processor.py:914} INFO - Processing file /home/airflow/.local/lib/python3.12/site-packages/airflow/example_dags/example_latest_only_with_trigger.py for tasks to queue
[2026-09-17T19:03:42.011+0000] {logging_mixin.py:190} INFO - [2026-09-17T19:03:42.011+0000] {dagbag.py:588} INFO - Filling up the DagBag from /home/airflow/.local/lib/python3.12/site-packages/airflow/example_dags/example_latest_only_with_trigger.py
[2026-09-17T19:03:42.024+0000] {processor.py:925} INFO - DAG(s) 'latest_only_with_trigger' retrieved from /home/airflow/.local/lib/python3.12/site-packages/airflow/example_dags/example_latest_only_with_trigger.py
[2026-09-17T19:03:42.066+0000] {logging_mixin.py:190} INFO - [2026-09-17T19:03:42.065+0000] {dag.py:3239} INFO - Sync 1 DAGs
[2026-09-17T19:03:42.101+0000] {logging_mixin.py:190} INFO - [2026-09-17T19:03:42.101+0000] {dag.py:4180} INFO - Setting next_dagrun for latest_only_with_trigger to 2026-09-17 12:00:00+00:00, run_after=2026-09-17 16:00:00+00:00
[2026-09-17T19:03:42.134+0000] {processor.py:208} INFO - Processing /home/airflow/.local/lib/python3.12/site-packages/airflow/example_dags/example_latest_only_with_trigger.py took 0.137 seconds
[2026-09-17T19:04:12.334+0000] {processor.py:186} INFO - Started process (PID=1745) to work on /home/airflow/.local/lib/python3.12/site-packages/airflow/example_dags/example_latest_only_with_trigger.py
[2026-09-17T19:04:12.337+0000] {processor.py:914} INFO - Processing file /home/airflow/.local/lib/python3.12/site-packages/airflow/example_dags/example_latest_only_with_trigger.py for tasks to queue
[2026-09-17T19:04:12.339+0000] {logging_mixin.py:190} INFO - [2026-09-17T19:04:12.338+0000] {dagbag.py:588} INFO - Filling up the DagBag from /home/airflow/.local/lib/python3.12/site-packages/airflow/example_dags/example_latest_only_with_trigger.py
[2026-09-17T19:04:12.350+0000] {processor.py:925} INFO - DAG(s) 'latest_only_with_trigger' retrieved from /home/airflow/.local/lib/python3.12/site-packages/airflow/example_dags/example_latest_only_with_trigger.py
[2026-09-17T19:04:12.377+0000] {logging_mixin.py:190} INFO - [2026-09-17T19:04:12.377+0000] {dag.py:3239} INFO - Sync 1 DAGs
[2026-09-17T19:04:12.406+0000] {logging_mixin.py:190} INFO - [2026-09-17T19:04:12.405+0000] {dag.py:4180} INFO - Setting next_dagrun for latest_only_with_trigger to 2026-09-17 12:00:00+00:00, run_after=2026-09-17 16:00:00+00:00
[2026-09-17T19:04:12.430+0000] {processor.py:208} INFO - Processing /home/airflow/.local/lib/python3.12/site-packages/airflow/example_dags/example_latest_only_with_trigger.py took 0.103 seconds
[2026-09-17T19:04:42.828+0000] {processor.py:186} INFO - Started process (PID=1810) to work on /home/airflow/.local/lib/python3.12/site-packages/airflow/example_dags/example_latest_only_with_trigger.py
[2026-09-17T19:04:42.831+0000] {processor.py:914} INFO - Processing file /home/airflow/.local/lib/python3.12/site-packages/airflow/example_dags/example_latest_only_with_trigger.py for tasks to queue
[2026-09-17T19:04:42.833+0000] {logging_mixin.py:190} INFO - [2026-09-17T19:04:42.833+0000] {dagbag.py:588} INFO - Filling up the DagBag from /home/airflow/.local/lib/python3.12/site-packages/airflow/example_dags/example_latest_only_with_trigger.py
[2026-09-17T19:04:42.842+0000] {processor.py:925} INFO - DAG(s) 'latest_only_with_trigger' retrieved from /home/airflow/.local/lib/python3.12/site-packages/airflow/example_dags/example_latest_only_with_trigger.py
[2026-09-17T19:04:42.868+0000] {logging_mixin.py:190} INFO - [2026-09-17T19:04:42.868+0000] {dag.py:3239} INFO - Sync 1 DAGs
[2026-09-17T19:04:42.892+0000] {logging_mixin.py:190} INFO - [2026-09-17T19:04:42.891+0000] {dag.py:4180} INFO - Setting next_dagrun for latest_only_with_trigger to 2026-09-17 12:00:00+00:00, run_after=2026-09-17 16:00:00+00:00
[2026-09-17T19:04:42.913+0000] {processor.py:208} INFO - Processing /home/airflow/.local/lib/python3.12/site-packages/airflow/example_dags/example_latest_only_with_trigger.py took 0.091 seconds
[2026-09-17T19:05:13.113+0000] {processor.py:186} INFO - Started process (PID=1875) to work on /home/airflow/.local/lib/python3.12/site-packages/airflow/example_dags/example_latest_only_with_trigger.py
[2026-09-17T19:05:13.116+0000] {processor.py:914} INFO - Processing file /home/airflow/.local/lib/python3.12/site-packages/airflow/example_dags/example_latest_only_with_trigger.py for tasks to queue
[2026-09-17T19:05:13.121+0000] {logging_mixin.py:190} INFO - [2026-09-17T19:05:13.120+0000] {dagbag.py:588} INFO - Filling up the DagBag from /home/airflow/.local/lib/python3.12/site-packages/airflow/example_dags/example_latest_only_with_trigger.py
[2026-09-17T19:05:13.139+0000] {processor.py:925} INFO - DAG(s) 'latest_only_with_trigger' retrieved from /home/airflow/.local/lib/python3.12/site-packages/airflow/example_dags/example_latest_only_with_trigger.py
[2026-09-17T19:05:13.174+0000] {logging_mixin.py:190} INFO - [2026-09-17T19:05:13.174+0000] {dag.py:3239} INFO - Sync 1 DAGs
[2026-09-17T19:05:13.207+0000] {logging_mixin.py:190} INFO - [2026-09-17T19:05:13.207+0000] {dag.py:4180} INFO - Setting next_dagrun for latest_only_with_trigger to 2026-09-17 12:00:00+00:00, run_after=2026-09-17 16:00:00+00:00
[2026-09-17T19:05:13.246+0000] {processor.py:208} INFO - Processing /home/airflow/.local/lib/python3.12/site-packages/airflow/example_dags/example_latest_only_with_trigger.py took 0.140 seconds
[2026-09-17T19:05:43.700+0000] {processor.py:186} INFO - Started process (PID=1940) to work on /home/airflow/.local/lib/python3.12/site-packages/airflow/example_dags/example_latest_only_with_trigger.py
[2026-09-17T19:05:43.702+0000] {processor.py:914} INFO - Processing file /home/airflow/.local/lib/python3.12/site-packages/airflow/example_dags/example_latest_only_with_trigger.py for tasks to queue
[2026-09-17T19:05:43.704+0000] {logging_mixin.py:190} INFO - [2026-09-17T19:05:43.704+0000] {dagbag.py:588} INFO - Filling up the DagBag from /home/airflow/.local/lib/python3.12/site-packages/airflow/example_dags/example_latest_only_with_trigger.py
[2026-09-17T19:05:43.715+0000] {processor.py:925} INFO - DAG(s) 'latest_only_with_trigger' retrieved from /home/airflow/.local/lib/python3.12/site-packages/airflow/example_dags/example_latest_only_with_trigger.py
[2026-09-17T19:05:43.741+0000] {logging_mixin.py:190} INFO - [2026-09-17T19:05:43.741+0000] {dag.py:3239} INFO - Sync 1 DAGs
[2026-09-17T19:05:43.765+0000] {logging_mixin.py:190} INFO - [2026-09-17T19:05:43.765+0000] {dag.py:4180} INFO - Setting next_dagrun for latest_only_with_trigger to 2026-09-17 12:00:00+00:00, run_after=2026-09-17 16:00:00+00:00
[2026-09-17T19:05:43.790+0000] {processor.py:208} INFO - Processing /home/airflow/.local/lib/python3.12/site-packages/airflow/example_dags/example_latest_only_with_trigger.py took 0.096 seconds
[2026-09-17T19:06:14.088+0000] {processor.py:186} INFO - Started process (PID=2005) to work on /home/airflow/.local/lib/python3.12/site-packages/airflow/example_dags/example_latest_only_with_trigger.py
[2026-09-17T19:06:14.091+0000] {processor.py:914} INFO - Processing file /home/airflow/.local/lib/python3.12/site-packages/airflow/example_dags/example_latest_only_with_trigger.py for tasks to queue
[2026-09-17T19:06:14.093+0000] {logging_mixin.py:190} INFO - [2026-09-17T19:06:14.093+0000] {dagbag.py:588} INFO - Filling up the DagBag from /home/airflow/.local/lib/python3.12/site-packages/airflow/example_dags/example_latest_only_with_trigger.py
[2026-09-17T19:06:14.105+0000] {processor.py:925} INFO - DAG(s) 'latest_only_with_trigger' retrieved from /home/airflow/.local/lib/python3.12/site-packages/airflow/example_dags/example_latest_only_with_trigger.py
[2026-09-17T19:06:14.134+0000] {logging_mixin.py:190} INFO - [2026-09-17T19:06:14.133+0000] {dag.py:3239} INFO - Sync 1 DAGs
[2026-09-17T19:06:14.160+0000] {logging_mixin.py:190} INFO - [2026-09-17T19:06:14.160+0000] {dag.py:4180} INFO - Setting next_dagrun for latest_only_with_trigger to 2026-09-17 12:00:00+00:00, run_after=2026-09-17 16:00:00+00:00
[2026-09-17T19:06:14.186+0000] {processor.py:208} INFO - Processing /home/airflow/.local/lib/python3.12/site-packages/airflow/example_dags/example_latest_only_with_trigger.py took 0.104 seconds
[2026-09-17T19:06:45.161+0000] {processor.py:186} INFO - Started process (PID=2070) to work on /home/airflow/.local/lib/python3.12/site-packages/airflow/example_dags/example_latest_only_with_trigger.py
[2026-09-17T19:06:45.163+0000] {processor.py:914} INFO - Processing file /home/airflow/.local/lib/python3.12/site-packages/airflow/example_dags/example_latest_only_with_trigger.py for tasks to queue
[2026-09-17T19:06:45.166+0000] {logging_mixin.py:190} INFO - [2026-09-17T19:06:45.166+0000] {dagbag.py:588} INFO - Filling up the DagBag from /home/airflow/.local/lib/python3.12/site-packages/airflow/example_dags/example_latest_only_with_trigger.py
[2026-09-17T19:06:45.178+0000] {processor.py:925} INFO - DAG(s) 'latest_only_with_trigger' retrieved from /home/airflow/.local/lib/python3.12/site-packages/airflow/example_dags/example_latest_only_with_trigger.py
[2026-09-17T19:06:45.210+0000] {logging_mixin.py:190} INFO - [2026-09-17T19:06:45.210+0000] {dag.py:3239} INFO - Sync 1 DAGs
[2026-09-17T19:06:45.242+0000] {logging_mixin.py:190} INFO - [2026-09-17T19:06:45.241+0000] {dag.py:4180} INFO - Setting next_dagrun for latest_only_with_trigger to 2026-09-17 12:00:00+00:00, run_after=2026-09-17 16:00:00+00:00
[2026-09-17T19:06:45.271+0000] {processor.py:208} INFO - Processing /home/airflow/.local/lib/python3.12/site-packages/airflow/example_dags/example_latest_only_with_trigger.py took 0.117 seconds
[2026-09-17T19:07:16.209+0000] {processor.py:186} INFO - Started process (PID=2134) to work on /home/airflow/.local/lib/python3.12/site-packages/airflow/example_dags/example_latest_only_with_trigger.py
[2026-09-17T19:07:16.211+0000] {processor.py:914} INFO - Processing file /home/airflow/.local/lib/python3.12/site-packages/airflow/example_dags/example_latest_only_with_trigger.py for tasks to queue
[2026-09-17T19:07:16.214+0000] {logging_mixin.py:190} INFO - [2026-09-17T19:07:16.214+0000] {dagbag.py:588} INFO - Filling up the DagBag from /home/airflow/.local/lib/python3.12/site-packages/airflow/example_dags/example_latest_only_with_trigger.py
[2026-09-17T19:07:16.228+0000] {processor.py:925} INFO - DAG(s) 'latest_only_with_trigger' retrieved from /home/airflow/.local/lib/python3.12/site-packages/airflow/example_dags/example_latest_only_with_trigger.py
[2026-09-17T19:07:16.275+0000] {logging_mixin.py:190} INFO - [2026-09-17T19:07:16.274+0000] {dag.py:3239} INFO - Sync 1 DAGs
[2026-09-17T19:07:16.309+0000] {logging_mixin.py:190} INFO - [2026-09-17T19:07:16.308+0000] {dag.py:4180} INFO - Setting next_dagrun for latest_only_with_trigger to 2026-09-17 12:00:00+00:00, run_after=2026-09-17 16:00:00+00:00
[2026-09-17T19:07:16.343+0000] {processor.py:208} INFO - Processing /home/airflow/.local/lib/python3.12/site-packages/airflow/example_dags/example_latest_only_with_trigger.py took 0.142 seconds
[2026-09-17T19:07:46.876+0000] {processor.py:186} INFO - Started process (PID=2192) to work on /home/airflow/.local/lib/python3.12/site-packages/airflow/example_dags/example_latest_only_with_trigger.py
[2026-09-17T19:07:46.878+0000] {processor.py:914} INFO - Processing file /home/airflow/.local/lib/python3.12/site-packages/airflow/example_dags/example_latest_only_with_trigger.py for tasks to queue
[2026-09-17T19:07:46.880+0000] {logging_mixin.py:190} INFO - [2026-09-17T19:07:46.879+0000] {dagbag.py:588} INFO - Filling up the DagBag from /home/airflow/.local/lib/python3.12/site-packages/airflow/example_dags/example_latest_only_with_trigger.py
[2026-09-17T19:07:46.891+0000] {processor.py:925} INFO - DAG(s) 'latest_only_with_trigger' retrieved from /home/airflow/.local/lib/python3.12/site-packages/airflow/example_dags/example_latest_only_with_trigger.py
[2026-09-17T19:07:46.922+0000] {logging_mixin.py:190} INFO - [2026-09-17T19:07:46.921+0000] {dag.py:3239} INFO - Sync 1 DAGs
[2026-09-17T19:07:46.948+0000] {logging_mixin.py:190} INFO - [2026-09-17T19:07:46.947+0000] {dag.py:4180} INFO - Setting next_dagrun for latest_only_with_trigger to 2026-09-17 12:00:00+00:00, run_after=2026-09-17 16:00:00+00:00
[2026-09-17T19:07:46.973+0000] {processor.py:208} INFO - Processing /home/airflow/.local/lib/python3.12/site-packages/airflow/example_dags/example_latest_only_with_trigger.py took 0.103 seconds
[2026-09-17T19:08:17.092+0000] {processor.py:186} INFO - Started process (PID=2257) to work on /home/airflow/.local/lib/python3.12/site-packages/airflow/example_dags/example_latest_only_with_trigger.py
[2026-09-17T19:08:17.095+0000] {processor.py:914} INFO - Processing file /home/airflow/.local/lib/python3.12/site-packages/airflow/example_dags/example_latest_only_with_trigger.py for tasks to queue
[2026-09-17T19:08:17.097+0000] {logging_mixin.py:190} INFO - [2026-09-17T19:08:17.097+0000] {dagbag.py:588} INFO - Filling up the DagBag from /home/airflow/.local/lib/python3.12/site-packages/airflow/example_dags/example_latest_only_with_trigger.py
[2026-09-17T19:08:17.109+0000] {processor.py:925} INFO - DAG(s) 'latest_only_with_trigger' retrieved from /home/airflow/.local/lib/python3.12/site-packages/airflow/example_dags/example_latest_only_with_trigger.py
[2026-09-17T19:08:17.139+0000] {logging_mixin.py:190} INFO - [2026-09-17T19:08:17.138+0000] {dag.py:3239} INFO - Sync 1 DAGs
[2026-09-17T19:08:17.170+0000] {logging_mixin.py:190} INFO - [2026-09-17T19:08:17.169+0000] {dag.py:4180} INFO - Setting next_dagrun for latest_only_with_trigger to 2026-09-17 12:00:00+00:00, run_after=2026-09-17 16:00:00+00:00
[2026-09-17T19:08:17.211+0000] {processor.py:208} INFO - Processing /home/airflow/.local/lib/python3.12/site-packages/airflow/example_dags/example_latest_only_with_trigger.py took 0.128 seconds
[2026-09-17T19:08:48.092+0000] {processor.py:186} INFO - Started process (PID=2322) to work on /home/airflow/.local/lib/python3.12/site-packages/airflow/example_dags/example_latest_only_with_trigger.py
[2026-09-17T19:08:48.094+0000] {processor.py:914} INFO - Processing file /home/airflow/.local/lib/python3.12/site-packages/airflow/example_dags/example_latest_only_with_trigger.py for tasks to queue
[2026-09-17T19:08:48.097+0000] {logging_mixin.py:190} INFO - [2026-09-17T19:08:48.097+0000] {dagbag.py:588} INFO - Filling up the DagBag from /home/airflow/.local/lib/python3.12/site-packages/airflow/example_dags/example_latest_only_with_trigger.py
[2026-09-17T19:08:48.107+0000] {processor.py:925} INFO - DAG(s) 'latest_only_with_trigger' retrieved from /home/airflow/.local/lib/python3.12/site-packages/airflow/example_dags/example_latest_only_with_trigger.py
[2026-09-17T19:08:48.136+0000] {logging_mixin.py:190} INFO - [2026-09-17T19:08:48.136+0000] {dag.py:3239} INFO - Sync 1 DAGs
[2026-09-17T19:08:48.161+0000] {logging_mixin.py:190} INFO - [2026-09-17T19:08:48.160+0000] {dag.py:4180} INFO - Setting next_dagrun for latest_only_with_trigger to 2026-09-17 12:00:00+00:00, run_after=2026-09-17 16:00:00+00:00
[2026-09-17T19:08:48.186+0000] {processor.py:208} INFO - Processing /home/airflow/.local/lib/python3.12/site-packages/airflow/example_dags/example_latest_only_with_trigger.py took 0.099 seconds
[2026-09-17T19:09:18.433+0000] {processor.py:186} INFO - Started process (PID=2387) to work on /home/airflow/.local/lib/python3.12/site-packages/airflow/example_dags/example_latest_only_with_trigger.py
[2026-09-17T19:09:18.435+0000] {processor.py:914} INFO - Processing file /home/airflow/.local/lib/python3.12/site-packages/airflow/example_dags/example_latest_only_with_trigger.py for tasks to queue
[2026-09-17T19:09:18.438+0000] {logging_mixin.py:190} INFO - [2026-09-17T19:09:18.437+0000] {dagbag.py:588} INFO - Filling up the DagBag from /home/airflow/.local/lib/python3.12/site-packages/airflow/example_dags/example_latest_only_with_trigger.py
[2026-09-17T19:09:18.448+0000] {processor.py:925} INFO - DAG(s) 'latest_only_with_trigger' retrieved from /home/airflow/.local/lib/python3.12/site-packages/airflow/example_dags/example_latest_only_with_trigger.py
[2026-09-17T19:09:18.476+0000] {logging_mixin.py:190} INFO - [2026-09-17T19:09:18.476+0000] {dag.py:3239} INFO - Sync 1 DAGs
[2026-09-17T19:09:18.501+0000] {logging_mixin.py:190} INFO - [2026-09-17T19:09:18.501+0000] {dag.py:4180} INFO - Setting next_dagrun for latest_only_with_trigger to 2026-09-17 12:00:00+00:00, run_after=2026-09-17 16:00:00+00:00
[2026-09-17T19:09:18.525+0000] {processor.py:208} INFO - Processing /home/airflow/.local/lib/python3.12/site-packages/airflow/example_dags/example_latest_only_with_trigger.py took 0.098 seconds
[2026-09-17T19:09:49.231+0000] {processor.py:186} INFO - Started process (PID=2452) to work on /home/airflow/.local/lib/python3.12/site-packages/airflow/example_dags/example_latest_only_with_trigger.py
[2026-09-17T19:09:49.233+0000] {processor.py:914} INFO - Processing file /home/airflow/.local/lib/python3.12/site-packages/airflow/example_dags/example_latest_only_with_trigger.py for tasks to queue
[2026-09-17T19:09:49.235+0000] {logging_mixin.py:190} INFO - [2026-09-17T19:09:49.235+0000] {dagbag.py:588} INFO - Filling up the DagBag from /home/airflow/.local/lib/python3.12/site-packages/airflow/example_dags/example_latest_only_with_trigger.py
[2026-09-17T19:09:49.245+0000] {processor.py:925} INFO - DAG(s) 'latest_only_with_trigger' retrieved from /home/airflow/.local/lib/python3.12/site-packages/airflow/example_dags/example_latest_only_with_trigger.py
[2026-09-17T19:09:49.270+0000] {logging_mixin.py:190} INFO - [2026-09-17T19:09:49.270+0000] {dag.py:3239} INFO - Sync 1 DAGs
[2026-09-17T19:09:49.294+0000] {logging_mixin.py:190} INFO - [2026-09-17T19:09:49.294+0000] {dag.py:4180} INFO - Setting next_dagrun for latest_only_with_trigger to 2026-09-17 12:00:00+00:00, run_after=2026-09-17 16:00:00+00:00
[2026-09-17T19:09:49.323+0000] {processor.py:208} INFO - Processing /home/airflow/.local/lib/python3.12/site-packages/airflow/example_dags/example_latest_only_with_trigger.py took 0.098 seconds
[2026-09-17T19:10:21.357+0000] {processor.py:186} INFO - Started process (PID=2515) to work on /home/airflow/.local/lib/python3.12/site-packages/airflow/example_dags/example_latest_only_with_trigger.py
[2026-09-17T19:10:21.359+0000] {processor.py:914} INFO - Processing file /home/airflow/.local/lib/python3.12/site-packages/airflow/example_dags/example_latest_only_with_trigger.py for tasks to queue
[2026-09-17T19:10:21.361+0000] {logging_mixin.py:190} INFO - [2026-09-17T19:10:21.361+0000] {dagbag.py:588} INFO - Filling up the DagBag from /home/airflow/.local/lib/python3.12/site-packages/airflow/example_dags/example_latest_only_with_trigger.py
[2026-09-17T19:10:21.372+0000] {processor.py:925} INFO - DAG(s) 'latest_only_with_trigger' retrieved from /home/airflow/.local/lib/python3.12/site-packages/airflow/example_dags/example_latest_only_with_trigger.py
[2026-09-17T19:10:21.400+0000] {logging_mixin.py:190} INFO - [2026-09-17T19:10:21.400+0000] {dag.py:3239} INFO - Sync 1 DAGs
[2026-09-17T19:10:21.425+0000] {logging_mixin.py:190} INFO - [2026-09-17T19:10:21.425+0000] {dag.py:4180} INFO - Setting next_dagrun for latest_only_with_trigger to 2026-09-17 12:00:00+00:00, run_after=2026-09-17 16:00:00+00:00
[2026-09-17T19:10:21.457+0000] {processor.py:208} INFO - Processing /home/airflow/.local/lib/python3.12/site-packages/airflow/example_dags/example_latest_only_with_trigger.py took 0.105 seconds
[2026-09-17T19:10:51.716+0000] {processor.py:186} INFO - Started process (PID=2580) to work on /home/airflow/.local/lib/python3.12/site-packages/airflow/example_dags/example_latest_only_with_trigger.py
[2026-09-17T19:10:51.718+0000] {processor.py:914} INFO - Processing file /home/airflow/.local/lib/python3.12/site-packages/airflow/example_dags/example_latest_only_with_trigger.py for tasks to queue
[2026-09-17T19:10:51.721+0000] {logging_mixin.py:190} INFO - [2026-09-17T19:10:51.720+0000] {dagbag.py:588} INFO - Filling up the DagBag from /home/airflow/.local/lib/python3.12/site-packages/airflow/example_dags/example_latest_only_with_trigger.py
[2026-09-17T19:10:51.731+0000] {processor.py:925} INFO - DAG(s) 'latest_only_with_trigger' retrieved from /home/airflow/.local/lib/python3.12/site-packages/airflow/example_dags/example_latest_only_with_trigger.py
[2026-09-17T19:10:51.763+0000] {logging_mixin.py:190} INFO - [2026-09-17T19:10:51.762+0000] {dag.py:3239} INFO - Sync 1 DAGs
[2026-09-17T19:10:51.788+0000] {logging_mixin.py:190} INFO - [2026-09-17T19:10:51.788+0000] {dag.py:4180} INFO - Setting next_dagrun for latest_only_with_trigger to 2026-09-17 12:00:00+00:00, run_after=2026-09-17 16:00:00+00:00
[2026-09-17T19:10:51.817+0000] {processor.py:208} INFO - Processing /home/airflow/.local/lib/python3.12/site-packages/airflow/example_dags/example_latest_only_with_trigger.py took 0.107 seconds
[2026-09-17T19:11:22.668+0000] {processor.py:186} INFO - Started process (PID=2645) to work on /home/airflow/.local/lib/python3.12/site-packages/airflow/example_dags/example_latest_only_with_trigger.py
[2026-09-17T19:11:22.670+0000] {processor.py:914} INFO - Processing file /home/airflow/.local/lib/python3.12/site-packages/airflow/example_dags/example_latest_only_with_trigger.py for tasks to queue
[2026-09-17T19:11:22.672+0000] {logging_mixin.py:190} INFO - [2026-09-17T19:11:22.672+0000] {dagbag.py:588} INFO - Filling up the DagBag from /home/airflow/.local/lib/python3.12/site-packages/airflow/example_dags/example_latest_only_with_trigger.py
[2026-09-17T19:11:22.681+0000] {processor.py:925} INFO - DAG(s) 'latest_only_with_trigger' retrieved from /home/airflow/.local/lib/python3.12/site-packages/airflow/example_dags/example_latest_only_with_trigger.py
[2026-09-17T19:11:22.709+0000] {logging_mixin.py:190} INFO - [2026-09-17T19:11:22.708+0000] {dag.py:3239} INFO - Sync 1 DAGs
[2026-09-17T19:11:22.735+0000] {logging_mixin.py:190} INFO - [2026-09-17T19:11:22.735+0000] {dag.py:4180} INFO - Setting next_dagrun for latest_only_with_trigger to 2026-09-17 12:00:00+00:00, run_after=2026-09-17 16:00:00+00:00
[2026-09-17T19:11:22.757+0000] {processor.py:208} INFO - Processing /home/airflow/.local/lib/python3.12/site-packages/airflow/example_dags/example_latest_only_with_trigger.py took 0.096 seconds
[2026-09-17T19:11:53.930+0000] {processor.py:186} INFO - Started process (PID=2706) to work on /home/airflow/.local/lib/python3.12/site-packages/airflow/example_dags/example_latest_only_with_trigger.py
[2026-09-17T19:11:53.932+0000] {processor.py:914} INFO - Processing file /home/airflow/.local/lib/python3.12/site-packages/airflow/example_dags/example_latest_only_with_trigger.py for tasks to queue
[2026-09-17T19:11:53.934+0000] {logging_mixin.py:190} INFO - [2026-09-17T19:11:53.934+0000] {dagbag.py:588} INFO - Filling up the DagBag from /home/airflow/.local/lib/python3.12/site-packages/airflow/example_dags/example_latest_only_with_trigger.py
[2026-09-17T19:11:53.945+0000] {processor.py:925} INFO - DAG(s) 'latest_only_with_trigger' retrieved from /home/airflow/.local/lib/python3.12/site-packages/airflow/example_dags/example_latest_only_with_trigger.py
[2026-09-17T19:11:53.974+0000] {logging_mixin.py:190} INFO - [2026-09-17T19:11:53.973+0000] {dag.py:3239} INFO - Sync 1 DAGs
[2026-09-17T19:11:53.998+0000] {logging_mixin.py:190} INFO - [2026-09-17T19:11:53.997+0000] {dag.py:4180} INFO - Setting next_dagrun for latest_only_with_trigger to 2026-09-17 12:00:00+00:00, run_after=2026-09-17 16:00:00+00:00
[2026-09-17T19:11:54.021+0000] {processor.py:208} INFO - Processing /home/airflow/.local/lib/python3.12/site-packages/airflow/example_dags/example_latest_only_with_trigger.py took 0.098 seconds
[2026-09-17T19:12:25.668+0000] {processor.py:186} INFO - Started process (PID=2771) to work on /home/airflow/.local/lib/python3.12/site-packages/airflow/example_dags/example_latest_only_with_trigger.py
[2026-09-17T19:12:25.670+0000] {processor.py:914} INFO - Processing file /home/airflow/.local/lib/python3.12/site-packages/airflow/example_dags/example_latest_only_with_trigger.py for tasks to queue
[2026-09-17T19:12:25.673+0000] {logging_mixin.py:190} INFO - [2026-09-17T19:12:25.672+0000] {dagbag.py:588} INFO - Filling up the DagBag from /home/airflow/.local/lib/python3.12/site-packages/airflow/example_dags/example_latest_only_with_trigger.py
[2026-09-17T19:12:25.683+0000] {processor.py:925} INFO - DAG(s) 'latest_only_with_trigger' retrieved from /home/airflow/.local/lib/python3.12/site-packages/airflow/example_dags/example_latest_only_with_trigger.py
[2026-09-17T19:12:25.714+0000] {logging_mixin.py:190} INFO - [2026-09-17T19:12:25.714+0000] {dag.py:3239} INFO - Sync 1 DAGs
[2026-09-17T19:12:25.744+0000] {logging_mixin.py:190} INFO - [2026-09-17T19:12:25.743+0000] {dag.py:4180} INFO - Setting next_dagrun for latest_only_with_trigger to 2026-09-17 12:00:00+00:00, run_after=2026-09-17 16:00:00+00:00
[2026-09-17T19:12:25.769+0000] {processor.py:208} INFO - Processing /home/airflow/.local/lib/python3.12/site-packages/airflow/example_dags/example_latest_only_with_trigger.py took 0.108 seconds
[2026-09-17T19:12:56.958+0000] {processor.py:186} INFO - Started process (PID=2835) to work on /home/airflow/.local/lib/python3.12/site-packages/airflow/example_dags/example_latest_only_with_trigger.py
[2026-09-17T19:12:56.960+0000] {processor.py:914} INFO - Processing file /home/airflow/.local/lib/python3.12/site-packages/airflow/example_dags/example_latest_only_with_trigger.py for tasks to queue
[2026-09-17T19:12:56.963+0000] {logging_mixin.py:190} INFO - [2026-09-17T19:12:56.963+0000] {dagbag.py:588} INFO - Filling up the DagBag from /home/airflow/.local/lib/python3.12/site-packages/airflow/example_dags/example_latest_only_with_trigger.py
[2026-09-17T19:12:56.975+0000] {processor.py:925} INFO - DAG(s) 'latest_only_with_trigger' retrieved from /home/airflow/.local/lib/python3.12/site-packages/airflow/example_dags/example_latest_only_with_trigger.py
[2026-09-17T19:12:57.006+0000] {logging_mixin.py:190} INFO - [2026-09-17T19:12:57.006+0000] {dag.py:3239} INFO - Sync 1 DAGs
[2026-09-17T19:12:57.033+0000] {logging_mixin.py:190} INFO - [2026-09-17T19:12:57.033+0000] {dag.py:4180} INFO - Setting next_dagrun for latest_only_with_trigger to 2026-09-17 12:00:00+00:00, run_after=2026-09-17 16:00:00+00:00
[2026-09-17T19:12:57.061+0000] {processor.py:208} INFO - Processing /home/airflow/.local/lib/python3.12/site-packages/airflow/example_dags/example_latest_only_with_trigger.py took 0.110 seconds
[2026-09-17T19:13:27.518+0000] {processor.py:186} INFO - Started process (PID=2893) to work on /home/airflow/.local/lib/python3.12/site-packages/airflow/example_dags/example_latest_only_with_trigger.py
[2026-09-17T19:13:27.520+0000] {processor.py:914} INFO - Processing file /home/airflow/.local/lib/python3.12/site-packages/airflow/example_dags/example_latest_only_with_trigger.py for tasks to queue
[2026-09-17T19:13:27.522+0000] {logging_mixin.py:190} INFO - [2026-09-17T19:13:27.522+0000] {dagbag.py:588} INFO - Filling up the DagBag from /home/airflow/.local/lib/python3.12/site-packages/airflow/example_dags/example_latest_only_with_trigger.py
[2026-09-17T19:13:27.533+0000] {processor.py:925} INFO - DAG(s) 'latest_only_with_trigger' retrieved from /home/airflow/.local/lib/python3.12/site-packages/airflow/example_dags/example_latest_only_with_trigger.py
[2026-09-17T19:13:27.560+0000] {logging_mixin.py:190} INFO - [2026-09-17T19:13:27.559+0000] {dag.py:3239} INFO - Sync 1 DAGs
[2026-09-17T19:13:27.583+0000] {logging_mixin.py:190} INFO - [2026-09-17T19:13:27.583+0000] {dag.py:4180} INFO - Setting next_dagrun for latest_only_with_trigger to 2026-09-17 12:00:00+00:00, run_after=2026-09-17 16:00:00+00:00
[2026-09-17T19:13:27.607+0000] {processor.py:208} INFO - Processing /home/airflow/.local/lib/python3.12/site-packages/airflow/example_dags/example_latest_only_with_trigger.py took 0.095 seconds
[2026-09-17T19:14:01.307+0000] {processor.py:186} INFO - Started process (PID=2954) to work on /home/airflow/.local/lib/python3.12/site-packages/airflow/example_dags/example_latest_only_with_trigger.py
[2026-09-17T19:14:01.310+0000] {processor.py:914} INFO - Processing file /home/airflow/.local/lib/python3.12/site-packages/airflow/example_dags/example_latest_only_with_trigger.py for tasks to queue
[2026-09-17T19:14:01.313+0000] {logging_mixin.py:190} INFO - [2026-09-17T19:14:01.312+0000] {dagbag.py:588} INFO - Filling up the DagBag from /home/airflow/.local/lib/python3.12/site-packages/airflow/example_dags/example_latest_only_with_trigger.py
[2026-09-17T19:14:01.325+0000] {processor.py:925} INFO - DAG(s) 'latest_only_with_trigger' retrieved from /home/airflow/.local/lib/python3.12/site-packages/airflow/example_dags/example_latest_only_with_trigger.py
[2026-09-17T19:14:01.360+0000] {logging_mixin.py:190} INFO - [2026-09-17T19:14:01.360+0000] {dag.py:3239} INFO - Sync 1 DAGs
[2026-09-17T19:14:01.389+0000] {logging_mixin.py:190} INFO - [2026-09-17T19:14:01.389+0000] {dag.py:4180} INFO - Setting next_dagrun for latest_only_with_trigger to 2026-09-17 12:00:00+00:00, run_after=2026-09-17 16:00:00+00:00
[2026-09-17T19:14:01.416+0000] {processor.py:208} INFO - Processing /home/airflow/.local/lib/python3.12/site-packages/airflow/example_dags/example_latest_only_with_trigger.py took 0.116 seconds
[2026-09-17T19:14:31.918+0000] {processor.py:186} INFO - Started process (PID=3019) to work on /home/airflow/.local/lib/python3.12/site-packages/airflow/example_dags/example_latest_only_with_trigger.py
[2026-09-17T19:14:31.921+0000] {processor.py:914} INFO - Processing file /home/airflow/.local/lib/python3.12/site-packages/airflow/example_dags/example_latest_only_with_trigger.py for tasks to queue
[2026-09-17T19:14:31.924+0000] {logging_mixin.py:190} INFO - [2026-09-17T19:14:31.924+0000] {dagbag.py:588} INFO - Filling up the DagBag from /home/airflow/.local/lib/python3.12/site-packages/airflow/example_dags/example_latest_only_with_trigger.py
[2026-09-17T19:14:31.937+0000] {processor.py:925} INFO - DAG(s) 'latest_only_with_trigger' retrieved from /home/airflow/.local/lib/python3.12/site-packages/airflow/example_dags/example_latest_only_with_trigger.py
[2026-09-17T19:14:31.973+0000] {logging_mixin.py:190} INFO - [2026-09-17T19:14:31.973+0000] {dag.py:3239} INFO - Sync 1 DAGs
[2026-09-17T19:14:32.006+0000] {logging_mixin.py:190} INFO - [2026-09-17T19:14:32.006+0000] {dag.py:4180} INFO - Setting next_dagrun for latest_only_with_trigger to 2026-09-17 12:00:00+00:00, run_after=2026-09-17 16:00:00+00:00
[2026-09-17T19:14:32.037+0000] {processor.py:208} INFO - Processing /home/airflow/.local/lib/python3.12/site-packages/airflow/example_dags/example_latest_only_with_trigger.py took 0.126 seconds
[2026-09-17T19:15:02.805+0000] {processor.py:186} INFO - Started process (PID=3084) to work on /home/airflow/.local/lib/python3.12/site-packages/airflow/example_dags/example_latest_only_with_trigger.py
[2026-09-17T19:15:02.807+0000] {processor.py:914} INFO - Processing file /home/airflow/.local/lib/python3.12/site-packages/airflow/example_dags/example_latest_only_with_trigger.py for tasks to queue
[2026-09-17T19:15:02.808+0000] {logging_mixin.py:190} INFO - [2026-09-17T19:15:02.808+0000] {dagbag.py:588} INFO - Filling up the DagBag from /home/airflow/.local/lib/python3.12/site-packages/airflow/example_dags/example_latest_only_with_trigger.py
[2026-09-17T19:15:02.818+0000] {processor.py:925} INFO - DAG(s) 'latest_only_with_trigger' retrieved from /home/airflow/.local/lib/python3.12/site-packages/airflow/example_dags/example_latest_only_with_trigger.py
[2026-09-17T19:15:02.845+0000] {logging_mixin.py:190} INFO - [2026-09-17T19:15:02.845+0000] {dag.py:3239} INFO - Sync 1 DAGs
[2026-09-17T19:15:02.868+0000] {logging_mixin.py:190} INFO - [2026-09-17T19:15:02.868+0000] {dag.py:4180} INFO - Setting next_dagrun for latest_only_with_trigger to 2026-09-17 12:00:00+00:00, run_after=2026-09-17 16:00:00+00:00
[2026-09-17T19:15:02.889+0000] {processor.py:208} INFO - Processing /home/airflow/.local/lib/python3.12/site-packages/airflow/example_dags/example_latest_only_with_trigger.py took 0.089 seconds
[2026-09-17T19:15:33.731+0000] {processor.py:186} INFO - Started process (PID=3144) to work on /home/airflow/.local/lib/python3.12/site-packages/airflow/example_dags/example_latest_only_with_trigger.py
[2026-09-17T19:15:33.733+0000] {processor.py:914} INFO - Processing file /home/airflow/.local/lib/python3.12/site-packages/airflow/example_dags/example_latest_only_with_trigger.py for tasks to queue
[2026-09-17T19:15:33.736+0000] {logging_mixin.py:190} INFO - [2026-09-17T19:15:33.735+0000] {dagbag.py:588} INFO - Filling up the DagBag from /home/airflow/.local/lib/python3.12/site-packages/airflow/example_dags/example_latest_only_with_trigger.py
[2026-09-17T19:15:33.748+0000] {processor.py:925} INFO - DAG(s) 'latest_only_with_trigger' retrieved from /home/airflow/.local/lib/python3.12/site-packages/airflow/example_dags/example_latest_only_with_trigger.py
[2026-09-17T19:15:33.778+0000] {logging_mixin.py:190} INFO - [2026-09-17T19:15:33.778+0000] {dag.py:3239} INFO - Sync 1 DAGs
[2026-09-17T19:15:33.805+0000] {logging_mixin.py:190} INFO - [2026-09-17T19:15:33.805+0000] {dag.py:4180} INFO - Setting next_dagrun for latest_only_with_trigger to 2026-09-17 12:00:00+00:00, run_after=2026-09-17 16:00:00+00:00
[2026-09-17T19:15:33.832+0000] {processor.py:208} INFO - Processing /home/airflow/.local/lib/python3.12/site-packages/airflow/example_dags/example_latest_only_with_trigger.py took 0.107 seconds
[2026-09-17T19:16:04.116+0000] {processor.py:186} INFO - Started process (PID=3206) to work on /home/airflow/.local/lib/python3.12/site-packages/airflow/example_dags/example_latest_only_with_trigger.py
[2026-09-17T19:16:04.118+0000] {processor.py:914} INFO - Processing file /home/airflow/.local/lib/python3.12/site-packages/airflow/example_dags/example_latest_only_with_trigger.py for tasks to queue
[2026-09-17T19:16:04.121+0000] {logging_mixin.py:190} INFO - [2026-09-17T19:16:04.121+0000] {dagbag.py:588} INFO - Filling up the DagBag from /home/airflow/.local/lib/python3.12/site-packages/airflow/example_dags/example_latest_only_with_trigger.py
[2026-09-17T19:16:04.131+0000] {processor.py:925} INFO - DAG(s) 'latest_only_with_trigger' retrieved from /home/airflow/.local/lib/python3.12/site-packages/airflow/example_dags/example_latest_only_with_trigger.py
[2026-09-17T19:16:04.160+0000] {logging_mixin.py:190} INFO - [2026-09-17T19:16:04.159+0000] {dag.py:3239} INFO - Sync 1 DAGs
[2026-09-17T19:16:04.183+0000] {logging_mixin.py:190} INFO - [2026-09-17T19:16:04.183+0000] {dag.py:4180} INFO - Setting next_dagrun for latest_only_with_trigger to 2026-09-17 12:00:00+00:00, run_after=2026-09-17 16:00:00+00:00
[2026-09-17T19:16:04.207+0000] {processor.py:208} INFO - Processing /home/airflow/.local/lib/python3.12/site-packages/airflow/example_dags/example_latest_only_with_trigger.py took 0.096 seconds
[2026-09-17T19:16:34.893+0000] {processor.py:186} INFO - Started process (PID=3271) to work on /home/airflow/.local/lib/python3.12/site-packages/airflow/example_dags/example_latest_only_with_trigger.py
[2026-09-17T19:16:34.895+0000] {processor.py:914} INFO - Processing file /home/airflow/.local/lib/python3.12/site-packages/airflow/example_dags/example_latest_only_with_trigger.py for tasks to queue
[2026-09-17T19:16:34.897+0000] {logging_mixin.py:190} INFO - [2026-09-17T19:16:34.897+0000] {dagbag.py:588} INFO - Filling up the DagBag from /home/airflow/.local/lib/python3.12/site-packages/airflow/example_dags/example_latest_only_with_trigger.py
[2026-09-17T19:16:34.906+0000] {processor.py:925} INFO - DAG(s) 'latest_only_with_trigger' retrieved from /home/airflow/.local/lib/python3.12/site-packages/airflow/example_dags/example_latest_only_with_trigger.py
[2026-09-17T19:16:34.935+0000] {logging_mixin.py:190} INFO - [2026-09-17T19:16:34.934+0000] {dag.py:3239} INFO - Sync 1 DAGs
[2026-09-17T19:16:34.961+0000] {logging_mixin.py:190} INFO - [2026-09-17T19:16:34.961+0000] {dag.py:4180} INFO - Setting next_dagrun for latest_only_with_trigger to 2026-09-17 12:00:00+00:00, run_after=2026-09-17 16:00:00+00:00
[2026-09-17T19:16:34.986+0000] {processor.py:208} INFO - Processing /home/airflow/.local/lib/python3.12/site-packages/airflow/example_dags/example_latest_only_with_trigger.py took 0.099 seconds
[2026-09-17T19:17:05.542+0000] {processor.py:186} INFO - Started process (PID=3336) to work on /home/airflow/.local/lib/python3.12/site-packages/airflow/example_dags/example_latest_only_with_trigger.py
[2026-09-17T19:17:05.545+0000] {processor.py:914} INFO - Processing file /home/airflow/.local/lib/python3.12/site-packages/airflow/example_dags/example_latest_only_with_trigger.py for tasks to queue
[2026-09-17T19:17:05.547+0000] {logging_mixin.py:190} INFO - [2026-09-17T19:17:05.547+0000] {dagbag.py:588} INFO - Filling up the DagBag from /home/airflow/.local/lib/python3.12/site-packages/airflow/example_dags/example_latest_only_with_trigger.py
[2026-09-17T19:17:05.558+0000] {processor.py:925} INFO - DAG(s) 'latest_only_with_trigger' retrieved from /home/airflow/.local/lib/python3.12/site-packages/airflow/example_dags/example_latest_only_with_trigger.py
[2026-09-17T19:17:05.585+0000] {logging_mixin.py:190} INFO - [2026-09-17T19:17:05.585+0000] {dag.py:3239} INFO - Sync 1 DAGs
[2026-09-17T19:17:05.611+0000] {logging_mixin.py:190} INFO - [2026-09-17T19:17:05.611+0000] {dag.py:4180} INFO - Setting next_dagrun for latest_only_with_trigger to 2026-09-17 12:00:00+00:00, run_after=2026-09-17 16:00:00+00:00
[2026-09-17T19:17:05.634+0000] {processor.py:208} INFO - Processing /home/airflow/.local/lib/python3.12/site-packages/airflow/example_dags/example_latest_only_with_trigger.py took 0.098 seconds
[2026-09-17T19:17:36.310+0000] {processor.py:186} INFO - Started process (PID=3401) to work on /home/airflow/.local/lib/python3.12/site-packages/airflow/example_dags/example_latest_only_with_trigger.py
[2026-09-17T19:17:36.312+0000] {processor.py:914} INFO - Processing file /home/airflow/.local/lib/python3.12/site-packages/airflow/example_dags/example_latest_only_with_trigger.py for tasks to queue
[2026-09-17T19:17:36.314+0000] {logging_mixin.py:190} INFO - [2026-09-17T19:17:36.314+0000] {dagbag.py:588} INFO - Filling up the DagBag from /home/airflow/.local/lib/python3.12/site-packages/airflow/example_dags/example_latest_only_with_trigger.py
[2026-09-17T19:17:36.325+0000] {processor.py:925} INFO - DAG(s) 'latest_only_with_trigger' retrieved from /home/airflow/.local/lib/python3.12/site-packages/airflow/example_dags/example_latest_only_with_trigger.py
[2026-09-17T19:17:36.353+0000] {logging_mixin.py:190} INFO - [2026-09-17T19:17:36.353+0000] {dag.py:3239} INFO - Sync 1 DAGs
[2026-09-17T19:17:36.379+0000] {logging_mixin.py:190} INFO - [2026-09-17T19:17:36.379+0000] {dag.py:4180} INFO - Setting next_dagrun for latest_only_with_trigger to 2026-09-17 12:00:00+00:00, run_after=2026-09-17 16:00:00+00:00
[2026-09-17T19:17:36.402+0000] {processor.py:208} INFO - Processing /home/airflow/.local/lib/python3.12/site-packages/airflow/example_dags/example_latest_only_with_trigger.py took 0.100 seconds
[2026-09-17T19:18:07.193+0000] {processor.py:186} INFO - Started process (PID=3466) to work on /home/airflow/.local/lib/python3.12/site-packages/airflow/example_dags/example_latest_only_with_trigger.py
[2026-09-17T19:18:07.195+0000] {processor.py:914} INFO - Processing file /home/airflow/.local/lib/python3.12/site-packages/airflow/example_dags/example_latest_only_with_trigger.py for tasks to queue
[2026-09-17T19:18:07.198+0000] {logging_mixin.py:190} INFO - [2026-09-17T19:18:07.197+0000] {dagbag.py:588} INFO - Filling up the DagBag from /home/airflow/.local/lib/python3.12/site-packages/airflow/example_dags/example_latest_only_with_trigger.py
[2026-09-17T19:18:07.208+0000] {processor.py:925} INFO - DAG(s) 'latest_only_with_trigger' retrieved from /home/airflow/.local/lib/python3.12/site-packages/airflow/example_dags/example_latest_only_with_trigger.py
[2026-09-17T19:18:07.238+0000] {logging_mixin.py:190} INFO - [2026-09-17T19:18:07.238+0000] {dag.py:3239} INFO - Sync 1 DAGs
[2026-09-17T19:18:07.266+0000] {logging_mixin.py:190} INFO - [2026-09-17T19:18:07.266+0000] {dag.py:4180} INFO - Setting next_dagrun for latest_only_with_trigger to 2026-09-17 12:00:00+00:00, run_after=2026-09-17 16:00:00+00:00
[2026-09-17T19:18:07.291+0000] {processor.py:208} INFO - Processing /home/airflow/.local/lib/python3.12/site-packages/airflow/example_dags/example_latest_only_with_trigger.py took 0.105 seconds
[2026-09-17T19:18:37.896+0000] {processor.py:186} INFO - Started process (PID=3531) to work on /home/airflow/.local/lib/python3.12/site-packages/airflow/example_dags/example_latest_only_with_trigger.py
[2026-09-17T19:18:37.899+0000] {processor.py:914} INFO - Processing file /home/airflow/.local/lib/python3.12/site-packages/airflow/example_dags/example_latest_only_with_trigger.py for tasks to queue
[2026-09-17T19:18:37.902+0000] {logging_mixin.py:190} INFO - [2026-09-17T19:18:37.901+0000] {dagbag.py:588} INFO - Filling up the DagBag from /home/airflow/.local/lib/python3.12/site-packages/airflow/example_dags/example_latest_only_with_trigger.py
[2026-09-17T19:18:37.912+0000] {processor.py:925} INFO - DAG(s) 'latest_only_with_trigger' retrieved from /home/airflow/.local/lib/python3.12/site-packages/airflow/example_dags/example_latest_only_with_trigger.py
[2026-09-17T19:18:37.944+0000] {logging_mixin.py:190} INFO - [2026-09-17T19:18:37.944+0000] {dag.py:3239} INFO - Sync 1 DAGs
[2026-09-17T19:18:37.971+0000] {logging_mixin.py:190} INFO - [2026-09-17T19:18:37.971+0000] {dag.py:4180} INFO - Setting next_dagrun for latest_only_with_trigger to 2026-09-17 12:00:00+00:00, run_after=2026-09-17 16:00:00+00:00
[2026-09-17T19:18:37.999+0000] {processor.py:208} INFO - Processing /home/airflow/.local/lib/python3.12/site-packages/airflow/example_dags/example_latest_only_with_trigger.py took 0.109 seconds
[2026-09-17T19:19:08.928+0000] {processor.py:186} INFO - Started process (PID=3596) to work on /home/airflow/.local/lib/python3.12/site-packages/airflow/example_dags/example_latest_only_with_trigger.py
[2026-09-17T19:19:08.930+0000] {processor.py:914} INFO - Processing file /home/airflow/.local/lib/python3.12/site-packages/airflow/example_dags/example_latest_only_with_trigger.py for tasks to queue
[2026-09-17T19:19:08.933+0000] {logging_mixin.py:190} INFO - [2026-09-17T19:19:08.933+0000] {dagbag.py:588} INFO - Filling up the DagBag from /home/airflow/.local/lib/python3.12/site-packages/airflow/example_dags/example_latest_only_with_trigger.py
[2026-09-17T19:19:08.944+0000] {processor.py:925} INFO - DAG(s) 'latest_only_with_trigger' retrieved from /home/airflow/.local/lib/python3.12/site-packages/airflow/example_dags/example_latest_only_with_trigger.py
[2026-09-17T19:19:08.971+0000] {logging_mixin.py:190} INFO - [2026-09-17T19:19:08.971+0000] {dag.py:3239} INFO - Sync 1 DAGs
[2026-09-17T19:19:08.996+0000] {logging_mixin.py:190} INFO - [2026-09-17T19:19:08.995+0000] {dag.py:4180} INFO - Setting next_dagrun for latest_only_with_trigger to 2026-09-17 12:00:00+00:00, run_after=2026-09-17 16:00:00+00:00
[2026-09-17T19:19:09.020+0000] {processor.py:208} INFO - Processing /home/airflow/.local/lib/python3.12/site-packages/airflow/example_dags/example_latest_only_with_trigger.py took 0.099 seconds
[2026-09-17T19:19:39.233+0000] {processor.py:186} INFO - Started process (PID=3659) to work on /home/airflow/.local/lib/python3.12/site-packages/airflow/example_dags/example_latest_only_with_trigger.py
[2026-09-17T19:19:39.235+0000] {processor.py:914} INFO - Processing file /home/airflow/.local/lib/python3.12/site-packages/airflow/example_dags/example_latest_only_with_trigger.py for tasks to queue
[2026-09-17T19:19:39.237+0000] {logging_mixin.py:190} INFO - [2026-09-17T19:19:39.237+0000] {dagbag.py:588} INFO - Filling up the DagBag from /home/airflow/.local/lib/python3.12/site-packages/airflow/example_dags/example_latest_only_with_trigger.py
[2026-09-17T19:19:39.247+0000] {processor.py:925} INFO - DAG(s) 'latest_only_with_trigger' retrieved from /home/airflow/.local/lib/python3.12/site-packages/airflow/example_dags/example_latest_only_with_trigger.py
[2026-09-17T19:19:39.273+0000] {logging_mixin.py:190} INFO - [2026-09-17T19:19:39.273+0000] {dag.py:3239} INFO - Sync 1 DAGs
[2026-09-17T19:19:39.297+0000] {logging_mixin.py:190} INFO - [2026-09-17T19:19:39.297+0000] {dag.py:4180} INFO - Setting next_dagrun for latest_only_with_trigger to 2026-09-17 12:00:00+00:00, run_after=2026-09-17 16:00:00+00:00
[2026-09-17T19:19:39.319+0000] {processor.py:208} INFO - Processing /home/airflow/.local/lib/python3.12/site-packages/airflow/example_dags/example_latest_only_with_trigger.py took 0.092 seconds
[2026-09-17T19:20:09.552+0000] {processor.py:186} INFO - Started process (PID=3717) to work on /home/airflow/.local/lib/python3.12/site-packages/airflow/example_dags/example_latest_only_with_trigger.py
[2026-09-17T19:20:09.554+0000] {processor.py:914} INFO - Processing file /home/airflow/.local/lib/python3.12/site-packages/airflow/example_dags/example_latest_only_with_trigger.py for tasks to queue
[2026-09-17T19:20:09.557+0000] {logging_mixin.py:190} INFO - [2026-09-17T19:20:09.556+0000] {dagbag.py:588} INFO - Filling up the DagBag from /home/airflow/.local/lib/python3.12/site-packages/airflow/example_dags/example_latest_only_with_trigger.py
[2026-09-17T19:20:09.567+0000] {processor.py:925} INFO - DAG(s) 'latest_only_with_trigger' retrieved from /home/airflow/.local/lib/python3.12/site-packages/airflow/example_dags/example_latest_only_with_trigger.py
[2026-09-17T19:20:09.600+0000] {logging_mixin.py:190} INFO - [2026-09-17T19:20:09.600+0000] {dag.py:3239} INFO - Sync 1 DAGs
[2026-09-17T19:20:09.625+0000] {logging_mixin.py:190} INFO - [2026-09-17T19:20:09.624+0000] {dag.py:4180} INFO - Setting next_dagrun for latest_only_with_trigger to 2026-09-17 12:00:00+00:00, run_after=2026-09-17 16:00:00+00:00
[2026-09-17T19:20:09.653+0000] {processor.py:208} INFO - Processing /home/airflow/.local/lib/python3.12/site-packages/airflow/example_dags/example_latest_only_with_trigger.py took 0.106 seconds
[2026-09-17T19:20:39.779+0000] {processor.py:186} INFO - Started process (PID=3781) to work on /home/airflow/.local/lib/python3.12/site-packages/airflow/example_dags/example_latest_only_with_trigger.py
[2026-09-17T19:20:39.781+0000] {processor.py:914} INFO - Processing file /home/airflow/.local/lib/python3.12/site-packages/airflow/example_dags/example_latest_only_with_trigger.py for tasks to queue
[2026-09-17T19:20:39.783+0000] {logging_mixin.py:190} INFO - [2026-09-17T19:20:39.783+0000] {dagbag.py:588} INFO - Filling up the DagBag from /home/airflow/.local/lib/python3.12/site-packages/airflow/example_dags/example_latest_only_with_trigger.py
[2026-09-17T19:20:39.793+0000] {processor.py:925} INFO - DAG(s) 'latest_only_with_trigger' retrieved from /home/airflow/.local/lib/python3.12/site-packages/airflow/example_dags/example_latest_only_with_trigger.py
[2026-09-17T19:20:39.821+0000] {logging_mixin.py:190} INFO - [2026-09-17T19:20:39.821+0000] {dag.py:3239} INFO - Sync 1 DAGs
[2026-09-17T19:20:39.845+0000] {logging_mixin.py:190} INFO - [2026-09-17T19:20:39.845+0000] {dag.py:4180} INFO - Setting next_dagrun for latest_only_with_trigger to 2026-09-17 12:00:00+00:00, run_after=2026-09-17 16:00:00+00:00
[2026-09-17T19:20:39.867+0000] {processor.py:208} INFO - Processing /home/airflow/.local/lib/python3.12/site-packages/airflow/example_dags/example_latest_only_with_trigger.py took 0.093 seconds
[2026-09-17T19:21:10.051+0000] {processor.py:186} INFO - Started process (PID=3846) to work on /home/airflow/.local/lib/python3.12/site-packages/airflow/example_dags/example_latest_only_with_trigger.py
[2026-09-17T19:21:10.053+0000] {processor.py:914} INFO - Processing file /home/airflow/.local/lib/python3.12/site-packages/airflow/example_dags/example_latest_only_with_trigger.py for tasks to queue
[2026-09-17T19:21:10.056+0000] {logging_mixin.py:190} INFO - [2026-09-17T19:21:10.055+0000] {dagbag.py:588} INFO - Filling up the DagBag from /home/airflow/.local/lib/python3.12/site-packages/airflow/example_dags/example_latest_only_with_trigger.py
[2026-09-17T19:21:10.066+0000] {processor.py:925} INFO - DAG(s) 'latest_only_with_trigger' retrieved from /home/airflow/.local/lib/python3.12/site-packages/airflow/example_dags/example_latest_only_with_trigger.py
[2026-09-17T19:21:10.097+0000] {logging_mixin.py:190} INFO - [2026-09-17T19:21:10.096+0000] {dag.py:3239} INFO - Sync 1 DAGs
[2026-09-17T19:21:10.127+0000] {logging_mixin.py:190} INFO - [2026-09-17T19:21:10.126+0000] {dag.py:4180} INFO - Setting next_dagrun for latest_only_with_trigger to 2026-09-17 12:00:00+00:00, run_after=2026-09-17 16:00:00+00:00
[2026-09-17T19:21:10.153+0000] {processor.py:208} INFO - Processing /home/airflow/.local/lib/python3.12/site-packages/airflow/example_dags/example_latest_only_with_trigger.py took 0.109 seconds
[2026-09-17T19:21:40.488+0000] {processor.py:186} INFO - Started process (PID=3911) to work on /home/airflow/.local/lib/python3.12/site-packages/airflow/example_dags/example_latest_only_with_trigger.py
[2026-09-17T19:21:40.490+0000] {processor.py:914} INFO - Processing file /home/airflow/.local/lib/python3.12/site-packages/airflow/example_dags/example_latest_only_with_trigger.py for tasks to queue
[2026-09-17T19:21:40.492+0000] {logging_mixin.py:190} INFO - [2026-09-17T19:21:40.492+0000] {dagbag.py:588} INFO - Filling up the DagBag from /home/airflow/.local/lib/python3.12/site-packages/airflow/example_dags/example_latest_only_with_trigger.py
[2026-09-17T19:21:40.502+0000] {processor.py:925} INFO - DAG(s) 'latest_only_with_trigger' retrieved from /home/airflow/.local/lib/python3.12/site-packages/airflow/example_dags/example_latest_only_with_trigger.py
[2026-09-17T19:21:40.529+0000] {logging_mixin.py:190} INFO - [2026-09-17T19:21:40.529+0000] {dag.py:3239} INFO - Sync 1 DAGs
[2026-09-17T19:21:40.552+0000] {logging_mixin.py:190} INFO - [2026-09-17T19:21:40.552+0000] {dag.py:4180} INFO - Setting next_dagrun for latest_only_with_trigger to 2026-09-17 12:00:00+00:00, run_after=2026-09-17 16:00:00+00:00
[2026-09-17T19:21:40.573+0000] {processor.py:208} INFO - Processing /home/airflow/.local/lib/python3.12/site-packages/airflow/example_dags/example_latest_only_with_trigger.py took 0.092 seconds
[2026-09-17T19:22:10.695+0000] {processor.py:186} INFO - Started process (PID=3976) to work on /home/airflow/.local/lib/python3.12/site-packages/airflow/example_dags/example_latest_only_with_trigger.py
[2026-09-17T19:22:10.697+0000] {processor.py:914} INFO - Processing file /home/airflow/.local/lib/python3.12/site-packages/airflow/example_dags/example_latest_only_with_trigger.py for tasks to queue
[2026-09-17T19:22:10.699+0000] {logging_mixin.py:190} INFO - [2026-09-17T19:22:10.699+0000] {dagbag.py:588} INFO - Filling up the DagBag from /home/airflow/.local/lib/python3.12/site-packages/airflow/example_dags/example_latest_only_with_trigger.py
[2026-09-17T19:22:10.709+0000] {processor.py:925} INFO - DAG(s) 'latest_only_with_trigger' retrieved from /home/airflow/.local/lib/python3.12/site-packages/airflow/example_dags/example_latest_only_with_trigger.py
[2026-09-17T19:22:10.738+0000] {logging_mixin.py:190} INFO - [2026-09-17T19:22:10.737+0000] {dag.py:3239} INFO - Sync 1 DAGs
[2026-09-17T19:22:10.764+0000] {logging_mixin.py:190} INFO - [2026-09-17T19:22:10.764+0000] {dag.py:4180} INFO - Setting next_dagrun for latest_only_with_trigger to 2026-09-17 12:00:00+00:00, run_after=2026-09-17 16:00:00+00:00
[2026-09-17T19:22:10.786+0000] {processor.py:208} INFO - Processing /home/airflow/.local/lib/python3.12/site-packages/airflow/example_dags/example_latest_only_with_trigger.py took 0.097 seconds
[2026-09-17T19:22:41.183+0000] {processor.py:186} INFO - Started process (PID=4040) to work on /home/airflow/.local/lib/python3.12/site-packages/airflow/example_dags/example_latest_only_with_trigger.py
[2026-09-17T19:22:41.185+0000] {processor.py:914} INFO - Processing file /home/airflow/.local/lib/python3.12/site-packages/airflow/example_dags/example_latest_only_with_trigger.py for tasks to queue
[2026-09-17T19:22:41.187+0000] {logging_mixin.py:190} INFO - [2026-09-17T19:22:41.187+0000] {dagbag.py:588} INFO - Filling up the DagBag from /home/airflow/.local/lib/python3.12/site-packages/airflow/example_dags/example_latest_only_with_trigger.py
[2026-09-17T19:22:41.197+0000] {processor.py:925} INFO - DAG(s) 'latest_only_with_trigger' retrieved from /home/airflow/.local/lib/python3.12/site-packages/airflow/example_dags/example_latest_only_with_trigger.py
[2026-09-17T19:22:41.222+0000] {logging_mixin.py:190} INFO - [2026-09-17T19:22:41.222+0000] {dag.py:3239} INFO - Sync 1 DAGs
[2026-09-17T19:22:41.246+0000] {logging_mixin.py:190} INFO - [2026-09-17T19:22:41.246+0000] {dag.py:4180} INFO - Setting next_dagrun for latest_only_with_trigger to 2026-09-17 12:00:00+00:00, run_after=2026-09-17 16:00:00+00:00
[2026-09-17T19:22:41.268+0000] {processor.py:208} INFO - Processing /home/airflow/.local/lib/python3.12/site-packages/airflow/example_dags/example_latest_only_with_trigger.py took 0.091 seconds
[2026-09-17T19:23:11.427+0000] {processor.py:186} INFO - Started process (PID=4105) to work on /home/airflow/.local/lib/python3.12/site-packages/airflow/example_dags/example_latest_only_with_trigger.py
[2026-09-17T19:23:11.428+0000] {processor.py:914} INFO - Processing file /home/airflow/.local/lib/python3.12/site-packages/airflow/example_dags/example_latest_only_with_trigger.py for tasks to queue
[2026-09-17T19:23:11.430+0000] {logging_mixin.py:190} INFO - [2026-09-17T19:23:11.430+0000] {dagbag.py:588} INFO - Filling up the DagBag from /home/airflow/.local/lib/python3.12/site-packages/airflow/example_dags/example_latest_only_with_trigger.py
[2026-09-17T19:23:11.439+0000] {processor.py:925} INFO - DAG(s) 'latest_only_with_trigger' retrieved from /home/airflow/.local/lib/python3.12/site-packages/airflow/example_dags/example_latest_only_with_trigger.py
[2026-09-17T19:23:11.470+0000] {logging_mixin.py:190} INFO - [2026-09-17T19:23:11.470+0000] {dag.py:3239} INFO - Sync 1 DAGs
[2026-09-17T19:23:11.498+0000] {logging_mixin.py:190} INFO - [2026-09-17T19:23:11.497+0000] {dag.py:4180} INFO - Setting next_dagrun for latest_only_with_trigger to 2026-09-17 12:00:00+00:00, run_after=2026-09-17 16:00:00+00:00
[2026-09-17T19:23:11.525+0000] {processor.py:208} INFO - Processing /home/airflow/.local/lib/python3.12/site-packages/airflow/example_dags/example_latest_only_with_trigger.py took 0.104 seconds
[2026-09-17T19:23:41.809+0000] {processor.py:186} INFO - Started process (PID=4170) to work on /home/airflow/.local/lib/python3.12/site-packages/airflow/example_dags/example_latest_only_with_trigger.py
[2026-09-17T19:23:41.811+0000] {processor.py:914} INFO - Processing file /home/airflow/.local/lib/python3.12/site-packages/airflow/example_dags/example_latest_only_with_trigger.py for tasks to queue
[2026-09-17T19:23:41.814+0000] {logging_mixin.py:190} INFO - [2026-09-17T19:23:41.813+0000] {dagbag.py:588} INFO - Filling up the DagBag from /home/airflow/.local/lib/python3.12/site-packages/airflow/example_dags/example_latest_only_with_trigger.py
[2026-09-17T19:23:41.825+0000] {processor.py:925} INFO - DAG(s) 'latest_only_with_trigger' retrieved from /home/airflow/.local/lib/python3.12/site-packages/airflow/example_dags/example_latest_only_with_trigger.py
[2026-09-17T19:23:41.856+0000] {logging_mixin.py:190} INFO - [2026-09-17T19:23:41.855+0000] {dag.py:3239} INFO - Sync 1 DAGs
[2026-09-17T19:23:41.885+0000] {logging_mixin.py:190} INFO - [2026-09-17T19:23:41.885+0000] {dag.py:4180} INFO - Setting next_dagrun for latest_only_with_trigger to 2026-09-17 12:00:00+00:00, run_after=2026-09-17 16:00:00+00:00
[2026-09-17T19:23:41.910+0000] {processor.py:208} INFO - Processing /home/airflow/.local/lib/python3.12/site-packages/airflow/example_dags/example_latest_only_with_trigger.py took 0.108 seconds
[2026-09-17T19:24:12.184+0000] {processor.py:186} INFO - Started process (PID=4235) to work on /home/airflow/.local/lib/python3.12/site-packages/airflow/example_dags/example_latest_only_with_trigger.py
[2026-09-17T19:24:12.186+0000] {processor.py:914} INFO - Processing file /home/airflow/.local/lib/python3.12/site-packages/airflow/example_dags/example_latest_only_with_trigger.py for tasks to queue
[2026-09-17T19:24:12.189+0000] {logging_mixin.py:190} INFO - [2026-09-17T19:24:12.188+0000] {dagbag.py:588} INFO - Filling up the DagBag from /home/airflow/.local/lib/python3.12/site-packages/airflow/example_dags/example_latest_only_with_trigger.py
[2026-09-17T19:24:12.200+0000] {processor.py:925} INFO - DAG(s) 'latest_only_with_trigger' retrieved from /home/airflow/.local/lib/python3.12/site-packages/airflow/example_dags/example_latest_only_with_trigger.py
[2026-09-17T19:24:12.233+0000] {logging_mixin.py:190} INFO - [2026-09-17T19:24:12.232+0000] {dag.py:3239} INFO - Sync 1 DAGs
[2026-09-17T19:24:12.261+0000] {logging_mixin.py:190} INFO - [2026-09-17T19:24:12.260+0000] {dag.py:4180} INFO - Setting next_dagrun for latest_only_with_trigger to 2026-09-17 12:00:00+00:00, run_after=2026-09-17 16:00:00+00:00
[2026-09-17T19:24:12.286+0000] {processor.py:208} INFO - Processing /home/airflow/.local/lib/python3.12/site-packages/airflow/example_dags/example_latest_only_with_trigger.py took 0.109 seconds
[2026-09-17T19:24:42.550+0000] {processor.py:186} INFO - Started process (PID=4300) to work on /home/airflow/.local/lib/python3.12/site-packages/airflow/example_dags/example_latest_only_with_trigger.py
[2026-09-17T19:24:42.552+0000] {processor.py:914} INFO - Processing file /home/airflow/.local/lib/python3.12/site-packages/airflow/example_dags/example_latest_only_with_trigger.py for tasks to queue
[2026-09-17T19:24:42.555+0000] {logging_mixin.py:190} INFO - [2026-09-17T19:24:42.554+0000] {dagbag.py:588} INFO - Filling up the DagBag from /home/airflow/.local/lib/python3.12/site-packages/airflow/example_dags/example_latest_only_with_trigger.py
[2026-09-17T19:24:42.568+0000] {processor.py:925} INFO - DAG(s) 'latest_only_with_trigger' retrieved from /home/airflow/.local/lib/python3.12/site-packages/airflow/example_dags/example_latest_only_with_trigger.py
[2026-09-17T19:24:42.599+0000] {logging_mixin.py:190} INFO - [2026-09-17T19:24:42.598+0000] {dag.py:3239} INFO - Sync 1 DAGs
[2026-09-17T19:24:42.628+0000] {logging_mixin.py:190} INFO - [2026-09-17T19:24:42.627+0000] {dag.py:4180} INFO - Setting next_dagrun for latest_only_with_trigger to 2026-09-17 12:00:00+00:00, run_after=2026-09-17 16:00:00+00:00
[2026-09-17T19:24:42.651+0000] {processor.py:208} INFO - Processing /home/airflow/.local/lib/python3.12/site-packages/airflow/example_dags/example_latest_only_with_trigger.py took 0.109 seconds
[2026-09-17T19:25:13.390+0000] {processor.py:186} INFO - Started process (PID=4364) to work on /home/airflow/.local/lib/python3.12/site-packages/airflow/example_dags/example_latest_only_with_trigger.py
[2026-09-17T19:25:13.392+0000] {processor.py:914} INFO - Processing file /home/airflow/.local/lib/python3.12/site-packages/airflow/example_dags/example_latest_only_with_trigger.py for tasks to queue
[2026-09-17T19:25:13.394+0000] {logging_mixin.py:190} INFO - [2026-09-17T19:25:13.394+0000] {dagbag.py:588} INFO - Filling up the DagBag from /home/airflow/.local/lib/python3.12/site-packages/airflow/example_dags/example_latest_only_with_trigger.py
[2026-09-17T19:25:13.405+0000] {processor.py:925} INFO - DAG(s) 'latest_only_with_trigger' retrieved from /home/airflow/.local/lib/python3.12/site-packages/airflow/example_dags/example_latest_only_with_trigger.py
[2026-09-17T19:25:13.433+0000] {logging_mixin.py:190} INFO - [2026-09-17T19:25:13.433+0000] {dag.py:3239} INFO - Sync 1 DAGs
[2026-09-17T19:25:13.458+0000] {logging_mixin.py:190} INFO - [2026-09-17T19:25:13.458+0000] {dag.py:4180} INFO - Setting next_dagrun for latest_only_with_trigger to 2026-09-17 12:00:00+00:00, run_after=2026-09-17 16:00:00+00:00
[2026-09-17T19:25:13.480+0000] {processor.py:208} INFO - Processing /home/airflow/.local/lib/python3.12/site-packages/airflow/example_dags/example_latest_only_with_trigger.py took 0.096 seconds
[2026-09-17T19:25:44.208+0000] {processor.py:186} INFO - Started process (PID=4422) to work on /home/airflow/.local/lib/python3.12/site-packages/airflow/example_dags/example_latest_only_with_trigger.py
[2026-09-17T19:25:44.211+0000] {processor.py:914} INFO - Processing file /home/airflow/.local/lib/python3.12/site-packages/airflow/example_dags/example_latest_only_with_trigger.py for tasks to queue
[2026-09-17T19:25:44.213+0000] {logging_mixin.py:190} INFO - [2026-09-17T19:25:44.213+0000] {dagbag.py:588} INFO - Filling up the DagBag from /home/airflow/.local/lib/python3.12/site-packages/airflow/example_dags/example_latest_only_with_trigger.py
[2026-09-17T19:25:44.223+0000] {processor.py:925} INFO - DAG(s) 'latest_only_with_trigger' retrieved from /home/airflow/.local/lib/python3.12/site-packages/airflow/example_dags/example_latest_only_with_trigger.py
[2026-09-17T19:25:44.254+0000] {logging_mixin.py:190} INFO - [2026-09-17T19:25:44.254+0000] {dag.py:3239} INFO - Sync 1 DAGs
[2026-09-17T19:25:44.282+0000] {logging_mixin.py:190} INFO - [2026-09-17T19:25:44.282+0000] {dag.py:4180} INFO - Setting next_dagrun for latest_only_with_trigger to 2026-09-17 12:00:00+00:00, run_after=2026-09-17 16:00:00+00:00
[2026-09-17T19:25:44.315+0000] {processor.py:208} INFO - Processing /home/airflow/.local/lib/python3.12/site-packages/airflow/example_dags/example_latest_only_with_trigger.py took 0.113 seconds
[2026-09-17T19:26:15.088+0000] {processor.py:186} INFO - Started process (PID=4487) to work on /home/airflow/.local/lib/python3.12/site-packages/airflow/example_dags/example_latest_only_with_trigger.py
[2026-09-17T19:26:15.091+0000] {processor.py:914} INFO - Processing file /home/airflow/.local/lib/python3.12/site-packages/airflow/example_dags/example_latest_only_with_trigger.py for tasks to queue
[2026-09-17T19:26:15.095+0000] {logging_mixin.py:190} INFO - [2026-09-17T19:26:15.094+0000] {dagbag.py:588} INFO - Filling up the DagBag from /home/airflow/.local/lib/python3.12/site-packages/airflow/example_dags/example_latest_only_with_trigger.py
[2026-09-17T19:26:15.117+0000] {processor.py:925} INFO - DAG(s) 'latest_only_with_trigger' retrieved from /home/airflow/.local/lib/python3.12/site-packages/airflow/example_dags/example_latest_only_with_trigger.py
[2026-09-17T19:26:15.204+0000] {logging_mixin.py:190} INFO - [2026-09-17T19:26:15.199+0000] {dag.py:3239} INFO - Sync 1 DAGs
[2026-09-17T19:26:15.327+0000] {logging_mixin.py:190} INFO - [2026-09-17T19:26:15.326+0000] {dag.py:4180} INFO - Setting next_dagrun for latest_only_with_trigger to 2026-09-17 12:00:00+00:00, run_after=2026-09-17 16:00:00+00:00
[2026-09-17T19:26:15.395+0000] {processor.py:208} INFO - Processing /home/airflow/.local/lib/python3.12/site-packages/airflow/example_dags/example_latest_only_with_trigger.py took 0.323 seconds
[2026-09-17T19:26:45.609+0000] {processor.py:186} INFO - Started process (PID=4552) to work on /home/airflow/.local/lib/python3.12/site-packages/airflow/example_dags/example_latest_only_with_trigger.py
[2026-09-17T19:26:45.611+0000] {processor.py:914} INFO - Processing file /home/airflow/.local/lib/python3.12/site-packages/airflow/example_dags/example_latest_only_with_trigger.py for tasks to queue
[2026-09-17T19:26:45.614+0000] {logging_mixin.py:190} INFO - [2026-09-17T19:26:45.614+0000] {dagbag.py:588} INFO - Filling up the DagBag from /home/airflow/.local/lib/python3.12/site-packages/airflow/example_dags/example_latest_only_with_trigger.py
[2026-09-17T19:26:45.626+0000] {processor.py:925} INFO - DAG(s) 'latest_only_with_trigger' retrieved from /home/airflow/.local/lib/python3.12/site-packages/airflow/example_dags/example_latest_only_with_trigger.py
[2026-09-17T19:26:45.660+0000] {logging_mixin.py:190} INFO - [2026-09-17T19:26:45.659+0000] {dag.py:3239} INFO - Sync 1 DAGs
[2026-09-17T19:26:45.693+0000] {logging_mixin.py:190} INFO - [2026-09-17T19:26:45.693+0000] {dag.py:4180} INFO - Setting next_dagrun for latest_only_with_trigger to 2026-09-17 12:00:00+00:00, run_after=2026-09-17 16:00:00+00:00
[2026-09-17T19:26:45.718+0000] {processor.py:208} INFO - Processing /home/airflow/.local/lib/python3.12/site-packages/airflow/example_dags/example_latest_only_with_trigger.py took 0.116 seconds
[2026-09-17T19:27:16.017+0000] {processor.py:186} INFO - Started process (PID=4617) to work on /home/airflow/.local/lib/python3.12/site-packages/airflow/example_dags/example_latest_only_with_trigger.py
[2026-09-17T19:27:16.019+0000] {processor.py:914} INFO - Processing file /home/airflow/.local/lib/python3.12/site-packages/airflow/example_dags/example_latest_only_with_trigger.py for tasks to queue
[2026-09-17T19:27:16.022+0000] {logging_mixin.py:190} INFO - [2026-09-17T19:27:16.021+0000] {dagbag.py:588} INFO - Filling up the DagBag from /home/airflow/.local/lib/python3.12/site-packages/airflow/example_dags/example_latest_only_with_trigger.py
[2026-09-17T19:27:16.035+0000] {processor.py:925} INFO - DAG(s) 'latest_only_with_trigger' retrieved from /home/airflow/.local/lib/python3.12/site-packages/airflow/example_dags/example_latest_only_with_trigger.py
[2026-09-17T19:27:16.075+0000] {logging_mixin.py:190} INFO - [2026-09-17T19:27:16.074+0000] {dag.py:3239} INFO - Sync 1 DAGs
[2026-09-17T19:27:16.290+0000] {logging_mixin.py:190} INFO - [2026-09-17T19:27:16.289+0000] {dag.py:4180} INFO - Setting next_dagrun for latest_only_with_trigger to 2026-09-17 12:00:00+00:00, run_after=2026-09-17 16:00:00+00:00
[2026-09-17T19:27:16.312+0000] {processor.py:208} INFO - Processing /home/airflow/.local/lib/python3.12/site-packages/airflow/example_dags/example_latest_only_with_trigger.py took 0.303 seconds
[2026-09-17T19:27:46.882+0000] {processor.py:186} INFO - Started process (PID=4682) to work on /home/airflow/.local/lib/python3.12/site-packages/airflow/example_dags/example_latest_only_with_trigger.py
[2026-09-17T19:27:46.884+0000] {processor.py:914} INFO - Processing file /home/airflow/.local/lib/python3.12/site-packages/airflow/example_dags/example_latest_only_with_trigger.py for tasks to queue
[2026-09-17T19:27:46.886+0000] {logging_mixin.py:190} INFO - [2026-09-17T19:27:46.886+0000] {dagbag.py:588} INFO - Filling up the DagBag from /home/airflow/.local/lib/python3.12/site-packages/airflow/example_dags/example_latest_only_with_trigger.py
[2026-09-17T19:27:46.897+0000] {processor.py:925} INFO - DAG(s) 'latest_only_with_trigger' retrieved from /home/airflow/.local/lib/python3.12/site-packages/airflow/example_dags/example_latest_only_with_trigger.py
[2026-09-17T19:27:46.926+0000] {logging_mixin.py:190} INFO - [2026-09-17T19:27:46.926+0000] {dag.py:3239} INFO - Sync 1 DAGs
[2026-09-17T19:27:47.155+0000] {logging_mixin.py:190} INFO - [2026-09-17T19:27:47.155+0000] {dag.py:4180} INFO - Setting next_dagrun for latest_only_with_trigger to 2026-09-17 12:00:00+00:00, run_after=2026-09-17 16:00:00+00:00
[2026-09-17T19:27:47.179+0000] {processor.py:208} INFO - Processing /home/airflow/.local/lib/python3.12/site-packages/airflow/example_dags/example_latest_only_with_trigger.py took 0.305 seconds
[2026-09-17T19:28:18.106+0000] {processor.py:186} INFO - Started process (PID=4747) to work on /home/airflow/.local/lib/python3.12/site-packages/airflow/example_dags/example_latest_only_with_trigger.py
[2026-09-17T19:28:18.108+0000] {processor.py:914} INFO - Processing file /home/airflow/.local/lib/python3.12/site-packages/airflow/example_dags/example_latest_only_with_trigger.py for tasks to queue
[2026-09-17T19:28:18.111+0000] {logging_mixin.py:190} INFO - [2026-09-17T19:28:18.110+0000] {dagbag.py:588} INFO - Filling up the DagBag from /home/airflow/.local/lib/python3.12/site-packages/airflow/example_dags/example_latest_only_with_trigger.py
[2026-09-17T19:28:18.121+0000] {processor.py:925} INFO - DAG(s) 'latest_only_with_trigger' retrieved from /home/airflow/.local/lib/python3.12/site-packages/airflow/example_dags/example_latest_only_with_trigger.py
[2026-09-17T19:28:18.148+0000] {logging_mixin.py:190} INFO - [2026-09-17T19:28:18.147+0000] {dag.py:3239} INFO - Sync 1 DAGs
[2026-09-17T19:28:18.173+0000] {logging_mixin.py:190} INFO - [2026-09-17T19:28:18.173+0000] {dag.py:4180} INFO - Setting next_dagrun for latest_only_with_trigger to 2026-09-17 12:00:00+00:00, run_after=2026-09-17 16:00:00+00:00
[2026-09-17T19:28:18.197+0000] {processor.py:208} INFO - Processing /home/airflow/.local/lib/python3.12/site-packages/airflow/example_dags/example_latest_only_with_trigger.py took 0.098 seconds
[2026-09-17T19:48:21.064+0000] {processor.py:186} INFO - Started process (PID=81) to work on /home/airflow/.local/lib/python3.12/site-packages/airflow/example_dags/example_latest_only_with_trigger.py
[2026-09-17T19:48:21.066+0000] {processor.py:914} INFO - Processing file /home/airflow/.local/lib/python3.12/site-packages/airflow/example_dags/example_latest_only_with_trigger.py for tasks to queue
[2026-09-17T19:48:21.069+0000] {logging_mixin.py:190} INFO - [2026-09-17T19:48:21.068+0000] {dagbag.py:588} INFO - Filling up the DagBag from /home/airflow/.local/lib/python3.12/site-packages/airflow/example_dags/example_latest_only_with_trigger.py
[2026-09-17T19:48:21.079+0000] {processor.py:925} INFO - DAG(s) 'latest_only_with_trigger' retrieved from /home/airflow/.local/lib/python3.12/site-packages/airflow/example_dags/example_latest_only_with_trigger.py
[2026-09-17T19:48:21.112+0000] {logging_mixin.py:190} INFO - [2026-09-17T19:48:21.112+0000] {dag.py:3239} INFO - Sync 1 DAGs
[2026-09-17T19:48:21.137+0000] {logging_mixin.py:190} INFO - [2026-09-17T19:48:21.137+0000] {dag.py:4180} INFO - Setting next_dagrun for latest_only_with_trigger to 2026-09-17 12:00:00+00:00, run_after=2026-09-17 16:00:00+00:00
[2026-09-17T19:48:21.170+0000] {processor.py:208} INFO - Processing /home/airflow/.local/lib/python3.12/site-packages/airflow/example_dags/example_latest_only_with_trigger.py took 0.112 seconds
[2026-09-17T19:48:51.810+0000] {processor.py:186} INFO - Started process (PID=146) to work on /home/airflow/.local/lib/python3.12/site-packages/airflow/example_dags/example_latest_only_with_trigger.py
[2026-09-17T19:48:51.812+0000] {processor.py:914} INFO - Processing file /home/airflow/.local/lib/python3.12/site-packages/airflow/example_dags/example_latest_only_with_trigger.py for tasks to queue
[2026-09-17T19:48:51.814+0000] {logging_mixin.py:190} INFO - [2026-09-17T19:48:51.814+0000] {dagbag.py:588} INFO - Filling up the DagBag from /home/airflow/.local/lib/python3.12/site-packages/airflow/example_dags/example_latest_only_with_trigger.py
[2026-09-17T19:48:51.827+0000] {processor.py:925} INFO - DAG(s) 'latest_only_with_trigger' retrieved from /home/airflow/.local/lib/python3.12/site-packages/airflow/example_dags/example_latest_only_with_trigger.py
[2026-09-17T19:48:51.859+0000] {logging_mixin.py:190} INFO - [2026-09-17T19:48:51.858+0000] {dag.py:3239} INFO - Sync 1 DAGs
[2026-09-17T19:48:51.886+0000] {logging_mixin.py:190} INFO - [2026-09-17T19:48:51.886+0000] {dag.py:4180} INFO - Setting next_dagrun for latest_only_with_trigger to 2026-09-17 12:00:00+00:00, run_after=2026-09-17 16:00:00+00:00
[2026-09-17T19:48:51.910+0000] {processor.py:208} INFO - Processing /home/airflow/.local/lib/python3.12/site-packages/airflow/example_dags/example_latest_only_with_trigger.py took 0.106 seconds
[2026-09-17T19:49:23.683+0000] {processor.py:186} INFO - Started process (PID=210) to work on /home/airflow/.local/lib/python3.12/site-packages/airflow/example_dags/example_latest_only_with_trigger.py
[2026-09-17T19:49:23.685+0000] {processor.py:914} INFO - Processing file /home/airflow/.local/lib/python3.12/site-packages/airflow/example_dags/example_latest_only_with_trigger.py for tasks to queue
[2026-09-17T19:49:23.688+0000] {logging_mixin.py:190} INFO - [2026-09-17T19:49:23.687+0000] {dagbag.py:588} INFO - Filling up the DagBag from /home/airflow/.local/lib/python3.12/site-packages/airflow/example_dags/example_latest_only_with_trigger.py
[2026-09-17T19:49:23.699+0000] {processor.py:925} INFO - DAG(s) 'latest_only_with_trigger' retrieved from /home/airflow/.local/lib/python3.12/site-packages/airflow/example_dags/example_latest_only_with_trigger.py
[2026-09-17T19:49:23.730+0000] {logging_mixin.py:190} INFO - [2026-09-17T19:49:23.729+0000] {dag.py:3239} INFO - Sync 1 DAGs
[2026-09-17T19:49:23.755+0000] {logging_mixin.py:190} INFO - [2026-09-17T19:49:23.755+0000] {dag.py:4180} INFO - Setting next_dagrun for latest_only_with_trigger to 2026-09-17 12:00:00+00:00, run_after=2026-09-17 16:00:00+00:00
[2026-09-17T19:49:23.780+0000] {processor.py:208} INFO - Processing /home/airflow/.local/lib/python3.12/site-packages/airflow/example_dags/example_latest_only_with_trigger.py took 0.104 seconds
[2026-09-17T19:49:54.762+0000] {processor.py:186} INFO - Started process (PID=268) to work on /home/airflow/.local/lib/python3.12/site-packages/airflow/example_dags/example_latest_only_with_trigger.py
[2026-09-17T19:49:54.764+0000] {processor.py:914} INFO - Processing file /home/airflow/.local/lib/python3.12/site-packages/airflow/example_dags/example_latest_only_with_trigger.py for tasks to queue
[2026-09-17T19:49:54.767+0000] {logging_mixin.py:190} INFO - [2026-09-17T19:49:54.766+0000] {dagbag.py:588} INFO - Filling up the DagBag from /home/airflow/.local/lib/python3.12/site-packages/airflow/example_dags/example_latest_only_with_trigger.py
[2026-09-17T19:49:54.779+0000] {processor.py:925} INFO - DAG(s) 'latest_only_with_trigger' retrieved from /home/airflow/.local/lib/python3.12/site-packages/airflow/example_dags/example_latest_only_with_trigger.py
[2026-09-17T19:49:54.812+0000] {logging_mixin.py:190} INFO - [2026-09-17T19:49:54.812+0000] {dag.py:3239} INFO - Sync 1 DAGs
[2026-09-17T19:49:54.839+0000] {logging_mixin.py:190} INFO - [2026-09-17T19:49:54.839+0000] {dag.py:4180} INFO - Setting next_dagrun for latest_only_with_trigger to 2026-09-17 12:00:00+00:00, run_after=2026-09-17 16:00:00+00:00
[2026-09-17T19:49:54.874+0000] {processor.py:208} INFO - Processing /home/airflow/.local/lib/python3.12/site-packages/airflow/example_dags/example_latest_only_with_trigger.py took 0.118 seconds
[2026-09-17T19:50:25.197+0000] {processor.py:186} INFO - Started process (PID=332) to work on /home/airflow/.local/lib/python3.12/site-packages/airflow/example_dags/example_latest_only_with_trigger.py
[2026-09-17T19:50:25.200+0000] {processor.py:914} INFO - Processing file /home/airflow/.local/lib/python3.12/site-packages/airflow/example_dags/example_latest_only_with_trigger.py for tasks to queue
[2026-09-17T19:50:25.202+0000] {logging_mixin.py:190} INFO - [2026-09-17T19:50:25.201+0000] {dagbag.py:588} INFO - Filling up the DagBag from /home/airflow/.local/lib/python3.12/site-packages/airflow/example_dags/example_latest_only_with_trigger.py
[2026-09-17T19:50:25.212+0000] {processor.py:925} INFO - DAG(s) 'latest_only_with_trigger' retrieved from /home/airflow/.local/lib/python3.12/site-packages/airflow/example_dags/example_latest_only_with_trigger.py
[2026-09-17T19:50:25.238+0000] {logging_mixin.py:190} INFO - [2026-09-17T19:50:25.238+0000] {dag.py:3239} INFO - Sync 1 DAGs
[2026-09-17T19:50:25.265+0000] {logging_mixin.py:190} INFO - [2026-09-17T19:50:25.264+0000] {dag.py:4180} INFO - Setting next_dagrun for latest_only_with_trigger to 2026-09-17 12:00:00+00:00, run_after=2026-09-17 16:00:00+00:00
[2026-09-17T19:50:25.290+0000] {processor.py:208} INFO - Processing /home/airflow/.local/lib/python3.12/site-packages/airflow/example_dags/example_latest_only_with_trigger.py took 0.100 seconds
[2026-09-17T19:50:55.610+0000] {processor.py:186} INFO - Started process (PID=397) to work on /home/airflow/.local/lib/python3.12/site-packages/airflow/example_dags/example_latest_only_with_trigger.py
[2026-09-17T19:50:55.612+0000] {processor.py:914} INFO - Processing file /home/airflow/.local/lib/python3.12/site-packages/airflow/example_dags/example_latest_only_with_trigger.py for tasks to queue
[2026-09-17T19:50:55.614+0000] {logging_mixin.py:190} INFO - [2026-09-17T19:50:55.614+0000] {dagbag.py:588} INFO - Filling up the DagBag from /home/airflow/.local/lib/python3.12/site-packages/airflow/example_dags/example_latest_only_with_trigger.py
[2026-09-17T19:50:55.625+0000] {processor.py:925} INFO - DAG(s) 'latest_only_with_trigger' retrieved from /home/airflow/.local/lib/python3.12/site-packages/airflow/example_dags/example_latest_only_with_trigger.py
[2026-09-17T19:50:55.654+0000] {logging_mixin.py:190} INFO - [2026-09-17T19:50:55.653+0000] {dag.py:3239} INFO - Sync 1 DAGs
[2026-09-17T19:50:55.680+0000] {logging_mixin.py:190} INFO - [2026-09-17T19:50:55.680+0000] {dag.py:4180} INFO - Setting next_dagrun for latest_only_with_trigger to 2026-09-17 12:00:00+00:00, run_after=2026-09-17 16:00:00+00:00
[2026-09-17T19:50:55.704+0000] {processor.py:208} INFO - Processing /home/airflow/.local/lib/python3.12/site-packages/airflow/example_dags/example_latest_only_with_trigger.py took 0.101 seconds
[2026-09-17T19:51:25.960+0000] {processor.py:186} INFO - Started process (PID=462) to work on /home/airflow/.local/lib/python3.12/site-packages/airflow/example_dags/example_latest_only_with_trigger.py
[2026-09-17T19:51:25.963+0000] {processor.py:914} INFO - Processing file /home/airflow/.local/lib/python3.12/site-packages/airflow/example_dags/example_latest_only_with_trigger.py for tasks to queue
[2026-09-17T19:51:25.965+0000] {logging_mixin.py:190} INFO - [2026-09-17T19:51:25.965+0000] {dagbag.py:588} INFO - Filling up the DagBag from /home/airflow/.local/lib/python3.12/site-packages/airflow/example_dags/example_latest_only_with_trigger.py
[2026-09-17T19:51:25.976+0000] {processor.py:925} INFO - DAG(s) 'latest_only_with_trigger' retrieved from /home/airflow/.local/lib/python3.12/site-packages/airflow/example_dags/example_latest_only_with_trigger.py
[2026-09-17T19:51:26.004+0000] {logging_mixin.py:190} INFO - [2026-09-17T19:51:26.004+0000] {dag.py:3239} INFO - Sync 1 DAGs
[2026-09-17T19:51:26.029+0000] {logging_mixin.py:190} INFO - [2026-09-17T19:51:26.029+0000] {dag.py:4180} INFO - Setting next_dagrun for latest_only_with_trigger to 2026-09-17 12:00:00+00:00, run_after=2026-09-17 16:00:00+00:00
[2026-09-17T19:51:26.053+0000] {processor.py:208} INFO - Processing /home/airflow/.local/lib/python3.12/site-packages/airflow/example_dags/example_latest_only_with_trigger.py took 0.100 seconds
[2026-09-17T19:51:56.294+0000] {processor.py:186} INFO - Started process (PID=526) to work on /home/airflow/.local/lib/python3.12/site-packages/airflow/example_dags/example_latest_only_with_trigger.py
[2026-09-17T19:51:56.296+0000] {processor.py:914} INFO - Processing file /home/airflow/.local/lib/python3.12/site-packages/airflow/example_dags/example_latest_only_with_trigger.py for tasks to queue
[2026-09-17T19:51:56.298+0000] {logging_mixin.py:190} INFO - [2026-09-17T19:51:56.298+0000] {dagbag.py:588} INFO - Filling up the DagBag from /home/airflow/.local/lib/python3.12/site-packages/airflow/example_dags/example_latest_only_with_trigger.py
[2026-09-17T19:51:56.308+0000] {processor.py:925} INFO - DAG(s) 'latest_only_with_trigger' retrieved from /home/airflow/.local/lib/python3.12/site-packages/airflow/example_dags/example_latest_only_with_trigger.py
[2026-09-17T19:51:56.336+0000] {logging_mixin.py:190} INFO - [2026-09-17T19:51:56.336+0000] {dag.py:3239} INFO - Sync 1 DAGs
[2026-09-17T19:51:56.360+0000] {logging_mixin.py:190} INFO - [2026-09-17T19:51:56.360+0000] {dag.py:4180} INFO - Setting next_dagrun for latest_only_with_trigger to 2026-09-17 12:00:00+00:00, run_after=2026-09-17 16:00:00+00:00
[2026-09-17T19:51:56.381+0000] {processor.py:208} INFO - Processing /home/airflow/.local/lib/python3.12/site-packages/airflow/example_dags/example_latest_only_with_trigger.py took 0.093 seconds
[2026-09-17T19:52:26.769+0000] {processor.py:186} INFO - Started process (PID=591) to work on /home/airflow/.local/lib/python3.12/site-packages/airflow/example_dags/example_latest_only_with_trigger.py
[2026-09-17T19:52:26.771+0000] {processor.py:914} INFO - Processing file /home/airflow/.local/lib/python3.12/site-packages/airflow/example_dags/example_latest_only_with_trigger.py for tasks to queue
[2026-09-17T19:52:26.774+0000] {logging_mixin.py:190} INFO - [2026-09-17T19:52:26.773+0000] {dagbag.py:588} INFO - Filling up the DagBag from /home/airflow/.local/lib/python3.12/site-packages/airflow/example_dags/example_latest_only_with_trigger.py
[2026-09-17T19:52:26.784+0000] {processor.py:925} INFO - DAG(s) 'latest_only_with_trigger' retrieved from /home/airflow/.local/lib/python3.12/site-packages/airflow/example_dags/example_latest_only_with_trigger.py
[2026-09-17T19:52:26.809+0000] {logging_mixin.py:190} INFO - [2026-09-17T19:52:26.809+0000] {dag.py:3239} INFO - Sync 1 DAGs
[2026-09-17T19:52:26.831+0000] {logging_mixin.py:190} INFO - [2026-09-17T19:52:26.831+0000] {dag.py:4180} INFO - Setting next_dagrun for latest_only_with_trigger to 2026-09-17 12:00:00+00:00, run_after=2026-09-17 16:00:00+00:00
[2026-09-17T19:52:26.852+0000] {processor.py:208} INFO - Processing /home/airflow/.local/lib/python3.12/site-packages/airflow/example_dags/example_latest_only_with_trigger.py took 0.089 seconds
[2026-09-17T19:52:57.224+0000] {processor.py:186} INFO - Started process (PID=655) to work on /home/airflow/.local/lib/python3.12/site-packages/airflow/example_dags/example_latest_only_with_trigger.py
[2026-09-17T19:52:57.226+0000] {processor.py:914} INFO - Processing file /home/airflow/.local/lib/python3.12/site-packages/airflow/example_dags/example_latest_only_with_trigger.py for tasks to queue
[2026-09-17T19:52:57.228+0000] {logging_mixin.py:190} INFO - [2026-09-17T19:52:57.228+0000] {dagbag.py:588} INFO - Filling up the DagBag from /home/airflow/.local/lib/python3.12/site-packages/airflow/example_dags/example_latest_only_with_trigger.py
[2026-09-17T19:52:57.238+0000] {processor.py:925} INFO - DAG(s) 'latest_only_with_trigger' retrieved from /home/airflow/.local/lib/python3.12/site-packages/airflow/example_dags/example_latest_only_with_trigger.py
[2026-09-17T19:52:57.267+0000] {logging_mixin.py:190} INFO - [2026-09-17T19:52:57.267+0000] {dag.py:3239} INFO - Sync 1 DAGs
[2026-09-17T19:52:57.292+0000] {logging_mixin.py:190} INFO - [2026-09-17T19:52:57.292+0000] {dag.py:4180} INFO - Setting next_dagrun for latest_only_with_trigger to 2026-09-17 12:00:00+00:00, run_after=2026-09-17 16:00:00+00:00
[2026-09-17T19:52:57.314+0000] {processor.py:208} INFO - Processing /home/airflow/.local/lib/python3.12/site-packages/airflow/example_dags/example_latest_only_with_trigger.py took 0.095 seconds
[2026-09-17T19:53:27.830+0000] {processor.py:186} INFO - Started process (PID=720) to work on /home/airflow/.local/lib/python3.12/site-packages/airflow/example_dags/example_latest_only_with_trigger.py
[2026-09-17T19:53:27.832+0000] {processor.py:914} INFO - Processing file /home/airflow/.local/lib/python3.12/site-packages/airflow/example_dags/example_latest_only_with_trigger.py for tasks to queue
[2026-09-17T19:53:27.834+0000] {logging_mixin.py:190} INFO - [2026-09-17T19:53:27.833+0000] {dagbag.py:588} INFO - Filling up the DagBag from /home/airflow/.local/lib/python3.12/site-packages/airflow/example_dags/example_latest_only_with_trigger.py
[2026-09-17T19:53:27.843+0000] {processor.py:925} INFO - DAG(s) 'latest_only_with_trigger' retrieved from /home/airflow/.local/lib/python3.12/site-packages/airflow/example_dags/example_latest_only_with_trigger.py
[2026-09-17T19:53:27.873+0000] {logging_mixin.py:190} INFO - [2026-09-17T19:53:27.873+0000] {dag.py:3239} INFO - Sync 1 DAGs
[2026-09-17T19:53:27.899+0000] {logging_mixin.py:190} INFO - [2026-09-17T19:53:27.899+0000] {dag.py:4180} INFO - Setting next_dagrun for latest_only_with_trigger to 2026-09-17 12:00:00+00:00, run_after=2026-09-17 16:00:00+00:00
[2026-09-17T19:53:27.920+0000] {processor.py:208} INFO - Processing /home/airflow/.local/lib/python3.12/site-packages/airflow/example_dags/example_latest_only_with_trigger.py took 0.097 seconds
[2026-09-17T19:53:58.497+0000] {processor.py:186} INFO - Started process (PID=785) to work on /home/airflow/.local/lib/python3.12/site-packages/airflow/example_dags/example_latest_only_with_trigger.py
[2026-09-17T19:53:58.499+0000] {processor.py:914} INFO - Processing file /home/airflow/.local/lib/python3.12/site-packages/airflow/example_dags/example_latest_only_with_trigger.py for tasks to queue
[2026-09-17T19:53:58.501+0000] {logging_mixin.py:190} INFO - [2026-09-17T19:53:58.500+0000] {dagbag.py:588} INFO - Filling up the DagBag from /home/airflow/.local/lib/python3.12/site-packages/airflow/example_dags/example_latest_only_with_trigger.py
[2026-09-17T19:53:58.511+0000] {processor.py:925} INFO - DAG(s) 'latest_only_with_trigger' retrieved from /home/airflow/.local/lib/python3.12/site-packages/airflow/example_dags/example_latest_only_with_trigger.py
[2026-09-17T19:53:58.537+0000] {logging_mixin.py:190} INFO - [2026-09-17T19:53:58.537+0000] {dag.py:3239} INFO - Sync 1 DAGs
[2026-09-17T19:53:58.563+0000] {logging_mixin.py:190} INFO - [2026-09-17T19:53:58.563+0000] {dag.py:4180} INFO - Setting next_dagrun for latest_only_with_trigger to 2026-09-17 12:00:00+00:00, run_after=2026-09-17 16:00:00+00:00
[2026-09-17T19:53:58.584+0000] {processor.py:208} INFO - Processing /home/airflow/.local/lib/python3.12/site-packages/airflow/example_dags/example_latest_only_with_trigger.py took 0.094 seconds
[2026-09-17T19:54:29.169+0000] {processor.py:186} INFO - Started process (PID=850) to work on /home/airflow/.local/lib/python3.12/site-packages/airflow/example_dags/example_latest_only_with_trigger.py
[2026-09-17T19:54:29.172+0000] {processor.py:914} INFO - Processing file /home/airflow/.local/lib/python3.12/site-packages/airflow/example_dags/example_latest_only_with_trigger.py for tasks to queue
[2026-09-17T19:54:29.174+0000] {logging_mixin.py:190} INFO - [2026-09-17T19:54:29.173+0000] {dagbag.py:588} INFO - Filling up the DagBag from /home/airflow/.local/lib/python3.12/site-packages/airflow/example_dags/example_latest_only_with_trigger.py
[2026-09-17T19:54:29.184+0000] {processor.py:925} INFO - DAG(s) 'latest_only_with_trigger' retrieved from /home/airflow/.local/lib/python3.12/site-packages/airflow/example_dags/example_latest_only_with_trigger.py
[2026-09-17T19:54:29.212+0000] {logging_mixin.py:190} INFO - [2026-09-17T19:54:29.212+0000] {dag.py:3239} INFO - Sync 1 DAGs
[2026-09-17T19:54:29.235+0000] {logging_mixin.py:190} INFO - [2026-09-17T19:54:29.235+0000] {dag.py:4180} INFO - Setting next_dagrun for latest_only_with_trigger to 2026-09-17 12:00:00+00:00, run_after=2026-09-17 16:00:00+00:00
[2026-09-17T19:54:29.258+0000] {processor.py:208} INFO - Processing /home/airflow/.local/lib/python3.12/site-packages/airflow/example_dags/example_latest_only_with_trigger.py took 0.095 seconds
[2026-09-17T19:54:59.911+0000] {processor.py:186} INFO - Started process (PID=914) to work on /home/airflow/.local/lib/python3.12/site-packages/airflow/example_dags/example_latest_only_with_trigger.py
[2026-09-17T19:54:59.914+0000] {processor.py:914} INFO - Processing file /home/airflow/.local/lib/python3.12/site-packages/airflow/example_dags/example_latest_only_with_trigger.py for tasks to queue
[2026-09-17T19:54:59.916+0000] {logging_mixin.py:190} INFO - [2026-09-17T19:54:59.916+0000] {dagbag.py:588} INFO - Filling up the DagBag from /home/airflow/.local/lib/python3.12/site-packages/airflow/example_dags/example_latest_only_with_trigger.py
[2026-09-17T19:54:59.929+0000] {processor.py:925} INFO - DAG(s) 'latest_only_with_trigger' retrieved from /home/airflow/.local/lib/python3.12/site-packages/airflow/example_dags/example_latest_only_with_trigger.py
[2026-09-17T19:54:59.966+0000] {logging_mixin.py:190} INFO - [2026-09-17T19:54:59.966+0000] {dag.py:3239} INFO - Sync 1 DAGs
[2026-09-17T19:55:00.009+0000] {logging_mixin.py:190} INFO - [2026-09-17T19:55:00.009+0000] {dag.py:4180} INFO - Setting next_dagrun for latest_only_with_trigger to 2026-09-17 12:00:00+00:00, run_after=2026-09-17 16:00:00+00:00
[2026-09-17T19:55:00.044+0000] {processor.py:208} INFO - Processing /home/airflow/.local/lib/python3.12/site-packages/airflow/example_dags/example_latest_only_with_trigger.py took 0.142 seconds
[2026-09-17T19:55:30.147+0000] {processor.py:186} INFO - Started process (PID=972) to work on /home/airflow/.local/lib/python3.12/site-packages/airflow/example_dags/example_latest_only_with_trigger.py
[2026-09-17T19:55:30.150+0000] {processor.py:914} INFO - Processing file /home/airflow/.local/lib/python3.12/site-packages/airflow/example_dags/example_latest_only_with_trigger.py for tasks to queue
[2026-09-17T19:55:30.152+0000] {logging_mixin.py:190} INFO - [2026-09-17T19:55:30.152+0000] {dagbag.py:588} INFO - Filling up the DagBag from /home/airflow/.local/lib/python3.12/site-packages/airflow/example_dags/example_latest_only_with_trigger.py
[2026-09-17T19:55:30.162+0000] {processor.py:925} INFO - DAG(s) 'latest_only_with_trigger' retrieved from /home/airflow/.local/lib/python3.12/site-packages/airflow/example_dags/example_latest_only_with_trigger.py
[2026-09-17T19:55:30.193+0000] {logging_mixin.py:190} INFO - [2026-09-17T19:55:30.192+0000] {dag.py:3239} INFO - Sync 1 DAGs
[2026-09-17T19:55:30.220+0000] {logging_mixin.py:190} INFO - [2026-09-17T19:55:30.220+0000] {dag.py:4180} INFO - Setting next_dagrun for latest_only_with_trigger to 2026-09-17 12:00:00+00:00, run_after=2026-09-17 16:00:00+00:00
[2026-09-17T19:55:30.246+0000] {processor.py:208} INFO - Processing /home/airflow/.local/lib/python3.12/site-packages/airflow/example_dags/example_latest_only_with_trigger.py took 0.105 seconds
[2026-09-17T19:56:00.474+0000] {processor.py:186} INFO - Started process (PID=1037) to work on /home/airflow/.local/lib/python3.12/site-packages/airflow/example_dags/example_latest_only_with_trigger.py
[2026-09-17T19:56:00.476+0000] {processor.py:914} INFO - Processing file /home/airflow/.local/lib/python3.12/site-packages/airflow/example_dags/example_latest_only_with_trigger.py for tasks to queue
[2026-09-17T19:56:00.479+0000] {logging_mixin.py:190} INFO - [2026-09-17T19:56:00.478+0000] {dagbag.py:588} INFO - Filling up the DagBag from /home/airflow/.local/lib/python3.12/site-packages/airflow/example_dags/example_latest_only_with_trigger.py
[2026-09-17T19:56:00.488+0000] {processor.py:925} INFO - DAG(s) 'latest_only_with_trigger' retrieved from /home/airflow/.local/lib/python3.12/site-packages/airflow/example_dags/example_latest_only_with_trigger.py
[2026-09-17T19:56:00.520+0000] {logging_mixin.py:190} INFO - [2026-09-17T19:56:00.520+0000] {dag.py:3239} INFO - Sync 1 DAGs
[2026-09-17T19:56:00.547+0000] {logging_mixin.py:190} INFO - [2026-09-17T19:56:00.547+0000] {dag.py:4180} INFO - Setting next_dagrun for latest_only_with_trigger to 2026-09-17 12:00:00+00:00, run_after=2026-09-17 16:00:00+00:00
[2026-09-17T19:56:00.570+0000] {processor.py:208} INFO - Processing /home/airflow/.local/lib/python3.12/site-packages/airflow/example_dags/example_latest_only_with_trigger.py took 0.102 seconds
[2026-09-17T19:56:30.886+0000] {processor.py:186} INFO - Started process (PID=1102) to work on /home/airflow/.local/lib/python3.12/site-packages/airflow/example_dags/example_latest_only_with_trigger.py
[2026-09-17T19:56:30.888+0000] {processor.py:914} INFO - Processing file /home/airflow/.local/lib/python3.12/site-packages/airflow/example_dags/example_latest_only_with_trigger.py for tasks to queue
[2026-09-17T19:56:30.890+0000] {logging_mixin.py:190} INFO - [2026-09-17T19:56:30.890+0000] {dagbag.py:588} INFO - Filling up the DagBag from /home/airflow/.local/lib/python3.12/site-packages/airflow/example_dags/example_latest_only_with_trigger.py
[2026-09-17T19:56:30.900+0000] {processor.py:925} INFO - DAG(s) 'latest_only_with_trigger' retrieved from /home/airflow/.local/lib/python3.12/site-packages/airflow/example_dags/example_latest_only_with_trigger.py
[2026-09-17T19:56:30.928+0000] {logging_mixin.py:190} INFO - [2026-09-17T19:56:30.928+0000] {dag.py:3239} INFO - Sync 1 DAGs
[2026-09-17T19:56:30.956+0000] {logging_mixin.py:190} INFO - [2026-09-17T19:56:30.955+0000] {dag.py:4180} INFO - Setting next_dagrun for latest_only_with_trigger to 2026-09-17 12:00:00+00:00, run_after=2026-09-17 16:00:00+00:00
[2026-09-17T19:56:30.979+0000] {processor.py:208} INFO - Processing /home/airflow/.local/lib/python3.12/site-packages/airflow/example_dags/example_latest_only_with_trigger.py took 0.099 seconds
[2026-09-17T19:57:01.230+0000] {processor.py:186} INFO - Started process (PID=1167) to work on /home/airflow/.local/lib/python3.12/site-packages/airflow/example_dags/example_latest_only_with_trigger.py
[2026-09-17T19:57:01.232+0000] {processor.py:914} INFO - Processing file /home/airflow/.local/lib/python3.12/site-packages/airflow/example_dags/example_latest_only_with_trigger.py for tasks to queue
[2026-09-17T19:57:01.235+0000] {logging_mixin.py:190} INFO - [2026-09-17T19:57:01.234+0000] {dagbag.py:588} INFO - Filling up the DagBag from /home/airflow/.local/lib/python3.12/site-packages/airflow/example_dags/example_latest_only_with_trigger.py
[2026-09-17T19:57:01.245+0000] {processor.py:925} INFO - DAG(s) 'latest_only_with_trigger' retrieved from /home/airflow/.local/lib/python3.12/site-packages/airflow/example_dags/example_latest_only_with_trigger.py
[2026-09-17T19:57:01.275+0000] {logging_mixin.py:190} INFO - [2026-09-17T19:57:01.275+0000] {dag.py:3239} INFO - Sync 1 DAGs
[2026-09-17T19:57:01.301+0000] {logging_mixin.py:190} INFO - [2026-09-17T19:57:01.301+0000] {dag.py:4180} INFO - Setting next_dagrun for latest_only_with_trigger to 2026-09-17 12:00:00+00:00, run_after=2026-09-17 16:00:00+00:00
[2026-09-17T19:57:01.325+0000] {processor.py:208} INFO - Processing /home/airflow/.local/lib/python3.12/site-packages/airflow/example_dags/example_latest_only_with_trigger.py took 0.102 seconds
[2026-09-17T19:57:31.725+0000] {processor.py:186} INFO - Started process (PID=1232) to work on /home/airflow/.local/lib/python3.12/site-packages/airflow/example_dags/example_latest_only_with_trigger.py
[2026-09-17T19:57:31.728+0000] {processor.py:914} INFO - Processing file /home/airflow/.local/lib/python3.12/site-packages/airflow/example_dags/example_latest_only_with_trigger.py for tasks to queue
[2026-09-17T19:57:31.732+0000] {logging_mixin.py:190} INFO - [2026-09-17T19:57:31.731+0000] {dagbag.py:588} INFO - Filling up the DagBag from /home/airflow/.local/lib/python3.12/site-packages/airflow/example_dags/example_latest_only_with_trigger.py
[2026-09-17T19:57:31.751+0000] {processor.py:925} INFO - DAG(s) 'latest_only_with_trigger' retrieved from /home/airflow/.local/lib/python3.12/site-packages/airflow/example_dags/example_latest_only_with_trigger.py
[2026-09-17T19:57:31.787+0000] {logging_mixin.py:190} INFO - [2026-09-17T19:57:31.786+0000] {dag.py:3239} INFO - Sync 1 DAGs
[2026-09-17T19:57:31.821+0000] {logging_mixin.py:190} INFO - [2026-09-17T19:57:31.821+0000] {dag.py:4180} INFO - Setting next_dagrun for latest_only_with_trigger to 2026-09-17 12:00:00+00:00, run_after=2026-09-17 16:00:00+00:00
[2026-09-17T19:57:31.849+0000] {processor.py:208} INFO - Processing /home/airflow/.local/lib/python3.12/site-packages/airflow/example_dags/example_latest_only_with_trigger.py took 0.134 seconds
[2026-09-17T19:58:02.665+0000] {processor.py:186} INFO - Started process (PID=1297) to work on /home/airflow/.local/lib/python3.12/site-packages/airflow/example_dags/example_latest_only_with_trigger.py
[2026-09-17T19:58:02.667+0000] {processor.py:914} INFO - Processing file /home/airflow/.local/lib/python3.12/site-packages/airflow/example_dags/example_latest_only_with_trigger.py for tasks to queue
[2026-09-17T19:58:02.670+0000] {logging_mixin.py:190} INFO - [2026-09-17T19:58:02.669+0000] {dagbag.py:588} INFO - Filling up the DagBag from /home/airflow/.local/lib/python3.12/site-packages/airflow/example_dags/example_latest_only_with_trigger.py
[2026-09-17T19:58:02.681+0000] {processor.py:925} INFO - DAG(s) 'latest_only_with_trigger' retrieved from /home/airflow/.local/lib/python3.12/site-packages/airflow/example_dags/example_latest_only_with_trigger.py
[2026-09-17T19:58:02.709+0000] {logging_mixin.py:190} INFO - [2026-09-17T19:58:02.709+0000] {dag.py:3239} INFO - Sync 1 DAGs
[2026-09-17T19:58:02.738+0000] {logging_mixin.py:190} INFO - [2026-09-17T19:58:02.738+0000] {dag.py:4180} INFO - Setting next_dagrun for latest_only_with_trigger to 2026-09-17 12:00:00+00:00, run_after=2026-09-17 16:00:00+00:00
[2026-09-17T19:58:02.763+0000] {processor.py:208} INFO - Processing /home/airflow/.local/lib/python3.12/site-packages/airflow/example_dags/example_latest_only_with_trigger.py took 0.104 seconds
[2026-09-17T19:58:32.906+0000] {processor.py:186} INFO - Started process (PID=1362) to work on /home/airflow/.local/lib/python3.12/site-packages/airflow/example_dags/example_latest_only_with_trigger.py
[2026-09-17T19:58:32.908+0000] {processor.py:914} INFO - Processing file /home/airflow/.local/lib/python3.12/site-packages/airflow/example_dags/example_latest_only_with_trigger.py for tasks to queue
[2026-09-17T19:58:32.910+0000] {logging_mixin.py:190} INFO - [2026-09-17T19:58:32.910+0000] {dagbag.py:588} INFO - Filling up the DagBag from /home/airflow/.local/lib/python3.12/site-packages/airflow/example_dags/example_latest_only_with_trigger.py
[2026-09-17T19:58:32.921+0000] {processor.py:925} INFO - DAG(s) 'latest_only_with_trigger' retrieved from /home/airflow/.local/lib/python3.12/site-packages/airflow/example_dags/example_latest_only_with_trigger.py
[2026-09-17T19:58:32.948+0000] {logging_mixin.py:190} INFO - [2026-09-17T19:58:32.948+0000] {dag.py:3239} INFO - Sync 1 DAGs
[2026-09-17T19:58:32.973+0000] {logging_mixin.py:190} INFO - [2026-09-17T19:58:32.972+0000] {dag.py:4180} INFO - Setting next_dagrun for latest_only_with_trigger to 2026-09-17 12:00:00+00:00, run_after=2026-09-17 16:00:00+00:00
[2026-09-17T19:58:32.996+0000] {processor.py:208} INFO - Processing /home/airflow/.local/lib/python3.12/site-packages/airflow/example_dags/example_latest_only_with_trigger.py took 0.096 seconds
[2026-09-17T19:59:03.118+0000] {processor.py:186} INFO - Started process (PID=1427) to work on /home/airflow/.local/lib/python3.12/site-packages/airflow/example_dags/example_latest_only_with_trigger.py
[2026-09-17T19:59:03.119+0000] {processor.py:914} INFO - Processing file /home/airflow/.local/lib/python3.12/site-packages/airflow/example_dags/example_latest_only_with_trigger.py for tasks to queue
[2026-09-17T19:59:03.121+0000] {logging_mixin.py:190} INFO - [2026-09-17T19:59:03.121+0000] {dagbag.py:588} INFO - Filling up the DagBag from /home/airflow/.local/lib/python3.12/site-packages/airflow/example_dags/example_latest_only_with_trigger.py
[2026-09-17T19:59:03.132+0000] {processor.py:925} INFO - DAG(s) 'latest_only_with_trigger' retrieved from /home/airflow/.local/lib/python3.12/site-packages/airflow/example_dags/example_latest_only_with_trigger.py
[2026-09-17T19:59:03.160+0000] {logging_mixin.py:190} INFO - [2026-09-17T19:59:03.159+0000] {dag.py:3239} INFO - Sync 1 DAGs
[2026-09-17T19:59:03.183+0000] {logging_mixin.py:190} INFO - [2026-09-17T19:59:03.183+0000] {dag.py:4180} INFO - Setting next_dagrun for latest_only_with_trigger to 2026-09-17 12:00:00+00:00, run_after=2026-09-17 16:00:00+00:00
[2026-09-17T19:59:03.208+0000] {processor.py:208} INFO - Processing /home/airflow/.local/lib/python3.12/site-packages/airflow/example_dags/example_latest_only_with_trigger.py took 0.097 seconds
[2026-09-17T19:59:33.387+0000] {processor.py:186} INFO - Started process (PID=1492) to work on /home/airflow/.local/lib/python3.12/site-packages/airflow/example_dags/example_latest_only_with_trigger.py
[2026-09-17T19:59:33.388+0000] {processor.py:914} INFO - Processing file /home/airflow/.local/lib/python3.12/site-packages/airflow/example_dags/example_latest_only_with_trigger.py for tasks to queue
[2026-09-17T19:59:33.390+0000] {logging_mixin.py:190} INFO - [2026-09-17T19:59:33.390+0000] {dagbag.py:588} INFO - Filling up the DagBag from /home/airflow/.local/lib/python3.12/site-packages/airflow/example_dags/example_latest_only_with_trigger.py
[2026-09-17T19:59:33.401+0000] {processor.py:925} INFO - DAG(s) 'latest_only_with_trigger' retrieved from /home/airflow/.local/lib/python3.12/site-packages/airflow/example_dags/example_latest_only_with_trigger.py
[2026-09-17T19:59:33.429+0000] {logging_mixin.py:190} INFO - [2026-09-17T19:59:33.428+0000] {dag.py:3239} INFO - Sync 1 DAGs
[2026-09-17T19:59:33.453+0000] {logging_mixin.py:190} INFO - [2026-09-17T19:59:33.453+0000] {dag.py:4180} INFO - Setting next_dagrun for latest_only_with_trigger to 2026-09-17 12:00:00+00:00, run_after=2026-09-17 16:00:00+00:00
[2026-09-17T19:59:33.476+0000] {processor.py:208} INFO - Processing /home/airflow/.local/lib/python3.12/site-packages/airflow/example_dags/example_latest_only_with_trigger.py took 0.096 seconds
[2026-09-17T20:00:03.975+0000] {processor.py:186} INFO - Started process (PID=1556) to work on /home/airflow/.local/lib/python3.12/site-packages/airflow/example_dags/example_latest_only_with_trigger.py
[2026-09-17T20:00:03.978+0000] {processor.py:914} INFO - Processing file /home/airflow/.local/lib/python3.12/site-packages/airflow/example_dags/example_latest_only_with_trigger.py for tasks to queue
[2026-09-17T20:00:03.983+0000] {logging_mixin.py:190} INFO - [2026-09-17T20:00:03.982+0000] {dagbag.py:588} INFO - Filling up the DagBag from /home/airflow/.local/lib/python3.12/site-packages/airflow/example_dags/example_latest_only_with_trigger.py
[2026-09-17T20:00:03.999+0000] {processor.py:925} INFO - DAG(s) 'latest_only_with_trigger' retrieved from /home/airflow/.local/lib/python3.12/site-packages/airflow/example_dags/example_latest_only_with_trigger.py
[2026-09-17T20:00:04.031+0000] {logging_mixin.py:190} INFO - [2026-09-17T20:00:04.031+0000] {dag.py:3239} INFO - Sync 1 DAGs
[2026-09-17T20:00:04.068+0000] {logging_mixin.py:190} INFO - [2026-09-17T20:00:04.067+0000] {dag.py:4180} INFO - Setting next_dagrun for latest_only_with_trigger to 2026-09-17 16:00:00+00:00, run_after=2026-09-17 20:00:00+00:00
[2026-09-17T20:00:04.094+0000] {processor.py:208} INFO - Processing /home/airflow/.local/lib/python3.12/site-packages/airflow/example_dags/example_latest_only_with_trigger.py took 0.130 seconds
[2026-09-17T20:00:34.476+0000] {processor.py:186} INFO - Started process (PID=1614) to work on /home/airflow/.local/lib/python3.12/site-packages/airflow/example_dags/example_latest_only_with_trigger.py
[2026-09-17T20:00:34.478+0000] {processor.py:914} INFO - Processing file /home/airflow/.local/lib/python3.12/site-packages/airflow/example_dags/example_latest_only_with_trigger.py for tasks to queue
[2026-09-17T20:00:34.480+0000] {logging_mixin.py:190} INFO - [2026-09-17T20:00:34.480+0000] {dagbag.py:588} INFO - Filling up the DagBag from /home/airflow/.local/lib/python3.12/site-packages/airflow/example_dags/example_latest_only_with_trigger.py
[2026-09-17T20:00:34.490+0000] {processor.py:925} INFO - DAG(s) 'latest_only_with_trigger' retrieved from /home/airflow/.local/lib/python3.12/site-packages/airflow/example_dags/example_latest_only_with_trigger.py
[2026-09-17T20:00:34.517+0000] {logging_mixin.py:190} INFO - [2026-09-17T20:00:34.517+0000] {dag.py:3239} INFO - Sync 1 DAGs
[2026-09-17T20:00:34.541+0000] {logging_mixin.py:190} INFO - [2026-09-17T20:00:34.541+0000] {dag.py:4180} INFO - Setting next_dagrun for latest_only_with_trigger to 2026-09-17 16:00:00+00:00, run_after=2026-09-17 20:00:00+00:00
[2026-09-17T20:00:34.564+0000] {processor.py:208} INFO - Processing /home/airflow/.local/lib/python3.12/site-packages/airflow/example_dags/example_latest_only_with_trigger.py took 0.095 seconds
[2026-09-17T20:01:04.735+0000] {processor.py:186} INFO - Started process (PID=1679) to work on /home/airflow/.local/lib/python3.12/site-packages/airflow/example_dags/example_latest_only_with_trigger.py
[2026-09-17T20:01:04.737+0000] {processor.py:914} INFO - Processing file /home/airflow/.local/lib/python3.12/site-packages/airflow/example_dags/example_latest_only_with_trigger.py for tasks to queue
[2026-09-17T20:01:04.739+0000] {logging_mixin.py:190} INFO - [2026-09-17T20:01:04.739+0000] {dagbag.py:588} INFO - Filling up the DagBag from /home/airflow/.local/lib/python3.12/site-packages/airflow/example_dags/example_latest_only_with_trigger.py
[2026-09-17T20:01:04.749+0000] {processor.py:925} INFO - DAG(s) 'latest_only_with_trigger' retrieved from /home/airflow/.local/lib/python3.12/site-packages/airflow/example_dags/example_latest_only_with_trigger.py
[2026-09-17T20:01:04.778+0000] {logging_mixin.py:190} INFO - [2026-09-17T20:01:04.778+0000] {dag.py:3239} INFO - Sync 1 DAGs
[2026-09-17T20:01:04.804+0000] {logging_mixin.py:190} INFO - [2026-09-17T20:01:04.804+0000] {dag.py:4180} INFO - Setting next_dagrun for latest_only_with_trigger to 2026-09-17 16:00:00+00:00, run_after=2026-09-17 20:00:00+00:00
[2026-09-17T20:01:04.831+0000] {processor.py:208} INFO - Processing /home/airflow/.local/lib/python3.12/site-packages/airflow/example_dags/example_latest_only_with_trigger.py took 0.101 seconds
[2026-09-17T20:01:34.941+0000] {processor.py:186} INFO - Started process (PID=1744) to work on /home/airflow/.local/lib/python3.12/site-packages/airflow/example_dags/example_latest_only_with_trigger.py
[2026-09-17T20:01:34.943+0000] {processor.py:914} INFO - Processing file /home/airflow/.local/lib/python3.12/site-packages/airflow/example_dags/example_latest_only_with_trigger.py for tasks to queue
[2026-09-17T20:01:34.946+0000] {logging_mixin.py:190} INFO - [2026-09-17T20:01:34.945+0000] {dagbag.py:588} INFO - Filling up the DagBag from /home/airflow/.local/lib/python3.12/site-packages/airflow/example_dags/example_latest_only_with_trigger.py
[2026-09-17T20:01:34.955+0000] {processor.py:925} INFO - DAG(s) 'latest_only_with_trigger' retrieved from /home/airflow/.local/lib/python3.12/site-packages/airflow/example_dags/example_latest_only_with_trigger.py
[2026-09-17T20:01:34.984+0000] {logging_mixin.py:190} INFO - [2026-09-17T20:01:34.984+0000] {dag.py:3239} INFO - Sync 1 DAGs
[2026-09-17T20:01:35.014+0000] {logging_mixin.py:190} INFO - [2026-09-17T20:01:35.013+0000] {dag.py:4180} INFO - Setting next_dagrun for latest_only_with_trigger to 2026-09-17 16:00:00+00:00, run_after=2026-09-17 20:00:00+00:00
[2026-09-17T20:01:35.036+0000] {processor.py:208} INFO - Processing /home/airflow/.local/lib/python3.12/site-packages/airflow/example_dags/example_latest_only_with_trigger.py took 0.101 seconds
[2026-09-17T20:02:05.240+0000] {processor.py:186} INFO - Started process (PID=1809) to work on /home/airflow/.local/lib/python3.12/site-packages/airflow/example_dags/example_latest_only_with_trigger.py
[2026-09-17T20:02:05.242+0000] {processor.py:914} INFO - Processing file /home/airflow/.local/lib/python3.12/site-packages/airflow/example_dags/example_latest_only_with_trigger.py for tasks to queue
[2026-09-17T20:02:05.244+0000] {logging_mixin.py:190} INFO - [2026-09-17T20:02:05.243+0000] {dagbag.py:588} INFO - Filling up the DagBag from /home/airflow/.local/lib/python3.12/site-packages/airflow/example_dags/example_latest_only_with_trigger.py
[2026-09-17T20:02:05.253+0000] {processor.py:925} INFO - DAG(s) 'latest_only_with_trigger' retrieved from /home/airflow/.local/lib/python3.12/site-packages/airflow/example_dags/example_latest_only_with_trigger.py
[2026-09-17T20:02:05.283+0000] {logging_mixin.py:190} INFO - [2026-09-17T20:02:05.282+0000] {dag.py:3239} INFO - Sync 1 DAGs
[2026-09-17T20:02:05.310+0000] {logging_mixin.py:190} INFO - [2026-09-17T20:02:05.310+0000] {dag.py:4180} INFO - Setting next_dagrun for latest_only_with_trigger to 2026-09-17 16:00:00+00:00, run_after=2026-09-17 20:00:00+00:00
[2026-09-17T20:02:05.339+0000] {processor.py:208} INFO - Processing /home/airflow/.local/lib/python3.12/site-packages/airflow/example_dags/example_latest_only_with_trigger.py took 0.105 seconds
[2026-09-17T20:09:44.331+0000] {processor.py:186} INFO - Started process (PID=81) to work on /home/airflow/.local/lib/python3.12/site-packages/airflow/example_dags/example_latest_only_with_trigger.py
[2026-09-17T20:09:44.334+0000] {processor.py:914} INFO - Processing file /home/airflow/.local/lib/python3.12/site-packages/airflow/example_dags/example_latest_only_with_trigger.py for tasks to queue
[2026-09-17T20:09:44.337+0000] {logging_mixin.py:190} INFO - [2026-09-17T20:09:44.336+0000] {dagbag.py:588} INFO - Filling up the DagBag from /home/airflow/.local/lib/python3.12/site-packages/airflow/example_dags/example_latest_only_with_trigger.py
[2026-09-17T20:09:44.351+0000] {processor.py:925} INFO - DAG(s) 'latest_only_with_trigger' retrieved from /home/airflow/.local/lib/python3.12/site-packages/airflow/example_dags/example_latest_only_with_trigger.py
[2026-09-17T20:09:44.550+0000] {logging_mixin.py:190} INFO - [2026-09-17T20:09:44.549+0000] {override.py:1911} INFO - Created Permission View: can edit on DAG:latest_only_with_trigger
[2026-09-17T20:09:44.572+0000] {logging_mixin.py:190} INFO - [2026-09-17T20:09:44.571+0000] {override.py:1911} INFO - Created Permission View: can read on DAG:latest_only_with_trigger
[2026-09-17T20:09:44.587+0000] {logging_mixin.py:190} INFO - [2026-09-17T20:09:44.586+0000] {override.py:1911} INFO - Created Permission View: can delete on DAG:latest_only_with_trigger
[2026-09-17T20:09:44.606+0000] {logging_mixin.py:190} INFO - [2026-09-17T20:09:44.605+0000] {override.py:1911} INFO - Created Permission View: can create on DAG Run:latest_only_with_trigger
[2026-09-17T20:09:44.621+0000] {logging_mixin.py:190} INFO - [2026-09-17T20:09:44.620+0000] {override.py:1911} INFO - Created Permission View: menu access on DAG Run:latest_only_with_trigger
[2026-09-17T20:09:44.635+0000] {logging_mixin.py:190} INFO - [2026-09-17T20:09:44.634+0000] {override.py:1911} INFO - Created Permission View: can read on DAG Run:latest_only_with_trigger
[2026-09-17T20:09:44.650+0000] {logging_mixin.py:190} INFO - [2026-09-17T20:09:44.650+0000] {override.py:1911} INFO - Created Permission View: can delete on DAG Run:latest_only_with_trigger
[2026-09-17T20:09:44.652+0000] {logging_mixin.py:190} INFO - [2026-09-17T20:09:44.652+0000] {dag.py:3239} INFO - Sync 1 DAGs
[2026-09-17T20:09:44.677+0000] {logging_mixin.py:190} INFO - [2026-09-17T20:09:44.677+0000] {dag.py:3262} INFO - Creating ORM DAG for latest_only_with_trigger
[2026-09-17T20:09:44.697+0000] {logging_mixin.py:190} INFO - [2026-09-17T20:09:44.696+0000] {dag.py:4180} INFO - Setting next_dagrun for latest_only_with_trigger to 2026-09-17 16:00:00+00:00, run_after=2026-09-17 20:00:00+00:00
[2026-09-17T20:09:44.735+0000] {processor.py:208} INFO - Processing /home/airflow/.local/lib/python3.12/site-packages/airflow/example_dags/example_latest_only_with_trigger.py took 0.411 seconds
[2026-09-17T20:10:14.878+0000] {processor.py:186} INFO - Started process (PID=146) to work on /home/airflow/.local/lib/python3.12/site-packages/airflow/example_dags/example_latest_only_with_trigger.py
[2026-09-17T20:10:14.881+0000] {processor.py:914} INFO - Processing file /home/airflow/.local/lib/python3.12/site-packages/airflow/example_dags/example_latest_only_with_trigger.py for tasks to queue
[2026-09-17T20:10:14.883+0000] {logging_mixin.py:190} INFO - [2026-09-17T20:10:14.883+0000] {dagbag.py:588} INFO - Filling up the DagBag from /home/airflow/.local/lib/python3.12/site-packages/airflow/example_dags/example_latest_only_with_trigger.py
[2026-09-17T20:10:14.897+0000] {processor.py:925} INFO - DAG(s) 'latest_only_with_trigger' retrieved from /home/airflow/.local/lib/python3.12/site-packages/airflow/example_dags/example_latest_only_with_trigger.py
[2026-09-17T20:10:14.933+0000] {logging_mixin.py:190} INFO - [2026-09-17T20:10:14.933+0000] {dag.py:3239} INFO - Sync 1 DAGs
[2026-09-17T20:10:14.967+0000] {logging_mixin.py:190} INFO - [2026-09-17T20:10:14.967+0000] {dag.py:4180} INFO - Setting next_dagrun for latest_only_with_trigger to 2026-09-17 16:00:00+00:00, run_after=2026-09-17 20:00:00+00:00
[2026-09-17T20:10:14.995+0000] {processor.py:208} INFO - Processing /home/airflow/.local/lib/python3.12/site-packages/airflow/example_dags/example_latest_only_with_trigger.py took 0.126 seconds
[2026-09-17T20:10:46.082+0000] {processor.py:186} INFO - Started process (PID=211) to work on /home/airflow/.local/lib/python3.12/site-packages/airflow/example_dags/example_latest_only_with_trigger.py
[2026-09-17T20:10:46.084+0000] {processor.py:914} INFO - Processing file /home/airflow/.local/lib/python3.12/site-packages/airflow/example_dags/example_latest_only_with_trigger.py for tasks to queue
[2026-09-17T20:10:46.086+0000] {logging_mixin.py:190} INFO - [2026-09-17T20:10:46.086+0000] {dagbag.py:588} INFO - Filling up the DagBag from /home/airflow/.local/lib/python3.12/site-packages/airflow/example_dags/example_latest_only_with_trigger.py
[2026-09-17T20:10:46.099+0000] {processor.py:925} INFO - DAG(s) 'latest_only_with_trigger' retrieved from /home/airflow/.local/lib/python3.12/site-packages/airflow/example_dags/example_latest_only_with_trigger.py
[2026-09-17T20:10:46.129+0000] {logging_mixin.py:190} INFO - [2026-09-17T20:10:46.129+0000] {dag.py:3239} INFO - Sync 1 DAGs
[2026-09-17T20:10:46.154+0000] {logging_mixin.py:190} INFO - [2026-09-17T20:10:46.154+0000] {dag.py:4180} INFO - Setting next_dagrun for latest_only_with_trigger to 2026-09-17 16:00:00+00:00, run_after=2026-09-17 20:00:00+00:00
[2026-09-17T20:10:46.180+0000] {processor.py:208} INFO - Processing /home/airflow/.local/lib/python3.12/site-packages/airflow/example_dags/example_latest_only_with_trigger.py took 0.106 seconds
[2026-09-17T20:11:16.751+0000] {processor.py:186} INFO - Started process (PID=275) to work on /home/airflow/.local/lib/python3.12/site-packages/airflow/example_dags/example_latest_only_with_trigger.py
[2026-09-17T20:11:16.754+0000] {processor.py:914} INFO - Processing file /home/airflow/.local/lib/python3.12/site-packages/airflow/example_dags/example_latest_only_with_trigger.py for tasks to queue
[2026-09-17T20:11:16.758+0000] {logging_mixin.py:190} INFO - [2026-09-17T20:11:16.757+0000] {dagbag.py:588} INFO - Filling up the DagBag from /home/airflow/.local/lib/python3.12/site-packages/airflow/example_dags/example_latest_only_with_trigger.py
[2026-09-17T20:11:16.774+0000] {processor.py:925} INFO - DAG(s) 'latest_only_with_trigger' retrieved from /home/airflow/.local/lib/python3.12/site-packages/airflow/example_dags/example_latest_only_with_trigger.py
[2026-09-17T20:11:16.833+0000] {logging_mixin.py:190} INFO - [2026-09-17T20:11:16.832+0000] {dag.py:3239} INFO - Sync 1 DAGs
[2026-09-17T20:11:16.884+0000] {logging_mixin.py:190} INFO - [2026-09-17T20:11:16.884+0000] {dag.py:4180} INFO - Setting next_dagrun for latest_only_with_trigger to 2026-09-17 16:00:00+00:00, run_after=2026-09-17 20:00:00+00:00
[2026-09-17T20:11:16.924+0000] {processor.py:208} INFO - Processing /home/airflow/.local/lib/python3.12/site-packages/airflow/example_dags/example_latest_only_with_trigger.py took 0.188 seconds
[2026-09-17T20:11:47.313+0000] {processor.py:186} INFO - Started process (PID=332) to work on /home/airflow/.local/lib/python3.12/site-packages/airflow/example_dags/example_latest_only_with_trigger.py
[2026-09-17T20:11:47.315+0000] {processor.py:914} INFO - Processing file /home/airflow/.local/lib/python3.12/site-packages/airflow/example_dags/example_latest_only_with_trigger.py for tasks to queue
[2026-09-17T20:11:47.318+0000] {logging_mixin.py:190} INFO - [2026-09-17T20:11:47.318+0000] {dagbag.py:588} INFO - Filling up the DagBag from /home/airflow/.local/lib/python3.12/site-packages/airflow/example_dags/example_latest_only_with_trigger.py
[2026-09-17T20:11:47.331+0000] {processor.py:925} INFO - DAG(s) 'latest_only_with_trigger' retrieved from /home/airflow/.local/lib/python3.12/site-packages/airflow/example_dags/example_latest_only_with_trigger.py
[2026-09-17T20:11:47.366+0000] {logging_mixin.py:190} INFO - [2026-09-17T20:11:47.366+0000] {dag.py:3239} INFO - Sync 1 DAGs
[2026-09-17T20:11:47.404+0000] {logging_mixin.py:190} INFO - [2026-09-17T20:11:47.403+0000] {dag.py:4180} INFO - Setting next_dagrun for latest_only_with_trigger to 2026-09-17 16:00:00+00:00, run_after=2026-09-17 20:00:00+00:00
[2026-09-17T20:11:47.433+0000] {processor.py:208} INFO - Processing /home/airflow/.local/lib/python3.12/site-packages/airflow/example_dags/example_latest_only_with_trigger.py took 0.128 seconds
[2026-09-17T20:12:17.602+0000] {processor.py:186} INFO - Started process (PID=397) to work on /home/airflow/.local/lib/python3.12/site-packages/airflow/example_dags/example_latest_only_with_trigger.py
[2026-09-17T20:12:17.604+0000] {processor.py:914} INFO - Processing file /home/airflow/.local/lib/python3.12/site-packages/airflow/example_dags/example_latest_only_with_trigger.py for tasks to queue
[2026-09-17T20:12:17.606+0000] {logging_mixin.py:190} INFO - [2026-09-17T20:12:17.606+0000] {dagbag.py:588} INFO - Filling up the DagBag from /home/airflow/.local/lib/python3.12/site-packages/airflow/example_dags/example_latest_only_with_trigger.py
[2026-09-17T20:12:17.619+0000] {processor.py:925} INFO - DAG(s) 'latest_only_with_trigger' retrieved from /home/airflow/.local/lib/python3.12/site-packages/airflow/example_dags/example_latest_only_with_trigger.py
[2026-09-17T20:12:17.650+0000] {logging_mixin.py:190} INFO - [2026-09-17T20:12:17.650+0000] {dag.py:3239} INFO - Sync 1 DAGs
[2026-09-17T20:12:17.678+0000] {logging_mixin.py:190} INFO - [2026-09-17T20:12:17.678+0000] {dag.py:4180} INFO - Setting next_dagrun for latest_only_with_trigger to 2026-09-17 16:00:00+00:00, run_after=2026-09-17 20:00:00+00:00
[2026-09-17T20:12:17.702+0000] {processor.py:208} INFO - Processing /home/airflow/.local/lib/python3.12/site-packages/airflow/example_dags/example_latest_only_with_trigger.py took 0.107 seconds
[2026-09-17T20:12:48.279+0000] {processor.py:186} INFO - Started process (PID=462) to work on /home/airflow/.local/lib/python3.12/site-packages/airflow/example_dags/example_latest_only_with_trigger.py
[2026-09-17T20:12:48.288+0000] {processor.py:914} INFO - Processing file /home/airflow/.local/lib/python3.12/site-packages/airflow/example_dags/example_latest_only_with_trigger.py for tasks to queue
[2026-09-17T20:12:48.290+0000] {logging_mixin.py:190} INFO - [2026-09-17T20:12:48.289+0000] {dagbag.py:588} INFO - Filling up the DagBag from /home/airflow/.local/lib/python3.12/site-packages/airflow/example_dags/example_latest_only_with_trigger.py
[2026-09-17T20:12:48.300+0000] {processor.py:925} INFO - DAG(s) 'latest_only_with_trigger' retrieved from /home/airflow/.local/lib/python3.12/site-packages/airflow/example_dags/example_latest_only_with_trigger.py
[2026-09-17T20:12:48.328+0000] {logging_mixin.py:190} INFO - [2026-09-17T20:12:48.328+0000] {dag.py:3239} INFO - Sync 1 DAGs
[2026-09-17T20:12:48.353+0000] {logging_mixin.py:190} INFO - [2026-09-17T20:12:48.353+0000] {dag.py:4180} INFO - Setting next_dagrun for latest_only_with_trigger to 2026-09-17 16:00:00+00:00, run_after=2026-09-17 20:00:00+00:00
[2026-09-17T20:12:48.382+0000] {processor.py:208} INFO - Processing /home/airflow/.local/lib/python3.12/site-packages/airflow/example_dags/example_latest_only_with_trigger.py took 0.109 seconds
[2026-09-17T20:13:18.553+0000] {processor.py:186} INFO - Started process (PID=527) to work on /home/airflow/.local/lib/python3.12/site-packages/airflow/example_dags/example_latest_only_with_trigger.py
[2026-09-17T20:13:18.556+0000] {processor.py:914} INFO - Processing file /home/airflow/.local/lib/python3.12/site-packages/airflow/example_dags/example_latest_only_with_trigger.py for tasks to queue
[2026-09-17T20:13:18.558+0000] {logging_mixin.py:190} INFO - [2026-09-17T20:13:18.558+0000] {dagbag.py:588} INFO - Filling up the DagBag from /home/airflow/.local/lib/python3.12/site-packages/airflow/example_dags/example_latest_only_with_trigger.py
[2026-09-17T20:13:18.568+0000] {processor.py:925} INFO - DAG(s) 'latest_only_with_trigger' retrieved from /home/airflow/.local/lib/python3.12/site-packages/airflow/example_dags/example_latest_only_with_trigger.py
[2026-09-17T20:13:18.595+0000] {logging_mixin.py:190} INFO - [2026-09-17T20:13:18.595+0000] {dag.py:3239} INFO - Sync 1 DAGs
[2026-09-17T20:13:18.620+0000] {logging_mixin.py:190} INFO - [2026-09-17T20:13:18.619+0000] {dag.py:4180} INFO - Setting next_dagrun for latest_only_with_trigger to 2026-09-17 16:00:00+00:00, run_after=2026-09-17 20:00:00+00:00
[2026-09-17T20:13:18.640+0000] {processor.py:208} INFO - Processing /home/airflow/.local/lib/python3.12/site-packages/airflow/example_dags/example_latest_only_with_trigger.py took 0.094 seconds
[2026-09-17T20:13:50.197+0000] {processor.py:186} INFO - Started process (PID=592) to work on /home/airflow/.local/lib/python3.12/site-packages/airflow/example_dags/example_latest_only_with_trigger.py
[2026-09-17T20:13:50.199+0000] {processor.py:914} INFO - Processing file /home/airflow/.local/lib/python3.12/site-packages/airflow/example_dags/example_latest_only_with_trigger.py for tasks to queue
[2026-09-17T20:13:50.202+0000] {logging_mixin.py:190} INFO - [2026-09-17T20:13:50.201+0000] {dagbag.py:588} INFO - Filling up the DagBag from /home/airflow/.local/lib/python3.12/site-packages/airflow/example_dags/example_latest_only_with_trigger.py
[2026-09-17T20:13:50.213+0000] {processor.py:925} INFO - DAG(s) 'latest_only_with_trigger' retrieved from /home/airflow/.local/lib/python3.12/site-packages/airflow/example_dags/example_latest_only_with_trigger.py
[2026-09-17T20:13:50.246+0000] {logging_mixin.py:190} INFO - [2026-09-17T20:13:50.246+0000] {dag.py:3239} INFO - Sync 1 DAGs
[2026-09-17T20:13:50.274+0000] {logging_mixin.py:190} INFO - [2026-09-17T20:13:50.274+0000] {dag.py:4180} INFO - Setting next_dagrun for latest_only_with_trigger to 2026-09-17 16:00:00+00:00, run_after=2026-09-17 20:00:00+00:00
[2026-09-17T20:13:50.300+0000] {processor.py:208} INFO - Processing /home/airflow/.local/lib/python3.12/site-packages/airflow/example_dags/example_latest_only_with_trigger.py took 0.109 seconds
[2026-09-17T20:14:21.865+0000] {processor.py:186} INFO - Started process (PID=657) to work on /home/airflow/.local/lib/python3.12/site-packages/airflow/example_dags/example_latest_only_with_trigger.py
[2026-09-17T20:14:21.867+0000] {processor.py:914} INFO - Processing file /home/airflow/.local/lib/python3.12/site-packages/airflow/example_dags/example_latest_only_with_trigger.py for tasks to queue
[2026-09-17T20:14:21.869+0000] {logging_mixin.py:190} INFO - [2026-09-17T20:14:21.868+0000] {dagbag.py:588} INFO - Filling up the DagBag from /home/airflow/.local/lib/python3.12/site-packages/airflow/example_dags/example_latest_only_with_trigger.py
[2026-09-17T20:14:21.879+0000] {processor.py:925} INFO - DAG(s) 'latest_only_with_trigger' retrieved from /home/airflow/.local/lib/python3.12/site-packages/airflow/example_dags/example_latest_only_with_trigger.py
[2026-09-17T20:14:21.909+0000] {logging_mixin.py:190} INFO - [2026-09-17T20:14:21.909+0000] {dag.py:3239} INFO - Sync 1 DAGs
[2026-09-17T20:14:21.934+0000] {logging_mixin.py:190} INFO - [2026-09-17T20:14:21.934+0000] {dag.py:4180} INFO - Setting next_dagrun for latest_only_with_trigger to 2026-09-17 16:00:00+00:00, run_after=2026-09-17 20:00:00+00:00
[2026-09-17T20:14:21.958+0000] {processor.py:208} INFO - Processing /home/airflow/.local/lib/python3.12/site-packages/airflow/example_dags/example_latest_only_with_trigger.py took 0.099 seconds
[2026-09-17T20:14:52.915+0000] {processor.py:186} INFO - Started process (PID=722) to work on /home/airflow/.local/lib/python3.12/site-packages/airflow/example_dags/example_latest_only_with_trigger.py
[2026-09-17T20:14:52.917+0000] {processor.py:914} INFO - Processing file /home/airflow/.local/lib/python3.12/site-packages/airflow/example_dags/example_latest_only_with_trigger.py for tasks to queue
[2026-09-17T20:14:52.919+0000] {logging_mixin.py:190} INFO - [2026-09-17T20:14:52.919+0000] {dagbag.py:588} INFO - Filling up the DagBag from /home/airflow/.local/lib/python3.12/site-packages/airflow/example_dags/example_latest_only_with_trigger.py
[2026-09-17T20:14:52.929+0000] {processor.py:925} INFO - DAG(s) 'latest_only_with_trigger' retrieved from /home/airflow/.local/lib/python3.12/site-packages/airflow/example_dags/example_latest_only_with_trigger.py
[2026-09-17T20:14:52.956+0000] {logging_mixin.py:190} INFO - [2026-09-17T20:14:52.956+0000] {dag.py:3239} INFO - Sync 1 DAGs
[2026-09-17T20:14:52.980+0000] {logging_mixin.py:190} INFO - [2026-09-17T20:14:52.979+0000] {dag.py:4180} INFO - Setting next_dagrun for latest_only_with_trigger to 2026-09-17 16:00:00+00:00, run_after=2026-09-17 20:00:00+00:00
[2026-09-17T20:14:53.002+0000] {processor.py:208} INFO - Processing /home/airflow/.local/lib/python3.12/site-packages/airflow/example_dags/example_latest_only_with_trigger.py took 0.093 seconds
[2026-09-17T20:15:24.376+0000] {processor.py:186} INFO - Started process (PID=787) to work on /home/airflow/.local/lib/python3.12/site-packages/airflow/example_dags/example_latest_only_with_trigger.py
[2026-09-17T20:15:24.378+0000] {processor.py:914} INFO - Processing file /home/airflow/.local/lib/python3.12/site-packages/airflow/example_dags/example_latest_only_with_trigger.py for tasks to queue
[2026-09-17T20:15:24.381+0000] {logging_mixin.py:190} INFO - [2026-09-17T20:15:24.380+0000] {dagbag.py:588} INFO - Filling up the DagBag from /home/airflow/.local/lib/python3.12/site-packages/airflow/example_dags/example_latest_only_with_trigger.py
[2026-09-17T20:15:24.397+0000] {processor.py:925} INFO - DAG(s) 'latest_only_with_trigger' retrieved from /home/airflow/.local/lib/python3.12/site-packages/airflow/example_dags/example_latest_only_with_trigger.py
[2026-09-17T20:15:24.440+0000] {logging_mixin.py:190} INFO - [2026-09-17T20:15:24.439+0000] {dag.py:3239} INFO - Sync 1 DAGs
[2026-09-17T20:15:24.502+0000] {logging_mixin.py:190} INFO - [2026-09-17T20:15:24.501+0000] {dag.py:4180} INFO - Setting next_dagrun for latest_only_with_trigger to 2026-09-17 16:00:00+00:00, run_after=2026-09-17 20:00:00+00:00
[2026-09-17T20:15:24.544+0000] {processor.py:208} INFO - Processing /home/airflow/.local/lib/python3.12/site-packages/airflow/example_dags/example_latest_only_with_trigger.py took 0.176 seconds
[2026-09-17T20:15:55.721+0000] {processor.py:186} INFO - Started process (PID=852) to work on /home/airflow/.local/lib/python3.12/site-packages/airflow/example_dags/example_latest_only_with_trigger.py
[2026-09-17T20:15:55.723+0000] {processor.py:914} INFO - Processing file /home/airflow/.local/lib/python3.12/site-packages/airflow/example_dags/example_latest_only_with_trigger.py for tasks to queue
[2026-09-17T20:15:55.725+0000] {logging_mixin.py:190} INFO - [2026-09-17T20:15:55.724+0000] {dagbag.py:588} INFO - Filling up the DagBag from /home/airflow/.local/lib/python3.12/site-packages/airflow/example_dags/example_latest_only_with_trigger.py
[2026-09-17T20:15:55.734+0000] {processor.py:925} INFO - DAG(s) 'latest_only_with_trigger' retrieved from /home/airflow/.local/lib/python3.12/site-packages/airflow/example_dags/example_latest_only_with_trigger.py
[2026-09-17T20:15:55.760+0000] {logging_mixin.py:190} INFO - [2026-09-17T20:15:55.760+0000] {dag.py:3239} INFO - Sync 1 DAGs
[2026-09-17T20:15:55.785+0000] {logging_mixin.py:190} INFO - [2026-09-17T20:15:55.785+0000] {dag.py:4180} INFO - Setting next_dagrun for latest_only_with_trigger to 2026-09-17 16:00:00+00:00, run_after=2026-09-17 20:00:00+00:00
[2026-09-17T20:15:55.807+0000] {processor.py:208} INFO - Processing /home/airflow/.local/lib/python3.12/site-packages/airflow/example_dags/example_latest_only_with_trigger.py took 0.091 seconds
[2026-09-17T20:16:27.049+0000] {processor.py:186} INFO - Started process (PID=917) to work on /home/airflow/.local/lib/python3.12/site-packages/airflow/example_dags/example_latest_only_with_trigger.py
[2026-09-17T20:16:27.051+0000] {processor.py:914} INFO - Processing file /home/airflow/.local/lib/python3.12/site-packages/airflow/example_dags/example_latest_only_with_trigger.py for tasks to queue
[2026-09-17T20:16:27.053+0000] {logging_mixin.py:190} INFO - [2026-09-17T20:16:27.053+0000] {dagbag.py:588} INFO - Filling up the DagBag from /home/airflow/.local/lib/python3.12/site-packages/airflow/example_dags/example_latest_only_with_trigger.py
[2026-09-17T20:16:27.063+0000] {processor.py:925} INFO - DAG(s) 'latest_only_with_trigger' retrieved from /home/airflow/.local/lib/python3.12/site-packages/airflow/example_dags/example_latest_only_with_trigger.py
[2026-09-17T20:16:27.089+0000] {logging_mixin.py:190} INFO - [2026-09-17T20:16:27.089+0000] {dag.py:3239} INFO - Sync 1 DAGs
[2026-09-17T20:16:27.114+0000] {logging_mixin.py:190} INFO - [2026-09-17T20:16:27.113+0000] {dag.py:4180} INFO - Setting next_dagrun for latest_only_with_trigger to 2026-09-17 16:00:00+00:00, run_after=2026-09-17 20:00:00+00:00
[2026-09-17T20:16:27.135+0000] {processor.py:208} INFO - Processing /home/airflow/.local/lib/python3.12/site-packages/airflow/example_dags/example_latest_only_with_trigger.py took 0.091 seconds
[2026-09-17T20:16:59.279+0000] {processor.py:186} INFO - Started process (PID=982) to work on /home/airflow/.local/lib/python3.12/site-packages/airflow/example_dags/example_latest_only_with_trigger.py
[2026-09-17T20:16:59.281+0000] {processor.py:914} INFO - Processing file /home/airflow/.local/lib/python3.12/site-packages/airflow/example_dags/example_latest_only_with_trigger.py for tasks to queue
[2026-09-17T20:16:59.284+0000] {logging_mixin.py:190} INFO - [2026-09-17T20:16:59.283+0000] {dagbag.py:588} INFO - Filling up the DagBag from /home/airflow/.local/lib/python3.12/site-packages/airflow/example_dags/example_latest_only_with_trigger.py
[2026-09-17T20:16:59.295+0000] {processor.py:925} INFO - DAG(s) 'latest_only_with_trigger' retrieved from /home/airflow/.local/lib/python3.12/site-packages/airflow/example_dags/example_latest_only_with_trigger.py
[2026-09-17T20:16:59.326+0000] {logging_mixin.py:190} INFO - [2026-09-17T20:16:59.326+0000] {dag.py:3239} INFO - Sync 1 DAGs
[2026-09-17T20:16:59.352+0000] {logging_mixin.py:190} INFO - [2026-09-17T20:16:59.352+0000] {dag.py:4180} INFO - Setting next_dagrun for latest_only_with_trigger to 2026-09-17 16:00:00+00:00, run_after=2026-09-17 20:00:00+00:00
[2026-09-17T20:16:59.376+0000] {processor.py:208} INFO - Processing /home/airflow/.local/lib/python3.12/site-packages/airflow/example_dags/example_latest_only_with_trigger.py took 0.103 seconds
[2026-09-17T20:17:30.443+0000] {processor.py:186} INFO - Started process (PID=1047) to work on /home/airflow/.local/lib/python3.12/site-packages/airflow/example_dags/example_latest_only_with_trigger.py
[2026-09-17T20:17:30.445+0000] {processor.py:914} INFO - Processing file /home/airflow/.local/lib/python3.12/site-packages/airflow/example_dags/example_latest_only_with_trigger.py for tasks to queue
[2026-09-17T20:17:30.448+0000] {logging_mixin.py:190} INFO - [2026-09-17T20:17:30.447+0000] {dagbag.py:588} INFO - Filling up the DagBag from /home/airflow/.local/lib/python3.12/site-packages/airflow/example_dags/example_latest_only_with_trigger.py
[2026-09-17T20:17:30.459+0000] {processor.py:925} INFO - DAG(s) 'latest_only_with_trigger' retrieved from /home/airflow/.local/lib/python3.12/site-packages/airflow/example_dags/example_latest_only_with_trigger.py
[2026-09-17T20:17:30.491+0000] {logging_mixin.py:190} INFO - [2026-09-17T20:17:30.490+0000] {dag.py:3239} INFO - Sync 1 DAGs
[2026-09-17T20:17:30.522+0000] {logging_mixin.py:190} INFO - [2026-09-17T20:17:30.521+0000] {dag.py:4180} INFO - Setting next_dagrun for latest_only_with_trigger to 2026-09-17 16:00:00+00:00, run_after=2026-09-17 20:00:00+00:00
[2026-09-17T20:17:30.554+0000] {processor.py:208} INFO - Processing /home/airflow/.local/lib/python3.12/site-packages/airflow/example_dags/example_latest_only_with_trigger.py took 0.117 seconds
[2026-09-17T20:18:01.269+0000] {processor.py:186} INFO - Started process (PID=1112) to work on /home/airflow/.local/lib/python3.12/site-packages/airflow/example_dags/example_latest_only_with_trigger.py
[2026-09-17T20:18:01.271+0000] {processor.py:914} INFO - Processing file /home/airflow/.local/lib/python3.12/site-packages/airflow/example_dags/example_latest_only_with_trigger.py for tasks to queue
[2026-09-17T20:18:01.274+0000] {logging_mixin.py:190} INFO - [2026-09-17T20:18:01.273+0000] {dagbag.py:588} INFO - Filling up the DagBag from /home/airflow/.local/lib/python3.12/site-packages/airflow/example_dags/example_latest_only_with_trigger.py
[2026-09-17T20:18:01.284+0000] {processor.py:925} INFO - DAG(s) 'latest_only_with_trigger' retrieved from /home/airflow/.local/lib/python3.12/site-packages/airflow/example_dags/example_latest_only_with_trigger.py
[2026-09-17T20:18:01.313+0000] {logging_mixin.py:190} INFO - [2026-09-17T20:18:01.312+0000] {dag.py:3239} INFO - Sync 1 DAGs
[2026-09-17T20:18:01.337+0000] {logging_mixin.py:190} INFO - [2026-09-17T20:18:01.337+0000] {dag.py:4180} INFO - Setting next_dagrun for latest_only_with_trigger to 2026-09-17 16:00:00+00:00, run_after=2026-09-17 20:00:00+00:00
[2026-09-17T20:18:01.362+0000] {processor.py:208} INFO - Processing /home/airflow/.local/lib/python3.12/site-packages/airflow/example_dags/example_latest_only_with_trigger.py took 0.099 seconds
[2026-09-17T20:18:33.371+0000] {processor.py:186} INFO - Started process (PID=1177) to work on /home/airflow/.local/lib/python3.12/site-packages/airflow/example_dags/example_latest_only_with_trigger.py
[2026-09-17T20:18:33.373+0000] {processor.py:914} INFO - Processing file /home/airflow/.local/lib/python3.12/site-packages/airflow/example_dags/example_latest_only_with_trigger.py for tasks to queue
[2026-09-17T20:18:33.375+0000] {logging_mixin.py:190} INFO - [2026-09-17T20:18:33.375+0000] {dagbag.py:588} INFO - Filling up the DagBag from /home/airflow/.local/lib/python3.12/site-packages/airflow/example_dags/example_latest_only_with_trigger.py
[2026-09-17T20:18:33.384+0000] {processor.py:925} INFO - DAG(s) 'latest_only_with_trigger' retrieved from /home/airflow/.local/lib/python3.12/site-packages/airflow/example_dags/example_latest_only_with_trigger.py
[2026-09-17T20:18:33.409+0000] {logging_mixin.py:190} INFO - [2026-09-17T20:18:33.408+0000] {dag.py:3239} INFO - Sync 1 DAGs
[2026-09-17T20:18:33.431+0000] {logging_mixin.py:190} INFO - [2026-09-17T20:18:33.431+0000] {dag.py:4180} INFO - Setting next_dagrun for latest_only_with_trigger to 2026-09-17 16:00:00+00:00, run_after=2026-09-17 20:00:00+00:00
[2026-09-17T20:18:33.451+0000] {processor.py:208} INFO - Processing /home/airflow/.local/lib/python3.12/site-packages/airflow/example_dags/example_latest_only_with_trigger.py took 0.085 seconds
[2026-09-17T20:19:04.307+0000] {processor.py:186} INFO - Started process (PID=1242) to work on /home/airflow/.local/lib/python3.12/site-packages/airflow/example_dags/example_latest_only_with_trigger.py
[2026-09-17T20:19:04.309+0000] {processor.py:914} INFO - Processing file /home/airflow/.local/lib/python3.12/site-packages/airflow/example_dags/example_latest_only_with_trigger.py for tasks to queue
[2026-09-17T20:19:04.312+0000] {logging_mixin.py:190} INFO - [2026-09-17T20:19:04.311+0000] {dagbag.py:588} INFO - Filling up the DagBag from /home/airflow/.local/lib/python3.12/site-packages/airflow/example_dags/example_latest_only_with_trigger.py
[2026-09-17T20:19:04.322+0000] {processor.py:925} INFO - DAG(s) 'latest_only_with_trigger' retrieved from /home/airflow/.local/lib/python3.12/site-packages/airflow/example_dags/example_latest_only_with_trigger.py
[2026-09-17T20:19:04.354+0000] {logging_mixin.py:190} INFO - [2026-09-17T20:19:04.354+0000] {dag.py:3239} INFO - Sync 1 DAGs
[2026-09-17T20:19:04.386+0000] {logging_mixin.py:190} INFO - [2026-09-17T20:19:04.385+0000] {dag.py:4180} INFO - Setting next_dagrun for latest_only_with_trigger to 2026-09-17 16:00:00+00:00, run_after=2026-09-17 20:00:00+00:00
[2026-09-17T20:19:04.414+0000] {processor.py:208} INFO - Processing /home/airflow/.local/lib/python3.12/site-packages/airflow/example_dags/example_latest_only_with_trigger.py took 0.114 seconds
[2026-09-17T20:19:35.547+0000] {processor.py:186} INFO - Started process (PID=1300) to work on /home/airflow/.local/lib/python3.12/site-packages/airflow/example_dags/example_latest_only_with_trigger.py
[2026-09-17T20:19:35.548+0000] {processor.py:914} INFO - Processing file /home/airflow/.local/lib/python3.12/site-packages/airflow/example_dags/example_latest_only_with_trigger.py for tasks to queue
[2026-09-17T20:19:35.550+0000] {logging_mixin.py:190} INFO - [2026-09-17T20:19:35.550+0000] {dagbag.py:588} INFO - Filling up the DagBag from /home/airflow/.local/lib/python3.12/site-packages/airflow/example_dags/example_latest_only_with_trigger.py
[2026-09-17T20:19:35.559+0000] {processor.py:925} INFO - DAG(s) 'latest_only_with_trigger' retrieved from /home/airflow/.local/lib/python3.12/site-packages/airflow/example_dags/example_latest_only_with_trigger.py
[2026-09-17T20:19:35.586+0000] {logging_mixin.py:190} INFO - [2026-09-17T20:19:35.585+0000] {dag.py:3239} INFO - Sync 1 DAGs
[2026-09-17T20:19:35.609+0000] {logging_mixin.py:190} INFO - [2026-09-17T20:19:35.608+0000] {dag.py:4180} INFO - Setting next_dagrun for latest_only_with_trigger to 2026-09-17 16:00:00+00:00, run_after=2026-09-17 20:00:00+00:00
[2026-09-17T20:19:35.629+0000] {processor.py:208} INFO - Processing /home/airflow/.local/lib/python3.12/site-packages/airflow/example_dags/example_latest_only_with_trigger.py took 0.088 seconds
[2026-09-17T20:20:06.966+0000] {processor.py:186} INFO - Started process (PID=1365) to work on /home/airflow/.local/lib/python3.12/site-packages/airflow/example_dags/example_latest_only_with_trigger.py
[2026-09-17T20:20:06.968+0000] {processor.py:914} INFO - Processing file /home/airflow/.local/lib/python3.12/site-packages/airflow/example_dags/example_latest_only_with_trigger.py for tasks to queue
[2026-09-17T20:20:06.971+0000] {logging_mixin.py:190} INFO - [2026-09-17T20:20:06.971+0000] {dagbag.py:588} INFO - Filling up the DagBag from /home/airflow/.local/lib/python3.12/site-packages/airflow/example_dags/example_latest_only_with_trigger.py
[2026-09-17T20:20:06.981+0000] {processor.py:925} INFO - DAG(s) 'latest_only_with_trigger' retrieved from /home/airflow/.local/lib/python3.12/site-packages/airflow/example_dags/example_latest_only_with_trigger.py
[2026-09-17T20:20:07.009+0000] {logging_mixin.py:190} INFO - [2026-09-17T20:20:07.008+0000] {dag.py:3239} INFO - Sync 1 DAGs
[2026-09-17T20:20:07.033+0000] {logging_mixin.py:190} INFO - [2026-09-17T20:20:07.033+0000] {dag.py:4180} INFO - Setting next_dagrun for latest_only_with_trigger to 2026-09-17 16:00:00+00:00, run_after=2026-09-17 20:00:00+00:00
[2026-09-17T20:20:07.056+0000] {processor.py:208} INFO - Processing /home/airflow/.local/lib/python3.12/site-packages/airflow/example_dags/example_latest_only_with_trigger.py took 0.096 seconds
[2026-09-17T20:20:38.266+0000] {processor.py:186} INFO - Started process (PID=1430) to work on /home/airflow/.local/lib/python3.12/site-packages/airflow/example_dags/example_latest_only_with_trigger.py
[2026-09-17T20:20:38.268+0000] {processor.py:914} INFO - Processing file /home/airflow/.local/lib/python3.12/site-packages/airflow/example_dags/example_latest_only_with_trigger.py for tasks to queue
[2026-09-17T20:20:38.270+0000] {logging_mixin.py:190} INFO - [2026-09-17T20:20:38.269+0000] {dagbag.py:588} INFO - Filling up the DagBag from /home/airflow/.local/lib/python3.12/site-packages/airflow/example_dags/example_latest_only_with_trigger.py
[2026-09-17T20:20:38.278+0000] {processor.py:925} INFO - DAG(s) 'latest_only_with_trigger' retrieved from /home/airflow/.local/lib/python3.12/site-packages/airflow/example_dags/example_latest_only_with_trigger.py
[2026-09-17T20:20:38.305+0000] {logging_mixin.py:190} INFO - [2026-09-17T20:20:38.304+0000] {dag.py:3239} INFO - Sync 1 DAGs
[2026-09-17T20:20:38.328+0000] {logging_mixin.py:190} INFO - [2026-09-17T20:20:38.327+0000] {dag.py:4180} INFO - Setting next_dagrun for latest_only_with_trigger to 2026-09-17 16:00:00+00:00, run_after=2026-09-17 20:00:00+00:00
[2026-09-17T20:20:38.349+0000] {processor.py:208} INFO - Processing /home/airflow/.local/lib/python3.12/site-packages/airflow/example_dags/example_latest_only_with_trigger.py took 0.090 seconds
[2026-09-17T20:21:09.270+0000] {processor.py:186} INFO - Started process (PID=1495) to work on /home/airflow/.local/lib/python3.12/site-packages/airflow/example_dags/example_latest_only_with_trigger.py
[2026-09-17T20:21:09.272+0000] {processor.py:914} INFO - Processing file /home/airflow/.local/lib/python3.12/site-packages/airflow/example_dags/example_latest_only_with_trigger.py for tasks to queue
[2026-09-17T20:21:09.275+0000] {logging_mixin.py:190} INFO - [2026-09-17T20:21:09.274+0000] {dagbag.py:588} INFO - Filling up the DagBag from /home/airflow/.local/lib/python3.12/site-packages/airflow/example_dags/example_latest_only_with_trigger.py
[2026-09-17T20:21:09.284+0000] {processor.py:925} INFO - DAG(s) 'latest_only_with_trigger' retrieved from /home/airflow/.local/lib/python3.12/site-packages/airflow/example_dags/example_latest_only_with_trigger.py
[2026-09-17T20:21:09.312+0000] {logging_mixin.py:190} INFO - [2026-09-17T20:21:09.311+0000] {dag.py:3239} INFO - Sync 1 DAGs
[2026-09-17T20:21:09.340+0000] {logging_mixin.py:190} INFO - [2026-09-17T20:21:09.339+0000] {dag.py:4180} INFO - Setting next_dagrun for latest_only_with_trigger to 2026-09-17 16:00:00+00:00, run_after=2026-09-17 20:00:00+00:00
[2026-09-17T20:21:09.365+0000] {processor.py:208} INFO - Processing /home/airflow/.local/lib/python3.12/site-packages/airflow/example_dags/example_latest_only_with_trigger.py took 0.101 seconds
[2026-09-17T20:21:40.625+0000] {processor.py:186} INFO - Started process (PID=1560) to work on /home/airflow/.local/lib/python3.12/site-packages/airflow/example_dags/example_latest_only_with_trigger.py
[2026-09-17T20:21:40.627+0000] {processor.py:914} INFO - Processing file /home/airflow/.local/lib/python3.12/site-packages/airflow/example_dags/example_latest_only_with_trigger.py for tasks to queue
[2026-09-17T20:21:40.630+0000] {logging_mixin.py:190} INFO - [2026-09-17T20:21:40.630+0000] {dagbag.py:588} INFO - Filling up the DagBag from /home/airflow/.local/lib/python3.12/site-packages/airflow/example_dags/example_latest_only_with_trigger.py
[2026-09-17T20:21:40.641+0000] {processor.py:925} INFO - DAG(s) 'latest_only_with_trigger' retrieved from /home/airflow/.local/lib/python3.12/site-packages/airflow/example_dags/example_latest_only_with_trigger.py
[2026-09-17T20:21:40.672+0000] {logging_mixin.py:190} INFO - [2026-09-17T20:21:40.671+0000] {dag.py:3239} INFO - Sync 1 DAGs
[2026-09-17T20:21:40.698+0000] {logging_mixin.py:190} INFO - [2026-09-17T20:21:40.698+0000] {dag.py:4180} INFO - Setting next_dagrun for latest_only_with_trigger to 2026-09-17 16:00:00+00:00, run_after=2026-09-17 20:00:00+00:00
[2026-09-17T20:21:40.720+0000] {processor.py:208} INFO - Processing /home/airflow/.local/lib/python3.12/site-packages/airflow/example_dags/example_latest_only_with_trigger.py took 0.102 seconds
[2026-09-17T20:22:12.331+0000] {processor.py:186} INFO - Started process (PID=1626) to work on /home/airflow/.local/lib/python3.12/site-packages/airflow/example_dags/example_latest_only_with_trigger.py
[2026-09-17T20:22:12.334+0000] {processor.py:914} INFO - Processing file /home/airflow/.local/lib/python3.12/site-packages/airflow/example_dags/example_latest_only_with_trigger.py for tasks to queue
[2026-09-17T20:22:12.336+0000] {logging_mixin.py:190} INFO - [2026-09-17T20:22:12.335+0000] {dagbag.py:588} INFO - Filling up the DagBag from /home/airflow/.local/lib/python3.12/site-packages/airflow/example_dags/example_latest_only_with_trigger.py
[2026-09-17T20:22:12.346+0000] {processor.py:925} INFO - DAG(s) 'latest_only_with_trigger' retrieved from /home/airflow/.local/lib/python3.12/site-packages/airflow/example_dags/example_latest_only_with_trigger.py
[2026-09-17T20:22:12.372+0000] {logging_mixin.py:190} INFO - [2026-09-17T20:22:12.372+0000] {dag.py:3239} INFO - Sync 1 DAGs
[2026-09-17T20:22:12.397+0000] {logging_mixin.py:190} INFO - [2026-09-17T20:22:12.397+0000] {dag.py:4180} INFO - Setting next_dagrun for latest_only_with_trigger to 2026-09-17 16:00:00+00:00, run_after=2026-09-17 20:00:00+00:00
[2026-09-17T20:22:12.420+0000] {processor.py:208} INFO - Processing /home/airflow/.local/lib/python3.12/site-packages/airflow/example_dags/example_latest_only_with_trigger.py took 0.094 seconds
[2026-09-17T20:22:44.049+0000] {processor.py:186} INFO - Started process (PID=1691) to work on /home/airflow/.local/lib/python3.12/site-packages/airflow/example_dags/example_latest_only_with_trigger.py
[2026-09-17T20:22:44.051+0000] {processor.py:914} INFO - Processing file /home/airflow/.local/lib/python3.12/site-packages/airflow/example_dags/example_latest_only_with_trigger.py for tasks to queue
[2026-09-17T20:22:44.053+0000] {logging_mixin.py:190} INFO - [2026-09-17T20:22:44.053+0000] {dagbag.py:588} INFO - Filling up the DagBag from /home/airflow/.local/lib/python3.12/site-packages/airflow/example_dags/example_latest_only_with_trigger.py
[2026-09-17T20:22:44.063+0000] {processor.py:925} INFO - DAG(s) 'latest_only_with_trigger' retrieved from /home/airflow/.local/lib/python3.12/site-packages/airflow/example_dags/example_latest_only_with_trigger.py
[2026-09-17T20:22:44.090+0000] {logging_mixin.py:190} INFO - [2026-09-17T20:22:44.090+0000] {dag.py:3239} INFO - Sync 1 DAGs
[2026-09-17T20:22:44.117+0000] {logging_mixin.py:190} INFO - [2026-09-17T20:22:44.116+0000] {dag.py:4180} INFO - Setting next_dagrun for latest_only_with_trigger to 2026-09-17 16:00:00+00:00, run_after=2026-09-17 20:00:00+00:00
[2026-09-17T20:22:44.137+0000] {processor.py:208} INFO - Processing /home/airflow/.local/lib/python3.12/site-packages/airflow/example_dags/example_latest_only_with_trigger.py took 0.094 seconds
[2026-09-17T20:23:15.470+0000] {processor.py:186} INFO - Started process (PID=1756) to work on /home/airflow/.local/lib/python3.12/site-packages/airflow/example_dags/example_latest_only_with_trigger.py
[2026-09-17T20:23:15.473+0000] {processor.py:914} INFO - Processing file /home/airflow/.local/lib/python3.12/site-packages/airflow/example_dags/example_latest_only_with_trigger.py for tasks to queue
[2026-09-17T20:23:15.476+0000] {logging_mixin.py:190} INFO - [2026-09-17T20:23:15.475+0000] {dagbag.py:588} INFO - Filling up the DagBag from /home/airflow/.local/lib/python3.12/site-packages/airflow/example_dags/example_latest_only_with_trigger.py
[2026-09-17T20:23:15.487+0000] {processor.py:925} INFO - DAG(s) 'latest_only_with_trigger' retrieved from /home/airflow/.local/lib/python3.12/site-packages/airflow/example_dags/example_latest_only_with_trigger.py
[2026-09-17T20:23:15.515+0000] {logging_mixin.py:190} INFO - [2026-09-17T20:23:15.514+0000] {dag.py:3239} INFO - Sync 1 DAGs
[2026-09-17T20:23:15.539+0000] {logging_mixin.py:190} INFO - [2026-09-17T20:23:15.539+0000] {dag.py:4180} INFO - Setting next_dagrun for latest_only_with_trigger to 2026-09-17 16:00:00+00:00, run_after=2026-09-17 20:00:00+00:00
[2026-09-17T20:23:15.563+0000] {processor.py:208} INFO - Processing /home/airflow/.local/lib/python3.12/site-packages/airflow/example_dags/example_latest_only_with_trigger.py took 0.099 seconds
[2026-09-17T20:23:46.887+0000] {processor.py:186} INFO - Started process (PID=1821) to work on /home/airflow/.local/lib/python3.12/site-packages/airflow/example_dags/example_latest_only_with_trigger.py
[2026-09-17T20:23:46.889+0000] {processor.py:914} INFO - Processing file /home/airflow/.local/lib/python3.12/site-packages/airflow/example_dags/example_latest_only_with_trigger.py for tasks to queue
[2026-09-17T20:23:46.892+0000] {logging_mixin.py:190} INFO - [2026-09-17T20:23:46.891+0000] {dagbag.py:588} INFO - Filling up the DagBag from /home/airflow/.local/lib/python3.12/site-packages/airflow/example_dags/example_latest_only_with_trigger.py
[2026-09-17T20:23:46.901+0000] {processor.py:925} INFO - DAG(s) 'latest_only_with_trigger' retrieved from /home/airflow/.local/lib/python3.12/site-packages/airflow/example_dags/example_latest_only_with_trigger.py
[2026-09-17T20:23:46.929+0000] {logging_mixin.py:190} INFO - [2026-09-17T20:23:46.929+0000] {dag.py:3239} INFO - Sync 1 DAGs
[2026-09-17T20:23:46.954+0000] {logging_mixin.py:190} INFO - [2026-09-17T20:23:46.954+0000] {dag.py:4180} INFO - Setting next_dagrun for latest_only_with_trigger to 2026-09-17 16:00:00+00:00, run_after=2026-09-17 20:00:00+00:00
[2026-09-17T20:23:46.976+0000] {processor.py:208} INFO - Processing /home/airflow/.local/lib/python3.12/site-packages/airflow/example_dags/example_latest_only_with_trigger.py took 0.095 seconds
[2026-09-17T20:24:18.364+0000] {processor.py:186} INFO - Started process (PID=1886) to work on /home/airflow/.local/lib/python3.12/site-packages/airflow/example_dags/example_latest_only_with_trigger.py
[2026-09-17T20:24:18.366+0000] {processor.py:914} INFO - Processing file /home/airflow/.local/lib/python3.12/site-packages/airflow/example_dags/example_latest_only_with_trigger.py for tasks to queue
[2026-09-17T20:24:18.368+0000] {logging_mixin.py:190} INFO - [2026-09-17T20:24:18.367+0000] {dagbag.py:588} INFO - Filling up the DagBag from /home/airflow/.local/lib/python3.12/site-packages/airflow/example_dags/example_latest_only_with_trigger.py
[2026-09-17T20:24:18.376+0000] {processor.py:925} INFO - DAG(s) 'latest_only_with_trigger' retrieved from /home/airflow/.local/lib/python3.12/site-packages/airflow/example_dags/example_latest_only_with_trigger.py
[2026-09-17T20:24:18.401+0000] {logging_mixin.py:190} INFO - [2026-09-17T20:24:18.401+0000] {dag.py:3239} INFO - Sync 1 DAGs
[2026-09-17T20:24:18.425+0000] {logging_mixin.py:190} INFO - [2026-09-17T20:24:18.425+0000] {dag.py:4180} INFO - Setting next_dagrun for latest_only_with_trigger to 2026-09-17 16:00:00+00:00, run_after=2026-09-17 20:00:00+00:00
[2026-09-17T20:24:18.445+0000] {processor.py:208} INFO - Processing /home/airflow/.local/lib/python3.12/site-packages/airflow/example_dags/example_latest_only_with_trigger.py took 0.087 seconds
[2026-09-17T20:24:49.961+0000] {processor.py:186} INFO - Started process (PID=1951) to work on /home/airflow/.local/lib/python3.12/site-packages/airflow/example_dags/example_latest_only_with_trigger.py
[2026-09-17T20:24:49.962+0000] {processor.py:914} INFO - Processing file /home/airflow/.local/lib/python3.12/site-packages/airflow/example_dags/example_latest_only_with_trigger.py for tasks to queue
[2026-09-17T20:24:49.965+0000] {logging_mixin.py:190} INFO - [2026-09-17T20:24:49.964+0000] {dagbag.py:588} INFO - Filling up the DagBag from /home/airflow/.local/lib/python3.12/site-packages/airflow/example_dags/example_latest_only_with_trigger.py
[2026-09-17T20:24:49.975+0000] {processor.py:925} INFO - DAG(s) 'latest_only_with_trigger' retrieved from /home/airflow/.local/lib/python3.12/site-packages/airflow/example_dags/example_latest_only_with_trigger.py
[2026-09-17T20:24:50.004+0000] {logging_mixin.py:190} INFO - [2026-09-17T20:24:50.004+0000] {dag.py:3239} INFO - Sync 1 DAGs
[2026-09-17T20:24:50.031+0000] {logging_mixin.py:190} INFO - [2026-09-17T20:24:50.031+0000] {dag.py:4180} INFO - Setting next_dagrun for latest_only_with_trigger to 2026-09-17 16:00:00+00:00, run_after=2026-09-17 20:00:00+00:00
[2026-09-17T20:24:50.055+0000] {processor.py:208} INFO - Processing /home/airflow/.local/lib/python3.12/site-packages/airflow/example_dags/example_latest_only_with_trigger.py took 0.100 seconds
[2026-09-17T20:25:21.264+0000] {processor.py:186} INFO - Started process (PID=2016) to work on /home/airflow/.local/lib/python3.12/site-packages/airflow/example_dags/example_latest_only_with_trigger.py
[2026-09-17T20:25:21.265+0000] {processor.py:914} INFO - Processing file /home/airflow/.local/lib/python3.12/site-packages/airflow/example_dags/example_latest_only_with_trigger.py for tasks to queue
[2026-09-17T20:25:21.268+0000] {logging_mixin.py:190} INFO - [2026-09-17T20:25:21.267+0000] {dagbag.py:588} INFO - Filling up the DagBag from /home/airflow/.local/lib/python3.12/site-packages/airflow/example_dags/example_latest_only_with_trigger.py
[2026-09-17T20:25:21.277+0000] {processor.py:925} INFO - DAG(s) 'latest_only_with_trigger' retrieved from /home/airflow/.local/lib/python3.12/site-packages/airflow/example_dags/example_latest_only_with_trigger.py
[2026-09-17T20:25:21.305+0000] {logging_mixin.py:190} INFO - [2026-09-17T20:25:21.305+0000] {dag.py:3239} INFO - Sync 1 DAGs
[2026-09-17T20:25:21.328+0000] {logging_mixin.py:190} INFO - [2026-09-17T20:25:21.327+0000] {dag.py:4180} INFO - Setting next_dagrun for latest_only_with_trigger to 2026-09-17 16:00:00+00:00, run_after=2026-09-17 20:00:00+00:00
[2026-09-17T20:25:21.350+0000] {processor.py:208} INFO - Processing /home/airflow/.local/lib/python3.12/site-packages/airflow/example_dags/example_latest_only_with_trigger.py took 0.093 seconds
[2026-09-17T20:25:53.614+0000] {processor.py:186} INFO - Started process (PID=2084) to work on /home/airflow/.local/lib/python3.12/site-packages/airflow/example_dags/example_latest_only_with_trigger.py
[2026-09-17T20:25:53.616+0000] {processor.py:914} INFO - Processing file /home/airflow/.local/lib/python3.12/site-packages/airflow/example_dags/example_latest_only_with_trigger.py for tasks to queue
[2026-09-17T20:25:53.619+0000] {logging_mixin.py:190} INFO - [2026-09-17T20:25:53.618+0000] {dagbag.py:588} INFO - Filling up the DagBag from /home/airflow/.local/lib/python3.12/site-packages/airflow/example_dags/example_latest_only_with_trigger.py
[2026-09-17T20:25:53.634+0000] {processor.py:925} INFO - DAG(s) 'latest_only_with_trigger' retrieved from /home/airflow/.local/lib/python3.12/site-packages/airflow/example_dags/example_latest_only_with_trigger.py
[2026-09-17T20:25:53.667+0000] {logging_mixin.py:190} INFO - [2026-09-17T20:25:53.667+0000] {dag.py:3239} INFO - Sync 1 DAGs
[2026-09-17T20:25:53.701+0000] {logging_mixin.py:190} INFO - [2026-09-17T20:25:53.700+0000] {dag.py:4180} INFO - Setting next_dagrun for latest_only_with_trigger to 2026-09-17 16:00:00+00:00, run_after=2026-09-17 20:00:00+00:00
[2026-09-17T20:25:53.729+0000] {processor.py:208} INFO - Processing /home/airflow/.local/lib/python3.12/site-packages/airflow/example_dags/example_latest_only_with_trigger.py took 0.123 seconds
[2026-09-17T20:26:24.630+0000] {processor.py:186} INFO - Started process (PID=2149) to work on /home/airflow/.local/lib/python3.12/site-packages/airflow/example_dags/example_latest_only_with_trigger.py
[2026-09-17T20:26:24.632+0000] {processor.py:914} INFO - Processing file /home/airflow/.local/lib/python3.12/site-packages/airflow/example_dags/example_latest_only_with_trigger.py for tasks to queue
[2026-09-17T20:26:24.635+0000] {logging_mixin.py:190} INFO - [2026-09-17T20:26:24.634+0000] {dagbag.py:588} INFO - Filling up the DagBag from /home/airflow/.local/lib/python3.12/site-packages/airflow/example_dags/example_latest_only_with_trigger.py
[2026-09-17T20:26:24.644+0000] {processor.py:925} INFO - DAG(s) 'latest_only_with_trigger' retrieved from /home/airflow/.local/lib/python3.12/site-packages/airflow/example_dags/example_latest_only_with_trigger.py
[2026-09-17T20:26:24.670+0000] {logging_mixin.py:190} INFO - [2026-09-17T20:26:24.670+0000] {dag.py:3239} INFO - Sync 1 DAGs
[2026-09-17T20:26:24.694+0000] {logging_mixin.py:190} INFO - [2026-09-17T20:26:24.694+0000] {dag.py:4180} INFO - Setting next_dagrun for latest_only_with_trigger to 2026-09-17 16:00:00+00:00, run_after=2026-09-17 20:00:00+00:00
[2026-09-17T20:26:24.719+0000] {processor.py:208} INFO - Processing /home/airflow/.local/lib/python3.12/site-packages/airflow/example_dags/example_latest_only_with_trigger.py took 0.095 seconds
[2026-09-17T20:26:55.837+0000] {processor.py:186} INFO - Started process (PID=2214) to work on /home/airflow/.local/lib/python3.12/site-packages/airflow/example_dags/example_latest_only_with_trigger.py
[2026-09-17T20:26:55.839+0000] {processor.py:914} INFO - Processing file /home/airflow/.local/lib/python3.12/site-packages/airflow/example_dags/example_latest_only_with_trigger.py for tasks to queue
[2026-09-17T20:26:55.842+0000] {logging_mixin.py:190} INFO - [2026-09-17T20:26:55.842+0000] {dagbag.py:588} INFO - Filling up the DagBag from /home/airflow/.local/lib/python3.12/site-packages/airflow/example_dags/example_latest_only_with_trigger.py
[2026-09-17T20:26:55.857+0000] {processor.py:925} INFO - DAG(s) 'latest_only_with_trigger' retrieved from /home/airflow/.local/lib/python3.12/site-packages/airflow/example_dags/example_latest_only_with_trigger.py
[2026-09-17T20:26:55.887+0000] {logging_mixin.py:190} INFO - [2026-09-17T20:26:55.887+0000] {dag.py:3239} INFO - Sync 1 DAGs
[2026-09-17T20:26:55.916+0000] {logging_mixin.py:190} INFO - [2026-09-17T20:26:55.916+0000] {dag.py:4180} INFO - Setting next_dagrun for latest_only_with_trigger to 2026-09-17 16:00:00+00:00, run_after=2026-09-17 20:00:00+00:00
[2026-09-17T20:26:55.942+0000] {processor.py:208} INFO - Processing /home/airflow/.local/lib/python3.12/site-packages/airflow/example_dags/example_latest_only_with_trigger.py took 0.111 seconds
[2026-09-17T20:28:37.248+0000] {processor.py:186} INFO - Started process (PID=81) to work on /home/airflow/.local/lib/python3.12/site-packages/airflow/example_dags/example_latest_only_with_trigger.py
[2026-09-17T20:28:37.251+0000] {processor.py:914} INFO - Processing file /home/airflow/.local/lib/python3.12/site-packages/airflow/example_dags/example_latest_only_with_trigger.py for tasks to queue
[2026-09-17T20:28:37.253+0000] {logging_mixin.py:190} INFO - [2026-09-17T20:28:37.253+0000] {dagbag.py:588} INFO - Filling up the DagBag from /home/airflow/.local/lib/python3.12/site-packages/airflow/example_dags/example_latest_only_with_trigger.py
[2026-09-17T20:28:37.269+0000] {processor.py:925} INFO - DAG(s) 'latest_only_with_trigger' retrieved from /home/airflow/.local/lib/python3.12/site-packages/airflow/example_dags/example_latest_only_with_trigger.py
[2026-09-17T20:28:37.302+0000] {logging_mixin.py:190} INFO - [2026-09-17T20:28:37.302+0000] {dag.py:3239} INFO - Sync 1 DAGs
[2026-09-17T20:28:37.332+0000] {logging_mixin.py:190} INFO - [2026-09-17T20:28:37.331+0000] {dag.py:4180} INFO - Setting next_dagrun for latest_only_with_trigger to 2026-09-17 16:00:00+00:00, run_after=2026-09-17 20:00:00+00:00
[2026-09-17T20:28:37.356+0000] {processor.py:208} INFO - Processing /home/airflow/.local/lib/python3.12/site-packages/airflow/example_dags/example_latest_only_with_trigger.py took 0.117 seconds
[2026-09-17T20:29:07.828+0000] {processor.py:186} INFO - Started process (PID=146) to work on /home/airflow/.local/lib/python3.12/site-packages/airflow/example_dags/example_latest_only_with_trigger.py
[2026-09-17T20:29:07.831+0000] {processor.py:914} INFO - Processing file /home/airflow/.local/lib/python3.12/site-packages/airflow/example_dags/example_latest_only_with_trigger.py for tasks to queue
[2026-09-17T20:29:07.834+0000] {logging_mixin.py:190} INFO - [2026-09-17T20:29:07.833+0000] {dagbag.py:588} INFO - Filling up the DagBag from /home/airflow/.local/lib/python3.12/site-packages/airflow/example_dags/example_latest_only_with_trigger.py
[2026-09-17T20:29:07.845+0000] {processor.py:925} INFO - DAG(s) 'latest_only_with_trigger' retrieved from /home/airflow/.local/lib/python3.12/site-packages/airflow/example_dags/example_latest_only_with_trigger.py
[2026-09-17T20:29:07.877+0000] {logging_mixin.py:190} INFO - [2026-09-17T20:29:07.877+0000] {dag.py:3239} INFO - Sync 1 DAGs
[2026-09-17T20:29:07.900+0000] {logging_mixin.py:190} INFO - [2026-09-17T20:29:07.900+0000] {dag.py:4180} INFO - Setting next_dagrun for latest_only_with_trigger to 2026-09-17 16:00:00+00:00, run_after=2026-09-17 20:00:00+00:00
[2026-09-17T20:29:07.921+0000] {processor.py:208} INFO - Processing /home/airflow/.local/lib/python3.12/site-packages/airflow/example_dags/example_latest_only_with_trigger.py took 0.100 seconds
[2026-09-17T20:29:38.904+0000] {processor.py:186} INFO - Started process (PID=209) to work on /home/airflow/.local/lib/python3.12/site-packages/airflow/example_dags/example_latest_only_with_trigger.py
[2026-09-17T20:29:38.907+0000] {processor.py:914} INFO - Processing file /home/airflow/.local/lib/python3.12/site-packages/airflow/example_dags/example_latest_only_with_trigger.py for tasks to queue
[2026-09-17T20:29:38.911+0000] {logging_mixin.py:190} INFO - [2026-09-17T20:29:38.910+0000] {dagbag.py:588} INFO - Filling up the DagBag from /home/airflow/.local/lib/python3.12/site-packages/airflow/example_dags/example_latest_only_with_trigger.py
[2026-09-17T20:29:38.934+0000] {processor.py:925} INFO - DAG(s) 'latest_only_with_trigger' retrieved from /home/airflow/.local/lib/python3.12/site-packages/airflow/example_dags/example_latest_only_with_trigger.py
[2026-09-17T20:29:38.984+0000] {logging_mixin.py:190} INFO - [2026-09-17T20:29:38.984+0000] {dag.py:3239} INFO - Sync 1 DAGs
[2026-09-17T20:29:39.030+0000] {logging_mixin.py:190} INFO - [2026-09-17T20:29:39.030+0000] {dag.py:4180} INFO - Setting next_dagrun for latest_only_with_trigger to 2026-09-17 16:00:00+00:00, run_after=2026-09-17 20:00:00+00:00
[2026-09-17T20:29:39.063+0000] {processor.py:208} INFO - Processing /home/airflow/.local/lib/python3.12/site-packages/airflow/example_dags/example_latest_only_with_trigger.py took 0.175 seconds
[2026-09-17T20:30:09.946+0000] {processor.py:186} INFO - Started process (PID=267) to work on /home/airflow/.local/lib/python3.12/site-packages/airflow/example_dags/example_latest_only_with_trigger.py
[2026-09-17T20:30:09.948+0000] {processor.py:914} INFO - Processing file /home/airflow/.local/lib/python3.12/site-packages/airflow/example_dags/example_latest_only_with_trigger.py for tasks to queue
[2026-09-17T20:30:09.950+0000] {logging_mixin.py:190} INFO - [2026-09-17T20:30:09.950+0000] {dagbag.py:588} INFO - Filling up the DagBag from /home/airflow/.local/lib/python3.12/site-packages/airflow/example_dags/example_latest_only_with_trigger.py
[2026-09-17T20:30:09.963+0000] {processor.py:925} INFO - DAG(s) 'latest_only_with_trigger' retrieved from /home/airflow/.local/lib/python3.12/site-packages/airflow/example_dags/example_latest_only_with_trigger.py
[2026-09-17T20:30:09.993+0000] {logging_mixin.py:190} INFO - [2026-09-17T20:30:09.992+0000] {dag.py:3239} INFO - Sync 1 DAGs
[2026-09-17T20:30:10.021+0000] {logging_mixin.py:190} INFO - [2026-09-17T20:30:10.021+0000] {dag.py:4180} INFO - Setting next_dagrun for latest_only_with_trigger to 2026-09-17 16:00:00+00:00, run_after=2026-09-17 20:00:00+00:00
[2026-09-17T20:30:10.042+0000] {processor.py:208} INFO - Processing /home/airflow/.local/lib/python3.12/site-packages/airflow/example_dags/example_latest_only_with_trigger.py took 0.102 seconds
[2026-09-17T20:30:40.909+0000] {processor.py:186} INFO - Started process (PID=332) to work on /home/airflow/.local/lib/python3.12/site-packages/airflow/example_dags/example_latest_only_with_trigger.py
[2026-09-17T20:30:40.911+0000] {processor.py:914} INFO - Processing file /home/airflow/.local/lib/python3.12/site-packages/airflow/example_dags/example_latest_only_with_trigger.py for tasks to queue
[2026-09-17T20:30:40.913+0000] {logging_mixin.py:190} INFO - [2026-09-17T20:30:40.913+0000] {dagbag.py:588} INFO - Filling up the DagBag from /home/airflow/.local/lib/python3.12/site-packages/airflow/example_dags/example_latest_only_with_trigger.py
[2026-09-17T20:30:40.923+0000] {processor.py:925} INFO - DAG(s) 'latest_only_with_trigger' retrieved from /home/airflow/.local/lib/python3.12/site-packages/airflow/example_dags/example_latest_only_with_trigger.py
[2026-09-17T20:30:40.951+0000] {logging_mixin.py:190} INFO - [2026-09-17T20:30:40.950+0000] {dag.py:3239} INFO - Sync 1 DAGs
[2026-09-17T20:30:40.983+0000] {logging_mixin.py:190} INFO - [2026-09-17T20:30:40.982+0000] {dag.py:4180} INFO - Setting next_dagrun for latest_only_with_trigger to 2026-09-17 16:00:00+00:00, run_after=2026-09-17 20:00:00+00:00
[2026-09-17T20:30:41.009+0000] {processor.py:208} INFO - Processing /home/airflow/.local/lib/python3.12/site-packages/airflow/example_dags/example_latest_only_with_trigger.py took 0.107 seconds
[2026-09-17T20:31:11.396+0000] {processor.py:186} INFO - Started process (PID=397) to work on /home/airflow/.local/lib/python3.12/site-packages/airflow/example_dags/example_latest_only_with_trigger.py
[2026-09-17T20:31:11.398+0000] {processor.py:914} INFO - Processing file /home/airflow/.local/lib/python3.12/site-packages/airflow/example_dags/example_latest_only_with_trigger.py for tasks to queue
[2026-09-17T20:31:11.400+0000] {logging_mixin.py:190} INFO - [2026-09-17T20:31:11.399+0000] {dagbag.py:588} INFO - Filling up the DagBag from /home/airflow/.local/lib/python3.12/site-packages/airflow/example_dags/example_latest_only_with_trigger.py
[2026-09-17T20:31:11.410+0000] {processor.py:925} INFO - DAG(s) 'latest_only_with_trigger' retrieved from /home/airflow/.local/lib/python3.12/site-packages/airflow/example_dags/example_latest_only_with_trigger.py
[2026-09-17T20:31:11.438+0000] {logging_mixin.py:190} INFO - [2026-09-17T20:31:11.437+0000] {dag.py:3239} INFO - Sync 1 DAGs
[2026-09-17T20:31:11.461+0000] {logging_mixin.py:190} INFO - [2026-09-17T20:31:11.461+0000] {dag.py:4180} INFO - Setting next_dagrun for latest_only_with_trigger to 2026-09-17 16:00:00+00:00, run_after=2026-09-17 20:00:00+00:00
[2026-09-17T20:31:11.485+0000] {processor.py:208} INFO - Processing /home/airflow/.local/lib/python3.12/site-packages/airflow/example_dags/example_latest_only_with_trigger.py took 0.095 seconds
[2026-09-17T20:31:43.324+0000] {processor.py:186} INFO - Started process (PID=462) to work on /home/airflow/.local/lib/python3.12/site-packages/airflow/example_dags/example_latest_only_with_trigger.py
[2026-09-17T20:31:43.327+0000] {processor.py:914} INFO - Processing file /home/airflow/.local/lib/python3.12/site-packages/airflow/example_dags/example_latest_only_with_trigger.py for tasks to queue
[2026-09-17T20:31:43.330+0000] {logging_mixin.py:190} INFO - [2026-09-17T20:31:43.329+0000] {dagbag.py:588} INFO - Filling up the DagBag from /home/airflow/.local/lib/python3.12/site-packages/airflow/example_dags/example_latest_only_with_trigger.py
[2026-09-17T20:31:43.343+0000] {processor.py:925} INFO - DAG(s) 'latest_only_with_trigger' retrieved from /home/airflow/.local/lib/python3.12/site-packages/airflow/example_dags/example_latest_only_with_trigger.py
[2026-09-17T20:31:43.373+0000] {logging_mixin.py:190} INFO - [2026-09-17T20:31:43.372+0000] {dag.py:3239} INFO - Sync 1 DAGs
[2026-09-17T20:31:43.397+0000] {logging_mixin.py:190} INFO - [2026-09-17T20:31:43.397+0000] {dag.py:4180} INFO - Setting next_dagrun for latest_only_with_trigger to 2026-09-17 16:00:00+00:00, run_after=2026-09-17 20:00:00+00:00
[2026-09-17T20:31:43.434+0000] {processor.py:208} INFO - Processing /home/airflow/.local/lib/python3.12/site-packages/airflow/example_dags/example_latest_only_with_trigger.py took 0.120 seconds
[2026-09-17T20:32:20.060+0000] {processor.py:186} INFO - Started process (PID=528) to work on /home/airflow/.local/lib/python3.12/site-packages/airflow/example_dags/example_latest_only_with_trigger.py
[2026-09-17T20:32:20.062+0000] {processor.py:914} INFO - Processing file /home/airflow/.local/lib/python3.12/site-packages/airflow/example_dags/example_latest_only_with_trigger.py for tasks to queue
[2026-09-17T20:32:20.064+0000] {logging_mixin.py:190} INFO - [2026-09-17T20:32:20.064+0000] {dagbag.py:588} INFO - Filling up the DagBag from /home/airflow/.local/lib/python3.12/site-packages/airflow/example_dags/example_latest_only_with_trigger.py
[2026-09-17T20:32:20.074+0000] {processor.py:925} INFO - DAG(s) 'latest_only_with_trigger' retrieved from /home/airflow/.local/lib/python3.12/site-packages/airflow/example_dags/example_latest_only_with_trigger.py
[2026-09-17T20:32:20.103+0000] {logging_mixin.py:190} INFO - [2026-09-17T20:32:20.103+0000] {dag.py:3239} INFO - Sync 1 DAGs
[2026-09-17T20:32:20.129+0000] {logging_mixin.py:190} INFO - [2026-09-17T20:32:20.129+0000] {dag.py:4180} INFO - Setting next_dagrun for latest_only_with_trigger to 2026-09-17 16:00:00+00:00, run_after=2026-09-17 20:00:00+00:00
[2026-09-17T20:32:20.156+0000] {processor.py:208} INFO - Processing /home/airflow/.local/lib/python3.12/site-packages/airflow/example_dags/example_latest_only_with_trigger.py took 0.102 seconds
[2026-09-17T20:32:50.913+0000] {processor.py:186} INFO - Started process (PID=593) to work on /home/airflow/.local/lib/python3.12/site-packages/airflow/example_dags/example_latest_only_with_trigger.py
[2026-09-17T20:32:50.916+0000] {processor.py:914} INFO - Processing file /home/airflow/.local/lib/python3.12/site-packages/airflow/example_dags/example_latest_only_with_trigger.py for tasks to queue
[2026-09-17T20:32:50.919+0000] {logging_mixin.py:190} INFO - [2026-09-17T20:32:50.919+0000] {dagbag.py:588} INFO - Filling up the DagBag from /home/airflow/.local/lib/python3.12/site-packages/airflow/example_dags/example_latest_only_with_trigger.py
[2026-09-17T20:32:50.929+0000] {processor.py:925} INFO - DAG(s) 'latest_only_with_trigger' retrieved from /home/airflow/.local/lib/python3.12/site-packages/airflow/example_dags/example_latest_only_with_trigger.py
[2026-09-17T20:32:50.958+0000] {logging_mixin.py:190} INFO - [2026-09-17T20:32:50.958+0000] {dag.py:3239} INFO - Sync 1 DAGs
[2026-09-17T20:32:50.982+0000] {logging_mixin.py:190} INFO - [2026-09-17T20:32:50.982+0000] {dag.py:4180} INFO - Setting next_dagrun for latest_only_with_trigger to 2026-09-17 16:00:00+00:00, run_after=2026-09-17 20:00:00+00:00
[2026-09-17T20:32:51.004+0000] {processor.py:208} INFO - Processing /home/airflow/.local/lib/python3.12/site-packages/airflow/example_dags/example_latest_only_with_trigger.py took 0.097 seconds
[2026-09-17T20:33:21.523+0000] {processor.py:186} INFO - Started process (PID=658) to work on /home/airflow/.local/lib/python3.12/site-packages/airflow/example_dags/example_latest_only_with_trigger.py
[2026-09-17T20:33:21.525+0000] {processor.py:914} INFO - Processing file /home/airflow/.local/lib/python3.12/site-packages/airflow/example_dags/example_latest_only_with_trigger.py for tasks to queue
[2026-09-17T20:33:21.528+0000] {logging_mixin.py:190} INFO - [2026-09-17T20:33:21.527+0000] {dagbag.py:588} INFO - Filling up the DagBag from /home/airflow/.local/lib/python3.12/site-packages/airflow/example_dags/example_latest_only_with_trigger.py
[2026-09-17T20:33:21.539+0000] {processor.py:925} INFO - DAG(s) 'latest_only_with_trigger' retrieved from /home/airflow/.local/lib/python3.12/site-packages/airflow/example_dags/example_latest_only_with_trigger.py
[2026-09-17T20:33:21.567+0000] {logging_mixin.py:190} INFO - [2026-09-17T20:33:21.567+0000] {dag.py:3239} INFO - Sync 1 DAGs
[2026-09-17T20:33:21.595+0000] {logging_mixin.py:190} INFO - [2026-09-17T20:33:21.594+0000] {dag.py:4180} INFO - Setting next_dagrun for latest_only_with_trigger to 2026-09-17 16:00:00+00:00, run_after=2026-09-17 20:00:00+00:00
[2026-09-17T20:33:21.619+0000] {processor.py:208} INFO - Processing /home/airflow/.local/lib/python3.12/site-packages/airflow/example_dags/example_latest_only_with_trigger.py took 0.103 seconds
[2026-09-17T20:33:52.414+0000] {processor.py:186} INFO - Started process (PID=723) to work on /home/airflow/.local/lib/python3.12/site-packages/airflow/example_dags/example_latest_only_with_trigger.py
[2026-09-17T20:33:52.416+0000] {processor.py:914} INFO - Processing file /home/airflow/.local/lib/python3.12/site-packages/airflow/example_dags/example_latest_only_with_trigger.py for tasks to queue
[2026-09-17T20:33:52.418+0000] {logging_mixin.py:190} INFO - [2026-09-17T20:33:52.418+0000] {dagbag.py:588} INFO - Filling up the DagBag from /home/airflow/.local/lib/python3.12/site-packages/airflow/example_dags/example_latest_only_with_trigger.py
[2026-09-17T20:33:52.427+0000] {processor.py:925} INFO - DAG(s) 'latest_only_with_trigger' retrieved from /home/airflow/.local/lib/python3.12/site-packages/airflow/example_dags/example_latest_only_with_trigger.py
[2026-09-17T20:33:52.455+0000] {logging_mixin.py:190} INFO - [2026-09-17T20:33:52.455+0000] {dag.py:3239} INFO - Sync 1 DAGs
[2026-09-17T20:33:52.480+0000] {logging_mixin.py:190} INFO - [2026-09-17T20:33:52.479+0000] {dag.py:4180} INFO - Setting next_dagrun for latest_only_with_trigger to 2026-09-17 16:00:00+00:00, run_after=2026-09-17 20:00:00+00:00
[2026-09-17T20:33:52.502+0000] {processor.py:208} INFO - Processing /home/airflow/.local/lib/python3.12/site-packages/airflow/example_dags/example_latest_only_with_trigger.py took 0.094 seconds
[2026-09-17T20:34:22.753+0000] {processor.py:186} INFO - Started process (PID=787) to work on /home/airflow/.local/lib/python3.12/site-packages/airflow/example_dags/example_latest_only_with_trigger.py
[2026-09-17T20:34:22.755+0000] {processor.py:914} INFO - Processing file /home/airflow/.local/lib/python3.12/site-packages/airflow/example_dags/example_latest_only_with_trigger.py for tasks to queue
[2026-09-17T20:34:22.757+0000] {logging_mixin.py:190} INFO - [2026-09-17T20:34:22.757+0000] {dagbag.py:588} INFO - Filling up the DagBag from /home/airflow/.local/lib/python3.12/site-packages/airflow/example_dags/example_latest_only_with_trigger.py
[2026-09-17T20:34:22.767+0000] {processor.py:925} INFO - DAG(s) 'latest_only_with_trigger' retrieved from /home/airflow/.local/lib/python3.12/site-packages/airflow/example_dags/example_latest_only_with_trigger.py
[2026-09-17T20:34:22.795+0000] {logging_mixin.py:190} INFO - [2026-09-17T20:34:22.795+0000] {dag.py:3239} INFO - Sync 1 DAGs
[2026-09-17T20:34:22.817+0000] {logging_mixin.py:190} INFO - [2026-09-17T20:34:22.817+0000] {dag.py:4180} INFO - Setting next_dagrun for latest_only_with_trigger to 2026-09-17 16:00:00+00:00, run_after=2026-09-17 20:00:00+00:00
[2026-09-17T20:34:22.841+0000] {processor.py:208} INFO - Processing /home/airflow/.local/lib/python3.12/site-packages/airflow/example_dags/example_latest_only_with_trigger.py took 0.094 seconds
[2026-09-17T20:34:53.006+0000] {processor.py:186} INFO - Started process (PID=851) to work on /home/airflow/.local/lib/python3.12/site-packages/airflow/example_dags/example_latest_only_with_trigger.py
[2026-09-17T20:34:53.008+0000] {processor.py:914} INFO - Processing file /home/airflow/.local/lib/python3.12/site-packages/airflow/example_dags/example_latest_only_with_trigger.py for tasks to queue
[2026-09-17T20:34:53.010+0000] {logging_mixin.py:190} INFO - [2026-09-17T20:34:53.010+0000] {dagbag.py:588} INFO - Filling up the DagBag from /home/airflow/.local/lib/python3.12/site-packages/airflow/example_dags/example_latest_only_with_trigger.py
[2026-09-17T20:34:53.021+0000] {processor.py:925} INFO - DAG(s) 'latest_only_with_trigger' retrieved from /home/airflow/.local/lib/python3.12/site-packages/airflow/example_dags/example_latest_only_with_trigger.py
[2026-09-17T20:34:53.051+0000] {logging_mixin.py:190} INFO - [2026-09-17T20:34:53.051+0000] {dag.py:3239} INFO - Sync 1 DAGs
[2026-09-17T20:34:53.079+0000] {logging_mixin.py:190} INFO - [2026-09-17T20:34:53.079+0000] {dag.py:4180} INFO - Setting next_dagrun for latest_only_with_trigger to 2026-09-17 16:00:00+00:00, run_after=2026-09-17 20:00:00+00:00
[2026-09-17T20:34:53.102+0000] {processor.py:208} INFO - Processing /home/airflow/.local/lib/python3.12/site-packages/airflow/example_dags/example_latest_only_with_trigger.py took 0.103 seconds
[2026-09-17T20:35:23.389+0000] {processor.py:186} INFO - Started process (PID=916) to work on /home/airflow/.local/lib/python3.12/site-packages/airflow/example_dags/example_latest_only_with_trigger.py
[2026-09-17T20:35:23.391+0000] {processor.py:914} INFO - Processing file /home/airflow/.local/lib/python3.12/site-packages/airflow/example_dags/example_latest_only_with_trigger.py for tasks to queue
[2026-09-17T20:35:23.394+0000] {logging_mixin.py:190} INFO - [2026-09-17T20:35:23.393+0000] {dagbag.py:588} INFO - Filling up the DagBag from /home/airflow/.local/lib/python3.12/site-packages/airflow/example_dags/example_latest_only_with_trigger.py
[2026-09-17T20:35:23.405+0000] {processor.py:925} INFO - DAG(s) 'latest_only_with_trigger' retrieved from /home/airflow/.local/lib/python3.12/site-packages/airflow/example_dags/example_latest_only_with_trigger.py
[2026-09-17T20:35:23.435+0000] {logging_mixin.py:190} INFO - [2026-09-17T20:35:23.434+0000] {dag.py:3239} INFO - Sync 1 DAGs
[2026-09-17T20:35:23.463+0000] {logging_mixin.py:190} INFO - [2026-09-17T20:35:23.463+0000] {dag.py:4180} INFO - Setting next_dagrun for latest_only_with_trigger to 2026-09-17 16:00:00+00:00, run_after=2026-09-17 20:00:00+00:00
[2026-09-17T20:35:23.491+0000] {processor.py:208} INFO - Processing /home/airflow/.local/lib/python3.12/site-packages/airflow/example_dags/example_latest_only_with_trigger.py took 0.109 seconds
[2026-09-17T20:35:53.586+0000] {processor.py:186} INFO - Started process (PID=980) to work on /home/airflow/.local/lib/python3.12/site-packages/airflow/example_dags/example_latest_only_with_trigger.py
[2026-09-17T20:35:53.588+0000] {processor.py:914} INFO - Processing file /home/airflow/.local/lib/python3.12/site-packages/airflow/example_dags/example_latest_only_with_trigger.py for tasks to queue
[2026-09-17T20:35:53.591+0000] {logging_mixin.py:190} INFO - [2026-09-17T20:35:53.590+0000] {dagbag.py:588} INFO - Filling up the DagBag from /home/airflow/.local/lib/python3.12/site-packages/airflow/example_dags/example_latest_only_with_trigger.py
[2026-09-17T20:35:53.601+0000] {processor.py:925} INFO - DAG(s) 'latest_only_with_trigger' retrieved from /home/airflow/.local/lib/python3.12/site-packages/airflow/example_dags/example_latest_only_with_trigger.py
[2026-09-17T20:35:53.630+0000] {logging_mixin.py:190} INFO - [2026-09-17T20:35:53.630+0000] {dag.py:3239} INFO - Sync 1 DAGs
[2026-09-17T20:35:53.657+0000] {logging_mixin.py:190} INFO - [2026-09-17T20:35:53.657+0000] {dag.py:4180} INFO - Setting next_dagrun for latest_only_with_trigger to 2026-09-17 16:00:00+00:00, run_after=2026-09-17 20:00:00+00:00
[2026-09-17T20:35:53.680+0000] {processor.py:208} INFO - Processing /home/airflow/.local/lib/python3.12/site-packages/airflow/example_dags/example_latest_only_with_trigger.py took 0.100 seconds
[2026-09-17T20:36:23.825+0000] {processor.py:186} INFO - Started process (PID=1037) to work on /home/airflow/.local/lib/python3.12/site-packages/airflow/example_dags/example_latest_only_with_trigger.py
[2026-09-17T20:36:23.827+0000] {processor.py:914} INFO - Processing file /home/airflow/.local/lib/python3.12/site-packages/airflow/example_dags/example_latest_only_with_trigger.py for tasks to queue
[2026-09-17T20:36:23.830+0000] {logging_mixin.py:190} INFO - [2026-09-17T20:36:23.829+0000] {dagbag.py:588} INFO - Filling up the DagBag from /home/airflow/.local/lib/python3.12/site-packages/airflow/example_dags/example_latest_only_with_trigger.py
[2026-09-17T20:36:23.841+0000] {processor.py:925} INFO - DAG(s) 'latest_only_with_trigger' retrieved from /home/airflow/.local/lib/python3.12/site-packages/airflow/example_dags/example_latest_only_with_trigger.py
[2026-09-17T20:36:23.868+0000] {logging_mixin.py:190} INFO - [2026-09-17T20:36:23.868+0000] {dag.py:3239} INFO - Sync 1 DAGs
[2026-09-17T20:36:23.892+0000] {logging_mixin.py:190} INFO - [2026-09-17T20:36:23.892+0000] {dag.py:4180} INFO - Setting next_dagrun for latest_only_with_trigger to 2026-09-17 16:00:00+00:00, run_after=2026-09-17 20:00:00+00:00
[2026-09-17T20:36:23.914+0000] {processor.py:208} INFO - Processing /home/airflow/.local/lib/python3.12/site-packages/airflow/example_dags/example_latest_only_with_trigger.py took 0.096 seconds
[2026-09-17T20:36:54.156+0000] {processor.py:186} INFO - Started process (PID=1102) to work on /home/airflow/.local/lib/python3.12/site-packages/airflow/example_dags/example_latest_only_with_trigger.py
[2026-09-17T20:36:54.158+0000] {processor.py:914} INFO - Processing file /home/airflow/.local/lib/python3.12/site-packages/airflow/example_dags/example_latest_only_with_trigger.py for tasks to queue
[2026-09-17T20:36:54.160+0000] {logging_mixin.py:190} INFO - [2026-09-17T20:36:54.160+0000] {dagbag.py:588} INFO - Filling up the DagBag from /home/airflow/.local/lib/python3.12/site-packages/airflow/example_dags/example_latest_only_with_trigger.py
[2026-09-17T20:36:54.171+0000] {processor.py:925} INFO - DAG(s) 'latest_only_with_trigger' retrieved from /home/airflow/.local/lib/python3.12/site-packages/airflow/example_dags/example_latest_only_with_trigger.py
[2026-09-17T20:36:54.200+0000] {logging_mixin.py:190} INFO - [2026-09-17T20:36:54.199+0000] {dag.py:3239} INFO - Sync 1 DAGs
[2026-09-17T20:36:54.227+0000] {logging_mixin.py:190} INFO - [2026-09-17T20:36:54.227+0000] {dag.py:4180} INFO - Setting next_dagrun for latest_only_with_trigger to 2026-09-17 16:00:00+00:00, run_after=2026-09-17 20:00:00+00:00
[2026-09-17T20:36:54.256+0000] {processor.py:208} INFO - Processing /home/airflow/.local/lib/python3.12/site-packages/airflow/example_dags/example_latest_only_with_trigger.py took 0.107 seconds
[2026-09-17T20:37:24.571+0000] {processor.py:186} INFO - Started process (PID=1167) to work on /home/airflow/.local/lib/python3.12/site-packages/airflow/example_dags/example_latest_only_with_trigger.py
[2026-09-17T20:37:24.573+0000] {processor.py:914} INFO - Processing file /home/airflow/.local/lib/python3.12/site-packages/airflow/example_dags/example_latest_only_with_trigger.py for tasks to queue
[2026-09-17T20:37:24.576+0000] {logging_mixin.py:190} INFO - [2026-09-17T20:37:24.576+0000] {dagbag.py:588} INFO - Filling up the DagBag from /home/airflow/.local/lib/python3.12/site-packages/airflow/example_dags/example_latest_only_with_trigger.py
[2026-09-17T20:37:24.587+0000] {processor.py:925} INFO - DAG(s) 'latest_only_with_trigger' retrieved from /home/airflow/.local/lib/python3.12/site-packages/airflow/example_dags/example_latest_only_with_trigger.py
[2026-09-17T20:37:24.618+0000] {logging_mixin.py:190} INFO - [2026-09-17T20:37:24.617+0000] {dag.py:3239} INFO - Sync 1 DAGs
[2026-09-17T20:37:24.644+0000] {logging_mixin.py:190} INFO - [2026-09-17T20:37:24.643+0000] {dag.py:4180} INFO - Setting next_dagrun for latest_only_with_trigger to 2026-09-17 16:00:00+00:00, run_after=2026-09-17 20:00:00+00:00
[2026-09-17T20:37:24.669+0000] {processor.py:208} INFO - Processing /home/airflow/.local/lib/python3.12/site-packages/airflow/example_dags/example_latest_only_with_trigger.py took 0.104 seconds
[2026-09-17T20:37:55.465+0000] {processor.py:186} INFO - Started process (PID=1232) to work on /home/airflow/.local/lib/python3.12/site-packages/airflow/example_dags/example_latest_only_with_trigger.py
[2026-09-17T20:37:55.468+0000] {processor.py:914} INFO - Processing file /home/airflow/.local/lib/python3.12/site-packages/airflow/example_dags/example_latest_only_with_trigger.py for tasks to queue
[2026-09-17T20:37:55.469+0000] {logging_mixin.py:190} INFO - [2026-09-17T20:37:55.469+0000] {dagbag.py:588} INFO - Filling up the DagBag from /home/airflow/.local/lib/python3.12/site-packages/airflow/example_dags/example_latest_only_with_trigger.py
[2026-09-17T20:37:55.479+0000] {processor.py:925} INFO - DAG(s) 'latest_only_with_trigger' retrieved from /home/airflow/.local/lib/python3.12/site-packages/airflow/example_dags/example_latest_only_with_trigger.py
[2026-09-17T20:37:55.505+0000] {logging_mixin.py:190} INFO - [2026-09-17T20:37:55.505+0000] {dag.py:3239} INFO - Sync 1 DAGs
[2026-09-17T20:37:55.528+0000] {logging_mixin.py:190} INFO - [2026-09-17T20:37:55.528+0000] {dag.py:4180} INFO - Setting next_dagrun for latest_only_with_trigger to 2026-09-17 16:00:00+00:00, run_after=2026-09-17 20:00:00+00:00
[2026-09-17T20:37:55.551+0000] {processor.py:208} INFO - Processing /home/airflow/.local/lib/python3.12/site-packages/airflow/example_dags/example_latest_only_with_trigger.py took 0.092 seconds
[2026-09-17T20:38:26.416+0000] {processor.py:186} INFO - Started process (PID=1297) to work on /home/airflow/.local/lib/python3.12/site-packages/airflow/example_dags/example_latest_only_with_trigger.py
[2026-09-17T20:38:26.417+0000] {processor.py:914} INFO - Processing file /home/airflow/.local/lib/python3.12/site-packages/airflow/example_dags/example_latest_only_with_trigger.py for tasks to queue
[2026-09-17T20:38:26.419+0000] {logging_mixin.py:190} INFO - [2026-09-17T20:38:26.419+0000] {dagbag.py:588} INFO - Filling up the DagBag from /home/airflow/.local/lib/python3.12/site-packages/airflow/example_dags/example_latest_only_with_trigger.py
[2026-09-17T20:38:26.429+0000] {processor.py:925} INFO - DAG(s) 'latest_only_with_trigger' retrieved from /home/airflow/.local/lib/python3.12/site-packages/airflow/example_dags/example_latest_only_with_trigger.py
[2026-09-17T20:38:26.455+0000] {logging_mixin.py:190} INFO - [2026-09-17T20:38:26.455+0000] {dag.py:3239} INFO - Sync 1 DAGs
[2026-09-17T20:38:26.479+0000] {logging_mixin.py:190} INFO - [2026-09-17T20:38:26.479+0000] {dag.py:4180} INFO - Setting next_dagrun for latest_only_with_trigger to 2026-09-17 16:00:00+00:00, run_after=2026-09-17 20:00:00+00:00
[2026-09-17T20:38:26.500+0000] {processor.py:208} INFO - Processing /home/airflow/.local/lib/python3.12/site-packages/airflow/example_dags/example_latest_only_with_trigger.py took 0.091 seconds
[2026-09-17T20:38:57.426+0000] {processor.py:186} INFO - Started process (PID=1362) to work on /home/airflow/.local/lib/python3.12/site-packages/airflow/example_dags/example_latest_only_with_trigger.py
[2026-09-17T20:38:57.428+0000] {processor.py:914} INFO - Processing file /home/airflow/.local/lib/python3.12/site-packages/airflow/example_dags/example_latest_only_with_trigger.py for tasks to queue
[2026-09-17T20:38:57.431+0000] {logging_mixin.py:190} INFO - [2026-09-17T20:38:57.430+0000] {dagbag.py:588} INFO - Filling up the DagBag from /home/airflow/.local/lib/python3.12/site-packages/airflow/example_dags/example_latest_only_with_trigger.py
[2026-09-17T20:38:57.440+0000] {processor.py:925} INFO - DAG(s) 'latest_only_with_trigger' retrieved from /home/airflow/.local/lib/python3.12/site-packages/airflow/example_dags/example_latest_only_with_trigger.py
[2026-09-17T20:38:57.468+0000] {logging_mixin.py:190} INFO - [2026-09-17T20:38:57.467+0000] {dag.py:3239} INFO - Sync 1 DAGs
[2026-09-17T20:38:57.497+0000] {logging_mixin.py:190} INFO - [2026-09-17T20:38:57.496+0000] {dag.py:4180} INFO - Setting next_dagrun for latest_only_with_trigger to 2026-09-17 16:00:00+00:00, run_after=2026-09-17 20:00:00+00:00
[2026-09-17T20:38:57.520+0000] {processor.py:208} INFO - Processing /home/airflow/.local/lib/python3.12/site-packages/airflow/example_dags/example_latest_only_with_trigger.py took 0.100 seconds
[2026-09-17T20:39:27.972+0000] {processor.py:186} INFO - Started process (PID=1427) to work on /home/airflow/.local/lib/python3.12/site-packages/airflow/example_dags/example_latest_only_with_trigger.py
[2026-09-17T20:39:27.974+0000] {processor.py:914} INFO - Processing file /home/airflow/.local/lib/python3.12/site-packages/airflow/example_dags/example_latest_only_with_trigger.py for tasks to queue
[2026-09-17T20:39:27.976+0000] {logging_mixin.py:190} INFO - [2026-09-17T20:39:27.976+0000] {dagbag.py:588} INFO - Filling up the DagBag from /home/airflow/.local/lib/python3.12/site-packages/airflow/example_dags/example_latest_only_with_trigger.py
[2026-09-17T20:39:27.986+0000] {processor.py:925} INFO - DAG(s) 'latest_only_with_trigger' retrieved from /home/airflow/.local/lib/python3.12/site-packages/airflow/example_dags/example_latest_only_with_trigger.py
[2026-09-17T20:39:28.015+0000] {logging_mixin.py:190} INFO - [2026-09-17T20:39:28.015+0000] {dag.py:3239} INFO - Sync 1 DAGs
[2026-09-17T20:39:28.046+0000] {logging_mixin.py:190} INFO - [2026-09-17T20:39:28.045+0000] {dag.py:4180} INFO - Setting next_dagrun for latest_only_with_trigger to 2026-09-17 16:00:00+00:00, run_after=2026-09-17 20:00:00+00:00
[2026-09-17T20:39:28.074+0000] {processor.py:208} INFO - Processing /home/airflow/.local/lib/python3.12/site-packages/airflow/example_dags/example_latest_only_with_trigger.py took 0.108 seconds
[2026-09-17T20:39:58.564+0000] {processor.py:186} INFO - Started process (PID=1493) to work on /home/airflow/.local/lib/python3.12/site-packages/airflow/example_dags/example_latest_only_with_trigger.py
[2026-09-17T20:39:58.566+0000] {processor.py:914} INFO - Processing file /home/airflow/.local/lib/python3.12/site-packages/airflow/example_dags/example_latest_only_with_trigger.py for tasks to queue
[2026-09-17T20:39:58.568+0000] {logging_mixin.py:190} INFO - [2026-09-17T20:39:58.568+0000] {dagbag.py:588} INFO - Filling up the DagBag from /home/airflow/.local/lib/python3.12/site-packages/airflow/example_dags/example_latest_only_with_trigger.py
[2026-09-17T20:39:58.580+0000] {processor.py:925} INFO - DAG(s) 'latest_only_with_trigger' retrieved from /home/airflow/.local/lib/python3.12/site-packages/airflow/example_dags/example_latest_only_with_trigger.py
[2026-09-17T20:39:58.611+0000] {logging_mixin.py:190} INFO - [2026-09-17T20:39:58.610+0000] {dag.py:3239} INFO - Sync 1 DAGs
[2026-09-17T20:39:58.641+0000] {logging_mixin.py:190} INFO - [2026-09-17T20:39:58.641+0000] {dag.py:4180} INFO - Setting next_dagrun for latest_only_with_trigger to 2026-09-17 16:00:00+00:00, run_after=2026-09-17 20:00:00+00:00
[2026-09-17T20:39:58.677+0000] {processor.py:208} INFO - Processing /home/airflow/.local/lib/python3.12/site-packages/airflow/example_dags/example_latest_only_with_trigger.py took 0.120 seconds
[2026-09-17T20:40:28.894+0000] {processor.py:186} INFO - Started process (PID=1558) to work on /home/airflow/.local/lib/python3.12/site-packages/airflow/example_dags/example_latest_only_with_trigger.py
[2026-09-17T20:40:28.896+0000] {processor.py:914} INFO - Processing file /home/airflow/.local/lib/python3.12/site-packages/airflow/example_dags/example_latest_only_with_trigger.py for tasks to queue
[2026-09-17T20:40:28.898+0000] {logging_mixin.py:190} INFO - [2026-09-17T20:40:28.898+0000] {dagbag.py:588} INFO - Filling up the DagBag from /home/airflow/.local/lib/python3.12/site-packages/airflow/example_dags/example_latest_only_with_trigger.py
[2026-09-17T20:40:28.909+0000] {processor.py:925} INFO - DAG(s) 'latest_only_with_trigger' retrieved from /home/airflow/.local/lib/python3.12/site-packages/airflow/example_dags/example_latest_only_with_trigger.py
[2026-09-17T20:40:28.937+0000] {logging_mixin.py:190} INFO - [2026-09-17T20:40:28.937+0000] {dag.py:3239} INFO - Sync 1 DAGs
[2026-09-17T20:40:28.965+0000] {logging_mixin.py:190} INFO - [2026-09-17T20:40:28.964+0000] {dag.py:4180} INFO - Setting next_dagrun for latest_only_with_trigger to 2026-09-17 16:00:00+00:00, run_after=2026-09-17 20:00:00+00:00
[2026-09-17T20:40:28.994+0000] {processor.py:208} INFO - Processing /home/airflow/.local/lib/python3.12/site-packages/airflow/example_dags/example_latest_only_with_trigger.py took 0.106 seconds
[2026-09-17T20:40:59.302+0000] {processor.py:186} INFO - Started process (PID=1623) to work on /home/airflow/.local/lib/python3.12/site-packages/airflow/example_dags/example_latest_only_with_trigger.py
[2026-09-17T20:40:59.305+0000] {processor.py:914} INFO - Processing file /home/airflow/.local/lib/python3.12/site-packages/airflow/example_dags/example_latest_only_with_trigger.py for tasks to queue
[2026-09-17T20:40:59.307+0000] {logging_mixin.py:190} INFO - [2026-09-17T20:40:59.307+0000] {dagbag.py:588} INFO - Filling up the DagBag from /home/airflow/.local/lib/python3.12/site-packages/airflow/example_dags/example_latest_only_with_trigger.py
[2026-09-17T20:40:59.319+0000] {processor.py:925} INFO - DAG(s) 'latest_only_with_trigger' retrieved from /home/airflow/.local/lib/python3.12/site-packages/airflow/example_dags/example_latest_only_with_trigger.py
[2026-09-17T20:40:59.350+0000] {logging_mixin.py:190} INFO - [2026-09-17T20:40:59.349+0000] {dag.py:3239} INFO - Sync 1 DAGs
[2026-09-17T20:40:59.387+0000] {logging_mixin.py:190} INFO - [2026-09-17T20:40:59.386+0000] {dag.py:4180} INFO - Setting next_dagrun for latest_only_with_trigger to 2026-09-17 16:00:00+00:00, run_after=2026-09-17 20:00:00+00:00
[2026-09-17T20:40:59.420+0000] {processor.py:208} INFO - Processing /home/airflow/.local/lib/python3.12/site-packages/airflow/example_dags/example_latest_only_with_trigger.py took 0.125 seconds
[2026-09-17T20:41:29.715+0000] {processor.py:186} INFO - Started process (PID=1688) to work on /home/airflow/.local/lib/python3.12/site-packages/airflow/example_dags/example_latest_only_with_trigger.py
[2026-09-17T20:41:29.717+0000] {processor.py:914} INFO - Processing file /home/airflow/.local/lib/python3.12/site-packages/airflow/example_dags/example_latest_only_with_trigger.py for tasks to queue
[2026-09-17T20:41:29.719+0000] {logging_mixin.py:190} INFO - [2026-09-17T20:41:29.719+0000] {dagbag.py:588} INFO - Filling up the DagBag from /home/airflow/.local/lib/python3.12/site-packages/airflow/example_dags/example_latest_only_with_trigger.py
[2026-09-17T20:41:29.729+0000] {processor.py:925} INFO - DAG(s) 'latest_only_with_trigger' retrieved from /home/airflow/.local/lib/python3.12/site-packages/airflow/example_dags/example_latest_only_with_trigger.py
[2026-09-17T20:41:29.758+0000] {logging_mixin.py:190} INFO - [2026-09-17T20:41:29.758+0000] {dag.py:3239} INFO - Sync 1 DAGs
[2026-09-17T20:41:29.787+0000] {logging_mixin.py:190} INFO - [2026-09-17T20:41:29.787+0000] {dag.py:4180} INFO - Setting next_dagrun for latest_only_with_trigger to 2026-09-17 16:00:00+00:00, run_after=2026-09-17 20:00:00+00:00
[2026-09-17T20:41:29.815+0000] {processor.py:208} INFO - Processing /home/airflow/.local/lib/python3.12/site-packages/airflow/example_dags/example_latest_only_with_trigger.py took 0.108 seconds
[2026-09-17T20:41:59.980+0000] {processor.py:186} INFO - Started process (PID=1752) to work on /home/airflow/.local/lib/python3.12/site-packages/airflow/example_dags/example_latest_only_with_trigger.py
[2026-09-17T20:41:59.983+0000] {processor.py:914} INFO - Processing file /home/airflow/.local/lib/python3.12/site-packages/airflow/example_dags/example_latest_only_with_trigger.py for tasks to queue
[2026-09-17T20:41:59.985+0000] {logging_mixin.py:190} INFO - [2026-09-17T20:41:59.984+0000] {dagbag.py:588} INFO - Filling up the DagBag from /home/airflow/.local/lib/python3.12/site-packages/airflow/example_dags/example_latest_only_with_trigger.py
[2026-09-17T20:41:59.996+0000] {processor.py:925} INFO - DAG(s) 'latest_only_with_trigger' retrieved from /home/airflow/.local/lib/python3.12/site-packages/airflow/example_dags/example_latest_only_with_trigger.py
[2026-09-17T20:42:00.029+0000] {logging_mixin.py:190} INFO - [2026-09-17T20:42:00.028+0000] {dag.py:3239} INFO - Sync 1 DAGs
[2026-09-17T20:42:00.058+0000] {logging_mixin.py:190} INFO - [2026-09-17T20:42:00.058+0000] {dag.py:4180} INFO - Setting next_dagrun for latest_only_with_trigger to 2026-09-17 16:00:00+00:00, run_after=2026-09-17 20:00:00+00:00
[2026-09-17T20:42:00.083+0000] {processor.py:208} INFO - Processing /home/airflow/.local/lib/python3.12/site-packages/airflow/example_dags/example_latest_only_with_trigger.py took 0.109 seconds
[2026-09-17T20:42:30.932+0000] {processor.py:186} INFO - Started process (PID=1810) to work on /home/airflow/.local/lib/python3.12/site-packages/airflow/example_dags/example_latest_only_with_trigger.py
[2026-09-17T20:42:30.939+0000] {processor.py:914} INFO - Processing file /home/airflow/.local/lib/python3.12/site-packages/airflow/example_dags/example_latest_only_with_trigger.py for tasks to queue
[2026-09-17T20:42:30.947+0000] {logging_mixin.py:190} INFO - [2026-09-17T20:42:30.946+0000] {dagbag.py:588} INFO - Filling up the DagBag from /home/airflow/.local/lib/python3.12/site-packages/airflow/example_dags/example_latest_only_with_trigger.py
[2026-09-17T20:42:30.989+0000] {processor.py:925} INFO - DAG(s) 'latest_only_with_trigger' retrieved from /home/airflow/.local/lib/python3.12/site-packages/airflow/example_dags/example_latest_only_with_trigger.py
[2026-09-17T20:42:31.106+0000] {logging_mixin.py:190} INFO - [2026-09-17T20:42:31.105+0000] {dag.py:3239} INFO - Sync 1 DAGs
[2026-09-17T20:42:31.212+0000] {logging_mixin.py:190} INFO - [2026-09-17T20:42:31.212+0000] {dag.py:4180} INFO - Setting next_dagrun for latest_only_with_trigger to 2026-09-17 16:00:00+00:00, run_after=2026-09-17 20:00:00+00:00
[2026-09-17T20:42:31.293+0000] {processor.py:208} INFO - Processing /home/airflow/.local/lib/python3.12/site-packages/airflow/example_dags/example_latest_only_with_trigger.py took 0.387 seconds
[2026-09-17T20:43:02.312+0000] {processor.py:186} INFO - Started process (PID=1875) to work on /home/airflow/.local/lib/python3.12/site-packages/airflow/example_dags/example_latest_only_with_trigger.py
[2026-09-17T20:43:02.318+0000] {processor.py:914} INFO - Processing file /home/airflow/.local/lib/python3.12/site-packages/airflow/example_dags/example_latest_only_with_trigger.py for tasks to queue
[2026-09-17T20:43:02.330+0000] {logging_mixin.py:190} INFO - [2026-09-17T20:43:02.328+0000] {dagbag.py:588} INFO - Filling up the DagBag from /home/airflow/.local/lib/python3.12/site-packages/airflow/example_dags/example_latest_only_with_trigger.py
[2026-09-17T20:43:02.388+0000] {processor.py:925} INFO - DAG(s) 'latest_only_with_trigger' retrieved from /home/airflow/.local/lib/python3.12/site-packages/airflow/example_dags/example_latest_only_with_trigger.py
[2026-09-17T20:43:02.485+0000] {logging_mixin.py:190} INFO - [2026-09-17T20:43:02.484+0000] {dag.py:3239} INFO - Sync 1 DAGs
[2026-09-17T20:43:02.630+0000] {logging_mixin.py:190} INFO - [2026-09-17T20:43:02.628+0000] {dag.py:4180} INFO - Setting next_dagrun for latest_only_with_trigger to 2026-09-17 16:00:00+00:00, run_after=2026-09-17 20:00:00+00:00
[2026-09-17T20:43:02.760+0000] {processor.py:208} INFO - Processing /home/airflow/.local/lib/python3.12/site-packages/airflow/example_dags/example_latest_only_with_trigger.py took 0.480 seconds
[2026-09-17T20:44:06.007+0000] {processor.py:186} INFO - Started process (PID=1949) to work on /home/airflow/.local/lib/python3.12/site-packages/airflow/example_dags/example_latest_only_with_trigger.py
[2026-09-17T20:44:06.014+0000] {processor.py:914} INFO - Processing file /home/airflow/.local/lib/python3.12/site-packages/airflow/example_dags/example_latest_only_with_trigger.py for tasks to queue
[2026-09-17T20:44:06.020+0000] {logging_mixin.py:190} INFO - [2026-09-17T20:44:06.019+0000] {dagbag.py:588} INFO - Filling up the DagBag from /home/airflow/.local/lib/python3.12/site-packages/airflow/example_dags/example_latest_only_with_trigger.py
[2026-09-17T20:44:06.072+0000] {processor.py:925} INFO - DAG(s) 'latest_only_with_trigger' retrieved from /home/airflow/.local/lib/python3.12/site-packages/airflow/example_dags/example_latest_only_with_trigger.py
[2026-09-17T20:44:06.170+0000] {logging_mixin.py:190} INFO - [2026-09-17T20:44:06.169+0000] {dag.py:3239} INFO - Sync 1 DAGs
[2026-09-17T20:44:06.283+0000] {logging_mixin.py:190} INFO - [2026-09-17T20:44:06.282+0000] {dag.py:4180} INFO - Setting next_dagrun for latest_only_with_trigger to 2026-09-17 16:00:00+00:00, run_after=2026-09-17 20:00:00+00:00
[2026-09-17T20:44:06.365+0000] {processor.py:208} INFO - Processing /home/airflow/.local/lib/python3.12/site-packages/airflow/example_dags/example_latest_only_with_trigger.py took 0.387 seconds
[2026-09-17T20:44:37.380+0000] {processor.py:186} INFO - Started process (PID=2014) to work on /home/airflow/.local/lib/python3.12/site-packages/airflow/example_dags/example_latest_only_with_trigger.py
[2026-09-17T20:44:37.382+0000] {processor.py:914} INFO - Processing file /home/airflow/.local/lib/python3.12/site-packages/airflow/example_dags/example_latest_only_with_trigger.py for tasks to queue
[2026-09-17T20:44:37.385+0000] {logging_mixin.py:190} INFO - [2026-09-17T20:44:37.384+0000] {dagbag.py:588} INFO - Filling up the DagBag from /home/airflow/.local/lib/python3.12/site-packages/airflow/example_dags/example_latest_only_with_trigger.py
[2026-09-17T20:44:37.404+0000] {processor.py:925} INFO - DAG(s) 'latest_only_with_trigger' retrieved from /home/airflow/.local/lib/python3.12/site-packages/airflow/example_dags/example_latest_only_with_trigger.py
[2026-09-17T20:44:37.472+0000] {logging_mixin.py:190} INFO - [2026-09-17T20:44:37.472+0000] {dag.py:3239} INFO - Sync 1 DAGs
[2026-09-17T20:44:37.525+0000] {logging_mixin.py:190} INFO - [2026-09-17T20:44:37.525+0000] {dag.py:4180} INFO - Setting next_dagrun for latest_only_with_trigger to 2026-09-17 16:00:00+00:00, run_after=2026-09-17 20:00:00+00:00
[2026-09-17T20:44:37.561+0000] {processor.py:208} INFO - Processing /home/airflow/.local/lib/python3.12/site-packages/airflow/example_dags/example_latest_only_with_trigger.py took 0.217 seconds
[2026-09-17T20:45:10.406+0000] {processor.py:186} INFO - Started process (PID=2080) to work on /home/airflow/.local/lib/python3.12/site-packages/airflow/example_dags/example_latest_only_with_trigger.py
[2026-09-17T20:45:10.409+0000] {processor.py:914} INFO - Processing file /home/airflow/.local/lib/python3.12/site-packages/airflow/example_dags/example_latest_only_with_trigger.py for tasks to queue
[2026-09-17T20:45:10.412+0000] {logging_mixin.py:190} INFO - [2026-09-17T20:45:10.412+0000] {dagbag.py:588} INFO - Filling up the DagBag from /home/airflow/.local/lib/python3.12/site-packages/airflow/example_dags/example_latest_only_with_trigger.py
[2026-09-17T20:45:10.431+0000] {processor.py:925} INFO - DAG(s) 'latest_only_with_trigger' retrieved from /home/airflow/.local/lib/python3.12/site-packages/airflow/example_dags/example_latest_only_with_trigger.py
[2026-09-17T20:45:10.471+0000] {logging_mixin.py:190} INFO - [2026-09-17T20:45:10.471+0000] {dag.py:3239} INFO - Sync 1 DAGs
[2026-09-17T20:45:10.503+0000] {logging_mixin.py:190} INFO - [2026-09-17T20:45:10.502+0000] {dag.py:4180} INFO - Setting next_dagrun for latest_only_with_trigger to 2026-09-17 16:00:00+00:00, run_after=2026-09-17 20:00:00+00:00
[2026-09-17T20:45:10.959+0000] {processor.py:208} INFO - Processing /home/airflow/.local/lib/python3.12/site-packages/airflow/example_dags/example_latest_only_with_trigger.py took 0.569 seconds
[2026-09-17T20:45:41.096+0000] {processor.py:186} INFO - Started process (PID=2138) to work on /home/airflow/.local/lib/python3.12/site-packages/airflow/example_dags/example_latest_only_with_trigger.py
[2026-09-17T20:45:41.098+0000] {processor.py:914} INFO - Processing file /home/airflow/.local/lib/python3.12/site-packages/airflow/example_dags/example_latest_only_with_trigger.py for tasks to queue
[2026-09-17T20:45:41.102+0000] {logging_mixin.py:190} INFO - [2026-09-17T20:45:41.101+0000] {dagbag.py:588} INFO - Filling up the DagBag from /home/airflow/.local/lib/python3.12/site-packages/airflow/example_dags/example_latest_only_with_trigger.py
[2026-09-17T20:45:41.116+0000] {processor.py:925} INFO - DAG(s) 'latest_only_with_trigger' retrieved from /home/airflow/.local/lib/python3.12/site-packages/airflow/example_dags/example_latest_only_with_trigger.py
[2026-09-17T20:45:41.152+0000] {logging_mixin.py:190} INFO - [2026-09-17T20:45:41.152+0000] {dag.py:3239} INFO - Sync 1 DAGs
[2026-09-17T20:45:41.201+0000] {logging_mixin.py:190} INFO - [2026-09-17T20:45:41.201+0000] {dag.py:4180} INFO - Setting next_dagrun for latest_only_with_trigger to 2026-09-17 16:00:00+00:00, run_after=2026-09-17 20:00:00+00:00
[2026-09-17T20:45:41.239+0000] {processor.py:208} INFO - Processing /home/airflow/.local/lib/python3.12/site-packages/airflow/example_dags/example_latest_only_with_trigger.py took 0.173 seconds
[2026-09-17T20:46:11.828+0000] {processor.py:186} INFO - Started process (PID=2203) to work on /home/airflow/.local/lib/python3.12/site-packages/airflow/example_dags/example_latest_only_with_trigger.py
[2026-09-17T20:46:11.831+0000] {processor.py:914} INFO - Processing file /home/airflow/.local/lib/python3.12/site-packages/airflow/example_dags/example_latest_only_with_trigger.py for tasks to queue
[2026-09-17T20:46:11.833+0000] {logging_mixin.py:190} INFO - [2026-09-17T20:46:11.833+0000] {dagbag.py:588} INFO - Filling up the DagBag from /home/airflow/.local/lib/python3.12/site-packages/airflow/example_dags/example_latest_only_with_trigger.py
[2026-09-17T20:46:11.847+0000] {processor.py:925} INFO - DAG(s) 'latest_only_with_trigger' retrieved from /home/airflow/.local/lib/python3.12/site-packages/airflow/example_dags/example_latest_only_with_trigger.py
[2026-09-17T20:46:11.896+0000] {logging_mixin.py:190} INFO - [2026-09-17T20:46:11.895+0000] {dag.py:3239} INFO - Sync 1 DAGs
[2026-09-17T20:46:11.936+0000] {logging_mixin.py:190} INFO - [2026-09-17T20:46:11.936+0000] {dag.py:4180} INFO - Setting next_dagrun for latest_only_with_trigger to 2026-09-17 16:00:00+00:00, run_after=2026-09-17 20:00:00+00:00
[2026-09-17T20:46:11.979+0000] {processor.py:208} INFO - Processing /home/airflow/.local/lib/python3.12/site-packages/airflow/example_dags/example_latest_only_with_trigger.py took 0.162 seconds
[2026-09-17T20:46:49.753+0000] {processor.py:186} INFO - Started process (PID=2268) to work on /home/airflow/.local/lib/python3.12/site-packages/airflow/example_dags/example_latest_only_with_trigger.py
[2026-09-17T20:46:49.755+0000] {processor.py:914} INFO - Processing file /home/airflow/.local/lib/python3.12/site-packages/airflow/example_dags/example_latest_only_with_trigger.py for tasks to queue
[2026-09-17T20:46:49.758+0000] {logging_mixin.py:190} INFO - [2026-09-17T20:46:49.757+0000] {dagbag.py:588} INFO - Filling up the DagBag from /home/airflow/.local/lib/python3.12/site-packages/airflow/example_dags/example_latest_only_with_trigger.py
[2026-09-17T20:46:49.770+0000] {processor.py:925} INFO - DAG(s) 'latest_only_with_trigger' retrieved from /home/airflow/.local/lib/python3.12/site-packages/airflow/example_dags/example_latest_only_with_trigger.py
[2026-09-17T20:46:49.812+0000] {logging_mixin.py:190} INFO - [2026-09-17T20:46:49.811+0000] {dag.py:3239} INFO - Sync 1 DAGs
[2026-09-17T20:46:49.847+0000] {logging_mixin.py:190} INFO - [2026-09-17T20:46:49.847+0000] {dag.py:4180} INFO - Setting next_dagrun for latest_only_with_trigger to 2026-09-17 16:00:00+00:00, run_after=2026-09-17 20:00:00+00:00
[2026-09-17T20:46:49.881+0000] {processor.py:208} INFO - Processing /home/airflow/.local/lib/python3.12/site-packages/airflow/example_dags/example_latest_only_with_trigger.py took 0.135 seconds
[2026-09-17T20:47:23.639+0000] {processor.py:186} INFO - Started process (PID=2341) to work on /home/airflow/.local/lib/python3.12/site-packages/airflow/example_dags/example_latest_only_with_trigger.py
[2026-09-17T20:47:23.642+0000] {processor.py:914} INFO - Processing file /home/airflow/.local/lib/python3.12/site-packages/airflow/example_dags/example_latest_only_with_trigger.py for tasks to queue
[2026-09-17T20:47:23.646+0000] {logging_mixin.py:190} INFO - [2026-09-17T20:47:23.645+0000] {dagbag.py:588} INFO - Filling up the DagBag from /home/airflow/.local/lib/python3.12/site-packages/airflow/example_dags/example_latest_only_with_trigger.py
[2026-09-17T20:47:23.669+0000] {processor.py:925} INFO - DAG(s) 'latest_only_with_trigger' retrieved from /home/airflow/.local/lib/python3.12/site-packages/airflow/example_dags/example_latest_only_with_trigger.py
[2026-09-17T20:47:23.722+0000] {logging_mixin.py:190} INFO - [2026-09-17T20:47:23.721+0000] {dag.py:3239} INFO - Sync 1 DAGs
[2026-09-17T20:47:23.779+0000] {logging_mixin.py:190} INFO - [2026-09-17T20:47:23.778+0000] {dag.py:4180} INFO - Setting next_dagrun for latest_only_with_trigger to 2026-09-17 16:00:00+00:00, run_after=2026-09-17 20:00:00+00:00
[2026-09-17T20:47:23.819+0000] {processor.py:208} INFO - Processing /home/airflow/.local/lib/python3.12/site-packages/airflow/example_dags/example_latest_only_with_trigger.py took 0.197 seconds
[2026-09-17T20:47:54.394+0000] {processor.py:186} INFO - Started process (PID=2406) to work on /home/airflow/.local/lib/python3.12/site-packages/airflow/example_dags/example_latest_only_with_trigger.py
[2026-09-17T20:47:54.397+0000] {processor.py:914} INFO - Processing file /home/airflow/.local/lib/python3.12/site-packages/airflow/example_dags/example_latest_only_with_trigger.py for tasks to queue
[2026-09-17T20:47:54.400+0000] {logging_mixin.py:190} INFO - [2026-09-17T20:47:54.399+0000] {dagbag.py:588} INFO - Filling up the DagBag from /home/airflow/.local/lib/python3.12/site-packages/airflow/example_dags/example_latest_only_with_trigger.py
[2026-09-17T20:47:54.413+0000] {processor.py:925} INFO - DAG(s) 'latest_only_with_trigger' retrieved from /home/airflow/.local/lib/python3.12/site-packages/airflow/example_dags/example_latest_only_with_trigger.py
[2026-09-17T20:47:54.444+0000] {logging_mixin.py:190} INFO - [2026-09-17T20:47:54.443+0000] {dag.py:3239} INFO - Sync 1 DAGs
[2026-09-17T20:47:54.476+0000] {logging_mixin.py:190} INFO - [2026-09-17T20:47:54.475+0000] {dag.py:4180} INFO - Setting next_dagrun for latest_only_with_trigger to 2026-09-17 16:00:00+00:00, run_after=2026-09-17 20:00:00+00:00
[2026-09-17T20:47:54.501+0000] {processor.py:208} INFO - Processing /home/airflow/.local/lib/python3.12/site-packages/airflow/example_dags/example_latest_only_with_trigger.py took 0.113 seconds
[2026-09-17T20:48:24.952+0000] {processor.py:186} INFO - Started process (PID=2471) to work on /home/airflow/.local/lib/python3.12/site-packages/airflow/example_dags/example_latest_only_with_trigger.py
[2026-09-17T20:48:24.955+0000] {processor.py:914} INFO - Processing file /home/airflow/.local/lib/python3.12/site-packages/airflow/example_dags/example_latest_only_with_trigger.py for tasks to queue
[2026-09-17T20:48:24.959+0000] {logging_mixin.py:190} INFO - [2026-09-17T20:48:24.958+0000] {dagbag.py:588} INFO - Filling up the DagBag from /home/airflow/.local/lib/python3.12/site-packages/airflow/example_dags/example_latest_only_with_trigger.py
[2026-09-17T20:48:24.973+0000] {processor.py:925} INFO - DAG(s) 'latest_only_with_trigger' retrieved from /home/airflow/.local/lib/python3.12/site-packages/airflow/example_dags/example_latest_only_with_trigger.py
[2026-09-17T20:48:25.012+0000] {logging_mixin.py:190} INFO - [2026-09-17T20:48:25.012+0000] {dag.py:3239} INFO - Sync 1 DAGs
[2026-09-17T20:48:25.050+0000] {logging_mixin.py:190} INFO - [2026-09-17T20:48:25.049+0000] {dag.py:4180} INFO - Setting next_dagrun for latest_only_with_trigger to 2026-09-17 16:00:00+00:00, run_after=2026-09-17 20:00:00+00:00
[2026-09-17T20:48:25.087+0000] {processor.py:208} INFO - Processing /home/airflow/.local/lib/python3.12/site-packages/airflow/example_dags/example_latest_only_with_trigger.py took 0.145 seconds
