[2026-09-17T18:40:43.038+0000] {processor.py:161} INFO - Started process (PID=62) to work on /home/airflow/.local/lib/python3.8/site-packages/airflow/example_dags/example_python_decorator.py
[2026-09-17T18:40:43.040+0000] {processor.py:830} INFO - Processing file /home/airflow/.local/lib/python3.8/site-packages/airflow/example_dags/example_python_decorator.py for tasks to queue
[2026-09-17T18:40:43.044+0000] {logging_mixin.py:188} INFO - [2026-09-17T18:40:43.044+0000] {dagbag.py:538} INFO - Filling up the DagBag from /home/airflow/.local/lib/python3.8/site-packages/airflow/example_dags/example_python_decorator.py
[2026-09-17T18:40:43.066+0000] {processor.py:840} INFO - DAG(s) 'example_python_decorator' retrieved from /home/airflow/.local/lib/python3.8/site-packages/airflow/example_dags/example_python_decorator.py
[2026-09-17T18:40:43.086+0000] {logging_mixin.py:188} INFO - [2026-09-17T18:40:43.086+0000] {dag.py:3036} INFO - Sync 1 DAGs
[2026-09-17T18:40:43.103+0000] {logging_mixin.py:188} INFO - [2026-09-17T18:40:43.103+0000] {dag.py:3823} INFO - Setting next_dagrun for example_python_decorator to None, run_after=None
[2026-09-17T18:40:43.138+0000] {processor.py:183} INFO - Processing /home/airflow/.local/lib/python3.8/site-packages/airflow/example_dags/example_python_decorator.py took 0.105 seconds
[2026-09-17T18:41:14.338+0000] {processor.py:161} INFO - Started process (PID=111) to work on /home/airflow/.local/lib/python3.8/site-packages/airflow/example_dags/example_python_decorator.py
[2026-09-17T18:41:14.341+0000] {processor.py:830} INFO - Processing file /home/airflow/.local/lib/python3.8/site-packages/airflow/example_dags/example_python_decorator.py for tasks to queue
[2026-09-17T18:41:14.346+0000] {logging_mixin.py:188} INFO - [2026-09-17T18:41:14.345+0000] {dagbag.py:538} INFO - Filling up the DagBag from /home/airflow/.local/lib/python3.8/site-packages/airflow/example_dags/example_python_decorator.py
[2026-09-17T18:41:14.365+0000] {processor.py:840} INFO - DAG(s) 'example_python_decorator' retrieved from /home/airflow/.local/lib/python3.8/site-packages/airflow/example_dags/example_python_decorator.py
[2026-09-17T18:41:14.561+0000] {logging_mixin.py:188} INFO - [2026-09-17T18:41:14.561+0000] {dag.py:3036} INFO - Sync 1 DAGs
[2026-09-17T18:41:14.581+0000] {logging_mixin.py:188} INFO - [2026-09-17T18:41:14.580+0000] {dag.py:3823} INFO - Setting next_dagrun for example_python_decorator to None, run_after=None
[2026-09-17T18:41:14.616+0000] {processor.py:183} INFO - Processing /home/airflow/.local/lib/python3.8/site-packages/airflow/example_dags/example_python_decorator.py took 0.283 seconds
[2026-09-17T18:41:45.813+0000] {processor.py:161} INFO - Started process (PID=168) to work on /home/airflow/.local/lib/python3.8/site-packages/airflow/example_dags/example_python_decorator.py
[2026-09-17T18:41:45.815+0000] {processor.py:830} INFO - Processing file /home/airflow/.local/lib/python3.8/site-packages/airflow/example_dags/example_python_decorator.py for tasks to queue
[2026-09-17T18:41:45.819+0000] {logging_mixin.py:188} INFO - [2026-09-17T18:41:45.818+0000] {dagbag.py:538} INFO - Filling up the DagBag from /home/airflow/.local/lib/python3.8/site-packages/airflow/example_dags/example_python_decorator.py
[2026-09-17T18:41:45.839+0000] {processor.py:840} INFO - DAG(s) 'example_python_decorator' retrieved from /home/airflow/.local/lib/python3.8/site-packages/airflow/example_dags/example_python_decorator.py
[2026-09-17T18:41:45.866+0000] {logging_mixin.py:188} INFO - [2026-09-17T18:41:45.865+0000] {dag.py:3036} INFO - Sync 1 DAGs
[2026-09-17T18:41:45.883+0000] {logging_mixin.py:188} INFO - [2026-09-17T18:41:45.883+0000] {dag.py:3823} INFO - Setting next_dagrun for example_python_decorator to None, run_after=None
[2026-09-17T18:41:45.914+0000] {processor.py:183} INFO - Processing /home/airflow/.local/lib/python3.8/site-packages/airflow/example_dags/example_python_decorator.py took 0.105 seconds
[2026-09-17T18:42:16.788+0000] {processor.py:161} INFO - Started process (PID=225) to work on /home/airflow/.local/lib/python3.8/site-packages/airflow/example_dags/example_python_decorator.py
[2026-09-17T18:42:16.790+0000] {processor.py:830} INFO - Processing file /home/airflow/.local/lib/python3.8/site-packages/airflow/example_dags/example_python_decorator.py for tasks to queue
[2026-09-17T18:42:16.793+0000] {logging_mixin.py:188} INFO - [2026-09-17T18:42:16.793+0000] {dagbag.py:538} INFO - Filling up the DagBag from /home/airflow/.local/lib/python3.8/site-packages/airflow/example_dags/example_python_decorator.py
[2026-09-17T18:42:16.809+0000] {processor.py:840} INFO - DAG(s) 'example_python_decorator' retrieved from /home/airflow/.local/lib/python3.8/site-packages/airflow/example_dags/example_python_decorator.py
[2026-09-17T18:42:16.831+0000] {logging_mixin.py:188} INFO - [2026-09-17T18:42:16.831+0000] {dag.py:3036} INFO - Sync 1 DAGs
[2026-09-17T18:42:16.848+0000] {logging_mixin.py:188} INFO - [2026-09-17T18:42:16.847+0000] {dag.py:3823} INFO - Setting next_dagrun for example_python_decorator to None, run_after=None
[2026-09-17T18:42:16.876+0000] {processor.py:183} INFO - Processing /home/airflow/.local/lib/python3.8/site-packages/airflow/example_dags/example_python_decorator.py took 0.093 seconds
[2026-09-17T18:42:47.684+0000] {processor.py:161} INFO - Started process (PID=282) to work on /home/airflow/.local/lib/python3.8/site-packages/airflow/example_dags/example_python_decorator.py
[2026-09-17T18:42:47.686+0000] {processor.py:830} INFO - Processing file /home/airflow/.local/lib/python3.8/site-packages/airflow/example_dags/example_python_decorator.py for tasks to queue
[2026-09-17T18:42:47.688+0000] {logging_mixin.py:188} INFO - [2026-09-17T18:42:47.688+0000] {dagbag.py:538} INFO - Filling up the DagBag from /home/airflow/.local/lib/python3.8/site-packages/airflow/example_dags/example_python_decorator.py
[2026-09-17T18:42:47.703+0000] {processor.py:840} INFO - DAG(s) 'example_python_decorator' retrieved from /home/airflow/.local/lib/python3.8/site-packages/airflow/example_dags/example_python_decorator.py
[2026-09-17T18:42:47.832+0000] {logging_mixin.py:188} INFO - [2026-09-17T18:42:47.831+0000] {dag.py:3036} INFO - Sync 1 DAGs
[2026-09-17T18:42:47.845+0000] {logging_mixin.py:188} INFO - [2026-09-17T18:42:47.845+0000] {dag.py:3823} INFO - Setting next_dagrun for example_python_decorator to None, run_after=None
[2026-09-17T18:42:47.881+0000] {processor.py:183} INFO - Processing /home/airflow/.local/lib/python3.8/site-packages/airflow/example_dags/example_python_decorator.py took 0.201 seconds
[2026-09-17T18:43:19.266+0000] {processor.py:161} INFO - Started process (PID=339) to work on /home/airflow/.local/lib/python3.8/site-packages/airflow/example_dags/example_python_decorator.py
[2026-09-17T18:43:19.271+0000] {processor.py:830} INFO - Processing file /home/airflow/.local/lib/python3.8/site-packages/airflow/example_dags/example_python_decorator.py for tasks to queue
[2026-09-17T18:43:19.279+0000] {logging_mixin.py:188} INFO - [2026-09-17T18:43:19.278+0000] {dagbag.py:538} INFO - Filling up the DagBag from /home/airflow/.local/lib/python3.8/site-packages/airflow/example_dags/example_python_decorator.py
[2026-09-17T18:43:19.318+0000] {processor.py:840} INFO - DAG(s) 'example_python_decorator' retrieved from /home/airflow/.local/lib/python3.8/site-packages/airflow/example_dags/example_python_decorator.py
[2026-09-17T18:43:19.404+0000] {logging_mixin.py:188} INFO - [2026-09-17T18:43:19.403+0000] {dag.py:3036} INFO - Sync 1 DAGs
[2026-09-17T18:43:19.453+0000] {logging_mixin.py:188} INFO - [2026-09-17T18:43:19.452+0000] {dag.py:3823} INFO - Setting next_dagrun for example_python_decorator to None, run_after=None
[2026-09-17T18:43:19.516+0000] {processor.py:183} INFO - Processing /home/airflow/.local/lib/python3.8/site-packages/airflow/example_dags/example_python_decorator.py took 0.264 seconds
[2026-09-17T18:43:59.028+0000] {processor.py:161} INFO - Started process (PID=396) to work on /home/airflow/.local/lib/python3.8/site-packages/airflow/example_dags/example_python_decorator.py
[2026-09-17T18:43:59.037+0000] {processor.py:830} INFO - Processing file /home/airflow/.local/lib/python3.8/site-packages/airflow/example_dags/example_python_decorator.py for tasks to queue
[2026-09-17T18:43:59.054+0000] {logging_mixin.py:188} INFO - [2026-09-17T18:43:59.053+0000] {dagbag.py:538} INFO - Filling up the DagBag from /home/airflow/.local/lib/python3.8/site-packages/airflow/example_dags/example_python_decorator.py
[2026-09-17T18:43:59.186+0000] {processor.py:840} INFO - DAG(s) 'example_python_decorator' retrieved from /home/airflow/.local/lib/python3.8/site-packages/airflow/example_dags/example_python_decorator.py
[2026-09-17T18:43:59.240+0000] {logging_mixin.py:188} INFO - [2026-09-17T18:43:59.240+0000] {dag.py:3036} INFO - Sync 1 DAGs
[2026-09-17T18:43:59.259+0000] {logging_mixin.py:188} INFO - [2026-09-17T18:43:59.259+0000] {dag.py:3823} INFO - Setting next_dagrun for example_python_decorator to None, run_after=None
[2026-09-17T18:44:00.124+0000] {processor.py:183} INFO - Processing /home/airflow/.local/lib/python3.8/site-packages/airflow/example_dags/example_python_decorator.py took 1.113 seconds
[2026-09-17T18:44:30.461+0000] {processor.py:161} INFO - Started process (PID=453) to work on /home/airflow/.local/lib/python3.8/site-packages/airflow/example_dags/example_python_decorator.py
[2026-09-17T18:44:30.463+0000] {processor.py:830} INFO - Processing file /home/airflow/.local/lib/python3.8/site-packages/airflow/example_dags/example_python_decorator.py for tasks to queue
[2026-09-17T18:44:30.466+0000] {logging_mixin.py:188} INFO - [2026-09-17T18:44:30.466+0000] {dagbag.py:538} INFO - Filling up the DagBag from /home/airflow/.local/lib/python3.8/site-packages/airflow/example_dags/example_python_decorator.py
[2026-09-17T18:44:30.480+0000] {processor.py:840} INFO - DAG(s) 'example_python_decorator' retrieved from /home/airflow/.local/lib/python3.8/site-packages/airflow/example_dags/example_python_decorator.py
[2026-09-17T18:44:30.512+0000] {logging_mixin.py:188} INFO - [2026-09-17T18:44:30.511+0000] {dag.py:3036} INFO - Sync 1 DAGs
[2026-09-17T18:44:30.539+0000] {logging_mixin.py:188} INFO - [2026-09-17T18:44:30.538+0000] {dag.py:3823} INFO - Setting next_dagrun for example_python_decorator to None, run_after=None
[2026-09-17T18:44:30.917+0000] {processor.py:183} INFO - Processing /home/airflow/.local/lib/python3.8/site-packages/airflow/example_dags/example_python_decorator.py took 0.459 seconds
[2026-09-17T18:45:05.659+0000] {processor.py:161} INFO - Started process (PID=508) to work on /home/airflow/.local/lib/python3.8/site-packages/airflow/example_dags/example_python_decorator.py
[2026-09-17T18:45:05.663+0000] {processor.py:830} INFO - Processing file /home/airflow/.local/lib/python3.8/site-packages/airflow/example_dags/example_python_decorator.py for tasks to queue
[2026-09-17T18:45:05.671+0000] {logging_mixin.py:188} INFO - [2026-09-17T18:45:05.670+0000] {dagbag.py:538} INFO - Filling up the DagBag from /home/airflow/.local/lib/python3.8/site-packages/airflow/example_dags/example_python_decorator.py
[2026-09-17T18:45:05.714+0000] {processor.py:840} INFO - DAG(s) 'example_python_decorator' retrieved from /home/airflow/.local/lib/python3.8/site-packages/airflow/example_dags/example_python_decorator.py
[2026-09-17T18:45:05.803+0000] {logging_mixin.py:188} INFO - [2026-09-17T18:45:05.802+0000] {dag.py:3036} INFO - Sync 1 DAGs
[2026-09-17T18:45:05.843+0000] {logging_mixin.py:188} INFO - [2026-09-17T18:45:05.842+0000] {dag.py:3823} INFO - Setting next_dagrun for example_python_decorator to None, run_after=None
[2026-09-17T18:45:05.902+0000] {processor.py:183} INFO - Processing /home/airflow/.local/lib/python3.8/site-packages/airflow/example_dags/example_python_decorator.py took 0.253 seconds
[2026-09-17T18:45:40.697+0000] {processor.py:161} INFO - Started process (PID=565) to work on /home/airflow/.local/lib/python3.8/site-packages/airflow/example_dags/example_python_decorator.py
[2026-09-17T18:45:40.699+0000] {processor.py:830} INFO - Processing file /home/airflow/.local/lib/python3.8/site-packages/airflow/example_dags/example_python_decorator.py for tasks to queue
[2026-09-17T18:45:40.702+0000] {logging_mixin.py:188} INFO - [2026-09-17T18:45:40.702+0000] {dagbag.py:538} INFO - Filling up the DagBag from /home/airflow/.local/lib/python3.8/site-packages/airflow/example_dags/example_python_decorator.py
[2026-09-17T18:45:40.717+0000] {processor.py:840} INFO - DAG(s) 'example_python_decorator' retrieved from /home/airflow/.local/lib/python3.8/site-packages/airflow/example_dags/example_python_decorator.py
[2026-09-17T18:45:40.748+0000] {logging_mixin.py:188} INFO - [2026-09-17T18:45:40.748+0000] {dag.py:3036} INFO - Sync 1 DAGs
[2026-09-17T18:45:40.762+0000] {logging_mixin.py:188} INFO - [2026-09-17T18:45:40.762+0000] {dag.py:3823} INFO - Setting next_dagrun for example_python_decorator to None, run_after=None
[2026-09-17T18:45:40.880+0000] {processor.py:183} INFO - Processing /home/airflow/.local/lib/python3.8/site-packages/airflow/example_dags/example_python_decorator.py took 0.187 seconds
[2026-09-17T18:47:18.430+0000] {processor.py:186} INFO - Started process (PID=80) to work on /home/airflow/.local/lib/python3.12/site-packages/airflow/example_dags/example_python_decorator.py
[2026-09-17T18:47:18.433+0000] {processor.py:914} INFO - Processing file /home/airflow/.local/lib/python3.12/site-packages/airflow/example_dags/example_python_decorator.py for tasks to queue
[2026-09-17T18:47:18.437+0000] {logging_mixin.py:190} INFO - [2026-09-17T18:47:18.437+0000] {dagbag.py:588} INFO - Filling up the DagBag from /home/airflow/.local/lib/python3.12/site-packages/airflow/example_dags/example_python_decorator.py
[2026-09-17T18:47:18.456+0000] {processor.py:925} INFO - DAG(s) 'example_python_decorator' retrieved from /home/airflow/.local/lib/python3.12/site-packages/airflow/example_dags/example_python_decorator.py
[2026-09-17T18:47:18.603+0000] {logging_mixin.py:190} INFO - [2026-09-17T18:47:18.603+0000] {dag.py:3239} INFO - Sync 1 DAGs
[2026-09-17T18:47:18.619+0000] {logging_mixin.py:190} INFO - [2026-09-17T18:47:18.618+0000] {dag.py:4180} INFO - Setting next_dagrun for example_python_decorator to None, run_after=None
[2026-09-17T18:47:18.646+0000] {processor.py:208} INFO - Processing /home/airflow/.local/lib/python3.12/site-packages/airflow/example_dags/example_python_decorator.py took 0.223 seconds
[2026-09-17T18:47:49.087+0000] {processor.py:186} INFO - Started process (PID=143) to work on /home/airflow/.local/lib/python3.12/site-packages/airflow/example_dags/example_python_decorator.py
[2026-09-17T18:47:49.089+0000] {processor.py:914} INFO - Processing file /home/airflow/.local/lib/python3.12/site-packages/airflow/example_dags/example_python_decorator.py for tasks to queue
[2026-09-17T18:47:49.093+0000] {logging_mixin.py:190} INFO - [2026-09-17T18:47:49.092+0000] {dagbag.py:588} INFO - Filling up the DagBag from /home/airflow/.local/lib/python3.12/site-packages/airflow/example_dags/example_python_decorator.py
[2026-09-17T18:47:49.110+0000] {processor.py:925} INFO - DAG(s) 'example_python_decorator' retrieved from /home/airflow/.local/lib/python3.12/site-packages/airflow/example_dags/example_python_decorator.py
[2026-09-17T18:47:49.142+0000] {logging_mixin.py:190} INFO - [2026-09-17T18:47:49.141+0000] {dag.py:3239} INFO - Sync 1 DAGs
[2026-09-17T18:47:49.160+0000] {logging_mixin.py:190} INFO - [2026-09-17T18:47:49.160+0000] {dag.py:4180} INFO - Setting next_dagrun for example_python_decorator to None, run_after=None
[2026-09-17T18:47:49.187+0000] {processor.py:208} INFO - Processing /home/airflow/.local/lib/python3.12/site-packages/airflow/example_dags/example_python_decorator.py took 0.106 seconds
[2026-09-17T18:48:19.848+0000] {processor.py:186} INFO - Started process (PID=201) to work on /home/airflow/.local/lib/python3.12/site-packages/airflow/example_dags/example_python_decorator.py
[2026-09-17T18:48:19.850+0000] {processor.py:914} INFO - Processing file /home/airflow/.local/lib/python3.12/site-packages/airflow/example_dags/example_python_decorator.py for tasks to queue
[2026-09-17T18:48:19.853+0000] {logging_mixin.py:190} INFO - [2026-09-17T18:48:19.852+0000] {dagbag.py:588} INFO - Filling up the DagBag from /home/airflow/.local/lib/python3.12/site-packages/airflow/example_dags/example_python_decorator.py
[2026-09-17T18:48:19.867+0000] {processor.py:925} INFO - DAG(s) 'example_python_decorator' retrieved from /home/airflow/.local/lib/python3.12/site-packages/airflow/example_dags/example_python_decorator.py
[2026-09-17T18:48:19.896+0000] {logging_mixin.py:190} INFO - [2026-09-17T18:48:19.896+0000] {dag.py:3239} INFO - Sync 1 DAGs
[2026-09-17T18:48:19.911+0000] {logging_mixin.py:190} INFO - [2026-09-17T18:48:19.910+0000] {dag.py:4180} INFO - Setting next_dagrun for example_python_decorator to None, run_after=None
[2026-09-17T18:48:19.936+0000] {processor.py:208} INFO - Processing /home/airflow/.local/lib/python3.12/site-packages/airflow/example_dags/example_python_decorator.py took 0.094 seconds
[2026-09-17T18:48:50.726+0000] {processor.py:186} INFO - Started process (PID=266) to work on /home/airflow/.local/lib/python3.12/site-packages/airflow/example_dags/example_python_decorator.py
[2026-09-17T18:48:50.729+0000] {processor.py:914} INFO - Processing file /home/airflow/.local/lib/python3.12/site-packages/airflow/example_dags/example_python_decorator.py for tasks to queue
[2026-09-17T18:48:50.732+0000] {logging_mixin.py:190} INFO - [2026-09-17T18:48:50.732+0000] {dagbag.py:588} INFO - Filling up the DagBag from /home/airflow/.local/lib/python3.12/site-packages/airflow/example_dags/example_python_decorator.py
[2026-09-17T18:48:50.750+0000] {processor.py:925} INFO - DAG(s) 'example_python_decorator' retrieved from /home/airflow/.local/lib/python3.12/site-packages/airflow/example_dags/example_python_decorator.py
[2026-09-17T18:48:50.781+0000] {logging_mixin.py:190} INFO - [2026-09-17T18:48:50.780+0000] {dag.py:3239} INFO - Sync 1 DAGs
[2026-09-17T18:48:50.796+0000] {logging_mixin.py:190} INFO - [2026-09-17T18:48:50.796+0000] {dag.py:4180} INFO - Setting next_dagrun for example_python_decorator to None, run_after=None
[2026-09-17T18:48:50.821+0000] {processor.py:208} INFO - Processing /home/airflow/.local/lib/python3.12/site-packages/airflow/example_dags/example_python_decorator.py took 0.103 seconds
[2026-09-17T18:49:21.526+0000] {processor.py:186} INFO - Started process (PID=331) to work on /home/airflow/.local/lib/python3.12/site-packages/airflow/example_dags/example_python_decorator.py
[2026-09-17T18:49:21.529+0000] {processor.py:914} INFO - Processing file /home/airflow/.local/lib/python3.12/site-packages/airflow/example_dags/example_python_decorator.py for tasks to queue
[2026-09-17T18:49:21.533+0000] {logging_mixin.py:190} INFO - [2026-09-17T18:49:21.532+0000] {dagbag.py:588} INFO - Filling up the DagBag from /home/airflow/.local/lib/python3.12/site-packages/airflow/example_dags/example_python_decorator.py
[2026-09-17T18:49:21.550+0000] {processor.py:925} INFO - DAG(s) 'example_python_decorator' retrieved from /home/airflow/.local/lib/python3.12/site-packages/airflow/example_dags/example_python_decorator.py
[2026-09-17T18:49:21.579+0000] {logging_mixin.py:190} INFO - [2026-09-17T18:49:21.579+0000] {dag.py:3239} INFO - Sync 1 DAGs
[2026-09-17T18:49:21.596+0000] {logging_mixin.py:190} INFO - [2026-09-17T18:49:21.596+0000] {dag.py:4180} INFO - Setting next_dagrun for example_python_decorator to None, run_after=None
[2026-09-17T18:49:21.626+0000] {processor.py:208} INFO - Processing /home/airflow/.local/lib/python3.12/site-packages/airflow/example_dags/example_python_decorator.py took 0.109 seconds
[2026-09-17T18:50:50.791+0000] {processor.py:186} INFO - Started process (PID=59) to work on /home/airflow/.local/lib/python3.12/site-packages/airflow/example_dags/example_python_decorator.py
[2026-09-17T18:50:50.793+0000] {processor.py:914} INFO - Processing file /home/airflow/.local/lib/python3.12/site-packages/airflow/example_dags/example_python_decorator.py for tasks to queue
[2026-09-17T18:50:50.796+0000] {logging_mixin.py:190} INFO - [2026-09-17T18:50:50.795+0000] {dagbag.py:588} INFO - Filling up the DagBag from /home/airflow/.local/lib/python3.12/site-packages/airflow/example_dags/example_python_decorator.py
[2026-09-17T18:50:50.822+0000] {processor.py:925} INFO - DAG(s) 'example_python_decorator' retrieved from /home/airflow/.local/lib/python3.12/site-packages/airflow/example_dags/example_python_decorator.py
[2026-09-17T18:50:50.985+0000] {logging_mixin.py:190} INFO - [2026-09-17T18:50:50.985+0000] {dag.py:3239} INFO - Sync 1 DAGs
[2026-09-17T18:50:51.011+0000] {logging_mixin.py:190} INFO - [2026-09-17T18:50:51.010+0000] {dag.py:4180} INFO - Setting next_dagrun for example_python_decorator to None, run_after=None
[2026-09-17T18:50:51.054+0000] {processor.py:208} INFO - Processing /home/airflow/.local/lib/python3.12/site-packages/airflow/example_dags/example_python_decorator.py took 0.271 seconds
[2026-09-17T18:51:21.863+0000] {processor.py:186} INFO - Started process (PID=123) to work on /home/airflow/.local/lib/python3.12/site-packages/airflow/example_dags/example_python_decorator.py
[2026-09-17T18:51:21.865+0000] {processor.py:914} INFO - Processing file /home/airflow/.local/lib/python3.12/site-packages/airflow/example_dags/example_python_decorator.py for tasks to queue
[2026-09-17T18:51:21.868+0000] {logging_mixin.py:190} INFO - [2026-09-17T18:51:21.867+0000] {dagbag.py:588} INFO - Filling up the DagBag from /home/airflow/.local/lib/python3.12/site-packages/airflow/example_dags/example_python_decorator.py
[2026-09-17T18:51:21.887+0000] {processor.py:925} INFO - DAG(s) 'example_python_decorator' retrieved from /home/airflow/.local/lib/python3.12/site-packages/airflow/example_dags/example_python_decorator.py
[2026-09-17T18:51:21.918+0000] {logging_mixin.py:190} INFO - [2026-09-17T18:51:21.918+0000] {dag.py:3239} INFO - Sync 1 DAGs
[2026-09-17T18:51:21.937+0000] {logging_mixin.py:190} INFO - [2026-09-17T18:51:21.937+0000] {dag.py:4180} INFO - Setting next_dagrun for example_python_decorator to None, run_after=None
[2026-09-17T18:51:21.967+0000] {processor.py:208} INFO - Processing /home/airflow/.local/lib/python3.12/site-packages/airflow/example_dags/example_python_decorator.py took 0.112 seconds
[2026-09-17T18:51:52.117+0000] {processor.py:186} INFO - Started process (PID=180) to work on /home/airflow/.local/lib/python3.12/site-packages/airflow/example_dags/example_python_decorator.py
[2026-09-17T18:51:52.120+0000] {processor.py:914} INFO - Processing file /home/airflow/.local/lib/python3.12/site-packages/airflow/example_dags/example_python_decorator.py for tasks to queue
[2026-09-17T18:51:52.124+0000] {logging_mixin.py:190} INFO - [2026-09-17T18:51:52.123+0000] {dagbag.py:588} INFO - Filling up the DagBag from /home/airflow/.local/lib/python3.12/site-packages/airflow/example_dags/example_python_decorator.py
[2026-09-17T18:51:52.165+0000] {processor.py:925} INFO - DAG(s) 'example_python_decorator' retrieved from /home/airflow/.local/lib/python3.12/site-packages/airflow/example_dags/example_python_decorator.py
[2026-09-17T18:51:52.229+0000] {logging_mixin.py:190} INFO - [2026-09-17T18:51:52.228+0000] {dag.py:3239} INFO - Sync 1 DAGs
[2026-09-17T18:51:52.256+0000] {logging_mixin.py:190} INFO - [2026-09-17T18:51:52.255+0000] {dag.py:4180} INFO - Setting next_dagrun for example_python_decorator to None, run_after=None
[2026-09-17T18:51:52.293+0000] {processor.py:208} INFO - Processing /home/airflow/.local/lib/python3.12/site-packages/airflow/example_dags/example_python_decorator.py took 0.187 seconds
[2026-09-17T18:52:22.537+0000] {processor.py:186} INFO - Started process (PID=245) to work on /home/airflow/.local/lib/python3.12/site-packages/airflow/example_dags/example_python_decorator.py
[2026-09-17T18:52:22.539+0000] {processor.py:914} INFO - Processing file /home/airflow/.local/lib/python3.12/site-packages/airflow/example_dags/example_python_decorator.py for tasks to queue
[2026-09-17T18:52:22.541+0000] {logging_mixin.py:190} INFO - [2026-09-17T18:52:22.541+0000] {dagbag.py:588} INFO - Filling up the DagBag from /home/airflow/.local/lib/python3.12/site-packages/airflow/example_dags/example_python_decorator.py
[2026-09-17T18:52:22.560+0000] {processor.py:925} INFO - DAG(s) 'example_python_decorator' retrieved from /home/airflow/.local/lib/python3.12/site-packages/airflow/example_dags/example_python_decorator.py
[2026-09-17T18:52:22.594+0000] {logging_mixin.py:190} INFO - [2026-09-17T18:52:22.594+0000] {dag.py:3239} INFO - Sync 1 DAGs
[2026-09-17T18:52:22.611+0000] {logging_mixin.py:190} INFO - [2026-09-17T18:52:22.611+0000] {dag.py:4180} INFO - Setting next_dagrun for example_python_decorator to None, run_after=None
[2026-09-17T18:52:22.634+0000] {processor.py:208} INFO - Processing /home/airflow/.local/lib/python3.12/site-packages/airflow/example_dags/example_python_decorator.py took 0.103 seconds
[2026-09-17T18:52:53.518+0000] {processor.py:186} INFO - Started process (PID=310) to work on /home/airflow/.local/lib/python3.12/site-packages/airflow/example_dags/example_python_decorator.py
[2026-09-17T18:52:53.520+0000] {processor.py:914} INFO - Processing file /home/airflow/.local/lib/python3.12/site-packages/airflow/example_dags/example_python_decorator.py for tasks to queue
[2026-09-17T18:52:53.522+0000] {logging_mixin.py:190} INFO - [2026-09-17T18:52:53.522+0000] {dagbag.py:588} INFO - Filling up the DagBag from /home/airflow/.local/lib/python3.12/site-packages/airflow/example_dags/example_python_decorator.py
[2026-09-17T18:52:53.537+0000] {processor.py:925} INFO - DAG(s) 'example_python_decorator' retrieved from /home/airflow/.local/lib/python3.12/site-packages/airflow/example_dags/example_python_decorator.py
[2026-09-17T18:52:53.565+0000] {logging_mixin.py:190} INFO - [2026-09-17T18:52:53.565+0000] {dag.py:3239} INFO - Sync 1 DAGs
[2026-09-17T18:52:53.579+0000] {logging_mixin.py:190} INFO - [2026-09-17T18:52:53.579+0000] {dag.py:4180} INFO - Setting next_dagrun for example_python_decorator to None, run_after=None
[2026-09-17T18:52:53.603+0000] {processor.py:208} INFO - Processing /home/airflow/.local/lib/python3.12/site-packages/airflow/example_dags/example_python_decorator.py took 0.091 seconds
[2026-09-17T18:53:24.596+0000] {processor.py:186} INFO - Started process (PID=375) to work on /home/airflow/.local/lib/python3.12/site-packages/airflow/example_dags/example_python_decorator.py
[2026-09-17T18:53:24.598+0000] {processor.py:914} INFO - Processing file /home/airflow/.local/lib/python3.12/site-packages/airflow/example_dags/example_python_decorator.py for tasks to queue
[2026-09-17T18:53:24.601+0000] {logging_mixin.py:190} INFO - [2026-09-17T18:53:24.600+0000] {dagbag.py:588} INFO - Filling up the DagBag from /home/airflow/.local/lib/python3.12/site-packages/airflow/example_dags/example_python_decorator.py
[2026-09-17T18:53:24.618+0000] {processor.py:925} INFO - DAG(s) 'example_python_decorator' retrieved from /home/airflow/.local/lib/python3.12/site-packages/airflow/example_dags/example_python_decorator.py
[2026-09-17T18:53:24.645+0000] {logging_mixin.py:190} INFO - [2026-09-17T18:53:24.645+0000] {dag.py:3239} INFO - Sync 1 DAGs
[2026-09-17T18:53:24.661+0000] {logging_mixin.py:190} INFO - [2026-09-17T18:53:24.661+0000] {dag.py:4180} INFO - Setting next_dagrun for example_python_decorator to None, run_after=None
[2026-09-17T18:53:24.686+0000] {processor.py:208} INFO - Processing /home/airflow/.local/lib/python3.12/site-packages/airflow/example_dags/example_python_decorator.py took 0.096 seconds
[2026-09-17T18:53:54.969+0000] {processor.py:186} INFO - Started process (PID=440) to work on /home/airflow/.local/lib/python3.12/site-packages/airflow/example_dags/example_python_decorator.py
[2026-09-17T18:53:54.972+0000] {processor.py:914} INFO - Processing file /home/airflow/.local/lib/python3.12/site-packages/airflow/example_dags/example_python_decorator.py for tasks to queue
[2026-09-17T18:53:54.975+0000] {logging_mixin.py:190} INFO - [2026-09-17T18:53:54.975+0000] {dagbag.py:588} INFO - Filling up the DagBag from /home/airflow/.local/lib/python3.12/site-packages/airflow/example_dags/example_python_decorator.py
[2026-09-17T18:53:54.996+0000] {processor.py:925} INFO - DAG(s) 'example_python_decorator' retrieved from /home/airflow/.local/lib/python3.12/site-packages/airflow/example_dags/example_python_decorator.py
[2026-09-17T18:53:55.028+0000] {logging_mixin.py:190} INFO - [2026-09-17T18:53:55.028+0000] {dag.py:3239} INFO - Sync 1 DAGs
[2026-09-17T18:53:55.047+0000] {logging_mixin.py:190} INFO - [2026-09-17T18:53:55.047+0000] {dag.py:4180} INFO - Setting next_dagrun for example_python_decorator to None, run_after=None
[2026-09-17T18:53:55.077+0000] {processor.py:208} INFO - Processing /home/airflow/.local/lib/python3.12/site-packages/airflow/example_dags/example_python_decorator.py took 0.115 seconds
[2026-09-17T18:54:25.663+0000] {processor.py:186} INFO - Started process (PID=505) to work on /home/airflow/.local/lib/python3.12/site-packages/airflow/example_dags/example_python_decorator.py
[2026-09-17T18:54:25.665+0000] {processor.py:914} INFO - Processing file /home/airflow/.local/lib/python3.12/site-packages/airflow/example_dags/example_python_decorator.py for tasks to queue
[2026-09-17T18:54:25.667+0000] {logging_mixin.py:190} INFO - [2026-09-17T18:54:25.667+0000] {dagbag.py:588} INFO - Filling up the DagBag from /home/airflow/.local/lib/python3.12/site-packages/airflow/example_dags/example_python_decorator.py
[2026-09-17T18:54:25.683+0000] {processor.py:925} INFO - DAG(s) 'example_python_decorator' retrieved from /home/airflow/.local/lib/python3.12/site-packages/airflow/example_dags/example_python_decorator.py
[2026-09-17T18:54:25.712+0000] {logging_mixin.py:190} INFO - [2026-09-17T18:54:25.712+0000] {dag.py:3239} INFO - Sync 1 DAGs
[2026-09-17T18:54:25.730+0000] {logging_mixin.py:190} INFO - [2026-09-17T18:54:25.730+0000] {dag.py:4180} INFO - Setting next_dagrun for example_python_decorator to None, run_after=None
[2026-09-17T18:54:25.756+0000] {processor.py:208} INFO - Processing /home/airflow/.local/lib/python3.12/site-packages/airflow/example_dags/example_python_decorator.py took 0.100 seconds
[2026-09-17T18:54:56.143+0000] {processor.py:186} INFO - Started process (PID=570) to work on /home/airflow/.local/lib/python3.12/site-packages/airflow/example_dags/example_python_decorator.py
[2026-09-17T18:54:56.145+0000] {processor.py:914} INFO - Processing file /home/airflow/.local/lib/python3.12/site-packages/airflow/example_dags/example_python_decorator.py for tasks to queue
[2026-09-17T18:54:56.147+0000] {logging_mixin.py:190} INFO - [2026-09-17T18:54:56.147+0000] {dagbag.py:588} INFO - Filling up the DagBag from /home/airflow/.local/lib/python3.12/site-packages/airflow/example_dags/example_python_decorator.py
[2026-09-17T18:54:56.168+0000] {processor.py:925} INFO - DAG(s) 'example_python_decorator' retrieved from /home/airflow/.local/lib/python3.12/site-packages/airflow/example_dags/example_python_decorator.py
[2026-09-17T18:54:56.196+0000] {logging_mixin.py:190} INFO - [2026-09-17T18:54:56.196+0000] {dag.py:3239} INFO - Sync 1 DAGs
[2026-09-17T18:54:56.212+0000] {logging_mixin.py:190} INFO - [2026-09-17T18:54:56.212+0000] {dag.py:4180} INFO - Setting next_dagrun for example_python_decorator to None, run_after=None
[2026-09-17T18:54:56.240+0000] {processor.py:208} INFO - Processing /home/airflow/.local/lib/python3.12/site-packages/airflow/example_dags/example_python_decorator.py took 0.103 seconds
[2026-09-17T18:55:26.514+0000] {processor.py:186} INFO - Started process (PID=635) to work on /home/airflow/.local/lib/python3.12/site-packages/airflow/example_dags/example_python_decorator.py
[2026-09-17T18:55:26.515+0000] {processor.py:914} INFO - Processing file /home/airflow/.local/lib/python3.12/site-packages/airflow/example_dags/example_python_decorator.py for tasks to queue
[2026-09-17T18:55:26.517+0000] {logging_mixin.py:190} INFO - [2026-09-17T18:55:26.517+0000] {dagbag.py:588} INFO - Filling up the DagBag from /home/airflow/.local/lib/python3.12/site-packages/airflow/example_dags/example_python_decorator.py
[2026-09-17T18:55:26.532+0000] {processor.py:925} INFO - DAG(s) 'example_python_decorator' retrieved from /home/airflow/.local/lib/python3.12/site-packages/airflow/example_dags/example_python_decorator.py
[2026-09-17T18:55:26.561+0000] {logging_mixin.py:190} INFO - [2026-09-17T18:55:26.561+0000] {dag.py:3239} INFO - Sync 1 DAGs
[2026-09-17T18:55:26.576+0000] {logging_mixin.py:190} INFO - [2026-09-17T18:55:26.576+0000] {dag.py:4180} INFO - Setting next_dagrun for example_python_decorator to None, run_after=None
[2026-09-17T18:55:26.598+0000] {processor.py:208} INFO - Processing /home/airflow/.local/lib/python3.12/site-packages/airflow/example_dags/example_python_decorator.py took 0.090 seconds
[2026-09-17T18:55:56.878+0000] {processor.py:186} INFO - Started process (PID=700) to work on /home/airflow/.local/lib/python3.12/site-packages/airflow/example_dags/example_python_decorator.py
[2026-09-17T18:55:56.880+0000] {processor.py:914} INFO - Processing file /home/airflow/.local/lib/python3.12/site-packages/airflow/example_dags/example_python_decorator.py for tasks to queue
[2026-09-17T18:55:56.882+0000] {logging_mixin.py:190} INFO - [2026-09-17T18:55:56.881+0000] {dagbag.py:588} INFO - Filling up the DagBag from /home/airflow/.local/lib/python3.12/site-packages/airflow/example_dags/example_python_decorator.py
[2026-09-17T18:55:56.897+0000] {processor.py:925} INFO - DAG(s) 'example_python_decorator' retrieved from /home/airflow/.local/lib/python3.12/site-packages/airflow/example_dags/example_python_decorator.py
[2026-09-17T18:55:56.926+0000] {logging_mixin.py:190} INFO - [2026-09-17T18:55:56.926+0000] {dag.py:3239} INFO - Sync 1 DAGs
[2026-09-17T18:55:56.941+0000] {logging_mixin.py:190} INFO - [2026-09-17T18:55:56.941+0000] {dag.py:4180} INFO - Setting next_dagrun for example_python_decorator to None, run_after=None
[2026-09-17T18:55:56.966+0000] {processor.py:208} INFO - Processing /home/airflow/.local/lib/python3.12/site-packages/airflow/example_dags/example_python_decorator.py took 0.094 seconds
[2026-09-17T18:56:28.095+0000] {processor.py:186} INFO - Started process (PID=765) to work on /home/airflow/.local/lib/python3.12/site-packages/airflow/example_dags/example_python_decorator.py
[2026-09-17T18:56:28.097+0000] {processor.py:914} INFO - Processing file /home/airflow/.local/lib/python3.12/site-packages/airflow/example_dags/example_python_decorator.py for tasks to queue
[2026-09-17T18:56:28.099+0000] {logging_mixin.py:190} INFO - [2026-09-17T18:56:28.099+0000] {dagbag.py:588} INFO - Filling up the DagBag from /home/airflow/.local/lib/python3.12/site-packages/airflow/example_dags/example_python_decorator.py
[2026-09-17T18:56:28.113+0000] {processor.py:925} INFO - DAG(s) 'example_python_decorator' retrieved from /home/airflow/.local/lib/python3.12/site-packages/airflow/example_dags/example_python_decorator.py
[2026-09-17T18:56:28.141+0000] {logging_mixin.py:190} INFO - [2026-09-17T18:56:28.141+0000] {dag.py:3239} INFO - Sync 1 DAGs
[2026-09-17T18:56:28.155+0000] {logging_mixin.py:190} INFO - [2026-09-17T18:56:28.155+0000] {dag.py:4180} INFO - Setting next_dagrun for example_python_decorator to None, run_after=None
[2026-09-17T18:56:28.177+0000] {processor.py:208} INFO - Processing /home/airflow/.local/lib/python3.12/site-packages/airflow/example_dags/example_python_decorator.py took 0.087 seconds
[2026-09-17T18:56:59.496+0000] {processor.py:186} INFO - Started process (PID=829) to work on /home/airflow/.local/lib/python3.12/site-packages/airflow/example_dags/example_python_decorator.py
[2026-09-17T18:56:59.498+0000] {processor.py:914} INFO - Processing file /home/airflow/.local/lib/python3.12/site-packages/airflow/example_dags/example_python_decorator.py for tasks to queue
[2026-09-17T18:56:59.502+0000] {logging_mixin.py:190} INFO - [2026-09-17T18:56:59.501+0000] {dagbag.py:588} INFO - Filling up the DagBag from /home/airflow/.local/lib/python3.12/site-packages/airflow/example_dags/example_python_decorator.py
[2026-09-17T18:56:59.522+0000] {processor.py:925} INFO - DAG(s) 'example_python_decorator' retrieved from /home/airflow/.local/lib/python3.12/site-packages/airflow/example_dags/example_python_decorator.py
[2026-09-17T18:56:59.561+0000] {logging_mixin.py:190} INFO - [2026-09-17T18:56:59.561+0000] {dag.py:3239} INFO - Sync 1 DAGs
[2026-09-17T18:56:59.580+0000] {logging_mixin.py:190} INFO - [2026-09-17T18:56:59.580+0000] {dag.py:4180} INFO - Setting next_dagrun for example_python_decorator to None, run_after=None
[2026-09-17T18:56:59.608+0000] {processor.py:208} INFO - Processing /home/airflow/.local/lib/python3.12/site-packages/airflow/example_dags/example_python_decorator.py took 0.122 seconds
[2026-09-17T18:57:29.765+0000] {processor.py:186} INFO - Started process (PID=887) to work on /home/airflow/.local/lib/python3.12/site-packages/airflow/example_dags/example_python_decorator.py
[2026-09-17T18:57:29.768+0000] {processor.py:914} INFO - Processing file /home/airflow/.local/lib/python3.12/site-packages/airflow/example_dags/example_python_decorator.py for tasks to queue
[2026-09-17T18:57:29.770+0000] {logging_mixin.py:190} INFO - [2026-09-17T18:57:29.770+0000] {dagbag.py:588} INFO - Filling up the DagBag from /home/airflow/.local/lib/python3.12/site-packages/airflow/example_dags/example_python_decorator.py
[2026-09-17T18:57:29.784+0000] {processor.py:925} INFO - DAG(s) 'example_python_decorator' retrieved from /home/airflow/.local/lib/python3.12/site-packages/airflow/example_dags/example_python_decorator.py
[2026-09-17T18:57:29.812+0000] {logging_mixin.py:190} INFO - [2026-09-17T18:57:29.812+0000] {dag.py:3239} INFO - Sync 1 DAGs
[2026-09-17T18:57:29.827+0000] {logging_mixin.py:190} INFO - [2026-09-17T18:57:29.827+0000] {dag.py:4180} INFO - Setting next_dagrun for example_python_decorator to None, run_after=None
[2026-09-17T18:57:29.849+0000] {processor.py:208} INFO - Processing /home/airflow/.local/lib/python3.12/site-packages/airflow/example_dags/example_python_decorator.py took 0.089 seconds
[2026-09-17T18:58:00.405+0000] {processor.py:186} INFO - Started process (PID=952) to work on /home/airflow/.local/lib/python3.12/site-packages/airflow/example_dags/example_python_decorator.py
[2026-09-17T18:58:00.407+0000] {processor.py:914} INFO - Processing file /home/airflow/.local/lib/python3.12/site-packages/airflow/example_dags/example_python_decorator.py for tasks to queue
[2026-09-17T18:58:00.409+0000] {logging_mixin.py:190} INFO - [2026-09-17T18:58:00.409+0000] {dagbag.py:588} INFO - Filling up the DagBag from /home/airflow/.local/lib/python3.12/site-packages/airflow/example_dags/example_python_decorator.py
[2026-09-17T18:58:00.425+0000] {processor.py:925} INFO - DAG(s) 'example_python_decorator' retrieved from /home/airflow/.local/lib/python3.12/site-packages/airflow/example_dags/example_python_decorator.py
[2026-09-17T18:58:00.461+0000] {logging_mixin.py:190} INFO - [2026-09-17T18:58:00.460+0000] {dag.py:3239} INFO - Sync 1 DAGs
[2026-09-17T18:58:00.485+0000] {logging_mixin.py:190} INFO - [2026-09-17T18:58:00.485+0000] {dag.py:4180} INFO - Setting next_dagrun for example_python_decorator to None, run_after=None
[2026-09-17T18:58:00.515+0000] {processor.py:208} INFO - Processing /home/airflow/.local/lib/python3.12/site-packages/airflow/example_dags/example_python_decorator.py took 0.115 seconds
[2026-09-17T18:58:30.614+0000] {processor.py:186} INFO - Started process (PID=1017) to work on /home/airflow/.local/lib/python3.12/site-packages/airflow/example_dags/example_python_decorator.py
[2026-09-17T18:58:30.615+0000] {processor.py:914} INFO - Processing file /home/airflow/.local/lib/python3.12/site-packages/airflow/example_dags/example_python_decorator.py for tasks to queue
[2026-09-17T18:58:30.618+0000] {logging_mixin.py:190} INFO - [2026-09-17T18:58:30.617+0000] {dagbag.py:588} INFO - Filling up the DagBag from /home/airflow/.local/lib/python3.12/site-packages/airflow/example_dags/example_python_decorator.py
[2026-09-17T18:58:30.633+0000] {processor.py:925} INFO - DAG(s) 'example_python_decorator' retrieved from /home/airflow/.local/lib/python3.12/site-packages/airflow/example_dags/example_python_decorator.py
[2026-09-17T18:58:30.661+0000] {logging_mixin.py:190} INFO - [2026-09-17T18:58:30.661+0000] {dag.py:3239} INFO - Sync 1 DAGs
[2026-09-17T18:58:30.676+0000] {logging_mixin.py:190} INFO - [2026-09-17T18:58:30.676+0000] {dag.py:4180} INFO - Setting next_dagrun for example_python_decorator to None, run_after=None
[2026-09-17T18:58:30.699+0000] {processor.py:208} INFO - Processing /home/airflow/.local/lib/python3.12/site-packages/airflow/example_dags/example_python_decorator.py took 0.091 seconds
[2026-09-17T18:59:01.213+0000] {processor.py:186} INFO - Started process (PID=1082) to work on /home/airflow/.local/lib/python3.12/site-packages/airflow/example_dags/example_python_decorator.py
[2026-09-17T18:59:01.215+0000] {processor.py:914} INFO - Processing file /home/airflow/.local/lib/python3.12/site-packages/airflow/example_dags/example_python_decorator.py for tasks to queue
[2026-09-17T18:59:01.218+0000] {logging_mixin.py:190} INFO - [2026-09-17T18:59:01.217+0000] {dagbag.py:588} INFO - Filling up the DagBag from /home/airflow/.local/lib/python3.12/site-packages/airflow/example_dags/example_python_decorator.py
[2026-09-17T18:59:01.237+0000] {processor.py:925} INFO - DAG(s) 'example_python_decorator' retrieved from /home/airflow/.local/lib/python3.12/site-packages/airflow/example_dags/example_python_decorator.py
[2026-09-17T18:59:01.269+0000] {logging_mixin.py:190} INFO - [2026-09-17T18:59:01.269+0000] {dag.py:3239} INFO - Sync 1 DAGs
[2026-09-17T18:59:01.285+0000] {logging_mixin.py:190} INFO - [2026-09-17T18:59:01.285+0000] {dag.py:4180} INFO - Setting next_dagrun for example_python_decorator to None, run_after=None
[2026-09-17T18:59:01.309+0000] {processor.py:208} INFO - Processing /home/airflow/.local/lib/python3.12/site-packages/airflow/example_dags/example_python_decorator.py took 0.104 seconds
[2026-09-17T18:59:34.474+0000] {processor.py:186} INFO - Started process (PID=1148) to work on /home/airflow/.local/lib/python3.12/site-packages/airflow/example_dags/example_python_decorator.py
[2026-09-17T18:59:34.479+0000] {processor.py:914} INFO - Processing file /home/airflow/.local/lib/python3.12/site-packages/airflow/example_dags/example_python_decorator.py for tasks to queue
[2026-09-17T18:59:34.483+0000] {logging_mixin.py:190} INFO - [2026-09-17T18:59:34.482+0000] {dagbag.py:588} INFO - Filling up the DagBag from /home/airflow/.local/lib/python3.12/site-packages/airflow/example_dags/example_python_decorator.py
[2026-09-17T18:59:34.548+0000] {processor.py:925} INFO - DAG(s) 'example_python_decorator' retrieved from /home/airflow/.local/lib/python3.12/site-packages/airflow/example_dags/example_python_decorator.py
[2026-09-17T18:59:34.618+0000] {logging_mixin.py:190} INFO - [2026-09-17T18:59:34.618+0000] {dag.py:3239} INFO - Sync 1 DAGs
[2026-09-17T18:59:34.691+0000] {logging_mixin.py:190} INFO - [2026-09-17T18:59:34.690+0000] {dag.py:4180} INFO - Setting next_dagrun for example_python_decorator to None, run_after=None
[2026-09-17T18:59:34.784+0000] {processor.py:208} INFO - Processing /home/airflow/.local/lib/python3.12/site-packages/airflow/example_dags/example_python_decorator.py took 0.336 seconds
[2026-09-17T19:00:05.636+0000] {processor.py:186} INFO - Started process (PID=1213) to work on /home/airflow/.local/lib/python3.12/site-packages/airflow/example_dags/example_python_decorator.py
[2026-09-17T19:00:05.638+0000] {processor.py:914} INFO - Processing file /home/airflow/.local/lib/python3.12/site-packages/airflow/example_dags/example_python_decorator.py for tasks to queue
[2026-09-17T19:00:05.641+0000] {logging_mixin.py:190} INFO - [2026-09-17T19:00:05.640+0000] {dagbag.py:588} INFO - Filling up the DagBag from /home/airflow/.local/lib/python3.12/site-packages/airflow/example_dags/example_python_decorator.py
[2026-09-17T19:00:05.658+0000] {processor.py:925} INFO - DAG(s) 'example_python_decorator' retrieved from /home/airflow/.local/lib/python3.12/site-packages/airflow/example_dags/example_python_decorator.py
[2026-09-17T19:00:05.687+0000] {logging_mixin.py:190} INFO - [2026-09-17T19:00:05.687+0000] {dag.py:3239} INFO - Sync 1 DAGs
[2026-09-17T19:00:05.704+0000] {logging_mixin.py:190} INFO - [2026-09-17T19:00:05.703+0000] {dag.py:4180} INFO - Setting next_dagrun for example_python_decorator to None, run_after=None
[2026-09-17T19:00:05.731+0000] {processor.py:208} INFO - Processing /home/airflow/.local/lib/python3.12/site-packages/airflow/example_dags/example_python_decorator.py took 0.101 seconds
[2026-09-17T19:00:35.932+0000] {processor.py:186} INFO - Started process (PID=1278) to work on /home/airflow/.local/lib/python3.12/site-packages/airflow/example_dags/example_python_decorator.py
[2026-09-17T19:00:35.934+0000] {processor.py:914} INFO - Processing file /home/airflow/.local/lib/python3.12/site-packages/airflow/example_dags/example_python_decorator.py for tasks to queue
[2026-09-17T19:00:35.936+0000] {logging_mixin.py:190} INFO - [2026-09-17T19:00:35.936+0000] {dagbag.py:588} INFO - Filling up the DagBag from /home/airflow/.local/lib/python3.12/site-packages/airflow/example_dags/example_python_decorator.py
[2026-09-17T19:00:35.951+0000] {processor.py:925} INFO - DAG(s) 'example_python_decorator' retrieved from /home/airflow/.local/lib/python3.12/site-packages/airflow/example_dags/example_python_decorator.py
[2026-09-17T19:00:35.982+0000] {logging_mixin.py:190} INFO - [2026-09-17T19:00:35.981+0000] {dag.py:3239} INFO - Sync 1 DAGs
[2026-09-17T19:00:35.998+0000] {logging_mixin.py:190} INFO - [2026-09-17T19:00:35.998+0000] {dag.py:4180} INFO - Setting next_dagrun for example_python_decorator to None, run_after=None
[2026-09-17T19:00:36.021+0000] {processor.py:208} INFO - Processing /home/airflow/.local/lib/python3.12/site-packages/airflow/example_dags/example_python_decorator.py took 0.095 seconds
[2026-09-17T19:01:06.776+0000] {processor.py:186} INFO - Started process (PID=1343) to work on /home/airflow/.local/lib/python3.12/site-packages/airflow/example_dags/example_python_decorator.py
[2026-09-17T19:01:06.778+0000] {processor.py:914} INFO - Processing file /home/airflow/.local/lib/python3.12/site-packages/airflow/example_dags/example_python_decorator.py for tasks to queue
[2026-09-17T19:01:06.780+0000] {logging_mixin.py:190} INFO - [2026-09-17T19:01:06.780+0000] {dagbag.py:588} INFO - Filling up the DagBag from /home/airflow/.local/lib/python3.12/site-packages/airflow/example_dags/example_python_decorator.py
[2026-09-17T19:01:06.797+0000] {processor.py:925} INFO - DAG(s) 'example_python_decorator' retrieved from /home/airflow/.local/lib/python3.12/site-packages/airflow/example_dags/example_python_decorator.py
[2026-09-17T19:01:06.825+0000] {logging_mixin.py:190} INFO - [2026-09-17T19:01:06.824+0000] {dag.py:3239} INFO - Sync 1 DAGs
[2026-09-17T19:01:06.841+0000] {logging_mixin.py:190} INFO - [2026-09-17T19:01:06.841+0000] {dag.py:4180} INFO - Setting next_dagrun for example_python_decorator to None, run_after=None
[2026-09-17T19:01:06.863+0000] {processor.py:208} INFO - Processing /home/airflow/.local/lib/python3.12/site-packages/airflow/example_dags/example_python_decorator.py took 0.095 seconds
[2026-09-17T19:01:37.695+0000] {processor.py:186} INFO - Started process (PID=1407) to work on /home/airflow/.local/lib/python3.12/site-packages/airflow/example_dags/example_python_decorator.py
[2026-09-17T19:01:37.700+0000] {processor.py:914} INFO - Processing file /home/airflow/.local/lib/python3.12/site-packages/airflow/example_dags/example_python_decorator.py for tasks to queue
[2026-09-17T19:01:37.703+0000] {logging_mixin.py:190} INFO - [2026-09-17T19:01:37.702+0000] {dagbag.py:588} INFO - Filling up the DagBag from /home/airflow/.local/lib/python3.12/site-packages/airflow/example_dags/example_python_decorator.py
[2026-09-17T19:01:37.735+0000] {processor.py:925} INFO - DAG(s) 'example_python_decorator' retrieved from /home/airflow/.local/lib/python3.12/site-packages/airflow/example_dags/example_python_decorator.py
[2026-09-17T19:01:37.768+0000] {logging_mixin.py:190} INFO - [2026-09-17T19:01:37.767+0000] {dag.py:3239} INFO - Sync 1 DAGs
[2026-09-17T19:01:37.789+0000] {logging_mixin.py:190} INFO - [2026-09-17T19:01:37.789+0000] {dag.py:4180} INFO - Setting next_dagrun for example_python_decorator to None, run_after=None
[2026-09-17T19:01:37.818+0000] {processor.py:208} INFO - Processing /home/airflow/.local/lib/python3.12/site-packages/airflow/example_dags/example_python_decorator.py took 0.137 seconds
[2026-09-17T19:02:07.956+0000] {processor.py:186} INFO - Started process (PID=1465) to work on /home/airflow/.local/lib/python3.12/site-packages/airflow/example_dags/example_python_decorator.py
[2026-09-17T19:02:07.958+0000] {processor.py:914} INFO - Processing file /home/airflow/.local/lib/python3.12/site-packages/airflow/example_dags/example_python_decorator.py for tasks to queue
[2026-09-17T19:02:07.961+0000] {logging_mixin.py:190} INFO - [2026-09-17T19:02:07.960+0000] {dagbag.py:588} INFO - Filling up the DagBag from /home/airflow/.local/lib/python3.12/site-packages/airflow/example_dags/example_python_decorator.py
[2026-09-17T19:02:07.979+0000] {processor.py:925} INFO - DAG(s) 'example_python_decorator' retrieved from /home/airflow/.local/lib/python3.12/site-packages/airflow/example_dags/example_python_decorator.py
[2026-09-17T19:02:08.013+0000] {logging_mixin.py:190} INFO - [2026-09-17T19:02:08.013+0000] {dag.py:3239} INFO - Sync 1 DAGs
[2026-09-17T19:02:08.035+0000] {logging_mixin.py:190} INFO - [2026-09-17T19:02:08.034+0000] {dag.py:4180} INFO - Setting next_dagrun for example_python_decorator to None, run_after=None
[2026-09-17T19:02:08.061+0000] {processor.py:208} INFO - Processing /home/airflow/.local/lib/python3.12/site-packages/airflow/example_dags/example_python_decorator.py took 0.115 seconds
[2026-09-17T19:02:39.050+0000] {processor.py:186} INFO - Started process (PID=1530) to work on /home/airflow/.local/lib/python3.12/site-packages/airflow/example_dags/example_python_decorator.py
[2026-09-17T19:02:39.052+0000] {processor.py:914} INFO - Processing file /home/airflow/.local/lib/python3.12/site-packages/airflow/example_dags/example_python_decorator.py for tasks to queue
[2026-09-17T19:02:39.054+0000] {logging_mixin.py:190} INFO - [2026-09-17T19:02:39.054+0000] {dagbag.py:588} INFO - Filling up the DagBag from /home/airflow/.local/lib/python3.12/site-packages/airflow/example_dags/example_python_decorator.py
[2026-09-17T19:02:39.071+0000] {processor.py:925} INFO - DAG(s) 'example_python_decorator' retrieved from /home/airflow/.local/lib/python3.12/site-packages/airflow/example_dags/example_python_decorator.py
[2026-09-17T19:02:39.098+0000] {logging_mixin.py:190} INFO - [2026-09-17T19:02:39.097+0000] {dag.py:3239} INFO - Sync 1 DAGs
[2026-09-17T19:02:39.115+0000] {logging_mixin.py:190} INFO - [2026-09-17T19:02:39.114+0000] {dag.py:4180} INFO - Setting next_dagrun for example_python_decorator to None, run_after=None
[2026-09-17T19:02:39.138+0000] {processor.py:208} INFO - Processing /home/airflow/.local/lib/python3.12/site-packages/airflow/example_dags/example_python_decorator.py took 0.096 seconds
[2026-09-17T19:03:09.308+0000] {processor.py:186} INFO - Started process (PID=1595) to work on /home/airflow/.local/lib/python3.12/site-packages/airflow/example_dags/example_python_decorator.py
[2026-09-17T19:03:09.311+0000] {processor.py:914} INFO - Processing file /home/airflow/.local/lib/python3.12/site-packages/airflow/example_dags/example_python_decorator.py for tasks to queue
[2026-09-17T19:03:09.313+0000] {logging_mixin.py:190} INFO - [2026-09-17T19:03:09.313+0000] {dagbag.py:588} INFO - Filling up the DagBag from /home/airflow/.local/lib/python3.12/site-packages/airflow/example_dags/example_python_decorator.py
[2026-09-17T19:03:09.334+0000] {processor.py:925} INFO - DAG(s) 'example_python_decorator' retrieved from /home/airflow/.local/lib/python3.12/site-packages/airflow/example_dags/example_python_decorator.py
[2026-09-17T19:03:09.369+0000] {logging_mixin.py:190} INFO - [2026-09-17T19:03:09.369+0000] {dag.py:3239} INFO - Sync 1 DAGs
[2026-09-17T19:03:09.390+0000] {logging_mixin.py:190} INFO - [2026-09-17T19:03:09.389+0000] {dag.py:4180} INFO - Setting next_dagrun for example_python_decorator to None, run_after=None
[2026-09-17T19:03:09.415+0000] {processor.py:208} INFO - Processing /home/airflow/.local/lib/python3.12/site-packages/airflow/example_dags/example_python_decorator.py took 0.117 seconds
[2026-09-17T19:03:39.786+0000] {processor.py:186} INFO - Started process (PID=1660) to work on /home/airflow/.local/lib/python3.12/site-packages/airflow/example_dags/example_python_decorator.py
[2026-09-17T19:03:39.788+0000] {processor.py:914} INFO - Processing file /home/airflow/.local/lib/python3.12/site-packages/airflow/example_dags/example_python_decorator.py for tasks to queue
[2026-09-17T19:03:39.792+0000] {logging_mixin.py:190} INFO - [2026-09-17T19:03:39.791+0000] {dagbag.py:588} INFO - Filling up the DagBag from /home/airflow/.local/lib/python3.12/site-packages/airflow/example_dags/example_python_decorator.py
[2026-09-17T19:03:39.814+0000] {processor.py:925} INFO - DAG(s) 'example_python_decorator' retrieved from /home/airflow/.local/lib/python3.12/site-packages/airflow/example_dags/example_python_decorator.py
[2026-09-17T19:03:39.859+0000] {logging_mixin.py:190} INFO - [2026-09-17T19:03:39.859+0000] {dag.py:3239} INFO - Sync 1 DAGs
[2026-09-17T19:03:39.885+0000] {logging_mixin.py:190} INFO - [2026-09-17T19:03:39.884+0000] {dag.py:4180} INFO - Setting next_dagrun for example_python_decorator to None, run_after=None
[2026-09-17T19:03:39.920+0000] {processor.py:208} INFO - Processing /home/airflow/.local/lib/python3.12/site-packages/airflow/example_dags/example_python_decorator.py took 0.142 seconds
[2026-09-17T19:04:10.384+0000] {processor.py:186} INFO - Started process (PID=1725) to work on /home/airflow/.local/lib/python3.12/site-packages/airflow/example_dags/example_python_decorator.py
[2026-09-17T19:04:10.386+0000] {processor.py:914} INFO - Processing file /home/airflow/.local/lib/python3.12/site-packages/airflow/example_dags/example_python_decorator.py for tasks to queue
[2026-09-17T19:04:10.389+0000] {logging_mixin.py:190} INFO - [2026-09-17T19:04:10.388+0000] {dagbag.py:588} INFO - Filling up the DagBag from /home/airflow/.local/lib/python3.12/site-packages/airflow/example_dags/example_python_decorator.py
[2026-09-17T19:04:10.403+0000] {processor.py:925} INFO - DAG(s) 'example_python_decorator' retrieved from /home/airflow/.local/lib/python3.12/site-packages/airflow/example_dags/example_python_decorator.py
[2026-09-17T19:04:10.428+0000] {logging_mixin.py:190} INFO - [2026-09-17T19:04:10.428+0000] {dag.py:3239} INFO - Sync 1 DAGs
[2026-09-17T19:04:10.442+0000] {logging_mixin.py:190} INFO - [2026-09-17T19:04:10.442+0000] {dag.py:4180} INFO - Setting next_dagrun for example_python_decorator to None, run_after=None
[2026-09-17T19:04:10.466+0000] {processor.py:208} INFO - Processing /home/airflow/.local/lib/python3.12/site-packages/airflow/example_dags/example_python_decorator.py took 0.087 seconds
[2026-09-17T19:04:40.988+0000] {processor.py:186} INFO - Started process (PID=1790) to work on /home/airflow/.local/lib/python3.12/site-packages/airflow/example_dags/example_python_decorator.py
[2026-09-17T19:04:40.990+0000] {processor.py:914} INFO - Processing file /home/airflow/.local/lib/python3.12/site-packages/airflow/example_dags/example_python_decorator.py for tasks to queue
[2026-09-17T19:04:40.993+0000] {logging_mixin.py:190} INFO - [2026-09-17T19:04:40.992+0000] {dagbag.py:588} INFO - Filling up the DagBag from /home/airflow/.local/lib/python3.12/site-packages/airflow/example_dags/example_python_decorator.py
[2026-09-17T19:04:41.012+0000] {processor.py:925} INFO - DAG(s) 'example_python_decorator' retrieved from /home/airflow/.local/lib/python3.12/site-packages/airflow/example_dags/example_python_decorator.py
[2026-09-17T19:04:41.045+0000] {logging_mixin.py:190} INFO - [2026-09-17T19:04:41.044+0000] {dag.py:3239} INFO - Sync 1 DAGs
[2026-09-17T19:04:41.060+0000] {logging_mixin.py:190} INFO - [2026-09-17T19:04:41.060+0000] {dag.py:4180} INFO - Setting next_dagrun for example_python_decorator to None, run_after=None
[2026-09-17T19:04:41.083+0000] {processor.py:208} INFO - Processing /home/airflow/.local/lib/python3.12/site-packages/airflow/example_dags/example_python_decorator.py took 0.103 seconds
[2026-09-17T19:05:11.174+0000] {processor.py:186} INFO - Started process (PID=1855) to work on /home/airflow/.local/lib/python3.12/site-packages/airflow/example_dags/example_python_decorator.py
[2026-09-17T19:05:11.176+0000] {processor.py:914} INFO - Processing file /home/airflow/.local/lib/python3.12/site-packages/airflow/example_dags/example_python_decorator.py for tasks to queue
[2026-09-17T19:05:11.178+0000] {logging_mixin.py:190} INFO - [2026-09-17T19:05:11.178+0000] {dagbag.py:588} INFO - Filling up the DagBag from /home/airflow/.local/lib/python3.12/site-packages/airflow/example_dags/example_python_decorator.py
[2026-09-17T19:05:11.193+0000] {processor.py:925} INFO - DAG(s) 'example_python_decorator' retrieved from /home/airflow/.local/lib/python3.12/site-packages/airflow/example_dags/example_python_decorator.py
[2026-09-17T19:05:11.222+0000] {logging_mixin.py:190} INFO - [2026-09-17T19:05:11.222+0000] {dag.py:3239} INFO - Sync 1 DAGs
[2026-09-17T19:05:11.237+0000] {logging_mixin.py:190} INFO - [2026-09-17T19:05:11.237+0000] {dag.py:4180} INFO - Setting next_dagrun for example_python_decorator to None, run_after=None
[2026-09-17T19:05:11.259+0000] {processor.py:208} INFO - Processing /home/airflow/.local/lib/python3.12/site-packages/airflow/example_dags/example_python_decorator.py took 0.091 seconds
[2026-09-17T19:05:41.582+0000] {processor.py:186} INFO - Started process (PID=1920) to work on /home/airflow/.local/lib/python3.12/site-packages/airflow/example_dags/example_python_decorator.py
[2026-09-17T19:05:41.584+0000] {processor.py:914} INFO - Processing file /home/airflow/.local/lib/python3.12/site-packages/airflow/example_dags/example_python_decorator.py for tasks to queue
[2026-09-17T19:05:41.587+0000] {logging_mixin.py:190} INFO - [2026-09-17T19:05:41.586+0000] {dagbag.py:588} INFO - Filling up the DagBag from /home/airflow/.local/lib/python3.12/site-packages/airflow/example_dags/example_python_decorator.py
[2026-09-17T19:05:41.617+0000] {processor.py:925} INFO - DAG(s) 'example_python_decorator' retrieved from /home/airflow/.local/lib/python3.12/site-packages/airflow/example_dags/example_python_decorator.py
[2026-09-17T19:05:41.660+0000] {logging_mixin.py:190} INFO - [2026-09-17T19:05:41.659+0000] {dag.py:3239} INFO - Sync 1 DAGs
[2026-09-17T19:05:41.682+0000] {logging_mixin.py:190} INFO - [2026-09-17T19:05:41.682+0000] {dag.py:4180} INFO - Setting next_dagrun for example_python_decorator to None, run_after=None
[2026-09-17T19:05:41.711+0000] {processor.py:208} INFO - Processing /home/airflow/.local/lib/python3.12/site-packages/airflow/example_dags/example_python_decorator.py took 0.137 seconds
[2026-09-17T19:06:12.314+0000] {processor.py:186} INFO - Started process (PID=1985) to work on /home/airflow/.local/lib/python3.12/site-packages/airflow/example_dags/example_python_decorator.py
[2026-09-17T19:06:12.317+0000] {processor.py:914} INFO - Processing file /home/airflow/.local/lib/python3.12/site-packages/airflow/example_dags/example_python_decorator.py for tasks to queue
[2026-09-17T19:06:12.320+0000] {logging_mixin.py:190} INFO - [2026-09-17T19:06:12.319+0000] {dagbag.py:588} INFO - Filling up the DagBag from /home/airflow/.local/lib/python3.12/site-packages/airflow/example_dags/example_python_decorator.py
[2026-09-17T19:06:12.336+0000] {processor.py:925} INFO - DAG(s) 'example_python_decorator' retrieved from /home/airflow/.local/lib/python3.12/site-packages/airflow/example_dags/example_python_decorator.py
[2026-09-17T19:06:12.366+0000] {logging_mixin.py:190} INFO - [2026-09-17T19:06:12.366+0000] {dag.py:3239} INFO - Sync 1 DAGs
[2026-09-17T19:06:12.381+0000] {logging_mixin.py:190} INFO - [2026-09-17T19:06:12.380+0000] {dag.py:4180} INFO - Setting next_dagrun for example_python_decorator to None, run_after=None
[2026-09-17T19:06:12.403+0000] {processor.py:208} INFO - Processing /home/airflow/.local/lib/python3.12/site-packages/airflow/example_dags/example_python_decorator.py took 0.094 seconds
[2026-09-17T19:06:42.944+0000] {processor.py:186} INFO - Started process (PID=2049) to work on /home/airflow/.local/lib/python3.12/site-packages/airflow/example_dags/example_python_decorator.py
[2026-09-17T19:06:42.946+0000] {processor.py:914} INFO - Processing file /home/airflow/.local/lib/python3.12/site-packages/airflow/example_dags/example_python_decorator.py for tasks to queue
[2026-09-17T19:06:42.949+0000] {logging_mixin.py:190} INFO - [2026-09-17T19:06:42.948+0000] {dagbag.py:588} INFO - Filling up the DagBag from /home/airflow/.local/lib/python3.12/site-packages/airflow/example_dags/example_python_decorator.py
[2026-09-17T19:06:42.971+0000] {processor.py:925} INFO - DAG(s) 'example_python_decorator' retrieved from /home/airflow/.local/lib/python3.12/site-packages/airflow/example_dags/example_python_decorator.py
[2026-09-17T19:06:43.012+0000] {logging_mixin.py:190} INFO - [2026-09-17T19:06:43.011+0000] {dag.py:3239} INFO - Sync 1 DAGs
[2026-09-17T19:06:43.031+0000] {logging_mixin.py:190} INFO - [2026-09-17T19:06:43.030+0000] {dag.py:4180} INFO - Setting next_dagrun for example_python_decorator to None, run_after=None
[2026-09-17T19:06:43.061+0000] {processor.py:208} INFO - Processing /home/airflow/.local/lib/python3.12/site-packages/airflow/example_dags/example_python_decorator.py took 0.125 seconds
[2026-09-17T19:07:13.435+0000] {processor.py:186} INFO - Started process (PID=2107) to work on /home/airflow/.local/lib/python3.12/site-packages/airflow/example_dags/example_python_decorator.py
[2026-09-17T19:07:13.437+0000] {processor.py:914} INFO - Processing file /home/airflow/.local/lib/python3.12/site-packages/airflow/example_dags/example_python_decorator.py for tasks to queue
[2026-09-17T19:07:13.439+0000] {logging_mixin.py:190} INFO - [2026-09-17T19:07:13.438+0000] {dagbag.py:588} INFO - Filling up the DagBag from /home/airflow/.local/lib/python3.12/site-packages/airflow/example_dags/example_python_decorator.py
[2026-09-17T19:07:13.455+0000] {processor.py:925} INFO - DAG(s) 'example_python_decorator' retrieved from /home/airflow/.local/lib/python3.12/site-packages/airflow/example_dags/example_python_decorator.py
[2026-09-17T19:07:13.484+0000] {logging_mixin.py:190} INFO - [2026-09-17T19:07:13.484+0000] {dag.py:3239} INFO - Sync 1 DAGs
[2026-09-17T19:07:13.499+0000] {logging_mixin.py:190} INFO - [2026-09-17T19:07:13.499+0000] {dag.py:4180} INFO - Setting next_dagrun for example_python_decorator to None, run_after=None
[2026-09-17T19:07:13.524+0000] {processor.py:208} INFO - Processing /home/airflow/.local/lib/python3.12/site-packages/airflow/example_dags/example_python_decorator.py took 0.095 seconds
[2026-09-17T19:07:43.998+0000] {processor.py:186} INFO - Started process (PID=2172) to work on /home/airflow/.local/lib/python3.12/site-packages/airflow/example_dags/example_python_decorator.py
[2026-09-17T19:07:44.000+0000] {processor.py:914} INFO - Processing file /home/airflow/.local/lib/python3.12/site-packages/airflow/example_dags/example_python_decorator.py for tasks to queue
[2026-09-17T19:07:44.002+0000] {logging_mixin.py:190} INFO - [2026-09-17T19:07:44.001+0000] {dagbag.py:588} INFO - Filling up the DagBag from /home/airflow/.local/lib/python3.12/site-packages/airflow/example_dags/example_python_decorator.py
[2026-09-17T19:07:44.019+0000] {processor.py:925} INFO - DAG(s) 'example_python_decorator' retrieved from /home/airflow/.local/lib/python3.12/site-packages/airflow/example_dags/example_python_decorator.py
[2026-09-17T19:07:44.048+0000] {logging_mixin.py:190} INFO - [2026-09-17T19:07:44.048+0000] {dag.py:3239} INFO - Sync 1 DAGs
[2026-09-17T19:07:44.064+0000] {logging_mixin.py:190} INFO - [2026-09-17T19:07:44.064+0000] {dag.py:4180} INFO - Setting next_dagrun for example_python_decorator to None, run_after=None
[2026-09-17T19:07:44.088+0000] {processor.py:208} INFO - Processing /home/airflow/.local/lib/python3.12/site-packages/airflow/example_dags/example_python_decorator.py took 0.098 seconds
[2026-09-17T19:08:14.327+0000] {processor.py:186} INFO - Started process (PID=2237) to work on /home/airflow/.local/lib/python3.12/site-packages/airflow/example_dags/example_python_decorator.py
[2026-09-17T19:08:14.329+0000] {processor.py:914} INFO - Processing file /home/airflow/.local/lib/python3.12/site-packages/airflow/example_dags/example_python_decorator.py for tasks to queue
[2026-09-17T19:08:14.331+0000] {logging_mixin.py:190} INFO - [2026-09-17T19:08:14.331+0000] {dagbag.py:588} INFO - Filling up the DagBag from /home/airflow/.local/lib/python3.12/site-packages/airflow/example_dags/example_python_decorator.py
[2026-09-17T19:08:14.347+0000] {processor.py:925} INFO - DAG(s) 'example_python_decorator' retrieved from /home/airflow/.local/lib/python3.12/site-packages/airflow/example_dags/example_python_decorator.py
[2026-09-17T19:08:14.377+0000] {logging_mixin.py:190} INFO - [2026-09-17T19:08:14.376+0000] {dag.py:3239} INFO - Sync 1 DAGs
[2026-09-17T19:08:14.393+0000] {logging_mixin.py:190} INFO - [2026-09-17T19:08:14.392+0000] {dag.py:4180} INFO - Setting next_dagrun for example_python_decorator to None, run_after=None
[2026-09-17T19:08:14.418+0000] {processor.py:208} INFO - Processing /home/airflow/.local/lib/python3.12/site-packages/airflow/example_dags/example_python_decorator.py took 0.097 seconds
[2026-09-17T19:08:45.098+0000] {processor.py:186} INFO - Started process (PID=2302) to work on /home/airflow/.local/lib/python3.12/site-packages/airflow/example_dags/example_python_decorator.py
[2026-09-17T19:08:45.100+0000] {processor.py:914} INFO - Processing file /home/airflow/.local/lib/python3.12/site-packages/airflow/example_dags/example_python_decorator.py for tasks to queue
[2026-09-17T19:08:45.103+0000] {logging_mixin.py:190} INFO - [2026-09-17T19:08:45.102+0000] {dagbag.py:588} INFO - Filling up the DagBag from /home/airflow/.local/lib/python3.12/site-packages/airflow/example_dags/example_python_decorator.py
[2026-09-17T19:08:45.122+0000] {processor.py:925} INFO - DAG(s) 'example_python_decorator' retrieved from /home/airflow/.local/lib/python3.12/site-packages/airflow/example_dags/example_python_decorator.py
[2026-09-17T19:08:45.152+0000] {logging_mixin.py:190} INFO - [2026-09-17T19:08:45.152+0000] {dag.py:3239} INFO - Sync 1 DAGs
[2026-09-17T19:08:45.169+0000] {logging_mixin.py:190} INFO - [2026-09-17T19:08:45.169+0000] {dag.py:4180} INFO - Setting next_dagrun for example_python_decorator to None, run_after=None
[2026-09-17T19:08:45.193+0000] {processor.py:208} INFO - Processing /home/airflow/.local/lib/python3.12/site-packages/airflow/example_dags/example_python_decorator.py took 0.102 seconds
[2026-09-17T19:09:15.780+0000] {processor.py:186} INFO - Started process (PID=2357) to work on /home/airflow/.local/lib/python3.12/site-packages/airflow/example_dags/example_python_decorator.py
[2026-09-17T19:09:15.782+0000] {processor.py:914} INFO - Processing file /home/airflow/.local/lib/python3.12/site-packages/airflow/example_dags/example_python_decorator.py for tasks to queue
[2026-09-17T19:09:15.784+0000] {logging_mixin.py:190} INFO - [2026-09-17T19:09:15.784+0000] {dagbag.py:588} INFO - Filling up the DagBag from /home/airflow/.local/lib/python3.12/site-packages/airflow/example_dags/example_python_decorator.py
[2026-09-17T19:09:15.808+0000] {processor.py:925} INFO - DAG(s) 'example_python_decorator' retrieved from /home/airflow/.local/lib/python3.12/site-packages/airflow/example_dags/example_python_decorator.py
[2026-09-17T19:09:15.850+0000] {logging_mixin.py:190} INFO - [2026-09-17T19:09:15.849+0000] {dag.py:3239} INFO - Sync 1 DAGs
[2026-09-17T19:09:15.874+0000] {logging_mixin.py:190} INFO - [2026-09-17T19:09:15.874+0000] {dag.py:4180} INFO - Setting next_dagrun for example_python_decorator to None, run_after=None
[2026-09-17T19:09:15.904+0000] {processor.py:208} INFO - Processing /home/airflow/.local/lib/python3.12/site-packages/airflow/example_dags/example_python_decorator.py took 0.131 seconds
[2026-09-17T19:09:46.862+0000] {processor.py:186} INFO - Started process (PID=2422) to work on /home/airflow/.local/lib/python3.12/site-packages/airflow/example_dags/example_python_decorator.py
[2026-09-17T19:09:46.864+0000] {processor.py:914} INFO - Processing file /home/airflow/.local/lib/python3.12/site-packages/airflow/example_dags/example_python_decorator.py for tasks to queue
[2026-09-17T19:09:46.867+0000] {logging_mixin.py:190} INFO - [2026-09-17T19:09:46.866+0000] {dagbag.py:588} INFO - Filling up the DagBag from /home/airflow/.local/lib/python3.12/site-packages/airflow/example_dags/example_python_decorator.py
[2026-09-17T19:09:46.882+0000] {processor.py:925} INFO - DAG(s) 'example_python_decorator' retrieved from /home/airflow/.local/lib/python3.12/site-packages/airflow/example_dags/example_python_decorator.py
[2026-09-17T19:09:46.910+0000] {logging_mixin.py:190} INFO - [2026-09-17T19:09:46.909+0000] {dag.py:3239} INFO - Sync 1 DAGs
[2026-09-17T19:09:46.930+0000] {logging_mixin.py:190} INFO - [2026-09-17T19:09:46.929+0000] {dag.py:4180} INFO - Setting next_dagrun for example_python_decorator to None, run_after=None
[2026-09-17T19:09:46.953+0000] {processor.py:208} INFO - Processing /home/airflow/.local/lib/python3.12/site-packages/airflow/example_dags/example_python_decorator.py took 0.096 seconds
[2026-09-17T19:10:18.276+0000] {processor.py:186} INFO - Started process (PID=2487) to work on /home/airflow/.local/lib/python3.12/site-packages/airflow/example_dags/example_python_decorator.py
[2026-09-17T19:10:18.278+0000] {processor.py:914} INFO - Processing file /home/airflow/.local/lib/python3.12/site-packages/airflow/example_dags/example_python_decorator.py for tasks to queue
[2026-09-17T19:10:18.280+0000] {logging_mixin.py:190} INFO - [2026-09-17T19:10:18.280+0000] {dagbag.py:588} INFO - Filling up the DagBag from /home/airflow/.local/lib/python3.12/site-packages/airflow/example_dags/example_python_decorator.py
[2026-09-17T19:10:18.294+0000] {processor.py:925} INFO - DAG(s) 'example_python_decorator' retrieved from /home/airflow/.local/lib/python3.12/site-packages/airflow/example_dags/example_python_decorator.py
[2026-09-17T19:10:18.321+0000] {logging_mixin.py:190} INFO - [2026-09-17T19:10:18.321+0000] {dag.py:3239} INFO - Sync 1 DAGs
[2026-09-17T19:10:18.336+0000] {logging_mixin.py:190} INFO - [2026-09-17T19:10:18.336+0000] {dag.py:4180} INFO - Setting next_dagrun for example_python_decorator to None, run_after=None
[2026-09-17T19:10:18.368+0000] {processor.py:208} INFO - Processing /home/airflow/.local/lib/python3.12/site-packages/airflow/example_dags/example_python_decorator.py took 0.098 seconds
[2026-09-17T19:10:49.065+0000] {processor.py:186} INFO - Started process (PID=2552) to work on /home/airflow/.local/lib/python3.12/site-packages/airflow/example_dags/example_python_decorator.py
[2026-09-17T19:10:49.068+0000] {processor.py:914} INFO - Processing file /home/airflow/.local/lib/python3.12/site-packages/airflow/example_dags/example_python_decorator.py for tasks to queue
[2026-09-17T19:10:49.070+0000] {logging_mixin.py:190} INFO - [2026-09-17T19:10:49.070+0000] {dagbag.py:588} INFO - Filling up the DagBag from /home/airflow/.local/lib/python3.12/site-packages/airflow/example_dags/example_python_decorator.py
[2026-09-17T19:10:49.089+0000] {processor.py:925} INFO - DAG(s) 'example_python_decorator' retrieved from /home/airflow/.local/lib/python3.12/site-packages/airflow/example_dags/example_python_decorator.py
[2026-09-17T19:10:49.123+0000] {logging_mixin.py:190} INFO - [2026-09-17T19:10:49.123+0000] {dag.py:3239} INFO - Sync 1 DAGs
[2026-09-17T19:10:49.148+0000] {logging_mixin.py:190} INFO - [2026-09-17T19:10:49.147+0000] {dag.py:4180} INFO - Setting next_dagrun for example_python_decorator to None, run_after=None
[2026-09-17T19:10:49.202+0000] {processor.py:208} INFO - Processing /home/airflow/.local/lib/python3.12/site-packages/airflow/example_dags/example_python_decorator.py took 0.144 seconds
[2026-09-17T19:11:20.145+0000] {processor.py:186} INFO - Started process (PID=2616) to work on /home/airflow/.local/lib/python3.12/site-packages/airflow/example_dags/example_python_decorator.py
[2026-09-17T19:11:20.147+0000] {processor.py:914} INFO - Processing file /home/airflow/.local/lib/python3.12/site-packages/airflow/example_dags/example_python_decorator.py for tasks to queue
[2026-09-17T19:11:20.149+0000] {logging_mixin.py:190} INFO - [2026-09-17T19:11:20.149+0000] {dagbag.py:588} INFO - Filling up the DagBag from /home/airflow/.local/lib/python3.12/site-packages/airflow/example_dags/example_python_decorator.py
[2026-09-17T19:11:20.167+0000] {processor.py:925} INFO - DAG(s) 'example_python_decorator' retrieved from /home/airflow/.local/lib/python3.12/site-packages/airflow/example_dags/example_python_decorator.py
[2026-09-17T19:11:20.198+0000] {logging_mixin.py:190} INFO - [2026-09-17T19:11:20.198+0000] {dag.py:3239} INFO - Sync 1 DAGs
[2026-09-17T19:11:20.214+0000] {logging_mixin.py:190} INFO - [2026-09-17T19:11:20.214+0000] {dag.py:4180} INFO - Setting next_dagrun for example_python_decorator to None, run_after=None
[2026-09-17T19:11:20.242+0000] {processor.py:208} INFO - Processing /home/airflow/.local/lib/python3.12/site-packages/airflow/example_dags/example_python_decorator.py took 0.103 seconds
[2026-09-17T19:11:51.705+0000] {processor.py:186} INFO - Started process (PID=2677) to work on /home/airflow/.local/lib/python3.12/site-packages/airflow/example_dags/example_python_decorator.py
[2026-09-17T19:11:51.707+0000] {processor.py:914} INFO - Processing file /home/airflow/.local/lib/python3.12/site-packages/airflow/example_dags/example_python_decorator.py for tasks to queue
[2026-09-17T19:11:51.709+0000] {logging_mixin.py:190} INFO - [2026-09-17T19:11:51.708+0000] {dagbag.py:588} INFO - Filling up the DagBag from /home/airflow/.local/lib/python3.12/site-packages/airflow/example_dags/example_python_decorator.py
[2026-09-17T19:11:51.723+0000] {processor.py:925} INFO - DAG(s) 'example_python_decorator' retrieved from /home/airflow/.local/lib/python3.12/site-packages/airflow/example_dags/example_python_decorator.py
[2026-09-17T19:11:51.751+0000] {logging_mixin.py:190} INFO - [2026-09-17T19:11:51.750+0000] {dag.py:3239} INFO - Sync 1 DAGs
[2026-09-17T19:11:51.766+0000] {logging_mixin.py:190} INFO - [2026-09-17T19:11:51.765+0000] {dag.py:4180} INFO - Setting next_dagrun for example_python_decorator to None, run_after=None
[2026-09-17T19:11:51.789+0000] {processor.py:208} INFO - Processing /home/airflow/.local/lib/python3.12/site-packages/airflow/example_dags/example_python_decorator.py took 0.090 seconds
[2026-09-17T19:12:23.142+0000] {processor.py:186} INFO - Started process (PID=2741) to work on /home/airflow/.local/lib/python3.12/site-packages/airflow/example_dags/example_python_decorator.py
[2026-09-17T19:12:23.144+0000] {processor.py:914} INFO - Processing file /home/airflow/.local/lib/python3.12/site-packages/airflow/example_dags/example_python_decorator.py for tasks to queue
[2026-09-17T19:12:23.147+0000] {logging_mixin.py:190} INFO - [2026-09-17T19:12:23.146+0000] {dagbag.py:588} INFO - Filling up the DagBag from /home/airflow/.local/lib/python3.12/site-packages/airflow/example_dags/example_python_decorator.py
[2026-09-17T19:12:23.164+0000] {processor.py:925} INFO - DAG(s) 'example_python_decorator' retrieved from /home/airflow/.local/lib/python3.12/site-packages/airflow/example_dags/example_python_decorator.py
[2026-09-17T19:12:23.209+0000] {logging_mixin.py:190} INFO - [2026-09-17T19:12:23.208+0000] {dag.py:3239} INFO - Sync 1 DAGs
[2026-09-17T19:12:23.227+0000] {logging_mixin.py:190} INFO - [2026-09-17T19:12:23.227+0000] {dag.py:4180} INFO - Setting next_dagrun for example_python_decorator to None, run_after=None
[2026-09-17T19:12:23.257+0000] {processor.py:208} INFO - Processing /home/airflow/.local/lib/python3.12/site-packages/airflow/example_dags/example_python_decorator.py took 0.122 seconds
[2026-09-17T19:12:53.548+0000] {processor.py:186} INFO - Started process (PID=2796) to work on /home/airflow/.local/lib/python3.12/site-packages/airflow/example_dags/example_python_decorator.py
[2026-09-17T19:12:53.550+0000] {processor.py:914} INFO - Processing file /home/airflow/.local/lib/python3.12/site-packages/airflow/example_dags/example_python_decorator.py for tasks to queue
[2026-09-17T19:12:53.552+0000] {logging_mixin.py:190} INFO - [2026-09-17T19:12:53.551+0000] {dagbag.py:588} INFO - Filling up the DagBag from /home/airflow/.local/lib/python3.12/site-packages/airflow/example_dags/example_python_decorator.py
[2026-09-17T19:12:53.568+0000] {processor.py:925} INFO - DAG(s) 'example_python_decorator' retrieved from /home/airflow/.local/lib/python3.12/site-packages/airflow/example_dags/example_python_decorator.py
[2026-09-17T19:12:53.594+0000] {logging_mixin.py:190} INFO - [2026-09-17T19:12:53.594+0000] {dag.py:3239} INFO - Sync 1 DAGs
[2026-09-17T19:12:53.608+0000] {logging_mixin.py:190} INFO - [2026-09-17T19:12:53.607+0000] {dag.py:4180} INFO - Setting next_dagrun for example_python_decorator to None, run_after=None
[2026-09-17T19:12:53.630+0000] {processor.py:208} INFO - Processing /home/airflow/.local/lib/python3.12/site-packages/airflow/example_dags/example_python_decorator.py took 0.088 seconds
[2026-09-17T19:13:24.373+0000] {processor.py:186} INFO - Started process (PID=2861) to work on /home/airflow/.local/lib/python3.12/site-packages/airflow/example_dags/example_python_decorator.py
[2026-09-17T19:13:24.375+0000] {processor.py:914} INFO - Processing file /home/airflow/.local/lib/python3.12/site-packages/airflow/example_dags/example_python_decorator.py for tasks to queue
[2026-09-17T19:13:24.377+0000] {logging_mixin.py:190} INFO - [2026-09-17T19:13:24.377+0000] {dagbag.py:588} INFO - Filling up the DagBag from /home/airflow/.local/lib/python3.12/site-packages/airflow/example_dags/example_python_decorator.py
[2026-09-17T19:13:24.399+0000] {processor.py:925} INFO - DAG(s) 'example_python_decorator' retrieved from /home/airflow/.local/lib/python3.12/site-packages/airflow/example_dags/example_python_decorator.py
[2026-09-17T19:13:24.432+0000] {logging_mixin.py:190} INFO - [2026-09-17T19:13:24.432+0000] {dag.py:3239} INFO - Sync 1 DAGs
[2026-09-17T19:13:24.449+0000] {logging_mixin.py:190} INFO - [2026-09-17T19:13:24.449+0000] {dag.py:4180} INFO - Setting next_dagrun for example_python_decorator to None, run_after=None
[2026-09-17T19:13:24.475+0000] {processor.py:208} INFO - Processing /home/airflow/.local/lib/python3.12/site-packages/airflow/example_dags/example_python_decorator.py took 0.113 seconds
[2026-09-17T19:13:55.258+0000] {processor.py:186} INFO - Started process (PID=2924) to work on /home/airflow/.local/lib/python3.12/site-packages/airflow/example_dags/example_python_decorator.py
[2026-09-17T19:13:55.262+0000] {processor.py:914} INFO - Processing file /home/airflow/.local/lib/python3.12/site-packages/airflow/example_dags/example_python_decorator.py for tasks to queue
[2026-09-17T19:13:55.266+0000] {logging_mixin.py:190} INFO - [2026-09-17T19:13:55.265+0000] {dagbag.py:588} INFO - Filling up the DagBag from /home/airflow/.local/lib/python3.12/site-packages/airflow/example_dags/example_python_decorator.py
[2026-09-17T19:13:55.300+0000] {processor.py:925} INFO - DAG(s) 'example_python_decorator' retrieved from /home/airflow/.local/lib/python3.12/site-packages/airflow/example_dags/example_python_decorator.py
[2026-09-17T19:13:55.345+0000] {logging_mixin.py:190} INFO - [2026-09-17T19:13:55.345+0000] {dag.py:3239} INFO - Sync 1 DAGs
[2026-09-17T19:13:55.369+0000] {logging_mixin.py:190} INFO - [2026-09-17T19:13:55.369+0000] {dag.py:4180} INFO - Setting next_dagrun for example_python_decorator to None, run_after=None
[2026-09-17T19:13:55.419+0000] {processor.py:208} INFO - Processing /home/airflow/.local/lib/python3.12/site-packages/airflow/example_dags/example_python_decorator.py took 0.180 seconds
[2026-09-17T19:14:26.232+0000] {processor.py:186} INFO - Started process (PID=2988) to work on /home/airflow/.local/lib/python3.12/site-packages/airflow/example_dags/example_python_decorator.py
[2026-09-17T19:14:26.234+0000] {processor.py:914} INFO - Processing file /home/airflow/.local/lib/python3.12/site-packages/airflow/example_dags/example_python_decorator.py for tasks to queue
[2026-09-17T19:14:26.236+0000] {logging_mixin.py:190} INFO - [2026-09-17T19:14:26.236+0000] {dagbag.py:588} INFO - Filling up the DagBag from /home/airflow/.local/lib/python3.12/site-packages/airflow/example_dags/example_python_decorator.py
[2026-09-17T19:14:26.253+0000] {processor.py:925} INFO - DAG(s) 'example_python_decorator' retrieved from /home/airflow/.local/lib/python3.12/site-packages/airflow/example_dags/example_python_decorator.py
[2026-09-17T19:14:26.284+0000] {logging_mixin.py:190} INFO - [2026-09-17T19:14:26.284+0000] {dag.py:3239} INFO - Sync 1 DAGs
[2026-09-17T19:14:26.299+0000] {logging_mixin.py:190} INFO - [2026-09-17T19:14:26.299+0000] {dag.py:4180} INFO - Setting next_dagrun for example_python_decorator to None, run_after=None
[2026-09-17T19:14:26.324+0000] {processor.py:208} INFO - Processing /home/airflow/.local/lib/python3.12/site-packages/airflow/example_dags/example_python_decorator.py took 0.099 seconds
[2026-09-17T19:14:56.974+0000] {processor.py:186} INFO - Started process (PID=3053) to work on /home/airflow/.local/lib/python3.12/site-packages/airflow/example_dags/example_python_decorator.py
[2026-09-17T19:14:56.976+0000] {processor.py:914} INFO - Processing file /home/airflow/.local/lib/python3.12/site-packages/airflow/example_dags/example_python_decorator.py for tasks to queue
[2026-09-17T19:14:56.979+0000] {logging_mixin.py:190} INFO - [2026-09-17T19:14:56.978+0000] {dagbag.py:588} INFO - Filling up the DagBag from /home/airflow/.local/lib/python3.12/site-packages/airflow/example_dags/example_python_decorator.py
[2026-09-17T19:14:56.994+0000] {processor.py:925} INFO - DAG(s) 'example_python_decorator' retrieved from /home/airflow/.local/lib/python3.12/site-packages/airflow/example_dags/example_python_decorator.py
[2026-09-17T19:14:57.023+0000] {logging_mixin.py:190} INFO - [2026-09-17T19:14:57.023+0000] {dag.py:3239} INFO - Sync 1 DAGs
[2026-09-17T19:14:57.039+0000] {logging_mixin.py:190} INFO - [2026-09-17T19:14:57.038+0000] {dag.py:4180} INFO - Setting next_dagrun for example_python_decorator to None, run_after=None
[2026-09-17T19:14:57.063+0000] {processor.py:208} INFO - Processing /home/airflow/.local/lib/python3.12/site-packages/airflow/example_dags/example_python_decorator.py took 0.095 seconds
[2026-09-17T19:15:27.129+0000] {processor.py:186} INFO - Started process (PID=3118) to work on /home/airflow/.local/lib/python3.12/site-packages/airflow/example_dags/example_python_decorator.py
[2026-09-17T19:15:27.131+0000] {processor.py:914} INFO - Processing file /home/airflow/.local/lib/python3.12/site-packages/airflow/example_dags/example_python_decorator.py for tasks to queue
[2026-09-17T19:15:27.133+0000] {logging_mixin.py:190} INFO - [2026-09-17T19:15:27.133+0000] {dagbag.py:588} INFO - Filling up the DagBag from /home/airflow/.local/lib/python3.12/site-packages/airflow/example_dags/example_python_decorator.py
[2026-09-17T19:15:27.151+0000] {processor.py:925} INFO - DAG(s) 'example_python_decorator' retrieved from /home/airflow/.local/lib/python3.12/site-packages/airflow/example_dags/example_python_decorator.py
[2026-09-17T19:15:27.183+0000] {logging_mixin.py:190} INFO - [2026-09-17T19:15:27.182+0000] {dag.py:3239} INFO - Sync 1 DAGs
[2026-09-17T19:15:27.202+0000] {logging_mixin.py:190} INFO - [2026-09-17T19:15:27.202+0000] {dag.py:4180} INFO - Setting next_dagrun for example_python_decorator to None, run_after=None
[2026-09-17T19:15:27.231+0000] {processor.py:208} INFO - Processing /home/airflow/.local/lib/python3.12/site-packages/airflow/example_dags/example_python_decorator.py took 0.109 seconds
[2026-09-17T19:15:57.411+0000] {processor.py:186} INFO - Started process (PID=3183) to work on /home/airflow/.local/lib/python3.12/site-packages/airflow/example_dags/example_python_decorator.py
[2026-09-17T19:15:57.413+0000] {processor.py:914} INFO - Processing file /home/airflow/.local/lib/python3.12/site-packages/airflow/example_dags/example_python_decorator.py for tasks to queue
[2026-09-17T19:15:57.416+0000] {logging_mixin.py:190} INFO - [2026-09-17T19:15:57.415+0000] {dagbag.py:588} INFO - Filling up the DagBag from /home/airflow/.local/lib/python3.12/site-packages/airflow/example_dags/example_python_decorator.py
[2026-09-17T19:15:57.432+0000] {processor.py:925} INFO - DAG(s) 'example_python_decorator' retrieved from /home/airflow/.local/lib/python3.12/site-packages/airflow/example_dags/example_python_decorator.py
[2026-09-17T19:15:57.463+0000] {logging_mixin.py:190} INFO - [2026-09-17T19:15:57.462+0000] {dag.py:3239} INFO - Sync 1 DAGs
[2026-09-17T19:15:57.480+0000] {logging_mixin.py:190} INFO - [2026-09-17T19:15:57.480+0000] {dag.py:4180} INFO - Setting next_dagrun for example_python_decorator to None, run_after=None
[2026-09-17T19:15:57.509+0000] {processor.py:208} INFO - Processing /home/airflow/.local/lib/python3.12/site-packages/airflow/example_dags/example_python_decorator.py took 0.104 seconds
[2026-09-17T19:16:27.675+0000] {processor.py:186} INFO - Started process (PID=3246) to work on /home/airflow/.local/lib/python3.12/site-packages/airflow/example_dags/example_python_decorator.py
[2026-09-17T19:16:27.676+0000] {processor.py:914} INFO - Processing file /home/airflow/.local/lib/python3.12/site-packages/airflow/example_dags/example_python_decorator.py for tasks to queue
[2026-09-17T19:16:27.678+0000] {logging_mixin.py:190} INFO - [2026-09-17T19:16:27.678+0000] {dagbag.py:588} INFO - Filling up the DagBag from /home/airflow/.local/lib/python3.12/site-packages/airflow/example_dags/example_python_decorator.py
[2026-09-17T19:16:27.693+0000] {processor.py:925} INFO - DAG(s) 'example_python_decorator' retrieved from /home/airflow/.local/lib/python3.12/site-packages/airflow/example_dags/example_python_decorator.py
[2026-09-17T19:16:27.720+0000] {logging_mixin.py:190} INFO - [2026-09-17T19:16:27.720+0000] {dag.py:3239} INFO - Sync 1 DAGs
[2026-09-17T19:16:27.735+0000] {logging_mixin.py:190} INFO - [2026-09-17T19:16:27.734+0000] {dag.py:4180} INFO - Setting next_dagrun for example_python_decorator to None, run_after=None
[2026-09-17T19:16:27.756+0000] {processor.py:208} INFO - Processing /home/airflow/.local/lib/python3.12/site-packages/airflow/example_dags/example_python_decorator.py took 0.088 seconds
[2026-09-17T19:16:58.470+0000] {processor.py:186} INFO - Started process (PID=3310) to work on /home/airflow/.local/lib/python3.12/site-packages/airflow/example_dags/example_python_decorator.py
[2026-09-17T19:16:58.471+0000] {processor.py:914} INFO - Processing file /home/airflow/.local/lib/python3.12/site-packages/airflow/example_dags/example_python_decorator.py for tasks to queue
[2026-09-17T19:16:58.474+0000] {logging_mixin.py:190} INFO - [2026-09-17T19:16:58.473+0000] {dagbag.py:588} INFO - Filling up the DagBag from /home/airflow/.local/lib/python3.12/site-packages/airflow/example_dags/example_python_decorator.py
[2026-09-17T19:16:58.491+0000] {processor.py:925} INFO - DAG(s) 'example_python_decorator' retrieved from /home/airflow/.local/lib/python3.12/site-packages/airflow/example_dags/example_python_decorator.py
[2026-09-17T19:16:58.521+0000] {logging_mixin.py:190} INFO - [2026-09-17T19:16:58.520+0000] {dag.py:3239} INFO - Sync 1 DAGs
[2026-09-17T19:16:58.535+0000] {logging_mixin.py:190} INFO - [2026-09-17T19:16:58.535+0000] {dag.py:4180} INFO - Setting next_dagrun for example_python_decorator to None, run_after=None
[2026-09-17T19:16:58.556+0000] {processor.py:208} INFO - Processing /home/airflow/.local/lib/python3.12/site-packages/airflow/example_dags/example_python_decorator.py took 0.093 seconds
[2026-09-17T19:17:28.887+0000] {processor.py:186} INFO - Started process (PID=3375) to work on /home/airflow/.local/lib/python3.12/site-packages/airflow/example_dags/example_python_decorator.py
[2026-09-17T19:17:28.889+0000] {processor.py:914} INFO - Processing file /home/airflow/.local/lib/python3.12/site-packages/airflow/example_dags/example_python_decorator.py for tasks to queue
[2026-09-17T19:17:28.891+0000] {logging_mixin.py:190} INFO - [2026-09-17T19:17:28.891+0000] {dagbag.py:588} INFO - Filling up the DagBag from /home/airflow/.local/lib/python3.12/site-packages/airflow/example_dags/example_python_decorator.py
[2026-09-17T19:17:28.907+0000] {processor.py:925} INFO - DAG(s) 'example_python_decorator' retrieved from /home/airflow/.local/lib/python3.12/site-packages/airflow/example_dags/example_python_decorator.py
[2026-09-17T19:17:28.936+0000] {logging_mixin.py:190} INFO - [2026-09-17T19:17:28.935+0000] {dag.py:3239} INFO - Sync 1 DAGs
[2026-09-17T19:17:28.950+0000] {logging_mixin.py:190} INFO - [2026-09-17T19:17:28.950+0000] {dag.py:4180} INFO - Setting next_dagrun for example_python_decorator to None, run_after=None
[2026-09-17T19:17:28.976+0000] {processor.py:208} INFO - Processing /home/airflow/.local/lib/python3.12/site-packages/airflow/example_dags/example_python_decorator.py took 0.095 seconds
[2026-09-17T19:17:59.112+0000] {processor.py:186} INFO - Started process (PID=3438) to work on /home/airflow/.local/lib/python3.12/site-packages/airflow/example_dags/example_python_decorator.py
[2026-09-17T19:17:59.115+0000] {processor.py:914} INFO - Processing file /home/airflow/.local/lib/python3.12/site-packages/airflow/example_dags/example_python_decorator.py for tasks to queue
[2026-09-17T19:17:59.117+0000] {logging_mixin.py:190} INFO - [2026-09-17T19:17:59.117+0000] {dagbag.py:588} INFO - Filling up the DagBag from /home/airflow/.local/lib/python3.12/site-packages/airflow/example_dags/example_python_decorator.py
[2026-09-17T19:17:59.133+0000] {processor.py:925} INFO - DAG(s) 'example_python_decorator' retrieved from /home/airflow/.local/lib/python3.12/site-packages/airflow/example_dags/example_python_decorator.py
[2026-09-17T19:17:59.167+0000] {logging_mixin.py:190} INFO - [2026-09-17T19:17:59.166+0000] {dag.py:3239} INFO - Sync 1 DAGs
[2026-09-17T19:17:59.188+0000] {logging_mixin.py:190} INFO - [2026-09-17T19:17:59.187+0000] {dag.py:4180} INFO - Setting next_dagrun for example_python_decorator to None, run_after=None
[2026-09-17T19:17:59.215+0000] {processor.py:208} INFO - Processing /home/airflow/.local/lib/python3.12/site-packages/airflow/example_dags/example_python_decorator.py took 0.109 seconds
[2026-09-17T19:18:29.713+0000] {processor.py:186} INFO - Started process (PID=3496) to work on /home/airflow/.local/lib/python3.12/site-packages/airflow/example_dags/example_python_decorator.py
[2026-09-17T19:18:29.716+0000] {processor.py:914} INFO - Processing file /home/airflow/.local/lib/python3.12/site-packages/airflow/example_dags/example_python_decorator.py for tasks to queue
[2026-09-17T19:18:29.718+0000] {logging_mixin.py:190} INFO - [2026-09-17T19:18:29.718+0000] {dagbag.py:588} INFO - Filling up the DagBag from /home/airflow/.local/lib/python3.12/site-packages/airflow/example_dags/example_python_decorator.py
[2026-09-17T19:18:29.738+0000] {processor.py:925} INFO - DAG(s) 'example_python_decorator' retrieved from /home/airflow/.local/lib/python3.12/site-packages/airflow/example_dags/example_python_decorator.py
[2026-09-17T19:18:29.773+0000] {logging_mixin.py:190} INFO - [2026-09-17T19:18:29.773+0000] {dag.py:3239} INFO - Sync 1 DAGs
[2026-09-17T19:18:29.800+0000] {logging_mixin.py:190} INFO - [2026-09-17T19:18:29.796+0000] {dag.py:4180} INFO - Setting next_dagrun for example_python_decorator to None, run_after=None
[2026-09-17T19:18:29.849+0000] {processor.py:208} INFO - Processing /home/airflow/.local/lib/python3.12/site-packages/airflow/example_dags/example_python_decorator.py took 0.143 seconds
[2026-09-17T19:19:00.298+0000] {processor.py:186} INFO - Started process (PID=3561) to work on /home/airflow/.local/lib/python3.12/site-packages/airflow/example_dags/example_python_decorator.py
[2026-09-17T19:19:00.299+0000] {processor.py:914} INFO - Processing file /home/airflow/.local/lib/python3.12/site-packages/airflow/example_dags/example_python_decorator.py for tasks to queue
[2026-09-17T19:19:00.301+0000] {logging_mixin.py:190} INFO - [2026-09-17T19:19:00.301+0000] {dagbag.py:588} INFO - Filling up the DagBag from /home/airflow/.local/lib/python3.12/site-packages/airflow/example_dags/example_python_decorator.py
[2026-09-17T19:19:00.316+0000] {processor.py:925} INFO - DAG(s) 'example_python_decorator' retrieved from /home/airflow/.local/lib/python3.12/site-packages/airflow/example_dags/example_python_decorator.py
[2026-09-17T19:19:00.348+0000] {logging_mixin.py:190} INFO - [2026-09-17T19:19:00.347+0000] {dag.py:3239} INFO - Sync 1 DAGs
[2026-09-17T19:19:00.366+0000] {logging_mixin.py:190} INFO - [2026-09-17T19:19:00.366+0000] {dag.py:4180} INFO - Setting next_dagrun for example_python_decorator to None, run_after=None
[2026-09-17T19:19:00.397+0000] {processor.py:208} INFO - Processing /home/airflow/.local/lib/python3.12/site-packages/airflow/example_dags/example_python_decorator.py took 0.105 seconds
[2026-09-17T19:19:30.580+0000] {processor.py:186} INFO - Started process (PID=3626) to work on /home/airflow/.local/lib/python3.12/site-packages/airflow/example_dags/example_python_decorator.py
[2026-09-17T19:19:30.582+0000] {processor.py:914} INFO - Processing file /home/airflow/.local/lib/python3.12/site-packages/airflow/example_dags/example_python_decorator.py for tasks to queue
[2026-09-17T19:19:30.588+0000] {logging_mixin.py:190} INFO - [2026-09-17T19:19:30.587+0000] {dagbag.py:588} INFO - Filling up the DagBag from /home/airflow/.local/lib/python3.12/site-packages/airflow/example_dags/example_python_decorator.py
[2026-09-17T19:19:30.606+0000] {processor.py:925} INFO - DAG(s) 'example_python_decorator' retrieved from /home/airflow/.local/lib/python3.12/site-packages/airflow/example_dags/example_python_decorator.py
[2026-09-17T19:19:30.640+0000] {logging_mixin.py:190} INFO - [2026-09-17T19:19:30.640+0000] {dag.py:3239} INFO - Sync 1 DAGs
[2026-09-17T19:19:30.654+0000] {logging_mixin.py:190} INFO - [2026-09-17T19:19:30.653+0000] {dag.py:4180} INFO - Setting next_dagrun for example_python_decorator to None, run_after=None
[2026-09-17T19:19:30.674+0000] {processor.py:208} INFO - Processing /home/airflow/.local/lib/python3.12/site-packages/airflow/example_dags/example_python_decorator.py took 0.100 seconds
[2026-09-17T19:20:01.033+0000] {processor.py:186} INFO - Started process (PID=3691) to work on /home/airflow/.local/lib/python3.12/site-packages/airflow/example_dags/example_python_decorator.py
[2026-09-17T19:20:01.035+0000] {processor.py:914} INFO - Processing file /home/airflow/.local/lib/python3.12/site-packages/airflow/example_dags/example_python_decorator.py for tasks to queue
[2026-09-17T19:20:01.038+0000] {logging_mixin.py:190} INFO - [2026-09-17T19:20:01.037+0000] {dagbag.py:588} INFO - Filling up the DagBag from /home/airflow/.local/lib/python3.12/site-packages/airflow/example_dags/example_python_decorator.py
[2026-09-17T19:20:01.053+0000] {processor.py:925} INFO - DAG(s) 'example_python_decorator' retrieved from /home/airflow/.local/lib/python3.12/site-packages/airflow/example_dags/example_python_decorator.py
[2026-09-17T19:20:01.081+0000] {logging_mixin.py:190} INFO - [2026-09-17T19:20:01.081+0000] {dag.py:3239} INFO - Sync 1 DAGs
[2026-09-17T19:20:01.097+0000] {logging_mixin.py:190} INFO - [2026-09-17T19:20:01.096+0000] {dag.py:4180} INFO - Setting next_dagrun for example_python_decorator to None, run_after=None
[2026-09-17T19:20:01.120+0000] {processor.py:208} INFO - Processing /home/airflow/.local/lib/python3.12/site-packages/airflow/example_dags/example_python_decorator.py took 0.093 seconds
[2026-09-17T19:20:31.859+0000] {processor.py:186} INFO - Started process (PID=3756) to work on /home/airflow/.local/lib/python3.12/site-packages/airflow/example_dags/example_python_decorator.py
[2026-09-17T19:20:31.860+0000] {processor.py:914} INFO - Processing file /home/airflow/.local/lib/python3.12/site-packages/airflow/example_dags/example_python_decorator.py for tasks to queue
[2026-09-17T19:20:31.862+0000] {logging_mixin.py:190} INFO - [2026-09-17T19:20:31.862+0000] {dagbag.py:588} INFO - Filling up the DagBag from /home/airflow/.local/lib/python3.12/site-packages/airflow/example_dags/example_python_decorator.py
[2026-09-17T19:20:31.878+0000] {processor.py:925} INFO - DAG(s) 'example_python_decorator' retrieved from /home/airflow/.local/lib/python3.12/site-packages/airflow/example_dags/example_python_decorator.py
[2026-09-17T19:20:31.920+0000] {logging_mixin.py:190} INFO - [2026-09-17T19:20:31.920+0000] {dag.py:3239} INFO - Sync 1 DAGs
[2026-09-17T19:20:31.944+0000] {logging_mixin.py:190} INFO - [2026-09-17T19:20:31.944+0000] {dag.py:4180} INFO - Setting next_dagrun for example_python_decorator to None, run_after=None
[2026-09-17T19:20:31.978+0000] {processor.py:208} INFO - Processing /home/airflow/.local/lib/python3.12/site-packages/airflow/example_dags/example_python_decorator.py took 0.124 seconds
[2026-09-17T19:21:02.439+0000] {processor.py:186} INFO - Started process (PID=3821) to work on /home/airflow/.local/lib/python3.12/site-packages/airflow/example_dags/example_python_decorator.py
[2026-09-17T19:21:02.442+0000] {processor.py:914} INFO - Processing file /home/airflow/.local/lib/python3.12/site-packages/airflow/example_dags/example_python_decorator.py for tasks to queue
[2026-09-17T19:21:02.445+0000] {logging_mixin.py:190} INFO - [2026-09-17T19:21:02.444+0000] {dagbag.py:588} INFO - Filling up the DagBag from /home/airflow/.local/lib/python3.12/site-packages/airflow/example_dags/example_python_decorator.py
[2026-09-17T19:21:02.466+0000] {processor.py:925} INFO - DAG(s) 'example_python_decorator' retrieved from /home/airflow/.local/lib/python3.12/site-packages/airflow/example_dags/example_python_decorator.py
[2026-09-17T19:21:02.501+0000] {logging_mixin.py:190} INFO - [2026-09-17T19:21:02.501+0000] {dag.py:3239} INFO - Sync 1 DAGs
[2026-09-17T19:21:02.528+0000] {logging_mixin.py:190} INFO - [2026-09-17T19:21:02.527+0000] {dag.py:4180} INFO - Setting next_dagrun for example_python_decorator to None, run_after=None
[2026-09-17T19:21:02.560+0000] {processor.py:208} INFO - Processing /home/airflow/.local/lib/python3.12/site-packages/airflow/example_dags/example_python_decorator.py took 0.128 seconds
[2026-09-17T19:21:32.627+0000] {processor.py:186} INFO - Started process (PID=3886) to work on /home/airflow/.local/lib/python3.12/site-packages/airflow/example_dags/example_python_decorator.py
[2026-09-17T19:21:32.629+0000] {processor.py:914} INFO - Processing file /home/airflow/.local/lib/python3.12/site-packages/airflow/example_dags/example_python_decorator.py for tasks to queue
[2026-09-17T19:21:32.632+0000] {logging_mixin.py:190} INFO - [2026-09-17T19:21:32.631+0000] {dagbag.py:588} INFO - Filling up the DagBag from /home/airflow/.local/lib/python3.12/site-packages/airflow/example_dags/example_python_decorator.py
[2026-09-17T19:21:32.651+0000] {processor.py:925} INFO - DAG(s) 'example_python_decorator' retrieved from /home/airflow/.local/lib/python3.12/site-packages/airflow/example_dags/example_python_decorator.py
[2026-09-17T19:21:32.685+0000] {logging_mixin.py:190} INFO - [2026-09-17T19:21:32.684+0000] {dag.py:3239} INFO - Sync 1 DAGs
[2026-09-17T19:21:32.702+0000] {logging_mixin.py:190} INFO - [2026-09-17T19:21:32.702+0000] {dag.py:4180} INFO - Setting next_dagrun for example_python_decorator to None, run_after=None
[2026-09-17T19:21:32.729+0000] {processor.py:208} INFO - Processing /home/airflow/.local/lib/python3.12/site-packages/airflow/example_dags/example_python_decorator.py took 0.108 seconds
[2026-09-17T19:22:03.269+0000] {processor.py:186} INFO - Started process (PID=3951) to work on /home/airflow/.local/lib/python3.12/site-packages/airflow/example_dags/example_python_decorator.py
[2026-09-17T19:22:03.271+0000] {processor.py:914} INFO - Processing file /home/airflow/.local/lib/python3.12/site-packages/airflow/example_dags/example_python_decorator.py for tasks to queue
[2026-09-17T19:22:03.274+0000] {logging_mixin.py:190} INFO - [2026-09-17T19:22:03.273+0000] {dagbag.py:588} INFO - Filling up the DagBag from /home/airflow/.local/lib/python3.12/site-packages/airflow/example_dags/example_python_decorator.py
[2026-09-17T19:22:03.291+0000] {processor.py:925} INFO - DAG(s) 'example_python_decorator' retrieved from /home/airflow/.local/lib/python3.12/site-packages/airflow/example_dags/example_python_decorator.py
[2026-09-17T19:22:03.320+0000] {logging_mixin.py:190} INFO - [2026-09-17T19:22:03.320+0000] {dag.py:3239} INFO - Sync 1 DAGs
[2026-09-17T19:22:03.335+0000] {logging_mixin.py:190} INFO - [2026-09-17T19:22:03.335+0000] {dag.py:4180} INFO - Setting next_dagrun for example_python_decorator to None, run_after=None
[2026-09-17T19:22:03.362+0000] {processor.py:208} INFO - Processing /home/airflow/.local/lib/python3.12/site-packages/airflow/example_dags/example_python_decorator.py took 0.101 seconds
[2026-09-17T19:22:34.275+0000] {processor.py:186} INFO - Started process (PID=4016) to work on /home/airflow/.local/lib/python3.12/site-packages/airflow/example_dags/example_python_decorator.py
[2026-09-17T19:22:34.276+0000] {processor.py:914} INFO - Processing file /home/airflow/.local/lib/python3.12/site-packages/airflow/example_dags/example_python_decorator.py for tasks to queue
[2026-09-17T19:22:34.279+0000] {logging_mixin.py:190} INFO - [2026-09-17T19:22:34.278+0000] {dagbag.py:588} INFO - Filling up the DagBag from /home/airflow/.local/lib/python3.12/site-packages/airflow/example_dags/example_python_decorator.py
[2026-09-17T19:22:34.299+0000] {processor.py:925} INFO - DAG(s) 'example_python_decorator' retrieved from /home/airflow/.local/lib/python3.12/site-packages/airflow/example_dags/example_python_decorator.py
[2026-09-17T19:22:34.333+0000] {logging_mixin.py:190} INFO - [2026-09-17T19:22:34.333+0000] {dag.py:3239} INFO - Sync 1 DAGs
[2026-09-17T19:22:34.351+0000] {logging_mixin.py:190} INFO - [2026-09-17T19:22:34.350+0000] {dag.py:4180} INFO - Setting next_dagrun for example_python_decorator to None, run_after=None
[2026-09-17T19:22:34.381+0000] {processor.py:208} INFO - Processing /home/airflow/.local/lib/python3.12/site-packages/airflow/example_dags/example_python_decorator.py took 0.114 seconds
[2026-09-17T19:23:04.861+0000] {processor.py:186} INFO - Started process (PID=4081) to work on /home/airflow/.local/lib/python3.12/site-packages/airflow/example_dags/example_python_decorator.py
[2026-09-17T19:23:04.863+0000] {processor.py:914} INFO - Processing file /home/airflow/.local/lib/python3.12/site-packages/airflow/example_dags/example_python_decorator.py for tasks to queue
[2026-09-17T19:23:04.866+0000] {logging_mixin.py:190} INFO - [2026-09-17T19:23:04.865+0000] {dagbag.py:588} INFO - Filling up the DagBag from /home/airflow/.local/lib/python3.12/site-packages/airflow/example_dags/example_python_decorator.py
[2026-09-17T19:23:04.883+0000] {processor.py:925} INFO - DAG(s) 'example_python_decorator' retrieved from /home/airflow/.local/lib/python3.12/site-packages/airflow/example_dags/example_python_decorator.py
[2026-09-17T19:23:04.914+0000] {logging_mixin.py:190} INFO - [2026-09-17T19:23:04.913+0000] {dag.py:3239} INFO - Sync 1 DAGs
[2026-09-17T19:23:04.930+0000] {logging_mixin.py:190} INFO - [2026-09-17T19:23:04.929+0000] {dag.py:4180} INFO - Setting next_dagrun for example_python_decorator to None, run_after=None
[2026-09-17T19:23:04.955+0000] {processor.py:208} INFO - Processing /home/airflow/.local/lib/python3.12/site-packages/airflow/example_dags/example_python_decorator.py took 0.099 seconds
[2026-09-17T19:23:35.114+0000] {processor.py:186} INFO - Started process (PID=4146) to work on /home/airflow/.local/lib/python3.12/site-packages/airflow/example_dags/example_python_decorator.py
[2026-09-17T19:23:35.116+0000] {processor.py:914} INFO - Processing file /home/airflow/.local/lib/python3.12/site-packages/airflow/example_dags/example_python_decorator.py for tasks to queue
[2026-09-17T19:23:35.117+0000] {logging_mixin.py:190} INFO - [2026-09-17T19:23:35.117+0000] {dagbag.py:588} INFO - Filling up the DagBag from /home/airflow/.local/lib/python3.12/site-packages/airflow/example_dags/example_python_decorator.py
[2026-09-17T19:23:35.133+0000] {processor.py:925} INFO - DAG(s) 'example_python_decorator' retrieved from /home/airflow/.local/lib/python3.12/site-packages/airflow/example_dags/example_python_decorator.py
[2026-09-17T19:23:35.159+0000] {logging_mixin.py:190} INFO - [2026-09-17T19:23:35.159+0000] {dag.py:3239} INFO - Sync 1 DAGs
[2026-09-17T19:23:35.175+0000] {logging_mixin.py:190} INFO - [2026-09-17T19:23:35.174+0000] {dag.py:4180} INFO - Setting next_dagrun for example_python_decorator to None, run_after=None
[2026-09-17T19:23:35.199+0000] {processor.py:208} INFO - Processing /home/airflow/.local/lib/python3.12/site-packages/airflow/example_dags/example_python_decorator.py took 0.091 seconds
[2026-09-17T19:24:05.797+0000] {processor.py:186} INFO - Started process (PID=4210) to work on /home/airflow/.local/lib/python3.12/site-packages/airflow/example_dags/example_python_decorator.py
[2026-09-17T19:24:05.799+0000] {processor.py:914} INFO - Processing file /home/airflow/.local/lib/python3.12/site-packages/airflow/example_dags/example_python_decorator.py for tasks to queue
[2026-09-17T19:24:05.801+0000] {logging_mixin.py:190} INFO - [2026-09-17T19:24:05.800+0000] {dagbag.py:588} INFO - Filling up the DagBag from /home/airflow/.local/lib/python3.12/site-packages/airflow/example_dags/example_python_decorator.py
[2026-09-17T19:24:05.817+0000] {processor.py:925} INFO - DAG(s) 'example_python_decorator' retrieved from /home/airflow/.local/lib/python3.12/site-packages/airflow/example_dags/example_python_decorator.py
[2026-09-17T19:24:05.849+0000] {logging_mixin.py:190} INFO - [2026-09-17T19:24:05.848+0000] {dag.py:3239} INFO - Sync 1 DAGs
[2026-09-17T19:24:05.868+0000] {logging_mixin.py:190} INFO - [2026-09-17T19:24:05.867+0000] {dag.py:4180} INFO - Setting next_dagrun for example_python_decorator to None, run_after=None
[2026-09-17T19:24:05.895+0000] {processor.py:208} INFO - Processing /home/airflow/.local/lib/python3.12/site-packages/airflow/example_dags/example_python_decorator.py took 0.104 seconds
[2026-09-17T19:24:35.969+0000] {processor.py:186} INFO - Started process (PID=4268) to work on /home/airflow/.local/lib/python3.12/site-packages/airflow/example_dags/example_python_decorator.py
[2026-09-17T19:24:35.971+0000] {processor.py:914} INFO - Processing file /home/airflow/.local/lib/python3.12/site-packages/airflow/example_dags/example_python_decorator.py for tasks to queue
[2026-09-17T19:24:35.974+0000] {logging_mixin.py:190} INFO - [2026-09-17T19:24:35.973+0000] {dagbag.py:588} INFO - Filling up the DagBag from /home/airflow/.local/lib/python3.12/site-packages/airflow/example_dags/example_python_decorator.py
[2026-09-17T19:24:35.993+0000] {processor.py:925} INFO - DAG(s) 'example_python_decorator' retrieved from /home/airflow/.local/lib/python3.12/site-packages/airflow/example_dags/example_python_decorator.py
[2026-09-17T19:24:36.027+0000] {logging_mixin.py:190} INFO - [2026-09-17T19:24:36.026+0000] {dag.py:3239} INFO - Sync 1 DAGs
[2026-09-17T19:24:36.045+0000] {logging_mixin.py:190} INFO - [2026-09-17T19:24:36.045+0000] {dag.py:4180} INFO - Setting next_dagrun for example_python_decorator to None, run_after=None
[2026-09-17T19:24:36.076+0000] {processor.py:208} INFO - Processing /home/airflow/.local/lib/python3.12/site-packages/airflow/example_dags/example_python_decorator.py took 0.113 seconds
[2026-09-17T19:25:06.196+0000] {processor.py:186} INFO - Started process (PID=4333) to work on /home/airflow/.local/lib/python3.12/site-packages/airflow/example_dags/example_python_decorator.py
[2026-09-17T19:25:06.199+0000] {processor.py:914} INFO - Processing file /home/airflow/.local/lib/python3.12/site-packages/airflow/example_dags/example_python_decorator.py for tasks to queue
[2026-09-17T19:25:06.202+0000] {logging_mixin.py:190} INFO - [2026-09-17T19:25:06.201+0000] {dagbag.py:588} INFO - Filling up the DagBag from /home/airflow/.local/lib/python3.12/site-packages/airflow/example_dags/example_python_decorator.py
[2026-09-17T19:25:06.220+0000] {processor.py:925} INFO - DAG(s) 'example_python_decorator' retrieved from /home/airflow/.local/lib/python3.12/site-packages/airflow/example_dags/example_python_decorator.py
[2026-09-17T19:25:06.252+0000] {logging_mixin.py:190} INFO - [2026-09-17T19:25:06.251+0000] {dag.py:3239} INFO - Sync 1 DAGs
[2026-09-17T19:25:06.269+0000] {logging_mixin.py:190} INFO - [2026-09-17T19:25:06.269+0000] {dag.py:4180} INFO - Setting next_dagrun for example_python_decorator to None, run_after=None
[2026-09-17T19:25:06.298+0000] {processor.py:208} INFO - Processing /home/airflow/.local/lib/python3.12/site-packages/airflow/example_dags/example_python_decorator.py took 0.109 seconds
[2026-09-17T19:25:36.970+0000] {processor.py:186} INFO - Started process (PID=4398) to work on /home/airflow/.local/lib/python3.12/site-packages/airflow/example_dags/example_python_decorator.py
[2026-09-17T19:25:36.972+0000] {processor.py:914} INFO - Processing file /home/airflow/.local/lib/python3.12/site-packages/airflow/example_dags/example_python_decorator.py for tasks to queue
[2026-09-17T19:25:36.974+0000] {logging_mixin.py:190} INFO - [2026-09-17T19:25:36.974+0000] {dagbag.py:588} INFO - Filling up the DagBag from /home/airflow/.local/lib/python3.12/site-packages/airflow/example_dags/example_python_decorator.py
[2026-09-17T19:25:36.992+0000] {processor.py:925} INFO - DAG(s) 'example_python_decorator' retrieved from /home/airflow/.local/lib/python3.12/site-packages/airflow/example_dags/example_python_decorator.py
[2026-09-17T19:25:37.023+0000] {logging_mixin.py:190} INFO - [2026-09-17T19:25:37.022+0000] {dag.py:3239} INFO - Sync 1 DAGs
[2026-09-17T19:25:37.039+0000] {logging_mixin.py:190} INFO - [2026-09-17T19:25:37.039+0000] {dag.py:4180} INFO - Setting next_dagrun for example_python_decorator to None, run_after=None
[2026-09-17T19:25:37.068+0000] {processor.py:208} INFO - Processing /home/airflow/.local/lib/python3.12/site-packages/airflow/example_dags/example_python_decorator.py took 0.104 seconds
[2026-09-17T19:26:07.286+0000] {processor.py:186} INFO - Started process (PID=4464) to work on /home/airflow/.local/lib/python3.12/site-packages/airflow/example_dags/example_python_decorator.py
[2026-09-17T19:26:07.288+0000] {processor.py:914} INFO - Processing file /home/airflow/.local/lib/python3.12/site-packages/airflow/example_dags/example_python_decorator.py for tasks to queue
[2026-09-17T19:26:07.290+0000] {logging_mixin.py:190} INFO - [2026-09-17T19:26:07.290+0000] {dagbag.py:588} INFO - Filling up the DagBag from /home/airflow/.local/lib/python3.12/site-packages/airflow/example_dags/example_python_decorator.py
[2026-09-17T19:26:07.309+0000] {processor.py:925} INFO - DAG(s) 'example_python_decorator' retrieved from /home/airflow/.local/lib/python3.12/site-packages/airflow/example_dags/example_python_decorator.py
[2026-09-17T19:26:07.346+0000] {logging_mixin.py:190} INFO - [2026-09-17T19:26:07.346+0000] {dag.py:3239} INFO - Sync 1 DAGs
[2026-09-17T19:26:07.364+0000] {logging_mixin.py:190} INFO - [2026-09-17T19:26:07.364+0000] {dag.py:4180} INFO - Setting next_dagrun for example_python_decorator to None, run_after=None
[2026-09-17T19:26:07.390+0000] {processor.py:208} INFO - Processing /home/airflow/.local/lib/python3.12/site-packages/airflow/example_dags/example_python_decorator.py took 0.111 seconds
[2026-09-17T19:26:38.131+0000] {processor.py:186} INFO - Started process (PID=4529) to work on /home/airflow/.local/lib/python3.12/site-packages/airflow/example_dags/example_python_decorator.py
[2026-09-17T19:26:38.135+0000] {processor.py:914} INFO - Processing file /home/airflow/.local/lib/python3.12/site-packages/airflow/example_dags/example_python_decorator.py for tasks to queue
[2026-09-17T19:26:38.137+0000] {logging_mixin.py:190} INFO - [2026-09-17T19:26:38.137+0000] {dagbag.py:588} INFO - Filling up the DagBag from /home/airflow/.local/lib/python3.12/site-packages/airflow/example_dags/example_python_decorator.py
[2026-09-17T19:26:38.157+0000] {processor.py:925} INFO - DAG(s) 'example_python_decorator' retrieved from /home/airflow/.local/lib/python3.12/site-packages/airflow/example_dags/example_python_decorator.py
[2026-09-17T19:26:38.190+0000] {logging_mixin.py:190} INFO - [2026-09-17T19:26:38.190+0000] {dag.py:3239} INFO - Sync 1 DAGs
[2026-09-17T19:26:38.380+0000] {logging_mixin.py:190} INFO - [2026-09-17T19:26:38.379+0000] {dag.py:4180} INFO - Setting next_dagrun for example_python_decorator to None, run_after=None
[2026-09-17T19:26:38.405+0000] {processor.py:208} INFO - Processing /home/airflow/.local/lib/python3.12/site-packages/airflow/example_dags/example_python_decorator.py took 0.281 seconds
[2026-09-17T19:27:09.092+0000] {processor.py:186} INFO - Started process (PID=4593) to work on /home/airflow/.local/lib/python3.12/site-packages/airflow/example_dags/example_python_decorator.py
[2026-09-17T19:27:09.094+0000] {processor.py:914} INFO - Processing file /home/airflow/.local/lib/python3.12/site-packages/airflow/example_dags/example_python_decorator.py for tasks to queue
[2026-09-17T19:27:09.096+0000] {logging_mixin.py:190} INFO - [2026-09-17T19:27:09.096+0000] {dagbag.py:588} INFO - Filling up the DagBag from /home/airflow/.local/lib/python3.12/site-packages/airflow/example_dags/example_python_decorator.py
[2026-09-17T19:27:09.112+0000] {processor.py:925} INFO - DAG(s) 'example_python_decorator' retrieved from /home/airflow/.local/lib/python3.12/site-packages/airflow/example_dags/example_python_decorator.py
[2026-09-17T19:27:09.143+0000] {logging_mixin.py:190} INFO - [2026-09-17T19:27:09.142+0000] {dag.py:3239} INFO - Sync 1 DAGs
[2026-09-17T19:27:09.161+0000] {logging_mixin.py:190} INFO - [2026-09-17T19:27:09.161+0000] {dag.py:4180} INFO - Setting next_dagrun for example_python_decorator to None, run_after=None
[2026-09-17T19:27:09.187+0000] {processor.py:208} INFO - Processing /home/airflow/.local/lib/python3.12/site-packages/airflow/example_dags/example_python_decorator.py took 0.101 seconds
[2026-09-17T19:27:40.053+0000] {processor.py:186} INFO - Started process (PID=4658) to work on /home/airflow/.local/lib/python3.12/site-packages/airflow/example_dags/example_python_decorator.py
[2026-09-17T19:27:40.055+0000] {processor.py:914} INFO - Processing file /home/airflow/.local/lib/python3.12/site-packages/airflow/example_dags/example_python_decorator.py for tasks to queue
[2026-09-17T19:27:40.058+0000] {logging_mixin.py:190} INFO - [2026-09-17T19:27:40.058+0000] {dagbag.py:588} INFO - Filling up the DagBag from /home/airflow/.local/lib/python3.12/site-packages/airflow/example_dags/example_python_decorator.py
[2026-09-17T19:27:40.073+0000] {processor.py:925} INFO - DAG(s) 'example_python_decorator' retrieved from /home/airflow/.local/lib/python3.12/site-packages/airflow/example_dags/example_python_decorator.py
[2026-09-17T19:27:40.103+0000] {logging_mixin.py:190} INFO - [2026-09-17T19:27:40.103+0000] {dag.py:3239} INFO - Sync 1 DAGs
[2026-09-17T19:27:40.121+0000] {logging_mixin.py:190} INFO - [2026-09-17T19:27:40.120+0000] {dag.py:4180} INFO - Setting next_dagrun for example_python_decorator to None, run_after=None
[2026-09-17T19:27:40.144+0000] {processor.py:208} INFO - Processing /home/airflow/.local/lib/python3.12/site-packages/airflow/example_dags/example_python_decorator.py took 0.097 seconds
[2026-09-17T19:28:10.721+0000] {processor.py:186} INFO - Started process (PID=4723) to work on /home/airflow/.local/lib/python3.12/site-packages/airflow/example_dags/example_python_decorator.py
[2026-09-17T19:28:10.723+0000] {processor.py:914} INFO - Processing file /home/airflow/.local/lib/python3.12/site-packages/airflow/example_dags/example_python_decorator.py for tasks to queue
[2026-09-17T19:28:10.726+0000] {logging_mixin.py:190} INFO - [2026-09-17T19:28:10.726+0000] {dagbag.py:588} INFO - Filling up the DagBag from /home/airflow/.local/lib/python3.12/site-packages/airflow/example_dags/example_python_decorator.py
[2026-09-17T19:28:10.746+0000] {processor.py:925} INFO - DAG(s) 'example_python_decorator' retrieved from /home/airflow/.local/lib/python3.12/site-packages/airflow/example_dags/example_python_decorator.py
[2026-09-17T19:28:10.777+0000] {logging_mixin.py:190} INFO - [2026-09-17T19:28:10.776+0000] {dag.py:3239} INFO - Sync 1 DAGs
[2026-09-17T19:28:10.793+0000] {logging_mixin.py:190} INFO - [2026-09-17T19:28:10.793+0000] {dag.py:4180} INFO - Setting next_dagrun for example_python_decorator to None, run_after=None
[2026-09-17T19:28:10.818+0000] {processor.py:208} INFO - Processing /home/airflow/.local/lib/python3.12/site-packages/airflow/example_dags/example_python_decorator.py took 0.103 seconds
[2026-09-17T19:48:17.876+0000] {processor.py:186} INFO - Started process (PID=59) to work on /home/airflow/.local/lib/python3.12/site-packages/airflow/example_dags/example_python_decorator.py
[2026-09-17T19:48:17.878+0000] {processor.py:914} INFO - Processing file /home/airflow/.local/lib/python3.12/site-packages/airflow/example_dags/example_python_decorator.py for tasks to queue
[2026-09-17T19:48:17.882+0000] {logging_mixin.py:190} INFO - [2026-09-17T19:48:17.881+0000] {dagbag.py:588} INFO - Filling up the DagBag from /home/airflow/.local/lib/python3.12/site-packages/airflow/example_dags/example_python_decorator.py
[2026-09-17T19:48:17.904+0000] {processor.py:925} INFO - DAG(s) 'example_python_decorator' retrieved from /home/airflow/.local/lib/python3.12/site-packages/airflow/example_dags/example_python_decorator.py
[2026-09-17T19:48:18.108+0000] {logging_mixin.py:190} INFO - [2026-09-17T19:48:18.107+0000] {dag.py:3239} INFO - Sync 1 DAGs
[2026-09-17T19:48:18.131+0000] {logging_mixin.py:190} INFO - [2026-09-17T19:48:18.130+0000] {dag.py:4180} INFO - Setting next_dagrun for example_python_decorator to None, run_after=None
[2026-09-17T19:48:18.180+0000] {processor.py:208} INFO - Processing /home/airflow/.local/lib/python3.12/site-packages/airflow/example_dags/example_python_decorator.py took 0.310 seconds
[2026-09-17T19:48:49.027+0000] {processor.py:186} INFO - Started process (PID=123) to work on /home/airflow/.local/lib/python3.12/site-packages/airflow/example_dags/example_python_decorator.py
[2026-09-17T19:48:49.029+0000] {processor.py:914} INFO - Processing file /home/airflow/.local/lib/python3.12/site-packages/airflow/example_dags/example_python_decorator.py for tasks to queue
[2026-09-17T19:48:49.031+0000] {logging_mixin.py:190} INFO - [2026-09-17T19:48:49.031+0000] {dagbag.py:588} INFO - Filling up the DagBag from /home/airflow/.local/lib/python3.12/site-packages/airflow/example_dags/example_python_decorator.py
[2026-09-17T19:48:49.054+0000] {processor.py:925} INFO - DAG(s) 'example_python_decorator' retrieved from /home/airflow/.local/lib/python3.12/site-packages/airflow/example_dags/example_python_decorator.py
[2026-09-17T19:48:49.088+0000] {logging_mixin.py:190} INFO - [2026-09-17T19:48:49.088+0000] {dag.py:3239} INFO - Sync 1 DAGs
[2026-09-17T19:48:49.107+0000] {logging_mixin.py:190} INFO - [2026-09-17T19:48:49.106+0000] {dag.py:4180} INFO - Setting next_dagrun for example_python_decorator to None, run_after=None
[2026-09-17T19:48:49.134+0000] {processor.py:208} INFO - Processing /home/airflow/.local/lib/python3.12/site-packages/airflow/example_dags/example_python_decorator.py took 0.113 seconds
[2026-09-17T19:49:19.366+0000] {processor.py:186} INFO - Started process (PID=180) to work on /home/airflow/.local/lib/python3.12/site-packages/airflow/example_dags/example_python_decorator.py
[2026-09-17T19:49:19.369+0000] {processor.py:914} INFO - Processing file /home/airflow/.local/lib/python3.12/site-packages/airflow/example_dags/example_python_decorator.py for tasks to queue
[2026-09-17T19:49:19.372+0000] {logging_mixin.py:190} INFO - [2026-09-17T19:49:19.372+0000] {dagbag.py:588} INFO - Filling up the DagBag from /home/airflow/.local/lib/python3.12/site-packages/airflow/example_dags/example_python_decorator.py
[2026-09-17T19:49:19.397+0000] {processor.py:925} INFO - DAG(s) 'example_python_decorator' retrieved from /home/airflow/.local/lib/python3.12/site-packages/airflow/example_dags/example_python_decorator.py
[2026-09-17T19:49:19.442+0000] {logging_mixin.py:190} INFO - [2026-09-17T19:49:19.442+0000] {dag.py:3239} INFO - Sync 1 DAGs
[2026-09-17T19:49:19.471+0000] {logging_mixin.py:190} INFO - [2026-09-17T19:49:19.471+0000] {dag.py:4180} INFO - Setting next_dagrun for example_python_decorator to None, run_after=None
[2026-09-17T19:49:19.504+0000] {processor.py:208} INFO - Processing /home/airflow/.local/lib/python3.12/site-packages/airflow/example_dags/example_python_decorator.py took 0.147 seconds
[2026-09-17T19:49:49.716+0000] {processor.py:186} INFO - Started process (PID=245) to work on /home/airflow/.local/lib/python3.12/site-packages/airflow/example_dags/example_python_decorator.py
[2026-09-17T19:49:49.717+0000] {processor.py:914} INFO - Processing file /home/airflow/.local/lib/python3.12/site-packages/airflow/example_dags/example_python_decorator.py for tasks to queue
[2026-09-17T19:49:49.719+0000] {logging_mixin.py:190} INFO - [2026-09-17T19:49:49.719+0000] {dagbag.py:588} INFO - Filling up the DagBag from /home/airflow/.local/lib/python3.12/site-packages/airflow/example_dags/example_python_decorator.py
[2026-09-17T19:49:49.737+0000] {processor.py:925} INFO - DAG(s) 'example_python_decorator' retrieved from /home/airflow/.local/lib/python3.12/site-packages/airflow/example_dags/example_python_decorator.py
[2026-09-17T19:49:49.762+0000] {logging_mixin.py:190} INFO - [2026-09-17T19:49:49.762+0000] {dag.py:3239} INFO - Sync 1 DAGs
[2026-09-17T19:49:49.778+0000] {logging_mixin.py:190} INFO - [2026-09-17T19:49:49.778+0000] {dag.py:4180} INFO - Setting next_dagrun for example_python_decorator to None, run_after=None
[2026-09-17T19:49:49.800+0000] {processor.py:208} INFO - Processing /home/airflow/.local/lib/python3.12/site-packages/airflow/example_dags/example_python_decorator.py took 0.090 seconds
[2026-09-17T19:50:20.582+0000] {processor.py:186} INFO - Started process (PID=310) to work on /home/airflow/.local/lib/python3.12/site-packages/airflow/example_dags/example_python_decorator.py
[2026-09-17T19:50:20.585+0000] {processor.py:914} INFO - Processing file /home/airflow/.local/lib/python3.12/site-packages/airflow/example_dags/example_python_decorator.py for tasks to queue
[2026-09-17T19:50:20.587+0000] {logging_mixin.py:190} INFO - [2026-09-17T19:50:20.587+0000] {dagbag.py:588} INFO - Filling up the DagBag from /home/airflow/.local/lib/python3.12/site-packages/airflow/example_dags/example_python_decorator.py
[2026-09-17T19:50:20.603+0000] {processor.py:925} INFO - DAG(s) 'example_python_decorator' retrieved from /home/airflow/.local/lib/python3.12/site-packages/airflow/example_dags/example_python_decorator.py
[2026-09-17T19:50:20.632+0000] {logging_mixin.py:190} INFO - [2026-09-17T19:50:20.631+0000] {dag.py:3239} INFO - Sync 1 DAGs
[2026-09-17T19:50:20.647+0000] {logging_mixin.py:190} INFO - [2026-09-17T19:50:20.646+0000] {dag.py:4180} INFO - Setting next_dagrun for example_python_decorator to None, run_after=None
[2026-09-17T19:50:20.669+0000] {processor.py:208} INFO - Processing /home/airflow/.local/lib/python3.12/site-packages/airflow/example_dags/example_python_decorator.py took 0.093 seconds
[2026-09-17T19:50:51.248+0000] {processor.py:186} INFO - Started process (PID=375) to work on /home/airflow/.local/lib/python3.12/site-packages/airflow/example_dags/example_python_decorator.py
[2026-09-17T19:50:51.250+0000] {processor.py:914} INFO - Processing file /home/airflow/.local/lib/python3.12/site-packages/airflow/example_dags/example_python_decorator.py for tasks to queue
[2026-09-17T19:50:51.253+0000] {logging_mixin.py:190} INFO - [2026-09-17T19:50:51.252+0000] {dagbag.py:588} INFO - Filling up the DagBag from /home/airflow/.local/lib/python3.12/site-packages/airflow/example_dags/example_python_decorator.py
[2026-09-17T19:50:51.273+0000] {processor.py:925} INFO - DAG(s) 'example_python_decorator' retrieved from /home/airflow/.local/lib/python3.12/site-packages/airflow/example_dags/example_python_decorator.py
[2026-09-17T19:50:51.308+0000] {logging_mixin.py:190} INFO - [2026-09-17T19:50:51.308+0000] {dag.py:3239} INFO - Sync 1 DAGs
[2026-09-17T19:50:51.326+0000] {logging_mixin.py:190} INFO - [2026-09-17T19:50:51.326+0000] {dag.py:4180} INFO - Setting next_dagrun for example_python_decorator to None, run_after=None
[2026-09-17T19:50:51.363+0000] {processor.py:208} INFO - Processing /home/airflow/.local/lib/python3.12/site-packages/airflow/example_dags/example_python_decorator.py took 0.123 seconds
[2026-09-17T19:51:21.802+0000] {processor.py:186} INFO - Started process (PID=440) to work on /home/airflow/.local/lib/python3.12/site-packages/airflow/example_dags/example_python_decorator.py
[2026-09-17T19:51:21.804+0000] {processor.py:914} INFO - Processing file /home/airflow/.local/lib/python3.12/site-packages/airflow/example_dags/example_python_decorator.py for tasks to queue
[2026-09-17T19:51:21.805+0000] {logging_mixin.py:190} INFO - [2026-09-17T19:51:21.805+0000] {dagbag.py:588} INFO - Filling up the DagBag from /home/airflow/.local/lib/python3.12/site-packages/airflow/example_dags/example_python_decorator.py
[2026-09-17T19:51:21.822+0000] {processor.py:925} INFO - DAG(s) 'example_python_decorator' retrieved from /home/airflow/.local/lib/python3.12/site-packages/airflow/example_dags/example_python_decorator.py
[2026-09-17T19:51:21.848+0000] {logging_mixin.py:190} INFO - [2026-09-17T19:51:21.847+0000] {dag.py:3239} INFO - Sync 1 DAGs
[2026-09-17T19:51:21.864+0000] {logging_mixin.py:190} INFO - [2026-09-17T19:51:21.863+0000] {dag.py:4180} INFO - Setting next_dagrun for example_python_decorator to None, run_after=None
[2026-09-17T19:51:21.889+0000] {processor.py:208} INFO - Processing /home/airflow/.local/lib/python3.12/site-packages/airflow/example_dags/example_python_decorator.py took 0.094 seconds
[2026-09-17T19:51:52.183+0000] {processor.py:186} INFO - Started process (PID=505) to work on /home/airflow/.local/lib/python3.12/site-packages/airflow/example_dags/example_python_decorator.py
[2026-09-17T19:51:52.185+0000] {processor.py:914} INFO - Processing file /home/airflow/.local/lib/python3.12/site-packages/airflow/example_dags/example_python_decorator.py for tasks to queue
[2026-09-17T19:51:52.187+0000] {logging_mixin.py:190} INFO - [2026-09-17T19:51:52.187+0000] {dagbag.py:588} INFO - Filling up the DagBag from /home/airflow/.local/lib/python3.12/site-packages/airflow/example_dags/example_python_decorator.py
[2026-09-17T19:51:52.207+0000] {processor.py:925} INFO - DAG(s) 'example_python_decorator' retrieved from /home/airflow/.local/lib/python3.12/site-packages/airflow/example_dags/example_python_decorator.py
[2026-09-17T19:51:52.236+0000] {logging_mixin.py:190} INFO - [2026-09-17T19:51:52.236+0000] {dag.py:3239} INFO - Sync 1 DAGs
[2026-09-17T19:51:52.254+0000] {logging_mixin.py:190} INFO - [2026-09-17T19:51:52.254+0000] {dag.py:4180} INFO - Setting next_dagrun for example_python_decorator to None, run_after=None
[2026-09-17T19:51:52.276+0000] {processor.py:208} INFO - Processing /home/airflow/.local/lib/python3.12/site-packages/airflow/example_dags/example_python_decorator.py took 0.099 seconds
[2026-09-17T19:52:23.211+0000] {processor.py:186} INFO - Started process (PID=570) to work on /home/airflow/.local/lib/python3.12/site-packages/airflow/example_dags/example_python_decorator.py
[2026-09-17T19:52:23.213+0000] {processor.py:914} INFO - Processing file /home/airflow/.local/lib/python3.12/site-packages/airflow/example_dags/example_python_decorator.py for tasks to queue
[2026-09-17T19:52:23.216+0000] {logging_mixin.py:190} INFO - [2026-09-17T19:52:23.215+0000] {dagbag.py:588} INFO - Filling up the DagBag from /home/airflow/.local/lib/python3.12/site-packages/airflow/example_dags/example_python_decorator.py
[2026-09-17T19:52:23.234+0000] {processor.py:925} INFO - DAG(s) 'example_python_decorator' retrieved from /home/airflow/.local/lib/python3.12/site-packages/airflow/example_dags/example_python_decorator.py
[2026-09-17T19:52:23.259+0000] {logging_mixin.py:190} INFO - [2026-09-17T19:52:23.259+0000] {dag.py:3239} INFO - Sync 1 DAGs
[2026-09-17T19:52:23.274+0000] {logging_mixin.py:190} INFO - [2026-09-17T19:52:23.273+0000] {dag.py:4180} INFO - Setting next_dagrun for example_python_decorator to None, run_after=None
[2026-09-17T19:52:23.295+0000] {processor.py:208} INFO - Processing /home/airflow/.local/lib/python3.12/site-packages/airflow/example_dags/example_python_decorator.py took 0.090 seconds
[2026-09-17T19:52:53.614+0000] {processor.py:186} INFO - Started process (PID=635) to work on /home/airflow/.local/lib/python3.12/site-packages/airflow/example_dags/example_python_decorator.py
[2026-09-17T19:52:53.616+0000] {processor.py:914} INFO - Processing file /home/airflow/.local/lib/python3.12/site-packages/airflow/example_dags/example_python_decorator.py for tasks to queue
[2026-09-17T19:52:53.619+0000] {logging_mixin.py:190} INFO - [2026-09-17T19:52:53.619+0000] {dagbag.py:588} INFO - Filling up the DagBag from /home/airflow/.local/lib/python3.12/site-packages/airflow/example_dags/example_python_decorator.py
[2026-09-17T19:52:53.649+0000] {processor.py:925} INFO - DAG(s) 'example_python_decorator' retrieved from /home/airflow/.local/lib/python3.12/site-packages/airflow/example_dags/example_python_decorator.py
[2026-09-17T19:52:53.687+0000] {logging_mixin.py:190} INFO - [2026-09-17T19:52:53.687+0000] {dag.py:3239} INFO - Sync 1 DAGs
[2026-09-17T19:52:53.709+0000] {logging_mixin.py:190} INFO - [2026-09-17T19:52:53.709+0000] {dag.py:4180} INFO - Setting next_dagrun for example_python_decorator to None, run_after=None
[2026-09-17T19:52:53.747+0000] {processor.py:208} INFO - Processing /home/airflow/.local/lib/python3.12/site-packages/airflow/example_dags/example_python_decorator.py took 0.142 seconds
[2026-09-17T19:53:24.379+0000] {processor.py:186} INFO - Started process (PID=700) to work on /home/airflow/.local/lib/python3.12/site-packages/airflow/example_dags/example_python_decorator.py
[2026-09-17T19:53:24.381+0000] {processor.py:914} INFO - Processing file /home/airflow/.local/lib/python3.12/site-packages/airflow/example_dags/example_python_decorator.py for tasks to queue
[2026-09-17T19:53:24.383+0000] {logging_mixin.py:190} INFO - [2026-09-17T19:53:24.382+0000] {dagbag.py:588} INFO - Filling up the DagBag from /home/airflow/.local/lib/python3.12/site-packages/airflow/example_dags/example_python_decorator.py
[2026-09-17T19:53:24.399+0000] {processor.py:925} INFO - DAG(s) 'example_python_decorator' retrieved from /home/airflow/.local/lib/python3.12/site-packages/airflow/example_dags/example_python_decorator.py
[2026-09-17T19:53:24.424+0000] {logging_mixin.py:190} INFO - [2026-09-17T19:53:24.424+0000] {dag.py:3239} INFO - Sync 1 DAGs
[2026-09-17T19:53:24.438+0000] {logging_mixin.py:190} INFO - [2026-09-17T19:53:24.438+0000] {dag.py:4180} INFO - Setting next_dagrun for example_python_decorator to None, run_after=None
[2026-09-17T19:53:24.459+0000] {processor.py:208} INFO - Processing /home/airflow/.local/lib/python3.12/site-packages/airflow/example_dags/example_python_decorator.py took 0.086 seconds
[2026-09-17T19:53:54.914+0000] {processor.py:186} INFO - Started process (PID=765) to work on /home/airflow/.local/lib/python3.12/site-packages/airflow/example_dags/example_python_decorator.py
[2026-09-17T19:53:54.915+0000] {processor.py:914} INFO - Processing file /home/airflow/.local/lib/python3.12/site-packages/airflow/example_dags/example_python_decorator.py for tasks to queue
[2026-09-17T19:53:54.918+0000] {logging_mixin.py:190} INFO - [2026-09-17T19:53:54.917+0000] {dagbag.py:588} INFO - Filling up the DagBag from /home/airflow/.local/lib/python3.12/site-packages/airflow/example_dags/example_python_decorator.py
[2026-09-17T19:53:54.938+0000] {processor.py:925} INFO - DAG(s) 'example_python_decorator' retrieved from /home/airflow/.local/lib/python3.12/site-packages/airflow/example_dags/example_python_decorator.py
[2026-09-17T19:53:54.967+0000] {logging_mixin.py:190} INFO - [2026-09-17T19:53:54.967+0000] {dag.py:3239} INFO - Sync 1 DAGs
[2026-09-17T19:53:54.986+0000] {logging_mixin.py:190} INFO - [2026-09-17T19:53:54.985+0000] {dag.py:4180} INFO - Setting next_dagrun for example_python_decorator to None, run_after=None
[2026-09-17T19:53:55.012+0000] {processor.py:208} INFO - Processing /home/airflow/.local/lib/python3.12/site-packages/airflow/example_dags/example_python_decorator.py took 0.105 seconds
[2026-09-17T19:54:25.313+0000] {processor.py:186} INFO - Started process (PID=829) to work on /home/airflow/.local/lib/python3.12/site-packages/airflow/example_dags/example_python_decorator.py
[2026-09-17T19:54:25.315+0000] {processor.py:914} INFO - Processing file /home/airflow/.local/lib/python3.12/site-packages/airflow/example_dags/example_python_decorator.py for tasks to queue
[2026-09-17T19:54:25.318+0000] {logging_mixin.py:190} INFO - [2026-09-17T19:54:25.317+0000] {dagbag.py:588} INFO - Filling up the DagBag from /home/airflow/.local/lib/python3.12/site-packages/airflow/example_dags/example_python_decorator.py
[2026-09-17T19:54:25.338+0000] {processor.py:925} INFO - DAG(s) 'example_python_decorator' retrieved from /home/airflow/.local/lib/python3.12/site-packages/airflow/example_dags/example_python_decorator.py
[2026-09-17T19:54:25.380+0000] {logging_mixin.py:190} INFO - [2026-09-17T19:54:25.380+0000] {dag.py:3239} INFO - Sync 1 DAGs
[2026-09-17T19:54:25.407+0000] {logging_mixin.py:190} INFO - [2026-09-17T19:54:25.406+0000] {dag.py:4180} INFO - Setting next_dagrun for example_python_decorator to None, run_after=None
[2026-09-17T19:54:25.438+0000] {processor.py:208} INFO - Processing /home/airflow/.local/lib/python3.12/site-packages/airflow/example_dags/example_python_decorator.py took 0.133 seconds
[2026-09-17T19:54:55.764+0000] {processor.py:186} INFO - Started process (PID=887) to work on /home/airflow/.local/lib/python3.12/site-packages/airflow/example_dags/example_python_decorator.py
[2026-09-17T19:54:55.765+0000] {processor.py:914} INFO - Processing file /home/airflow/.local/lib/python3.12/site-packages/airflow/example_dags/example_python_decorator.py for tasks to queue
[2026-09-17T19:54:55.768+0000] {logging_mixin.py:190} INFO - [2026-09-17T19:54:55.767+0000] {dagbag.py:588} INFO - Filling up the DagBag from /home/airflow/.local/lib/python3.12/site-packages/airflow/example_dags/example_python_decorator.py
[2026-09-17T19:54:55.783+0000] {processor.py:925} INFO - DAG(s) 'example_python_decorator' retrieved from /home/airflow/.local/lib/python3.12/site-packages/airflow/example_dags/example_python_decorator.py
[2026-09-17T19:54:55.810+0000] {logging_mixin.py:190} INFO - [2026-09-17T19:54:55.810+0000] {dag.py:3239} INFO - Sync 1 DAGs
[2026-09-17T19:54:55.825+0000] {logging_mixin.py:190} INFO - [2026-09-17T19:54:55.825+0000] {dag.py:4180} INFO - Setting next_dagrun for example_python_decorator to None, run_after=None
[2026-09-17T19:54:55.848+0000] {processor.py:208} INFO - Processing /home/airflow/.local/lib/python3.12/site-packages/airflow/example_dags/example_python_decorator.py took 0.091 seconds
[2026-09-17T19:55:26.597+0000] {processor.py:186} INFO - Started process (PID=952) to work on /home/airflow/.local/lib/python3.12/site-packages/airflow/example_dags/example_python_decorator.py
[2026-09-17T19:55:26.599+0000] {processor.py:914} INFO - Processing file /home/airflow/.local/lib/python3.12/site-packages/airflow/example_dags/example_python_decorator.py for tasks to queue
[2026-09-17T19:55:26.602+0000] {logging_mixin.py:190} INFO - [2026-09-17T19:55:26.601+0000] {dagbag.py:588} INFO - Filling up the DagBag from /home/airflow/.local/lib/python3.12/site-packages/airflow/example_dags/example_python_decorator.py
[2026-09-17T19:55:26.621+0000] {processor.py:925} INFO - DAG(s) 'example_python_decorator' retrieved from /home/airflow/.local/lib/python3.12/site-packages/airflow/example_dags/example_python_decorator.py
[2026-09-17T19:55:26.652+0000] {logging_mixin.py:190} INFO - [2026-09-17T19:55:26.651+0000] {dag.py:3239} INFO - Sync 1 DAGs
[2026-09-17T19:55:26.668+0000] {logging_mixin.py:190} INFO - [2026-09-17T19:55:26.668+0000] {dag.py:4180} INFO - Setting next_dagrun for example_python_decorator to None, run_after=None
[2026-09-17T19:55:26.696+0000] {processor.py:208} INFO - Processing /home/airflow/.local/lib/python3.12/site-packages/airflow/example_dags/example_python_decorator.py took 0.106 seconds
[2026-09-17T19:55:56.970+0000] {processor.py:186} INFO - Started process (PID=1017) to work on /home/airflow/.local/lib/python3.12/site-packages/airflow/example_dags/example_python_decorator.py
[2026-09-17T19:55:56.972+0000] {processor.py:914} INFO - Processing file /home/airflow/.local/lib/python3.12/site-packages/airflow/example_dags/example_python_decorator.py for tasks to queue
[2026-09-17T19:55:56.974+0000] {logging_mixin.py:190} INFO - [2026-09-17T19:55:56.973+0000] {dagbag.py:588} INFO - Filling up the DagBag from /home/airflow/.local/lib/python3.12/site-packages/airflow/example_dags/example_python_decorator.py
[2026-09-17T19:55:56.990+0000] {processor.py:925} INFO - DAG(s) 'example_python_decorator' retrieved from /home/airflow/.local/lib/python3.12/site-packages/airflow/example_dags/example_python_decorator.py
[2026-09-17T19:55:57.016+0000] {logging_mixin.py:190} INFO - [2026-09-17T19:55:57.016+0000] {dag.py:3239} INFO - Sync 1 DAGs
[2026-09-17T19:55:57.031+0000] {logging_mixin.py:190} INFO - [2026-09-17T19:55:57.030+0000] {dag.py:4180} INFO - Setting next_dagrun for example_python_decorator to None, run_after=None
[2026-09-17T19:55:57.055+0000] {processor.py:208} INFO - Processing /home/airflow/.local/lib/python3.12/site-packages/airflow/example_dags/example_python_decorator.py took 0.091 seconds
[2026-09-17T19:56:27.260+0000] {processor.py:186} INFO - Started process (PID=1082) to work on /home/airflow/.local/lib/python3.12/site-packages/airflow/example_dags/example_python_decorator.py
[2026-09-17T19:56:27.262+0000] {processor.py:914} INFO - Processing file /home/airflow/.local/lib/python3.12/site-packages/airflow/example_dags/example_python_decorator.py for tasks to queue
[2026-09-17T19:56:27.264+0000] {logging_mixin.py:190} INFO - [2026-09-17T19:56:27.264+0000] {dagbag.py:588} INFO - Filling up the DagBag from /home/airflow/.local/lib/python3.12/site-packages/airflow/example_dags/example_python_decorator.py
[2026-09-17T19:56:27.281+0000] {processor.py:925} INFO - DAG(s) 'example_python_decorator' retrieved from /home/airflow/.local/lib/python3.12/site-packages/airflow/example_dags/example_python_decorator.py
[2026-09-17T19:56:27.310+0000] {logging_mixin.py:190} INFO - [2026-09-17T19:56:27.309+0000] {dag.py:3239} INFO - Sync 1 DAGs
[2026-09-17T19:56:27.326+0000] {logging_mixin.py:190} INFO - [2026-09-17T19:56:27.326+0000] {dag.py:4180} INFO - Setting next_dagrun for example_python_decorator to None, run_after=None
[2026-09-17T19:56:27.350+0000] {processor.py:208} INFO - Processing /home/airflow/.local/lib/python3.12/site-packages/airflow/example_dags/example_python_decorator.py took 0.096 seconds
[2026-09-17T19:56:57.525+0000] {processor.py:186} INFO - Started process (PID=1147) to work on /home/airflow/.local/lib/python3.12/site-packages/airflow/example_dags/example_python_decorator.py
[2026-09-17T19:56:57.527+0000] {processor.py:914} INFO - Processing file /home/airflow/.local/lib/python3.12/site-packages/airflow/example_dags/example_python_decorator.py for tasks to queue
[2026-09-17T19:56:57.530+0000] {logging_mixin.py:190} INFO - [2026-09-17T19:56:57.529+0000] {dagbag.py:588} INFO - Filling up the DagBag from /home/airflow/.local/lib/python3.12/site-packages/airflow/example_dags/example_python_decorator.py
[2026-09-17T19:56:57.550+0000] {processor.py:925} INFO - DAG(s) 'example_python_decorator' retrieved from /home/airflow/.local/lib/python3.12/site-packages/airflow/example_dags/example_python_decorator.py
[2026-09-17T19:56:57.583+0000] {logging_mixin.py:190} INFO - [2026-09-17T19:56:57.583+0000] {dag.py:3239} INFO - Sync 1 DAGs
[2026-09-17T19:56:57.598+0000] {logging_mixin.py:190} INFO - [2026-09-17T19:56:57.598+0000] {dag.py:4180} INFO - Setting next_dagrun for example_python_decorator to None, run_after=None
[2026-09-17T19:56:57.621+0000] {processor.py:208} INFO - Processing /home/airflow/.local/lib/python3.12/site-packages/airflow/example_dags/example_python_decorator.py took 0.103 seconds
[2026-09-17T19:57:28.062+0000] {processor.py:186} INFO - Started process (PID=1212) to work on /home/airflow/.local/lib/python3.12/site-packages/airflow/example_dags/example_python_decorator.py
[2026-09-17T19:57:28.065+0000] {processor.py:914} INFO - Processing file /home/airflow/.local/lib/python3.12/site-packages/airflow/example_dags/example_python_decorator.py for tasks to queue
[2026-09-17T19:57:28.068+0000] {logging_mixin.py:190} INFO - [2026-09-17T19:57:28.067+0000] {dagbag.py:588} INFO - Filling up the DagBag from /home/airflow/.local/lib/python3.12/site-packages/airflow/example_dags/example_python_decorator.py
[2026-09-17T19:57:28.088+0000] {processor.py:925} INFO - DAG(s) 'example_python_decorator' retrieved from /home/airflow/.local/lib/python3.12/site-packages/airflow/example_dags/example_python_decorator.py
[2026-09-17T19:57:28.118+0000] {logging_mixin.py:190} INFO - [2026-09-17T19:57:28.118+0000] {dag.py:3239} INFO - Sync 1 DAGs
[2026-09-17T19:57:28.134+0000] {logging_mixin.py:190} INFO - [2026-09-17T19:57:28.134+0000] {dag.py:4180} INFO - Setting next_dagrun for example_python_decorator to None, run_after=None
[2026-09-17T19:57:28.161+0000] {processor.py:208} INFO - Processing /home/airflow/.local/lib/python3.12/site-packages/airflow/example_dags/example_python_decorator.py took 0.106 seconds
[2026-09-17T19:57:58.778+0000] {processor.py:186} INFO - Started process (PID=1277) to work on /home/airflow/.local/lib/python3.12/site-packages/airflow/example_dags/example_python_decorator.py
[2026-09-17T19:57:58.780+0000] {processor.py:914} INFO - Processing file /home/airflow/.local/lib/python3.12/site-packages/airflow/example_dags/example_python_decorator.py for tasks to queue
[2026-09-17T19:57:58.782+0000] {logging_mixin.py:190} INFO - [2026-09-17T19:57:58.782+0000] {dagbag.py:588} INFO - Filling up the DagBag from /home/airflow/.local/lib/python3.12/site-packages/airflow/example_dags/example_python_decorator.py
[2026-09-17T19:57:58.796+0000] {processor.py:925} INFO - DAG(s) 'example_python_decorator' retrieved from /home/airflow/.local/lib/python3.12/site-packages/airflow/example_dags/example_python_decorator.py
[2026-09-17T19:57:58.826+0000] {logging_mixin.py:190} INFO - [2026-09-17T19:57:58.826+0000] {dag.py:3239} INFO - Sync 1 DAGs
[2026-09-17T19:57:58.844+0000] {logging_mixin.py:190} INFO - [2026-09-17T19:57:58.844+0000] {dag.py:4180} INFO - Setting next_dagrun for example_python_decorator to None, run_after=None
[2026-09-17T19:57:58.872+0000] {processor.py:208} INFO - Processing /home/airflow/.local/lib/python3.12/site-packages/airflow/example_dags/example_python_decorator.py took 0.100 seconds
[2026-09-17T19:58:29.043+0000] {processor.py:186} INFO - Started process (PID=1342) to work on /home/airflow/.local/lib/python3.12/site-packages/airflow/example_dags/example_python_decorator.py
[2026-09-17T19:58:29.045+0000] {processor.py:914} INFO - Processing file /home/airflow/.local/lib/python3.12/site-packages/airflow/example_dags/example_python_decorator.py for tasks to queue
[2026-09-17T19:58:29.047+0000] {logging_mixin.py:190} INFO - [2026-09-17T19:58:29.047+0000] {dagbag.py:588} INFO - Filling up the DagBag from /home/airflow/.local/lib/python3.12/site-packages/airflow/example_dags/example_python_decorator.py
[2026-09-17T19:58:29.065+0000] {processor.py:925} INFO - DAG(s) 'example_python_decorator' retrieved from /home/airflow/.local/lib/python3.12/site-packages/airflow/example_dags/example_python_decorator.py
[2026-09-17T19:58:29.095+0000] {logging_mixin.py:190} INFO - [2026-09-17T19:58:29.095+0000] {dag.py:3239} INFO - Sync 1 DAGs
[2026-09-17T19:58:29.110+0000] {logging_mixin.py:190} INFO - [2026-09-17T19:58:29.110+0000] {dag.py:4180} INFO - Setting next_dagrun for example_python_decorator to None, run_after=None
[2026-09-17T19:58:29.134+0000] {processor.py:208} INFO - Processing /home/airflow/.local/lib/python3.12/site-packages/airflow/example_dags/example_python_decorator.py took 0.097 seconds
[2026-09-17T19:58:59.439+0000] {processor.py:186} INFO - Started process (PID=1407) to work on /home/airflow/.local/lib/python3.12/site-packages/airflow/example_dags/example_python_decorator.py
[2026-09-17T19:58:59.441+0000] {processor.py:914} INFO - Processing file /home/airflow/.local/lib/python3.12/site-packages/airflow/example_dags/example_python_decorator.py for tasks to queue
[2026-09-17T19:58:59.443+0000] {logging_mixin.py:190} INFO - [2026-09-17T19:58:59.443+0000] {dagbag.py:588} INFO - Filling up the DagBag from /home/airflow/.local/lib/python3.12/site-packages/airflow/example_dags/example_python_decorator.py
[2026-09-17T19:58:59.458+0000] {processor.py:925} INFO - DAG(s) 'example_python_decorator' retrieved from /home/airflow/.local/lib/python3.12/site-packages/airflow/example_dags/example_python_decorator.py
[2026-09-17T19:58:59.487+0000] {logging_mixin.py:190} INFO - [2026-09-17T19:58:59.487+0000] {dag.py:3239} INFO - Sync 1 DAGs
[2026-09-17T19:58:59.504+0000] {logging_mixin.py:190} INFO - [2026-09-17T19:58:59.504+0000] {dag.py:4180} INFO - Setting next_dagrun for example_python_decorator to None, run_after=None
[2026-09-17T19:58:59.529+0000] {processor.py:208} INFO - Processing /home/airflow/.local/lib/python3.12/site-packages/airflow/example_dags/example_python_decorator.py took 0.096 seconds
[2026-09-17T19:59:30.697+0000] {processor.py:186} INFO - Started process (PID=1471) to work on /home/airflow/.local/lib/python3.12/site-packages/airflow/example_dags/example_python_decorator.py
[2026-09-17T19:59:30.700+0000] {processor.py:914} INFO - Processing file /home/airflow/.local/lib/python3.12/site-packages/airflow/example_dags/example_python_decorator.py for tasks to queue
[2026-09-17T19:59:30.702+0000] {logging_mixin.py:190} INFO - [2026-09-17T19:59:30.702+0000] {dagbag.py:588} INFO - Filling up the DagBag from /home/airflow/.local/lib/python3.12/site-packages/airflow/example_dags/example_python_decorator.py
[2026-09-17T19:59:30.728+0000] {processor.py:925} INFO - DAG(s) 'example_python_decorator' retrieved from /home/airflow/.local/lib/python3.12/site-packages/airflow/example_dags/example_python_decorator.py
[2026-09-17T19:59:30.764+0000] {logging_mixin.py:190} INFO - [2026-09-17T19:59:30.763+0000] {dag.py:3239} INFO - Sync 1 DAGs
[2026-09-17T19:59:30.782+0000] {logging_mixin.py:190} INFO - [2026-09-17T19:59:30.781+0000] {dag.py:4180} INFO - Setting next_dagrun for example_python_decorator to None, run_after=None
[2026-09-17T19:59:30.812+0000] {processor.py:208} INFO - Processing /home/airflow/.local/lib/python3.12/site-packages/airflow/example_dags/example_python_decorator.py took 0.124 seconds
[2026-09-17T20:00:01.227+0000] {processor.py:186} INFO - Started process (PID=1529) to work on /home/airflow/.local/lib/python3.12/site-packages/airflow/example_dags/example_python_decorator.py
[2026-09-17T20:00:01.229+0000] {processor.py:914} INFO - Processing file /home/airflow/.local/lib/python3.12/site-packages/airflow/example_dags/example_python_decorator.py for tasks to queue
[2026-09-17T20:00:01.232+0000] {logging_mixin.py:190} INFO - [2026-09-17T20:00:01.231+0000] {dagbag.py:588} INFO - Filling up the DagBag from /home/airflow/.local/lib/python3.12/site-packages/airflow/example_dags/example_python_decorator.py
[2026-09-17T20:00:01.249+0000] {processor.py:925} INFO - DAG(s) 'example_python_decorator' retrieved from /home/airflow/.local/lib/python3.12/site-packages/airflow/example_dags/example_python_decorator.py
[2026-09-17T20:00:01.279+0000] {logging_mixin.py:190} INFO - [2026-09-17T20:00:01.279+0000] {dag.py:3239} INFO - Sync 1 DAGs
[2026-09-17T20:00:01.298+0000] {logging_mixin.py:190} INFO - [2026-09-17T20:00:01.298+0000] {dag.py:4180} INFO - Setting next_dagrun for example_python_decorator to None, run_after=None
[2026-09-17T20:00:01.325+0000] {processor.py:208} INFO - Processing /home/airflow/.local/lib/python3.12/site-packages/airflow/example_dags/example_python_decorator.py took 0.105 seconds
[2026-09-17T20:00:31.993+0000] {processor.py:186} INFO - Started process (PID=1594) to work on /home/airflow/.local/lib/python3.12/site-packages/airflow/example_dags/example_python_decorator.py
[2026-09-17T20:00:31.995+0000] {processor.py:914} INFO - Processing file /home/airflow/.local/lib/python3.12/site-packages/airflow/example_dags/example_python_decorator.py for tasks to queue
[2026-09-17T20:00:31.997+0000] {logging_mixin.py:190} INFO - [2026-09-17T20:00:31.997+0000] {dagbag.py:588} INFO - Filling up the DagBag from /home/airflow/.local/lib/python3.12/site-packages/airflow/example_dags/example_python_decorator.py
[2026-09-17T20:00:32.014+0000] {processor.py:925} INFO - DAG(s) 'example_python_decorator' retrieved from /home/airflow/.local/lib/python3.12/site-packages/airflow/example_dags/example_python_decorator.py
[2026-09-17T20:00:32.042+0000] {logging_mixin.py:190} INFO - [2026-09-17T20:00:32.042+0000] {dag.py:3239} INFO - Sync 1 DAGs
[2026-09-17T20:00:32.059+0000] {logging_mixin.py:190} INFO - [2026-09-17T20:00:32.059+0000] {dag.py:4180} INFO - Setting next_dagrun for example_python_decorator to None, run_after=None
[2026-09-17T20:00:32.082+0000] {processor.py:208} INFO - Processing /home/airflow/.local/lib/python3.12/site-packages/airflow/example_dags/example_python_decorator.py took 0.095 seconds
[2026-09-17T20:01:02.261+0000] {processor.py:186} INFO - Started process (PID=1659) to work on /home/airflow/.local/lib/python3.12/site-packages/airflow/example_dags/example_python_decorator.py
[2026-09-17T20:01:02.263+0000] {processor.py:914} INFO - Processing file /home/airflow/.local/lib/python3.12/site-packages/airflow/example_dags/example_python_decorator.py for tasks to queue
[2026-09-17T20:01:02.265+0000] {logging_mixin.py:190} INFO - [2026-09-17T20:01:02.265+0000] {dagbag.py:588} INFO - Filling up the DagBag from /home/airflow/.local/lib/python3.12/site-packages/airflow/example_dags/example_python_decorator.py
[2026-09-17T20:01:02.282+0000] {processor.py:925} INFO - DAG(s) 'example_python_decorator' retrieved from /home/airflow/.local/lib/python3.12/site-packages/airflow/example_dags/example_python_decorator.py
[2026-09-17T20:01:02.311+0000] {logging_mixin.py:190} INFO - [2026-09-17T20:01:02.310+0000] {dag.py:3239} INFO - Sync 1 DAGs
[2026-09-17T20:01:02.326+0000] {logging_mixin.py:190} INFO - [2026-09-17T20:01:02.326+0000] {dag.py:4180} INFO - Setting next_dagrun for example_python_decorator to None, run_after=None
[2026-09-17T20:01:02.348+0000] {processor.py:208} INFO - Processing /home/airflow/.local/lib/python3.12/site-packages/airflow/example_dags/example_python_decorator.py took 0.094 seconds
[2026-09-17T20:01:32.567+0000] {processor.py:186} INFO - Started process (PID=1724) to work on /home/airflow/.local/lib/python3.12/site-packages/airflow/example_dags/example_python_decorator.py
[2026-09-17T20:01:32.568+0000] {processor.py:914} INFO - Processing file /home/airflow/.local/lib/python3.12/site-packages/airflow/example_dags/example_python_decorator.py for tasks to queue
[2026-09-17T20:01:32.571+0000] {logging_mixin.py:190} INFO - [2026-09-17T20:01:32.570+0000] {dagbag.py:588} INFO - Filling up the DagBag from /home/airflow/.local/lib/python3.12/site-packages/airflow/example_dags/example_python_decorator.py
[2026-09-17T20:01:32.590+0000] {processor.py:925} INFO - DAG(s) 'example_python_decorator' retrieved from /home/airflow/.local/lib/python3.12/site-packages/airflow/example_dags/example_python_decorator.py
[2026-09-17T20:01:32.619+0000] {logging_mixin.py:190} INFO - [2026-09-17T20:01:32.618+0000] {dag.py:3239} INFO - Sync 1 DAGs
[2026-09-17T20:01:32.635+0000] {logging_mixin.py:190} INFO - [2026-09-17T20:01:32.635+0000] {dag.py:4180} INFO - Setting next_dagrun for example_python_decorator to None, run_after=None
[2026-09-17T20:01:32.656+0000] {processor.py:208} INFO - Processing /home/airflow/.local/lib/python3.12/site-packages/airflow/example_dags/example_python_decorator.py took 0.098 seconds
[2026-09-17T20:02:02.728+0000] {processor.py:186} INFO - Started process (PID=1789) to work on /home/airflow/.local/lib/python3.12/site-packages/airflow/example_dags/example_python_decorator.py
[2026-09-17T20:02:02.729+0000] {processor.py:914} INFO - Processing file /home/airflow/.local/lib/python3.12/site-packages/airflow/example_dags/example_python_decorator.py for tasks to queue
[2026-09-17T20:02:02.732+0000] {logging_mixin.py:190} INFO - [2026-09-17T20:02:02.731+0000] {dagbag.py:588} INFO - Filling up the DagBag from /home/airflow/.local/lib/python3.12/site-packages/airflow/example_dags/example_python_decorator.py
[2026-09-17T20:02:02.747+0000] {processor.py:925} INFO - DAG(s) 'example_python_decorator' retrieved from /home/airflow/.local/lib/python3.12/site-packages/airflow/example_dags/example_python_decorator.py
[2026-09-17T20:02:02.774+0000] {logging_mixin.py:190} INFO - [2026-09-17T20:02:02.774+0000] {dag.py:3239} INFO - Sync 1 DAGs
[2026-09-17T20:02:02.789+0000] {logging_mixin.py:190} INFO - [2026-09-17T20:02:02.788+0000] {dag.py:4180} INFO - Setting next_dagrun for example_python_decorator to None, run_after=None
[2026-09-17T20:02:02.809+0000] {processor.py:208} INFO - Processing /home/airflow/.local/lib/python3.12/site-packages/airflow/example_dags/example_python_decorator.py took 0.087 seconds
[2026-09-17T20:09:36.613+0000] {processor.py:186} INFO - Started process (PID=59) to work on /home/airflow/.local/lib/python3.12/site-packages/airflow/example_dags/example_python_decorator.py
[2026-09-17T20:09:36.616+0000] {processor.py:914} INFO - Processing file /home/airflow/.local/lib/python3.12/site-packages/airflow/example_dags/example_python_decorator.py for tasks to queue
[2026-09-17T20:09:36.619+0000] {logging_mixin.py:190} INFO - [2026-09-17T20:09:36.618+0000] {dagbag.py:588} INFO - Filling up the DagBag from /home/airflow/.local/lib/python3.12/site-packages/airflow/example_dags/example_python_decorator.py
[2026-09-17T20:09:36.643+0000] {processor.py:925} INFO - DAG(s) 'example_python_decorator' retrieved from /home/airflow/.local/lib/python3.12/site-packages/airflow/example_dags/example_python_decorator.py
[2026-09-17T20:09:36.811+0000] {logging_mixin.py:190} INFO - [2026-09-17T20:09:36.809+0000] {override.py:1911} INFO - Created Permission View: can edit on DAG:example_python_decorator
[2026-09-17T20:09:36.832+0000] {logging_mixin.py:190} INFO - [2026-09-17T20:09:36.831+0000] {override.py:1911} INFO - Created Permission View: can read on DAG:example_python_decorator
[2026-09-17T20:09:36.844+0000] {logging_mixin.py:190} INFO - [2026-09-17T20:09:36.844+0000] {override.py:1911} INFO - Created Permission View: can delete on DAG:example_python_decorator
[2026-09-17T20:09:36.861+0000] {logging_mixin.py:190} INFO - [2026-09-17T20:09:36.861+0000] {override.py:1911} INFO - Created Permission View: can create on DAG Run:example_python_decorator
[2026-09-17T20:09:36.875+0000] {logging_mixin.py:190} INFO - [2026-09-17T20:09:36.874+0000] {override.py:1911} INFO - Created Permission View: menu access on DAG Run:example_python_decorator
[2026-09-17T20:09:36.888+0000] {logging_mixin.py:190} INFO - [2026-09-17T20:09:36.888+0000] {override.py:1911} INFO - Created Permission View: can read on DAG Run:example_python_decorator
[2026-09-17T20:09:36.901+0000] {logging_mixin.py:190} INFO - [2026-09-17T20:09:36.900+0000] {override.py:1911} INFO - Created Permission View: can delete on DAG Run:example_python_decorator
[2026-09-17T20:09:36.902+0000] {logging_mixin.py:190} INFO - [2026-09-17T20:09:36.902+0000] {dag.py:3239} INFO - Sync 1 DAGs
[2026-09-17T20:09:36.920+0000] {logging_mixin.py:190} INFO - [2026-09-17T20:09:36.919+0000] {dag.py:3262} INFO - Creating ORM DAG for example_python_decorator
[2026-09-17T20:09:36.922+0000] {logging_mixin.py:190} INFO - [2026-09-17T20:09:36.922+0000] {dag.py:4180} INFO - Setting next_dagrun for example_python_decorator to None, run_after=None
[2026-09-17T20:09:36.948+0000] {processor.py:208} INFO - Processing /home/airflow/.local/lib/python3.12/site-packages/airflow/example_dags/example_python_decorator.py took 0.343 seconds
[2026-09-17T20:10:07.456+0000] {processor.py:186} INFO - Started process (PID=123) to work on /home/airflow/.local/lib/python3.12/site-packages/airflow/example_dags/example_python_decorator.py
[2026-09-17T20:10:07.458+0000] {processor.py:914} INFO - Processing file /home/airflow/.local/lib/python3.12/site-packages/airflow/example_dags/example_python_decorator.py for tasks to queue
[2026-09-17T20:10:07.461+0000] {logging_mixin.py:190} INFO - [2026-09-17T20:10:07.460+0000] {dagbag.py:588} INFO - Filling up the DagBag from /home/airflow/.local/lib/python3.12/site-packages/airflow/example_dags/example_python_decorator.py
[2026-09-17T20:10:07.479+0000] {processor.py:925} INFO - DAG(s) 'example_python_decorator' retrieved from /home/airflow/.local/lib/python3.12/site-packages/airflow/example_dags/example_python_decorator.py
[2026-09-17T20:10:07.511+0000] {logging_mixin.py:190} INFO - [2026-09-17T20:10:07.510+0000] {dag.py:3239} INFO - Sync 1 DAGs
[2026-09-17T20:10:07.528+0000] {logging_mixin.py:190} INFO - [2026-09-17T20:10:07.527+0000] {dag.py:4180} INFO - Setting next_dagrun for example_python_decorator to None, run_after=None
[2026-09-17T20:10:07.555+0000] {processor.py:208} INFO - Processing /home/airflow/.local/lib/python3.12/site-packages/airflow/example_dags/example_python_decorator.py took 0.106 seconds
[2026-09-17T20:10:38.363+0000] {processor.py:186} INFO - Started process (PID=180) to work on /home/airflow/.local/lib/python3.12/site-packages/airflow/example_dags/example_python_decorator.py
[2026-09-17T20:10:38.366+0000] {processor.py:914} INFO - Processing file /home/airflow/.local/lib/python3.12/site-packages/airflow/example_dags/example_python_decorator.py for tasks to queue
[2026-09-17T20:10:38.368+0000] {logging_mixin.py:190} INFO - [2026-09-17T20:10:38.367+0000] {dagbag.py:588} INFO - Filling up the DagBag from /home/airflow/.local/lib/python3.12/site-packages/airflow/example_dags/example_python_decorator.py
[2026-09-17T20:10:38.391+0000] {processor.py:925} INFO - DAG(s) 'example_python_decorator' retrieved from /home/airflow/.local/lib/python3.12/site-packages/airflow/example_dags/example_python_decorator.py
[2026-09-17T20:10:38.425+0000] {logging_mixin.py:190} INFO - [2026-09-17T20:10:38.425+0000] {dag.py:3239} INFO - Sync 1 DAGs
[2026-09-17T20:10:38.448+0000] {logging_mixin.py:190} INFO - [2026-09-17T20:10:38.448+0000] {dag.py:4180} INFO - Setting next_dagrun for example_python_decorator to None, run_after=None
[2026-09-17T20:10:38.479+0000] {processor.py:208} INFO - Processing /home/airflow/.local/lib/python3.12/site-packages/airflow/example_dags/example_python_decorator.py took 0.122 seconds
[2026-09-17T20:11:09.107+0000] {processor.py:186} INFO - Started process (PID=245) to work on /home/airflow/.local/lib/python3.12/site-packages/airflow/example_dags/example_python_decorator.py
[2026-09-17T20:11:09.110+0000] {processor.py:914} INFO - Processing file /home/airflow/.local/lib/python3.12/site-packages/airflow/example_dags/example_python_decorator.py for tasks to queue
[2026-09-17T20:11:09.114+0000] {logging_mixin.py:190} INFO - [2026-09-17T20:11:09.113+0000] {dagbag.py:588} INFO - Filling up the DagBag from /home/airflow/.local/lib/python3.12/site-packages/airflow/example_dags/example_python_decorator.py
[2026-09-17T20:11:09.142+0000] {processor.py:925} INFO - DAG(s) 'example_python_decorator' retrieved from /home/airflow/.local/lib/python3.12/site-packages/airflow/example_dags/example_python_decorator.py
[2026-09-17T20:11:09.191+0000] {logging_mixin.py:190} INFO - [2026-09-17T20:11:09.191+0000] {dag.py:3239} INFO - Sync 1 DAGs
[2026-09-17T20:11:09.217+0000] {logging_mixin.py:190} INFO - [2026-09-17T20:11:09.217+0000] {dag.py:4180} INFO - Setting next_dagrun for example_python_decorator to None, run_after=None
[2026-09-17T20:11:09.253+0000] {processor.py:208} INFO - Processing /home/airflow/.local/lib/python3.12/site-packages/airflow/example_dags/example_python_decorator.py took 0.158 seconds
[2026-09-17T20:11:39.377+0000] {processor.py:186} INFO - Started process (PID=310) to work on /home/airflow/.local/lib/python3.12/site-packages/airflow/example_dags/example_python_decorator.py
[2026-09-17T20:11:39.378+0000] {processor.py:914} INFO - Processing file /home/airflow/.local/lib/python3.12/site-packages/airflow/example_dags/example_python_decorator.py for tasks to queue
[2026-09-17T20:11:39.380+0000] {logging_mixin.py:190} INFO - [2026-09-17T20:11:39.380+0000] {dagbag.py:588} INFO - Filling up the DagBag from /home/airflow/.local/lib/python3.12/site-packages/airflow/example_dags/example_python_decorator.py
[2026-09-17T20:11:39.396+0000] {processor.py:925} INFO - DAG(s) 'example_python_decorator' retrieved from /home/airflow/.local/lib/python3.12/site-packages/airflow/example_dags/example_python_decorator.py
[2026-09-17T20:11:39.425+0000] {logging_mixin.py:190} INFO - [2026-09-17T20:11:39.425+0000] {dag.py:3239} INFO - Sync 1 DAGs
[2026-09-17T20:11:39.440+0000] {logging_mixin.py:190} INFO - [2026-09-17T20:11:39.440+0000] {dag.py:4180} INFO - Setting next_dagrun for example_python_decorator to None, run_after=None
[2026-09-17T20:11:39.464+0000] {processor.py:208} INFO - Processing /home/airflow/.local/lib/python3.12/site-packages/airflow/example_dags/example_python_decorator.py took 0.094 seconds
[2026-09-17T20:12:10.286+0000] {processor.py:186} INFO - Started process (PID=375) to work on /home/airflow/.local/lib/python3.12/site-packages/airflow/example_dags/example_python_decorator.py
[2026-09-17T20:12:10.287+0000] {processor.py:914} INFO - Processing file /home/airflow/.local/lib/python3.12/site-packages/airflow/example_dags/example_python_decorator.py for tasks to queue
[2026-09-17T20:12:10.290+0000] {logging_mixin.py:190} INFO - [2026-09-17T20:12:10.289+0000] {dagbag.py:588} INFO - Filling up the DagBag from /home/airflow/.local/lib/python3.12/site-packages/airflow/example_dags/example_python_decorator.py
[2026-09-17T20:12:10.308+0000] {processor.py:925} INFO - DAG(s) 'example_python_decorator' retrieved from /home/airflow/.local/lib/python3.12/site-packages/airflow/example_dags/example_python_decorator.py
[2026-09-17T20:12:10.341+0000] {logging_mixin.py:190} INFO - [2026-09-17T20:12:10.341+0000] {dag.py:3239} INFO - Sync 1 DAGs
[2026-09-17T20:12:10.358+0000] {logging_mixin.py:190} INFO - [2026-09-17T20:12:10.358+0000] {dag.py:4180} INFO - Setting next_dagrun for example_python_decorator to None, run_after=None
[2026-09-17T20:12:10.391+0000] {processor.py:208} INFO - Processing /home/airflow/.local/lib/python3.12/site-packages/airflow/example_dags/example_python_decorator.py took 0.111 seconds
[2026-09-17T20:12:40.909+0000] {processor.py:186} INFO - Started process (PID=440) to work on /home/airflow/.local/lib/python3.12/site-packages/airflow/example_dags/example_python_decorator.py
[2026-09-17T20:12:40.911+0000] {processor.py:914} INFO - Processing file /home/airflow/.local/lib/python3.12/site-packages/airflow/example_dags/example_python_decorator.py for tasks to queue
[2026-09-17T20:12:40.914+0000] {logging_mixin.py:190} INFO - [2026-09-17T20:12:40.913+0000] {dagbag.py:588} INFO - Filling up the DagBag from /home/airflow/.local/lib/python3.12/site-packages/airflow/example_dags/example_python_decorator.py
[2026-09-17T20:12:40.932+0000] {processor.py:925} INFO - DAG(s) 'example_python_decorator' retrieved from /home/airflow/.local/lib/python3.12/site-packages/airflow/example_dags/example_python_decorator.py
[2026-09-17T20:12:40.963+0000] {logging_mixin.py:190} INFO - [2026-09-17T20:12:40.962+0000] {dag.py:3239} INFO - Sync 1 DAGs
[2026-09-17T20:12:40.977+0000] {logging_mixin.py:190} INFO - [2026-09-17T20:12:40.977+0000] {dag.py:4180} INFO - Setting next_dagrun for example_python_decorator to None, run_after=None
[2026-09-17T20:12:40.999+0000] {processor.py:208} INFO - Processing /home/airflow/.local/lib/python3.12/site-packages/airflow/example_dags/example_python_decorator.py took 0.097 seconds
[2026-09-17T20:13:11.318+0000] {processor.py:186} INFO - Started process (PID=505) to work on /home/airflow/.local/lib/python3.12/site-packages/airflow/example_dags/example_python_decorator.py
[2026-09-17T20:13:11.320+0000] {processor.py:914} INFO - Processing file /home/airflow/.local/lib/python3.12/site-packages/airflow/example_dags/example_python_decorator.py for tasks to queue
[2026-09-17T20:13:11.323+0000] {logging_mixin.py:190} INFO - [2026-09-17T20:13:11.322+0000] {dagbag.py:588} INFO - Filling up the DagBag from /home/airflow/.local/lib/python3.12/site-packages/airflow/example_dags/example_python_decorator.py
[2026-09-17T20:13:11.351+0000] {processor.py:925} INFO - DAG(s) 'example_python_decorator' retrieved from /home/airflow/.local/lib/python3.12/site-packages/airflow/example_dags/example_python_decorator.py
[2026-09-17T20:13:11.385+0000] {logging_mixin.py:190} INFO - [2026-09-17T20:13:11.384+0000] {dag.py:3239} INFO - Sync 1 DAGs
[2026-09-17T20:13:11.403+0000] {logging_mixin.py:190} INFO - [2026-09-17T20:13:11.403+0000] {dag.py:4180} INFO - Setting next_dagrun for example_python_decorator to None, run_after=None
[2026-09-17T20:13:11.426+0000] {processor.py:208} INFO - Processing /home/airflow/.local/lib/python3.12/site-packages/airflow/example_dags/example_python_decorator.py took 0.118 seconds
[2026-09-17T20:13:41.914+0000] {processor.py:186} INFO - Started process (PID=570) to work on /home/airflow/.local/lib/python3.12/site-packages/airflow/example_dags/example_python_decorator.py
[2026-09-17T20:13:41.916+0000] {processor.py:914} INFO - Processing file /home/airflow/.local/lib/python3.12/site-packages/airflow/example_dags/example_python_decorator.py for tasks to queue
[2026-09-17T20:13:41.918+0000] {logging_mixin.py:190} INFO - [2026-09-17T20:13:41.917+0000] {dagbag.py:588} INFO - Filling up the DagBag from /home/airflow/.local/lib/python3.12/site-packages/airflow/example_dags/example_python_decorator.py
[2026-09-17T20:13:41.933+0000] {processor.py:925} INFO - DAG(s) 'example_python_decorator' retrieved from /home/airflow/.local/lib/python3.12/site-packages/airflow/example_dags/example_python_decorator.py
[2026-09-17T20:13:41.967+0000] {logging_mixin.py:190} INFO - [2026-09-17T20:13:41.966+0000] {dag.py:3239} INFO - Sync 1 DAGs
[2026-09-17T20:13:41.986+0000] {logging_mixin.py:190} INFO - [2026-09-17T20:13:41.985+0000] {dag.py:4180} INFO - Setting next_dagrun for example_python_decorator to None, run_after=None
[2026-09-17T20:13:42.013+0000] {processor.py:208} INFO - Processing /home/airflow/.local/lib/python3.12/site-packages/airflow/example_dags/example_python_decorator.py took 0.105 seconds
[2026-09-17T20:14:12.278+0000] {processor.py:186} INFO - Started process (PID=635) to work on /home/airflow/.local/lib/python3.12/site-packages/airflow/example_dags/example_python_decorator.py
[2026-09-17T20:14:12.279+0000] {processor.py:914} INFO - Processing file /home/airflow/.local/lib/python3.12/site-packages/airflow/example_dags/example_python_decorator.py for tasks to queue
[2026-09-17T20:14:12.281+0000] {logging_mixin.py:190} INFO - [2026-09-17T20:14:12.281+0000] {dagbag.py:588} INFO - Filling up the DagBag from /home/airflow/.local/lib/python3.12/site-packages/airflow/example_dags/example_python_decorator.py
[2026-09-17T20:14:12.298+0000] {processor.py:925} INFO - DAG(s) 'example_python_decorator' retrieved from /home/airflow/.local/lib/python3.12/site-packages/airflow/example_dags/example_python_decorator.py
[2026-09-17T20:14:12.327+0000] {logging_mixin.py:190} INFO - [2026-09-17T20:14:12.326+0000] {dag.py:3239} INFO - Sync 1 DAGs
[2026-09-17T20:14:12.342+0000] {logging_mixin.py:190} INFO - [2026-09-17T20:14:12.342+0000] {dag.py:4180} INFO - Setting next_dagrun for example_python_decorator to None, run_after=None
[2026-09-17T20:14:12.366+0000] {processor.py:208} INFO - Processing /home/airflow/.local/lib/python3.12/site-packages/airflow/example_dags/example_python_decorator.py took 0.095 seconds
[2026-09-17T20:14:42.722+0000] {processor.py:186} INFO - Started process (PID=700) to work on /home/airflow/.local/lib/python3.12/site-packages/airflow/example_dags/example_python_decorator.py
[2026-09-17T20:14:42.724+0000] {processor.py:914} INFO - Processing file /home/airflow/.local/lib/python3.12/site-packages/airflow/example_dags/example_python_decorator.py for tasks to queue
[2026-09-17T20:14:42.727+0000] {logging_mixin.py:190} INFO - [2026-09-17T20:14:42.727+0000] {dagbag.py:588} INFO - Filling up the DagBag from /home/airflow/.local/lib/python3.12/site-packages/airflow/example_dags/example_python_decorator.py
[2026-09-17T20:14:42.745+0000] {processor.py:925} INFO - DAG(s) 'example_python_decorator' retrieved from /home/airflow/.local/lib/python3.12/site-packages/airflow/example_dags/example_python_decorator.py
[2026-09-17T20:14:42.785+0000] {logging_mixin.py:190} INFO - [2026-09-17T20:14:42.785+0000] {dag.py:3239} INFO - Sync 1 DAGs
[2026-09-17T20:14:42.808+0000] {logging_mixin.py:190} INFO - [2026-09-17T20:14:42.807+0000] {dag.py:4180} INFO - Setting next_dagrun for example_python_decorator to None, run_after=None
[2026-09-17T20:14:42.833+0000] {processor.py:208} INFO - Processing /home/airflow/.local/lib/python3.12/site-packages/airflow/example_dags/example_python_decorator.py took 0.117 seconds
[2026-09-17T20:15:13.061+0000] {processor.py:186} INFO - Started process (PID=765) to work on /home/airflow/.local/lib/python3.12/site-packages/airflow/example_dags/example_python_decorator.py
[2026-09-17T20:15:13.063+0000] {processor.py:914} INFO - Processing file /home/airflow/.local/lib/python3.12/site-packages/airflow/example_dags/example_python_decorator.py for tasks to queue
[2026-09-17T20:15:13.066+0000] {logging_mixin.py:190} INFO - [2026-09-17T20:15:13.065+0000] {dagbag.py:588} INFO - Filling up the DagBag from /home/airflow/.local/lib/python3.12/site-packages/airflow/example_dags/example_python_decorator.py
[2026-09-17T20:15:13.084+0000] {processor.py:925} INFO - DAG(s) 'example_python_decorator' retrieved from /home/airflow/.local/lib/python3.12/site-packages/airflow/example_dags/example_python_decorator.py
[2026-09-17T20:15:13.117+0000] {logging_mixin.py:190} INFO - [2026-09-17T20:15:13.116+0000] {dag.py:3239} INFO - Sync 1 DAGs
[2026-09-17T20:15:13.132+0000] {logging_mixin.py:190} INFO - [2026-09-17T20:15:13.131+0000] {dag.py:4180} INFO - Setting next_dagrun for example_python_decorator to None, run_after=None
[2026-09-17T20:15:13.160+0000] {processor.py:208} INFO - Processing /home/airflow/.local/lib/python3.12/site-packages/airflow/example_dags/example_python_decorator.py took 0.105 seconds
[2026-09-17T20:15:43.246+0000] {processor.py:186} INFO - Started process (PID=829) to work on /home/airflow/.local/lib/python3.12/site-packages/airflow/example_dags/example_python_decorator.py
[2026-09-17T20:15:43.248+0000] {processor.py:914} INFO - Processing file /home/airflow/.local/lib/python3.12/site-packages/airflow/example_dags/example_python_decorator.py for tasks to queue
[2026-09-17T20:15:43.251+0000] {logging_mixin.py:190} INFO - [2026-09-17T20:15:43.251+0000] {dagbag.py:588} INFO - Filling up the DagBag from /home/airflow/.local/lib/python3.12/site-packages/airflow/example_dags/example_python_decorator.py
[2026-09-17T20:15:43.274+0000] {processor.py:925} INFO - DAG(s) 'example_python_decorator' retrieved from /home/airflow/.local/lib/python3.12/site-packages/airflow/example_dags/example_python_decorator.py
[2026-09-17T20:15:43.309+0000] {logging_mixin.py:190} INFO - [2026-09-17T20:15:43.308+0000] {dag.py:3239} INFO - Sync 1 DAGs
[2026-09-17T20:15:43.330+0000] {logging_mixin.py:190} INFO - [2026-09-17T20:15:43.330+0000] {dag.py:4180} INFO - Setting next_dagrun for example_python_decorator to None, run_after=None
[2026-09-17T20:15:43.366+0000] {processor.py:208} INFO - Processing /home/airflow/.local/lib/python3.12/site-packages/airflow/example_dags/example_python_decorator.py took 0.128 seconds
[2026-09-17T20:16:13.854+0000] {processor.py:186} INFO - Started process (PID=887) to work on /home/airflow/.local/lib/python3.12/site-packages/airflow/example_dags/example_python_decorator.py
[2026-09-17T20:16:13.856+0000] {processor.py:914} INFO - Processing file /home/airflow/.local/lib/python3.12/site-packages/airflow/example_dags/example_python_decorator.py for tasks to queue
[2026-09-17T20:16:13.859+0000] {logging_mixin.py:190} INFO - [2026-09-17T20:16:13.858+0000] {dagbag.py:588} INFO - Filling up the DagBag from /home/airflow/.local/lib/python3.12/site-packages/airflow/example_dags/example_python_decorator.py
[2026-09-17T20:16:13.875+0000] {processor.py:925} INFO - DAG(s) 'example_python_decorator' retrieved from /home/airflow/.local/lib/python3.12/site-packages/airflow/example_dags/example_python_decorator.py
[2026-09-17T20:16:13.901+0000] {logging_mixin.py:190} INFO - [2026-09-17T20:16:13.901+0000] {dag.py:3239} INFO - Sync 1 DAGs
[2026-09-17T20:16:13.918+0000] {logging_mixin.py:190} INFO - [2026-09-17T20:16:13.917+0000] {dag.py:4180} INFO - Setting next_dagrun for example_python_decorator to None, run_after=None
[2026-09-17T20:16:13.939+0000] {processor.py:208} INFO - Processing /home/airflow/.local/lib/python3.12/site-packages/airflow/example_dags/example_python_decorator.py took 0.091 seconds
[2026-09-17T20:16:44.133+0000] {processor.py:186} INFO - Started process (PID=952) to work on /home/airflow/.local/lib/python3.12/site-packages/airflow/example_dags/example_python_decorator.py
[2026-09-17T20:16:44.135+0000] {processor.py:914} INFO - Processing file /home/airflow/.local/lib/python3.12/site-packages/airflow/example_dags/example_python_decorator.py for tasks to queue
[2026-09-17T20:16:44.137+0000] {logging_mixin.py:190} INFO - [2026-09-17T20:16:44.137+0000] {dagbag.py:588} INFO - Filling up the DagBag from /home/airflow/.local/lib/python3.12/site-packages/airflow/example_dags/example_python_decorator.py
[2026-09-17T20:16:44.152+0000] {processor.py:925} INFO - DAG(s) 'example_python_decorator' retrieved from /home/airflow/.local/lib/python3.12/site-packages/airflow/example_dags/example_python_decorator.py
[2026-09-17T20:16:44.181+0000] {logging_mixin.py:190} INFO - [2026-09-17T20:16:44.180+0000] {dag.py:3239} INFO - Sync 1 DAGs
[2026-09-17T20:16:44.197+0000] {logging_mixin.py:190} INFO - [2026-09-17T20:16:44.197+0000] {dag.py:4180} INFO - Setting next_dagrun for example_python_decorator to None, run_after=None
[2026-09-17T20:16:44.224+0000] {processor.py:208} INFO - Processing /home/airflow/.local/lib/python3.12/site-packages/airflow/example_dags/example_python_decorator.py took 0.097 seconds
[2026-09-17T20:17:15.076+0000] {processor.py:186} INFO - Started process (PID=1017) to work on /home/airflow/.local/lib/python3.12/site-packages/airflow/example_dags/example_python_decorator.py
[2026-09-17T20:17:15.077+0000] {processor.py:914} INFO - Processing file /home/airflow/.local/lib/python3.12/site-packages/airflow/example_dags/example_python_decorator.py for tasks to queue
[2026-09-17T20:17:15.080+0000] {logging_mixin.py:190} INFO - [2026-09-17T20:17:15.079+0000] {dagbag.py:588} INFO - Filling up the DagBag from /home/airflow/.local/lib/python3.12/site-packages/airflow/example_dags/example_python_decorator.py
[2026-09-17T20:17:15.096+0000] {processor.py:925} INFO - DAG(s) 'example_python_decorator' retrieved from /home/airflow/.local/lib/python3.12/site-packages/airflow/example_dags/example_python_decorator.py
[2026-09-17T20:17:15.124+0000] {logging_mixin.py:190} INFO - [2026-09-17T20:17:15.123+0000] {dag.py:3239} INFO - Sync 1 DAGs
[2026-09-17T20:17:15.139+0000] {logging_mixin.py:190} INFO - [2026-09-17T20:17:15.139+0000] {dag.py:4180} INFO - Setting next_dagrun for example_python_decorator to None, run_after=None
[2026-09-17T20:17:15.163+0000] {processor.py:208} INFO - Processing /home/airflow/.local/lib/python3.12/site-packages/airflow/example_dags/example_python_decorator.py took 0.094 seconds
[2026-09-17T20:17:46.106+0000] {processor.py:186} INFO - Started process (PID=1082) to work on /home/airflow/.local/lib/python3.12/site-packages/airflow/example_dags/example_python_decorator.py
[2026-09-17T20:17:46.108+0000] {processor.py:914} INFO - Processing file /home/airflow/.local/lib/python3.12/site-packages/airflow/example_dags/example_python_decorator.py for tasks to queue
[2026-09-17T20:17:46.110+0000] {logging_mixin.py:190} INFO - [2026-09-17T20:17:46.110+0000] {dagbag.py:588} INFO - Filling up the DagBag from /home/airflow/.local/lib/python3.12/site-packages/airflow/example_dags/example_python_decorator.py
[2026-09-17T20:17:46.126+0000] {processor.py:925} INFO - DAG(s) 'example_python_decorator' retrieved from /home/airflow/.local/lib/python3.12/site-packages/airflow/example_dags/example_python_decorator.py
[2026-09-17T20:17:46.156+0000] {logging_mixin.py:190} INFO - [2026-09-17T20:17:46.155+0000] {dag.py:3239} INFO - Sync 1 DAGs
[2026-09-17T20:17:46.171+0000] {logging_mixin.py:190} INFO - [2026-09-17T20:17:46.171+0000] {dag.py:4180} INFO - Setting next_dagrun for example_python_decorator to None, run_after=None
[2026-09-17T20:17:46.194+0000] {processor.py:208} INFO - Processing /home/airflow/.local/lib/python3.12/site-packages/airflow/example_dags/example_python_decorator.py took 0.094 seconds
[2026-09-17T20:18:16.593+0000] {processor.py:186} INFO - Started process (PID=1147) to work on /home/airflow/.local/lib/python3.12/site-packages/airflow/example_dags/example_python_decorator.py
[2026-09-17T20:18:16.595+0000] {processor.py:914} INFO - Processing file /home/airflow/.local/lib/python3.12/site-packages/airflow/example_dags/example_python_decorator.py for tasks to queue
[2026-09-17T20:18:16.597+0000] {logging_mixin.py:190} INFO - [2026-09-17T20:18:16.597+0000] {dagbag.py:588} INFO - Filling up the DagBag from /home/airflow/.local/lib/python3.12/site-packages/airflow/example_dags/example_python_decorator.py
[2026-09-17T20:18:16.614+0000] {processor.py:925} INFO - DAG(s) 'example_python_decorator' retrieved from /home/airflow/.local/lib/python3.12/site-packages/airflow/example_dags/example_python_decorator.py
[2026-09-17T20:18:16.642+0000] {logging_mixin.py:190} INFO - [2026-09-17T20:18:16.641+0000] {dag.py:3239} INFO - Sync 1 DAGs
[2026-09-17T20:18:16.655+0000] {logging_mixin.py:190} INFO - [2026-09-17T20:18:16.655+0000] {dag.py:4180} INFO - Setting next_dagrun for example_python_decorator to None, run_after=None
[2026-09-17T20:18:16.682+0000] {processor.py:208} INFO - Processing /home/airflow/.local/lib/python3.12/site-packages/airflow/example_dags/example_python_decorator.py took 0.095 seconds
[2026-09-17T20:18:47.637+0000] {processor.py:186} INFO - Started process (PID=1212) to work on /home/airflow/.local/lib/python3.12/site-packages/airflow/example_dags/example_python_decorator.py
[2026-09-17T20:18:47.639+0000] {processor.py:914} INFO - Processing file /home/airflow/.local/lib/python3.12/site-packages/airflow/example_dags/example_python_decorator.py for tasks to queue
[2026-09-17T20:18:47.641+0000] {logging_mixin.py:190} INFO - [2026-09-17T20:18:47.641+0000] {dagbag.py:588} INFO - Filling up the DagBag from /home/airflow/.local/lib/python3.12/site-packages/airflow/example_dags/example_python_decorator.py
[2026-09-17T20:18:47.657+0000] {processor.py:925} INFO - DAG(s) 'example_python_decorator' retrieved from /home/airflow/.local/lib/python3.12/site-packages/airflow/example_dags/example_python_decorator.py
[2026-09-17T20:18:47.686+0000] {logging_mixin.py:190} INFO - [2026-09-17T20:18:47.686+0000] {dag.py:3239} INFO - Sync 1 DAGs
[2026-09-17T20:18:47.702+0000] {logging_mixin.py:190} INFO - [2026-09-17T20:18:47.701+0000] {dag.py:4180} INFO - Setting next_dagrun for example_python_decorator to None, run_after=None
[2026-09-17T20:18:47.727+0000] {processor.py:208} INFO - Processing /home/airflow/.local/lib/python3.12/site-packages/airflow/example_dags/example_python_decorator.py took 0.096 seconds
[2026-09-17T20:19:18.123+0000] {processor.py:186} INFO - Started process (PID=1278) to work on /home/airflow/.local/lib/python3.12/site-packages/airflow/example_dags/example_python_decorator.py
[2026-09-17T20:19:18.125+0000] {processor.py:914} INFO - Processing file /home/airflow/.local/lib/python3.12/site-packages/airflow/example_dags/example_python_decorator.py for tasks to queue
[2026-09-17T20:19:18.127+0000] {logging_mixin.py:190} INFO - [2026-09-17T20:19:18.126+0000] {dagbag.py:588} INFO - Filling up the DagBag from /home/airflow/.local/lib/python3.12/site-packages/airflow/example_dags/example_python_decorator.py
[2026-09-17T20:19:18.142+0000] {processor.py:925} INFO - DAG(s) 'example_python_decorator' retrieved from /home/airflow/.local/lib/python3.12/site-packages/airflow/example_dags/example_python_decorator.py
[2026-09-17T20:19:18.167+0000] {logging_mixin.py:190} INFO - [2026-09-17T20:19:18.166+0000] {dag.py:3239} INFO - Sync 1 DAGs
[2026-09-17T20:19:18.180+0000] {logging_mixin.py:190} INFO - [2026-09-17T20:19:18.180+0000] {dag.py:4180} INFO - Setting next_dagrun for example_python_decorator to None, run_after=None
[2026-09-17T20:19:18.203+0000] {processor.py:208} INFO - Processing /home/airflow/.local/lib/python3.12/site-packages/airflow/example_dags/example_python_decorator.py took 0.087 seconds
[2026-09-17T20:19:48.431+0000] {processor.py:186} INFO - Started process (PID=1343) to work on /home/airflow/.local/lib/python3.12/site-packages/airflow/example_dags/example_python_decorator.py
[2026-09-17T20:19:48.434+0000] {processor.py:914} INFO - Processing file /home/airflow/.local/lib/python3.12/site-packages/airflow/example_dags/example_python_decorator.py for tasks to queue
[2026-09-17T20:19:48.436+0000] {logging_mixin.py:190} INFO - [2026-09-17T20:19:48.436+0000] {dagbag.py:588} INFO - Filling up the DagBag from /home/airflow/.local/lib/python3.12/site-packages/airflow/example_dags/example_python_decorator.py
[2026-09-17T20:19:48.453+0000] {processor.py:925} INFO - DAG(s) 'example_python_decorator' retrieved from /home/airflow/.local/lib/python3.12/site-packages/airflow/example_dags/example_python_decorator.py
[2026-09-17T20:19:48.483+0000] {logging_mixin.py:190} INFO - [2026-09-17T20:19:48.483+0000] {dag.py:3239} INFO - Sync 1 DAGs
[2026-09-17T20:19:48.500+0000] {logging_mixin.py:190} INFO - [2026-09-17T20:19:48.500+0000] {dag.py:4180} INFO - Setting next_dagrun for example_python_decorator to None, run_after=None
[2026-09-17T20:19:48.529+0000] {processor.py:208} INFO - Processing /home/airflow/.local/lib/python3.12/site-packages/airflow/example_dags/example_python_decorator.py took 0.104 seconds
[2026-09-17T20:20:18.887+0000] {processor.py:186} INFO - Started process (PID=1408) to work on /home/airflow/.local/lib/python3.12/site-packages/airflow/example_dags/example_python_decorator.py
[2026-09-17T20:20:18.889+0000] {processor.py:914} INFO - Processing file /home/airflow/.local/lib/python3.12/site-packages/airflow/example_dags/example_python_decorator.py for tasks to queue
[2026-09-17T20:20:18.891+0000] {logging_mixin.py:190} INFO - [2026-09-17T20:20:18.891+0000] {dagbag.py:588} INFO - Filling up the DagBag from /home/airflow/.local/lib/python3.12/site-packages/airflow/example_dags/example_python_decorator.py
[2026-09-17T20:20:18.909+0000] {processor.py:925} INFO - DAG(s) 'example_python_decorator' retrieved from /home/airflow/.local/lib/python3.12/site-packages/airflow/example_dags/example_python_decorator.py
[2026-09-17T20:20:18.939+0000] {logging_mixin.py:190} INFO - [2026-09-17T20:20:18.939+0000] {dag.py:3239} INFO - Sync 1 DAGs
[2026-09-17T20:20:18.955+0000] {logging_mixin.py:190} INFO - [2026-09-17T20:20:18.954+0000] {dag.py:4180} INFO - Setting next_dagrun for example_python_decorator to None, run_after=None
[2026-09-17T20:20:18.978+0000] {processor.py:208} INFO - Processing /home/airflow/.local/lib/python3.12/site-packages/airflow/example_dags/example_python_decorator.py took 0.098 seconds
[2026-09-17T20:20:49.736+0000] {processor.py:186} INFO - Started process (PID=1473) to work on /home/airflow/.local/lib/python3.12/site-packages/airflow/example_dags/example_python_decorator.py
[2026-09-17T20:20:49.739+0000] {processor.py:914} INFO - Processing file /home/airflow/.local/lib/python3.12/site-packages/airflow/example_dags/example_python_decorator.py for tasks to queue
[2026-09-17T20:20:49.741+0000] {logging_mixin.py:190} INFO - [2026-09-17T20:20:49.741+0000] {dagbag.py:588} INFO - Filling up the DagBag from /home/airflow/.local/lib/python3.12/site-packages/airflow/example_dags/example_python_decorator.py
[2026-09-17T20:20:49.756+0000] {processor.py:925} INFO - DAG(s) 'example_python_decorator' retrieved from /home/airflow/.local/lib/python3.12/site-packages/airflow/example_dags/example_python_decorator.py
[2026-09-17T20:20:49.786+0000] {logging_mixin.py:190} INFO - [2026-09-17T20:20:49.786+0000] {dag.py:3239} INFO - Sync 1 DAGs
[2026-09-17T20:20:49.802+0000] {logging_mixin.py:190} INFO - [2026-09-17T20:20:49.802+0000] {dag.py:4180} INFO - Setting next_dagrun for example_python_decorator to None, run_after=None
[2026-09-17T20:20:49.823+0000] {processor.py:208} INFO - Processing /home/airflow/.local/lib/python3.12/site-packages/airflow/example_dags/example_python_decorator.py took 0.094 seconds
[2026-09-17T20:21:20.243+0000] {processor.py:186} INFO - Started process (PID=1538) to work on /home/airflow/.local/lib/python3.12/site-packages/airflow/example_dags/example_python_decorator.py
[2026-09-17T20:21:20.245+0000] {processor.py:914} INFO - Processing file /home/airflow/.local/lib/python3.12/site-packages/airflow/example_dags/example_python_decorator.py for tasks to queue
[2026-09-17T20:21:20.248+0000] {logging_mixin.py:190} INFO - [2026-09-17T20:21:20.248+0000] {dagbag.py:588} INFO - Filling up the DagBag from /home/airflow/.local/lib/python3.12/site-packages/airflow/example_dags/example_python_decorator.py
[2026-09-17T20:21:20.270+0000] {processor.py:925} INFO - DAG(s) 'example_python_decorator' retrieved from /home/airflow/.local/lib/python3.12/site-packages/airflow/example_dags/example_python_decorator.py
[2026-09-17T20:21:20.306+0000] {logging_mixin.py:190} INFO - [2026-09-17T20:21:20.306+0000] {dag.py:3239} INFO - Sync 1 DAGs
[2026-09-17T20:21:20.320+0000] {logging_mixin.py:190} INFO - [2026-09-17T20:21:20.320+0000] {dag.py:4180} INFO - Setting next_dagrun for example_python_decorator to None, run_after=None
[2026-09-17T20:21:20.341+0000] {processor.py:208} INFO - Processing /home/airflow/.local/lib/python3.12/site-packages/airflow/example_dags/example_python_decorator.py took 0.105 seconds
[2026-09-17T20:21:50.560+0000] {processor.py:186} INFO - Started process (PID=1603) to work on /home/airflow/.local/lib/python3.12/site-packages/airflow/example_dags/example_python_decorator.py
[2026-09-17T20:21:50.562+0000] {processor.py:914} INFO - Processing file /home/airflow/.local/lib/python3.12/site-packages/airflow/example_dags/example_python_decorator.py for tasks to queue
[2026-09-17T20:21:50.566+0000] {logging_mixin.py:190} INFO - [2026-09-17T20:21:50.565+0000] {dagbag.py:588} INFO - Filling up the DagBag from /home/airflow/.local/lib/python3.12/site-packages/airflow/example_dags/example_python_decorator.py
[2026-09-17T20:21:50.583+0000] {processor.py:925} INFO - DAG(s) 'example_python_decorator' retrieved from /home/airflow/.local/lib/python3.12/site-packages/airflow/example_dags/example_python_decorator.py
[2026-09-17T20:21:50.615+0000] {logging_mixin.py:190} INFO - [2026-09-17T20:21:50.615+0000] {dag.py:3239} INFO - Sync 1 DAGs
[2026-09-17T20:21:50.631+0000] {logging_mixin.py:190} INFO - [2026-09-17T20:21:50.630+0000] {dag.py:4180} INFO - Setting next_dagrun for example_python_decorator to None, run_after=None
[2026-09-17T20:21:50.656+0000] {processor.py:208} INFO - Processing /home/airflow/.local/lib/python3.12/site-packages/airflow/example_dags/example_python_decorator.py took 0.103 seconds
[2026-09-17T20:22:21.574+0000] {processor.py:186} INFO - Started process (PID=1661) to work on /home/airflow/.local/lib/python3.12/site-packages/airflow/example_dags/example_python_decorator.py
[2026-09-17T20:22:21.576+0000] {processor.py:914} INFO - Processing file /home/airflow/.local/lib/python3.12/site-packages/airflow/example_dags/example_python_decorator.py for tasks to queue
[2026-09-17T20:22:21.580+0000] {logging_mixin.py:190} INFO - [2026-09-17T20:22:21.579+0000] {dagbag.py:588} INFO - Filling up the DagBag from /home/airflow/.local/lib/python3.12/site-packages/airflow/example_dags/example_python_decorator.py
[2026-09-17T20:22:21.609+0000] {processor.py:925} INFO - DAG(s) 'example_python_decorator' retrieved from /home/airflow/.local/lib/python3.12/site-packages/airflow/example_dags/example_python_decorator.py
[2026-09-17T20:22:21.650+0000] {logging_mixin.py:190} INFO - [2026-09-17T20:22:21.650+0000] {dag.py:3239} INFO - Sync 1 DAGs
[2026-09-17T20:22:21.675+0000] {logging_mixin.py:190} INFO - [2026-09-17T20:22:21.674+0000] {dag.py:4180} INFO - Setting next_dagrun for example_python_decorator to None, run_after=None
[2026-09-17T20:22:21.709+0000] {processor.py:208} INFO - Processing /home/airflow/.local/lib/python3.12/site-packages/airflow/example_dags/example_python_decorator.py took 0.143 seconds
[2026-09-17T20:22:52.096+0000] {processor.py:186} INFO - Started process (PID=1726) to work on /home/airflow/.local/lib/python3.12/site-packages/airflow/example_dags/example_python_decorator.py
[2026-09-17T20:22:52.098+0000] {processor.py:914} INFO - Processing file /home/airflow/.local/lib/python3.12/site-packages/airflow/example_dags/example_python_decorator.py for tasks to queue
[2026-09-17T20:22:52.100+0000] {logging_mixin.py:190} INFO - [2026-09-17T20:22:52.100+0000] {dagbag.py:588} INFO - Filling up the DagBag from /home/airflow/.local/lib/python3.12/site-packages/airflow/example_dags/example_python_decorator.py
[2026-09-17T20:22:52.117+0000] {processor.py:925} INFO - DAG(s) 'example_python_decorator' retrieved from /home/airflow/.local/lib/python3.12/site-packages/airflow/example_dags/example_python_decorator.py
[2026-09-17T20:22:52.145+0000] {logging_mixin.py:190} INFO - [2026-09-17T20:22:52.145+0000] {dag.py:3239} INFO - Sync 1 DAGs
[2026-09-17T20:22:52.161+0000] {logging_mixin.py:190} INFO - [2026-09-17T20:22:52.161+0000] {dag.py:4180} INFO - Setting next_dagrun for example_python_decorator to None, run_after=None
[2026-09-17T20:22:52.187+0000] {processor.py:208} INFO - Processing /home/airflow/.local/lib/python3.12/site-packages/airflow/example_dags/example_python_decorator.py took 0.097 seconds
[2026-09-17T20:23:22.355+0000] {processor.py:186} INFO - Started process (PID=1791) to work on /home/airflow/.local/lib/python3.12/site-packages/airflow/example_dags/example_python_decorator.py
[2026-09-17T20:23:22.358+0000] {processor.py:914} INFO - Processing file /home/airflow/.local/lib/python3.12/site-packages/airflow/example_dags/example_python_decorator.py for tasks to queue
[2026-09-17T20:23:22.360+0000] {logging_mixin.py:190} INFO - [2026-09-17T20:23:22.359+0000] {dagbag.py:588} INFO - Filling up the DagBag from /home/airflow/.local/lib/python3.12/site-packages/airflow/example_dags/example_python_decorator.py
[2026-09-17T20:23:22.377+0000] {processor.py:925} INFO - DAG(s) 'example_python_decorator' retrieved from /home/airflow/.local/lib/python3.12/site-packages/airflow/example_dags/example_python_decorator.py
[2026-09-17T20:23:22.407+0000] {logging_mixin.py:190} INFO - [2026-09-17T20:23:22.407+0000] {dag.py:3239} INFO - Sync 1 DAGs
[2026-09-17T20:23:22.423+0000] {logging_mixin.py:190} INFO - [2026-09-17T20:23:22.422+0000] {dag.py:4180} INFO - Setting next_dagrun for example_python_decorator to None, run_after=None
[2026-09-17T20:23:22.447+0000] {processor.py:208} INFO - Processing /home/airflow/.local/lib/python3.12/site-packages/airflow/example_dags/example_python_decorator.py took 0.099 seconds
[2026-09-17T20:23:52.577+0000] {processor.py:186} INFO - Started process (PID=1856) to work on /home/airflow/.local/lib/python3.12/site-packages/airflow/example_dags/example_python_decorator.py
[2026-09-17T20:23:52.579+0000] {processor.py:914} INFO - Processing file /home/airflow/.local/lib/python3.12/site-packages/airflow/example_dags/example_python_decorator.py for tasks to queue
[2026-09-17T20:23:52.581+0000] {logging_mixin.py:190} INFO - [2026-09-17T20:23:52.581+0000] {dagbag.py:588} INFO - Filling up the DagBag from /home/airflow/.local/lib/python3.12/site-packages/airflow/example_dags/example_python_decorator.py
[2026-09-17T20:23:52.596+0000] {processor.py:925} INFO - DAG(s) 'example_python_decorator' retrieved from /home/airflow/.local/lib/python3.12/site-packages/airflow/example_dags/example_python_decorator.py
[2026-09-17T20:23:52.626+0000] {logging_mixin.py:190} INFO - [2026-09-17T20:23:52.626+0000] {dag.py:3239} INFO - Sync 1 DAGs
[2026-09-17T20:23:52.645+0000] {logging_mixin.py:190} INFO - [2026-09-17T20:23:52.645+0000] {dag.py:4180} INFO - Setting next_dagrun for example_python_decorator to None, run_after=None
[2026-09-17T20:23:52.676+0000] {processor.py:208} INFO - Processing /home/airflow/.local/lib/python3.12/site-packages/airflow/example_dags/example_python_decorator.py took 0.104 seconds
[2026-09-17T20:24:22.746+0000] {processor.py:186} INFO - Started process (PID=1920) to work on /home/airflow/.local/lib/python3.12/site-packages/airflow/example_dags/example_python_decorator.py
[2026-09-17T20:24:22.747+0000] {processor.py:914} INFO - Processing file /home/airflow/.local/lib/python3.12/site-packages/airflow/example_dags/example_python_decorator.py for tasks to queue
[2026-09-17T20:24:22.749+0000] {logging_mixin.py:190} INFO - [2026-09-17T20:24:22.749+0000] {dagbag.py:588} INFO - Filling up the DagBag from /home/airflow/.local/lib/python3.12/site-packages/airflow/example_dags/example_python_decorator.py
[2026-09-17T20:24:22.766+0000] {processor.py:925} INFO - DAG(s) 'example_python_decorator' retrieved from /home/airflow/.local/lib/python3.12/site-packages/airflow/example_dags/example_python_decorator.py
[2026-09-17T20:24:22.794+0000] {logging_mixin.py:190} INFO - [2026-09-17T20:24:22.794+0000] {dag.py:3239} INFO - Sync 1 DAGs
[2026-09-17T20:24:22.811+0000] {logging_mixin.py:190} INFO - [2026-09-17T20:24:22.811+0000] {dag.py:4180} INFO - Setting next_dagrun for example_python_decorator to None, run_after=None
[2026-09-17T20:24:22.837+0000] {processor.py:208} INFO - Processing /home/airflow/.local/lib/python3.12/site-packages/airflow/example_dags/example_python_decorator.py took 0.098 seconds
[2026-09-17T20:24:53.732+0000] {processor.py:186} INFO - Started process (PID=1984) to work on /home/airflow/.local/lib/python3.12/site-packages/airflow/example_dags/example_python_decorator.py
[2026-09-17T20:24:53.734+0000] {processor.py:914} INFO - Processing file /home/airflow/.local/lib/python3.12/site-packages/airflow/example_dags/example_python_decorator.py for tasks to queue
[2026-09-17T20:24:53.737+0000] {logging_mixin.py:190} INFO - [2026-09-17T20:24:53.736+0000] {dagbag.py:588} INFO - Filling up the DagBag from /home/airflow/.local/lib/python3.12/site-packages/airflow/example_dags/example_python_decorator.py
[2026-09-17T20:24:53.753+0000] {processor.py:925} INFO - DAG(s) 'example_python_decorator' retrieved from /home/airflow/.local/lib/python3.12/site-packages/airflow/example_dags/example_python_decorator.py
[2026-09-17T20:24:53.784+0000] {logging_mixin.py:190} INFO - [2026-09-17T20:24:53.784+0000] {dag.py:3239} INFO - Sync 1 DAGs
[2026-09-17T20:24:53.799+0000] {logging_mixin.py:190} INFO - [2026-09-17T20:24:53.798+0000] {dag.py:4180} INFO - Setting next_dagrun for example_python_decorator to None, run_after=None
[2026-09-17T20:24:53.820+0000] {processor.py:208} INFO - Processing /home/airflow/.local/lib/python3.12/site-packages/airflow/example_dags/example_python_decorator.py took 0.094 seconds
[2026-09-17T20:25:24.527+0000] {processor.py:186} INFO - Started process (PID=2048) to work on /home/airflow/.local/lib/python3.12/site-packages/airflow/example_dags/example_python_decorator.py
[2026-09-17T20:25:24.529+0000] {processor.py:914} INFO - Processing file /home/airflow/.local/lib/python3.12/site-packages/airflow/example_dags/example_python_decorator.py for tasks to queue
[2026-09-17T20:25:24.532+0000] {logging_mixin.py:190} INFO - [2026-09-17T20:25:24.531+0000] {dagbag.py:588} INFO - Filling up the DagBag from /home/airflow/.local/lib/python3.12/site-packages/airflow/example_dags/example_python_decorator.py
[2026-09-17T20:25:24.547+0000] {processor.py:925} INFO - DAG(s) 'example_python_decorator' retrieved from /home/airflow/.local/lib/python3.12/site-packages/airflow/example_dags/example_python_decorator.py
[2026-09-17T20:25:24.578+0000] {logging_mixin.py:190} INFO - [2026-09-17T20:25:24.578+0000] {dag.py:3239} INFO - Sync 1 DAGs
[2026-09-17T20:25:24.594+0000] {logging_mixin.py:190} INFO - [2026-09-17T20:25:24.593+0000] {dag.py:4180} INFO - Setting next_dagrun for example_python_decorator to None, run_after=None
[2026-09-17T20:25:24.617+0000] {processor.py:208} INFO - Processing /home/airflow/.local/lib/python3.12/site-packages/airflow/example_dags/example_python_decorator.py took 0.096 seconds
[2026-09-17T20:25:56.225+0000] {processor.py:186} INFO - Started process (PID=2110) to work on /home/airflow/.local/lib/python3.12/site-packages/airflow/example_dags/example_python_decorator.py
[2026-09-17T20:25:56.227+0000] {processor.py:914} INFO - Processing file /home/airflow/.local/lib/python3.12/site-packages/airflow/example_dags/example_python_decorator.py for tasks to queue
[2026-09-17T20:25:56.229+0000] {logging_mixin.py:190} INFO - [2026-09-17T20:25:56.229+0000] {dagbag.py:588} INFO - Filling up the DagBag from /home/airflow/.local/lib/python3.12/site-packages/airflow/example_dags/example_python_decorator.py
[2026-09-17T20:25:56.252+0000] {processor.py:925} INFO - DAG(s) 'example_python_decorator' retrieved from /home/airflow/.local/lib/python3.12/site-packages/airflow/example_dags/example_python_decorator.py
[2026-09-17T20:25:56.285+0000] {logging_mixin.py:190} INFO - [2026-09-17T20:25:56.285+0000] {dag.py:3239} INFO - Sync 1 DAGs
[2026-09-17T20:25:56.302+0000] {logging_mixin.py:190} INFO - [2026-09-17T20:25:56.302+0000] {dag.py:4180} INFO - Setting next_dagrun for example_python_decorator to None, run_after=None
[2026-09-17T20:25:56.325+0000] {processor.py:208} INFO - Processing /home/airflow/.local/lib/python3.12/site-packages/airflow/example_dags/example_python_decorator.py took 0.107 seconds
[2026-09-17T20:26:26.700+0000] {processor.py:186} INFO - Started process (PID=2175) to work on /home/airflow/.local/lib/python3.12/site-packages/airflow/example_dags/example_python_decorator.py
[2026-09-17T20:26:26.702+0000] {processor.py:914} INFO - Processing file /home/airflow/.local/lib/python3.12/site-packages/airflow/example_dags/example_python_decorator.py for tasks to queue
[2026-09-17T20:26:26.705+0000] {logging_mixin.py:190} INFO - [2026-09-17T20:26:26.704+0000] {dagbag.py:588} INFO - Filling up the DagBag from /home/airflow/.local/lib/python3.12/site-packages/airflow/example_dags/example_python_decorator.py
[2026-09-17T20:26:26.720+0000] {processor.py:925} INFO - DAG(s) 'example_python_decorator' retrieved from /home/airflow/.local/lib/python3.12/site-packages/airflow/example_dags/example_python_decorator.py
[2026-09-17T20:26:26.749+0000] {logging_mixin.py:190} INFO - [2026-09-17T20:26:26.749+0000] {dag.py:3239} INFO - Sync 1 DAGs
[2026-09-17T20:26:26.764+0000] {logging_mixin.py:190} INFO - [2026-09-17T20:26:26.764+0000] {dag.py:4180} INFO - Setting next_dagrun for example_python_decorator to None, run_after=None
[2026-09-17T20:26:26.784+0000] {processor.py:208} INFO - Processing /home/airflow/.local/lib/python3.12/site-packages/airflow/example_dags/example_python_decorator.py took 0.090 seconds
[2026-09-17T20:26:58.931+0000] {processor.py:186} INFO - Started process (PID=2236) to work on /home/airflow/.local/lib/python3.12/site-packages/airflow/example_dags/example_python_decorator.py
[2026-09-17T20:26:58.933+0000] {processor.py:914} INFO - Processing file /home/airflow/.local/lib/python3.12/site-packages/airflow/example_dags/example_python_decorator.py for tasks to queue
[2026-09-17T20:26:58.937+0000] {logging_mixin.py:190} INFO - [2026-09-17T20:26:58.936+0000] {dagbag.py:588} INFO - Filling up the DagBag from /home/airflow/.local/lib/python3.12/site-packages/airflow/example_dags/example_python_decorator.py
[2026-09-17T20:26:58.963+0000] {processor.py:925} INFO - DAG(s) 'example_python_decorator' retrieved from /home/airflow/.local/lib/python3.12/site-packages/airflow/example_dags/example_python_decorator.py
[2026-09-17T20:26:59.005+0000] {logging_mixin.py:190} INFO - [2026-09-17T20:26:59.005+0000] {dag.py:3239} INFO - Sync 1 DAGs
[2026-09-17T20:26:59.025+0000] {logging_mixin.py:190} INFO - [2026-09-17T20:26:59.024+0000] {dag.py:4180} INFO - Setting next_dagrun for example_python_decorator to None, run_after=None
[2026-09-17T20:26:59.056+0000] {processor.py:208} INFO - Processing /home/airflow/.local/lib/python3.12/site-packages/airflow/example_dags/example_python_decorator.py took 0.133 seconds
[2026-09-17T20:28:33.988+0000] {processor.py:186} INFO - Started process (PID=59) to work on /home/airflow/.local/lib/python3.12/site-packages/airflow/example_dags/example_python_decorator.py
[2026-09-17T20:28:33.990+0000] {processor.py:914} INFO - Processing file /home/airflow/.local/lib/python3.12/site-packages/airflow/example_dags/example_python_decorator.py for tasks to queue
[2026-09-17T20:28:33.992+0000] {logging_mixin.py:190} INFO - [2026-09-17T20:28:33.992+0000] {dagbag.py:588} INFO - Filling up the DagBag from /home/airflow/.local/lib/python3.12/site-packages/airflow/example_dags/example_python_decorator.py
[2026-09-17T20:28:34.015+0000] {processor.py:925} INFO - DAG(s) 'example_python_decorator' retrieved from /home/airflow/.local/lib/python3.12/site-packages/airflow/example_dags/example_python_decorator.py
[2026-09-17T20:28:34.213+0000] {logging_mixin.py:190} INFO - [2026-09-17T20:28:34.212+0000] {dag.py:3239} INFO - Sync 1 DAGs
[2026-09-17T20:28:34.233+0000] {logging_mixin.py:190} INFO - [2026-09-17T20:28:34.232+0000] {dag.py:4180} INFO - Setting next_dagrun for example_python_decorator to None, run_after=None
[2026-09-17T20:28:34.266+0000] {processor.py:208} INFO - Processing /home/airflow/.local/lib/python3.12/site-packages/airflow/example_dags/example_python_decorator.py took 0.284 seconds
[2026-09-17T20:29:04.412+0000] {processor.py:186} INFO - Started process (PID=122) to work on /home/airflow/.local/lib/python3.12/site-packages/airflow/example_dags/example_python_decorator.py
[2026-09-17T20:29:04.414+0000] {processor.py:914} INFO - Processing file /home/airflow/.local/lib/python3.12/site-packages/airflow/example_dags/example_python_decorator.py for tasks to queue
[2026-09-17T20:29:04.416+0000] {logging_mixin.py:190} INFO - [2026-09-17T20:29:04.416+0000] {dagbag.py:588} INFO - Filling up the DagBag from /home/airflow/.local/lib/python3.12/site-packages/airflow/example_dags/example_python_decorator.py
[2026-09-17T20:29:04.432+0000] {processor.py:925} INFO - DAG(s) 'example_python_decorator' retrieved from /home/airflow/.local/lib/python3.12/site-packages/airflow/example_dags/example_python_decorator.py
[2026-09-17T20:29:04.468+0000] {logging_mixin.py:190} INFO - [2026-09-17T20:29:04.468+0000] {dag.py:3239} INFO - Sync 1 DAGs
[2026-09-17T20:29:04.488+0000] {logging_mixin.py:190} INFO - [2026-09-17T20:29:04.487+0000] {dag.py:4180} INFO - Setting next_dagrun for example_python_decorator to None, run_after=None
[2026-09-17T20:29:04.516+0000] {processor.py:208} INFO - Processing /home/airflow/.local/lib/python3.12/site-packages/airflow/example_dags/example_python_decorator.py took 0.110 seconds
[2026-09-17T20:29:34.935+0000] {processor.py:186} INFO - Started process (PID=180) to work on /home/airflow/.local/lib/python3.12/site-packages/airflow/example_dags/example_python_decorator.py
[2026-09-17T20:29:34.938+0000] {processor.py:914} INFO - Processing file /home/airflow/.local/lib/python3.12/site-packages/airflow/example_dags/example_python_decorator.py for tasks to queue
[2026-09-17T20:29:34.941+0000] {logging_mixin.py:190} INFO - [2026-09-17T20:29:34.941+0000] {dagbag.py:588} INFO - Filling up the DagBag from /home/airflow/.local/lib/python3.12/site-packages/airflow/example_dags/example_python_decorator.py
[2026-09-17T20:29:34.963+0000] {processor.py:925} INFO - DAG(s) 'example_python_decorator' retrieved from /home/airflow/.local/lib/python3.12/site-packages/airflow/example_dags/example_python_decorator.py
[2026-09-17T20:29:34.999+0000] {logging_mixin.py:190} INFO - [2026-09-17T20:29:34.998+0000] {dag.py:3239} INFO - Sync 1 DAGs
[2026-09-17T20:29:35.016+0000] {logging_mixin.py:190} INFO - [2026-09-17T20:29:35.016+0000] {dag.py:4180} INFO - Setting next_dagrun for example_python_decorator to None, run_after=None
[2026-09-17T20:29:35.042+0000] {processor.py:208} INFO - Processing /home/airflow/.local/lib/python3.12/site-packages/airflow/example_dags/example_python_decorator.py took 0.115 seconds
[2026-09-17T20:30:05.100+0000] {processor.py:186} INFO - Started process (PID=245) to work on /home/airflow/.local/lib/python3.12/site-packages/airflow/example_dags/example_python_decorator.py
[2026-09-17T20:30:05.102+0000] {processor.py:914} INFO - Processing file /home/airflow/.local/lib/python3.12/site-packages/airflow/example_dags/example_python_decorator.py for tasks to queue
[2026-09-17T20:30:05.104+0000] {logging_mixin.py:190} INFO - [2026-09-17T20:30:05.104+0000] {dagbag.py:588} INFO - Filling up the DagBag from /home/airflow/.local/lib/python3.12/site-packages/airflow/example_dags/example_python_decorator.py
[2026-09-17T20:30:05.121+0000] {processor.py:925} INFO - DAG(s) 'example_python_decorator' retrieved from /home/airflow/.local/lib/python3.12/site-packages/airflow/example_dags/example_python_decorator.py
[2026-09-17T20:30:05.146+0000] {logging_mixin.py:190} INFO - [2026-09-17T20:30:05.146+0000] {dag.py:3239} INFO - Sync 1 DAGs
[2026-09-17T20:30:05.162+0000] {logging_mixin.py:190} INFO - [2026-09-17T20:30:05.162+0000] {dag.py:4180} INFO - Setting next_dagrun for example_python_decorator to None, run_after=None
[2026-09-17T20:30:05.185+0000] {processor.py:208} INFO - Processing /home/airflow/.local/lib/python3.12/site-packages/airflow/example_dags/example_python_decorator.py took 0.091 seconds
[2026-09-17T20:30:35.263+0000] {processor.py:186} INFO - Started process (PID=310) to work on /home/airflow/.local/lib/python3.12/site-packages/airflow/example_dags/example_python_decorator.py
[2026-09-17T20:30:35.265+0000] {processor.py:914} INFO - Processing file /home/airflow/.local/lib/python3.12/site-packages/airflow/example_dags/example_python_decorator.py for tasks to queue
[2026-09-17T20:30:35.266+0000] {logging_mixin.py:190} INFO - [2026-09-17T20:30:35.266+0000] {dagbag.py:588} INFO - Filling up the DagBag from /home/airflow/.local/lib/python3.12/site-packages/airflow/example_dags/example_python_decorator.py
[2026-09-17T20:30:35.288+0000] {processor.py:925} INFO - DAG(s) 'example_python_decorator' retrieved from /home/airflow/.local/lib/python3.12/site-packages/airflow/example_dags/example_python_decorator.py
[2026-09-17T20:30:35.319+0000] {logging_mixin.py:190} INFO - [2026-09-17T20:30:35.319+0000] {dag.py:3239} INFO - Sync 1 DAGs
[2026-09-17T20:30:35.337+0000] {logging_mixin.py:190} INFO - [2026-09-17T20:30:35.337+0000] {dag.py:4180} INFO - Setting next_dagrun for example_python_decorator to None, run_after=None
[2026-09-17T20:30:35.361+0000] {processor.py:208} INFO - Processing /home/airflow/.local/lib/python3.12/site-packages/airflow/example_dags/example_python_decorator.py took 0.104 seconds
[2026-09-17T20:31:06.124+0000] {processor.py:186} INFO - Started process (PID=375) to work on /home/airflow/.local/lib/python3.12/site-packages/airflow/example_dags/example_python_decorator.py
[2026-09-17T20:31:06.126+0000] {processor.py:914} INFO - Processing file /home/airflow/.local/lib/python3.12/site-packages/airflow/example_dags/example_python_decorator.py for tasks to queue
[2026-09-17T20:31:06.128+0000] {logging_mixin.py:190} INFO - [2026-09-17T20:31:06.128+0000] {dagbag.py:588} INFO - Filling up the DagBag from /home/airflow/.local/lib/python3.12/site-packages/airflow/example_dags/example_python_decorator.py
[2026-09-17T20:31:06.144+0000] {processor.py:925} INFO - DAG(s) 'example_python_decorator' retrieved from /home/airflow/.local/lib/python3.12/site-packages/airflow/example_dags/example_python_decorator.py
[2026-09-17T20:31:06.185+0000] {logging_mixin.py:190} INFO - [2026-09-17T20:31:06.185+0000] {dag.py:3239} INFO - Sync 1 DAGs
[2026-09-17T20:31:06.203+0000] {logging_mixin.py:190} INFO - [2026-09-17T20:31:06.202+0000] {dag.py:4180} INFO - Setting next_dagrun for example_python_decorator to None, run_after=None
[2026-09-17T20:31:06.229+0000] {processor.py:208} INFO - Processing /home/airflow/.local/lib/python3.12/site-packages/airflow/example_dags/example_python_decorator.py took 0.111 seconds
[2026-09-17T20:31:36.558+0000] {processor.py:186} INFO - Started process (PID=440) to work on /home/airflow/.local/lib/python3.12/site-packages/airflow/example_dags/example_python_decorator.py
[2026-09-17T20:31:36.561+0000] {processor.py:914} INFO - Processing file /home/airflow/.local/lib/python3.12/site-packages/airflow/example_dags/example_python_decorator.py for tasks to queue
[2026-09-17T20:31:36.565+0000] {logging_mixin.py:190} INFO - [2026-09-17T20:31:36.564+0000] {dagbag.py:588} INFO - Filling up the DagBag from /home/airflow/.local/lib/python3.12/site-packages/airflow/example_dags/example_python_decorator.py
[2026-09-17T20:31:36.584+0000] {processor.py:925} INFO - DAG(s) 'example_python_decorator' retrieved from /home/airflow/.local/lib/python3.12/site-packages/airflow/example_dags/example_python_decorator.py
[2026-09-17T20:31:36.620+0000] {logging_mixin.py:190} INFO - [2026-09-17T20:31:36.620+0000] {dag.py:3239} INFO - Sync 1 DAGs
[2026-09-17T20:31:36.638+0000] {logging_mixin.py:190} INFO - [2026-09-17T20:31:36.637+0000] {dag.py:4180} INFO - Setting next_dagrun for example_python_decorator to None, run_after=None
[2026-09-17T20:31:36.662+0000] {processor.py:208} INFO - Processing /home/airflow/.local/lib/python3.12/site-packages/airflow/example_dags/example_python_decorator.py took 0.115 seconds
[2026-09-17T20:32:07.384+0000] {processor.py:186} INFO - Started process (PID=505) to work on /home/airflow/.local/lib/python3.12/site-packages/airflow/example_dags/example_python_decorator.py
[2026-09-17T20:32:07.386+0000] {processor.py:914} INFO - Processing file /home/airflow/.local/lib/python3.12/site-packages/airflow/example_dags/example_python_decorator.py for tasks to queue
[2026-09-17T20:32:07.387+0000] {logging_mixin.py:190} INFO - [2026-09-17T20:32:07.387+0000] {dagbag.py:588} INFO - Filling up the DagBag from /home/airflow/.local/lib/python3.12/site-packages/airflow/example_dags/example_python_decorator.py
[2026-09-17T20:32:07.403+0000] {processor.py:925} INFO - DAG(s) 'example_python_decorator' retrieved from /home/airflow/.local/lib/python3.12/site-packages/airflow/example_dags/example_python_decorator.py
[2026-09-17T20:32:07.433+0000] {logging_mixin.py:190} INFO - [2026-09-17T20:32:07.433+0000] {dag.py:3239} INFO - Sync 1 DAGs
[2026-09-17T20:32:07.448+0000] {logging_mixin.py:190} INFO - [2026-09-17T20:32:07.448+0000] {dag.py:4180} INFO - Setting next_dagrun for example_python_decorator to None, run_after=None
[2026-09-17T20:32:07.480+0000] {processor.py:208} INFO - Processing /home/airflow/.local/lib/python3.12/site-packages/airflow/example_dags/example_python_decorator.py took 0.101 seconds
[2026-09-17T20:32:40.843+0000] {processor.py:186} INFO - Started process (PID=570) to work on /home/airflow/.local/lib/python3.12/site-packages/airflow/example_dags/example_python_decorator.py
[2026-09-17T20:32:40.845+0000] {processor.py:914} INFO - Processing file /home/airflow/.local/lib/python3.12/site-packages/airflow/example_dags/example_python_decorator.py for tasks to queue
[2026-09-17T20:32:40.848+0000] {logging_mixin.py:190} INFO - [2026-09-17T20:32:40.847+0000] {dagbag.py:588} INFO - Filling up the DagBag from /home/airflow/.local/lib/python3.12/site-packages/airflow/example_dags/example_python_decorator.py
[2026-09-17T20:32:40.866+0000] {processor.py:925} INFO - DAG(s) 'example_python_decorator' retrieved from /home/airflow/.local/lib/python3.12/site-packages/airflow/example_dags/example_python_decorator.py
[2026-09-17T20:32:40.913+0000] {logging_mixin.py:190} INFO - [2026-09-17T20:32:40.912+0000] {dag.py:3239} INFO - Sync 1 DAGs
[2026-09-17T20:32:40.933+0000] {logging_mixin.py:190} INFO - [2026-09-17T20:32:40.932+0000] {dag.py:4180} INFO - Setting next_dagrun for example_python_decorator to None, run_after=None
[2026-09-17T20:32:40.964+0000] {processor.py:208} INFO - Processing /home/airflow/.local/lib/python3.12/site-packages/airflow/example_dags/example_python_decorator.py took 0.127 seconds
[2026-09-17T20:33:11.572+0000] {processor.py:186} INFO - Started process (PID=635) to work on /home/airflow/.local/lib/python3.12/site-packages/airflow/example_dags/example_python_decorator.py
[2026-09-17T20:33:11.575+0000] {processor.py:914} INFO - Processing file /home/airflow/.local/lib/python3.12/site-packages/airflow/example_dags/example_python_decorator.py for tasks to queue
[2026-09-17T20:33:11.578+0000] {logging_mixin.py:190} INFO - [2026-09-17T20:33:11.577+0000] {dagbag.py:588} INFO - Filling up the DagBag from /home/airflow/.local/lib/python3.12/site-packages/airflow/example_dags/example_python_decorator.py
[2026-09-17T20:33:11.593+0000] {processor.py:925} INFO - DAG(s) 'example_python_decorator' retrieved from /home/airflow/.local/lib/python3.12/site-packages/airflow/example_dags/example_python_decorator.py
[2026-09-17T20:33:11.620+0000] {logging_mixin.py:190} INFO - [2026-09-17T20:33:11.620+0000] {dag.py:3239} INFO - Sync 1 DAGs
[2026-09-17T20:33:11.634+0000] {logging_mixin.py:190} INFO - [2026-09-17T20:33:11.634+0000] {dag.py:4180} INFO - Setting next_dagrun for example_python_decorator to None, run_after=None
[2026-09-17T20:33:11.656+0000] {processor.py:208} INFO - Processing /home/airflow/.local/lib/python3.12/site-packages/airflow/example_dags/example_python_decorator.py took 0.091 seconds
[2026-09-17T20:33:42.421+0000] {processor.py:186} INFO - Started process (PID=700) to work on /home/airflow/.local/lib/python3.12/site-packages/airflow/example_dags/example_python_decorator.py
[2026-09-17T20:33:42.423+0000] {processor.py:914} INFO - Processing file /home/airflow/.local/lib/python3.12/site-packages/airflow/example_dags/example_python_decorator.py for tasks to queue
[2026-09-17T20:33:42.425+0000] {logging_mixin.py:190} INFO - [2026-09-17T20:33:42.425+0000] {dagbag.py:588} INFO - Filling up the DagBag from /home/airflow/.local/lib/python3.12/site-packages/airflow/example_dags/example_python_decorator.py
[2026-09-17T20:33:42.446+0000] {processor.py:925} INFO - DAG(s) 'example_python_decorator' retrieved from /home/airflow/.local/lib/python3.12/site-packages/airflow/example_dags/example_python_decorator.py
[2026-09-17T20:33:42.477+0000] {logging_mixin.py:190} INFO - [2026-09-17T20:33:42.476+0000] {dag.py:3239} INFO - Sync 1 DAGs
[2026-09-17T20:33:42.498+0000] {logging_mixin.py:190} INFO - [2026-09-17T20:33:42.498+0000] {dag.py:4180} INFO - Setting next_dagrun for example_python_decorator to None, run_after=None
[2026-09-17T20:33:42.525+0000] {processor.py:208} INFO - Processing /home/airflow/.local/lib/python3.12/site-packages/airflow/example_dags/example_python_decorator.py took 0.110 seconds
[2026-09-17T20:34:13.415+0000] {processor.py:186} INFO - Started process (PID=764) to work on /home/airflow/.local/lib/python3.12/site-packages/airflow/example_dags/example_python_decorator.py
[2026-09-17T20:34:13.419+0000] {processor.py:914} INFO - Processing file /home/airflow/.local/lib/python3.12/site-packages/airflow/example_dags/example_python_decorator.py for tasks to queue
[2026-09-17T20:34:13.423+0000] {logging_mixin.py:190} INFO - [2026-09-17T20:34:13.422+0000] {dagbag.py:588} INFO - Filling up the DagBag from /home/airflow/.local/lib/python3.12/site-packages/airflow/example_dags/example_python_decorator.py
[2026-09-17T20:34:13.458+0000] {processor.py:925} INFO - DAG(s) 'example_python_decorator' retrieved from /home/airflow/.local/lib/python3.12/site-packages/airflow/example_dags/example_python_decorator.py
[2026-09-17T20:34:13.500+0000] {logging_mixin.py:190} INFO - [2026-09-17T20:34:13.500+0000] {dag.py:3239} INFO - Sync 1 DAGs
[2026-09-17T20:34:13.522+0000] {logging_mixin.py:190} INFO - [2026-09-17T20:34:13.522+0000] {dag.py:4180} INFO - Setting next_dagrun for example_python_decorator to None, run_after=None
[2026-09-17T20:34:13.551+0000] {processor.py:208} INFO - Processing /home/airflow/.local/lib/python3.12/site-packages/airflow/example_dags/example_python_decorator.py took 0.144 seconds
[2026-09-17T20:34:44.175+0000] {processor.py:186} INFO - Started process (PID=822) to work on /home/airflow/.local/lib/python3.12/site-packages/airflow/example_dags/example_python_decorator.py
[2026-09-17T20:34:44.177+0000] {processor.py:914} INFO - Processing file /home/airflow/.local/lib/python3.12/site-packages/airflow/example_dags/example_python_decorator.py for tasks to queue
[2026-09-17T20:34:44.180+0000] {logging_mixin.py:190} INFO - [2026-09-17T20:34:44.179+0000] {dagbag.py:588} INFO - Filling up the DagBag from /home/airflow/.local/lib/python3.12/site-packages/airflow/example_dags/example_python_decorator.py
[2026-09-17T20:34:44.194+0000] {processor.py:925} INFO - DAG(s) 'example_python_decorator' retrieved from /home/airflow/.local/lib/python3.12/site-packages/airflow/example_dags/example_python_decorator.py
[2026-09-17T20:34:44.224+0000] {logging_mixin.py:190} INFO - [2026-09-17T20:34:44.224+0000] {dag.py:3239} INFO - Sync 1 DAGs
[2026-09-17T20:34:44.240+0000] {logging_mixin.py:190} INFO - [2026-09-17T20:34:44.240+0000] {dag.py:4180} INFO - Setting next_dagrun for example_python_decorator to None, run_after=None
[2026-09-17T20:34:44.261+0000] {processor.py:208} INFO - Processing /home/airflow/.local/lib/python3.12/site-packages/airflow/example_dags/example_python_decorator.py took 0.093 seconds
[2026-09-17T20:35:14.623+0000] {processor.py:186} INFO - Started process (PID=887) to work on /home/airflow/.local/lib/python3.12/site-packages/airflow/example_dags/example_python_decorator.py
[2026-09-17T20:35:14.625+0000] {processor.py:914} INFO - Processing file /home/airflow/.local/lib/python3.12/site-packages/airflow/example_dags/example_python_decorator.py for tasks to queue
[2026-09-17T20:35:14.627+0000] {logging_mixin.py:190} INFO - [2026-09-17T20:35:14.627+0000] {dagbag.py:588} INFO - Filling up the DagBag from /home/airflow/.local/lib/python3.12/site-packages/airflow/example_dags/example_python_decorator.py
[2026-09-17T20:35:14.644+0000] {processor.py:925} INFO - DAG(s) 'example_python_decorator' retrieved from /home/airflow/.local/lib/python3.12/site-packages/airflow/example_dags/example_python_decorator.py
[2026-09-17T20:35:14.674+0000] {logging_mixin.py:190} INFO - [2026-09-17T20:35:14.674+0000] {dag.py:3239} INFO - Sync 1 DAGs
[2026-09-17T20:35:14.689+0000] {logging_mixin.py:190} INFO - [2026-09-17T20:35:14.689+0000] {dag.py:4180} INFO - Setting next_dagrun for example_python_decorator to None, run_after=None
[2026-09-17T20:35:14.714+0000] {processor.py:208} INFO - Processing /home/airflow/.local/lib/python3.12/site-packages/airflow/example_dags/example_python_decorator.py took 0.098 seconds
[2026-09-17T20:35:44.949+0000] {processor.py:186} INFO - Started process (PID=952) to work on /home/airflow/.local/lib/python3.12/site-packages/airflow/example_dags/example_python_decorator.py
[2026-09-17T20:35:44.951+0000] {processor.py:914} INFO - Processing file /home/airflow/.local/lib/python3.12/site-packages/airflow/example_dags/example_python_decorator.py for tasks to queue
[2026-09-17T20:35:44.953+0000] {logging_mixin.py:190} INFO - [2026-09-17T20:35:44.953+0000] {dagbag.py:588} INFO - Filling up the DagBag from /home/airflow/.local/lib/python3.12/site-packages/airflow/example_dags/example_python_decorator.py
[2026-09-17T20:35:44.968+0000] {processor.py:925} INFO - DAG(s) 'example_python_decorator' retrieved from /home/airflow/.local/lib/python3.12/site-packages/airflow/example_dags/example_python_decorator.py
[2026-09-17T20:35:45.001+0000] {logging_mixin.py:190} INFO - [2026-09-17T20:35:45.001+0000] {dag.py:3239} INFO - Sync 1 DAGs
[2026-09-17T20:35:45.017+0000] {logging_mixin.py:190} INFO - [2026-09-17T20:35:45.017+0000] {dag.py:4180} INFO - Setting next_dagrun for example_python_decorator to None, run_after=None
[2026-09-17T20:35:45.041+0000] {processor.py:208} INFO - Processing /home/airflow/.local/lib/python3.12/site-packages/airflow/example_dags/example_python_decorator.py took 0.098 seconds
[2026-09-17T20:36:15.175+0000] {processor.py:186} INFO - Started process (PID=1017) to work on /home/airflow/.local/lib/python3.12/site-packages/airflow/example_dags/example_python_decorator.py
[2026-09-17T20:36:15.177+0000] {processor.py:914} INFO - Processing file /home/airflow/.local/lib/python3.12/site-packages/airflow/example_dags/example_python_decorator.py for tasks to queue
[2026-09-17T20:36:15.179+0000] {logging_mixin.py:190} INFO - [2026-09-17T20:36:15.178+0000] {dagbag.py:588} INFO - Filling up the DagBag from /home/airflow/.local/lib/python3.12/site-packages/airflow/example_dags/example_python_decorator.py
[2026-09-17T20:36:15.193+0000] {processor.py:925} INFO - DAG(s) 'example_python_decorator' retrieved from /home/airflow/.local/lib/python3.12/site-packages/airflow/example_dags/example_python_decorator.py
[2026-09-17T20:36:15.220+0000] {logging_mixin.py:190} INFO - [2026-09-17T20:36:15.220+0000] {dag.py:3239} INFO - Sync 1 DAGs
[2026-09-17T20:36:15.234+0000] {logging_mixin.py:190} INFO - [2026-09-17T20:36:15.234+0000] {dag.py:4180} INFO - Setting next_dagrun for example_python_decorator to None, run_after=None
[2026-09-17T20:36:15.256+0000] {processor.py:208} INFO - Processing /home/airflow/.local/lib/python3.12/site-packages/airflow/example_dags/example_python_decorator.py took 0.087 seconds
[2026-09-17T20:36:45.332+0000] {processor.py:186} INFO - Started process (PID=1081) to work on /home/airflow/.local/lib/python3.12/site-packages/airflow/example_dags/example_python_decorator.py
[2026-09-17T20:36:45.334+0000] {processor.py:914} INFO - Processing file /home/airflow/.local/lib/python3.12/site-packages/airflow/example_dags/example_python_decorator.py for tasks to queue
[2026-09-17T20:36:45.336+0000] {logging_mixin.py:190} INFO - [2026-09-17T20:36:45.336+0000] {dagbag.py:588} INFO - Filling up the DagBag from /home/airflow/.local/lib/python3.12/site-packages/airflow/example_dags/example_python_decorator.py
[2026-09-17T20:36:45.350+0000] {processor.py:925} INFO - DAG(s) 'example_python_decorator' retrieved from /home/airflow/.local/lib/python3.12/site-packages/airflow/example_dags/example_python_decorator.py
[2026-09-17T20:36:45.378+0000] {logging_mixin.py:190} INFO - [2026-09-17T20:36:45.377+0000] {dag.py:3239} INFO - Sync 1 DAGs
[2026-09-17T20:36:45.393+0000] {logging_mixin.py:190} INFO - [2026-09-17T20:36:45.393+0000] {dag.py:4180} INFO - Setting next_dagrun for example_python_decorator to None, run_after=None
[2026-09-17T20:36:45.415+0000] {processor.py:208} INFO - Processing /home/airflow/.local/lib/python3.12/site-packages/airflow/example_dags/example_python_decorator.py took 0.089 seconds
[2026-09-17T20:37:15.814+0000] {processor.py:186} INFO - Started process (PID=1146) to work on /home/airflow/.local/lib/python3.12/site-packages/airflow/example_dags/example_python_decorator.py
[2026-09-17T20:37:15.816+0000] {processor.py:914} INFO - Processing file /home/airflow/.local/lib/python3.12/site-packages/airflow/example_dags/example_python_decorator.py for tasks to queue
[2026-09-17T20:37:15.819+0000] {logging_mixin.py:190} INFO - [2026-09-17T20:37:15.819+0000] {dagbag.py:588} INFO - Filling up the DagBag from /home/airflow/.local/lib/python3.12/site-packages/airflow/example_dags/example_python_decorator.py
[2026-09-17T20:37:15.834+0000] {processor.py:925} INFO - DAG(s) 'example_python_decorator' retrieved from /home/airflow/.local/lib/python3.12/site-packages/airflow/example_dags/example_python_decorator.py
[2026-09-17T20:37:15.864+0000] {logging_mixin.py:190} INFO - [2026-09-17T20:37:15.864+0000] {dag.py:3239} INFO - Sync 1 DAGs
[2026-09-17T20:37:15.879+0000] {logging_mixin.py:190} INFO - [2026-09-17T20:37:15.878+0000] {dag.py:4180} INFO - Setting next_dagrun for example_python_decorator to None, run_after=None
[2026-09-17T20:37:15.901+0000] {processor.py:208} INFO - Processing /home/airflow/.local/lib/python3.12/site-packages/airflow/example_dags/example_python_decorator.py took 0.093 seconds
[2026-09-17T20:37:46.795+0000] {processor.py:186} INFO - Started process (PID=1211) to work on /home/airflow/.local/lib/python3.12/site-packages/airflow/example_dags/example_python_decorator.py
[2026-09-17T20:37:46.797+0000] {processor.py:914} INFO - Processing file /home/airflow/.local/lib/python3.12/site-packages/airflow/example_dags/example_python_decorator.py for tasks to queue
[2026-09-17T20:37:46.799+0000] {logging_mixin.py:190} INFO - [2026-09-17T20:37:46.799+0000] {dagbag.py:588} INFO - Filling up the DagBag from /home/airflow/.local/lib/python3.12/site-packages/airflow/example_dags/example_python_decorator.py
[2026-09-17T20:37:46.814+0000] {processor.py:925} INFO - DAG(s) 'example_python_decorator' retrieved from /home/airflow/.local/lib/python3.12/site-packages/airflow/example_dags/example_python_decorator.py
[2026-09-17T20:37:46.841+0000] {logging_mixin.py:190} INFO - [2026-09-17T20:37:46.841+0000] {dag.py:3239} INFO - Sync 1 DAGs
[2026-09-17T20:37:46.856+0000] {logging_mixin.py:190} INFO - [2026-09-17T20:37:46.856+0000] {dag.py:4180} INFO - Setting next_dagrun for example_python_decorator to None, run_after=None
[2026-09-17T20:37:46.878+0000] {processor.py:208} INFO - Processing /home/airflow/.local/lib/python3.12/site-packages/airflow/example_dags/example_python_decorator.py took 0.089 seconds
[2026-09-17T20:38:17.700+0000] {processor.py:186} INFO - Started process (PID=1276) to work on /home/airflow/.local/lib/python3.12/site-packages/airflow/example_dags/example_python_decorator.py
[2026-09-17T20:38:17.703+0000] {processor.py:914} INFO - Processing file /home/airflow/.local/lib/python3.12/site-packages/airflow/example_dags/example_python_decorator.py for tasks to queue
[2026-09-17T20:38:17.706+0000] {logging_mixin.py:190} INFO - [2026-09-17T20:38:17.705+0000] {dagbag.py:588} INFO - Filling up the DagBag from /home/airflow/.local/lib/python3.12/site-packages/airflow/example_dags/example_python_decorator.py
[2026-09-17T20:38:17.725+0000] {processor.py:925} INFO - DAG(s) 'example_python_decorator' retrieved from /home/airflow/.local/lib/python3.12/site-packages/airflow/example_dags/example_python_decorator.py
[2026-09-17T20:38:17.753+0000] {logging_mixin.py:190} INFO - [2026-09-17T20:38:17.753+0000] {dag.py:3239} INFO - Sync 1 DAGs
[2026-09-17T20:38:17.768+0000] {logging_mixin.py:190} INFO - [2026-09-17T20:38:17.768+0000] {dag.py:4180} INFO - Setting next_dagrun for example_python_decorator to None, run_after=None
[2026-09-17T20:38:17.791+0000] {processor.py:208} INFO - Processing /home/airflow/.local/lib/python3.12/site-packages/airflow/example_dags/example_python_decorator.py took 0.099 seconds
[2026-09-17T20:38:48.392+0000] {processor.py:186} INFO - Started process (PID=1341) to work on /home/airflow/.local/lib/python3.12/site-packages/airflow/example_dags/example_python_decorator.py
[2026-09-17T20:38:48.394+0000] {processor.py:914} INFO - Processing file /home/airflow/.local/lib/python3.12/site-packages/airflow/example_dags/example_python_decorator.py for tasks to queue
[2026-09-17T20:38:48.396+0000] {logging_mixin.py:190} INFO - [2026-09-17T20:38:48.396+0000] {dagbag.py:588} INFO - Filling up the DagBag from /home/airflow/.local/lib/python3.12/site-packages/airflow/example_dags/example_python_decorator.py
[2026-09-17T20:38:48.410+0000] {processor.py:925} INFO - DAG(s) 'example_python_decorator' retrieved from /home/airflow/.local/lib/python3.12/site-packages/airflow/example_dags/example_python_decorator.py
[2026-09-17T20:38:48.438+0000] {logging_mixin.py:190} INFO - [2026-09-17T20:38:48.437+0000] {dag.py:3239} INFO - Sync 1 DAGs
[2026-09-17T20:38:48.453+0000] {logging_mixin.py:190} INFO - [2026-09-17T20:38:48.453+0000] {dag.py:4180} INFO - Setting next_dagrun for example_python_decorator to None, run_after=None
[2026-09-17T20:38:48.474+0000] {processor.py:208} INFO - Processing /home/airflow/.local/lib/python3.12/site-packages/airflow/example_dags/example_python_decorator.py took 0.088 seconds
[2026-09-17T20:39:20.247+0000] {processor.py:186} INFO - Started process (PID=1407) to work on /home/airflow/.local/lib/python3.12/site-packages/airflow/example_dags/example_python_decorator.py
[2026-09-17T20:39:20.249+0000] {processor.py:914} INFO - Processing file /home/airflow/.local/lib/python3.12/site-packages/airflow/example_dags/example_python_decorator.py for tasks to queue
[2026-09-17T20:39:20.252+0000] {logging_mixin.py:190} INFO - [2026-09-17T20:39:20.251+0000] {dagbag.py:588} INFO - Filling up the DagBag from /home/airflow/.local/lib/python3.12/site-packages/airflow/example_dags/example_python_decorator.py
[2026-09-17T20:39:20.267+0000] {processor.py:925} INFO - DAG(s) 'example_python_decorator' retrieved from /home/airflow/.local/lib/python3.12/site-packages/airflow/example_dags/example_python_decorator.py
[2026-09-17T20:39:20.295+0000] {logging_mixin.py:190} INFO - [2026-09-17T20:39:20.295+0000] {dag.py:3239} INFO - Sync 1 DAGs
[2026-09-17T20:39:20.312+0000] {logging_mixin.py:190} INFO - [2026-09-17T20:39:20.312+0000] {dag.py:4180} INFO - Setting next_dagrun for example_python_decorator to None, run_after=None
[2026-09-17T20:39:20.336+0000] {processor.py:208} INFO - Processing /home/airflow/.local/lib/python3.12/site-packages/airflow/example_dags/example_python_decorator.py took 0.094 seconds
[2026-09-17T20:39:50.579+0000] {processor.py:186} INFO - Started process (PID=1473) to work on /home/airflow/.local/lib/python3.12/site-packages/airflow/example_dags/example_python_decorator.py
[2026-09-17T20:39:50.581+0000] {processor.py:914} INFO - Processing file /home/airflow/.local/lib/python3.12/site-packages/airflow/example_dags/example_python_decorator.py for tasks to queue
[2026-09-17T20:39:50.584+0000] {logging_mixin.py:190} INFO - [2026-09-17T20:39:50.583+0000] {dagbag.py:588} INFO - Filling up the DagBag from /home/airflow/.local/lib/python3.12/site-packages/airflow/example_dags/example_python_decorator.py
[2026-09-17T20:39:50.606+0000] {processor.py:925} INFO - DAG(s) 'example_python_decorator' retrieved from /home/airflow/.local/lib/python3.12/site-packages/airflow/example_dags/example_python_decorator.py
[2026-09-17T20:39:50.638+0000] {logging_mixin.py:190} INFO - [2026-09-17T20:39:50.637+0000] {dag.py:3239} INFO - Sync 1 DAGs
[2026-09-17T20:39:50.654+0000] {logging_mixin.py:190} INFO - [2026-09-17T20:39:50.654+0000] {dag.py:4180} INFO - Setting next_dagrun for example_python_decorator to None, run_after=None
[2026-09-17T20:39:50.683+0000] {processor.py:208} INFO - Processing /home/airflow/.local/lib/python3.12/site-packages/airflow/example_dags/example_python_decorator.py took 0.111 seconds
[2026-09-17T20:40:20.807+0000] {processor.py:186} INFO - Started process (PID=1537) to work on /home/airflow/.local/lib/python3.12/site-packages/airflow/example_dags/example_python_decorator.py
[2026-09-17T20:40:20.809+0000] {processor.py:914} INFO - Processing file /home/airflow/.local/lib/python3.12/site-packages/airflow/example_dags/example_python_decorator.py for tasks to queue
[2026-09-17T20:40:20.812+0000] {logging_mixin.py:190} INFO - [2026-09-17T20:40:20.811+0000] {dagbag.py:588} INFO - Filling up the DagBag from /home/airflow/.local/lib/python3.12/site-packages/airflow/example_dags/example_python_decorator.py
[2026-09-17T20:40:20.826+0000] {processor.py:925} INFO - DAG(s) 'example_python_decorator' retrieved from /home/airflow/.local/lib/python3.12/site-packages/airflow/example_dags/example_python_decorator.py
[2026-09-17T20:40:20.855+0000] {logging_mixin.py:190} INFO - [2026-09-17T20:40:20.855+0000] {dag.py:3239} INFO - Sync 1 DAGs
[2026-09-17T20:40:20.870+0000] {logging_mixin.py:190} INFO - [2026-09-17T20:40:20.870+0000] {dag.py:4180} INFO - Setting next_dagrun for example_python_decorator to None, run_after=None
[2026-09-17T20:40:20.895+0000] {processor.py:208} INFO - Processing /home/airflow/.local/lib/python3.12/site-packages/airflow/example_dags/example_python_decorator.py took 0.093 seconds
[2026-09-17T20:40:51.379+0000] {processor.py:186} INFO - Started process (PID=1595) to work on /home/airflow/.local/lib/python3.12/site-packages/airflow/example_dags/example_python_decorator.py
[2026-09-17T20:40:51.381+0000] {processor.py:914} INFO - Processing file /home/airflow/.local/lib/python3.12/site-packages/airflow/example_dags/example_python_decorator.py for tasks to queue
[2026-09-17T20:40:51.383+0000] {logging_mixin.py:190} INFO - [2026-09-17T20:40:51.383+0000] {dagbag.py:588} INFO - Filling up the DagBag from /home/airflow/.local/lib/python3.12/site-packages/airflow/example_dags/example_python_decorator.py
[2026-09-17T20:40:51.398+0000] {processor.py:925} INFO - DAG(s) 'example_python_decorator' retrieved from /home/airflow/.local/lib/python3.12/site-packages/airflow/example_dags/example_python_decorator.py
[2026-09-17T20:40:51.429+0000] {logging_mixin.py:190} INFO - [2026-09-17T20:40:51.428+0000] {dag.py:3239} INFO - Sync 1 DAGs
[2026-09-17T20:40:51.447+0000] {logging_mixin.py:190} INFO - [2026-09-17T20:40:51.447+0000] {dag.py:4180} INFO - Setting next_dagrun for example_python_decorator to None, run_after=None
[2026-09-17T20:40:51.473+0000] {processor.py:208} INFO - Processing /home/airflow/.local/lib/python3.12/site-packages/airflow/example_dags/example_python_decorator.py took 0.100 seconds
[2026-09-17T20:41:21.649+0000] {processor.py:186} INFO - Started process (PID=1660) to work on /home/airflow/.local/lib/python3.12/site-packages/airflow/example_dags/example_python_decorator.py
[2026-09-17T20:41:21.651+0000] {processor.py:914} INFO - Processing file /home/airflow/.local/lib/python3.12/site-packages/airflow/example_dags/example_python_decorator.py for tasks to queue
[2026-09-17T20:41:21.653+0000] {logging_mixin.py:190} INFO - [2026-09-17T20:41:21.653+0000] {dagbag.py:588} INFO - Filling up the DagBag from /home/airflow/.local/lib/python3.12/site-packages/airflow/example_dags/example_python_decorator.py
[2026-09-17T20:41:21.668+0000] {processor.py:925} INFO - DAG(s) 'example_python_decorator' retrieved from /home/airflow/.local/lib/python3.12/site-packages/airflow/example_dags/example_python_decorator.py
[2026-09-17T20:41:21.697+0000] {logging_mixin.py:190} INFO - [2026-09-17T20:41:21.697+0000] {dag.py:3239} INFO - Sync 1 DAGs
[2026-09-17T20:41:21.714+0000] {logging_mixin.py:190} INFO - [2026-09-17T20:41:21.714+0000] {dag.py:4180} INFO - Setting next_dagrun for example_python_decorator to None, run_after=None
[2026-09-17T20:41:21.741+0000] {processor.py:208} INFO - Processing /home/airflow/.local/lib/python3.12/site-packages/airflow/example_dags/example_python_decorator.py took 0.099 seconds
[2026-09-17T20:41:51.907+0000] {processor.py:186} INFO - Started process (PID=1725) to work on /home/airflow/.local/lib/python3.12/site-packages/airflow/example_dags/example_python_decorator.py
[2026-09-17T20:41:51.908+0000] {processor.py:914} INFO - Processing file /home/airflow/.local/lib/python3.12/site-packages/airflow/example_dags/example_python_decorator.py for tasks to queue
[2026-09-17T20:41:51.911+0000] {logging_mixin.py:190} INFO - [2026-09-17T20:41:51.910+0000] {dagbag.py:588} INFO - Filling up the DagBag from /home/airflow/.local/lib/python3.12/site-packages/airflow/example_dags/example_python_decorator.py
[2026-09-17T20:41:51.925+0000] {processor.py:925} INFO - DAG(s) 'example_python_decorator' retrieved from /home/airflow/.local/lib/python3.12/site-packages/airflow/example_dags/example_python_decorator.py
[2026-09-17T20:41:51.952+0000] {logging_mixin.py:190} INFO - [2026-09-17T20:41:51.952+0000] {dag.py:3239} INFO - Sync 1 DAGs
[2026-09-17T20:41:51.969+0000] {logging_mixin.py:190} INFO - [2026-09-17T20:41:51.969+0000] {dag.py:4180} INFO - Setting next_dagrun for example_python_decorator to None, run_after=None
[2026-09-17T20:41:51.994+0000] {processor.py:208} INFO - Processing /home/airflow/.local/lib/python3.12/site-packages/airflow/example_dags/example_python_decorator.py took 0.093 seconds
[2026-09-17T20:42:23.839+0000] {processor.py:186} INFO - Started process (PID=1790) to work on /home/airflow/.local/lib/python3.12/site-packages/airflow/example_dags/example_python_decorator.py
[2026-09-17T20:42:23.841+0000] {processor.py:914} INFO - Processing file /home/airflow/.local/lib/python3.12/site-packages/airflow/example_dags/example_python_decorator.py for tasks to queue
[2026-09-17T20:42:23.844+0000] {logging_mixin.py:190} INFO - [2026-09-17T20:42:23.843+0000] {dagbag.py:588} INFO - Filling up the DagBag from /home/airflow/.local/lib/python3.12/site-packages/airflow/example_dags/example_python_decorator.py
[2026-09-17T20:42:23.867+0000] {processor.py:925} INFO - DAG(s) 'example_python_decorator' retrieved from /home/airflow/.local/lib/python3.12/site-packages/airflow/example_dags/example_python_decorator.py
[2026-09-17T20:42:23.964+0000] {logging_mixin.py:190} INFO - [2026-09-17T20:42:23.963+0000] {dag.py:3239} INFO - Sync 1 DAGs
[2026-09-17T20:42:24.027+0000] {logging_mixin.py:190} INFO - [2026-09-17T20:42:24.027+0000] {dag.py:4180} INFO - Setting next_dagrun for example_python_decorator to None, run_after=None
[2026-09-17T20:42:24.076+0000] {processor.py:208} INFO - Processing /home/airflow/.local/lib/python3.12/site-packages/airflow/example_dags/example_python_decorator.py took 0.248 seconds
[2026-09-17T20:42:55.970+0000] {processor.py:186} INFO - Started process (PID=1855) to work on /home/airflow/.local/lib/python3.12/site-packages/airflow/example_dags/example_python_decorator.py
[2026-09-17T20:42:55.975+0000] {processor.py:914} INFO - Processing file /home/airflow/.local/lib/python3.12/site-packages/airflow/example_dags/example_python_decorator.py for tasks to queue
[2026-09-17T20:42:55.980+0000] {logging_mixin.py:190} INFO - [2026-09-17T20:42:55.979+0000] {dagbag.py:588} INFO - Filling up the DagBag from /home/airflow/.local/lib/python3.12/site-packages/airflow/example_dags/example_python_decorator.py
[2026-09-17T20:42:56.045+0000] {processor.py:925} INFO - DAG(s) 'example_python_decorator' retrieved from /home/airflow/.local/lib/python3.12/site-packages/airflow/example_dags/example_python_decorator.py
[2026-09-17T20:42:56.118+0000] {logging_mixin.py:190} INFO - [2026-09-17T20:42:56.117+0000] {dag.py:3239} INFO - Sync 1 DAGs
[2026-09-17T20:42:56.167+0000] {logging_mixin.py:190} INFO - [2026-09-17T20:42:56.167+0000] {dag.py:4180} INFO - Setting next_dagrun for example_python_decorator to None, run_after=None
[2026-09-17T20:42:56.226+0000] {processor.py:208} INFO - Processing /home/airflow/.local/lib/python3.12/site-packages/airflow/example_dags/example_python_decorator.py took 0.271 seconds
[2026-09-17T20:43:49.041+0000] {processor.py:186} INFO - Started process (PID=1920) to work on /home/airflow/.local/lib/python3.12/site-packages/airflow/example_dags/example_python_decorator.py
[2026-09-17T20:43:49.047+0000] {processor.py:914} INFO - Processing file /home/airflow/.local/lib/python3.12/site-packages/airflow/example_dags/example_python_decorator.py for tasks to queue
[2026-09-17T20:43:49.055+0000] {logging_mixin.py:190} INFO - [2026-09-17T20:43:49.053+0000] {dagbag.py:588} INFO - Filling up the DagBag from /home/airflow/.local/lib/python3.12/site-packages/airflow/example_dags/example_python_decorator.py
[2026-09-17T20:43:49.132+0000] {processor.py:925} INFO - DAG(s) 'example_python_decorator' retrieved from /home/airflow/.local/lib/python3.12/site-packages/airflow/example_dags/example_python_decorator.py
[2026-09-17T20:43:49.250+0000] {logging_mixin.py:190} INFO - [2026-09-17T20:43:49.249+0000] {dag.py:3239} INFO - Sync 1 DAGs
[2026-09-17T20:43:49.329+0000] {logging_mixin.py:190} INFO - [2026-09-17T20:43:49.328+0000] {dag.py:4180} INFO - Setting next_dagrun for example_python_decorator to None, run_after=None
[2026-09-17T20:43:49.438+0000] {processor.py:208} INFO - Processing /home/airflow/.local/lib/python3.12/site-packages/airflow/example_dags/example_python_decorator.py took 0.428 seconds
[2026-09-17T20:44:20.083+0000] {processor.py:186} INFO - Started process (PID=1985) to work on /home/airflow/.local/lib/python3.12/site-packages/airflow/example_dags/example_python_decorator.py
[2026-09-17T20:44:20.085+0000] {processor.py:914} INFO - Processing file /home/airflow/.local/lib/python3.12/site-packages/airflow/example_dags/example_python_decorator.py for tasks to queue
[2026-09-17T20:44:20.087+0000] {logging_mixin.py:190} INFO - [2026-09-17T20:44:20.087+0000] {dagbag.py:588} INFO - Filling up the DagBag from /home/airflow/.local/lib/python3.12/site-packages/airflow/example_dags/example_python_decorator.py
[2026-09-17T20:44:20.107+0000] {processor.py:925} INFO - DAG(s) 'example_python_decorator' retrieved from /home/airflow/.local/lib/python3.12/site-packages/airflow/example_dags/example_python_decorator.py
[2026-09-17T20:44:20.143+0000] {logging_mixin.py:190} INFO - [2026-09-17T20:44:20.143+0000] {dag.py:3239} INFO - Sync 1 DAGs
[2026-09-17T20:44:20.165+0000] {logging_mixin.py:190} INFO - [2026-09-17T20:44:20.165+0000] {dag.py:4180} INFO - Setting next_dagrun for example_python_decorator to None, run_after=None
[2026-09-17T20:44:20.196+0000] {processor.py:208} INFO - Processing /home/airflow/.local/lib/python3.12/site-packages/airflow/example_dags/example_python_decorator.py took 0.122 seconds
[2026-09-17T20:44:51.050+0000] {processor.py:186} INFO - Started process (PID=2050) to work on /home/airflow/.local/lib/python3.12/site-packages/airflow/example_dags/example_python_decorator.py
[2026-09-17T20:44:51.052+0000] {processor.py:914} INFO - Processing file /home/airflow/.local/lib/python3.12/site-packages/airflow/example_dags/example_python_decorator.py for tasks to queue
[2026-09-17T20:44:51.054+0000] {logging_mixin.py:190} INFO - [2026-09-17T20:44:51.054+0000] {dagbag.py:588} INFO - Filling up the DagBag from /home/airflow/.local/lib/python3.12/site-packages/airflow/example_dags/example_python_decorator.py
[2026-09-17T20:44:51.084+0000] {processor.py:925} INFO - DAG(s) 'example_python_decorator' retrieved from /home/airflow/.local/lib/python3.12/site-packages/airflow/example_dags/example_python_decorator.py
[2026-09-17T20:44:51.118+0000] {logging_mixin.py:190} INFO - [2026-09-17T20:44:51.118+0000] {dag.py:3239} INFO - Sync 1 DAGs
[2026-09-17T20:44:51.139+0000] {logging_mixin.py:190} INFO - [2026-09-17T20:44:51.139+0000] {dag.py:4180} INFO - Setting next_dagrun for example_python_decorator to None, run_after=None
[2026-09-17T20:44:51.300+0000] {processor.py:208} INFO - Processing /home/airflow/.local/lib/python3.12/site-packages/airflow/example_dags/example_python_decorator.py took 0.261 seconds
[2026-09-17T20:45:32.929+0000] {processor.py:186} INFO - Started process (PID=2101) to work on /home/airflow/.local/lib/python3.12/site-packages/airflow/example_dags/example_python_decorator.py
[2026-09-17T20:45:32.931+0000] {processor.py:914} INFO - Processing file /home/airflow/.local/lib/python3.12/site-packages/airflow/example_dags/example_python_decorator.py for tasks to queue
[2026-09-17T20:45:32.933+0000] {logging_mixin.py:190} INFO - [2026-09-17T20:45:32.933+0000] {dagbag.py:588} INFO - Filling up the DagBag from /home/airflow/.local/lib/python3.12/site-packages/airflow/example_dags/example_python_decorator.py
[2026-09-17T20:45:32.948+0000] {processor.py:925} INFO - DAG(s) 'example_python_decorator' retrieved from /home/airflow/.local/lib/python3.12/site-packages/airflow/example_dags/example_python_decorator.py
[2026-09-17T20:45:33.453+0000] {logging_mixin.py:190} INFO - [2026-09-17T20:45:33.452+0000] {dag.py:3239} INFO - Sync 1 DAGs
[2026-09-17T20:45:33.468+0000] {logging_mixin.py:190} INFO - [2026-09-17T20:45:33.468+0000] {dag.py:4180} INFO - Setting next_dagrun for example_python_decorator to None, run_after=None
[2026-09-17T20:45:34.210+0000] {processor.py:208} INFO - Processing /home/airflow/.local/lib/python3.12/site-packages/airflow/example_dags/example_python_decorator.py took 1.287 seconds
[2026-09-17T20:46:04.640+0000] {processor.py:186} INFO - Started process (PID=2166) to work on /home/airflow/.local/lib/python3.12/site-packages/airflow/example_dags/example_python_decorator.py
[2026-09-17T20:46:04.643+0000] {processor.py:914} INFO - Processing file /home/airflow/.local/lib/python3.12/site-packages/airflow/example_dags/example_python_decorator.py for tasks to queue
[2026-09-17T20:46:04.645+0000] {logging_mixin.py:190} INFO - [2026-09-17T20:46:04.644+0000] {dagbag.py:588} INFO - Filling up the DagBag from /home/airflow/.local/lib/python3.12/site-packages/airflow/example_dags/example_python_decorator.py
[2026-09-17T20:46:04.663+0000] {processor.py:925} INFO - DAG(s) 'example_python_decorator' retrieved from /home/airflow/.local/lib/python3.12/site-packages/airflow/example_dags/example_python_decorator.py
[2026-09-17T20:46:04.692+0000] {logging_mixin.py:190} INFO - [2026-09-17T20:46:04.692+0000] {dag.py:3239} INFO - Sync 1 DAGs
[2026-09-17T20:46:04.709+0000] {logging_mixin.py:190} INFO - [2026-09-17T20:46:04.708+0000] {dag.py:4180} INFO - Setting next_dagrun for example_python_decorator to None, run_after=None
[2026-09-17T20:46:04.733+0000] {processor.py:208} INFO - Processing /home/airflow/.local/lib/python3.12/site-packages/airflow/example_dags/example_python_decorator.py took 0.100 seconds
[2026-09-17T20:46:35.070+0000] {processor.py:186} INFO - Started process (PID=2231) to work on /home/airflow/.local/lib/python3.12/site-packages/airflow/example_dags/example_python_decorator.py
[2026-09-17T20:46:35.076+0000] {processor.py:914} INFO - Processing file /home/airflow/.local/lib/python3.12/site-packages/airflow/example_dags/example_python_decorator.py for tasks to queue
[2026-09-17T20:46:35.078+0000] {logging_mixin.py:190} INFO - [2026-09-17T20:46:35.078+0000] {dagbag.py:588} INFO - Filling up the DagBag from /home/airflow/.local/lib/python3.12/site-packages/airflow/example_dags/example_python_decorator.py
[2026-09-17T20:46:35.099+0000] {processor.py:925} INFO - DAG(s) 'example_python_decorator' retrieved from /home/airflow/.local/lib/python3.12/site-packages/airflow/example_dags/example_python_decorator.py
[2026-09-17T20:46:35.133+0000] {logging_mixin.py:190} INFO - [2026-09-17T20:46:35.132+0000] {dag.py:3239} INFO - Sync 1 DAGs
[2026-09-17T20:46:35.157+0000] {logging_mixin.py:190} INFO - [2026-09-17T20:46:35.157+0000] {dag.py:4180} INFO - Setting next_dagrun for example_python_decorator to None, run_after=None
[2026-09-17T20:46:35.185+0000] {processor.py:208} INFO - Processing /home/airflow/.local/lib/python3.12/site-packages/airflow/example_dags/example_python_decorator.py took 0.122 seconds
[2026-09-17T20:47:06.102+0000] {processor.py:186} INFO - Started process (PID=2294) to work on /home/airflow/.local/lib/python3.12/site-packages/airflow/example_dags/example_python_decorator.py
[2026-09-17T20:47:06.104+0000] {processor.py:914} INFO - Processing file /home/airflow/.local/lib/python3.12/site-packages/airflow/example_dags/example_python_decorator.py for tasks to queue
[2026-09-17T20:47:06.106+0000] {logging_mixin.py:190} INFO - [2026-09-17T20:47:06.106+0000] {dagbag.py:588} INFO - Filling up the DagBag from /home/airflow/.local/lib/python3.12/site-packages/airflow/example_dags/example_python_decorator.py
[2026-09-17T20:47:06.305+0000] {processor.py:925} INFO - DAG(s) 'example_python_decorator' retrieved from /home/airflow/.local/lib/python3.12/site-packages/airflow/example_dags/example_python_decorator.py
[2026-09-17T20:47:06.335+0000] {logging_mixin.py:190} INFO - [2026-09-17T20:47:06.335+0000] {dag.py:3239} INFO - Sync 1 DAGs
[2026-09-17T20:47:06.354+0000] {logging_mixin.py:190} INFO - [2026-09-17T20:47:06.353+0000] {dag.py:4180} INFO - Setting next_dagrun for example_python_decorator to None, run_after=None
[2026-09-17T20:47:06.908+0000] {processor.py:208} INFO - Processing /home/airflow/.local/lib/python3.12/site-packages/airflow/example_dags/example_python_decorator.py took 0.815 seconds
[2026-09-17T20:47:38.131+0000] {processor.py:186} INFO - Started process (PID=2358) to work on /home/airflow/.local/lib/python3.12/site-packages/airflow/example_dags/example_python_decorator.py
[2026-09-17T20:47:38.134+0000] {processor.py:914} INFO - Processing file /home/airflow/.local/lib/python3.12/site-packages/airflow/example_dags/example_python_decorator.py for tasks to queue
[2026-09-17T20:47:38.137+0000] {logging_mixin.py:190} INFO - [2026-09-17T20:47:38.136+0000] {dagbag.py:588} INFO - Filling up the DagBag from /home/airflow/.local/lib/python3.12/site-packages/airflow/example_dags/example_python_decorator.py
[2026-09-17T20:47:38.161+0000] {processor.py:925} INFO - DAG(s) 'example_python_decorator' retrieved from /home/airflow/.local/lib/python3.12/site-packages/airflow/example_dags/example_python_decorator.py
[2026-09-17T20:47:38.199+0000] {logging_mixin.py:190} INFO - [2026-09-17T20:47:38.199+0000] {dag.py:3239} INFO - Sync 1 DAGs
[2026-09-17T20:47:38.220+0000] {logging_mixin.py:190} INFO - [2026-09-17T20:47:38.220+0000] {dag.py:4180} INFO - Setting next_dagrun for example_python_decorator to None, run_after=None
[2026-09-17T20:47:38.254+0000] {processor.py:208} INFO - Processing /home/airflow/.local/lib/python3.12/site-packages/airflow/example_dags/example_python_decorator.py took 0.132 seconds
[2026-09-17T20:48:08.368+0000] {processor.py:186} INFO - Started process (PID=2415) to work on /home/airflow/.local/lib/python3.12/site-packages/airflow/example_dags/example_python_decorator.py
[2026-09-17T20:48:08.370+0000] {processor.py:914} INFO - Processing file /home/airflow/.local/lib/python3.12/site-packages/airflow/example_dags/example_python_decorator.py for tasks to queue
[2026-09-17T20:48:08.373+0000] {logging_mixin.py:190} INFO - [2026-09-17T20:48:08.372+0000] {dagbag.py:588} INFO - Filling up the DagBag from /home/airflow/.local/lib/python3.12/site-packages/airflow/example_dags/example_python_decorator.py
[2026-09-17T20:48:08.388+0000] {processor.py:925} INFO - DAG(s) 'example_python_decorator' retrieved from /home/airflow/.local/lib/python3.12/site-packages/airflow/example_dags/example_python_decorator.py
[2026-09-17T20:48:08.419+0000] {logging_mixin.py:190} INFO - [2026-09-17T20:48:08.419+0000] {dag.py:3239} INFO - Sync 1 DAGs
[2026-09-17T20:48:08.436+0000] {logging_mixin.py:190} INFO - [2026-09-17T20:48:08.435+0000] {dag.py:4180} INFO - Setting next_dagrun for example_python_decorator to None, run_after=None
[2026-09-17T20:48:08.463+0000] {processor.py:208} INFO - Processing /home/airflow/.local/lib/python3.12/site-packages/airflow/example_dags/example_python_decorator.py took 0.103 seconds
[2026-09-17T20:48:38.800+0000] {processor.py:186} INFO - Started process (PID=2480) to work on /home/airflow/.local/lib/python3.12/site-packages/airflow/example_dags/example_python_decorator.py
[2026-09-17T20:48:38.802+0000] {processor.py:914} INFO - Processing file /home/airflow/.local/lib/python3.12/site-packages/airflow/example_dags/example_python_decorator.py for tasks to queue
[2026-09-17T20:48:38.804+0000] {logging_mixin.py:190} INFO - [2026-09-17T20:48:38.804+0000] {dagbag.py:588} INFO - Filling up the DagBag from /home/airflow/.local/lib/python3.12/site-packages/airflow/example_dags/example_python_decorator.py
[2026-09-17T20:48:38.821+0000] {processor.py:925} INFO - DAG(s) 'example_python_decorator' retrieved from /home/airflow/.local/lib/python3.12/site-packages/airflow/example_dags/example_python_decorator.py
[2026-09-17T20:48:38.850+0000] {logging_mixin.py:190} INFO - [2026-09-17T20:48:38.850+0000] {dag.py:3239} INFO - Sync 1 DAGs
[2026-09-17T20:48:38.865+0000] {logging_mixin.py:190} INFO - [2026-09-17T20:48:38.864+0000] {dag.py:4180} INFO - Setting next_dagrun for example_python_decorator to None, run_after=None
[2026-09-17T20:48:38.908+0000] {processor.py:208} INFO - Processing /home/airflow/.local/lib/python3.12/site-packages/airflow/example_dags/example_python_decorator.py took 0.114 seconds
