[2026-09-17T18:40:43.745+0000] {processor.py:161} INFO - Started process (PID=69) to work on /home/airflow/.local/lib/python3.8/site-packages/airflow/example_dags/example_python_operator.py
[2026-09-17T18:40:43.748+0000] {processor.py:830} INFO - Processing file /home/airflow/.local/lib/python3.8/site-packages/airflow/example_dags/example_python_operator.py for tasks to queue
[2026-09-17T18:40:43.754+0000] {logging_mixin.py:188} INFO - [2026-09-17T18:40:43.753+0000] {dagbag.py:538} INFO - Filling up the DagBag from /home/airflow/.local/lib/python3.8/site-packages/airflow/example_dags/example_python_operator.py
[2026-09-17T18:40:43.781+0000] {processor.py:840} INFO - DAG(s) 'example_python_operator' retrieved from /home/airflow/.local/lib/python3.8/site-packages/airflow/example_dags/example_python_operator.py
[2026-09-17T18:40:43.813+0000] {logging_mixin.py:188} INFO - [2026-09-17T18:40:43.812+0000] {dag.py:3036} INFO - Sync 1 DAGs
[2026-09-17T18:40:43.838+0000] {logging_mixin.py:188} INFO - [2026-09-17T18:40:43.837+0000] {dag.py:3823} INFO - Setting next_dagrun for example_python_operator to None, run_after=None
[2026-09-17T18:40:43.882+0000] {processor.py:183} INFO - Processing /home/airflow/.local/lib/python3.8/site-packages/airflow/example_dags/example_python_operator.py took 0.142 seconds
[2026-09-17T18:41:15.485+0000] {processor.py:161} INFO - Started process (PID=126) to work on /home/airflow/.local/lib/python3.8/site-packages/airflow/example_dags/example_python_operator.py
[2026-09-17T18:41:15.488+0000] {processor.py:830} INFO - Processing file /home/airflow/.local/lib/python3.8/site-packages/airflow/example_dags/example_python_operator.py for tasks to queue
[2026-09-17T18:41:15.491+0000] {logging_mixin.py:188} INFO - [2026-09-17T18:41:15.491+0000] {dagbag.py:538} INFO - Filling up the DagBag from /home/airflow/.local/lib/python3.8/site-packages/airflow/example_dags/example_python_operator.py
[2026-09-17T18:41:15.506+0000] {processor.py:840} INFO - DAG(s) 'example_python_operator' retrieved from /home/airflow/.local/lib/python3.8/site-packages/airflow/example_dags/example_python_operator.py
[2026-09-17T18:41:15.698+0000] {logging_mixin.py:188} INFO - [2026-09-17T18:41:15.697+0000] {dag.py:3036} INFO - Sync 1 DAGs
[2026-09-17T18:41:15.716+0000] {logging_mixin.py:188} INFO - [2026-09-17T18:41:15.715+0000] {dag.py:3823} INFO - Setting next_dagrun for example_python_operator to None, run_after=None
[2026-09-17T18:41:15.759+0000] {processor.py:183} INFO - Processing /home/airflow/.local/lib/python3.8/site-packages/airflow/example_dags/example_python_operator.py took 0.278 seconds
[2026-09-17T18:41:46.397+0000] {processor.py:161} INFO - Started process (PID=175) to work on /home/airflow/.local/lib/python3.8/site-packages/airflow/example_dags/example_python_operator.py
[2026-09-17T18:41:46.399+0000] {processor.py:830} INFO - Processing file /home/airflow/.local/lib/python3.8/site-packages/airflow/example_dags/example_python_operator.py for tasks to queue
[2026-09-17T18:41:46.401+0000] {logging_mixin.py:188} INFO - [2026-09-17T18:41:46.401+0000] {dagbag.py:538} INFO - Filling up the DagBag from /home/airflow/.local/lib/python3.8/site-packages/airflow/example_dags/example_python_operator.py
[2026-09-17T18:41:46.414+0000] {processor.py:840} INFO - DAG(s) 'example_python_operator' retrieved from /home/airflow/.local/lib/python3.8/site-packages/airflow/example_dags/example_python_operator.py
[2026-09-17T18:41:46.434+0000] {logging_mixin.py:188} INFO - [2026-09-17T18:41:46.433+0000] {dag.py:3036} INFO - Sync 1 DAGs
[2026-09-17T18:41:46.452+0000] {logging_mixin.py:188} INFO - [2026-09-17T18:41:46.451+0000] {dag.py:3823} INFO - Setting next_dagrun for example_python_operator to None, run_after=None
[2026-09-17T18:41:46.485+0000] {processor.py:183} INFO - Processing /home/airflow/.local/lib/python3.8/site-packages/airflow/example_dags/example_python_operator.py took 0.093 seconds
[2026-09-17T18:42:17.326+0000] {processor.py:161} INFO - Started process (PID=231) to work on /home/airflow/.local/lib/python3.8/site-packages/airflow/example_dags/example_python_operator.py
[2026-09-17T18:42:17.329+0000] {processor.py:830} INFO - Processing file /home/airflow/.local/lib/python3.8/site-packages/airflow/example_dags/example_python_operator.py for tasks to queue
[2026-09-17T18:42:17.332+0000] {logging_mixin.py:188} INFO - [2026-09-17T18:42:17.332+0000] {dagbag.py:538} INFO - Filling up the DagBag from /home/airflow/.local/lib/python3.8/site-packages/airflow/example_dags/example_python_operator.py
[2026-09-17T18:42:17.344+0000] {processor.py:840} INFO - DAG(s) 'example_python_operator' retrieved from /home/airflow/.local/lib/python3.8/site-packages/airflow/example_dags/example_python_operator.py
[2026-09-17T18:42:17.364+0000] {logging_mixin.py:188} INFO - [2026-09-17T18:42:17.363+0000] {dag.py:3036} INFO - Sync 1 DAGs
[2026-09-17T18:42:17.378+0000] {logging_mixin.py:188} INFO - [2026-09-17T18:42:17.378+0000] {dag.py:3823} INFO - Setting next_dagrun for example_python_operator to None, run_after=None
[2026-09-17T18:42:17.405+0000] {processor.py:183} INFO - Processing /home/airflow/.local/lib/python3.8/site-packages/airflow/example_dags/example_python_operator.py took 0.082 seconds
[2026-09-17T18:42:48.751+0000] {processor.py:161} INFO - Started process (PID=289) to work on /home/airflow/.local/lib/python3.8/site-packages/airflow/example_dags/example_python_operator.py
[2026-09-17T18:42:48.753+0000] {processor.py:830} INFO - Processing file /home/airflow/.local/lib/python3.8/site-packages/airflow/example_dags/example_python_operator.py for tasks to queue
[2026-09-17T18:42:48.756+0000] {logging_mixin.py:188} INFO - [2026-09-17T18:42:48.756+0000] {dagbag.py:538} INFO - Filling up the DagBag from /home/airflow/.local/lib/python3.8/site-packages/airflow/example_dags/example_python_operator.py
[2026-09-17T18:42:48.773+0000] {processor.py:840} INFO - DAG(s) 'example_python_operator' retrieved from /home/airflow/.local/lib/python3.8/site-packages/airflow/example_dags/example_python_operator.py
[2026-09-17T18:42:48.923+0000] {logging_mixin.py:188} INFO - [2026-09-17T18:42:48.923+0000] {dag.py:3036} INFO - Sync 1 DAGs
[2026-09-17T18:42:48.938+0000] {logging_mixin.py:188} INFO - [2026-09-17T18:42:48.938+0000] {dag.py:3823} INFO - Setting next_dagrun for example_python_operator to None, run_after=None
[2026-09-17T18:42:48.966+0000] {processor.py:183} INFO - Processing /home/airflow/.local/lib/python3.8/site-packages/airflow/example_dags/example_python_operator.py took 0.220 seconds
[2026-09-17T18:43:20.601+0000] {processor.py:161} INFO - Started process (PID=346) to work on /home/airflow/.local/lib/python3.8/site-packages/airflow/example_dags/example_python_operator.py
[2026-09-17T18:43:20.604+0000] {processor.py:830} INFO - Processing file /home/airflow/.local/lib/python3.8/site-packages/airflow/example_dags/example_python_operator.py for tasks to queue
[2026-09-17T18:43:20.610+0000] {logging_mixin.py:188} INFO - [2026-09-17T18:43:20.609+0000] {dagbag.py:538} INFO - Filling up the DagBag from /home/airflow/.local/lib/python3.8/site-packages/airflow/example_dags/example_python_operator.py
[2026-09-17T18:43:20.648+0000] {processor.py:840} INFO - DAG(s) 'example_python_operator' retrieved from /home/airflow/.local/lib/python3.8/site-packages/airflow/example_dags/example_python_operator.py
[2026-09-17T18:43:20.741+0000] {logging_mixin.py:188} INFO - [2026-09-17T18:43:20.740+0000] {dag.py:3036} INFO - Sync 1 DAGs
[2026-09-17T18:43:20.793+0000] {logging_mixin.py:188} INFO - [2026-09-17T18:43:20.792+0000] {dag.py:3823} INFO - Setting next_dagrun for example_python_operator to None, run_after=None
[2026-09-17T18:43:20.869+0000] {processor.py:183} INFO - Processing /home/airflow/.local/lib/python3.8/site-packages/airflow/example_dags/example_python_operator.py took 0.275 seconds
[2026-09-17T18:44:01.507+0000] {processor.py:161} INFO - Started process (PID=403) to work on /home/airflow/.local/lib/python3.8/site-packages/airflow/example_dags/example_python_operator.py
[2026-09-17T18:44:01.509+0000] {processor.py:830} INFO - Processing file /home/airflow/.local/lib/python3.8/site-packages/airflow/example_dags/example_python_operator.py for tasks to queue
[2026-09-17T18:44:01.512+0000] {logging_mixin.py:188} INFO - [2026-09-17T18:44:01.512+0000] {dagbag.py:538} INFO - Filling up the DagBag from /home/airflow/.local/lib/python3.8/site-packages/airflow/example_dags/example_python_operator.py
[2026-09-17T18:44:01.525+0000] {processor.py:840} INFO - DAG(s) 'example_python_operator' retrieved from /home/airflow/.local/lib/python3.8/site-packages/airflow/example_dags/example_python_operator.py
[2026-09-17T18:44:01.558+0000] {logging_mixin.py:188} INFO - [2026-09-17T18:44:01.557+0000] {dag.py:3036} INFO - Sync 1 DAGs
[2026-09-17T18:44:01.571+0000] {logging_mixin.py:188} INFO - [2026-09-17T18:44:01.571+0000] {dag.py:3823} INFO - Setting next_dagrun for example_python_operator to None, run_after=None
[2026-09-17T18:44:05.404+0000] {processor.py:183} INFO - Processing /home/airflow/.local/lib/python3.8/site-packages/airflow/example_dags/example_python_operator.py took 3.901 seconds
[2026-09-17T18:44:35.797+0000] {processor.py:161} INFO - Started process (PID=460) to work on /home/airflow/.local/lib/python3.8/site-packages/airflow/example_dags/example_python_operator.py
[2026-09-17T18:44:35.799+0000] {processor.py:830} INFO - Processing file /home/airflow/.local/lib/python3.8/site-packages/airflow/example_dags/example_python_operator.py for tasks to queue
[2026-09-17T18:44:35.802+0000] {logging_mixin.py:188} INFO - [2026-09-17T18:44:35.801+0000] {dagbag.py:538} INFO - Filling up the DagBag from /home/airflow/.local/lib/python3.8/site-packages/airflow/example_dags/example_python_operator.py
[2026-09-17T18:44:35.815+0000] {processor.py:840} INFO - DAG(s) 'example_python_operator' retrieved from /home/airflow/.local/lib/python3.8/site-packages/airflow/example_dags/example_python_operator.py
[2026-09-17T18:44:35.878+0000] {logging_mixin.py:188} INFO - [2026-09-17T18:44:35.877+0000] {dag.py:3036} INFO - Sync 1 DAGs
[2026-09-17T18:44:35.900+0000] {logging_mixin.py:188} INFO - [2026-09-17T18:44:35.900+0000] {dag.py:3823} INFO - Setting next_dagrun for example_python_operator to None, run_after=None
[2026-09-17T18:44:36.071+0000] {processor.py:183} INFO - Processing /home/airflow/.local/lib/python3.8/site-packages/airflow/example_dags/example_python_operator.py took 0.277 seconds
[2026-09-17T18:45:08.183+0000] {processor.py:161} INFO - Started process (PID=517) to work on /home/airflow/.local/lib/python3.8/site-packages/airflow/example_dags/example_python_operator.py
[2026-09-17T18:45:08.193+0000] {processor.py:830} INFO - Processing file /home/airflow/.local/lib/python3.8/site-packages/airflow/example_dags/example_python_operator.py for tasks to queue
[2026-09-17T18:45:08.202+0000] {logging_mixin.py:188} INFO - [2026-09-17T18:45:08.201+0000] {dagbag.py:538} INFO - Filling up the DagBag from /home/airflow/.local/lib/python3.8/site-packages/airflow/example_dags/example_python_operator.py
[2026-09-17T18:45:08.245+0000] {processor.py:840} INFO - DAG(s) 'example_python_operator' retrieved from /home/airflow/.local/lib/python3.8/site-packages/airflow/example_dags/example_python_operator.py
[2026-09-17T18:45:08.324+0000] {logging_mixin.py:188} INFO - [2026-09-17T18:45:08.323+0000] {dag.py:3036} INFO - Sync 1 DAGs
[2026-09-17T18:45:08.366+0000] {logging_mixin.py:188} INFO - [2026-09-17T18:45:08.366+0000] {dag.py:3823} INFO - Setting next_dagrun for example_python_operator to None, run_after=None
[2026-09-17T18:45:09.643+0000] {processor.py:183} INFO - Processing /home/airflow/.local/lib/python3.8/site-packages/airflow/example_dags/example_python_operator.py took 1.494 seconds
[2026-09-17T18:45:42.908+0000] {processor.py:161} INFO - Started process (PID=572) to work on /home/airflow/.local/lib/python3.8/site-packages/airflow/example_dags/example_python_operator.py
[2026-09-17T18:45:42.911+0000] {processor.py:830} INFO - Processing file /home/airflow/.local/lib/python3.8/site-packages/airflow/example_dags/example_python_operator.py for tasks to queue
[2026-09-17T18:45:42.915+0000] {logging_mixin.py:188} INFO - [2026-09-17T18:45:42.915+0000] {dagbag.py:538} INFO - Filling up the DagBag from /home/airflow/.local/lib/python3.8/site-packages/airflow/example_dags/example_python_operator.py
[2026-09-17T18:45:42.929+0000] {processor.py:840} INFO - DAG(s) 'example_python_operator' retrieved from /home/airflow/.local/lib/python3.8/site-packages/airflow/example_dags/example_python_operator.py
[2026-09-17T18:45:42.962+0000] {logging_mixin.py:188} INFO - [2026-09-17T18:45:42.961+0000] {dag.py:3036} INFO - Sync 1 DAGs
[2026-09-17T18:45:42.979+0000] {logging_mixin.py:188} INFO - [2026-09-17T18:45:42.979+0000] {dag.py:3823} INFO - Setting next_dagrun for example_python_operator to None, run_after=None
[2026-09-17T18:45:43.068+0000] {processor.py:183} INFO - Processing /home/airflow/.local/lib/python3.8/site-packages/airflow/example_dags/example_python_operator.py took 0.164 seconds
[2026-09-17T18:47:20.656+0000] {processor.py:186} INFO - Started process (PID=88) to work on /home/airflow/.local/lib/python3.12/site-packages/airflow/example_dags/example_python_operator.py
[2026-09-17T18:47:20.658+0000] {processor.py:914} INFO - Processing file /home/airflow/.local/lib/python3.12/site-packages/airflow/example_dags/example_python_operator.py for tasks to queue
[2026-09-17T18:47:20.662+0000] {logging_mixin.py:190} INFO - [2026-09-17T18:47:20.661+0000] {dagbag.py:588} INFO - Filling up the DagBag from /home/airflow/.local/lib/python3.12/site-packages/airflow/example_dags/example_python_operator.py
[2026-09-17T18:47:20.679+0000] {processor.py:925} INFO - DAG(s) 'example_python_operator' retrieved from /home/airflow/.local/lib/python3.12/site-packages/airflow/example_dags/example_python_operator.py
[2026-09-17T18:47:20.900+0000] {logging_mixin.py:190} INFO - [2026-09-17T18:47:20.899+0000] {dag.py:3239} INFO - Sync 1 DAGs
[2026-09-17T18:47:20.933+0000] {logging_mixin.py:190} INFO - [2026-09-17T18:47:20.933+0000] {dag.py:4180} INFO - Setting next_dagrun for example_python_operator to None, run_after=None
[2026-09-17T18:47:20.975+0000] {processor.py:208} INFO - Processing /home/airflow/.local/lib/python3.12/site-packages/airflow/example_dags/example_python_operator.py took 0.326 seconds
[2026-09-17T18:47:51.697+0000] {processor.py:186} INFO - Started process (PID=153) to work on /home/airflow/.local/lib/python3.12/site-packages/airflow/example_dags/example_python_operator.py
[2026-09-17T18:47:51.699+0000] {processor.py:914} INFO - Processing file /home/airflow/.local/lib/python3.12/site-packages/airflow/example_dags/example_python_operator.py for tasks to queue
[2026-09-17T18:47:51.704+0000] {logging_mixin.py:190} INFO - [2026-09-17T18:47:51.703+0000] {dagbag.py:588} INFO - Filling up the DagBag from /home/airflow/.local/lib/python3.12/site-packages/airflow/example_dags/example_python_operator.py
[2026-09-17T18:47:51.718+0000] {processor.py:925} INFO - DAG(s) 'example_python_operator' retrieved from /home/airflow/.local/lib/python3.12/site-packages/airflow/example_dags/example_python_operator.py
[2026-09-17T18:47:51.750+0000] {logging_mixin.py:190} INFO - [2026-09-17T18:47:51.750+0000] {dag.py:3239} INFO - Sync 1 DAGs
[2026-09-17T18:47:51.768+0000] {logging_mixin.py:190} INFO - [2026-09-17T18:47:51.767+0000] {dag.py:4180} INFO - Setting next_dagrun for example_python_operator to None, run_after=None
[2026-09-17T18:47:51.796+0000] {processor.py:208} INFO - Processing /home/airflow/.local/lib/python3.12/site-packages/airflow/example_dags/example_python_operator.py took 0.105 seconds
[2026-09-17T18:48:22.037+0000] {processor.py:186} INFO - Started process (PID=216) to work on /home/airflow/.local/lib/python3.12/site-packages/airflow/example_dags/example_python_operator.py
[2026-09-17T18:48:22.040+0000] {processor.py:914} INFO - Processing file /home/airflow/.local/lib/python3.12/site-packages/airflow/example_dags/example_python_operator.py for tasks to queue
[2026-09-17T18:48:22.044+0000] {logging_mixin.py:190} INFO - [2026-09-17T18:48:22.044+0000] {dagbag.py:588} INFO - Filling up the DagBag from /home/airflow/.local/lib/python3.12/site-packages/airflow/example_dags/example_python_operator.py
[2026-09-17T18:48:22.061+0000] {processor.py:925} INFO - DAG(s) 'example_python_operator' retrieved from /home/airflow/.local/lib/python3.12/site-packages/airflow/example_dags/example_python_operator.py
[2026-09-17T18:48:22.095+0000] {logging_mixin.py:190} INFO - [2026-09-17T18:48:22.095+0000] {dag.py:3239} INFO - Sync 1 DAGs
[2026-09-17T18:48:22.115+0000] {logging_mixin.py:190} INFO - [2026-09-17T18:48:22.114+0000] {dag.py:4180} INFO - Setting next_dagrun for example_python_operator to None, run_after=None
[2026-09-17T18:48:22.145+0000] {processor.py:208} INFO - Processing /home/airflow/.local/lib/python3.12/site-packages/airflow/example_dags/example_python_operator.py took 0.117 seconds
[2026-09-17T18:48:52.454+0000] {processor.py:186} INFO - Started process (PID=274) to work on /home/airflow/.local/lib/python3.12/site-packages/airflow/example_dags/example_python_operator.py
[2026-09-17T18:48:52.456+0000] {processor.py:914} INFO - Processing file /home/airflow/.local/lib/python3.12/site-packages/airflow/example_dags/example_python_operator.py for tasks to queue
[2026-09-17T18:48:52.459+0000] {logging_mixin.py:190} INFO - [2026-09-17T18:48:52.459+0000] {dagbag.py:588} INFO - Filling up the DagBag from /home/airflow/.local/lib/python3.12/site-packages/airflow/example_dags/example_python_operator.py
[2026-09-17T18:48:52.473+0000] {processor.py:925} INFO - DAG(s) 'example_python_operator' retrieved from /home/airflow/.local/lib/python3.12/site-packages/airflow/example_dags/example_python_operator.py
[2026-09-17T18:48:52.502+0000] {logging_mixin.py:190} INFO - [2026-09-17T18:48:52.502+0000] {dag.py:3239} INFO - Sync 1 DAGs
[2026-09-17T18:48:52.520+0000] {logging_mixin.py:190} INFO - [2026-09-17T18:48:52.520+0000] {dag.py:4180} INFO - Setting next_dagrun for example_python_operator to None, run_after=None
[2026-09-17T18:48:52.546+0000] {processor.py:208} INFO - Processing /home/airflow/.local/lib/python3.12/site-packages/airflow/example_dags/example_python_operator.py took 0.098 seconds
[2026-09-17T18:49:23.078+0000] {processor.py:186} INFO - Started process (PID=338) to work on /home/airflow/.local/lib/python3.12/site-packages/airflow/example_dags/example_python_operator.py
[2026-09-17T18:49:23.080+0000] {processor.py:914} INFO - Processing file /home/airflow/.local/lib/python3.12/site-packages/airflow/example_dags/example_python_operator.py for tasks to queue
[2026-09-17T18:49:23.084+0000] {logging_mixin.py:190} INFO - [2026-09-17T18:49:23.083+0000] {dagbag.py:588} INFO - Filling up the DagBag from /home/airflow/.local/lib/python3.12/site-packages/airflow/example_dags/example_python_operator.py
[2026-09-17T18:49:23.104+0000] {processor.py:925} INFO - DAG(s) 'example_python_operator' retrieved from /home/airflow/.local/lib/python3.12/site-packages/airflow/example_dags/example_python_operator.py
[2026-09-17T18:49:23.132+0000] {logging_mixin.py:190} INFO - [2026-09-17T18:49:23.131+0000] {dag.py:3239} INFO - Sync 1 DAGs
[2026-09-17T18:49:23.150+0000] {logging_mixin.py:190} INFO - [2026-09-17T18:49:23.150+0000] {dag.py:4180} INFO - Setting next_dagrun for example_python_operator to None, run_after=None
[2026-09-17T18:49:23.176+0000] {processor.py:208} INFO - Processing /home/airflow/.local/lib/python3.12/site-packages/airflow/example_dags/example_python_operator.py took 0.109 seconds
[2026-09-17T18:50:52.004+0000] {processor.py:186} INFO - Started process (PID=67) to work on /home/airflow/.local/lib/python3.12/site-packages/airflow/example_dags/example_python_operator.py
[2026-09-17T18:50:52.006+0000] {processor.py:914} INFO - Processing file /home/airflow/.local/lib/python3.12/site-packages/airflow/example_dags/example_python_operator.py for tasks to queue
[2026-09-17T18:50:52.008+0000] {logging_mixin.py:190} INFO - [2026-09-17T18:50:52.008+0000] {dagbag.py:588} INFO - Filling up the DagBag from /home/airflow/.local/lib/python3.12/site-packages/airflow/example_dags/example_python_operator.py
[2026-09-17T18:50:52.028+0000] {processor.py:925} INFO - DAG(s) 'example_python_operator' retrieved from /home/airflow/.local/lib/python3.12/site-packages/airflow/example_dags/example_python_operator.py
[2026-09-17T18:50:52.180+0000] {logging_mixin.py:190} INFO - [2026-09-17T18:50:52.180+0000] {dag.py:3239} INFO - Sync 1 DAGs
[2026-09-17T18:50:52.193+0000] {logging_mixin.py:190} INFO - [2026-09-17T18:50:52.193+0000] {dag.py:4180} INFO - Setting next_dagrun for example_python_operator to None, run_after=None
[2026-09-17T18:50:52.221+0000] {processor.py:208} INFO - Processing /home/airflow/.local/lib/python3.12/site-packages/airflow/example_dags/example_python_operator.py took 0.224 seconds
[2026-09-17T18:51:23.141+0000] {processor.py:186} INFO - Started process (PID=131) to work on /home/airflow/.local/lib/python3.12/site-packages/airflow/example_dags/example_python_operator.py
[2026-09-17T18:51:23.144+0000] {processor.py:914} INFO - Processing file /home/airflow/.local/lib/python3.12/site-packages/airflow/example_dags/example_python_operator.py for tasks to queue
[2026-09-17T18:51:23.148+0000] {logging_mixin.py:190} INFO - [2026-09-17T18:51:23.147+0000] {dagbag.py:588} INFO - Filling up the DagBag from /home/airflow/.local/lib/python3.12/site-packages/airflow/example_dags/example_python_operator.py
[2026-09-17T18:51:23.172+0000] {processor.py:925} INFO - DAG(s) 'example_python_operator' retrieved from /home/airflow/.local/lib/python3.12/site-packages/airflow/example_dags/example_python_operator.py
[2026-09-17T18:51:23.220+0000] {logging_mixin.py:190} INFO - [2026-09-17T18:51:23.220+0000] {dag.py:3239} INFO - Sync 1 DAGs
[2026-09-17T18:51:23.253+0000] {logging_mixin.py:190} INFO - [2026-09-17T18:51:23.252+0000] {dag.py:4180} INFO - Setting next_dagrun for example_python_operator to None, run_after=None
[2026-09-17T18:51:23.286+0000] {processor.py:208} INFO - Processing /home/airflow/.local/lib/python3.12/site-packages/airflow/example_dags/example_python_operator.py took 0.160 seconds
[2026-09-17T18:51:53.389+0000] {processor.py:186} INFO - Started process (PID=188) to work on /home/airflow/.local/lib/python3.12/site-packages/airflow/example_dags/example_python_operator.py
[2026-09-17T18:51:53.391+0000] {processor.py:914} INFO - Processing file /home/airflow/.local/lib/python3.12/site-packages/airflow/example_dags/example_python_operator.py for tasks to queue
[2026-09-17T18:51:53.395+0000] {logging_mixin.py:190} INFO - [2026-09-17T18:51:53.394+0000] {dagbag.py:588} INFO - Filling up the DagBag from /home/airflow/.local/lib/python3.12/site-packages/airflow/example_dags/example_python_operator.py
[2026-09-17T18:51:53.421+0000] {processor.py:925} INFO - DAG(s) 'example_python_operator' retrieved from /home/airflow/.local/lib/python3.12/site-packages/airflow/example_dags/example_python_operator.py
[2026-09-17T18:51:53.464+0000] {logging_mixin.py:190} INFO - [2026-09-17T18:51:53.464+0000] {dag.py:3239} INFO - Sync 1 DAGs
[2026-09-17T18:51:53.488+0000] {logging_mixin.py:190} INFO - [2026-09-17T18:51:53.488+0000] {dag.py:4180} INFO - Setting next_dagrun for example_python_operator to None, run_after=None
[2026-09-17T18:51:53.523+0000] {processor.py:208} INFO - Processing /home/airflow/.local/lib/python3.12/site-packages/airflow/example_dags/example_python_operator.py took 0.142 seconds
[2026-09-17T18:52:24.157+0000] {processor.py:186} INFO - Started process (PID=252) to work on /home/airflow/.local/lib/python3.12/site-packages/airflow/example_dags/example_python_operator.py
[2026-09-17T18:52:24.159+0000] {processor.py:914} INFO - Processing file /home/airflow/.local/lib/python3.12/site-packages/airflow/example_dags/example_python_operator.py for tasks to queue
[2026-09-17T18:52:24.161+0000] {logging_mixin.py:190} INFO - [2026-09-17T18:52:24.161+0000] {dagbag.py:588} INFO - Filling up the DagBag from /home/airflow/.local/lib/python3.12/site-packages/airflow/example_dags/example_python_operator.py
[2026-09-17T18:52:24.174+0000] {processor.py:925} INFO - DAG(s) 'example_python_operator' retrieved from /home/airflow/.local/lib/python3.12/site-packages/airflow/example_dags/example_python_operator.py
[2026-09-17T18:52:24.201+0000] {logging_mixin.py:190} INFO - [2026-09-17T18:52:24.201+0000] {dag.py:3239} INFO - Sync 1 DAGs
[2026-09-17T18:52:24.216+0000] {logging_mixin.py:190} INFO - [2026-09-17T18:52:24.215+0000] {dag.py:4180} INFO - Setting next_dagrun for example_python_operator to None, run_after=None
[2026-09-17T18:52:24.236+0000] {processor.py:208} INFO - Processing /home/airflow/.local/lib/python3.12/site-packages/airflow/example_dags/example_python_operator.py took 0.084 seconds
[2026-09-17T18:52:55.196+0000] {processor.py:186} INFO - Started process (PID=317) to work on /home/airflow/.local/lib/python3.12/site-packages/airflow/example_dags/example_python_operator.py
[2026-09-17T18:52:55.199+0000] {processor.py:914} INFO - Processing file /home/airflow/.local/lib/python3.12/site-packages/airflow/example_dags/example_python_operator.py for tasks to queue
[2026-09-17T18:52:55.202+0000] {logging_mixin.py:190} INFO - [2026-09-17T18:52:55.201+0000] {dagbag.py:588} INFO - Filling up the DagBag from /home/airflow/.local/lib/python3.12/site-packages/airflow/example_dags/example_python_operator.py
[2026-09-17T18:52:55.217+0000] {processor.py:925} INFO - DAG(s) 'example_python_operator' retrieved from /home/airflow/.local/lib/python3.12/site-packages/airflow/example_dags/example_python_operator.py
[2026-09-17T18:52:55.250+0000] {logging_mixin.py:190} INFO - [2026-09-17T18:52:55.249+0000] {dag.py:3239} INFO - Sync 1 DAGs
[2026-09-17T18:52:55.267+0000] {logging_mixin.py:190} INFO - [2026-09-17T18:52:55.267+0000] {dag.py:4180} INFO - Setting next_dagrun for example_python_operator to None, run_after=None
[2026-09-17T18:52:55.293+0000] {processor.py:208} INFO - Processing /home/airflow/.local/lib/python3.12/site-packages/airflow/example_dags/example_python_operator.py took 0.105 seconds
[2026-09-17T18:53:26.078+0000] {processor.py:186} INFO - Started process (PID=382) to work on /home/airflow/.local/lib/python3.12/site-packages/airflow/example_dags/example_python_operator.py
[2026-09-17T18:53:26.080+0000] {processor.py:914} INFO - Processing file /home/airflow/.local/lib/python3.12/site-packages/airflow/example_dags/example_python_operator.py for tasks to queue
[2026-09-17T18:53:26.082+0000] {logging_mixin.py:190} INFO - [2026-09-17T18:53:26.082+0000] {dagbag.py:588} INFO - Filling up the DagBag from /home/airflow/.local/lib/python3.12/site-packages/airflow/example_dags/example_python_operator.py
[2026-09-17T18:53:26.100+0000] {processor.py:925} INFO - DAG(s) 'example_python_operator' retrieved from /home/airflow/.local/lib/python3.12/site-packages/airflow/example_dags/example_python_operator.py
[2026-09-17T18:53:26.135+0000] {logging_mixin.py:190} INFO - [2026-09-17T18:53:26.135+0000] {dag.py:3239} INFO - Sync 1 DAGs
[2026-09-17T18:53:26.158+0000] {logging_mixin.py:190} INFO - [2026-09-17T18:53:26.158+0000] {dag.py:4180} INFO - Setting next_dagrun for example_python_operator to None, run_after=None
[2026-09-17T18:53:26.186+0000] {processor.py:208} INFO - Processing /home/airflow/.local/lib/python3.12/site-packages/airflow/example_dags/example_python_operator.py took 0.115 seconds
[2026-09-17T18:53:56.475+0000] {processor.py:186} INFO - Started process (PID=447) to work on /home/airflow/.local/lib/python3.12/site-packages/airflow/example_dags/example_python_operator.py
[2026-09-17T18:53:56.477+0000] {processor.py:914} INFO - Processing file /home/airflow/.local/lib/python3.12/site-packages/airflow/example_dags/example_python_operator.py for tasks to queue
[2026-09-17T18:53:56.479+0000] {logging_mixin.py:190} INFO - [2026-09-17T18:53:56.479+0000] {dagbag.py:588} INFO - Filling up the DagBag from /home/airflow/.local/lib/python3.12/site-packages/airflow/example_dags/example_python_operator.py
[2026-09-17T18:53:56.492+0000] {processor.py:925} INFO - DAG(s) 'example_python_operator' retrieved from /home/airflow/.local/lib/python3.12/site-packages/airflow/example_dags/example_python_operator.py
[2026-09-17T18:53:56.520+0000] {logging_mixin.py:190} INFO - [2026-09-17T18:53:56.520+0000] {dag.py:3239} INFO - Sync 1 DAGs
[2026-09-17T18:53:56.534+0000] {logging_mixin.py:190} INFO - [2026-09-17T18:53:56.534+0000] {dag.py:4180} INFO - Setting next_dagrun for example_python_operator to None, run_after=None
[2026-09-17T18:53:56.556+0000] {processor.py:208} INFO - Processing /home/airflow/.local/lib/python3.12/site-packages/airflow/example_dags/example_python_operator.py took 0.087 seconds
[2026-09-17T18:54:27.361+0000] {processor.py:186} INFO - Started process (PID=512) to work on /home/airflow/.local/lib/python3.12/site-packages/airflow/example_dags/example_python_operator.py
[2026-09-17T18:54:27.363+0000] {processor.py:914} INFO - Processing file /home/airflow/.local/lib/python3.12/site-packages/airflow/example_dags/example_python_operator.py for tasks to queue
[2026-09-17T18:54:27.366+0000] {logging_mixin.py:190} INFO - [2026-09-17T18:54:27.365+0000] {dagbag.py:588} INFO - Filling up the DagBag from /home/airflow/.local/lib/python3.12/site-packages/airflow/example_dags/example_python_operator.py
[2026-09-17T18:54:27.383+0000] {processor.py:925} INFO - DAG(s) 'example_python_operator' retrieved from /home/airflow/.local/lib/python3.12/site-packages/airflow/example_dags/example_python_operator.py
[2026-09-17T18:54:27.419+0000] {logging_mixin.py:190} INFO - [2026-09-17T18:54:27.419+0000] {dag.py:3239} INFO - Sync 1 DAGs
[2026-09-17T18:54:27.445+0000] {logging_mixin.py:190} INFO - [2026-09-17T18:54:27.445+0000] {dag.py:4180} INFO - Setting next_dagrun for example_python_operator to None, run_after=None
[2026-09-17T18:54:27.493+0000] {processor.py:208} INFO - Processing /home/airflow/.local/lib/python3.12/site-packages/airflow/example_dags/example_python_operator.py took 0.138 seconds
[2026-09-17T18:54:57.754+0000] {processor.py:186} INFO - Started process (PID=577) to work on /home/airflow/.local/lib/python3.12/site-packages/airflow/example_dags/example_python_operator.py
[2026-09-17T18:54:57.756+0000] {processor.py:914} INFO - Processing file /home/airflow/.local/lib/python3.12/site-packages/airflow/example_dags/example_python_operator.py for tasks to queue
[2026-09-17T18:54:57.758+0000] {logging_mixin.py:190} INFO - [2026-09-17T18:54:57.758+0000] {dagbag.py:588} INFO - Filling up the DagBag from /home/airflow/.local/lib/python3.12/site-packages/airflow/example_dags/example_python_operator.py
[2026-09-17T18:54:57.773+0000] {processor.py:925} INFO - DAG(s) 'example_python_operator' retrieved from /home/airflow/.local/lib/python3.12/site-packages/airflow/example_dags/example_python_operator.py
[2026-09-17T18:54:57.804+0000] {logging_mixin.py:190} INFO - [2026-09-17T18:54:57.803+0000] {dag.py:3239} INFO - Sync 1 DAGs
[2026-09-17T18:54:57.820+0000] {logging_mixin.py:190} INFO - [2026-09-17T18:54:57.820+0000] {dag.py:4180} INFO - Setting next_dagrun for example_python_operator to None, run_after=None
[2026-09-17T18:54:57.868+0000] {processor.py:208} INFO - Processing /home/airflow/.local/lib/python3.12/site-packages/airflow/example_dags/example_python_operator.py took 0.121 seconds
[2026-09-17T18:55:28.109+0000] {processor.py:186} INFO - Started process (PID=642) to work on /home/airflow/.local/lib/python3.12/site-packages/airflow/example_dags/example_python_operator.py
[2026-09-17T18:55:28.111+0000] {processor.py:914} INFO - Processing file /home/airflow/.local/lib/python3.12/site-packages/airflow/example_dags/example_python_operator.py for tasks to queue
[2026-09-17T18:55:28.113+0000] {logging_mixin.py:190} INFO - [2026-09-17T18:55:28.113+0000] {dagbag.py:588} INFO - Filling up the DagBag from /home/airflow/.local/lib/python3.12/site-packages/airflow/example_dags/example_python_operator.py
[2026-09-17T18:55:28.126+0000] {processor.py:925} INFO - DAG(s) 'example_python_operator' retrieved from /home/airflow/.local/lib/python3.12/site-packages/airflow/example_dags/example_python_operator.py
[2026-09-17T18:55:28.155+0000] {logging_mixin.py:190} INFO - [2026-09-17T18:55:28.155+0000] {dag.py:3239} INFO - Sync 1 DAGs
[2026-09-17T18:55:28.170+0000] {logging_mixin.py:190} INFO - [2026-09-17T18:55:28.169+0000] {dag.py:4180} INFO - Setting next_dagrun for example_python_operator to None, run_after=None
[2026-09-17T18:55:28.191+0000] {processor.py:208} INFO - Processing /home/airflow/.local/lib/python3.12/site-packages/airflow/example_dags/example_python_operator.py took 0.088 seconds
[2026-09-17T18:55:58.498+0000] {processor.py:186} INFO - Started process (PID=707) to work on /home/airflow/.local/lib/python3.12/site-packages/airflow/example_dags/example_python_operator.py
[2026-09-17T18:55:58.500+0000] {processor.py:914} INFO - Processing file /home/airflow/.local/lib/python3.12/site-packages/airflow/example_dags/example_python_operator.py for tasks to queue
[2026-09-17T18:55:58.502+0000] {logging_mixin.py:190} INFO - [2026-09-17T18:55:58.502+0000] {dagbag.py:588} INFO - Filling up the DagBag from /home/airflow/.local/lib/python3.12/site-packages/airflow/example_dags/example_python_operator.py
[2026-09-17T18:55:58.516+0000] {processor.py:925} INFO - DAG(s) 'example_python_operator' retrieved from /home/airflow/.local/lib/python3.12/site-packages/airflow/example_dags/example_python_operator.py
[2026-09-17T18:55:58.545+0000] {logging_mixin.py:190} INFO - [2026-09-17T18:55:58.544+0000] {dag.py:3239} INFO - Sync 1 DAGs
[2026-09-17T18:55:58.561+0000] {logging_mixin.py:190} INFO - [2026-09-17T18:55:58.560+0000] {dag.py:4180} INFO - Setting next_dagrun for example_python_operator to None, run_after=None
[2026-09-17T18:55:58.585+0000] {processor.py:208} INFO - Processing /home/airflow/.local/lib/python3.12/site-packages/airflow/example_dags/example_python_operator.py took 0.094 seconds
[2026-09-17T18:56:28.821+0000] {processor.py:186} INFO - Started process (PID=772) to work on /home/airflow/.local/lib/python3.12/site-packages/airflow/example_dags/example_python_operator.py
[2026-09-17T18:56:28.823+0000] {processor.py:914} INFO - Processing file /home/airflow/.local/lib/python3.12/site-packages/airflow/example_dags/example_python_operator.py for tasks to queue
[2026-09-17T18:56:28.826+0000] {logging_mixin.py:190} INFO - [2026-09-17T18:56:28.826+0000] {dagbag.py:588} INFO - Filling up the DagBag from /home/airflow/.local/lib/python3.12/site-packages/airflow/example_dags/example_python_operator.py
[2026-09-17T18:56:28.841+0000] {processor.py:925} INFO - DAG(s) 'example_python_operator' retrieved from /home/airflow/.local/lib/python3.12/site-packages/airflow/example_dags/example_python_operator.py
[2026-09-17T18:56:28.870+0000] {logging_mixin.py:190} INFO - [2026-09-17T18:56:28.870+0000] {dag.py:3239} INFO - Sync 1 DAGs
[2026-09-17T18:56:28.886+0000] {logging_mixin.py:190} INFO - [2026-09-17T18:56:28.885+0000] {dag.py:4180} INFO - Setting next_dagrun for example_python_operator to None, run_after=None
[2026-09-17T18:56:28.909+0000] {processor.py:208} INFO - Processing /home/airflow/.local/lib/python3.12/site-packages/airflow/example_dags/example_python_operator.py took 0.094 seconds
[2026-09-17T18:57:00.517+0000] {processor.py:186} INFO - Started process (PID=836) to work on /home/airflow/.local/lib/python3.12/site-packages/airflow/example_dags/example_python_operator.py
[2026-09-17T18:57:00.518+0000] {processor.py:914} INFO - Processing file /home/airflow/.local/lib/python3.12/site-packages/airflow/example_dags/example_python_operator.py for tasks to queue
[2026-09-17T18:57:00.521+0000] {logging_mixin.py:190} INFO - [2026-09-17T18:57:00.521+0000] {dagbag.py:588} INFO - Filling up the DagBag from /home/airflow/.local/lib/python3.12/site-packages/airflow/example_dags/example_python_operator.py
[2026-09-17T18:57:00.536+0000] {processor.py:925} INFO - DAG(s) 'example_python_operator' retrieved from /home/airflow/.local/lib/python3.12/site-packages/airflow/example_dags/example_python_operator.py
[2026-09-17T18:57:00.570+0000] {logging_mixin.py:190} INFO - [2026-09-17T18:57:00.570+0000] {dag.py:3239} INFO - Sync 1 DAGs
[2026-09-17T18:57:00.590+0000] {logging_mixin.py:190} INFO - [2026-09-17T18:57:00.590+0000] {dag.py:4180} INFO - Setting next_dagrun for example_python_operator to None, run_after=None
[2026-09-17T18:57:00.624+0000] {processor.py:208} INFO - Processing /home/airflow/.local/lib/python3.12/site-packages/airflow/example_dags/example_python_operator.py took 0.114 seconds
[2026-09-17T18:57:31.205+0000] {processor.py:186} INFO - Started process (PID=894) to work on /home/airflow/.local/lib/python3.12/site-packages/airflow/example_dags/example_python_operator.py
[2026-09-17T18:57:31.207+0000] {processor.py:914} INFO - Processing file /home/airflow/.local/lib/python3.12/site-packages/airflow/example_dags/example_python_operator.py for tasks to queue
[2026-09-17T18:57:31.209+0000] {logging_mixin.py:190} INFO - [2026-09-17T18:57:31.209+0000] {dagbag.py:588} INFO - Filling up the DagBag from /home/airflow/.local/lib/python3.12/site-packages/airflow/example_dags/example_python_operator.py
[2026-09-17T18:57:31.223+0000] {processor.py:925} INFO - DAG(s) 'example_python_operator' retrieved from /home/airflow/.local/lib/python3.12/site-packages/airflow/example_dags/example_python_operator.py
[2026-09-17T18:57:31.253+0000] {logging_mixin.py:190} INFO - [2026-09-17T18:57:31.252+0000] {dag.py:3239} INFO - Sync 1 DAGs
[2026-09-17T18:57:31.268+0000] {logging_mixin.py:190} INFO - [2026-09-17T18:57:31.267+0000] {dag.py:4180} INFO - Setting next_dagrun for example_python_operator to None, run_after=None
[2026-09-17T18:57:31.290+0000] {processor.py:208} INFO - Processing /home/airflow/.local/lib/python3.12/site-packages/airflow/example_dags/example_python_operator.py took 0.092 seconds
[2026-09-17T18:58:02.842+0000] {processor.py:186} INFO - Started process (PID=959) to work on /home/airflow/.local/lib/python3.12/site-packages/airflow/example_dags/example_python_operator.py
[2026-09-17T18:58:02.844+0000] {processor.py:914} INFO - Processing file /home/airflow/.local/lib/python3.12/site-packages/airflow/example_dags/example_python_operator.py for tasks to queue
[2026-09-17T18:58:02.846+0000] {logging_mixin.py:190} INFO - [2026-09-17T18:58:02.845+0000] {dagbag.py:588} INFO - Filling up the DagBag from /home/airflow/.local/lib/python3.12/site-packages/airflow/example_dags/example_python_operator.py
[2026-09-17T18:58:02.859+0000] {processor.py:925} INFO - DAG(s) 'example_python_operator' retrieved from /home/airflow/.local/lib/python3.12/site-packages/airflow/example_dags/example_python_operator.py
[2026-09-17T18:58:02.887+0000] {logging_mixin.py:190} INFO - [2026-09-17T18:58:02.887+0000] {dag.py:3239} INFO - Sync 1 DAGs
[2026-09-17T18:58:02.902+0000] {logging_mixin.py:190} INFO - [2026-09-17T18:58:02.901+0000] {dag.py:4180} INFO - Setting next_dagrun for example_python_operator to None, run_after=None
[2026-09-17T18:58:02.925+0000] {processor.py:208} INFO - Processing /home/airflow/.local/lib/python3.12/site-packages/airflow/example_dags/example_python_operator.py took 0.090 seconds
[2026-09-17T18:58:33.076+0000] {processor.py:186} INFO - Started process (PID=1024) to work on /home/airflow/.local/lib/python3.12/site-packages/airflow/example_dags/example_python_operator.py
[2026-09-17T18:58:33.078+0000] {processor.py:914} INFO - Processing file /home/airflow/.local/lib/python3.12/site-packages/airflow/example_dags/example_python_operator.py for tasks to queue
[2026-09-17T18:58:33.081+0000] {logging_mixin.py:190} INFO - [2026-09-17T18:58:33.081+0000] {dagbag.py:588} INFO - Filling up the DagBag from /home/airflow/.local/lib/python3.12/site-packages/airflow/example_dags/example_python_operator.py
[2026-09-17T18:58:33.098+0000] {processor.py:925} INFO - DAG(s) 'example_python_operator' retrieved from /home/airflow/.local/lib/python3.12/site-packages/airflow/example_dags/example_python_operator.py
[2026-09-17T18:58:33.125+0000] {logging_mixin.py:190} INFO - [2026-09-17T18:58:33.125+0000] {dag.py:3239} INFO - Sync 1 DAGs
[2026-09-17T18:58:33.140+0000] {logging_mixin.py:190} INFO - [2026-09-17T18:58:33.139+0000] {dag.py:4180} INFO - Setting next_dagrun for example_python_operator to None, run_after=None
[2026-09-17T18:58:33.164+0000] {processor.py:208} INFO - Processing /home/airflow/.local/lib/python3.12/site-packages/airflow/example_dags/example_python_operator.py took 0.097 seconds
[2026-09-17T18:59:03.693+0000] {processor.py:186} INFO - Started process (PID=1089) to work on /home/airflow/.local/lib/python3.12/site-packages/airflow/example_dags/example_python_operator.py
[2026-09-17T18:59:03.696+0000] {processor.py:914} INFO - Processing file /home/airflow/.local/lib/python3.12/site-packages/airflow/example_dags/example_python_operator.py for tasks to queue
[2026-09-17T18:59:03.699+0000] {logging_mixin.py:190} INFO - [2026-09-17T18:59:03.698+0000] {dagbag.py:588} INFO - Filling up the DagBag from /home/airflow/.local/lib/python3.12/site-packages/airflow/example_dags/example_python_operator.py
[2026-09-17T18:59:03.718+0000] {processor.py:925} INFO - DAG(s) 'example_python_operator' retrieved from /home/airflow/.local/lib/python3.12/site-packages/airflow/example_dags/example_python_operator.py
[2026-09-17T18:59:03.752+0000] {logging_mixin.py:190} INFO - [2026-09-17T18:59:03.752+0000] {dag.py:3239} INFO - Sync 1 DAGs
[2026-09-17T18:59:03.773+0000] {logging_mixin.py:190} INFO - [2026-09-17T18:59:03.772+0000] {dag.py:4180} INFO - Setting next_dagrun for example_python_operator to None, run_after=None
[2026-09-17T18:59:03.822+0000] {processor.py:208} INFO - Processing /home/airflow/.local/lib/python3.12/site-packages/airflow/example_dags/example_python_operator.py took 0.135 seconds
[2026-09-17T18:59:35.732+0000] {processor.py:186} INFO - Started process (PID=1155) to work on /home/airflow/.local/lib/python3.12/site-packages/airflow/example_dags/example_python_operator.py
[2026-09-17T18:59:35.737+0000] {processor.py:914} INFO - Processing file /home/airflow/.local/lib/python3.12/site-packages/airflow/example_dags/example_python_operator.py for tasks to queue
[2026-09-17T18:59:35.740+0000] {logging_mixin.py:190} INFO - [2026-09-17T18:59:35.740+0000] {dagbag.py:588} INFO - Filling up the DagBag from /home/airflow/.local/lib/python3.12/site-packages/airflow/example_dags/example_python_operator.py
[2026-09-17T18:59:35.775+0000] {processor.py:925} INFO - DAG(s) 'example_python_operator' retrieved from /home/airflow/.local/lib/python3.12/site-packages/airflow/example_dags/example_python_operator.py
[2026-09-17T18:59:35.828+0000] {logging_mixin.py:190} INFO - [2026-09-17T18:59:35.828+0000] {dag.py:3239} INFO - Sync 1 DAGs
[2026-09-17T18:59:35.874+0000] {logging_mixin.py:190} INFO - [2026-09-17T18:59:35.874+0000] {dag.py:4180} INFO - Setting next_dagrun for example_python_operator to None, run_after=None
[2026-09-17T18:59:35.920+0000] {processor.py:208} INFO - Processing /home/airflow/.local/lib/python3.12/site-packages/airflow/example_dags/example_python_operator.py took 0.198 seconds
[2026-09-17T19:00:06.217+0000] {processor.py:186} INFO - Started process (PID=1220) to work on /home/airflow/.local/lib/python3.12/site-packages/airflow/example_dags/example_python_operator.py
[2026-09-17T19:00:06.219+0000] {processor.py:914} INFO - Processing file /home/airflow/.local/lib/python3.12/site-packages/airflow/example_dags/example_python_operator.py for tasks to queue
[2026-09-17T19:00:06.220+0000] {logging_mixin.py:190} INFO - [2026-09-17T19:00:06.220+0000] {dagbag.py:588} INFO - Filling up the DagBag from /home/airflow/.local/lib/python3.12/site-packages/airflow/example_dags/example_python_operator.py
[2026-09-17T19:00:06.235+0000] {processor.py:925} INFO - DAG(s) 'example_python_operator' retrieved from /home/airflow/.local/lib/python3.12/site-packages/airflow/example_dags/example_python_operator.py
[2026-09-17T19:00:06.265+0000] {logging_mixin.py:190} INFO - [2026-09-17T19:00:06.264+0000] {dag.py:3239} INFO - Sync 1 DAGs
[2026-09-17T19:00:06.281+0000] {logging_mixin.py:190} INFO - [2026-09-17T19:00:06.281+0000] {dag.py:4180} INFO - Setting next_dagrun for example_python_operator to None, run_after=None
[2026-09-17T19:00:06.306+0000] {processor.py:208} INFO - Processing /home/airflow/.local/lib/python3.12/site-packages/airflow/example_dags/example_python_operator.py took 0.095 seconds
[2026-09-17T19:00:36.490+0000] {processor.py:186} INFO - Started process (PID=1285) to work on /home/airflow/.local/lib/python3.12/site-packages/airflow/example_dags/example_python_operator.py
[2026-09-17T19:00:36.492+0000] {processor.py:914} INFO - Processing file /home/airflow/.local/lib/python3.12/site-packages/airflow/example_dags/example_python_operator.py for tasks to queue
[2026-09-17T19:00:36.494+0000] {logging_mixin.py:190} INFO - [2026-09-17T19:00:36.494+0000] {dagbag.py:588} INFO - Filling up the DagBag from /home/airflow/.local/lib/python3.12/site-packages/airflow/example_dags/example_python_operator.py
[2026-09-17T19:00:36.512+0000] {processor.py:925} INFO - DAG(s) 'example_python_operator' retrieved from /home/airflow/.local/lib/python3.12/site-packages/airflow/example_dags/example_python_operator.py
[2026-09-17T19:00:36.542+0000] {logging_mixin.py:190} INFO - [2026-09-17T19:00:36.542+0000] {dag.py:3239} INFO - Sync 1 DAGs
[2026-09-17T19:00:36.558+0000] {logging_mixin.py:190} INFO - [2026-09-17T19:00:36.558+0000] {dag.py:4180} INFO - Setting next_dagrun for example_python_operator to None, run_after=None
[2026-09-17T19:00:36.582+0000] {processor.py:208} INFO - Processing /home/airflow/.local/lib/python3.12/site-packages/airflow/example_dags/example_python_operator.py took 0.101 seconds
[2026-09-17T19:01:07.308+0000] {processor.py:186} INFO - Started process (PID=1350) to work on /home/airflow/.local/lib/python3.12/site-packages/airflow/example_dags/example_python_operator.py
[2026-09-17T19:01:07.311+0000] {processor.py:914} INFO - Processing file /home/airflow/.local/lib/python3.12/site-packages/airflow/example_dags/example_python_operator.py for tasks to queue
[2026-09-17T19:01:07.313+0000] {logging_mixin.py:190} INFO - [2026-09-17T19:01:07.313+0000] {dagbag.py:588} INFO - Filling up the DagBag from /home/airflow/.local/lib/python3.12/site-packages/airflow/example_dags/example_python_operator.py
[2026-09-17T19:01:07.327+0000] {processor.py:925} INFO - DAG(s) 'example_python_operator' retrieved from /home/airflow/.local/lib/python3.12/site-packages/airflow/example_dags/example_python_operator.py
[2026-09-17T19:01:07.352+0000] {logging_mixin.py:190} INFO - [2026-09-17T19:01:07.352+0000] {dag.py:3239} INFO - Sync 1 DAGs
[2026-09-17T19:01:07.366+0000] {logging_mixin.py:190} INFO - [2026-09-17T19:01:07.366+0000] {dag.py:4180} INFO - Setting next_dagrun for example_python_operator to None, run_after=None
[2026-09-17T19:01:07.387+0000] {processor.py:208} INFO - Processing /home/airflow/.local/lib/python3.12/site-packages/airflow/example_dags/example_python_operator.py took 0.085 seconds
[2026-09-17T19:01:38.531+0000] {processor.py:186} INFO - Started process (PID=1414) to work on /home/airflow/.local/lib/python3.12/site-packages/airflow/example_dags/example_python_operator.py
[2026-09-17T19:01:38.534+0000] {processor.py:914} INFO - Processing file /home/airflow/.local/lib/python3.12/site-packages/airflow/example_dags/example_python_operator.py for tasks to queue
[2026-09-17T19:01:38.537+0000] {logging_mixin.py:190} INFO - [2026-09-17T19:01:38.536+0000] {dagbag.py:588} INFO - Filling up the DagBag from /home/airflow/.local/lib/python3.12/site-packages/airflow/example_dags/example_python_operator.py
[2026-09-17T19:01:38.556+0000] {processor.py:925} INFO - DAG(s) 'example_python_operator' retrieved from /home/airflow/.local/lib/python3.12/site-packages/airflow/example_dags/example_python_operator.py
[2026-09-17T19:01:38.593+0000] {logging_mixin.py:190} INFO - [2026-09-17T19:01:38.593+0000] {dag.py:3239} INFO - Sync 1 DAGs
[2026-09-17T19:01:38.617+0000] {logging_mixin.py:190} INFO - [2026-09-17T19:01:38.616+0000] {dag.py:4180} INFO - Setting next_dagrun for example_python_operator to None, run_after=None
[2026-09-17T19:01:38.652+0000] {processor.py:208} INFO - Processing /home/airflow/.local/lib/python3.12/site-packages/airflow/example_dags/example_python_operator.py took 0.131 seconds
[2026-09-17T19:02:08.763+0000] {processor.py:186} INFO - Started process (PID=1472) to work on /home/airflow/.local/lib/python3.12/site-packages/airflow/example_dags/example_python_operator.py
[2026-09-17T19:02:08.766+0000] {processor.py:914} INFO - Processing file /home/airflow/.local/lib/python3.12/site-packages/airflow/example_dags/example_python_operator.py for tasks to queue
[2026-09-17T19:02:08.769+0000] {logging_mixin.py:190} INFO - [2026-09-17T19:02:08.768+0000] {dagbag.py:588} INFO - Filling up the DagBag from /home/airflow/.local/lib/python3.12/site-packages/airflow/example_dags/example_python_operator.py
[2026-09-17T19:02:08.785+0000] {processor.py:925} INFO - DAG(s) 'example_python_operator' retrieved from /home/airflow/.local/lib/python3.12/site-packages/airflow/example_dags/example_python_operator.py
[2026-09-17T19:02:08.821+0000] {logging_mixin.py:190} INFO - [2026-09-17T19:02:08.821+0000] {dag.py:3239} INFO - Sync 1 DAGs
[2026-09-17T19:02:08.839+0000] {logging_mixin.py:190} INFO - [2026-09-17T19:02:08.839+0000] {dag.py:4180} INFO - Setting next_dagrun for example_python_operator to None, run_after=None
[2026-09-17T19:02:08.866+0000] {processor.py:208} INFO - Processing /home/airflow/.local/lib/python3.12/site-packages/airflow/example_dags/example_python_operator.py took 0.111 seconds
[2026-09-17T19:02:39.633+0000] {processor.py:186} INFO - Started process (PID=1537) to work on /home/airflow/.local/lib/python3.12/site-packages/airflow/example_dags/example_python_operator.py
[2026-09-17T19:02:39.635+0000] {processor.py:914} INFO - Processing file /home/airflow/.local/lib/python3.12/site-packages/airflow/example_dags/example_python_operator.py for tasks to queue
[2026-09-17T19:02:39.637+0000] {logging_mixin.py:190} INFO - [2026-09-17T19:02:39.637+0000] {dagbag.py:588} INFO - Filling up the DagBag from /home/airflow/.local/lib/python3.12/site-packages/airflow/example_dags/example_python_operator.py
[2026-09-17T19:02:39.650+0000] {processor.py:925} INFO - DAG(s) 'example_python_operator' retrieved from /home/airflow/.local/lib/python3.12/site-packages/airflow/example_dags/example_python_operator.py
[2026-09-17T19:02:39.678+0000] {logging_mixin.py:190} INFO - [2026-09-17T19:02:39.678+0000] {dag.py:3239} INFO - Sync 1 DAGs
[2026-09-17T19:02:39.694+0000] {logging_mixin.py:190} INFO - [2026-09-17T19:02:39.693+0000] {dag.py:4180} INFO - Setting next_dagrun for example_python_operator to None, run_after=None
[2026-09-17T19:02:39.717+0000] {processor.py:208} INFO - Processing /home/airflow/.local/lib/python3.12/site-packages/airflow/example_dags/example_python_operator.py took 0.090 seconds
[2026-09-17T19:03:09.939+0000] {processor.py:186} INFO - Started process (PID=1602) to work on /home/airflow/.local/lib/python3.12/site-packages/airflow/example_dags/example_python_operator.py
[2026-09-17T19:03:09.941+0000] {processor.py:914} INFO - Processing file /home/airflow/.local/lib/python3.12/site-packages/airflow/example_dags/example_python_operator.py for tasks to queue
[2026-09-17T19:03:09.944+0000] {logging_mixin.py:190} INFO - [2026-09-17T19:03:09.943+0000] {dagbag.py:588} INFO - Filling up the DagBag from /home/airflow/.local/lib/python3.12/site-packages/airflow/example_dags/example_python_operator.py
[2026-09-17T19:03:09.958+0000] {processor.py:925} INFO - DAG(s) 'example_python_operator' retrieved from /home/airflow/.local/lib/python3.12/site-packages/airflow/example_dags/example_python_operator.py
[2026-09-17T19:03:09.988+0000] {logging_mixin.py:190} INFO - [2026-09-17T19:03:09.987+0000] {dag.py:3239} INFO - Sync 1 DAGs
[2026-09-17T19:03:10.003+0000] {logging_mixin.py:190} INFO - [2026-09-17T19:03:10.003+0000] {dag.py:4180} INFO - Setting next_dagrun for example_python_operator to None, run_after=None
[2026-09-17T19:03:10.030+0000] {processor.py:208} INFO - Processing /home/airflow/.local/lib/python3.12/site-packages/airflow/example_dags/example_python_operator.py took 0.098 seconds
[2026-09-17T19:03:40.675+0000] {processor.py:186} INFO - Started process (PID=1667) to work on /home/airflow/.local/lib/python3.12/site-packages/airflow/example_dags/example_python_operator.py
[2026-09-17T19:03:40.678+0000] {processor.py:914} INFO - Processing file /home/airflow/.local/lib/python3.12/site-packages/airflow/example_dags/example_python_operator.py for tasks to queue
[2026-09-17T19:03:40.680+0000] {logging_mixin.py:190} INFO - [2026-09-17T19:03:40.680+0000] {dagbag.py:588} INFO - Filling up the DagBag from /home/airflow/.local/lib/python3.12/site-packages/airflow/example_dags/example_python_operator.py
[2026-09-17T19:03:40.694+0000] {processor.py:925} INFO - DAG(s) 'example_python_operator' retrieved from /home/airflow/.local/lib/python3.12/site-packages/airflow/example_dags/example_python_operator.py
[2026-09-17T19:03:40.729+0000] {logging_mixin.py:190} INFO - [2026-09-17T19:03:40.729+0000] {dag.py:3239} INFO - Sync 1 DAGs
[2026-09-17T19:03:40.747+0000] {logging_mixin.py:190} INFO - [2026-09-17T19:03:40.746+0000] {dag.py:4180} INFO - Setting next_dagrun for example_python_operator to None, run_after=None
[2026-09-17T19:03:40.775+0000] {processor.py:208} INFO - Processing /home/airflow/.local/lib/python3.12/site-packages/airflow/example_dags/example_python_operator.py took 0.110 seconds
[2026-09-17T19:04:11.106+0000] {processor.py:186} INFO - Started process (PID=1732) to work on /home/airflow/.local/lib/python3.12/site-packages/airflow/example_dags/example_python_operator.py
[2026-09-17T19:04:11.108+0000] {processor.py:914} INFO - Processing file /home/airflow/.local/lib/python3.12/site-packages/airflow/example_dags/example_python_operator.py for tasks to queue
[2026-09-17T19:04:11.110+0000] {logging_mixin.py:190} INFO - [2026-09-17T19:04:11.110+0000] {dagbag.py:588} INFO - Filling up the DagBag from /home/airflow/.local/lib/python3.12/site-packages/airflow/example_dags/example_python_operator.py
[2026-09-17T19:04:11.123+0000] {processor.py:925} INFO - DAG(s) 'example_python_operator' retrieved from /home/airflow/.local/lib/python3.12/site-packages/airflow/example_dags/example_python_operator.py
[2026-09-17T19:04:11.152+0000] {logging_mixin.py:190} INFO - [2026-09-17T19:04:11.152+0000] {dag.py:3239} INFO - Sync 1 DAGs
[2026-09-17T19:04:11.167+0000] {logging_mixin.py:190} INFO - [2026-09-17T19:04:11.166+0000] {dag.py:4180} INFO - Setting next_dagrun for example_python_operator to None, run_after=None
[2026-09-17T19:04:11.192+0000] {processor.py:208} INFO - Processing /home/airflow/.local/lib/python3.12/site-packages/airflow/example_dags/example_python_operator.py took 0.092 seconds
[2026-09-17T19:04:41.559+0000] {processor.py:186} INFO - Started process (PID=1797) to work on /home/airflow/.local/lib/python3.12/site-packages/airflow/example_dags/example_python_operator.py
[2026-09-17T19:04:41.561+0000] {processor.py:914} INFO - Processing file /home/airflow/.local/lib/python3.12/site-packages/airflow/example_dags/example_python_operator.py for tasks to queue
[2026-09-17T19:04:41.563+0000] {logging_mixin.py:190} INFO - [2026-09-17T19:04:41.563+0000] {dagbag.py:588} INFO - Filling up the DagBag from /home/airflow/.local/lib/python3.12/site-packages/airflow/example_dags/example_python_operator.py
[2026-09-17T19:04:41.578+0000] {processor.py:925} INFO - DAG(s) 'example_python_operator' retrieved from /home/airflow/.local/lib/python3.12/site-packages/airflow/example_dags/example_python_operator.py
[2026-09-17T19:04:41.609+0000] {logging_mixin.py:190} INFO - [2026-09-17T19:04:41.608+0000] {dag.py:3239} INFO - Sync 1 DAGs
[2026-09-17T19:04:41.626+0000] {logging_mixin.py:190} INFO - [2026-09-17T19:04:41.626+0000] {dag.py:4180} INFO - Setting next_dagrun for example_python_operator to None, run_after=None
[2026-09-17T19:04:41.654+0000] {processor.py:208} INFO - Processing /home/airflow/.local/lib/python3.12/site-packages/airflow/example_dags/example_python_operator.py took 0.102 seconds
[2026-09-17T19:05:11.727+0000] {processor.py:186} INFO - Started process (PID=1861) to work on /home/airflow/.local/lib/python3.12/site-packages/airflow/example_dags/example_python_operator.py
[2026-09-17T19:05:11.729+0000] {processor.py:914} INFO - Processing file /home/airflow/.local/lib/python3.12/site-packages/airflow/example_dags/example_python_operator.py for tasks to queue
[2026-09-17T19:05:11.731+0000] {logging_mixin.py:190} INFO - [2026-09-17T19:05:11.731+0000] {dagbag.py:588} INFO - Filling up the DagBag from /home/airflow/.local/lib/python3.12/site-packages/airflow/example_dags/example_python_operator.py
[2026-09-17T19:05:11.744+0000] {processor.py:925} INFO - DAG(s) 'example_python_operator' retrieved from /home/airflow/.local/lib/python3.12/site-packages/airflow/example_dags/example_python_operator.py
[2026-09-17T19:05:11.774+0000] {logging_mixin.py:190} INFO - [2026-09-17T19:05:11.774+0000] {dag.py:3239} INFO - Sync 1 DAGs
[2026-09-17T19:05:11.789+0000] {logging_mixin.py:190} INFO - [2026-09-17T19:05:11.788+0000] {dag.py:4180} INFO - Setting next_dagrun for example_python_operator to None, run_after=None
[2026-09-17T19:05:11.809+0000] {processor.py:208} INFO - Processing /home/airflow/.local/lib/python3.12/site-packages/airflow/example_dags/example_python_operator.py took 0.088 seconds
[2026-09-17T19:05:42.230+0000] {processor.py:186} INFO - Started process (PID=1926) to work on /home/airflow/.local/lib/python3.12/site-packages/airflow/example_dags/example_python_operator.py
[2026-09-17T19:05:42.233+0000] {processor.py:914} INFO - Processing file /home/airflow/.local/lib/python3.12/site-packages/airflow/example_dags/example_python_operator.py for tasks to queue
[2026-09-17T19:05:42.235+0000] {logging_mixin.py:190} INFO - [2026-09-17T19:05:42.235+0000] {dagbag.py:588} INFO - Filling up the DagBag from /home/airflow/.local/lib/python3.12/site-packages/airflow/example_dags/example_python_operator.py
[2026-09-17T19:05:42.251+0000] {processor.py:925} INFO - DAG(s) 'example_python_operator' retrieved from /home/airflow/.local/lib/python3.12/site-packages/airflow/example_dags/example_python_operator.py
[2026-09-17T19:05:42.283+0000] {logging_mixin.py:190} INFO - [2026-09-17T19:05:42.282+0000] {dag.py:3239} INFO - Sync 1 DAGs
[2026-09-17T19:05:42.298+0000] {logging_mixin.py:190} INFO - [2026-09-17T19:05:42.298+0000] {dag.py:4180} INFO - Setting next_dagrun for example_python_operator to None, run_after=None
[2026-09-17T19:05:42.323+0000] {processor.py:208} INFO - Processing /home/airflow/.local/lib/python3.12/site-packages/airflow/example_dags/example_python_operator.py took 0.100 seconds
[2026-09-17T19:06:12.902+0000] {processor.py:186} INFO - Started process (PID=1992) to work on /home/airflow/.local/lib/python3.12/site-packages/airflow/example_dags/example_python_operator.py
[2026-09-17T19:06:12.904+0000] {processor.py:914} INFO - Processing file /home/airflow/.local/lib/python3.12/site-packages/airflow/example_dags/example_python_operator.py for tasks to queue
[2026-09-17T19:06:12.906+0000] {logging_mixin.py:190} INFO - [2026-09-17T19:06:12.906+0000] {dagbag.py:588} INFO - Filling up the DagBag from /home/airflow/.local/lib/python3.12/site-packages/airflow/example_dags/example_python_operator.py
[2026-09-17T19:06:12.921+0000] {processor.py:925} INFO - DAG(s) 'example_python_operator' retrieved from /home/airflow/.local/lib/python3.12/site-packages/airflow/example_dags/example_python_operator.py
[2026-09-17T19:06:12.950+0000] {logging_mixin.py:190} INFO - [2026-09-17T19:06:12.950+0000] {dag.py:3239} INFO - Sync 1 DAGs
[2026-09-17T19:06:12.972+0000] {logging_mixin.py:190} INFO - [2026-09-17T19:06:12.971+0000] {dag.py:4180} INFO - Setting next_dagrun for example_python_operator to None, run_after=None
[2026-09-17T19:06:13.002+0000] {processor.py:208} INFO - Processing /home/airflow/.local/lib/python3.12/site-packages/airflow/example_dags/example_python_operator.py took 0.106 seconds
[2026-09-17T19:06:43.656+0000] {processor.py:186} INFO - Started process (PID=2056) to work on /home/airflow/.local/lib/python3.12/site-packages/airflow/example_dags/example_python_operator.py
[2026-09-17T19:06:43.659+0000] {processor.py:914} INFO - Processing file /home/airflow/.local/lib/python3.12/site-packages/airflow/example_dags/example_python_operator.py for tasks to queue
[2026-09-17T19:06:43.662+0000] {logging_mixin.py:190} INFO - [2026-09-17T19:06:43.661+0000] {dagbag.py:588} INFO - Filling up the DagBag from /home/airflow/.local/lib/python3.12/site-packages/airflow/example_dags/example_python_operator.py
[2026-09-17T19:06:43.679+0000] {processor.py:925} INFO - DAG(s) 'example_python_operator' retrieved from /home/airflow/.local/lib/python3.12/site-packages/airflow/example_dags/example_python_operator.py
[2026-09-17T19:06:43.711+0000] {logging_mixin.py:190} INFO - [2026-09-17T19:06:43.711+0000] {dag.py:3239} INFO - Sync 1 DAGs
[2026-09-17T19:06:43.728+0000] {logging_mixin.py:190} INFO - [2026-09-17T19:06:43.727+0000] {dag.py:4180} INFO - Setting next_dagrun for example_python_operator to None, run_after=None
[2026-09-17T19:06:43.755+0000] {processor.py:208} INFO - Processing /home/airflow/.local/lib/python3.12/site-packages/airflow/example_dags/example_python_operator.py took 0.108 seconds
[2026-09-17T19:07:14.015+0000] {processor.py:186} INFO - Started process (PID=2114) to work on /home/airflow/.local/lib/python3.12/site-packages/airflow/example_dags/example_python_operator.py
[2026-09-17T19:07:14.017+0000] {processor.py:914} INFO - Processing file /home/airflow/.local/lib/python3.12/site-packages/airflow/example_dags/example_python_operator.py for tasks to queue
[2026-09-17T19:07:14.020+0000] {logging_mixin.py:190} INFO - [2026-09-17T19:07:14.019+0000] {dagbag.py:588} INFO - Filling up the DagBag from /home/airflow/.local/lib/python3.12/site-packages/airflow/example_dags/example_python_operator.py
[2026-09-17T19:07:14.036+0000] {processor.py:925} INFO - DAG(s) 'example_python_operator' retrieved from /home/airflow/.local/lib/python3.12/site-packages/airflow/example_dags/example_python_operator.py
[2026-09-17T19:07:14.063+0000] {logging_mixin.py:190} INFO - [2026-09-17T19:07:14.062+0000] {dag.py:3239} INFO - Sync 1 DAGs
[2026-09-17T19:07:14.077+0000] {logging_mixin.py:190} INFO - [2026-09-17T19:07:14.076+0000] {dag.py:4180} INFO - Setting next_dagrun for example_python_operator to None, run_after=None
[2026-09-17T19:07:14.099+0000] {processor.py:208} INFO - Processing /home/airflow/.local/lib/python3.12/site-packages/airflow/example_dags/example_python_operator.py took 0.091 seconds
[2026-09-17T19:07:44.582+0000] {processor.py:186} INFO - Started process (PID=2179) to work on /home/airflow/.local/lib/python3.12/site-packages/airflow/example_dags/example_python_operator.py
[2026-09-17T19:07:44.584+0000] {processor.py:914} INFO - Processing file /home/airflow/.local/lib/python3.12/site-packages/airflow/example_dags/example_python_operator.py for tasks to queue
[2026-09-17T19:07:44.586+0000] {logging_mixin.py:190} INFO - [2026-09-17T19:07:44.586+0000] {dagbag.py:588} INFO - Filling up the DagBag from /home/airflow/.local/lib/python3.12/site-packages/airflow/example_dags/example_python_operator.py
[2026-09-17T19:07:44.598+0000] {processor.py:925} INFO - DAG(s) 'example_python_operator' retrieved from /home/airflow/.local/lib/python3.12/site-packages/airflow/example_dags/example_python_operator.py
[2026-09-17T19:07:44.626+0000] {logging_mixin.py:190} INFO - [2026-09-17T19:07:44.625+0000] {dag.py:3239} INFO - Sync 1 DAGs
[2026-09-17T19:07:44.641+0000] {logging_mixin.py:190} INFO - [2026-09-17T19:07:44.641+0000] {dag.py:4180} INFO - Setting next_dagrun for example_python_operator to None, run_after=None
[2026-09-17T19:07:44.665+0000] {processor.py:208} INFO - Processing /home/airflow/.local/lib/python3.12/site-packages/airflow/example_dags/example_python_operator.py took 0.089 seconds
[2026-09-17T19:08:14.919+0000] {processor.py:186} INFO - Started process (PID=2244) to work on /home/airflow/.local/lib/python3.12/site-packages/airflow/example_dags/example_python_operator.py
[2026-09-17T19:08:14.921+0000] {processor.py:914} INFO - Processing file /home/airflow/.local/lib/python3.12/site-packages/airflow/example_dags/example_python_operator.py for tasks to queue
[2026-09-17T19:08:14.923+0000] {logging_mixin.py:190} INFO - [2026-09-17T19:08:14.923+0000] {dagbag.py:588} INFO - Filling up the DagBag from /home/airflow/.local/lib/python3.12/site-packages/airflow/example_dags/example_python_operator.py
[2026-09-17T19:08:14.937+0000] {processor.py:925} INFO - DAG(s) 'example_python_operator' retrieved from /home/airflow/.local/lib/python3.12/site-packages/airflow/example_dags/example_python_operator.py
[2026-09-17T19:08:14.968+0000] {logging_mixin.py:190} INFO - [2026-09-17T19:08:14.968+0000] {dag.py:3239} INFO - Sync 1 DAGs
[2026-09-17T19:08:14.987+0000] {logging_mixin.py:190} INFO - [2026-09-17T19:08:14.986+0000] {dag.py:4180} INFO - Setting next_dagrun for example_python_operator to None, run_after=None
[2026-09-17T19:08:15.012+0000] {processor.py:208} INFO - Processing /home/airflow/.local/lib/python3.12/site-packages/airflow/example_dags/example_python_operator.py took 0.099 seconds
[2026-09-17T19:08:45.845+0000] {processor.py:186} INFO - Started process (PID=2309) to work on /home/airflow/.local/lib/python3.12/site-packages/airflow/example_dags/example_python_operator.py
[2026-09-17T19:08:45.846+0000] {processor.py:914} INFO - Processing file /home/airflow/.local/lib/python3.12/site-packages/airflow/example_dags/example_python_operator.py for tasks to queue
[2026-09-17T19:08:45.850+0000] {logging_mixin.py:190} INFO - [2026-09-17T19:08:45.849+0000] {dagbag.py:588} INFO - Filling up the DagBag from /home/airflow/.local/lib/python3.12/site-packages/airflow/example_dags/example_python_operator.py
[2026-09-17T19:08:45.871+0000] {processor.py:925} INFO - DAG(s) 'example_python_operator' retrieved from /home/airflow/.local/lib/python3.12/site-packages/airflow/example_dags/example_python_operator.py
[2026-09-17T19:08:45.902+0000] {logging_mixin.py:190} INFO - [2026-09-17T19:08:45.901+0000] {dag.py:3239} INFO - Sync 1 DAGs
[2026-09-17T19:08:45.918+0000] {logging_mixin.py:190} INFO - [2026-09-17T19:08:45.918+0000] {dag.py:4180} INFO - Setting next_dagrun for example_python_operator to None, run_after=None
[2026-09-17T19:08:45.946+0000] {processor.py:208} INFO - Processing /home/airflow/.local/lib/python3.12/site-packages/airflow/example_dags/example_python_operator.py took 0.111 seconds
[2026-09-17T19:09:17.212+0000] {processor.py:186} INFO - Started process (PID=2374) to work on /home/airflow/.local/lib/python3.12/site-packages/airflow/example_dags/example_python_operator.py
[2026-09-17T19:09:17.214+0000] {processor.py:914} INFO - Processing file /home/airflow/.local/lib/python3.12/site-packages/airflow/example_dags/example_python_operator.py for tasks to queue
[2026-09-17T19:09:17.216+0000] {logging_mixin.py:190} INFO - [2026-09-17T19:09:17.216+0000] {dagbag.py:588} INFO - Filling up the DagBag from /home/airflow/.local/lib/python3.12/site-packages/airflow/example_dags/example_python_operator.py
[2026-09-17T19:09:17.231+0000] {processor.py:925} INFO - DAG(s) 'example_python_operator' retrieved from /home/airflow/.local/lib/python3.12/site-packages/airflow/example_dags/example_python_operator.py
[2026-09-17T19:09:17.262+0000] {logging_mixin.py:190} INFO - [2026-09-17T19:09:17.262+0000] {dag.py:3239} INFO - Sync 1 DAGs
[2026-09-17T19:09:17.281+0000] {logging_mixin.py:190} INFO - [2026-09-17T19:09:17.280+0000] {dag.py:4180} INFO - Setting next_dagrun for example_python_operator to None, run_after=None
[2026-09-17T19:09:17.308+0000] {processor.py:208} INFO - Processing /home/airflow/.local/lib/python3.12/site-packages/airflow/example_dags/example_python_operator.py took 0.104 seconds
[2026-09-17T19:09:48.158+0000] {processor.py:186} INFO - Started process (PID=2437) to work on /home/airflow/.local/lib/python3.12/site-packages/airflow/example_dags/example_python_operator.py
[2026-09-17T19:09:48.160+0000] {processor.py:914} INFO - Processing file /home/airflow/.local/lib/python3.12/site-packages/airflow/example_dags/example_python_operator.py for tasks to queue
[2026-09-17T19:09:48.162+0000] {logging_mixin.py:190} INFO - [2026-09-17T19:09:48.161+0000] {dagbag.py:588} INFO - Filling up the DagBag from /home/airflow/.local/lib/python3.12/site-packages/airflow/example_dags/example_python_operator.py
[2026-09-17T19:09:48.175+0000] {processor.py:925} INFO - DAG(s) 'example_python_operator' retrieved from /home/airflow/.local/lib/python3.12/site-packages/airflow/example_dags/example_python_operator.py
[2026-09-17T19:09:48.201+0000] {logging_mixin.py:190} INFO - [2026-09-17T19:09:48.201+0000] {dag.py:3239} INFO - Sync 1 DAGs
[2026-09-17T19:09:48.216+0000] {logging_mixin.py:190} INFO - [2026-09-17T19:09:48.216+0000] {dag.py:4180} INFO - Setting next_dagrun for example_python_operator to None, run_after=None
[2026-09-17T19:09:48.238+0000] {processor.py:208} INFO - Processing /home/airflow/.local/lib/python3.12/site-packages/airflow/example_dags/example_python_operator.py took 0.086 seconds
[2026-09-17T19:10:20.155+0000] {processor.py:186} INFO - Started process (PID=2502) to work on /home/airflow/.local/lib/python3.12/site-packages/airflow/example_dags/example_python_operator.py
[2026-09-17T19:10:20.157+0000] {processor.py:914} INFO - Processing file /home/airflow/.local/lib/python3.12/site-packages/airflow/example_dags/example_python_operator.py for tasks to queue
[2026-09-17T19:10:20.159+0000] {logging_mixin.py:190} INFO - [2026-09-17T19:10:20.159+0000] {dagbag.py:588} INFO - Filling up the DagBag from /home/airflow/.local/lib/python3.12/site-packages/airflow/example_dags/example_python_operator.py
[2026-09-17T19:10:20.172+0000] {processor.py:925} INFO - DAG(s) 'example_python_operator' retrieved from /home/airflow/.local/lib/python3.12/site-packages/airflow/example_dags/example_python_operator.py
[2026-09-17T19:10:20.200+0000] {logging_mixin.py:190} INFO - [2026-09-17T19:10:20.199+0000] {dag.py:3239} INFO - Sync 1 DAGs
[2026-09-17T19:10:20.214+0000] {logging_mixin.py:190} INFO - [2026-09-17T19:10:20.214+0000] {dag.py:4180} INFO - Setting next_dagrun for example_python_operator to None, run_after=None
[2026-09-17T19:10:20.235+0000] {processor.py:208} INFO - Processing /home/airflow/.local/lib/python3.12/site-packages/airflow/example_dags/example_python_operator.py took 0.085 seconds
[2026-09-17T19:10:50.595+0000] {processor.py:186} INFO - Started process (PID=2567) to work on /home/airflow/.local/lib/python3.12/site-packages/airflow/example_dags/example_python_operator.py
[2026-09-17T19:10:50.599+0000] {processor.py:914} INFO - Processing file /home/airflow/.local/lib/python3.12/site-packages/airflow/example_dags/example_python_operator.py for tasks to queue
[2026-09-17T19:10:50.601+0000] {logging_mixin.py:190} INFO - [2026-09-17T19:10:50.601+0000] {dagbag.py:588} INFO - Filling up the DagBag from /home/airflow/.local/lib/python3.12/site-packages/airflow/example_dags/example_python_operator.py
[2026-09-17T19:10:50.618+0000] {processor.py:925} INFO - DAG(s) 'example_python_operator' retrieved from /home/airflow/.local/lib/python3.12/site-packages/airflow/example_dags/example_python_operator.py
[2026-09-17T19:10:50.651+0000] {logging_mixin.py:190} INFO - [2026-09-17T19:10:50.651+0000] {dag.py:3239} INFO - Sync 1 DAGs
[2026-09-17T19:10:50.673+0000] {logging_mixin.py:190} INFO - [2026-09-17T19:10:50.673+0000] {dag.py:4180} INFO - Setting next_dagrun for example_python_operator to None, run_after=None
[2026-09-17T19:10:50.707+0000] {processor.py:208} INFO - Processing /home/airflow/.local/lib/python3.12/site-packages/airflow/example_dags/example_python_operator.py took 0.119 seconds
[2026-09-17T19:11:20.836+0000] {processor.py:186} INFO - Started process (PID=2624) to work on /home/airflow/.local/lib/python3.12/site-packages/airflow/example_dags/example_python_operator.py
[2026-09-17T19:11:20.838+0000] {processor.py:914} INFO - Processing file /home/airflow/.local/lib/python3.12/site-packages/airflow/example_dags/example_python_operator.py for tasks to queue
[2026-09-17T19:11:20.841+0000] {logging_mixin.py:190} INFO - [2026-09-17T19:11:20.840+0000] {dagbag.py:588} INFO - Filling up the DagBag from /home/airflow/.local/lib/python3.12/site-packages/airflow/example_dags/example_python_operator.py
[2026-09-17T19:11:20.859+0000] {processor.py:925} INFO - DAG(s) 'example_python_operator' retrieved from /home/airflow/.local/lib/python3.12/site-packages/airflow/example_dags/example_python_operator.py
[2026-09-17T19:11:20.891+0000] {logging_mixin.py:190} INFO - [2026-09-17T19:11:20.890+0000] {dag.py:3239} INFO - Sync 1 DAGs
[2026-09-17T19:11:20.908+0000] {logging_mixin.py:190} INFO - [2026-09-17T19:11:20.908+0000] {dag.py:4180} INFO - Setting next_dagrun for example_python_operator to None, run_after=None
[2026-09-17T19:11:20.931+0000] {processor.py:208} INFO - Processing /home/airflow/.local/lib/python3.12/site-packages/airflow/example_dags/example_python_operator.py took 0.103 seconds
[2026-09-17T19:11:52.246+0000] {processor.py:186} INFO - Started process (PID=2684) to work on /home/airflow/.local/lib/python3.12/site-packages/airflow/example_dags/example_python_operator.py
[2026-09-17T19:11:52.248+0000] {processor.py:914} INFO - Processing file /home/airflow/.local/lib/python3.12/site-packages/airflow/example_dags/example_python_operator.py for tasks to queue
[2026-09-17T19:11:52.250+0000] {logging_mixin.py:190} INFO - [2026-09-17T19:11:52.249+0000] {dagbag.py:588} INFO - Filling up the DagBag from /home/airflow/.local/lib/python3.12/site-packages/airflow/example_dags/example_python_operator.py
[2026-09-17T19:11:52.263+0000] {processor.py:925} INFO - DAG(s) 'example_python_operator' retrieved from /home/airflow/.local/lib/python3.12/site-packages/airflow/example_dags/example_python_operator.py
[2026-09-17T19:11:52.290+0000] {logging_mixin.py:190} INFO - [2026-09-17T19:11:52.290+0000] {dag.py:3239} INFO - Sync 1 DAGs
[2026-09-17T19:11:52.305+0000] {logging_mixin.py:190} INFO - [2026-09-17T19:11:52.305+0000] {dag.py:4180} INFO - Setting next_dagrun for example_python_operator to None, run_after=None
[2026-09-17T19:11:52.332+0000] {processor.py:208} INFO - Processing /home/airflow/.local/lib/python3.12/site-packages/airflow/example_dags/example_python_operator.py took 0.092 seconds
[2026-09-17T19:12:23.751+0000] {processor.py:186} INFO - Started process (PID=2748) to work on /home/airflow/.local/lib/python3.12/site-packages/airflow/example_dags/example_python_operator.py
[2026-09-17T19:12:23.753+0000] {processor.py:914} INFO - Processing file /home/airflow/.local/lib/python3.12/site-packages/airflow/example_dags/example_python_operator.py for tasks to queue
[2026-09-17T19:12:23.756+0000] {logging_mixin.py:190} INFO - [2026-09-17T19:12:23.755+0000] {dagbag.py:588} INFO - Filling up the DagBag from /home/airflow/.local/lib/python3.12/site-packages/airflow/example_dags/example_python_operator.py
[2026-09-17T19:12:23.771+0000] {processor.py:925} INFO - DAG(s) 'example_python_operator' retrieved from /home/airflow/.local/lib/python3.12/site-packages/airflow/example_dags/example_python_operator.py
[2026-09-17T19:12:23.802+0000] {logging_mixin.py:190} INFO - [2026-09-17T19:12:23.802+0000] {dag.py:3239} INFO - Sync 1 DAGs
[2026-09-17T19:12:23.818+0000] {logging_mixin.py:190} INFO - [2026-09-17T19:12:23.818+0000] {dag.py:4180} INFO - Setting next_dagrun for example_python_operator to None, run_after=None
[2026-09-17T19:12:23.848+0000] {processor.py:208} INFO - Processing /home/airflow/.local/lib/python3.12/site-packages/airflow/example_dags/example_python_operator.py took 0.105 seconds
[2026-09-17T19:12:54.920+0000] {processor.py:186} INFO - Started process (PID=2806) to work on /home/airflow/.local/lib/python3.12/site-packages/airflow/example_dags/example_python_operator.py
[2026-09-17T19:12:54.922+0000] {processor.py:914} INFO - Processing file /home/airflow/.local/lib/python3.12/site-packages/airflow/example_dags/example_python_operator.py for tasks to queue
[2026-09-17T19:12:54.925+0000] {logging_mixin.py:190} INFO - [2026-09-17T19:12:54.924+0000] {dagbag.py:588} INFO - Filling up the DagBag from /home/airflow/.local/lib/python3.12/site-packages/airflow/example_dags/example_python_operator.py
[2026-09-17T19:12:54.942+0000] {processor.py:925} INFO - DAG(s) 'example_python_operator' retrieved from /home/airflow/.local/lib/python3.12/site-packages/airflow/example_dags/example_python_operator.py
[2026-09-17T19:12:54.974+0000] {logging_mixin.py:190} INFO - [2026-09-17T19:12:54.974+0000] {dag.py:3239} INFO - Sync 1 DAGs
[2026-09-17T19:12:54.991+0000] {logging_mixin.py:190} INFO - [2026-09-17T19:12:54.991+0000] {dag.py:4180} INFO - Setting next_dagrun for example_python_operator to None, run_after=None
[2026-09-17T19:12:55.014+0000] {processor.py:208} INFO - Processing /home/airflow/.local/lib/python3.12/site-packages/airflow/example_dags/example_python_operator.py took 0.101 seconds
[2026-09-17T19:13:25.913+0000] {processor.py:186} INFO - Started process (PID=2871) to work on /home/airflow/.local/lib/python3.12/site-packages/airflow/example_dags/example_python_operator.py
[2026-09-17T19:13:25.915+0000] {processor.py:914} INFO - Processing file /home/airflow/.local/lib/python3.12/site-packages/airflow/example_dags/example_python_operator.py for tasks to queue
[2026-09-17T19:13:25.917+0000] {logging_mixin.py:190} INFO - [2026-09-17T19:13:25.917+0000] {dagbag.py:588} INFO - Filling up the DagBag from /home/airflow/.local/lib/python3.12/site-packages/airflow/example_dags/example_python_operator.py
[2026-09-17T19:13:25.933+0000] {processor.py:925} INFO - DAG(s) 'example_python_operator' retrieved from /home/airflow/.local/lib/python3.12/site-packages/airflow/example_dags/example_python_operator.py
[2026-09-17T19:13:25.969+0000] {logging_mixin.py:190} INFO - [2026-09-17T19:13:25.969+0000] {dag.py:3239} INFO - Sync 1 DAGs
[2026-09-17T19:13:25.989+0000] {logging_mixin.py:190} INFO - [2026-09-17T19:13:25.988+0000] {dag.py:4180} INFO - Setting next_dagrun for example_python_operator to None, run_after=None
[2026-09-17T19:13:26.019+0000] {processor.py:208} INFO - Processing /home/airflow/.local/lib/python3.12/site-packages/airflow/example_dags/example_python_operator.py took 0.112 seconds
[2026-09-17T19:13:57.479+0000] {processor.py:186} INFO - Started process (PID=2933) to work on /home/airflow/.local/lib/python3.12/site-packages/airflow/example_dags/example_python_operator.py
[2026-09-17T19:13:57.482+0000] {processor.py:914} INFO - Processing file /home/airflow/.local/lib/python3.12/site-packages/airflow/example_dags/example_python_operator.py for tasks to queue
[2026-09-17T19:13:57.485+0000] {logging_mixin.py:190} INFO - [2026-09-17T19:13:57.485+0000] {dagbag.py:588} INFO - Filling up the DagBag from /home/airflow/.local/lib/python3.12/site-packages/airflow/example_dags/example_python_operator.py
[2026-09-17T19:13:57.510+0000] {processor.py:925} INFO - DAG(s) 'example_python_operator' retrieved from /home/airflow/.local/lib/python3.12/site-packages/airflow/example_dags/example_python_operator.py
[2026-09-17T19:13:57.578+0000] {logging_mixin.py:190} INFO - [2026-09-17T19:13:57.577+0000] {dag.py:3239} INFO - Sync 1 DAGs
[2026-09-17T19:13:57.606+0000] {logging_mixin.py:190} INFO - [2026-09-17T19:13:57.606+0000] {dag.py:4180} INFO - Setting next_dagrun for example_python_operator to None, run_after=None
[2026-09-17T19:13:57.647+0000] {processor.py:208} INFO - Processing /home/airflow/.local/lib/python3.12/site-packages/airflow/example_dags/example_python_operator.py took 0.178 seconds
[2026-09-17T19:14:27.775+0000] {processor.py:186} INFO - Started process (PID=2997) to work on /home/airflow/.local/lib/python3.12/site-packages/airflow/example_dags/example_python_operator.py
[2026-09-17T19:14:27.777+0000] {processor.py:914} INFO - Processing file /home/airflow/.local/lib/python3.12/site-packages/airflow/example_dags/example_python_operator.py for tasks to queue
[2026-09-17T19:14:27.779+0000] {logging_mixin.py:190} INFO - [2026-09-17T19:14:27.779+0000] {dagbag.py:588} INFO - Filling up the DagBag from /home/airflow/.local/lib/python3.12/site-packages/airflow/example_dags/example_python_operator.py
[2026-09-17T19:14:27.792+0000] {processor.py:925} INFO - DAG(s) 'example_python_operator' retrieved from /home/airflow/.local/lib/python3.12/site-packages/airflow/example_dags/example_python_operator.py
[2026-09-17T19:14:27.819+0000] {logging_mixin.py:190} INFO - [2026-09-17T19:14:27.818+0000] {dag.py:3239} INFO - Sync 1 DAGs
[2026-09-17T19:14:27.833+0000] {logging_mixin.py:190} INFO - [2026-09-17T19:14:27.832+0000] {dag.py:4180} INFO - Setting next_dagrun for example_python_operator to None, run_after=None
[2026-09-17T19:14:27.855+0000] {processor.py:208} INFO - Processing /home/airflow/.local/lib/python3.12/site-packages/airflow/example_dags/example_python_operator.py took 0.087 seconds
[2026-09-17T19:14:58.538+0000] {processor.py:186} INFO - Started process (PID=3061) to work on /home/airflow/.local/lib/python3.12/site-packages/airflow/example_dags/example_python_operator.py
[2026-09-17T19:14:58.540+0000] {processor.py:914} INFO - Processing file /home/airflow/.local/lib/python3.12/site-packages/airflow/example_dags/example_python_operator.py for tasks to queue
[2026-09-17T19:14:58.542+0000] {logging_mixin.py:190} INFO - [2026-09-17T19:14:58.542+0000] {dagbag.py:588} INFO - Filling up the DagBag from /home/airflow/.local/lib/python3.12/site-packages/airflow/example_dags/example_python_operator.py
[2026-09-17T19:14:58.556+0000] {processor.py:925} INFO - DAG(s) 'example_python_operator' retrieved from /home/airflow/.local/lib/python3.12/site-packages/airflow/example_dags/example_python_operator.py
[2026-09-17T19:14:58.583+0000] {logging_mixin.py:190} INFO - [2026-09-17T19:14:58.583+0000] {dag.py:3239} INFO - Sync 1 DAGs
[2026-09-17T19:14:58.598+0000] {logging_mixin.py:190} INFO - [2026-09-17T19:14:58.598+0000] {dag.py:4180} INFO - Setting next_dagrun for example_python_operator to None, run_after=None
[2026-09-17T19:14:58.623+0000] {processor.py:208} INFO - Processing /home/airflow/.local/lib/python3.12/site-packages/airflow/example_dags/example_python_operator.py took 0.090 seconds
[2026-09-17T19:15:28.926+0000] {processor.py:186} INFO - Started process (PID=3126) to work on /home/airflow/.local/lib/python3.12/site-packages/airflow/example_dags/example_python_operator.py
[2026-09-17T19:15:28.928+0000] {processor.py:914} INFO - Processing file /home/airflow/.local/lib/python3.12/site-packages/airflow/example_dags/example_python_operator.py for tasks to queue
[2026-09-17T19:15:28.930+0000] {logging_mixin.py:190} INFO - [2026-09-17T19:15:28.930+0000] {dagbag.py:588} INFO - Filling up the DagBag from /home/airflow/.local/lib/python3.12/site-packages/airflow/example_dags/example_python_operator.py
[2026-09-17T19:15:28.945+0000] {processor.py:925} INFO - DAG(s) 'example_python_operator' retrieved from /home/airflow/.local/lib/python3.12/site-packages/airflow/example_dags/example_python_operator.py
[2026-09-17T19:15:28.978+0000] {logging_mixin.py:190} INFO - [2026-09-17T19:15:28.977+0000] {dag.py:3239} INFO - Sync 1 DAGs
[2026-09-17T19:15:28.995+0000] {logging_mixin.py:190} INFO - [2026-09-17T19:15:28.994+0000] {dag.py:4180} INFO - Setting next_dagrun for example_python_operator to None, run_after=None
[2026-09-17T19:15:29.019+0000] {processor.py:208} INFO - Processing /home/airflow/.local/lib/python3.12/site-packages/airflow/example_dags/example_python_operator.py took 0.100 seconds
[2026-09-17T19:15:59.301+0000] {processor.py:186} INFO - Started process (PID=3190) to work on /home/airflow/.local/lib/python3.12/site-packages/airflow/example_dags/example_python_operator.py
[2026-09-17T19:15:59.303+0000] {processor.py:914} INFO - Processing file /home/airflow/.local/lib/python3.12/site-packages/airflow/example_dags/example_python_operator.py for tasks to queue
[2026-09-17T19:15:59.305+0000] {logging_mixin.py:190} INFO - [2026-09-17T19:15:59.304+0000] {dagbag.py:588} INFO - Filling up the DagBag from /home/airflow/.local/lib/python3.12/site-packages/airflow/example_dags/example_python_operator.py
[2026-09-17T19:15:59.318+0000] {processor.py:925} INFO - DAG(s) 'example_python_operator' retrieved from /home/airflow/.local/lib/python3.12/site-packages/airflow/example_dags/example_python_operator.py
[2026-09-17T19:15:59.349+0000] {logging_mixin.py:190} INFO - [2026-09-17T19:15:59.348+0000] {dag.py:3239} INFO - Sync 1 DAGs
[2026-09-17T19:15:59.364+0000] {logging_mixin.py:190} INFO - [2026-09-17T19:15:59.364+0000] {dag.py:4180} INFO - Setting next_dagrun for example_python_operator to None, run_after=None
[2026-09-17T19:15:59.388+0000] {processor.py:208} INFO - Processing /home/airflow/.local/lib/python3.12/site-packages/airflow/example_dags/example_python_operator.py took 0.094 seconds
[2026-09-17T19:16:30.264+0000] {processor.py:186} INFO - Started process (PID=3255) to work on /home/airflow/.local/lib/python3.12/site-packages/airflow/example_dags/example_python_operator.py
[2026-09-17T19:16:30.266+0000] {processor.py:914} INFO - Processing file /home/airflow/.local/lib/python3.12/site-packages/airflow/example_dags/example_python_operator.py for tasks to queue
[2026-09-17T19:16:30.268+0000] {logging_mixin.py:190} INFO - [2026-09-17T19:16:30.268+0000] {dagbag.py:588} INFO - Filling up the DagBag from /home/airflow/.local/lib/python3.12/site-packages/airflow/example_dags/example_python_operator.py
[2026-09-17T19:16:30.283+0000] {processor.py:925} INFO - DAG(s) 'example_python_operator' retrieved from /home/airflow/.local/lib/python3.12/site-packages/airflow/example_dags/example_python_operator.py
[2026-09-17T19:16:30.315+0000] {logging_mixin.py:190} INFO - [2026-09-17T19:16:30.314+0000] {dag.py:3239} INFO - Sync 1 DAGs
[2026-09-17T19:16:30.329+0000] {logging_mixin.py:190} INFO - [2026-09-17T19:16:30.329+0000] {dag.py:4180} INFO - Setting next_dagrun for example_python_operator to None, run_after=None
[2026-09-17T19:16:30.350+0000] {processor.py:208} INFO - Processing /home/airflow/.local/lib/python3.12/site-packages/airflow/example_dags/example_python_operator.py took 0.092 seconds
[2026-09-17T19:17:01.284+0000] {processor.py:186} INFO - Started process (PID=3320) to work on /home/airflow/.local/lib/python3.12/site-packages/airflow/example_dags/example_python_operator.py
[2026-09-17T19:17:01.286+0000] {processor.py:914} INFO - Processing file /home/airflow/.local/lib/python3.12/site-packages/airflow/example_dags/example_python_operator.py for tasks to queue
[2026-09-17T19:17:01.288+0000] {logging_mixin.py:190} INFO - [2026-09-17T19:17:01.288+0000] {dagbag.py:588} INFO - Filling up the DagBag from /home/airflow/.local/lib/python3.12/site-packages/airflow/example_dags/example_python_operator.py
[2026-09-17T19:17:01.302+0000] {processor.py:925} INFO - DAG(s) 'example_python_operator' retrieved from /home/airflow/.local/lib/python3.12/site-packages/airflow/example_dags/example_python_operator.py
[2026-09-17T19:17:01.332+0000] {logging_mixin.py:190} INFO - [2026-09-17T19:17:01.332+0000] {dag.py:3239} INFO - Sync 1 DAGs
[2026-09-17T19:17:01.347+0000] {logging_mixin.py:190} INFO - [2026-09-17T19:17:01.347+0000] {dag.py:4180} INFO - Setting next_dagrun for example_python_operator to None, run_after=None
[2026-09-17T19:17:01.370+0000] {processor.py:208} INFO - Processing /home/airflow/.local/lib/python3.12/site-packages/airflow/example_dags/example_python_operator.py took 0.093 seconds
[2026-09-17T19:17:31.660+0000] {processor.py:186} INFO - Started process (PID=3385) to work on /home/airflow/.local/lib/python3.12/site-packages/airflow/example_dags/example_python_operator.py
[2026-09-17T19:17:31.662+0000] {processor.py:914} INFO - Processing file /home/airflow/.local/lib/python3.12/site-packages/airflow/example_dags/example_python_operator.py for tasks to queue
[2026-09-17T19:17:31.665+0000] {logging_mixin.py:190} INFO - [2026-09-17T19:17:31.665+0000] {dagbag.py:588} INFO - Filling up the DagBag from /home/airflow/.local/lib/python3.12/site-packages/airflow/example_dags/example_python_operator.py
[2026-09-17T19:17:31.680+0000] {processor.py:925} INFO - DAG(s) 'example_python_operator' retrieved from /home/airflow/.local/lib/python3.12/site-packages/airflow/example_dags/example_python_operator.py
[2026-09-17T19:17:31.710+0000] {logging_mixin.py:190} INFO - [2026-09-17T19:17:31.710+0000] {dag.py:3239} INFO - Sync 1 DAGs
[2026-09-17T19:17:31.725+0000] {logging_mixin.py:190} INFO - [2026-09-17T19:17:31.724+0000] {dag.py:4180} INFO - Setting next_dagrun for example_python_operator to None, run_after=None
[2026-09-17T19:17:31.751+0000] {processor.py:208} INFO - Processing /home/airflow/.local/lib/python3.12/site-packages/airflow/example_dags/example_python_operator.py took 0.098 seconds
[2026-09-17T19:18:02.408+0000] {processor.py:186} INFO - Started process (PID=3450) to work on /home/airflow/.local/lib/python3.12/site-packages/airflow/example_dags/example_python_operator.py
[2026-09-17T19:18:02.410+0000] {processor.py:914} INFO - Processing file /home/airflow/.local/lib/python3.12/site-packages/airflow/example_dags/example_python_operator.py for tasks to queue
[2026-09-17T19:18:02.412+0000] {logging_mixin.py:190} INFO - [2026-09-17T19:18:02.411+0000] {dagbag.py:588} INFO - Filling up the DagBag from /home/airflow/.local/lib/python3.12/site-packages/airflow/example_dags/example_python_operator.py
[2026-09-17T19:18:02.425+0000] {processor.py:925} INFO - DAG(s) 'example_python_operator' retrieved from /home/airflow/.local/lib/python3.12/site-packages/airflow/example_dags/example_python_operator.py
[2026-09-17T19:18:02.454+0000] {logging_mixin.py:190} INFO - [2026-09-17T19:18:02.454+0000] {dag.py:3239} INFO - Sync 1 DAGs
[2026-09-17T19:18:02.472+0000] {logging_mixin.py:190} INFO - [2026-09-17T19:18:02.472+0000] {dag.py:4180} INFO - Setting next_dagrun for example_python_operator to None, run_after=None
[2026-09-17T19:18:02.495+0000] {processor.py:208} INFO - Processing /home/airflow/.local/lib/python3.12/site-packages/airflow/example_dags/example_python_operator.py took 0.094 seconds
[2026-09-17T19:18:33.146+0000] {processor.py:186} INFO - Started process (PID=3513) to work on /home/airflow/.local/lib/python3.12/site-packages/airflow/example_dags/example_python_operator.py
[2026-09-17T19:18:33.148+0000] {processor.py:914} INFO - Processing file /home/airflow/.local/lib/python3.12/site-packages/airflow/example_dags/example_python_operator.py for tasks to queue
[2026-09-17T19:18:33.150+0000] {logging_mixin.py:190} INFO - [2026-09-17T19:18:33.150+0000] {dagbag.py:588} INFO - Filling up the DagBag from /home/airflow/.local/lib/python3.12/site-packages/airflow/example_dags/example_python_operator.py
[2026-09-17T19:18:33.166+0000] {processor.py:925} INFO - DAG(s) 'example_python_operator' retrieved from /home/airflow/.local/lib/python3.12/site-packages/airflow/example_dags/example_python_operator.py
[2026-09-17T19:18:33.199+0000] {logging_mixin.py:190} INFO - [2026-09-17T19:18:33.199+0000] {dag.py:3239} INFO - Sync 1 DAGs
[2026-09-17T19:18:33.216+0000] {logging_mixin.py:190} INFO - [2026-09-17T19:18:33.216+0000] {dag.py:4180} INFO - Setting next_dagrun for example_python_operator to None, run_after=None
[2026-09-17T19:18:33.245+0000] {processor.py:208} INFO - Processing /home/airflow/.local/lib/python3.12/site-packages/airflow/example_dags/example_python_operator.py took 0.106 seconds
[2026-09-17T19:19:03.639+0000] {processor.py:186} INFO - Started process (PID=3571) to work on /home/airflow/.local/lib/python3.12/site-packages/airflow/example_dags/example_python_operator.py
[2026-09-17T19:19:03.641+0000] {processor.py:914} INFO - Processing file /home/airflow/.local/lib/python3.12/site-packages/airflow/example_dags/example_python_operator.py for tasks to queue
[2026-09-17T19:19:03.643+0000] {logging_mixin.py:190} INFO - [2026-09-17T19:19:03.643+0000] {dagbag.py:588} INFO - Filling up the DagBag from /home/airflow/.local/lib/python3.12/site-packages/airflow/example_dags/example_python_operator.py
[2026-09-17T19:19:03.657+0000] {processor.py:925} INFO - DAG(s) 'example_python_operator' retrieved from /home/airflow/.local/lib/python3.12/site-packages/airflow/example_dags/example_python_operator.py
[2026-09-17T19:19:03.687+0000] {logging_mixin.py:190} INFO - [2026-09-17T19:19:03.687+0000] {dag.py:3239} INFO - Sync 1 DAGs
[2026-09-17T19:19:03.703+0000] {logging_mixin.py:190} INFO - [2026-09-17T19:19:03.703+0000] {dag.py:4180} INFO - Setting next_dagrun for example_python_operator to None, run_after=None
[2026-09-17T19:19:03.727+0000] {processor.py:208} INFO - Processing /home/airflow/.local/lib/python3.12/site-packages/airflow/example_dags/example_python_operator.py took 0.095 seconds
[2026-09-17T19:19:34.472+0000] {processor.py:186} INFO - Started process (PID=3636) to work on /home/airflow/.local/lib/python3.12/site-packages/airflow/example_dags/example_python_operator.py
[2026-09-17T19:19:34.474+0000] {processor.py:914} INFO - Processing file /home/airflow/.local/lib/python3.12/site-packages/airflow/example_dags/example_python_operator.py for tasks to queue
[2026-09-17T19:19:34.476+0000] {logging_mixin.py:190} INFO - [2026-09-17T19:19:34.476+0000] {dagbag.py:588} INFO - Filling up the DagBag from /home/airflow/.local/lib/python3.12/site-packages/airflow/example_dags/example_python_operator.py
[2026-09-17T19:19:34.490+0000] {processor.py:925} INFO - DAG(s) 'example_python_operator' retrieved from /home/airflow/.local/lib/python3.12/site-packages/airflow/example_dags/example_python_operator.py
[2026-09-17T19:19:34.522+0000] {logging_mixin.py:190} INFO - [2026-09-17T19:19:34.522+0000] {dag.py:3239} INFO - Sync 1 DAGs
[2026-09-17T19:19:34.540+0000] {logging_mixin.py:190} INFO - [2026-09-17T19:19:34.540+0000] {dag.py:4180} INFO - Setting next_dagrun for example_python_operator to None, run_after=None
[2026-09-17T19:19:34.568+0000] {processor.py:208} INFO - Processing /home/airflow/.local/lib/python3.12/site-packages/airflow/example_dags/example_python_operator.py took 0.103 seconds
[2026-09-17T19:20:05.034+0000] {processor.py:186} INFO - Started process (PID=3701) to work on /home/airflow/.local/lib/python3.12/site-packages/airflow/example_dags/example_python_operator.py
[2026-09-17T19:20:05.036+0000] {processor.py:914} INFO - Processing file /home/airflow/.local/lib/python3.12/site-packages/airflow/example_dags/example_python_operator.py for tasks to queue
[2026-09-17T19:20:05.038+0000] {logging_mixin.py:190} INFO - [2026-09-17T19:20:05.038+0000] {dagbag.py:588} INFO - Filling up the DagBag from /home/airflow/.local/lib/python3.12/site-packages/airflow/example_dags/example_python_operator.py
[2026-09-17T19:20:05.052+0000] {processor.py:925} INFO - DAG(s) 'example_python_operator' retrieved from /home/airflow/.local/lib/python3.12/site-packages/airflow/example_dags/example_python_operator.py
[2026-09-17T19:20:05.080+0000] {logging_mixin.py:190} INFO - [2026-09-17T19:20:05.080+0000] {dag.py:3239} INFO - Sync 1 DAGs
[2026-09-17T19:20:05.097+0000] {logging_mixin.py:190} INFO - [2026-09-17T19:20:05.097+0000] {dag.py:4180} INFO - Setting next_dagrun for example_python_operator to None, run_after=None
[2026-09-17T19:20:05.120+0000] {processor.py:208} INFO - Processing /home/airflow/.local/lib/python3.12/site-packages/airflow/example_dags/example_python_operator.py took 0.091 seconds
[2026-09-17T19:20:35.340+0000] {processor.py:186} INFO - Started process (PID=3766) to work on /home/airflow/.local/lib/python3.12/site-packages/airflow/example_dags/example_python_operator.py
[2026-09-17T19:20:35.342+0000] {processor.py:914} INFO - Processing file /home/airflow/.local/lib/python3.12/site-packages/airflow/example_dags/example_python_operator.py for tasks to queue
[2026-09-17T19:20:35.344+0000] {logging_mixin.py:190} INFO - [2026-09-17T19:20:35.344+0000] {dagbag.py:588} INFO - Filling up the DagBag from /home/airflow/.local/lib/python3.12/site-packages/airflow/example_dags/example_python_operator.py
[2026-09-17T19:20:35.356+0000] {processor.py:925} INFO - DAG(s) 'example_python_operator' retrieved from /home/airflow/.local/lib/python3.12/site-packages/airflow/example_dags/example_python_operator.py
[2026-09-17T19:20:35.385+0000] {logging_mixin.py:190} INFO - [2026-09-17T19:20:35.385+0000] {dag.py:3239} INFO - Sync 1 DAGs
[2026-09-17T19:20:35.399+0000] {logging_mixin.py:190} INFO - [2026-09-17T19:20:35.399+0000] {dag.py:4180} INFO - Setting next_dagrun for example_python_operator to None, run_after=None
[2026-09-17T19:20:35.420+0000] {processor.py:208} INFO - Processing /home/airflow/.local/lib/python3.12/site-packages/airflow/example_dags/example_python_operator.py took 0.087 seconds
[2026-09-17T19:21:05.526+0000] {processor.py:186} INFO - Started process (PID=3831) to work on /home/airflow/.local/lib/python3.12/site-packages/airflow/example_dags/example_python_operator.py
[2026-09-17T19:21:05.529+0000] {processor.py:914} INFO - Processing file /home/airflow/.local/lib/python3.12/site-packages/airflow/example_dags/example_python_operator.py for tasks to queue
[2026-09-17T19:21:05.532+0000] {logging_mixin.py:190} INFO - [2026-09-17T19:21:05.531+0000] {dagbag.py:588} INFO - Filling up the DagBag from /home/airflow/.local/lib/python3.12/site-packages/airflow/example_dags/example_python_operator.py
[2026-09-17T19:21:05.545+0000] {processor.py:925} INFO - DAG(s) 'example_python_operator' retrieved from /home/airflow/.local/lib/python3.12/site-packages/airflow/example_dags/example_python_operator.py
[2026-09-17T19:21:05.575+0000] {logging_mixin.py:190} INFO - [2026-09-17T19:21:05.575+0000] {dag.py:3239} INFO - Sync 1 DAGs
[2026-09-17T19:21:05.592+0000] {logging_mixin.py:190} INFO - [2026-09-17T19:21:05.592+0000] {dag.py:4180} INFO - Setting next_dagrun for example_python_operator to None, run_after=None
[2026-09-17T19:21:05.616+0000] {processor.py:208} INFO - Processing /home/airflow/.local/lib/python3.12/site-packages/airflow/example_dags/example_python_operator.py took 0.097 seconds
[2026-09-17T19:21:36.731+0000] {processor.py:186} INFO - Started process (PID=3896) to work on /home/airflow/.local/lib/python3.12/site-packages/airflow/example_dags/example_python_operator.py
[2026-09-17T19:21:36.733+0000] {processor.py:914} INFO - Processing file /home/airflow/.local/lib/python3.12/site-packages/airflow/example_dags/example_python_operator.py for tasks to queue
[2026-09-17T19:21:36.735+0000] {logging_mixin.py:190} INFO - [2026-09-17T19:21:36.734+0000] {dagbag.py:588} INFO - Filling up the DagBag from /home/airflow/.local/lib/python3.12/site-packages/airflow/example_dags/example_python_operator.py
[2026-09-17T19:21:36.748+0000] {processor.py:925} INFO - DAG(s) 'example_python_operator' retrieved from /home/airflow/.local/lib/python3.12/site-packages/airflow/example_dags/example_python_operator.py
[2026-09-17T19:21:36.779+0000] {logging_mixin.py:190} INFO - [2026-09-17T19:21:36.778+0000] {dag.py:3239} INFO - Sync 1 DAGs
[2026-09-17T19:21:36.796+0000] {logging_mixin.py:190} INFO - [2026-09-17T19:21:36.795+0000] {dag.py:4180} INFO - Setting next_dagrun for example_python_operator to None, run_after=None
[2026-09-17T19:21:36.820+0000] {processor.py:208} INFO - Processing /home/airflow/.local/lib/python3.12/site-packages/airflow/example_dags/example_python_operator.py took 0.095 seconds
[2026-09-17T19:22:07.103+0000] {processor.py:186} INFO - Started process (PID=3961) to work on /home/airflow/.local/lib/python3.12/site-packages/airflow/example_dags/example_python_operator.py
[2026-09-17T19:22:07.105+0000] {processor.py:914} INFO - Processing file /home/airflow/.local/lib/python3.12/site-packages/airflow/example_dags/example_python_operator.py for tasks to queue
[2026-09-17T19:22:07.107+0000] {logging_mixin.py:190} INFO - [2026-09-17T19:22:07.107+0000] {dagbag.py:588} INFO - Filling up the DagBag from /home/airflow/.local/lib/python3.12/site-packages/airflow/example_dags/example_python_operator.py
[2026-09-17T19:22:07.120+0000] {processor.py:925} INFO - DAG(s) 'example_python_operator' retrieved from /home/airflow/.local/lib/python3.12/site-packages/airflow/example_dags/example_python_operator.py
[2026-09-17T19:22:07.148+0000] {logging_mixin.py:190} INFO - [2026-09-17T19:22:07.147+0000] {dag.py:3239} INFO - Sync 1 DAGs
[2026-09-17T19:22:07.164+0000] {logging_mixin.py:190} INFO - [2026-09-17T19:22:07.164+0000] {dag.py:4180} INFO - Setting next_dagrun for example_python_operator to None, run_after=None
[2026-09-17T19:22:07.192+0000] {processor.py:208} INFO - Processing /home/airflow/.local/lib/python3.12/site-packages/airflow/example_dags/example_python_operator.py took 0.095 seconds
[2026-09-17T19:22:38.070+0000] {processor.py:186} INFO - Started process (PID=4026) to work on /home/airflow/.local/lib/python3.12/site-packages/airflow/example_dags/example_python_operator.py
[2026-09-17T19:22:38.072+0000] {processor.py:914} INFO - Processing file /home/airflow/.local/lib/python3.12/site-packages/airflow/example_dags/example_python_operator.py for tasks to queue
[2026-09-17T19:22:38.074+0000] {logging_mixin.py:190} INFO - [2026-09-17T19:22:38.073+0000] {dagbag.py:588} INFO - Filling up the DagBag from /home/airflow/.local/lib/python3.12/site-packages/airflow/example_dags/example_python_operator.py
[2026-09-17T19:22:38.087+0000] {processor.py:925} INFO - DAG(s) 'example_python_operator' retrieved from /home/airflow/.local/lib/python3.12/site-packages/airflow/example_dags/example_python_operator.py
[2026-09-17T19:22:38.116+0000] {logging_mixin.py:190} INFO - [2026-09-17T19:22:38.115+0000] {dag.py:3239} INFO - Sync 1 DAGs
[2026-09-17T19:22:38.132+0000] {logging_mixin.py:190} INFO - [2026-09-17T19:22:38.131+0000] {dag.py:4180} INFO - Setting next_dagrun for example_python_operator to None, run_after=None
[2026-09-17T19:22:38.154+0000] {processor.py:208} INFO - Processing /home/airflow/.local/lib/python3.12/site-packages/airflow/example_dags/example_python_operator.py took 0.090 seconds
[2026-09-17T19:23:08.406+0000] {processor.py:186} INFO - Started process (PID=4091) to work on /home/airflow/.local/lib/python3.12/site-packages/airflow/example_dags/example_python_operator.py
[2026-09-17T19:23:08.408+0000] {processor.py:914} INFO - Processing file /home/airflow/.local/lib/python3.12/site-packages/airflow/example_dags/example_python_operator.py for tasks to queue
[2026-09-17T19:23:08.410+0000] {logging_mixin.py:190} INFO - [2026-09-17T19:23:08.410+0000] {dagbag.py:588} INFO - Filling up the DagBag from /home/airflow/.local/lib/python3.12/site-packages/airflow/example_dags/example_python_operator.py
[2026-09-17T19:23:08.424+0000] {processor.py:925} INFO - DAG(s) 'example_python_operator' retrieved from /home/airflow/.local/lib/python3.12/site-packages/airflow/example_dags/example_python_operator.py
[2026-09-17T19:23:08.452+0000] {logging_mixin.py:190} INFO - [2026-09-17T19:23:08.451+0000] {dag.py:3239} INFO - Sync 1 DAGs
[2026-09-17T19:23:08.468+0000] {logging_mixin.py:190} INFO - [2026-09-17T19:23:08.468+0000] {dag.py:4180} INFO - Setting next_dagrun for example_python_operator to None, run_after=None
[2026-09-17T19:23:08.496+0000] {processor.py:208} INFO - Processing /home/airflow/.local/lib/python3.12/site-packages/airflow/example_dags/example_python_operator.py took 0.097 seconds
[2026-09-17T19:23:38.708+0000] {processor.py:186} INFO - Started process (PID=4156) to work on /home/airflow/.local/lib/python3.12/site-packages/airflow/example_dags/example_python_operator.py
[2026-09-17T19:23:38.710+0000] {processor.py:914} INFO - Processing file /home/airflow/.local/lib/python3.12/site-packages/airflow/example_dags/example_python_operator.py for tasks to queue
[2026-09-17T19:23:38.712+0000] {logging_mixin.py:190} INFO - [2026-09-17T19:23:38.712+0000] {dagbag.py:588} INFO - Filling up the DagBag from /home/airflow/.local/lib/python3.12/site-packages/airflow/example_dags/example_python_operator.py
[2026-09-17T19:23:38.726+0000] {processor.py:925} INFO - DAG(s) 'example_python_operator' retrieved from /home/airflow/.local/lib/python3.12/site-packages/airflow/example_dags/example_python_operator.py
[2026-09-17T19:23:38.753+0000] {logging_mixin.py:190} INFO - [2026-09-17T19:23:38.753+0000] {dag.py:3239} INFO - Sync 1 DAGs
[2026-09-17T19:23:38.769+0000] {logging_mixin.py:190} INFO - [2026-09-17T19:23:38.769+0000] {dag.py:4180} INFO - Setting next_dagrun for example_python_operator to None, run_after=None
[2026-09-17T19:23:38.795+0000] {processor.py:208} INFO - Processing /home/airflow/.local/lib/python3.12/site-packages/airflow/example_dags/example_python_operator.py took 0.093 seconds
[2026-09-17T19:24:09.009+0000] {processor.py:186} INFO - Started process (PID=4221) to work on /home/airflow/.local/lib/python3.12/site-packages/airflow/example_dags/example_python_operator.py
[2026-09-17T19:24:09.011+0000] {processor.py:914} INFO - Processing file /home/airflow/.local/lib/python3.12/site-packages/airflow/example_dags/example_python_operator.py for tasks to queue
[2026-09-17T19:24:09.014+0000] {logging_mixin.py:190} INFO - [2026-09-17T19:24:09.013+0000] {dagbag.py:588} INFO - Filling up the DagBag from /home/airflow/.local/lib/python3.12/site-packages/airflow/example_dags/example_python_operator.py
[2026-09-17T19:24:09.028+0000] {processor.py:925} INFO - DAG(s) 'example_python_operator' retrieved from /home/airflow/.local/lib/python3.12/site-packages/airflow/example_dags/example_python_operator.py
[2026-09-17T19:24:09.060+0000] {logging_mixin.py:190} INFO - [2026-09-17T19:24:09.060+0000] {dag.py:3239} INFO - Sync 1 DAGs
[2026-09-17T19:24:09.075+0000] {logging_mixin.py:190} INFO - [2026-09-17T19:24:09.075+0000] {dag.py:4180} INFO - Setting next_dagrun for example_python_operator to None, run_after=None
[2026-09-17T19:24:09.101+0000] {processor.py:208} INFO - Processing /home/airflow/.local/lib/python3.12/site-packages/airflow/example_dags/example_python_operator.py took 0.101 seconds
[2026-09-17T19:24:39.194+0000] {processor.py:186} INFO - Started process (PID=4285) to work on /home/airflow/.local/lib/python3.12/site-packages/airflow/example_dags/example_python_operator.py
[2026-09-17T19:24:39.196+0000] {processor.py:914} INFO - Processing file /home/airflow/.local/lib/python3.12/site-packages/airflow/example_dags/example_python_operator.py for tasks to queue
[2026-09-17T19:24:39.198+0000] {logging_mixin.py:190} INFO - [2026-09-17T19:24:39.198+0000] {dagbag.py:588} INFO - Filling up the DagBag from /home/airflow/.local/lib/python3.12/site-packages/airflow/example_dags/example_python_operator.py
[2026-09-17T19:24:39.213+0000] {processor.py:925} INFO - DAG(s) 'example_python_operator' retrieved from /home/airflow/.local/lib/python3.12/site-packages/airflow/example_dags/example_python_operator.py
[2026-09-17T19:24:39.245+0000] {logging_mixin.py:190} INFO - [2026-09-17T19:24:39.245+0000] {dag.py:3239} INFO - Sync 1 DAGs
[2026-09-17T19:24:39.262+0000] {logging_mixin.py:190} INFO - [2026-09-17T19:24:39.262+0000] {dag.py:4180} INFO - Setting next_dagrun for example_python_operator to None, run_after=None
[2026-09-17T19:24:39.290+0000] {processor.py:208} INFO - Processing /home/airflow/.local/lib/python3.12/site-packages/airflow/example_dags/example_python_operator.py took 0.103 seconds
[2026-09-17T19:25:10.191+0000] {processor.py:186} INFO - Started process (PID=4343) to work on /home/airflow/.local/lib/python3.12/site-packages/airflow/example_dags/example_python_operator.py
[2026-09-17T19:25:10.193+0000] {processor.py:914} INFO - Processing file /home/airflow/.local/lib/python3.12/site-packages/airflow/example_dags/example_python_operator.py for tasks to queue
[2026-09-17T19:25:10.195+0000] {logging_mixin.py:190} INFO - [2026-09-17T19:25:10.195+0000] {dagbag.py:588} INFO - Filling up the DagBag from /home/airflow/.local/lib/python3.12/site-packages/airflow/example_dags/example_python_operator.py
[2026-09-17T19:25:10.211+0000] {processor.py:925} INFO - DAG(s) 'example_python_operator' retrieved from /home/airflow/.local/lib/python3.12/site-packages/airflow/example_dags/example_python_operator.py
[2026-09-17T19:25:10.243+0000] {logging_mixin.py:190} INFO - [2026-09-17T19:25:10.243+0000] {dag.py:3239} INFO - Sync 1 DAGs
[2026-09-17T19:25:10.260+0000] {logging_mixin.py:190} INFO - [2026-09-17T19:25:10.260+0000] {dag.py:4180} INFO - Setting next_dagrun for example_python_operator to None, run_after=None
[2026-09-17T19:25:10.287+0000] {processor.py:208} INFO - Processing /home/airflow/.local/lib/python3.12/site-packages/airflow/example_dags/example_python_operator.py took 0.103 seconds
[2026-09-17T19:25:40.415+0000] {processor.py:186} INFO - Started process (PID=4407) to work on /home/airflow/.local/lib/python3.12/site-packages/airflow/example_dags/example_python_operator.py
[2026-09-17T19:25:40.417+0000] {processor.py:914} INFO - Processing file /home/airflow/.local/lib/python3.12/site-packages/airflow/example_dags/example_python_operator.py for tasks to queue
[2026-09-17T19:25:40.420+0000] {logging_mixin.py:190} INFO - [2026-09-17T19:25:40.419+0000] {dagbag.py:588} INFO - Filling up the DagBag from /home/airflow/.local/lib/python3.12/site-packages/airflow/example_dags/example_python_operator.py
[2026-09-17T19:25:40.437+0000] {processor.py:925} INFO - DAG(s) 'example_python_operator' retrieved from /home/airflow/.local/lib/python3.12/site-packages/airflow/example_dags/example_python_operator.py
[2026-09-17T19:25:40.465+0000] {logging_mixin.py:190} INFO - [2026-09-17T19:25:40.464+0000] {dag.py:3239} INFO - Sync 1 DAGs
[2026-09-17T19:25:40.481+0000] {logging_mixin.py:190} INFO - [2026-09-17T19:25:40.481+0000] {dag.py:4180} INFO - Setting next_dagrun for example_python_operator to None, run_after=None
[2026-09-17T19:25:40.507+0000] {processor.py:208} INFO - Processing /home/airflow/.local/lib/python3.12/site-packages/airflow/example_dags/example_python_operator.py took 0.099 seconds
[2026-09-17T19:26:10.575+0000] {processor.py:186} INFO - Started process (PID=4471) to work on /home/airflow/.local/lib/python3.12/site-packages/airflow/example_dags/example_python_operator.py
[2026-09-17T19:26:10.577+0000] {processor.py:914} INFO - Processing file /home/airflow/.local/lib/python3.12/site-packages/airflow/example_dags/example_python_operator.py for tasks to queue
[2026-09-17T19:26:10.580+0000] {logging_mixin.py:190} INFO - [2026-09-17T19:26:10.579+0000] {dagbag.py:588} INFO - Filling up the DagBag from /home/airflow/.local/lib/python3.12/site-packages/airflow/example_dags/example_python_operator.py
[2026-09-17T19:26:10.593+0000] {processor.py:925} INFO - DAG(s) 'example_python_operator' retrieved from /home/airflow/.local/lib/python3.12/site-packages/airflow/example_dags/example_python_operator.py
[2026-09-17T19:26:10.620+0000] {logging_mixin.py:190} INFO - [2026-09-17T19:26:10.620+0000] {dag.py:3239} INFO - Sync 1 DAGs
[2026-09-17T19:26:10.635+0000] {logging_mixin.py:190} INFO - [2026-09-17T19:26:10.635+0000] {dag.py:4180} INFO - Setting next_dagrun for example_python_operator to None, run_after=None
[2026-09-17T19:26:10.660+0000] {processor.py:208} INFO - Processing /home/airflow/.local/lib/python3.12/site-packages/airflow/example_dags/example_python_operator.py took 0.091 seconds
[2026-09-17T19:26:41.110+0000] {processor.py:186} INFO - Started process (PID=4537) to work on /home/airflow/.local/lib/python3.12/site-packages/airflow/example_dags/example_python_operator.py
[2026-09-17T19:26:41.111+0000] {processor.py:914} INFO - Processing file /home/airflow/.local/lib/python3.12/site-packages/airflow/example_dags/example_python_operator.py for tasks to queue
[2026-09-17T19:26:41.114+0000] {logging_mixin.py:190} INFO - [2026-09-17T19:26:41.114+0000] {dagbag.py:588} INFO - Filling up the DagBag from /home/airflow/.local/lib/python3.12/site-packages/airflow/example_dags/example_python_operator.py
[2026-09-17T19:26:41.130+0000] {processor.py:925} INFO - DAG(s) 'example_python_operator' retrieved from /home/airflow/.local/lib/python3.12/site-packages/airflow/example_dags/example_python_operator.py
[2026-09-17T19:26:41.162+0000] {logging_mixin.py:190} INFO - [2026-09-17T19:26:41.161+0000] {dag.py:3239} INFO - Sync 1 DAGs
[2026-09-17T19:26:41.380+0000] {logging_mixin.py:190} INFO - [2026-09-17T19:26:41.380+0000] {dag.py:4180} INFO - Setting next_dagrun for example_python_operator to None, run_after=None
[2026-09-17T19:26:41.414+0000] {processor.py:208} INFO - Processing /home/airflow/.local/lib/python3.12/site-packages/airflow/example_dags/example_python_operator.py took 0.311 seconds
[2026-09-17T19:27:11.621+0000] {processor.py:186} INFO - Started process (PID=4600) to work on /home/airflow/.local/lib/python3.12/site-packages/airflow/example_dags/example_python_operator.py
[2026-09-17T19:27:11.623+0000] {processor.py:914} INFO - Processing file /home/airflow/.local/lib/python3.12/site-packages/airflow/example_dags/example_python_operator.py for tasks to queue
[2026-09-17T19:27:11.626+0000] {logging_mixin.py:190} INFO - [2026-09-17T19:27:11.625+0000] {dagbag.py:588} INFO - Filling up the DagBag from /home/airflow/.local/lib/python3.12/site-packages/airflow/example_dags/example_python_operator.py
[2026-09-17T19:27:11.640+0000] {processor.py:925} INFO - DAG(s) 'example_python_operator' retrieved from /home/airflow/.local/lib/python3.12/site-packages/airflow/example_dags/example_python_operator.py
[2026-09-17T19:27:11.670+0000] {logging_mixin.py:190} INFO - [2026-09-17T19:27:11.669+0000] {dag.py:3239} INFO - Sync 1 DAGs
[2026-09-17T19:27:11.685+0000] {logging_mixin.py:190} INFO - [2026-09-17T19:27:11.684+0000] {dag.py:4180} INFO - Setting next_dagrun for example_python_operator to None, run_after=None
[2026-09-17T19:27:11.888+0000] {processor.py:208} INFO - Processing /home/airflow/.local/lib/python3.12/site-packages/airflow/example_dags/example_python_operator.py took 0.273 seconds
[2026-09-17T19:27:42.530+0000] {processor.py:186} INFO - Started process (PID=4665) to work on /home/airflow/.local/lib/python3.12/site-packages/airflow/example_dags/example_python_operator.py
[2026-09-17T19:27:42.532+0000] {processor.py:914} INFO - Processing file /home/airflow/.local/lib/python3.12/site-packages/airflow/example_dags/example_python_operator.py for tasks to queue
[2026-09-17T19:27:42.534+0000] {logging_mixin.py:190} INFO - [2026-09-17T19:27:42.534+0000] {dagbag.py:588} INFO - Filling up the DagBag from /home/airflow/.local/lib/python3.12/site-packages/airflow/example_dags/example_python_operator.py
[2026-09-17T19:27:42.549+0000] {processor.py:925} INFO - DAG(s) 'example_python_operator' retrieved from /home/airflow/.local/lib/python3.12/site-packages/airflow/example_dags/example_python_operator.py
[2026-09-17T19:27:42.576+0000] {logging_mixin.py:190} INFO - [2026-09-17T19:27:42.576+0000] {dag.py:3239} INFO - Sync 1 DAGs
[2026-09-17T19:27:42.593+0000] {logging_mixin.py:190} INFO - [2026-09-17T19:27:42.593+0000] {dag.py:4180} INFO - Setting next_dagrun for example_python_operator to None, run_after=None
[2026-09-17T19:27:42.801+0000] {processor.py:208} INFO - Processing /home/airflow/.local/lib/python3.12/site-packages/airflow/example_dags/example_python_operator.py took 0.279 seconds
[2026-09-17T19:28:13.087+0000] {processor.py:186} INFO - Started process (PID=4730) to work on /home/airflow/.local/lib/python3.12/site-packages/airflow/example_dags/example_python_operator.py
[2026-09-17T19:28:13.088+0000] {processor.py:914} INFO - Processing file /home/airflow/.local/lib/python3.12/site-packages/airflow/example_dags/example_python_operator.py for tasks to queue
[2026-09-17T19:28:13.091+0000] {logging_mixin.py:190} INFO - [2026-09-17T19:28:13.090+0000] {dagbag.py:588} INFO - Filling up the DagBag from /home/airflow/.local/lib/python3.12/site-packages/airflow/example_dags/example_python_operator.py
[2026-09-17T19:28:13.104+0000] {processor.py:925} INFO - DAG(s) 'example_python_operator' retrieved from /home/airflow/.local/lib/python3.12/site-packages/airflow/example_dags/example_python_operator.py
[2026-09-17T19:28:13.134+0000] {logging_mixin.py:190} INFO - [2026-09-17T19:28:13.134+0000] {dag.py:3239} INFO - Sync 1 DAGs
[2026-09-17T19:28:13.150+0000] {logging_mixin.py:190} INFO - [2026-09-17T19:28:13.150+0000] {dag.py:4180} INFO - Setting next_dagrun for example_python_operator to None, run_after=None
[2026-09-17T19:28:13.173+0000] {processor.py:208} INFO - Processing /home/airflow/.local/lib/python3.12/site-packages/airflow/example_dags/example_python_operator.py took 0.094 seconds
[2026-09-17T19:48:19.150+0000] {processor.py:186} INFO - Started process (PID=67) to work on /home/airflow/.local/lib/python3.12/site-packages/airflow/example_dags/example_python_operator.py
[2026-09-17T19:48:19.152+0000] {processor.py:914} INFO - Processing file /home/airflow/.local/lib/python3.12/site-packages/airflow/example_dags/example_python_operator.py for tasks to queue
[2026-09-17T19:48:19.155+0000] {logging_mixin.py:190} INFO - [2026-09-17T19:48:19.154+0000] {dagbag.py:588} INFO - Filling up the DagBag from /home/airflow/.local/lib/python3.12/site-packages/airflow/example_dags/example_python_operator.py
[2026-09-17T19:48:19.174+0000] {processor.py:925} INFO - DAG(s) 'example_python_operator' retrieved from /home/airflow/.local/lib/python3.12/site-packages/airflow/example_dags/example_python_operator.py
[2026-09-17T19:48:19.357+0000] {logging_mixin.py:190} INFO - [2026-09-17T19:48:19.356+0000] {dag.py:3239} INFO - Sync 1 DAGs
[2026-09-17T19:48:19.374+0000] {logging_mixin.py:190} INFO - [2026-09-17T19:48:19.373+0000] {dag.py:4180} INFO - Setting next_dagrun for example_python_operator to None, run_after=None
[2026-09-17T19:48:19.408+0000] {processor.py:208} INFO - Processing /home/airflow/.local/lib/python3.12/site-packages/airflow/example_dags/example_python_operator.py took 0.267 seconds
[2026-09-17T19:48:50.160+0000] {processor.py:186} INFO - Started process (PID=131) to work on /home/airflow/.local/lib/python3.12/site-packages/airflow/example_dags/example_python_operator.py
[2026-09-17T19:48:50.162+0000] {processor.py:914} INFO - Processing file /home/airflow/.local/lib/python3.12/site-packages/airflow/example_dags/example_python_operator.py for tasks to queue
[2026-09-17T19:48:50.165+0000] {logging_mixin.py:190} INFO - [2026-09-17T19:48:50.165+0000] {dagbag.py:588} INFO - Filling up the DagBag from /home/airflow/.local/lib/python3.12/site-packages/airflow/example_dags/example_python_operator.py
[2026-09-17T19:48:50.186+0000] {processor.py:925} INFO - DAG(s) 'example_python_operator' retrieved from /home/airflow/.local/lib/python3.12/site-packages/airflow/example_dags/example_python_operator.py
[2026-09-17T19:48:50.220+0000] {logging_mixin.py:190} INFO - [2026-09-17T19:48:50.220+0000] {dag.py:3239} INFO - Sync 1 DAGs
[2026-09-17T19:48:50.237+0000] {logging_mixin.py:190} INFO - [2026-09-17T19:48:50.237+0000] {dag.py:4180} INFO - Setting next_dagrun for example_python_operator to None, run_after=None
[2026-09-17T19:48:50.265+0000] {processor.py:208} INFO - Processing /home/airflow/.local/lib/python3.12/site-packages/airflow/example_dags/example_python_operator.py took 0.114 seconds
[2026-09-17T19:49:21.645+0000] {processor.py:186} INFO - Started process (PID=196) to work on /home/airflow/.local/lib/python3.12/site-packages/airflow/example_dags/example_python_operator.py
[2026-09-17T19:49:21.647+0000] {processor.py:914} INFO - Processing file /home/airflow/.local/lib/python3.12/site-packages/airflow/example_dags/example_python_operator.py for tasks to queue
[2026-09-17T19:49:21.650+0000] {logging_mixin.py:190} INFO - [2026-09-17T19:49:21.649+0000] {dagbag.py:588} INFO - Filling up the DagBag from /home/airflow/.local/lib/python3.12/site-packages/airflow/example_dags/example_python_operator.py
[2026-09-17T19:49:21.664+0000] {processor.py:925} INFO - DAG(s) 'example_python_operator' retrieved from /home/airflow/.local/lib/python3.12/site-packages/airflow/example_dags/example_python_operator.py
[2026-09-17T19:49:21.709+0000] {logging_mixin.py:190} INFO - [2026-09-17T19:49:21.708+0000] {dag.py:3239} INFO - Sync 1 DAGs
[2026-09-17T19:49:21.733+0000] {logging_mixin.py:190} INFO - [2026-09-17T19:49:21.733+0000] {dag.py:4180} INFO - Setting next_dagrun for example_python_operator to None, run_after=None
[2026-09-17T19:49:21.765+0000] {processor.py:208} INFO - Processing /home/airflow/.local/lib/python3.12/site-packages/airflow/example_dags/example_python_operator.py took 0.129 seconds
[2026-09-17T19:49:52.133+0000] {processor.py:186} INFO - Started process (PID=253) to work on /home/airflow/.local/lib/python3.12/site-packages/airflow/example_dags/example_python_operator.py
[2026-09-17T19:49:52.135+0000] {processor.py:914} INFO - Processing file /home/airflow/.local/lib/python3.12/site-packages/airflow/example_dags/example_python_operator.py for tasks to queue
[2026-09-17T19:49:52.137+0000] {logging_mixin.py:190} INFO - [2026-09-17T19:49:52.137+0000] {dagbag.py:588} INFO - Filling up the DagBag from /home/airflow/.local/lib/python3.12/site-packages/airflow/example_dags/example_python_operator.py
[2026-09-17T19:49:52.151+0000] {processor.py:925} INFO - DAG(s) 'example_python_operator' retrieved from /home/airflow/.local/lib/python3.12/site-packages/airflow/example_dags/example_python_operator.py
[2026-09-17T19:49:52.181+0000] {logging_mixin.py:190} INFO - [2026-09-17T19:49:52.181+0000] {dag.py:3239} INFO - Sync 1 DAGs
[2026-09-17T19:49:52.196+0000] {logging_mixin.py:190} INFO - [2026-09-17T19:49:52.196+0000] {dag.py:4180} INFO - Setting next_dagrun for example_python_operator to None, run_after=None
[2026-09-17T19:49:52.224+0000] {processor.py:208} INFO - Processing /home/airflow/.local/lib/python3.12/site-packages/airflow/example_dags/example_python_operator.py took 0.098 seconds
[2026-09-17T19:50:22.937+0000] {processor.py:186} INFO - Started process (PID=318) to work on /home/airflow/.local/lib/python3.12/site-packages/airflow/example_dags/example_python_operator.py
[2026-09-17T19:50:22.939+0000] {processor.py:914} INFO - Processing file /home/airflow/.local/lib/python3.12/site-packages/airflow/example_dags/example_python_operator.py for tasks to queue
[2026-09-17T19:50:22.941+0000] {logging_mixin.py:190} INFO - [2026-09-17T19:50:22.941+0000] {dagbag.py:588} INFO - Filling up the DagBag from /home/airflow/.local/lib/python3.12/site-packages/airflow/example_dags/example_python_operator.py
[2026-09-17T19:50:22.955+0000] {processor.py:925} INFO - DAG(s) 'example_python_operator' retrieved from /home/airflow/.local/lib/python3.12/site-packages/airflow/example_dags/example_python_operator.py
[2026-09-17T19:50:22.980+0000] {logging_mixin.py:190} INFO - [2026-09-17T19:50:22.980+0000] {dag.py:3239} INFO - Sync 1 DAGs
[2026-09-17T19:50:22.995+0000] {logging_mixin.py:190} INFO - [2026-09-17T19:50:22.995+0000] {dag.py:4180} INFO - Setting next_dagrun for example_python_operator to None, run_after=None
[2026-09-17T19:50:23.026+0000] {processor.py:208} INFO - Processing /home/airflow/.local/lib/python3.12/site-packages/airflow/example_dags/example_python_operator.py took 0.094 seconds
[2026-09-17T19:50:54.019+0000] {processor.py:186} INFO - Started process (PID=383) to work on /home/airflow/.local/lib/python3.12/site-packages/airflow/example_dags/example_python_operator.py
[2026-09-17T19:50:54.020+0000] {processor.py:914} INFO - Processing file /home/airflow/.local/lib/python3.12/site-packages/airflow/example_dags/example_python_operator.py for tasks to queue
[2026-09-17T19:50:54.022+0000] {logging_mixin.py:190} INFO - [2026-09-17T19:50:54.022+0000] {dagbag.py:588} INFO - Filling up the DagBag from /home/airflow/.local/lib/python3.12/site-packages/airflow/example_dags/example_python_operator.py
[2026-09-17T19:50:54.038+0000] {processor.py:925} INFO - DAG(s) 'example_python_operator' retrieved from /home/airflow/.local/lib/python3.12/site-packages/airflow/example_dags/example_python_operator.py
[2026-09-17T19:50:54.072+0000] {logging_mixin.py:190} INFO - [2026-09-17T19:50:54.072+0000] {dag.py:3239} INFO - Sync 1 DAGs
[2026-09-17T19:50:54.091+0000] {logging_mixin.py:190} INFO - [2026-09-17T19:50:54.090+0000] {dag.py:4180} INFO - Setting next_dagrun for example_python_operator to None, run_after=None
[2026-09-17T19:50:54.118+0000] {processor.py:208} INFO - Processing /home/airflow/.local/lib/python3.12/site-packages/airflow/example_dags/example_python_operator.py took 0.107 seconds
[2026-09-17T19:51:24.389+0000] {processor.py:186} INFO - Started process (PID=447) to work on /home/airflow/.local/lib/python3.12/site-packages/airflow/example_dags/example_python_operator.py
[2026-09-17T19:51:24.391+0000] {processor.py:914} INFO - Processing file /home/airflow/.local/lib/python3.12/site-packages/airflow/example_dags/example_python_operator.py for tasks to queue
[2026-09-17T19:51:24.394+0000] {logging_mixin.py:190} INFO - [2026-09-17T19:51:24.394+0000] {dagbag.py:588} INFO - Filling up the DagBag from /home/airflow/.local/lib/python3.12/site-packages/airflow/example_dags/example_python_operator.py
[2026-09-17T19:51:24.408+0000] {processor.py:925} INFO - DAG(s) 'example_python_operator' retrieved from /home/airflow/.local/lib/python3.12/site-packages/airflow/example_dags/example_python_operator.py
[2026-09-17T19:51:24.435+0000] {logging_mixin.py:190} INFO - [2026-09-17T19:51:24.435+0000] {dag.py:3239} INFO - Sync 1 DAGs
[2026-09-17T19:51:24.450+0000] {logging_mixin.py:190} INFO - [2026-09-17T19:51:24.450+0000] {dag.py:4180} INFO - Setting next_dagrun for example_python_operator to None, run_after=None
[2026-09-17T19:51:24.471+0000] {processor.py:208} INFO - Processing /home/airflow/.local/lib/python3.12/site-packages/airflow/example_dags/example_python_operator.py took 0.088 seconds
[2026-09-17T19:51:54.748+0000] {processor.py:186} INFO - Started process (PID=512) to work on /home/airflow/.local/lib/python3.12/site-packages/airflow/example_dags/example_python_operator.py
[2026-09-17T19:51:54.750+0000] {processor.py:914} INFO - Processing file /home/airflow/.local/lib/python3.12/site-packages/airflow/example_dags/example_python_operator.py for tasks to queue
[2026-09-17T19:51:54.753+0000] {logging_mixin.py:190} INFO - [2026-09-17T19:51:54.752+0000] {dagbag.py:588} INFO - Filling up the DagBag from /home/airflow/.local/lib/python3.12/site-packages/airflow/example_dags/example_python_operator.py
[2026-09-17T19:51:54.767+0000] {processor.py:925} INFO - DAG(s) 'example_python_operator' retrieved from /home/airflow/.local/lib/python3.12/site-packages/airflow/example_dags/example_python_operator.py
[2026-09-17T19:51:54.796+0000] {logging_mixin.py:190} INFO - [2026-09-17T19:51:54.796+0000] {dag.py:3239} INFO - Sync 1 DAGs
[2026-09-17T19:51:54.814+0000] {logging_mixin.py:190} INFO - [2026-09-17T19:51:54.814+0000] {dag.py:4180} INFO - Setting next_dagrun for example_python_operator to None, run_after=None
[2026-09-17T19:51:54.839+0000] {processor.py:208} INFO - Processing /home/airflow/.local/lib/python3.12/site-packages/airflow/example_dags/example_python_operator.py took 0.097 seconds
[2026-09-17T19:52:25.758+0000] {processor.py:186} INFO - Started process (PID=577) to work on /home/airflow/.local/lib/python3.12/site-packages/airflow/example_dags/example_python_operator.py
[2026-09-17T19:52:25.760+0000] {processor.py:914} INFO - Processing file /home/airflow/.local/lib/python3.12/site-packages/airflow/example_dags/example_python_operator.py for tasks to queue
[2026-09-17T19:52:25.762+0000] {logging_mixin.py:190} INFO - [2026-09-17T19:52:25.762+0000] {dagbag.py:588} INFO - Filling up the DagBag from /home/airflow/.local/lib/python3.12/site-packages/airflow/example_dags/example_python_operator.py
[2026-09-17T19:52:25.776+0000] {processor.py:925} INFO - DAG(s) 'example_python_operator' retrieved from /home/airflow/.local/lib/python3.12/site-packages/airflow/example_dags/example_python_operator.py
[2026-09-17T19:52:25.803+0000] {logging_mixin.py:190} INFO - [2026-09-17T19:52:25.803+0000] {dag.py:3239} INFO - Sync 1 DAGs
[2026-09-17T19:52:25.820+0000] {logging_mixin.py:190} INFO - [2026-09-17T19:52:25.819+0000] {dag.py:4180} INFO - Setting next_dagrun for example_python_operator to None, run_after=None
[2026-09-17T19:52:25.844+0000] {processor.py:208} INFO - Processing /home/airflow/.local/lib/python3.12/site-packages/airflow/example_dags/example_python_operator.py took 0.092 seconds
[2026-09-17T19:52:56.292+0000] {processor.py:186} INFO - Started process (PID=642) to work on /home/airflow/.local/lib/python3.12/site-packages/airflow/example_dags/example_python_operator.py
[2026-09-17T19:52:56.293+0000] {processor.py:914} INFO - Processing file /home/airflow/.local/lib/python3.12/site-packages/airflow/example_dags/example_python_operator.py for tasks to queue
[2026-09-17T19:52:56.296+0000] {logging_mixin.py:190} INFO - [2026-09-17T19:52:56.296+0000] {dagbag.py:588} INFO - Filling up the DagBag from /home/airflow/.local/lib/python3.12/site-packages/airflow/example_dags/example_python_operator.py
[2026-09-17T19:52:56.311+0000] {processor.py:925} INFO - DAG(s) 'example_python_operator' retrieved from /home/airflow/.local/lib/python3.12/site-packages/airflow/example_dags/example_python_operator.py
[2026-09-17T19:52:56.339+0000] {logging_mixin.py:190} INFO - [2026-09-17T19:52:56.339+0000] {dag.py:3239} INFO - Sync 1 DAGs
[2026-09-17T19:52:56.358+0000] {logging_mixin.py:190} INFO - [2026-09-17T19:52:56.357+0000] {dag.py:4180} INFO - Setting next_dagrun for example_python_operator to None, run_after=None
[2026-09-17T19:52:56.388+0000] {processor.py:208} INFO - Processing /home/airflow/.local/lib/python3.12/site-packages/airflow/example_dags/example_python_operator.py took 0.104 seconds
[2026-09-17T19:53:26.917+0000] {processor.py:186} INFO - Started process (PID=707) to work on /home/airflow/.local/lib/python3.12/site-packages/airflow/example_dags/example_python_operator.py
[2026-09-17T19:53:26.919+0000] {processor.py:914} INFO - Processing file /home/airflow/.local/lib/python3.12/site-packages/airflow/example_dags/example_python_operator.py for tasks to queue
[2026-09-17T19:53:26.921+0000] {logging_mixin.py:190} INFO - [2026-09-17T19:53:26.920+0000] {dagbag.py:588} INFO - Filling up the DagBag from /home/airflow/.local/lib/python3.12/site-packages/airflow/example_dags/example_python_operator.py
[2026-09-17T19:53:26.935+0000] {processor.py:925} INFO - DAG(s) 'example_python_operator' retrieved from /home/airflow/.local/lib/python3.12/site-packages/airflow/example_dags/example_python_operator.py
[2026-09-17T19:53:26.960+0000] {logging_mixin.py:190} INFO - [2026-09-17T19:53:26.959+0000] {dag.py:3239} INFO - Sync 1 DAGs
[2026-09-17T19:53:26.974+0000] {logging_mixin.py:190} INFO - [2026-09-17T19:53:26.974+0000] {dag.py:4180} INFO - Setting next_dagrun for example_python_operator to None, run_after=None
[2026-09-17T19:53:26.996+0000] {processor.py:208} INFO - Processing /home/airflow/.local/lib/python3.12/site-packages/airflow/example_dags/example_python_operator.py took 0.085 seconds
[2026-09-17T19:53:57.524+0000] {processor.py:186} INFO - Started process (PID=772) to work on /home/airflow/.local/lib/python3.12/site-packages/airflow/example_dags/example_python_operator.py
[2026-09-17T19:53:57.526+0000] {processor.py:914} INFO - Processing file /home/airflow/.local/lib/python3.12/site-packages/airflow/example_dags/example_python_operator.py for tasks to queue
[2026-09-17T19:53:57.528+0000] {logging_mixin.py:190} INFO - [2026-09-17T19:53:57.528+0000] {dagbag.py:588} INFO - Filling up the DagBag from /home/airflow/.local/lib/python3.12/site-packages/airflow/example_dags/example_python_operator.py
[2026-09-17T19:53:57.542+0000] {processor.py:925} INFO - DAG(s) 'example_python_operator' retrieved from /home/airflow/.local/lib/python3.12/site-packages/airflow/example_dags/example_python_operator.py
[2026-09-17T19:53:57.571+0000] {logging_mixin.py:190} INFO - [2026-09-17T19:53:57.571+0000] {dag.py:3239} INFO - Sync 1 DAGs
[2026-09-17T19:53:57.586+0000] {logging_mixin.py:190} INFO - [2026-09-17T19:53:57.586+0000] {dag.py:4180} INFO - Setting next_dagrun for example_python_operator to None, run_after=None
[2026-09-17T19:53:57.610+0000] {processor.py:208} INFO - Processing /home/airflow/.local/lib/python3.12/site-packages/airflow/example_dags/example_python_operator.py took 0.095 seconds
[2026-09-17T19:54:27.932+0000] {processor.py:186} INFO - Started process (PID=837) to work on /home/airflow/.local/lib/python3.12/site-packages/airflow/example_dags/example_python_operator.py
[2026-09-17T19:54:27.934+0000] {processor.py:914} INFO - Processing file /home/airflow/.local/lib/python3.12/site-packages/airflow/example_dags/example_python_operator.py for tasks to queue
[2026-09-17T19:54:27.937+0000] {logging_mixin.py:190} INFO - [2026-09-17T19:54:27.937+0000] {dagbag.py:588} INFO - Filling up the DagBag from /home/airflow/.local/lib/python3.12/site-packages/airflow/example_dags/example_python_operator.py
[2026-09-17T19:54:27.952+0000] {processor.py:925} INFO - DAG(s) 'example_python_operator' retrieved from /home/airflow/.local/lib/python3.12/site-packages/airflow/example_dags/example_python_operator.py
[2026-09-17T19:54:27.984+0000] {logging_mixin.py:190} INFO - [2026-09-17T19:54:27.984+0000] {dag.py:3239} INFO - Sync 1 DAGs
[2026-09-17T19:54:28.002+0000] {logging_mixin.py:190} INFO - [2026-09-17T19:54:28.001+0000] {dag.py:4180} INFO - Setting next_dagrun for example_python_operator to None, run_after=None
[2026-09-17T19:54:28.028+0000] {processor.py:208} INFO - Processing /home/airflow/.local/lib/python3.12/site-packages/airflow/example_dags/example_python_operator.py took 0.103 seconds
[2026-09-17T19:54:58.355+0000] {processor.py:186} INFO - Started process (PID=901) to work on /home/airflow/.local/lib/python3.12/site-packages/airflow/example_dags/example_python_operator.py
[2026-09-17T19:54:58.358+0000] {processor.py:914} INFO - Processing file /home/airflow/.local/lib/python3.12/site-packages/airflow/example_dags/example_python_operator.py for tasks to queue
[2026-09-17T19:54:58.360+0000] {logging_mixin.py:190} INFO - [2026-09-17T19:54:58.360+0000] {dagbag.py:588} INFO - Filling up the DagBag from /home/airflow/.local/lib/python3.12/site-packages/airflow/example_dags/example_python_operator.py
[2026-09-17T19:54:58.374+0000] {processor.py:925} INFO - DAG(s) 'example_python_operator' retrieved from /home/airflow/.local/lib/python3.12/site-packages/airflow/example_dags/example_python_operator.py
[2026-09-17T19:54:58.404+0000] {logging_mixin.py:190} INFO - [2026-09-17T19:54:58.404+0000] {dag.py:3239} INFO - Sync 1 DAGs
[2026-09-17T19:54:58.422+0000] {logging_mixin.py:190} INFO - [2026-09-17T19:54:58.421+0000] {dag.py:4180} INFO - Setting next_dagrun for example_python_operator to None, run_after=None
[2026-09-17T19:54:58.448+0000] {processor.py:208} INFO - Processing /home/airflow/.local/lib/python3.12/site-packages/airflow/example_dags/example_python_operator.py took 0.099 seconds
[2026-09-17T19:55:29.204+0000] {processor.py:186} INFO - Started process (PID=959) to work on /home/airflow/.local/lib/python3.12/site-packages/airflow/example_dags/example_python_operator.py
[2026-09-17T19:55:29.206+0000] {processor.py:914} INFO - Processing file /home/airflow/.local/lib/python3.12/site-packages/airflow/example_dags/example_python_operator.py for tasks to queue
[2026-09-17T19:55:29.209+0000] {logging_mixin.py:190} INFO - [2026-09-17T19:55:29.208+0000] {dagbag.py:588} INFO - Filling up the DagBag from /home/airflow/.local/lib/python3.12/site-packages/airflow/example_dags/example_python_operator.py
[2026-09-17T19:55:29.222+0000] {processor.py:925} INFO - DAG(s) 'example_python_operator' retrieved from /home/airflow/.local/lib/python3.12/site-packages/airflow/example_dags/example_python_operator.py
[2026-09-17T19:55:29.247+0000] {logging_mixin.py:190} INFO - [2026-09-17T19:55:29.247+0000] {dag.py:3239} INFO - Sync 1 DAGs
[2026-09-17T19:55:29.261+0000] {logging_mixin.py:190} INFO - [2026-09-17T19:55:29.261+0000] {dag.py:4180} INFO - Setting next_dagrun for example_python_operator to None, run_after=None
[2026-09-17T19:55:29.282+0000] {processor.py:208} INFO - Processing /home/airflow/.local/lib/python3.12/site-packages/airflow/example_dags/example_python_operator.py took 0.084 seconds
[2026-09-17T19:55:59.516+0000] {processor.py:186} INFO - Started process (PID=1024) to work on /home/airflow/.local/lib/python3.12/site-packages/airflow/example_dags/example_python_operator.py
[2026-09-17T19:55:59.518+0000] {processor.py:914} INFO - Processing file /home/airflow/.local/lib/python3.12/site-packages/airflow/example_dags/example_python_operator.py for tasks to queue
[2026-09-17T19:55:59.520+0000] {logging_mixin.py:190} INFO - [2026-09-17T19:55:59.520+0000] {dagbag.py:588} INFO - Filling up the DagBag from /home/airflow/.local/lib/python3.12/site-packages/airflow/example_dags/example_python_operator.py
[2026-09-17T19:55:59.534+0000] {processor.py:925} INFO - DAG(s) 'example_python_operator' retrieved from /home/airflow/.local/lib/python3.12/site-packages/airflow/example_dags/example_python_operator.py
[2026-09-17T19:55:59.560+0000] {logging_mixin.py:190} INFO - [2026-09-17T19:55:59.560+0000] {dag.py:3239} INFO - Sync 1 DAGs
[2026-09-17T19:55:59.575+0000] {logging_mixin.py:190} INFO - [2026-09-17T19:55:59.575+0000] {dag.py:4180} INFO - Setting next_dagrun for example_python_operator to None, run_after=None
[2026-09-17T19:55:59.601+0000] {processor.py:208} INFO - Processing /home/airflow/.local/lib/python3.12/site-packages/airflow/example_dags/example_python_operator.py took 0.093 seconds
[2026-09-17T19:56:29.854+0000] {processor.py:186} INFO - Started process (PID=1089) to work on /home/airflow/.local/lib/python3.12/site-packages/airflow/example_dags/example_python_operator.py
[2026-09-17T19:56:29.857+0000] {processor.py:914} INFO - Processing file /home/airflow/.local/lib/python3.12/site-packages/airflow/example_dags/example_python_operator.py for tasks to queue
[2026-09-17T19:56:29.860+0000] {logging_mixin.py:190} INFO - [2026-09-17T19:56:29.859+0000] {dagbag.py:588} INFO - Filling up the DagBag from /home/airflow/.local/lib/python3.12/site-packages/airflow/example_dags/example_python_operator.py
[2026-09-17T19:56:29.877+0000] {processor.py:925} INFO - DAG(s) 'example_python_operator' retrieved from /home/airflow/.local/lib/python3.12/site-packages/airflow/example_dags/example_python_operator.py
[2026-09-17T19:56:29.911+0000] {logging_mixin.py:190} INFO - [2026-09-17T19:56:29.911+0000] {dag.py:3239} INFO - Sync 1 DAGs
[2026-09-17T19:56:29.931+0000] {logging_mixin.py:190} INFO - [2026-09-17T19:56:29.931+0000] {dag.py:4180} INFO - Setting next_dagrun for example_python_operator to None, run_after=None
[2026-09-17T19:56:29.960+0000] {processor.py:208} INFO - Processing /home/airflow/.local/lib/python3.12/site-packages/airflow/example_dags/example_python_operator.py took 0.114 seconds
[2026-09-17T19:57:00.119+0000] {processor.py:186} INFO - Started process (PID=1154) to work on /home/airflow/.local/lib/python3.12/site-packages/airflow/example_dags/example_python_operator.py
[2026-09-17T19:57:00.121+0000] {processor.py:914} INFO - Processing file /home/airflow/.local/lib/python3.12/site-packages/airflow/example_dags/example_python_operator.py for tasks to queue
[2026-09-17T19:57:00.124+0000] {logging_mixin.py:190} INFO - [2026-09-17T19:57:00.123+0000] {dagbag.py:588} INFO - Filling up the DagBag from /home/airflow/.local/lib/python3.12/site-packages/airflow/example_dags/example_python_operator.py
[2026-09-17T19:57:00.138+0000] {processor.py:925} INFO - DAG(s) 'example_python_operator' retrieved from /home/airflow/.local/lib/python3.12/site-packages/airflow/example_dags/example_python_operator.py
[2026-09-17T19:57:00.163+0000] {logging_mixin.py:190} INFO - [2026-09-17T19:57:00.163+0000] {dag.py:3239} INFO - Sync 1 DAGs
[2026-09-17T19:57:00.177+0000] {logging_mixin.py:190} INFO - [2026-09-17T19:57:00.177+0000] {dag.py:4180} INFO - Setting next_dagrun for example_python_operator to None, run_after=None
[2026-09-17T19:57:00.200+0000] {processor.py:208} INFO - Processing /home/airflow/.local/lib/python3.12/site-packages/airflow/example_dags/example_python_operator.py took 0.087 seconds
[2026-09-17T19:57:30.702+0000] {processor.py:186} INFO - Started process (PID=1219) to work on /home/airflow/.local/lib/python3.12/site-packages/airflow/example_dags/example_python_operator.py
[2026-09-17T19:57:30.705+0000] {processor.py:914} INFO - Processing file /home/airflow/.local/lib/python3.12/site-packages/airflow/example_dags/example_python_operator.py for tasks to queue
[2026-09-17T19:57:30.707+0000] {logging_mixin.py:190} INFO - [2026-09-17T19:57:30.706+0000] {dagbag.py:588} INFO - Filling up the DagBag from /home/airflow/.local/lib/python3.12/site-packages/airflow/example_dags/example_python_operator.py
[2026-09-17T19:57:30.724+0000] {processor.py:925} INFO - DAG(s) 'example_python_operator' retrieved from /home/airflow/.local/lib/python3.12/site-packages/airflow/example_dags/example_python_operator.py
[2026-09-17T19:57:30.754+0000] {logging_mixin.py:190} INFO - [2026-09-17T19:57:30.754+0000] {dag.py:3239} INFO - Sync 1 DAGs
[2026-09-17T19:57:30.769+0000] {logging_mixin.py:190} INFO - [2026-09-17T19:57:30.769+0000] {dag.py:4180} INFO - Setting next_dagrun for example_python_operator to None, run_after=None
[2026-09-17T19:57:30.794+0000] {processor.py:208} INFO - Processing /home/airflow/.local/lib/python3.12/site-packages/airflow/example_dags/example_python_operator.py took 0.099 seconds
[2026-09-17T19:58:01.362+0000] {processor.py:186} INFO - Started process (PID=1284) to work on /home/airflow/.local/lib/python3.12/site-packages/airflow/example_dags/example_python_operator.py
[2026-09-17T19:58:01.365+0000] {processor.py:914} INFO - Processing file /home/airflow/.local/lib/python3.12/site-packages/airflow/example_dags/example_python_operator.py for tasks to queue
[2026-09-17T19:58:01.368+0000] {logging_mixin.py:190} INFO - [2026-09-17T19:58:01.368+0000] {dagbag.py:588} INFO - Filling up the DagBag from /home/airflow/.local/lib/python3.12/site-packages/airflow/example_dags/example_python_operator.py
[2026-09-17T19:58:01.383+0000] {processor.py:925} INFO - DAG(s) 'example_python_operator' retrieved from /home/airflow/.local/lib/python3.12/site-packages/airflow/example_dags/example_python_operator.py
[2026-09-17T19:58:01.410+0000] {logging_mixin.py:190} INFO - [2026-09-17T19:58:01.409+0000] {dag.py:3239} INFO - Sync 1 DAGs
[2026-09-17T19:58:01.427+0000] {logging_mixin.py:190} INFO - [2026-09-17T19:58:01.426+0000] {dag.py:4180} INFO - Setting next_dagrun for example_python_operator to None, run_after=None
[2026-09-17T19:58:01.449+0000] {processor.py:208} INFO - Processing /home/airflow/.local/lib/python3.12/site-packages/airflow/example_dags/example_python_operator.py took 0.094 seconds
[2026-09-17T19:58:31.561+0000] {processor.py:186} INFO - Started process (PID=1349) to work on /home/airflow/.local/lib/python3.12/site-packages/airflow/example_dags/example_python_operator.py
[2026-09-17T19:58:31.564+0000] {processor.py:914} INFO - Processing file /home/airflow/.local/lib/python3.12/site-packages/airflow/example_dags/example_python_operator.py for tasks to queue
[2026-09-17T19:58:31.566+0000] {logging_mixin.py:190} INFO - [2026-09-17T19:58:31.566+0000] {dagbag.py:588} INFO - Filling up the DagBag from /home/airflow/.local/lib/python3.12/site-packages/airflow/example_dags/example_python_operator.py
[2026-09-17T19:58:31.581+0000] {processor.py:925} INFO - DAG(s) 'example_python_operator' retrieved from /home/airflow/.local/lib/python3.12/site-packages/airflow/example_dags/example_python_operator.py
[2026-09-17T19:58:31.610+0000] {logging_mixin.py:190} INFO - [2026-09-17T19:58:31.609+0000] {dag.py:3239} INFO - Sync 1 DAGs
[2026-09-17T19:58:31.625+0000] {logging_mixin.py:190} INFO - [2026-09-17T19:58:31.625+0000] {dag.py:4180} INFO - Setting next_dagrun for example_python_operator to None, run_after=None
[2026-09-17T19:58:31.649+0000] {processor.py:208} INFO - Processing /home/airflow/.local/lib/python3.12/site-packages/airflow/example_dags/example_python_operator.py took 0.095 seconds
[2026-09-17T19:59:01.938+0000] {processor.py:186} INFO - Started process (PID=1414) to work on /home/airflow/.local/lib/python3.12/site-packages/airflow/example_dags/example_python_operator.py
[2026-09-17T19:59:01.939+0000] {processor.py:914} INFO - Processing file /home/airflow/.local/lib/python3.12/site-packages/airflow/example_dags/example_python_operator.py for tasks to queue
[2026-09-17T19:59:01.942+0000] {logging_mixin.py:190} INFO - [2026-09-17T19:59:01.941+0000] {dagbag.py:588} INFO - Filling up the DagBag from /home/airflow/.local/lib/python3.12/site-packages/airflow/example_dags/example_python_operator.py
[2026-09-17T19:59:01.956+0000] {processor.py:925} INFO - DAG(s) 'example_python_operator' retrieved from /home/airflow/.local/lib/python3.12/site-packages/airflow/example_dags/example_python_operator.py
[2026-09-17T19:59:01.981+0000] {logging_mixin.py:190} INFO - [2026-09-17T19:59:01.980+0000] {dag.py:3239} INFO - Sync 1 DAGs
[2026-09-17T19:59:01.996+0000] {logging_mixin.py:190} INFO - [2026-09-17T19:59:01.996+0000] {dag.py:4180} INFO - Setting next_dagrun for example_python_operator to None, run_after=None
[2026-09-17T19:59:02.017+0000] {processor.py:208} INFO - Processing /home/airflow/.local/lib/python3.12/site-packages/airflow/example_dags/example_python_operator.py took 0.086 seconds
[2026-09-17T19:59:32.290+0000] {processor.py:186} INFO - Started process (PID=1479) to work on /home/airflow/.local/lib/python3.12/site-packages/airflow/example_dags/example_python_operator.py
[2026-09-17T19:59:32.292+0000] {processor.py:914} INFO - Processing file /home/airflow/.local/lib/python3.12/site-packages/airflow/example_dags/example_python_operator.py for tasks to queue
[2026-09-17T19:59:32.296+0000] {logging_mixin.py:190} INFO - [2026-09-17T19:59:32.295+0000] {dagbag.py:588} INFO - Filling up the DagBag from /home/airflow/.local/lib/python3.12/site-packages/airflow/example_dags/example_python_operator.py
[2026-09-17T19:59:32.312+0000] {processor.py:925} INFO - DAG(s) 'example_python_operator' retrieved from /home/airflow/.local/lib/python3.12/site-packages/airflow/example_dags/example_python_operator.py
[2026-09-17T19:59:32.342+0000] {logging_mixin.py:190} INFO - [2026-09-17T19:59:32.342+0000] {dag.py:3239} INFO - Sync 1 DAGs
[2026-09-17T19:59:32.359+0000] {logging_mixin.py:190} INFO - [2026-09-17T19:59:32.359+0000] {dag.py:4180} INFO - Setting next_dagrun for example_python_operator to None, run_after=None
[2026-09-17T19:59:32.379+0000] {processor.py:208} INFO - Processing /home/airflow/.local/lib/python3.12/site-packages/airflow/example_dags/example_python_operator.py took 0.097 seconds
[2026-09-17T20:00:02.789+0000] {processor.py:186} INFO - Started process (PID=1543) to work on /home/airflow/.local/lib/python3.12/site-packages/airflow/example_dags/example_python_operator.py
[2026-09-17T20:00:02.791+0000] {processor.py:914} INFO - Processing file /home/airflow/.local/lib/python3.12/site-packages/airflow/example_dags/example_python_operator.py for tasks to queue
[2026-09-17T20:00:02.794+0000] {logging_mixin.py:190} INFO - [2026-09-17T20:00:02.793+0000] {dagbag.py:588} INFO - Filling up the DagBag from /home/airflow/.local/lib/python3.12/site-packages/airflow/example_dags/example_python_operator.py
[2026-09-17T20:00:02.810+0000] {processor.py:925} INFO - DAG(s) 'example_python_operator' retrieved from /home/airflow/.local/lib/python3.12/site-packages/airflow/example_dags/example_python_operator.py
[2026-09-17T20:00:02.844+0000] {logging_mixin.py:190} INFO - [2026-09-17T20:00:02.844+0000] {dag.py:3239} INFO - Sync 1 DAGs
[2026-09-17T20:00:02.860+0000] {logging_mixin.py:190} INFO - [2026-09-17T20:00:02.860+0000] {dag.py:4180} INFO - Setting next_dagrun for example_python_operator to None, run_after=None
[2026-09-17T20:00:02.888+0000] {processor.py:208} INFO - Processing /home/airflow/.local/lib/python3.12/site-packages/airflow/example_dags/example_python_operator.py took 0.106 seconds
[2026-09-17T20:00:33.538+0000] {processor.py:186} INFO - Started process (PID=1601) to work on /home/airflow/.local/lib/python3.12/site-packages/airflow/example_dags/example_python_operator.py
[2026-09-17T20:00:33.541+0000] {processor.py:914} INFO - Processing file /home/airflow/.local/lib/python3.12/site-packages/airflow/example_dags/example_python_operator.py for tasks to queue
[2026-09-17T20:00:33.545+0000] {logging_mixin.py:190} INFO - [2026-09-17T20:00:33.544+0000] {dagbag.py:588} INFO - Filling up the DagBag from /home/airflow/.local/lib/python3.12/site-packages/airflow/example_dags/example_python_operator.py
[2026-09-17T20:00:33.562+0000] {processor.py:925} INFO - DAG(s) 'example_python_operator' retrieved from /home/airflow/.local/lib/python3.12/site-packages/airflow/example_dags/example_python_operator.py
[2026-09-17T20:00:33.589+0000] {logging_mixin.py:190} INFO - [2026-09-17T20:00:33.589+0000] {dag.py:3239} INFO - Sync 1 DAGs
[2026-09-17T20:00:33.604+0000] {logging_mixin.py:190} INFO - [2026-09-17T20:00:33.603+0000] {dag.py:4180} INFO - Setting next_dagrun for example_python_operator to None, run_after=None
[2026-09-17T20:00:33.627+0000] {processor.py:208} INFO - Processing /home/airflow/.local/lib/python3.12/site-packages/airflow/example_dags/example_python_operator.py took 0.099 seconds
[2026-09-17T20:01:03.758+0000] {processor.py:186} INFO - Started process (PID=1666) to work on /home/airflow/.local/lib/python3.12/site-packages/airflow/example_dags/example_python_operator.py
[2026-09-17T20:01:03.760+0000] {processor.py:914} INFO - Processing file /home/airflow/.local/lib/python3.12/site-packages/airflow/example_dags/example_python_operator.py for tasks to queue
[2026-09-17T20:01:03.762+0000] {logging_mixin.py:190} INFO - [2026-09-17T20:01:03.762+0000] {dagbag.py:588} INFO - Filling up the DagBag from /home/airflow/.local/lib/python3.12/site-packages/airflow/example_dags/example_python_operator.py
[2026-09-17T20:01:03.777+0000] {processor.py:925} INFO - DAG(s) 'example_python_operator' retrieved from /home/airflow/.local/lib/python3.12/site-packages/airflow/example_dags/example_python_operator.py
[2026-09-17T20:01:03.804+0000] {logging_mixin.py:190} INFO - [2026-09-17T20:01:03.804+0000] {dag.py:3239} INFO - Sync 1 DAGs
[2026-09-17T20:01:03.820+0000] {logging_mixin.py:190} INFO - [2026-09-17T20:01:03.820+0000] {dag.py:4180} INFO - Setting next_dagrun for example_python_operator to None, run_after=None
[2026-09-17T20:01:03.843+0000] {processor.py:208} INFO - Processing /home/airflow/.local/lib/python3.12/site-packages/airflow/example_dags/example_python_operator.py took 0.092 seconds
[2026-09-17T20:01:34.025+0000] {processor.py:186} INFO - Started process (PID=1731) to work on /home/airflow/.local/lib/python3.12/site-packages/airflow/example_dags/example_python_operator.py
[2026-09-17T20:01:34.027+0000] {processor.py:914} INFO - Processing file /home/airflow/.local/lib/python3.12/site-packages/airflow/example_dags/example_python_operator.py for tasks to queue
[2026-09-17T20:01:34.030+0000] {logging_mixin.py:190} INFO - [2026-09-17T20:01:34.029+0000] {dagbag.py:588} INFO - Filling up the DagBag from /home/airflow/.local/lib/python3.12/site-packages/airflow/example_dags/example_python_operator.py
[2026-09-17T20:01:34.045+0000] {processor.py:925} INFO - DAG(s) 'example_python_operator' retrieved from /home/airflow/.local/lib/python3.12/site-packages/airflow/example_dags/example_python_operator.py
[2026-09-17T20:01:34.072+0000] {logging_mixin.py:190} INFO - [2026-09-17T20:01:34.071+0000] {dag.py:3239} INFO - Sync 1 DAGs
[2026-09-17T20:01:34.087+0000] {logging_mixin.py:190} INFO - [2026-09-17T20:01:34.086+0000] {dag.py:4180} INFO - Setting next_dagrun for example_python_operator to None, run_after=None
[2026-09-17T20:01:34.108+0000] {processor.py:208} INFO - Processing /home/airflow/.local/lib/python3.12/site-packages/airflow/example_dags/example_python_operator.py took 0.090 seconds
[2026-09-17T20:02:04.322+0000] {processor.py:186} INFO - Started process (PID=1796) to work on /home/airflow/.local/lib/python3.12/site-packages/airflow/example_dags/example_python_operator.py
[2026-09-17T20:02:04.324+0000] {processor.py:914} INFO - Processing file /home/airflow/.local/lib/python3.12/site-packages/airflow/example_dags/example_python_operator.py for tasks to queue
[2026-09-17T20:02:04.326+0000] {logging_mixin.py:190} INFO - [2026-09-17T20:02:04.326+0000] {dagbag.py:588} INFO - Filling up the DagBag from /home/airflow/.local/lib/python3.12/site-packages/airflow/example_dags/example_python_operator.py
[2026-09-17T20:02:04.339+0000] {processor.py:925} INFO - DAG(s) 'example_python_operator' retrieved from /home/airflow/.local/lib/python3.12/site-packages/airflow/example_dags/example_python_operator.py
[2026-09-17T20:02:04.366+0000] {logging_mixin.py:190} INFO - [2026-09-17T20:02:04.366+0000] {dag.py:3239} INFO - Sync 1 DAGs
[2026-09-17T20:02:04.380+0000] {logging_mixin.py:190} INFO - [2026-09-17T20:02:04.380+0000] {dag.py:4180} INFO - Setting next_dagrun for example_python_operator to None, run_after=None
[2026-09-17T20:02:04.402+0000] {processor.py:208} INFO - Processing /home/airflow/.local/lib/python3.12/site-packages/airflow/example_dags/example_python_operator.py took 0.087 seconds
[2026-09-17T20:09:39.184+0000] {processor.py:186} INFO - Started process (PID=67) to work on /home/airflow/.local/lib/python3.12/site-packages/airflow/example_dags/example_python_operator.py
[2026-09-17T20:09:39.188+0000] {processor.py:914} INFO - Processing file /home/airflow/.local/lib/python3.12/site-packages/airflow/example_dags/example_python_operator.py for tasks to queue
[2026-09-17T20:09:39.191+0000] {logging_mixin.py:190} INFO - [2026-09-17T20:09:39.191+0000] {dagbag.py:588} INFO - Filling up the DagBag from /home/airflow/.local/lib/python3.12/site-packages/airflow/example_dags/example_python_operator.py
[2026-09-17T20:09:39.221+0000] {processor.py:925} INFO - DAG(s) 'example_python_operator' retrieved from /home/airflow/.local/lib/python3.12/site-packages/airflow/example_dags/example_python_operator.py
[2026-09-17T20:09:39.585+0000] {logging_mixin.py:190} INFO - [2026-09-17T20:09:39.581+0000] {override.py:1911} INFO - Created Permission View: can edit on DAG:example_python_operator
[2026-09-17T20:09:39.617+0000] {logging_mixin.py:190} INFO - [2026-09-17T20:09:39.616+0000] {override.py:1911} INFO - Created Permission View: can read on DAG:example_python_operator
[2026-09-17T20:09:39.636+0000] {logging_mixin.py:190} INFO - [2026-09-17T20:09:39.636+0000] {override.py:1911} INFO - Created Permission View: can delete on DAG:example_python_operator
[2026-09-17T20:09:39.659+0000] {logging_mixin.py:190} INFO - [2026-09-17T20:09:39.658+0000] {override.py:1911} INFO - Created Permission View: can create on DAG Run:example_python_operator
[2026-09-17T20:09:39.678+0000] {logging_mixin.py:190} INFO - [2026-09-17T20:09:39.677+0000] {override.py:1911} INFO - Created Permission View: menu access on DAG Run:example_python_operator
[2026-09-17T20:09:39.697+0000] {logging_mixin.py:190} INFO - [2026-09-17T20:09:39.696+0000] {override.py:1911} INFO - Created Permission View: can read on DAG Run:example_python_operator
[2026-09-17T20:09:39.715+0000] {logging_mixin.py:190} INFO - [2026-09-17T20:09:39.715+0000] {override.py:1911} INFO - Created Permission View: can delete on DAG Run:example_python_operator
[2026-09-17T20:09:39.718+0000] {logging_mixin.py:190} INFO - [2026-09-17T20:09:39.717+0000] {dag.py:3239} INFO - Sync 1 DAGs
[2026-09-17T20:09:39.743+0000] {logging_mixin.py:190} INFO - [2026-09-17T20:09:39.742+0000] {dag.py:3262} INFO - Creating ORM DAG for example_python_operator
[2026-09-17T20:09:39.746+0000] {logging_mixin.py:190} INFO - [2026-09-17T20:09:39.746+0000] {dag.py:4180} INFO - Setting next_dagrun for example_python_operator to None, run_after=None
[2026-09-17T20:09:39.785+0000] {processor.py:208} INFO - Processing /home/airflow/.local/lib/python3.12/site-packages/airflow/example_dags/example_python_operator.py took 0.610 seconds
[2026-09-17T20:10:10.217+0000] {processor.py:186} INFO - Started process (PID=132) to work on /home/airflow/.local/lib/python3.12/site-packages/airflow/example_dags/example_python_operator.py
[2026-09-17T20:10:10.219+0000] {processor.py:914} INFO - Processing file /home/airflow/.local/lib/python3.12/site-packages/airflow/example_dags/example_python_operator.py for tasks to queue
[2026-09-17T20:10:10.221+0000] {logging_mixin.py:190} INFO - [2026-09-17T20:10:10.221+0000] {dagbag.py:588} INFO - Filling up the DagBag from /home/airflow/.local/lib/python3.12/site-packages/airflow/example_dags/example_python_operator.py
[2026-09-17T20:10:10.235+0000] {processor.py:925} INFO - DAG(s) 'example_python_operator' retrieved from /home/airflow/.local/lib/python3.12/site-packages/airflow/example_dags/example_python_operator.py
[2026-09-17T20:10:10.267+0000] {logging_mixin.py:190} INFO - [2026-09-17T20:10:10.266+0000] {dag.py:3239} INFO - Sync 1 DAGs
[2026-09-17T20:10:10.283+0000] {logging_mixin.py:190} INFO - [2026-09-17T20:10:10.283+0000] {dag.py:4180} INFO - Setting next_dagrun for example_python_operator to None, run_after=None
[2026-09-17T20:10:10.307+0000] {processor.py:208} INFO - Processing /home/airflow/.local/lib/python3.12/site-packages/airflow/example_dags/example_python_operator.py took 0.096 seconds
[2026-09-17T20:10:41.009+0000] {processor.py:186} INFO - Started process (PID=195) to work on /home/airflow/.local/lib/python3.12/site-packages/airflow/example_dags/example_python_operator.py
[2026-09-17T20:10:41.011+0000] {processor.py:914} INFO - Processing file /home/airflow/.local/lib/python3.12/site-packages/airflow/example_dags/example_python_operator.py for tasks to queue
[2026-09-17T20:10:41.014+0000] {logging_mixin.py:190} INFO - [2026-09-17T20:10:41.013+0000] {dagbag.py:588} INFO - Filling up the DagBag from /home/airflow/.local/lib/python3.12/site-packages/airflow/example_dags/example_python_operator.py
[2026-09-17T20:10:41.031+0000] {processor.py:925} INFO - DAG(s) 'example_python_operator' retrieved from /home/airflow/.local/lib/python3.12/site-packages/airflow/example_dags/example_python_operator.py
[2026-09-17T20:10:41.068+0000] {logging_mixin.py:190} INFO - [2026-09-17T20:10:41.068+0000] {dag.py:3239} INFO - Sync 1 DAGs
[2026-09-17T20:10:41.088+0000] {logging_mixin.py:190} INFO - [2026-09-17T20:10:41.088+0000] {dag.py:4180} INFO - Setting next_dagrun for example_python_operator to None, run_after=None
[2026-09-17T20:10:41.114+0000] {processor.py:208} INFO - Processing /home/airflow/.local/lib/python3.12/site-packages/airflow/example_dags/example_python_operator.py took 0.113 seconds
[2026-09-17T20:11:11.902+0000] {processor.py:186} INFO - Started process (PID=253) to work on /home/airflow/.local/lib/python3.12/site-packages/airflow/example_dags/example_python_operator.py
[2026-09-17T20:11:11.904+0000] {processor.py:914} INFO - Processing file /home/airflow/.local/lib/python3.12/site-packages/airflow/example_dags/example_python_operator.py for tasks to queue
[2026-09-17T20:11:11.906+0000] {logging_mixin.py:190} INFO - [2026-09-17T20:11:11.906+0000] {dagbag.py:588} INFO - Filling up the DagBag from /home/airflow/.local/lib/python3.12/site-packages/airflow/example_dags/example_python_operator.py
[2026-09-17T20:11:11.924+0000] {processor.py:925} INFO - DAG(s) 'example_python_operator' retrieved from /home/airflow/.local/lib/python3.12/site-packages/airflow/example_dags/example_python_operator.py
[2026-09-17T20:11:11.962+0000] {logging_mixin.py:190} INFO - [2026-09-17T20:11:11.962+0000] {dag.py:3239} INFO - Sync 1 DAGs
[2026-09-17T20:11:11.980+0000] {logging_mixin.py:190} INFO - [2026-09-17T20:11:11.979+0000] {dag.py:4180} INFO - Setting next_dagrun for example_python_operator to None, run_after=None
[2026-09-17T20:11:12.013+0000] {processor.py:208} INFO - Processing /home/airflow/.local/lib/python3.12/site-packages/airflow/example_dags/example_python_operator.py took 0.118 seconds
[2026-09-17T20:11:42.838+0000] {processor.py:186} INFO - Started process (PID=317) to work on /home/airflow/.local/lib/python3.12/site-packages/airflow/example_dags/example_python_operator.py
[2026-09-17T20:11:42.843+0000] {processor.py:914} INFO - Processing file /home/airflow/.local/lib/python3.12/site-packages/airflow/example_dags/example_python_operator.py for tasks to queue
[2026-09-17T20:11:42.847+0000] {logging_mixin.py:190} INFO - [2026-09-17T20:11:42.846+0000] {dagbag.py:588} INFO - Filling up the DagBag from /home/airflow/.local/lib/python3.12/site-packages/airflow/example_dags/example_python_operator.py
[2026-09-17T20:11:42.869+0000] {processor.py:925} INFO - DAG(s) 'example_python_operator' retrieved from /home/airflow/.local/lib/python3.12/site-packages/airflow/example_dags/example_python_operator.py
[2026-09-17T20:11:42.903+0000] {logging_mixin.py:190} INFO - [2026-09-17T20:11:42.902+0000] {dag.py:3239} INFO - Sync 1 DAGs
[2026-09-17T20:11:42.922+0000] {logging_mixin.py:190} INFO - [2026-09-17T20:11:42.921+0000] {dag.py:4180} INFO - Setting next_dagrun for example_python_operator to None, run_after=None
[2026-09-17T20:11:42.949+0000] {processor.py:208} INFO - Processing /home/airflow/.local/lib/python3.12/site-packages/airflow/example_dags/example_python_operator.py took 0.120 seconds
[2026-09-17T20:12:13.752+0000] {processor.py:186} INFO - Started process (PID=382) to work on /home/airflow/.local/lib/python3.12/site-packages/airflow/example_dags/example_python_operator.py
[2026-09-17T20:12:13.754+0000] {processor.py:914} INFO - Processing file /home/airflow/.local/lib/python3.12/site-packages/airflow/example_dags/example_python_operator.py for tasks to queue
[2026-09-17T20:12:13.757+0000] {logging_mixin.py:190} INFO - [2026-09-17T20:12:13.756+0000] {dagbag.py:588} INFO - Filling up the DagBag from /home/airflow/.local/lib/python3.12/site-packages/airflow/example_dags/example_python_operator.py
[2026-09-17T20:12:13.772+0000] {processor.py:925} INFO - DAG(s) 'example_python_operator' retrieved from /home/airflow/.local/lib/python3.12/site-packages/airflow/example_dags/example_python_operator.py
[2026-09-17T20:12:13.800+0000] {logging_mixin.py:190} INFO - [2026-09-17T20:12:13.800+0000] {dag.py:3239} INFO - Sync 1 DAGs
[2026-09-17T20:12:13.815+0000] {logging_mixin.py:190} INFO - [2026-09-17T20:12:13.814+0000] {dag.py:4180} INFO - Setting next_dagrun for example_python_operator to None, run_after=None
[2026-09-17T20:12:13.850+0000] {processor.py:208} INFO - Processing /home/airflow/.local/lib/python3.12/site-packages/airflow/example_dags/example_python_operator.py took 0.105 seconds
[2026-09-17T20:12:44.402+0000] {processor.py:186} INFO - Started process (PID=447) to work on /home/airflow/.local/lib/python3.12/site-packages/airflow/example_dags/example_python_operator.py
[2026-09-17T20:12:44.405+0000] {processor.py:914} INFO - Processing file /home/airflow/.local/lib/python3.12/site-packages/airflow/example_dags/example_python_operator.py for tasks to queue
[2026-09-17T20:12:44.406+0000] {logging_mixin.py:190} INFO - [2026-09-17T20:12:44.406+0000] {dagbag.py:588} INFO - Filling up the DagBag from /home/airflow/.local/lib/python3.12/site-packages/airflow/example_dags/example_python_operator.py
[2026-09-17T20:12:44.419+0000] {processor.py:925} INFO - DAG(s) 'example_python_operator' retrieved from /home/airflow/.local/lib/python3.12/site-packages/airflow/example_dags/example_python_operator.py
[2026-09-17T20:12:44.450+0000] {logging_mixin.py:190} INFO - [2026-09-17T20:12:44.450+0000] {dag.py:3239} INFO - Sync 1 DAGs
[2026-09-17T20:12:44.466+0000] {logging_mixin.py:190} INFO - [2026-09-17T20:12:44.465+0000] {dag.py:4180} INFO - Setting next_dagrun for example_python_operator to None, run_after=None
[2026-09-17T20:12:44.495+0000] {processor.py:208} INFO - Processing /home/airflow/.local/lib/python3.12/site-packages/airflow/example_dags/example_python_operator.py took 0.099 seconds
[2026-09-17T20:13:14.792+0000] {processor.py:186} INFO - Started process (PID=512) to work on /home/airflow/.local/lib/python3.12/site-packages/airflow/example_dags/example_python_operator.py
[2026-09-17T20:13:14.794+0000] {processor.py:914} INFO - Processing file /home/airflow/.local/lib/python3.12/site-packages/airflow/example_dags/example_python_operator.py for tasks to queue
[2026-09-17T20:13:14.796+0000] {logging_mixin.py:190} INFO - [2026-09-17T20:13:14.796+0000] {dagbag.py:588} INFO - Filling up the DagBag from /home/airflow/.local/lib/python3.12/site-packages/airflow/example_dags/example_python_operator.py
[2026-09-17T20:13:14.808+0000] {processor.py:925} INFO - DAG(s) 'example_python_operator' retrieved from /home/airflow/.local/lib/python3.12/site-packages/airflow/example_dags/example_python_operator.py
[2026-09-17T20:13:14.850+0000] {logging_mixin.py:190} INFO - [2026-09-17T20:13:14.849+0000] {dag.py:3239} INFO - Sync 1 DAGs
[2026-09-17T20:13:14.870+0000] {logging_mixin.py:190} INFO - [2026-09-17T20:13:14.870+0000] {dag.py:4180} INFO - Setting next_dagrun for example_python_operator to None, run_after=None
[2026-09-17T20:13:14.897+0000] {processor.py:208} INFO - Processing /home/airflow/.local/lib/python3.12/site-packages/airflow/example_dags/example_python_operator.py took 0.111 seconds
[2026-09-17T20:13:45.376+0000] {processor.py:186} INFO - Started process (PID=577) to work on /home/airflow/.local/lib/python3.12/site-packages/airflow/example_dags/example_python_operator.py
[2026-09-17T20:13:45.378+0000] {processor.py:914} INFO - Processing file /home/airflow/.local/lib/python3.12/site-packages/airflow/example_dags/example_python_operator.py for tasks to queue
[2026-09-17T20:13:45.381+0000] {logging_mixin.py:190} INFO - [2026-09-17T20:13:45.380+0000] {dagbag.py:588} INFO - Filling up the DagBag from /home/airflow/.local/lib/python3.12/site-packages/airflow/example_dags/example_python_operator.py
[2026-09-17T20:13:45.393+0000] {processor.py:925} INFO - DAG(s) 'example_python_operator' retrieved from /home/airflow/.local/lib/python3.12/site-packages/airflow/example_dags/example_python_operator.py
[2026-09-17T20:13:45.421+0000] {logging_mixin.py:190} INFO - [2026-09-17T20:13:45.421+0000] {dag.py:3239} INFO - Sync 1 DAGs
[2026-09-17T20:13:45.437+0000] {logging_mixin.py:190} INFO - [2026-09-17T20:13:45.437+0000] {dag.py:4180} INFO - Setting next_dagrun for example_python_operator to None, run_after=None
[2026-09-17T20:13:45.457+0000] {processor.py:208} INFO - Processing /home/airflow/.local/lib/python3.12/site-packages/airflow/example_dags/example_python_operator.py took 0.087 seconds
[2026-09-17T20:14:15.726+0000] {processor.py:186} INFO - Started process (PID=642) to work on /home/airflow/.local/lib/python3.12/site-packages/airflow/example_dags/example_python_operator.py
[2026-09-17T20:14:15.728+0000] {processor.py:914} INFO - Processing file /home/airflow/.local/lib/python3.12/site-packages/airflow/example_dags/example_python_operator.py for tasks to queue
[2026-09-17T20:14:15.730+0000] {logging_mixin.py:190} INFO - [2026-09-17T20:14:15.730+0000] {dagbag.py:588} INFO - Filling up the DagBag from /home/airflow/.local/lib/python3.12/site-packages/airflow/example_dags/example_python_operator.py
[2026-09-17T20:14:15.742+0000] {processor.py:925} INFO - DAG(s) 'example_python_operator' retrieved from /home/airflow/.local/lib/python3.12/site-packages/airflow/example_dags/example_python_operator.py
[2026-09-17T20:14:15.770+0000] {logging_mixin.py:190} INFO - [2026-09-17T20:14:15.769+0000] {dag.py:3239} INFO - Sync 1 DAGs
[2026-09-17T20:14:15.784+0000] {logging_mixin.py:190} INFO - [2026-09-17T20:14:15.784+0000] {dag.py:4180} INFO - Setting next_dagrun for example_python_operator to None, run_after=None
[2026-09-17T20:14:15.805+0000] {processor.py:208} INFO - Processing /home/airflow/.local/lib/python3.12/site-packages/airflow/example_dags/example_python_operator.py took 0.084 seconds
[2026-09-17T20:14:46.122+0000] {processor.py:186} INFO - Started process (PID=707) to work on /home/airflow/.local/lib/python3.12/site-packages/airflow/example_dags/example_python_operator.py
[2026-09-17T20:14:46.124+0000] {processor.py:914} INFO - Processing file /home/airflow/.local/lib/python3.12/site-packages/airflow/example_dags/example_python_operator.py for tasks to queue
[2026-09-17T20:14:46.127+0000] {logging_mixin.py:190} INFO - [2026-09-17T20:14:46.126+0000] {dagbag.py:588} INFO - Filling up the DagBag from /home/airflow/.local/lib/python3.12/site-packages/airflow/example_dags/example_python_operator.py
[2026-09-17T20:14:46.140+0000] {processor.py:925} INFO - DAG(s) 'example_python_operator' retrieved from /home/airflow/.local/lib/python3.12/site-packages/airflow/example_dags/example_python_operator.py
[2026-09-17T20:14:46.172+0000] {logging_mixin.py:190} INFO - [2026-09-17T20:14:46.171+0000] {dag.py:3239} INFO - Sync 1 DAGs
[2026-09-17T20:14:46.187+0000] {logging_mixin.py:190} INFO - [2026-09-17T20:14:46.186+0000] {dag.py:4180} INFO - Setting next_dagrun for example_python_operator to None, run_after=None
[2026-09-17T20:14:46.210+0000] {processor.py:208} INFO - Processing /home/airflow/.local/lib/python3.12/site-packages/airflow/example_dags/example_python_operator.py took 0.094 seconds
[2026-09-17T20:15:16.450+0000] {processor.py:186} INFO - Started process (PID=772) to work on /home/airflow/.local/lib/python3.12/site-packages/airflow/example_dags/example_python_operator.py
[2026-09-17T20:15:16.452+0000] {processor.py:914} INFO - Processing file /home/airflow/.local/lib/python3.12/site-packages/airflow/example_dags/example_python_operator.py for tasks to queue
[2026-09-17T20:15:16.454+0000] {logging_mixin.py:190} INFO - [2026-09-17T20:15:16.454+0000] {dagbag.py:588} INFO - Filling up the DagBag from /home/airflow/.local/lib/python3.12/site-packages/airflow/example_dags/example_python_operator.py
[2026-09-17T20:15:16.470+0000] {processor.py:925} INFO - DAG(s) 'example_python_operator' retrieved from /home/airflow/.local/lib/python3.12/site-packages/airflow/example_dags/example_python_operator.py
[2026-09-17T20:15:16.501+0000] {logging_mixin.py:190} INFO - [2026-09-17T20:15:16.501+0000] {dag.py:3239} INFO - Sync 1 DAGs
[2026-09-17T20:15:16.518+0000] {logging_mixin.py:190} INFO - [2026-09-17T20:15:16.518+0000] {dag.py:4180} INFO - Setting next_dagrun for example_python_operator to None, run_after=None
[2026-09-17T20:15:16.546+0000] {processor.py:208} INFO - Processing /home/airflow/.local/lib/python3.12/site-packages/airflow/example_dags/example_python_operator.py took 0.103 seconds
[2026-09-17T20:15:46.835+0000] {processor.py:186} INFO - Started process (PID=837) to work on /home/airflow/.local/lib/python3.12/site-packages/airflow/example_dags/example_python_operator.py
[2026-09-17T20:15:46.837+0000] {processor.py:914} INFO - Processing file /home/airflow/.local/lib/python3.12/site-packages/airflow/example_dags/example_python_operator.py for tasks to queue
[2026-09-17T20:15:46.839+0000] {logging_mixin.py:190} INFO - [2026-09-17T20:15:46.839+0000] {dagbag.py:588} INFO - Filling up the DagBag from /home/airflow/.local/lib/python3.12/site-packages/airflow/example_dags/example_python_operator.py
[2026-09-17T20:15:46.853+0000] {processor.py:925} INFO - DAG(s) 'example_python_operator' retrieved from /home/airflow/.local/lib/python3.12/site-packages/airflow/example_dags/example_python_operator.py
[2026-09-17T20:15:46.885+0000] {logging_mixin.py:190} INFO - [2026-09-17T20:15:46.884+0000] {dag.py:3239} INFO - Sync 1 DAGs
[2026-09-17T20:15:46.902+0000] {logging_mixin.py:190} INFO - [2026-09-17T20:15:46.901+0000] {dag.py:4180} INFO - Setting next_dagrun for example_python_operator to None, run_after=None
[2026-09-17T20:15:46.929+0000] {processor.py:208} INFO - Processing /home/airflow/.local/lib/python3.12/site-packages/airflow/example_dags/example_python_operator.py took 0.100 seconds
[2026-09-17T20:16:17.248+0000] {processor.py:186} INFO - Started process (PID=901) to work on /home/airflow/.local/lib/python3.12/site-packages/airflow/example_dags/example_python_operator.py
[2026-09-17T20:16:17.250+0000] {processor.py:914} INFO - Processing file /home/airflow/.local/lib/python3.12/site-packages/airflow/example_dags/example_python_operator.py for tasks to queue
[2026-09-17T20:16:17.252+0000] {logging_mixin.py:190} INFO - [2026-09-17T20:16:17.251+0000] {dagbag.py:588} INFO - Filling up the DagBag from /home/airflow/.local/lib/python3.12/site-packages/airflow/example_dags/example_python_operator.py
[2026-09-17T20:16:17.265+0000] {processor.py:925} INFO - DAG(s) 'example_python_operator' retrieved from /home/airflow/.local/lib/python3.12/site-packages/airflow/example_dags/example_python_operator.py
[2026-09-17T20:16:17.296+0000] {logging_mixin.py:190} INFO - [2026-09-17T20:16:17.296+0000] {dag.py:3239} INFO - Sync 1 DAGs
[2026-09-17T20:16:17.312+0000] {logging_mixin.py:190} INFO - [2026-09-17T20:16:17.312+0000] {dag.py:4180} INFO - Setting next_dagrun for example_python_operator to None, run_after=None
[2026-09-17T20:16:17.335+0000] {processor.py:208} INFO - Processing /home/airflow/.local/lib/python3.12/site-packages/airflow/example_dags/example_python_operator.py took 0.093 seconds
[2026-09-17T20:16:47.651+0000] {processor.py:186} INFO - Started process (PID=959) to work on /home/airflow/.local/lib/python3.12/site-packages/airflow/example_dags/example_python_operator.py
[2026-09-17T20:16:47.653+0000] {processor.py:914} INFO - Processing file /home/airflow/.local/lib/python3.12/site-packages/airflow/example_dags/example_python_operator.py for tasks to queue
[2026-09-17T20:16:47.655+0000] {logging_mixin.py:190} INFO - [2026-09-17T20:16:47.654+0000] {dagbag.py:588} INFO - Filling up the DagBag from /home/airflow/.local/lib/python3.12/site-packages/airflow/example_dags/example_python_operator.py
[2026-09-17T20:16:47.670+0000] {processor.py:925} INFO - DAG(s) 'example_python_operator' retrieved from /home/airflow/.local/lib/python3.12/site-packages/airflow/example_dags/example_python_operator.py
[2026-09-17T20:16:47.702+0000] {logging_mixin.py:190} INFO - [2026-09-17T20:16:47.702+0000] {dag.py:3239} INFO - Sync 1 DAGs
[2026-09-17T20:16:47.721+0000] {logging_mixin.py:190} INFO - [2026-09-17T20:16:47.721+0000] {dag.py:4180} INFO - Setting next_dagrun for example_python_operator to None, run_after=None
[2026-09-17T20:16:47.749+0000] {processor.py:208} INFO - Processing /home/airflow/.local/lib/python3.12/site-packages/airflow/example_dags/example_python_operator.py took 0.105 seconds
[2026-09-17T20:17:18.560+0000] {processor.py:186} INFO - Started process (PID=1024) to work on /home/airflow/.local/lib/python3.12/site-packages/airflow/example_dags/example_python_operator.py
[2026-09-17T20:17:18.563+0000] {processor.py:914} INFO - Processing file /home/airflow/.local/lib/python3.12/site-packages/airflow/example_dags/example_python_operator.py for tasks to queue
[2026-09-17T20:17:18.566+0000] {logging_mixin.py:190} INFO - [2026-09-17T20:17:18.565+0000] {dagbag.py:588} INFO - Filling up the DagBag from /home/airflow/.local/lib/python3.12/site-packages/airflow/example_dags/example_python_operator.py
[2026-09-17T20:17:18.583+0000] {processor.py:925} INFO - DAG(s) 'example_python_operator' retrieved from /home/airflow/.local/lib/python3.12/site-packages/airflow/example_dags/example_python_operator.py
[2026-09-17T20:17:18.614+0000] {logging_mixin.py:190} INFO - [2026-09-17T20:17:18.614+0000] {dag.py:3239} INFO - Sync 1 DAGs
[2026-09-17T20:17:18.629+0000] {logging_mixin.py:190} INFO - [2026-09-17T20:17:18.629+0000] {dag.py:4180} INFO - Setting next_dagrun for example_python_operator to None, run_after=None
[2026-09-17T20:17:18.653+0000] {processor.py:208} INFO - Processing /home/airflow/.local/lib/python3.12/site-packages/airflow/example_dags/example_python_operator.py took 0.100 seconds
[2026-09-17T20:17:49.472+0000] {processor.py:186} INFO - Started process (PID=1089) to work on /home/airflow/.local/lib/python3.12/site-packages/airflow/example_dags/example_python_operator.py
[2026-09-17T20:17:49.474+0000] {processor.py:914} INFO - Processing file /home/airflow/.local/lib/python3.12/site-packages/airflow/example_dags/example_python_operator.py for tasks to queue
[2026-09-17T20:17:49.477+0000] {logging_mixin.py:190} INFO - [2026-09-17T20:17:49.476+0000] {dagbag.py:588} INFO - Filling up the DagBag from /home/airflow/.local/lib/python3.12/site-packages/airflow/example_dags/example_python_operator.py
[2026-09-17T20:17:49.489+0000] {processor.py:925} INFO - DAG(s) 'example_python_operator' retrieved from /home/airflow/.local/lib/python3.12/site-packages/airflow/example_dags/example_python_operator.py
[2026-09-17T20:17:49.518+0000] {logging_mixin.py:190} INFO - [2026-09-17T20:17:49.518+0000] {dag.py:3239} INFO - Sync 1 DAGs
[2026-09-17T20:17:49.532+0000] {logging_mixin.py:190} INFO - [2026-09-17T20:17:49.532+0000] {dag.py:4180} INFO - Setting next_dagrun for example_python_operator to None, run_after=None
[2026-09-17T20:17:49.552+0000] {processor.py:208} INFO - Processing /home/airflow/.local/lib/python3.12/site-packages/airflow/example_dags/example_python_operator.py took 0.086 seconds
[2026-09-17T20:18:19.976+0000] {processor.py:186} INFO - Started process (PID=1154) to work on /home/airflow/.local/lib/python3.12/site-packages/airflow/example_dags/example_python_operator.py
[2026-09-17T20:18:19.978+0000] {processor.py:914} INFO - Processing file /home/airflow/.local/lib/python3.12/site-packages/airflow/example_dags/example_python_operator.py for tasks to queue
[2026-09-17T20:18:19.981+0000] {logging_mixin.py:190} INFO - [2026-09-17T20:18:19.980+0000] {dagbag.py:588} INFO - Filling up the DagBag from /home/airflow/.local/lib/python3.12/site-packages/airflow/example_dags/example_python_operator.py
[2026-09-17T20:18:19.993+0000] {processor.py:925} INFO - DAG(s) 'example_python_operator' retrieved from /home/airflow/.local/lib/python3.12/site-packages/airflow/example_dags/example_python_operator.py
[2026-09-17T20:18:20.022+0000] {logging_mixin.py:190} INFO - [2026-09-17T20:18:20.021+0000] {dag.py:3239} INFO - Sync 1 DAGs
[2026-09-17T20:18:20.036+0000] {logging_mixin.py:190} INFO - [2026-09-17T20:18:20.036+0000] {dag.py:4180} INFO - Setting next_dagrun for example_python_operator to None, run_after=None
[2026-09-17T20:18:20.057+0000] {processor.py:208} INFO - Processing /home/airflow/.local/lib/python3.12/site-packages/airflow/example_dags/example_python_operator.py took 0.086 seconds
[2026-09-17T20:18:50.155+0000] {processor.py:186} INFO - Started process (PID=1219) to work on /home/airflow/.local/lib/python3.12/site-packages/airflow/example_dags/example_python_operator.py
[2026-09-17T20:18:50.157+0000] {processor.py:914} INFO - Processing file /home/airflow/.local/lib/python3.12/site-packages/airflow/example_dags/example_python_operator.py for tasks to queue
[2026-09-17T20:18:50.160+0000] {logging_mixin.py:190} INFO - [2026-09-17T20:18:50.160+0000] {dagbag.py:588} INFO - Filling up the DagBag from /home/airflow/.local/lib/python3.12/site-packages/airflow/example_dags/example_python_operator.py
[2026-09-17T20:18:50.175+0000] {processor.py:925} INFO - DAG(s) 'example_python_operator' retrieved from /home/airflow/.local/lib/python3.12/site-packages/airflow/example_dags/example_python_operator.py
[2026-09-17T20:18:50.204+0000] {logging_mixin.py:190} INFO - [2026-09-17T20:18:50.204+0000] {dag.py:3239} INFO - Sync 1 DAGs
[2026-09-17T20:18:50.219+0000] {logging_mixin.py:190} INFO - [2026-09-17T20:18:50.219+0000] {dag.py:4180} INFO - Setting next_dagrun for example_python_operator to None, run_after=None
[2026-09-17T20:18:50.242+0000] {processor.py:208} INFO - Processing /home/airflow/.local/lib/python3.12/site-packages/airflow/example_dags/example_python_operator.py took 0.094 seconds
[2026-09-17T20:19:20.591+0000] {processor.py:186} INFO - Started process (PID=1285) to work on /home/airflow/.local/lib/python3.12/site-packages/airflow/example_dags/example_python_operator.py
[2026-09-17T20:19:20.592+0000] {processor.py:914} INFO - Processing file /home/airflow/.local/lib/python3.12/site-packages/airflow/example_dags/example_python_operator.py for tasks to queue
[2026-09-17T20:19:20.594+0000] {logging_mixin.py:190} INFO - [2026-09-17T20:19:20.594+0000] {dagbag.py:588} INFO - Filling up the DagBag from /home/airflow/.local/lib/python3.12/site-packages/airflow/example_dags/example_python_operator.py
[2026-09-17T20:19:20.607+0000] {processor.py:925} INFO - DAG(s) 'example_python_operator' retrieved from /home/airflow/.local/lib/python3.12/site-packages/airflow/example_dags/example_python_operator.py
[2026-09-17T20:19:20.637+0000] {logging_mixin.py:190} INFO - [2026-09-17T20:19:20.637+0000] {dag.py:3239} INFO - Sync 1 DAGs
[2026-09-17T20:19:20.656+0000] {logging_mixin.py:190} INFO - [2026-09-17T20:19:20.656+0000] {dag.py:4180} INFO - Setting next_dagrun for example_python_operator to None, run_after=None
[2026-09-17T20:19:20.682+0000] {processor.py:208} INFO - Processing /home/airflow/.local/lib/python3.12/site-packages/airflow/example_dags/example_python_operator.py took 0.097 seconds
[2026-09-17T20:19:50.905+0000] {processor.py:186} INFO - Started process (PID=1350) to work on /home/airflow/.local/lib/python3.12/site-packages/airflow/example_dags/example_python_operator.py
[2026-09-17T20:19:50.907+0000] {processor.py:914} INFO - Processing file /home/airflow/.local/lib/python3.12/site-packages/airflow/example_dags/example_python_operator.py for tasks to queue
[2026-09-17T20:19:50.910+0000] {logging_mixin.py:190} INFO - [2026-09-17T20:19:50.910+0000] {dagbag.py:588} INFO - Filling up the DagBag from /home/airflow/.local/lib/python3.12/site-packages/airflow/example_dags/example_python_operator.py
[2026-09-17T20:19:50.925+0000] {processor.py:925} INFO - DAG(s) 'example_python_operator' retrieved from /home/airflow/.local/lib/python3.12/site-packages/airflow/example_dags/example_python_operator.py
[2026-09-17T20:19:50.957+0000] {logging_mixin.py:190} INFO - [2026-09-17T20:19:50.957+0000] {dag.py:3239} INFO - Sync 1 DAGs
[2026-09-17T20:19:50.975+0000] {logging_mixin.py:190} INFO - [2026-09-17T20:19:50.975+0000] {dag.py:4180} INFO - Setting next_dagrun for example_python_operator to None, run_after=None
[2026-09-17T20:19:51.000+0000] {processor.py:208} INFO - Processing /home/airflow/.local/lib/python3.12/site-packages/airflow/example_dags/example_python_operator.py took 0.104 seconds
[2026-09-17T20:20:21.331+0000] {processor.py:186} INFO - Started process (PID=1415) to work on /home/airflow/.local/lib/python3.12/site-packages/airflow/example_dags/example_python_operator.py
[2026-09-17T20:20:21.333+0000] {processor.py:914} INFO - Processing file /home/airflow/.local/lib/python3.12/site-packages/airflow/example_dags/example_python_operator.py for tasks to queue
[2026-09-17T20:20:21.336+0000] {logging_mixin.py:190} INFO - [2026-09-17T20:20:21.335+0000] {dagbag.py:588} INFO - Filling up the DagBag from /home/airflow/.local/lib/python3.12/site-packages/airflow/example_dags/example_python_operator.py
[2026-09-17T20:20:21.351+0000] {processor.py:925} INFO - DAG(s) 'example_python_operator' retrieved from /home/airflow/.local/lib/python3.12/site-packages/airflow/example_dags/example_python_operator.py
[2026-09-17T20:20:21.377+0000] {logging_mixin.py:190} INFO - [2026-09-17T20:20:21.377+0000] {dag.py:3239} INFO - Sync 1 DAGs
[2026-09-17T20:20:21.392+0000] {logging_mixin.py:190} INFO - [2026-09-17T20:20:21.392+0000] {dag.py:4180} INFO - Setting next_dagrun for example_python_operator to None, run_after=None
[2026-09-17T20:20:21.415+0000] {processor.py:208} INFO - Processing /home/airflow/.local/lib/python3.12/site-packages/airflow/example_dags/example_python_operator.py took 0.091 seconds
[2026-09-17T20:20:52.171+0000] {processor.py:186} INFO - Started process (PID=1480) to work on /home/airflow/.local/lib/python3.12/site-packages/airflow/example_dags/example_python_operator.py
[2026-09-17T20:20:52.173+0000] {processor.py:914} INFO - Processing file /home/airflow/.local/lib/python3.12/site-packages/airflow/example_dags/example_python_operator.py for tasks to queue
[2026-09-17T20:20:52.175+0000] {logging_mixin.py:190} INFO - [2026-09-17T20:20:52.175+0000] {dagbag.py:588} INFO - Filling up the DagBag from /home/airflow/.local/lib/python3.12/site-packages/airflow/example_dags/example_python_operator.py
[2026-09-17T20:20:52.190+0000] {processor.py:925} INFO - DAG(s) 'example_python_operator' retrieved from /home/airflow/.local/lib/python3.12/site-packages/airflow/example_dags/example_python_operator.py
[2026-09-17T20:20:52.220+0000] {logging_mixin.py:190} INFO - [2026-09-17T20:20:52.220+0000] {dag.py:3239} INFO - Sync 1 DAGs
[2026-09-17T20:20:52.234+0000] {logging_mixin.py:190} INFO - [2026-09-17T20:20:52.234+0000] {dag.py:4180} INFO - Setting next_dagrun for example_python_operator to None, run_after=None
[2026-09-17T20:20:52.260+0000] {processor.py:208} INFO - Processing /home/airflow/.local/lib/python3.12/site-packages/airflow/example_dags/example_python_operator.py took 0.095 seconds
[2026-09-17T20:21:22.716+0000] {processor.py:186} INFO - Started process (PID=1545) to work on /home/airflow/.local/lib/python3.12/site-packages/airflow/example_dags/example_python_operator.py
[2026-09-17T20:21:22.718+0000] {processor.py:914} INFO - Processing file /home/airflow/.local/lib/python3.12/site-packages/airflow/example_dags/example_python_operator.py for tasks to queue
[2026-09-17T20:21:22.721+0000] {logging_mixin.py:190} INFO - [2026-09-17T20:21:22.720+0000] {dagbag.py:588} INFO - Filling up the DagBag from /home/airflow/.local/lib/python3.12/site-packages/airflow/example_dags/example_python_operator.py
[2026-09-17T20:21:22.735+0000] {processor.py:925} INFO - DAG(s) 'example_python_operator' retrieved from /home/airflow/.local/lib/python3.12/site-packages/airflow/example_dags/example_python_operator.py
[2026-09-17T20:21:22.762+0000] {logging_mixin.py:190} INFO - [2026-09-17T20:21:22.761+0000] {dag.py:3239} INFO - Sync 1 DAGs
[2026-09-17T20:21:22.776+0000] {logging_mixin.py:190} INFO - [2026-09-17T20:21:22.776+0000] {dag.py:4180} INFO - Setting next_dagrun for example_python_operator to None, run_after=None
[2026-09-17T20:21:22.800+0000] {processor.py:208} INFO - Processing /home/airflow/.local/lib/python3.12/site-packages/airflow/example_dags/example_python_operator.py took 0.091 seconds
[2026-09-17T20:21:53.304+0000] {processor.py:186} INFO - Started process (PID=1611) to work on /home/airflow/.local/lib/python3.12/site-packages/airflow/example_dags/example_python_operator.py
[2026-09-17T20:21:53.307+0000] {processor.py:914} INFO - Processing file /home/airflow/.local/lib/python3.12/site-packages/airflow/example_dags/example_python_operator.py for tasks to queue
[2026-09-17T20:21:53.310+0000] {logging_mixin.py:190} INFO - [2026-09-17T20:21:53.309+0000] {dagbag.py:588} INFO - Filling up the DagBag from /home/airflow/.local/lib/python3.12/site-packages/airflow/example_dags/example_python_operator.py
[2026-09-17T20:21:53.327+0000] {processor.py:925} INFO - DAG(s) 'example_python_operator' retrieved from /home/airflow/.local/lib/python3.12/site-packages/airflow/example_dags/example_python_operator.py
[2026-09-17T20:21:53.369+0000] {logging_mixin.py:190} INFO - [2026-09-17T20:21:53.368+0000] {dag.py:3239} INFO - Sync 1 DAGs
[2026-09-17T20:21:53.390+0000] {logging_mixin.py:190} INFO - [2026-09-17T20:21:53.390+0000] {dag.py:4180} INFO - Setting next_dagrun for example_python_operator to None, run_after=None
[2026-09-17T20:21:53.415+0000] {processor.py:208} INFO - Processing /home/airflow/.local/lib/python3.12/site-packages/airflow/example_dags/example_python_operator.py took 0.120 seconds
[2026-09-17T20:22:24.107+0000] {processor.py:186} INFO - Started process (PID=1675) to work on /home/airflow/.local/lib/python3.12/site-packages/airflow/example_dags/example_python_operator.py
[2026-09-17T20:22:24.109+0000] {processor.py:914} INFO - Processing file /home/airflow/.local/lib/python3.12/site-packages/airflow/example_dags/example_python_operator.py for tasks to queue
[2026-09-17T20:22:24.112+0000] {logging_mixin.py:190} INFO - [2026-09-17T20:22:24.112+0000] {dagbag.py:588} INFO - Filling up the DagBag from /home/airflow/.local/lib/python3.12/site-packages/airflow/example_dags/example_python_operator.py
[2026-09-17T20:22:24.127+0000] {processor.py:925} INFO - DAG(s) 'example_python_operator' retrieved from /home/airflow/.local/lib/python3.12/site-packages/airflow/example_dags/example_python_operator.py
[2026-09-17T20:22:24.155+0000] {logging_mixin.py:190} INFO - [2026-09-17T20:22:24.154+0000] {dag.py:3239} INFO - Sync 1 DAGs
[2026-09-17T20:22:24.171+0000] {logging_mixin.py:190} INFO - [2026-09-17T20:22:24.171+0000] {dag.py:4180} INFO - Setting next_dagrun for example_python_operator to None, run_after=None
[2026-09-17T20:22:24.194+0000] {processor.py:208} INFO - Processing /home/airflow/.local/lib/python3.12/site-packages/airflow/example_dags/example_python_operator.py took 0.095 seconds
[2026-09-17T20:22:54.564+0000] {processor.py:186} INFO - Started process (PID=1733) to work on /home/airflow/.local/lib/python3.12/site-packages/airflow/example_dags/example_python_operator.py
[2026-09-17T20:22:54.566+0000] {processor.py:914} INFO - Processing file /home/airflow/.local/lib/python3.12/site-packages/airflow/example_dags/example_python_operator.py for tasks to queue
[2026-09-17T20:22:54.568+0000] {logging_mixin.py:190} INFO - [2026-09-17T20:22:54.568+0000] {dagbag.py:588} INFO - Filling up the DagBag from /home/airflow/.local/lib/python3.12/site-packages/airflow/example_dags/example_python_operator.py
[2026-09-17T20:22:54.582+0000] {processor.py:925} INFO - DAG(s) 'example_python_operator' retrieved from /home/airflow/.local/lib/python3.12/site-packages/airflow/example_dags/example_python_operator.py
[2026-09-17T20:22:54.612+0000] {logging_mixin.py:190} INFO - [2026-09-17T20:22:54.611+0000] {dag.py:3239} INFO - Sync 1 DAGs
[2026-09-17T20:22:54.627+0000] {logging_mixin.py:190} INFO - [2026-09-17T20:22:54.626+0000] {dag.py:4180} INFO - Setting next_dagrun for example_python_operator to None, run_after=None
[2026-09-17T20:22:54.651+0000] {processor.py:208} INFO - Processing /home/airflow/.local/lib/python3.12/site-packages/airflow/example_dags/example_python_operator.py took 0.095 seconds
[2026-09-17T20:23:25.005+0000] {processor.py:186} INFO - Started process (PID=1798) to work on /home/airflow/.local/lib/python3.12/site-packages/airflow/example_dags/example_python_operator.py
[2026-09-17T20:23:25.007+0000] {processor.py:914} INFO - Processing file /home/airflow/.local/lib/python3.12/site-packages/airflow/example_dags/example_python_operator.py for tasks to queue
[2026-09-17T20:23:25.009+0000] {logging_mixin.py:190} INFO - [2026-09-17T20:23:25.009+0000] {dagbag.py:588} INFO - Filling up the DagBag from /home/airflow/.local/lib/python3.12/site-packages/airflow/example_dags/example_python_operator.py
[2026-09-17T20:23:25.022+0000] {processor.py:925} INFO - DAG(s) 'example_python_operator' retrieved from /home/airflow/.local/lib/python3.12/site-packages/airflow/example_dags/example_python_operator.py
[2026-09-17T20:23:25.051+0000] {logging_mixin.py:190} INFO - [2026-09-17T20:23:25.051+0000] {dag.py:3239} INFO - Sync 1 DAGs
[2026-09-17T20:23:25.066+0000] {logging_mixin.py:190} INFO - [2026-09-17T20:23:25.065+0000] {dag.py:4180} INFO - Setting next_dagrun for example_python_operator to None, run_after=None
[2026-09-17T20:23:25.088+0000] {processor.py:208} INFO - Processing /home/airflow/.local/lib/python3.12/site-packages/airflow/example_dags/example_python_operator.py took 0.089 seconds
[2026-09-17T20:23:55.261+0000] {processor.py:186} INFO - Started process (PID=1863) to work on /home/airflow/.local/lib/python3.12/site-packages/airflow/example_dags/example_python_operator.py
[2026-09-17T20:23:55.263+0000] {processor.py:914} INFO - Processing file /home/airflow/.local/lib/python3.12/site-packages/airflow/example_dags/example_python_operator.py for tasks to queue
[2026-09-17T20:23:55.265+0000] {logging_mixin.py:190} INFO - [2026-09-17T20:23:55.265+0000] {dagbag.py:588} INFO - Filling up the DagBag from /home/airflow/.local/lib/python3.12/site-packages/airflow/example_dags/example_python_operator.py
[2026-09-17T20:23:55.278+0000] {processor.py:925} INFO - DAG(s) 'example_python_operator' retrieved from /home/airflow/.local/lib/python3.12/site-packages/airflow/example_dags/example_python_operator.py
[2026-09-17T20:23:55.308+0000] {logging_mixin.py:190} INFO - [2026-09-17T20:23:55.307+0000] {dag.py:3239} INFO - Sync 1 DAGs
[2026-09-17T20:23:55.324+0000] {logging_mixin.py:190} INFO - [2026-09-17T20:23:55.324+0000] {dag.py:4180} INFO - Setting next_dagrun for example_python_operator to None, run_after=None
[2026-09-17T20:23:55.346+0000] {processor.py:208} INFO - Processing /home/airflow/.local/lib/python3.12/site-packages/airflow/example_dags/example_python_operator.py took 0.091 seconds
[2026-09-17T20:24:25.757+0000] {processor.py:186} INFO - Started process (PID=1928) to work on /home/airflow/.local/lib/python3.12/site-packages/airflow/example_dags/example_python_operator.py
[2026-09-17T20:24:25.760+0000] {processor.py:914} INFO - Processing file /home/airflow/.local/lib/python3.12/site-packages/airflow/example_dags/example_python_operator.py for tasks to queue
[2026-09-17T20:24:25.762+0000] {logging_mixin.py:190} INFO - [2026-09-17T20:24:25.762+0000] {dagbag.py:588} INFO - Filling up the DagBag from /home/airflow/.local/lib/python3.12/site-packages/airflow/example_dags/example_python_operator.py
[2026-09-17T20:24:25.776+0000] {processor.py:925} INFO - DAG(s) 'example_python_operator' retrieved from /home/airflow/.local/lib/python3.12/site-packages/airflow/example_dags/example_python_operator.py
[2026-09-17T20:24:25.806+0000] {logging_mixin.py:190} INFO - [2026-09-17T20:24:25.805+0000] {dag.py:3239} INFO - Sync 1 DAGs
[2026-09-17T20:24:25.821+0000] {logging_mixin.py:190} INFO - [2026-09-17T20:24:25.820+0000] {dag.py:4180} INFO - Setting next_dagrun for example_python_operator to None, run_after=None
[2026-09-17T20:24:25.844+0000] {processor.py:208} INFO - Processing /home/airflow/.local/lib/python3.12/site-packages/airflow/example_dags/example_python_operator.py took 0.093 seconds
[2026-09-17T20:24:56.209+0000] {processor.py:186} INFO - Started process (PID=1993) to work on /home/airflow/.local/lib/python3.12/site-packages/airflow/example_dags/example_python_operator.py
[2026-09-17T20:24:56.211+0000] {processor.py:914} INFO - Processing file /home/airflow/.local/lib/python3.12/site-packages/airflow/example_dags/example_python_operator.py for tasks to queue
[2026-09-17T20:24:56.214+0000] {logging_mixin.py:190} INFO - [2026-09-17T20:24:56.213+0000] {dagbag.py:588} INFO - Filling up the DagBag from /home/airflow/.local/lib/python3.12/site-packages/airflow/example_dags/example_python_operator.py
[2026-09-17T20:24:56.228+0000] {processor.py:925} INFO - DAG(s) 'example_python_operator' retrieved from /home/airflow/.local/lib/python3.12/site-packages/airflow/example_dags/example_python_operator.py
[2026-09-17T20:24:56.261+0000] {logging_mixin.py:190} INFO - [2026-09-17T20:24:56.261+0000] {dag.py:3239} INFO - Sync 1 DAGs
[2026-09-17T20:24:56.276+0000] {logging_mixin.py:190} INFO - [2026-09-17T20:24:56.276+0000] {dag.py:4180} INFO - Setting next_dagrun for example_python_operator to None, run_after=None
[2026-09-17T20:24:56.300+0000] {processor.py:208} INFO - Processing /home/airflow/.local/lib/python3.12/site-packages/airflow/example_dags/example_python_operator.py took 0.097 seconds
[2026-09-17T20:25:26.662+0000] {processor.py:186} INFO - Started process (PID=2058) to work on /home/airflow/.local/lib/python3.12/site-packages/airflow/example_dags/example_python_operator.py
[2026-09-17T20:25:26.664+0000] {processor.py:914} INFO - Processing file /home/airflow/.local/lib/python3.12/site-packages/airflow/example_dags/example_python_operator.py for tasks to queue
[2026-09-17T20:25:26.667+0000] {logging_mixin.py:190} INFO - [2026-09-17T20:25:26.666+0000] {dagbag.py:588} INFO - Filling up the DagBag from /home/airflow/.local/lib/python3.12/site-packages/airflow/example_dags/example_python_operator.py
[2026-09-17T20:25:26.680+0000] {processor.py:925} INFO - DAG(s) 'example_python_operator' retrieved from /home/airflow/.local/lib/python3.12/site-packages/airflow/example_dags/example_python_operator.py
[2026-09-17T20:25:26.712+0000] {logging_mixin.py:190} INFO - [2026-09-17T20:25:26.712+0000] {dag.py:3239} INFO - Sync 1 DAGs
[2026-09-17T20:25:26.727+0000] {logging_mixin.py:190} INFO - [2026-09-17T20:25:26.726+0000] {dag.py:4180} INFO - Setting next_dagrun for example_python_operator to None, run_after=None
[2026-09-17T20:25:26.749+0000] {processor.py:208} INFO - Processing /home/airflow/.local/lib/python3.12/site-packages/airflow/example_dags/example_python_operator.py took 0.094 seconds
[2026-09-17T20:25:58.026+0000] {processor.py:186} INFO - Started process (PID=2122) to work on /home/airflow/.local/lib/python3.12/site-packages/airflow/example_dags/example_python_operator.py
[2026-09-17T20:25:58.028+0000] {processor.py:914} INFO - Processing file /home/airflow/.local/lib/python3.12/site-packages/airflow/example_dags/example_python_operator.py for tasks to queue
[2026-09-17T20:25:58.030+0000] {logging_mixin.py:190} INFO - [2026-09-17T20:25:58.030+0000] {dagbag.py:588} INFO - Filling up the DagBag from /home/airflow/.local/lib/python3.12/site-packages/airflow/example_dags/example_python_operator.py
[2026-09-17T20:25:58.045+0000] {processor.py:925} INFO - DAG(s) 'example_python_operator' retrieved from /home/airflow/.local/lib/python3.12/site-packages/airflow/example_dags/example_python_operator.py
[2026-09-17T20:25:58.073+0000] {logging_mixin.py:190} INFO - [2026-09-17T20:25:58.073+0000] {dag.py:3239} INFO - Sync 1 DAGs
[2026-09-17T20:25:58.088+0000] {logging_mixin.py:190} INFO - [2026-09-17T20:25:58.088+0000] {dag.py:4180} INFO - Setting next_dagrun for example_python_operator to None, run_after=None
[2026-09-17T20:25:58.112+0000] {processor.py:208} INFO - Processing /home/airflow/.local/lib/python3.12/site-packages/airflow/example_dags/example_python_operator.py took 0.093 seconds
[2026-09-17T20:26:29.395+0000] {processor.py:186} INFO - Started process (PID=2187) to work on /home/airflow/.local/lib/python3.12/site-packages/airflow/example_dags/example_python_operator.py
[2026-09-17T20:26:29.397+0000] {processor.py:914} INFO - Processing file /home/airflow/.local/lib/python3.12/site-packages/airflow/example_dags/example_python_operator.py for tasks to queue
[2026-09-17T20:26:29.399+0000] {logging_mixin.py:190} INFO - [2026-09-17T20:26:29.399+0000] {dagbag.py:588} INFO - Filling up the DagBag from /home/airflow/.local/lib/python3.12/site-packages/airflow/example_dags/example_python_operator.py
[2026-09-17T20:26:29.413+0000] {processor.py:925} INFO - DAG(s) 'example_python_operator' retrieved from /home/airflow/.local/lib/python3.12/site-packages/airflow/example_dags/example_python_operator.py
[2026-09-17T20:26:29.440+0000] {logging_mixin.py:190} INFO - [2026-09-17T20:26:29.440+0000] {dag.py:3239} INFO - Sync 1 DAGs
[2026-09-17T20:26:29.455+0000] {logging_mixin.py:190} INFO - [2026-09-17T20:26:29.454+0000] {dag.py:4180} INFO - Setting next_dagrun for example_python_operator to None, run_after=None
[2026-09-17T20:26:29.477+0000] {processor.py:208} INFO - Processing /home/airflow/.local/lib/python3.12/site-packages/airflow/example_dags/example_python_operator.py took 0.090 seconds
[2026-09-17T20:27:00.729+0000] {processor.py:186} INFO - Started process (PID=2248) to work on /home/airflow/.local/lib/python3.12/site-packages/airflow/example_dags/example_python_operator.py
[2026-09-17T20:27:00.730+0000] {processor.py:914} INFO - Processing file /home/airflow/.local/lib/python3.12/site-packages/airflow/example_dags/example_python_operator.py for tasks to queue
[2026-09-17T20:27:00.733+0000] {logging_mixin.py:190} INFO - [2026-09-17T20:27:00.732+0000] {dagbag.py:588} INFO - Filling up the DagBag from /home/airflow/.local/lib/python3.12/site-packages/airflow/example_dags/example_python_operator.py
[2026-09-17T20:27:00.748+0000] {processor.py:925} INFO - DAG(s) 'example_python_operator' retrieved from /home/airflow/.local/lib/python3.12/site-packages/airflow/example_dags/example_python_operator.py
[2026-09-17T20:27:00.789+0000] {logging_mixin.py:190} INFO - [2026-09-17T20:27:00.788+0000] {dag.py:3239} INFO - Sync 1 DAGs
[2026-09-17T20:27:00.805+0000] {logging_mixin.py:190} INFO - [2026-09-17T20:27:00.804+0000] {dag.py:4180} INFO - Setting next_dagrun for example_python_operator to None, run_after=None
[2026-09-17T20:27:00.834+0000] {processor.py:208} INFO - Processing /home/airflow/.local/lib/python3.12/site-packages/airflow/example_dags/example_python_operator.py took 0.114 seconds
[2026-09-17T20:28:35.333+0000] {processor.py:186} INFO - Started process (PID=67) to work on /home/airflow/.local/lib/python3.12/site-packages/airflow/example_dags/example_python_operator.py
[2026-09-17T20:28:35.335+0000] {processor.py:914} INFO - Processing file /home/airflow/.local/lib/python3.12/site-packages/airflow/example_dags/example_python_operator.py for tasks to queue
[2026-09-17T20:28:35.338+0000] {logging_mixin.py:190} INFO - [2026-09-17T20:28:35.337+0000] {dagbag.py:588} INFO - Filling up the DagBag from /home/airflow/.local/lib/python3.12/site-packages/airflow/example_dags/example_python_operator.py
[2026-09-17T20:28:35.355+0000] {processor.py:925} INFO - DAG(s) 'example_python_operator' retrieved from /home/airflow/.local/lib/python3.12/site-packages/airflow/example_dags/example_python_operator.py
[2026-09-17T20:28:35.526+0000] {logging_mixin.py:190} INFO - [2026-09-17T20:28:35.526+0000] {dag.py:3239} INFO - Sync 1 DAGs
[2026-09-17T20:28:35.539+0000] {logging_mixin.py:190} INFO - [2026-09-17T20:28:35.539+0000] {dag.py:4180} INFO - Setting next_dagrun for example_python_operator to None, run_after=None
[2026-09-17T20:28:35.570+0000] {processor.py:208} INFO - Processing /home/airflow/.local/lib/python3.12/site-packages/airflow/example_dags/example_python_operator.py took 0.243 seconds
[2026-09-17T20:29:05.983+0000] {processor.py:186} INFO - Started process (PID=131) to work on /home/airflow/.local/lib/python3.12/site-packages/airflow/example_dags/example_python_operator.py
[2026-09-17T20:29:05.986+0000] {processor.py:914} INFO - Processing file /home/airflow/.local/lib/python3.12/site-packages/airflow/example_dags/example_python_operator.py for tasks to queue
[2026-09-17T20:29:05.988+0000] {logging_mixin.py:190} INFO - [2026-09-17T20:29:05.988+0000] {dagbag.py:588} INFO - Filling up the DagBag from /home/airflow/.local/lib/python3.12/site-packages/airflow/example_dags/example_python_operator.py
[2026-09-17T20:29:06.004+0000] {processor.py:925} INFO - DAG(s) 'example_python_operator' retrieved from /home/airflow/.local/lib/python3.12/site-packages/airflow/example_dags/example_python_operator.py
[2026-09-17T20:29:06.041+0000] {logging_mixin.py:190} INFO - [2026-09-17T20:29:06.041+0000] {dag.py:3239} INFO - Sync 1 DAGs
[2026-09-17T20:29:06.060+0000] {logging_mixin.py:190} INFO - [2026-09-17T20:29:06.059+0000] {dag.py:4180} INFO - Setting next_dagrun for example_python_operator to None, run_after=None
[2026-09-17T20:29:06.088+0000] {processor.py:208} INFO - Processing /home/airflow/.local/lib/python3.12/site-packages/airflow/example_dags/example_python_operator.py took 0.115 seconds
[2026-09-17T20:29:37.659+0000] {processor.py:186} INFO - Started process (PID=189) to work on /home/airflow/.local/lib/python3.12/site-packages/airflow/example_dags/example_python_operator.py
[2026-09-17T20:29:37.662+0000] {processor.py:914} INFO - Processing file /home/airflow/.local/lib/python3.12/site-packages/airflow/example_dags/example_python_operator.py for tasks to queue
[2026-09-17T20:29:37.664+0000] {logging_mixin.py:190} INFO - [2026-09-17T20:29:37.664+0000] {dagbag.py:588} INFO - Filling up the DagBag from /home/airflow/.local/lib/python3.12/site-packages/airflow/example_dags/example_python_operator.py
[2026-09-17T20:29:37.684+0000] {processor.py:925} INFO - DAG(s) 'example_python_operator' retrieved from /home/airflow/.local/lib/python3.12/site-packages/airflow/example_dags/example_python_operator.py
[2026-09-17T20:29:37.717+0000] {logging_mixin.py:190} INFO - [2026-09-17T20:29:37.717+0000] {dag.py:3239} INFO - Sync 1 DAGs
[2026-09-17T20:29:37.735+0000] {logging_mixin.py:190} INFO - [2026-09-17T20:29:37.734+0000] {dag.py:4180} INFO - Setting next_dagrun for example_python_operator to None, run_after=None
[2026-09-17T20:29:37.762+0000] {processor.py:208} INFO - Processing /home/airflow/.local/lib/python3.12/site-packages/airflow/example_dags/example_python_operator.py took 0.111 seconds
[2026-09-17T20:30:08.655+0000] {processor.py:186} INFO - Started process (PID=254) to work on /home/airflow/.local/lib/python3.12/site-packages/airflow/example_dags/example_python_operator.py
[2026-09-17T20:30:08.658+0000] {processor.py:914} INFO - Processing file /home/airflow/.local/lib/python3.12/site-packages/airflow/example_dags/example_python_operator.py for tasks to queue
[2026-09-17T20:30:08.661+0000] {logging_mixin.py:190} INFO - [2026-09-17T20:30:08.660+0000] {dagbag.py:588} INFO - Filling up the DagBag from /home/airflow/.local/lib/python3.12/site-packages/airflow/example_dags/example_python_operator.py
[2026-09-17T20:30:08.675+0000] {processor.py:925} INFO - DAG(s) 'example_python_operator' retrieved from /home/airflow/.local/lib/python3.12/site-packages/airflow/example_dags/example_python_operator.py
[2026-09-17T20:30:08.707+0000] {logging_mixin.py:190} INFO - [2026-09-17T20:30:08.706+0000] {dag.py:3239} INFO - Sync 1 DAGs
[2026-09-17T20:30:08.723+0000] {logging_mixin.py:190} INFO - [2026-09-17T20:30:08.723+0000] {dag.py:4180} INFO - Setting next_dagrun for example_python_operator to None, run_after=None
[2026-09-17T20:30:08.746+0000] {processor.py:208} INFO - Processing /home/airflow/.local/lib/python3.12/site-packages/airflow/example_dags/example_python_operator.py took 0.097 seconds
[2026-09-17T20:30:39.568+0000] {processor.py:186} INFO - Started process (PID=319) to work on /home/airflow/.local/lib/python3.12/site-packages/airflow/example_dags/example_python_operator.py
[2026-09-17T20:30:39.570+0000] {processor.py:914} INFO - Processing file /home/airflow/.local/lib/python3.12/site-packages/airflow/example_dags/example_python_operator.py for tasks to queue
[2026-09-17T20:30:39.572+0000] {logging_mixin.py:190} INFO - [2026-09-17T20:30:39.572+0000] {dagbag.py:588} INFO - Filling up the DagBag from /home/airflow/.local/lib/python3.12/site-packages/airflow/example_dags/example_python_operator.py
[2026-09-17T20:30:39.587+0000] {processor.py:925} INFO - DAG(s) 'example_python_operator' retrieved from /home/airflow/.local/lib/python3.12/site-packages/airflow/example_dags/example_python_operator.py
[2026-09-17T20:30:39.617+0000] {logging_mixin.py:190} INFO - [2026-09-17T20:30:39.617+0000] {dag.py:3239} INFO - Sync 1 DAGs
[2026-09-17T20:30:39.633+0000] {logging_mixin.py:190} INFO - [2026-09-17T20:30:39.633+0000] {dag.py:4180} INFO - Setting next_dagrun for example_python_operator to None, run_after=None
[2026-09-17T20:30:39.657+0000] {processor.py:208} INFO - Processing /home/airflow/.local/lib/python3.12/site-packages/airflow/example_dags/example_python_operator.py took 0.097 seconds
[2026-09-17T20:31:09.743+0000] {processor.py:186} INFO - Started process (PID=383) to work on /home/airflow/.local/lib/python3.12/site-packages/airflow/example_dags/example_python_operator.py
[2026-09-17T20:31:09.745+0000] {processor.py:914} INFO - Processing file /home/airflow/.local/lib/python3.12/site-packages/airflow/example_dags/example_python_operator.py for tasks to queue
[2026-09-17T20:31:09.746+0000] {logging_mixin.py:190} INFO - [2026-09-17T20:31:09.746+0000] {dagbag.py:588} INFO - Filling up the DagBag from /home/airflow/.local/lib/python3.12/site-packages/airflow/example_dags/example_python_operator.py
[2026-09-17T20:31:09.761+0000] {processor.py:925} INFO - DAG(s) 'example_python_operator' retrieved from /home/airflow/.local/lib/python3.12/site-packages/airflow/example_dags/example_python_operator.py
[2026-09-17T20:31:09.790+0000] {logging_mixin.py:190} INFO - [2026-09-17T20:31:09.789+0000] {dag.py:3239} INFO - Sync 1 DAGs
[2026-09-17T20:31:09.804+0000] {logging_mixin.py:190} INFO - [2026-09-17T20:31:09.804+0000] {dag.py:4180} INFO - Setting next_dagrun for example_python_operator to None, run_after=None
[2026-09-17T20:31:09.828+0000] {processor.py:208} INFO - Processing /home/airflow/.local/lib/python3.12/site-packages/airflow/example_dags/example_python_operator.py took 0.092 seconds
[2026-09-17T20:31:40.231+0000] {processor.py:186} INFO - Started process (PID=447) to work on /home/airflow/.local/lib/python3.12/site-packages/airflow/example_dags/example_python_operator.py
[2026-09-17T20:31:40.232+0000] {processor.py:914} INFO - Processing file /home/airflow/.local/lib/python3.12/site-packages/airflow/example_dags/example_python_operator.py for tasks to queue
[2026-09-17T20:31:40.235+0000] {logging_mixin.py:190} INFO - [2026-09-17T20:31:40.234+0000] {dagbag.py:588} INFO - Filling up the DagBag from /home/airflow/.local/lib/python3.12/site-packages/airflow/example_dags/example_python_operator.py
[2026-09-17T20:31:40.249+0000] {processor.py:925} INFO - DAG(s) 'example_python_operator' retrieved from /home/airflow/.local/lib/python3.12/site-packages/airflow/example_dags/example_python_operator.py
[2026-09-17T20:31:40.276+0000] {logging_mixin.py:190} INFO - [2026-09-17T20:31:40.275+0000] {dag.py:3239} INFO - Sync 1 DAGs
[2026-09-17T20:31:40.290+0000] {logging_mixin.py:190} INFO - [2026-09-17T20:31:40.290+0000] {dag.py:4180} INFO - Setting next_dagrun for example_python_operator to None, run_after=None
[2026-09-17T20:31:40.313+0000] {processor.py:208} INFO - Processing /home/airflow/.local/lib/python3.12/site-packages/airflow/example_dags/example_python_operator.py took 0.091 seconds
[2026-09-17T20:32:10.746+0000] {processor.py:186} INFO - Started process (PID=512) to work on /home/airflow/.local/lib/python3.12/site-packages/airflow/example_dags/example_python_operator.py
[2026-09-17T20:32:10.748+0000] {processor.py:914} INFO - Processing file /home/airflow/.local/lib/python3.12/site-packages/airflow/example_dags/example_python_operator.py for tasks to queue
[2026-09-17T20:32:10.750+0000] {logging_mixin.py:190} INFO - [2026-09-17T20:32:10.749+0000] {dagbag.py:588} INFO - Filling up the DagBag from /home/airflow/.local/lib/python3.12/site-packages/airflow/example_dags/example_python_operator.py
[2026-09-17T20:32:10.763+0000] {processor.py:925} INFO - DAG(s) 'example_python_operator' retrieved from /home/airflow/.local/lib/python3.12/site-packages/airflow/example_dags/example_python_operator.py
[2026-09-17T20:32:10.788+0000] {logging_mixin.py:190} INFO - [2026-09-17T20:32:10.788+0000] {dag.py:3239} INFO - Sync 1 DAGs
[2026-09-17T20:32:10.802+0000] {logging_mixin.py:190} INFO - [2026-09-17T20:32:10.801+0000] {dag.py:4180} INFO - Setting next_dagrun for example_python_operator to None, run_after=None
[2026-09-17T20:32:10.826+0000] {processor.py:208} INFO - Processing /home/airflow/.local/lib/python3.12/site-packages/airflow/example_dags/example_python_operator.py took 0.087 seconds
[2026-09-17T20:32:41.599+0000] {processor.py:186} INFO - Started process (PID=577) to work on /home/airflow/.local/lib/python3.12/site-packages/airflow/example_dags/example_python_operator.py
[2026-09-17T20:32:41.601+0000] {processor.py:914} INFO - Processing file /home/airflow/.local/lib/python3.12/site-packages/airflow/example_dags/example_python_operator.py for tasks to queue
[2026-09-17T20:32:41.604+0000] {logging_mixin.py:190} INFO - [2026-09-17T20:32:41.604+0000] {dagbag.py:588} INFO - Filling up the DagBag from /home/airflow/.local/lib/python3.12/site-packages/airflow/example_dags/example_python_operator.py
[2026-09-17T20:32:41.623+0000] {processor.py:925} INFO - DAG(s) 'example_python_operator' retrieved from /home/airflow/.local/lib/python3.12/site-packages/airflow/example_dags/example_python_operator.py
[2026-09-17T20:32:41.669+0000] {logging_mixin.py:190} INFO - [2026-09-17T20:32:41.668+0000] {dag.py:3239} INFO - Sync 1 DAGs
[2026-09-17T20:32:41.690+0000] {logging_mixin.py:190} INFO - [2026-09-17T20:32:41.690+0000] {dag.py:4180} INFO - Setting next_dagrun for example_python_operator to None, run_after=None
[2026-09-17T20:32:41.726+0000] {processor.py:208} INFO - Processing /home/airflow/.local/lib/python3.12/site-packages/airflow/example_dags/example_python_operator.py took 0.134 seconds
[2026-09-17T20:33:12.352+0000] {processor.py:186} INFO - Started process (PID=642) to work on /home/airflow/.local/lib/python3.12/site-packages/airflow/example_dags/example_python_operator.py
[2026-09-17T20:33:12.354+0000] {processor.py:914} INFO - Processing file /home/airflow/.local/lib/python3.12/site-packages/airflow/example_dags/example_python_operator.py for tasks to queue
[2026-09-17T20:33:12.357+0000] {logging_mixin.py:190} INFO - [2026-09-17T20:33:12.357+0000] {dagbag.py:588} INFO - Filling up the DagBag from /home/airflow/.local/lib/python3.12/site-packages/airflow/example_dags/example_python_operator.py
[2026-09-17T20:33:12.375+0000] {processor.py:925} INFO - DAG(s) 'example_python_operator' retrieved from /home/airflow/.local/lib/python3.12/site-packages/airflow/example_dags/example_python_operator.py
[2026-09-17T20:33:12.409+0000] {logging_mixin.py:190} INFO - [2026-09-17T20:33:12.409+0000] {dag.py:3239} INFO - Sync 1 DAGs
[2026-09-17T20:33:12.435+0000] {logging_mixin.py:190} INFO - [2026-09-17T20:33:12.435+0000] {dag.py:4180} INFO - Setting next_dagrun for example_python_operator to None, run_after=None
[2026-09-17T20:33:12.468+0000] {processor.py:208} INFO - Processing /home/airflow/.local/lib/python3.12/site-packages/airflow/example_dags/example_python_operator.py took 0.125 seconds
[2026-09-17T20:33:42.941+0000] {processor.py:186} INFO - Started process (PID=707) to work on /home/airflow/.local/lib/python3.12/site-packages/airflow/example_dags/example_python_operator.py
[2026-09-17T20:33:42.943+0000] {processor.py:914} INFO - Processing file /home/airflow/.local/lib/python3.12/site-packages/airflow/example_dags/example_python_operator.py for tasks to queue
[2026-09-17T20:33:42.946+0000] {logging_mixin.py:190} INFO - [2026-09-17T20:33:42.945+0000] {dagbag.py:588} INFO - Filling up the DagBag from /home/airflow/.local/lib/python3.12/site-packages/airflow/example_dags/example_python_operator.py
[2026-09-17T20:33:42.960+0000] {processor.py:925} INFO - DAG(s) 'example_python_operator' retrieved from /home/airflow/.local/lib/python3.12/site-packages/airflow/example_dags/example_python_operator.py
[2026-09-17T20:33:42.992+0000] {logging_mixin.py:190} INFO - [2026-09-17T20:33:42.992+0000] {dag.py:3239} INFO - Sync 1 DAGs
[2026-09-17T20:33:43.007+0000] {logging_mixin.py:190} INFO - [2026-09-17T20:33:43.007+0000] {dag.py:4180} INFO - Setting next_dagrun for example_python_operator to None, run_after=None
[2026-09-17T20:33:43.035+0000] {processor.py:208} INFO - Processing /home/airflow/.local/lib/python3.12/site-packages/airflow/example_dags/example_python_operator.py took 0.101 seconds
[2026-09-17T20:34:13.984+0000] {processor.py:186} INFO - Started process (PID=772) to work on /home/airflow/.local/lib/python3.12/site-packages/airflow/example_dags/example_python_operator.py
[2026-09-17T20:34:13.986+0000] {processor.py:914} INFO - Processing file /home/airflow/.local/lib/python3.12/site-packages/airflow/example_dags/example_python_operator.py for tasks to queue
[2026-09-17T20:34:13.989+0000] {logging_mixin.py:190} INFO - [2026-09-17T20:34:13.989+0000] {dagbag.py:588} INFO - Filling up the DagBag from /home/airflow/.local/lib/python3.12/site-packages/airflow/example_dags/example_python_operator.py
[2026-09-17T20:34:14.014+0000] {processor.py:925} INFO - DAG(s) 'example_python_operator' retrieved from /home/airflow/.local/lib/python3.12/site-packages/airflow/example_dags/example_python_operator.py
[2026-09-17T20:34:14.052+0000] {logging_mixin.py:190} INFO - [2026-09-17T20:34:14.052+0000] {dag.py:3239} INFO - Sync 1 DAGs
[2026-09-17T20:34:14.073+0000] {logging_mixin.py:190} INFO - [2026-09-17T20:34:14.073+0000] {dag.py:4180} INFO - Setting next_dagrun for example_python_operator to None, run_after=None
[2026-09-17T20:34:14.099+0000] {processor.py:208} INFO - Processing /home/airflow/.local/lib/python3.12/site-packages/airflow/example_dags/example_python_operator.py took 0.124 seconds
[2026-09-17T20:34:44.689+0000] {processor.py:186} INFO - Started process (PID=835) to work on /home/airflow/.local/lib/python3.12/site-packages/airflow/example_dags/example_python_operator.py
[2026-09-17T20:34:44.692+0000] {processor.py:914} INFO - Processing file /home/airflow/.local/lib/python3.12/site-packages/airflow/example_dags/example_python_operator.py for tasks to queue
[2026-09-17T20:34:44.694+0000] {logging_mixin.py:190} INFO - [2026-09-17T20:34:44.693+0000] {dagbag.py:588} INFO - Filling up the DagBag from /home/airflow/.local/lib/python3.12/site-packages/airflow/example_dags/example_python_operator.py
[2026-09-17T20:34:44.708+0000] {processor.py:925} INFO - DAG(s) 'example_python_operator' retrieved from /home/airflow/.local/lib/python3.12/site-packages/airflow/example_dags/example_python_operator.py
[2026-09-17T20:34:44.736+0000] {logging_mixin.py:190} INFO - [2026-09-17T20:34:44.736+0000] {dag.py:3239} INFO - Sync 1 DAGs
[2026-09-17T20:34:44.756+0000] {logging_mixin.py:190} INFO - [2026-09-17T20:34:44.756+0000] {dag.py:4180} INFO - Setting next_dagrun for example_python_operator to None, run_after=None
[2026-09-17T20:34:44.782+0000] {processor.py:208} INFO - Processing /home/airflow/.local/lib/python3.12/site-packages/airflow/example_dags/example_python_operator.py took 0.100 seconds
[2026-09-17T20:35:15.111+0000] {processor.py:186} INFO - Started process (PID=894) to work on /home/airflow/.local/lib/python3.12/site-packages/airflow/example_dags/example_python_operator.py
[2026-09-17T20:35:15.113+0000] {processor.py:914} INFO - Processing file /home/airflow/.local/lib/python3.12/site-packages/airflow/example_dags/example_python_operator.py for tasks to queue
[2026-09-17T20:35:15.116+0000] {logging_mixin.py:190} INFO - [2026-09-17T20:35:15.115+0000] {dagbag.py:588} INFO - Filling up the DagBag from /home/airflow/.local/lib/python3.12/site-packages/airflow/example_dags/example_python_operator.py
[2026-09-17T20:35:15.133+0000] {processor.py:925} INFO - DAG(s) 'example_python_operator' retrieved from /home/airflow/.local/lib/python3.12/site-packages/airflow/example_dags/example_python_operator.py
[2026-09-17T20:35:15.169+0000] {logging_mixin.py:190} INFO - [2026-09-17T20:35:15.169+0000] {dag.py:3239} INFO - Sync 1 DAGs
[2026-09-17T20:35:15.188+0000] {logging_mixin.py:190} INFO - [2026-09-17T20:35:15.188+0000] {dag.py:4180} INFO - Setting next_dagrun for example_python_operator to None, run_after=None
[2026-09-17T20:35:15.215+0000] {processor.py:208} INFO - Processing /home/airflow/.local/lib/python3.12/site-packages/airflow/example_dags/example_python_operator.py took 0.112 seconds
[2026-09-17T20:35:45.525+0000] {processor.py:186} INFO - Started process (PID=959) to work on /home/airflow/.local/lib/python3.12/site-packages/airflow/example_dags/example_python_operator.py
[2026-09-17T20:35:45.527+0000] {processor.py:914} INFO - Processing file /home/airflow/.local/lib/python3.12/site-packages/airflow/example_dags/example_python_operator.py for tasks to queue
[2026-09-17T20:35:45.529+0000] {logging_mixin.py:190} INFO - [2026-09-17T20:35:45.529+0000] {dagbag.py:588} INFO - Filling up the DagBag from /home/airflow/.local/lib/python3.12/site-packages/airflow/example_dags/example_python_operator.py
[2026-09-17T20:35:45.544+0000] {processor.py:925} INFO - DAG(s) 'example_python_operator' retrieved from /home/airflow/.local/lib/python3.12/site-packages/airflow/example_dags/example_python_operator.py
[2026-09-17T20:35:45.574+0000] {logging_mixin.py:190} INFO - [2026-09-17T20:35:45.574+0000] {dag.py:3239} INFO - Sync 1 DAGs
[2026-09-17T20:35:45.590+0000] {logging_mixin.py:190} INFO - [2026-09-17T20:35:45.590+0000] {dag.py:4180} INFO - Setting next_dagrun for example_python_operator to None, run_after=None
[2026-09-17T20:35:45.614+0000] {processor.py:208} INFO - Processing /home/airflow/.local/lib/python3.12/site-packages/airflow/example_dags/example_python_operator.py took 0.096 seconds
[2026-09-17T20:36:15.790+0000] {processor.py:186} INFO - Started process (PID=1024) to work on /home/airflow/.local/lib/python3.12/site-packages/airflow/example_dags/example_python_operator.py
[2026-09-17T20:36:15.792+0000] {processor.py:914} INFO - Processing file /home/airflow/.local/lib/python3.12/site-packages/airflow/example_dags/example_python_operator.py for tasks to queue
[2026-09-17T20:36:15.795+0000] {logging_mixin.py:190} INFO - [2026-09-17T20:36:15.794+0000] {dagbag.py:588} INFO - Filling up the DagBag from /home/airflow/.local/lib/python3.12/site-packages/airflow/example_dags/example_python_operator.py
[2026-09-17T20:36:15.807+0000] {processor.py:925} INFO - DAG(s) 'example_python_operator' retrieved from /home/airflow/.local/lib/python3.12/site-packages/airflow/example_dags/example_python_operator.py
[2026-09-17T20:36:15.836+0000] {logging_mixin.py:190} INFO - [2026-09-17T20:36:15.836+0000] {dag.py:3239} INFO - Sync 1 DAGs
[2026-09-17T20:36:15.852+0000] {logging_mixin.py:190} INFO - [2026-09-17T20:36:15.852+0000] {dag.py:4180} INFO - Setting next_dagrun for example_python_operator to None, run_after=None
[2026-09-17T20:36:15.871+0000] {processor.py:208} INFO - Processing /home/airflow/.local/lib/python3.12/site-packages/airflow/example_dags/example_python_operator.py took 0.087 seconds
[2026-09-17T20:36:46.097+0000] {processor.py:186} INFO - Started process (PID=1089) to work on /home/airflow/.local/lib/python3.12/site-packages/airflow/example_dags/example_python_operator.py
[2026-09-17T20:36:46.098+0000] {processor.py:914} INFO - Processing file /home/airflow/.local/lib/python3.12/site-packages/airflow/example_dags/example_python_operator.py for tasks to queue
[2026-09-17T20:36:46.100+0000] {logging_mixin.py:190} INFO - [2026-09-17T20:36:46.100+0000] {dagbag.py:588} INFO - Filling up the DagBag from /home/airflow/.local/lib/python3.12/site-packages/airflow/example_dags/example_python_operator.py
[2026-09-17T20:36:46.113+0000] {processor.py:925} INFO - DAG(s) 'example_python_operator' retrieved from /home/airflow/.local/lib/python3.12/site-packages/airflow/example_dags/example_python_operator.py
[2026-09-17T20:36:46.141+0000] {logging_mixin.py:190} INFO - [2026-09-17T20:36:46.141+0000] {dag.py:3239} INFO - Sync 1 DAGs
[2026-09-17T20:36:46.156+0000] {logging_mixin.py:190} INFO - [2026-09-17T20:36:46.156+0000] {dag.py:4180} INFO - Setting next_dagrun for example_python_operator to None, run_after=None
[2026-09-17T20:36:46.179+0000] {processor.py:208} INFO - Processing /home/airflow/.local/lib/python3.12/site-packages/airflow/example_dags/example_python_operator.py took 0.088 seconds
[2026-09-17T20:37:16.536+0000] {processor.py:186} INFO - Started process (PID=1154) to work on /home/airflow/.local/lib/python3.12/site-packages/airflow/example_dags/example_python_operator.py
[2026-09-17T20:37:16.538+0000] {processor.py:914} INFO - Processing file /home/airflow/.local/lib/python3.12/site-packages/airflow/example_dags/example_python_operator.py for tasks to queue
[2026-09-17T20:37:16.540+0000] {logging_mixin.py:190} INFO - [2026-09-17T20:37:16.540+0000] {dagbag.py:588} INFO - Filling up the DagBag from /home/airflow/.local/lib/python3.12/site-packages/airflow/example_dags/example_python_operator.py
[2026-09-17T20:37:16.554+0000] {processor.py:925} INFO - DAG(s) 'example_python_operator' retrieved from /home/airflow/.local/lib/python3.12/site-packages/airflow/example_dags/example_python_operator.py
[2026-09-17T20:37:16.583+0000] {logging_mixin.py:190} INFO - [2026-09-17T20:37:16.583+0000] {dag.py:3239} INFO - Sync 1 DAGs
[2026-09-17T20:37:16.598+0000] {logging_mixin.py:190} INFO - [2026-09-17T20:37:16.598+0000] {dag.py:4180} INFO - Setting next_dagrun for example_python_operator to None, run_after=None
[2026-09-17T20:37:16.618+0000] {processor.py:208} INFO - Processing /home/airflow/.local/lib/python3.12/site-packages/airflow/example_dags/example_python_operator.py took 0.088 seconds
[2026-09-17T20:37:47.517+0000] {processor.py:186} INFO - Started process (PID=1219) to work on /home/airflow/.local/lib/python3.12/site-packages/airflow/example_dags/example_python_operator.py
[2026-09-17T20:37:47.520+0000] {processor.py:914} INFO - Processing file /home/airflow/.local/lib/python3.12/site-packages/airflow/example_dags/example_python_operator.py for tasks to queue
[2026-09-17T20:37:47.522+0000] {logging_mixin.py:190} INFO - [2026-09-17T20:37:47.522+0000] {dagbag.py:588} INFO - Filling up the DagBag from /home/airflow/.local/lib/python3.12/site-packages/airflow/example_dags/example_python_operator.py
[2026-09-17T20:37:47.535+0000] {processor.py:925} INFO - DAG(s) 'example_python_operator' retrieved from /home/airflow/.local/lib/python3.12/site-packages/airflow/example_dags/example_python_operator.py
[2026-09-17T20:37:47.565+0000] {logging_mixin.py:190} INFO - [2026-09-17T20:37:47.564+0000] {dag.py:3239} INFO - Sync 1 DAGs
[2026-09-17T20:37:47.581+0000] {logging_mixin.py:190} INFO - [2026-09-17T20:37:47.581+0000] {dag.py:4180} INFO - Setting next_dagrun for example_python_operator to None, run_after=None
[2026-09-17T20:37:47.605+0000] {processor.py:208} INFO - Processing /home/airflow/.local/lib/python3.12/site-packages/airflow/example_dags/example_python_operator.py took 0.093 seconds
[2026-09-17T20:38:18.384+0000] {processor.py:186} INFO - Started process (PID=1284) to work on /home/airflow/.local/lib/python3.12/site-packages/airflow/example_dags/example_python_operator.py
[2026-09-17T20:38:18.386+0000] {processor.py:914} INFO - Processing file /home/airflow/.local/lib/python3.12/site-packages/airflow/example_dags/example_python_operator.py for tasks to queue
[2026-09-17T20:38:18.388+0000] {logging_mixin.py:190} INFO - [2026-09-17T20:38:18.388+0000] {dagbag.py:588} INFO - Filling up the DagBag from /home/airflow/.local/lib/python3.12/site-packages/airflow/example_dags/example_python_operator.py
[2026-09-17T20:38:18.401+0000] {processor.py:925} INFO - DAG(s) 'example_python_operator' retrieved from /home/airflow/.local/lib/python3.12/site-packages/airflow/example_dags/example_python_operator.py
[2026-09-17T20:38:18.430+0000] {logging_mixin.py:190} INFO - [2026-09-17T20:38:18.430+0000] {dag.py:3239} INFO - Sync 1 DAGs
[2026-09-17T20:38:18.445+0000] {logging_mixin.py:190} INFO - [2026-09-17T20:38:18.445+0000] {dag.py:4180} INFO - Setting next_dagrun for example_python_operator to None, run_after=None
[2026-09-17T20:38:18.466+0000] {processor.py:208} INFO - Processing /home/airflow/.local/lib/python3.12/site-packages/airflow/example_dags/example_python_operator.py took 0.088 seconds
[2026-09-17T20:38:49.247+0000] {processor.py:186} INFO - Started process (PID=1349) to work on /home/airflow/.local/lib/python3.12/site-packages/airflow/example_dags/example_python_operator.py
[2026-09-17T20:38:49.249+0000] {processor.py:914} INFO - Processing file /home/airflow/.local/lib/python3.12/site-packages/airflow/example_dags/example_python_operator.py for tasks to queue
[2026-09-17T20:38:49.252+0000] {logging_mixin.py:190} INFO - [2026-09-17T20:38:49.251+0000] {dagbag.py:588} INFO - Filling up the DagBag from /home/airflow/.local/lib/python3.12/site-packages/airflow/example_dags/example_python_operator.py
[2026-09-17T20:38:49.271+0000] {processor.py:925} INFO - DAG(s) 'example_python_operator' retrieved from /home/airflow/.local/lib/python3.12/site-packages/airflow/example_dags/example_python_operator.py
[2026-09-17T20:38:49.315+0000] {logging_mixin.py:190} INFO - [2026-09-17T20:38:49.314+0000] {dag.py:3239} INFO - Sync 1 DAGs
[2026-09-17T20:38:49.334+0000] {logging_mixin.py:190} INFO - [2026-09-17T20:38:49.334+0000] {dag.py:4180} INFO - Setting next_dagrun for example_python_operator to None, run_after=None
[2026-09-17T20:38:49.360+0000] {processor.py:208} INFO - Processing /home/airflow/.local/lib/python3.12/site-packages/airflow/example_dags/example_python_operator.py took 0.119 seconds
[2026-09-17T20:39:20.891+0000] {processor.py:186} INFO - Started process (PID=1414) to work on /home/airflow/.local/lib/python3.12/site-packages/airflow/example_dags/example_python_operator.py
[2026-09-17T20:39:20.892+0000] {processor.py:914} INFO - Processing file /home/airflow/.local/lib/python3.12/site-packages/airflow/example_dags/example_python_operator.py for tasks to queue
[2026-09-17T20:39:20.895+0000] {logging_mixin.py:190} INFO - [2026-09-17T20:39:20.895+0000] {dagbag.py:588} INFO - Filling up the DagBag from /home/airflow/.local/lib/python3.12/site-packages/airflow/example_dags/example_python_operator.py
[2026-09-17T20:39:20.911+0000] {processor.py:925} INFO - DAG(s) 'example_python_operator' retrieved from /home/airflow/.local/lib/python3.12/site-packages/airflow/example_dags/example_python_operator.py
[2026-09-17T20:39:20.948+0000] {logging_mixin.py:190} INFO - [2026-09-17T20:39:20.948+0000] {dag.py:3239} INFO - Sync 1 DAGs
[2026-09-17T20:39:20.966+0000] {logging_mixin.py:190} INFO - [2026-09-17T20:39:20.966+0000] {dag.py:4180} INFO - Setting next_dagrun for example_python_operator to None, run_after=None
[2026-09-17T20:39:21.013+0000] {processor.py:208} INFO - Processing /home/airflow/.local/lib/python3.12/site-packages/airflow/example_dags/example_python_operator.py took 0.130 seconds
[2026-09-17T20:39:51.431+0000] {processor.py:186} INFO - Started process (PID=1480) to work on /home/airflow/.local/lib/python3.12/site-packages/airflow/example_dags/example_python_operator.py
[2026-09-17T20:39:51.433+0000] {processor.py:914} INFO - Processing file /home/airflow/.local/lib/python3.12/site-packages/airflow/example_dags/example_python_operator.py for tasks to queue
[2026-09-17T20:39:51.436+0000] {logging_mixin.py:190} INFO - [2026-09-17T20:39:51.435+0000] {dagbag.py:588} INFO - Filling up the DagBag from /home/airflow/.local/lib/python3.12/site-packages/airflow/example_dags/example_python_operator.py
[2026-09-17T20:39:51.458+0000] {processor.py:925} INFO - DAG(s) 'example_python_operator' retrieved from /home/airflow/.local/lib/python3.12/site-packages/airflow/example_dags/example_python_operator.py
[2026-09-17T20:39:51.503+0000] {logging_mixin.py:190} INFO - [2026-09-17T20:39:51.503+0000] {dag.py:3239} INFO - Sync 1 DAGs
[2026-09-17T20:39:51.521+0000] {logging_mixin.py:190} INFO - [2026-09-17T20:39:51.520+0000] {dag.py:4180} INFO - Setting next_dagrun for example_python_operator to None, run_after=None
[2026-09-17T20:39:51.544+0000] {processor.py:208} INFO - Processing /home/airflow/.local/lib/python3.12/site-packages/airflow/example_dags/example_python_operator.py took 0.119 seconds
[2026-09-17T20:40:21.655+0000] {processor.py:186} INFO - Started process (PID=1545) to work on /home/airflow/.local/lib/python3.12/site-packages/airflow/example_dags/example_python_operator.py
[2026-09-17T20:40:21.658+0000] {processor.py:914} INFO - Processing file /home/airflow/.local/lib/python3.12/site-packages/airflow/example_dags/example_python_operator.py for tasks to queue
[2026-09-17T20:40:21.661+0000] {logging_mixin.py:190} INFO - [2026-09-17T20:40:21.660+0000] {dagbag.py:588} INFO - Filling up the DagBag from /home/airflow/.local/lib/python3.12/site-packages/airflow/example_dags/example_python_operator.py
[2026-09-17T20:40:21.680+0000] {processor.py:925} INFO - DAG(s) 'example_python_operator' retrieved from /home/airflow/.local/lib/python3.12/site-packages/airflow/example_dags/example_python_operator.py
[2026-09-17T20:40:21.718+0000] {logging_mixin.py:190} INFO - [2026-09-17T20:40:21.718+0000] {dag.py:3239} INFO - Sync 1 DAGs
[2026-09-17T20:40:21.737+0000] {logging_mixin.py:190} INFO - [2026-09-17T20:40:21.737+0000] {dag.py:4180} INFO - Setting next_dagrun for example_python_operator to None, run_after=None
[2026-09-17T20:40:21.769+0000] {processor.py:208} INFO - Processing /home/airflow/.local/lib/python3.12/site-packages/airflow/example_dags/example_python_operator.py took 0.123 seconds
[2026-09-17T20:40:52.174+0000] {processor.py:186} INFO - Started process (PID=1602) to work on /home/airflow/.local/lib/python3.12/site-packages/airflow/example_dags/example_python_operator.py
[2026-09-17T20:40:52.175+0000] {processor.py:914} INFO - Processing file /home/airflow/.local/lib/python3.12/site-packages/airflow/example_dags/example_python_operator.py for tasks to queue
[2026-09-17T20:40:52.177+0000] {logging_mixin.py:190} INFO - [2026-09-17T20:40:52.177+0000] {dagbag.py:588} INFO - Filling up the DagBag from /home/airflow/.local/lib/python3.12/site-packages/airflow/example_dags/example_python_operator.py
[2026-09-17T20:40:52.190+0000] {processor.py:925} INFO - DAG(s) 'example_python_operator' retrieved from /home/airflow/.local/lib/python3.12/site-packages/airflow/example_dags/example_python_operator.py
[2026-09-17T20:40:52.217+0000] {logging_mixin.py:190} INFO - [2026-09-17T20:40:52.216+0000] {dag.py:3239} INFO - Sync 1 DAGs
[2026-09-17T20:40:52.233+0000] {logging_mixin.py:190} INFO - [2026-09-17T20:40:52.232+0000] {dag.py:4180} INFO - Setting next_dagrun for example_python_operator to None, run_after=None
[2026-09-17T20:40:52.274+0000] {processor.py:208} INFO - Processing /home/airflow/.local/lib/python3.12/site-packages/airflow/example_dags/example_python_operator.py took 0.106 seconds
[2026-09-17T20:41:22.390+0000] {processor.py:186} INFO - Started process (PID=1667) to work on /home/airflow/.local/lib/python3.12/site-packages/airflow/example_dags/example_python_operator.py
[2026-09-17T20:41:22.392+0000] {processor.py:914} INFO - Processing file /home/airflow/.local/lib/python3.12/site-packages/airflow/example_dags/example_python_operator.py for tasks to queue
[2026-09-17T20:41:22.394+0000] {logging_mixin.py:190} INFO - [2026-09-17T20:41:22.394+0000] {dagbag.py:588} INFO - Filling up the DagBag from /home/airflow/.local/lib/python3.12/site-packages/airflow/example_dags/example_python_operator.py
[2026-09-17T20:41:22.406+0000] {processor.py:925} INFO - DAG(s) 'example_python_operator' retrieved from /home/airflow/.local/lib/python3.12/site-packages/airflow/example_dags/example_python_operator.py
[2026-09-17T20:41:22.435+0000] {logging_mixin.py:190} INFO - [2026-09-17T20:41:22.435+0000] {dag.py:3239} INFO - Sync 1 DAGs
[2026-09-17T20:41:22.451+0000] {logging_mixin.py:190} INFO - [2026-09-17T20:41:22.451+0000] {dag.py:4180} INFO - Setting next_dagrun for example_python_operator to None, run_after=None
[2026-09-17T20:41:22.475+0000] {processor.py:208} INFO - Processing /home/airflow/.local/lib/python3.12/site-packages/airflow/example_dags/example_python_operator.py took 0.091 seconds
[2026-09-17T20:41:52.626+0000] {processor.py:186} INFO - Started process (PID=1732) to work on /home/airflow/.local/lib/python3.12/site-packages/airflow/example_dags/example_python_operator.py
[2026-09-17T20:41:52.627+0000] {processor.py:914} INFO - Processing file /home/airflow/.local/lib/python3.12/site-packages/airflow/example_dags/example_python_operator.py for tasks to queue
[2026-09-17T20:41:52.630+0000] {logging_mixin.py:190} INFO - [2026-09-17T20:41:52.630+0000] {dagbag.py:588} INFO - Filling up the DagBag from /home/airflow/.local/lib/python3.12/site-packages/airflow/example_dags/example_python_operator.py
[2026-09-17T20:41:52.643+0000] {processor.py:925} INFO - DAG(s) 'example_python_operator' retrieved from /home/airflow/.local/lib/python3.12/site-packages/airflow/example_dags/example_python_operator.py
[2026-09-17T20:41:52.672+0000] {logging_mixin.py:190} INFO - [2026-09-17T20:41:52.672+0000] {dag.py:3239} INFO - Sync 1 DAGs
[2026-09-17T20:41:52.687+0000] {logging_mixin.py:190} INFO - [2026-09-17T20:41:52.686+0000] {dag.py:4180} INFO - Setting next_dagrun for example_python_operator to None, run_after=None
[2026-09-17T20:41:52.709+0000] {processor.py:208} INFO - Processing /home/airflow/.local/lib/python3.12/site-packages/airflow/example_dags/example_python_operator.py took 0.090 seconds
[2026-09-17T20:42:26.007+0000] {processor.py:186} INFO - Started process (PID=1797) to work on /home/airflow/.local/lib/python3.12/site-packages/airflow/example_dags/example_python_operator.py
[2026-09-17T20:42:26.014+0000] {processor.py:914} INFO - Processing file /home/airflow/.local/lib/python3.12/site-packages/airflow/example_dags/example_python_operator.py for tasks to queue
[2026-09-17T20:42:26.020+0000] {logging_mixin.py:190} INFO - [2026-09-17T20:42:26.018+0000] {dagbag.py:588} INFO - Filling up the DagBag from /home/airflow/.local/lib/python3.12/site-packages/airflow/example_dags/example_python_operator.py
[2026-09-17T20:42:26.091+0000] {processor.py:925} INFO - DAG(s) 'example_python_operator' retrieved from /home/airflow/.local/lib/python3.12/site-packages/airflow/example_dags/example_python_operator.py
[2026-09-17T20:42:26.209+0000] {logging_mixin.py:190} INFO - [2026-09-17T20:42:26.207+0000] {dag.py:3239} INFO - Sync 1 DAGs
[2026-09-17T20:42:26.283+0000] {logging_mixin.py:190} INFO - [2026-09-17T20:42:26.282+0000] {dag.py:4180} INFO - Setting next_dagrun for example_python_operator to None, run_after=None
[2026-09-17T20:42:26.370+0000] {processor.py:208} INFO - Processing /home/airflow/.local/lib/python3.12/site-packages/airflow/example_dags/example_python_operator.py took 0.393 seconds
[2026-09-17T20:42:57.133+0000] {processor.py:186} INFO - Started process (PID=1862) to work on /home/airflow/.local/lib/python3.12/site-packages/airflow/example_dags/example_python_operator.py
[2026-09-17T20:42:57.137+0000] {processor.py:914} INFO - Processing file /home/airflow/.local/lib/python3.12/site-packages/airflow/example_dags/example_python_operator.py for tasks to queue
[2026-09-17T20:42:57.144+0000] {logging_mixin.py:190} INFO - [2026-09-17T20:42:57.143+0000] {dagbag.py:588} INFO - Filling up the DagBag from /home/airflow/.local/lib/python3.12/site-packages/airflow/example_dags/example_python_operator.py
[2026-09-17T20:42:57.187+0000] {processor.py:925} INFO - DAG(s) 'example_python_operator' retrieved from /home/airflow/.local/lib/python3.12/site-packages/airflow/example_dags/example_python_operator.py
[2026-09-17T20:42:57.258+0000] {logging_mixin.py:190} INFO - [2026-09-17T20:42:57.257+0000] {dag.py:3239} INFO - Sync 1 DAGs
[2026-09-17T20:42:57.302+0000] {logging_mixin.py:190} INFO - [2026-09-17T20:42:57.301+0000] {dag.py:4180} INFO - Setting next_dagrun for example_python_operator to None, run_after=None
[2026-09-17T20:42:57.356+0000] {processor.py:208} INFO - Processing /home/airflow/.local/lib/python3.12/site-packages/airflow/example_dags/example_python_operator.py took 0.244 seconds
[2026-09-17T20:43:58.136+0000] {processor.py:186} INFO - Started process (PID=1935) to work on /home/airflow/.local/lib/python3.12/site-packages/airflow/example_dags/example_python_operator.py
[2026-09-17T20:43:58.141+0000] {processor.py:914} INFO - Processing file /home/airflow/.local/lib/python3.12/site-packages/airflow/example_dags/example_python_operator.py for tasks to queue
[2026-09-17T20:43:58.287+0000] {logging_mixin.py:190} INFO - [2026-09-17T20:43:58.285+0000] {dagbag.py:588} INFO - Filling up the DagBag from /home/airflow/.local/lib/python3.12/site-packages/airflow/example_dags/example_python_operator.py
[2026-09-17T20:43:58.451+0000] {processor.py:925} INFO - DAG(s) 'example_python_operator' retrieved from /home/airflow/.local/lib/python3.12/site-packages/airflow/example_dags/example_python_operator.py
[2026-09-17T20:43:58.489+0000] {logging_mixin.py:190} INFO - [2026-09-17T20:43:58.489+0000] {dag.py:3239} INFO - Sync 1 DAGs
[2026-09-17T20:43:58.515+0000] {logging_mixin.py:190} INFO - [2026-09-17T20:43:58.514+0000] {dag.py:4180} INFO - Setting next_dagrun for example_python_operator to None, run_after=None
[2026-09-17T20:44:00.574+0000] {processor.py:208} INFO - Processing /home/airflow/.local/lib/python3.12/site-packages/airflow/example_dags/example_python_operator.py took 2.576 seconds
[2026-09-17T20:44:30.920+0000] {processor.py:186} INFO - Started process (PID=1993) to work on /home/airflow/.local/lib/python3.12/site-packages/airflow/example_dags/example_python_operator.py
[2026-09-17T20:44:30.924+0000] {processor.py:914} INFO - Processing file /home/airflow/.local/lib/python3.12/site-packages/airflow/example_dags/example_python_operator.py for tasks to queue
[2026-09-17T20:44:30.927+0000] {logging_mixin.py:190} INFO - [2026-09-17T20:44:30.926+0000] {dagbag.py:588} INFO - Filling up the DagBag from /home/airflow/.local/lib/python3.12/site-packages/airflow/example_dags/example_python_operator.py
[2026-09-17T20:44:30.945+0000] {processor.py:925} INFO - DAG(s) 'example_python_operator' retrieved from /home/airflow/.local/lib/python3.12/site-packages/airflow/example_dags/example_python_operator.py
[2026-09-17T20:44:30.979+0000] {logging_mixin.py:190} INFO - [2026-09-17T20:44:30.978+0000] {dag.py:3239} INFO - Sync 1 DAGs
[2026-09-17T20:44:30.998+0000] {logging_mixin.py:190} INFO - [2026-09-17T20:44:30.998+0000] {dag.py:4180} INFO - Setting next_dagrun for example_python_operator to None, run_after=None
[2026-09-17T20:44:31.348+0000] {processor.py:208} INFO - Processing /home/airflow/.local/lib/python3.12/site-packages/airflow/example_dags/example_python_operator.py took 0.436 seconds
[2026-09-17T20:45:02.787+0000] {processor.py:186} INFO - Started process (PID=2058) to work on /home/airflow/.local/lib/python3.12/site-packages/airflow/example_dags/example_python_operator.py
[2026-09-17T20:45:02.789+0000] {processor.py:914} INFO - Processing file /home/airflow/.local/lib/python3.12/site-packages/airflow/example_dags/example_python_operator.py for tasks to queue
[2026-09-17T20:45:02.791+0000] {logging_mixin.py:190} INFO - [2026-09-17T20:45:02.790+0000] {dagbag.py:588} INFO - Filling up the DagBag from /home/airflow/.local/lib/python3.12/site-packages/airflow/example_dags/example_python_operator.py
[2026-09-17T20:45:02.804+0000] {processor.py:925} INFO - DAG(s) 'example_python_operator' retrieved from /home/airflow/.local/lib/python3.12/site-packages/airflow/example_dags/example_python_operator.py
[2026-09-17T20:45:02.944+0000] {logging_mixin.py:190} INFO - [2026-09-17T20:45:02.944+0000] {dag.py:3239} INFO - Sync 1 DAGs
[2026-09-17T20:45:02.960+0000] {logging_mixin.py:190} INFO - [2026-09-17T20:45:02.960+0000] {dag.py:4180} INFO - Setting next_dagrun for example_python_operator to None, run_after=None
[2026-09-17T20:45:03.502+0000] {processor.py:208} INFO - Processing /home/airflow/.local/lib/python3.12/site-packages/airflow/example_dags/example_python_operator.py took 0.722 seconds
[2026-09-17T20:45:38.061+0000] {processor.py:186} INFO - Started process (PID=2122) to work on /home/airflow/.local/lib/python3.12/site-packages/airflow/example_dags/example_python_operator.py
[2026-09-17T20:45:38.064+0000] {processor.py:914} INFO - Processing file /home/airflow/.local/lib/python3.12/site-packages/airflow/example_dags/example_python_operator.py for tasks to queue
[2026-09-17T20:45:38.068+0000] {logging_mixin.py:190} INFO - [2026-09-17T20:45:38.067+0000] {dagbag.py:588} INFO - Filling up the DagBag from /home/airflow/.local/lib/python3.12/site-packages/airflow/example_dags/example_python_operator.py
[2026-09-17T20:45:38.095+0000] {processor.py:925} INFO - DAG(s) 'example_python_operator' retrieved from /home/airflow/.local/lib/python3.12/site-packages/airflow/example_dags/example_python_operator.py
[2026-09-17T20:45:38.158+0000] {logging_mixin.py:190} INFO - [2026-09-17T20:45:38.156+0000] {dag.py:3239} INFO - Sync 1 DAGs
[2026-09-17T20:45:38.211+0000] {logging_mixin.py:190} INFO - [2026-09-17T20:45:38.210+0000] {dag.py:4180} INFO - Setting next_dagrun for example_python_operator to None, run_after=None
[2026-09-17T20:45:38.264+0000] {processor.py:208} INFO - Processing /home/airflow/.local/lib/python3.12/site-packages/airflow/example_dags/example_python_operator.py took 0.218 seconds
[2026-09-17T20:46:08.857+0000] {processor.py:186} INFO - Started process (PID=2186) to work on /home/airflow/.local/lib/python3.12/site-packages/airflow/example_dags/example_python_operator.py
[2026-09-17T20:46:08.860+0000] {processor.py:914} INFO - Processing file /home/airflow/.local/lib/python3.12/site-packages/airflow/example_dags/example_python_operator.py for tasks to queue
[2026-09-17T20:46:08.864+0000] {logging_mixin.py:190} INFO - [2026-09-17T20:46:08.863+0000] {dagbag.py:588} INFO - Filling up the DagBag from /home/airflow/.local/lib/python3.12/site-packages/airflow/example_dags/example_python_operator.py
[2026-09-17T20:46:08.887+0000] {processor.py:925} INFO - DAG(s) 'example_python_operator' retrieved from /home/airflow/.local/lib/python3.12/site-packages/airflow/example_dags/example_python_operator.py
[2026-09-17T20:46:08.929+0000] {logging_mixin.py:190} INFO - [2026-09-17T20:46:08.928+0000] {dag.py:3239} INFO - Sync 1 DAGs
[2026-09-17T20:46:08.957+0000] {logging_mixin.py:190} INFO - [2026-09-17T20:46:08.956+0000] {dag.py:4180} INFO - Setting next_dagrun for example_python_operator to None, run_after=None
[2026-09-17T20:46:08.989+0000] {processor.py:208} INFO - Processing /home/airflow/.local/lib/python3.12/site-packages/airflow/example_dags/example_python_operator.py took 0.160 seconds
[2026-09-17T20:46:39.380+0000] {processor.py:186} INFO - Started process (PID=2248) to work on /home/airflow/.local/lib/python3.12/site-packages/airflow/example_dags/example_python_operator.py
[2026-09-17T20:46:39.382+0000] {processor.py:914} INFO - Processing file /home/airflow/.local/lib/python3.12/site-packages/airflow/example_dags/example_python_operator.py for tasks to queue
[2026-09-17T20:46:39.385+0000] {logging_mixin.py:190} INFO - [2026-09-17T20:46:39.384+0000] {dagbag.py:588} INFO - Filling up the DagBag from /home/airflow/.local/lib/python3.12/site-packages/airflow/example_dags/example_python_operator.py
[2026-09-17T20:46:39.399+0000] {processor.py:925} INFO - DAG(s) 'example_python_operator' retrieved from /home/airflow/.local/lib/python3.12/site-packages/airflow/example_dags/example_python_operator.py
[2026-09-17T20:46:39.935+0000] {logging_mixin.py:190} INFO - [2026-09-17T20:46:39.934+0000] {dag.py:3239} INFO - Sync 1 DAGs
[2026-09-17T20:46:39.950+0000] {logging_mixin.py:190} INFO - [2026-09-17T20:46:39.950+0000] {dag.py:4180} INFO - Setting next_dagrun for example_python_operator to None, run_after=None
[2026-09-17T20:46:41.039+0000] {processor.py:208} INFO - Processing /home/airflow/.local/lib/python3.12/site-packages/airflow/example_dags/example_python_operator.py took 1.665 seconds
[2026-09-17T20:47:16.187+0000] {processor.py:186} INFO - Started process (PID=2313) to work on /home/airflow/.local/lib/python3.12/site-packages/airflow/example_dags/example_python_operator.py
[2026-09-17T20:47:16.190+0000] {processor.py:914} INFO - Processing file /home/airflow/.local/lib/python3.12/site-packages/airflow/example_dags/example_python_operator.py for tasks to queue
[2026-09-17T20:47:16.196+0000] {logging_mixin.py:190} INFO - [2026-09-17T20:47:16.195+0000] {dagbag.py:588} INFO - Filling up the DagBag from /home/airflow/.local/lib/python3.12/site-packages/airflow/example_dags/example_python_operator.py
[2026-09-17T20:47:16.227+0000] {processor.py:925} INFO - DAG(s) 'example_python_operator' retrieved from /home/airflow/.local/lib/python3.12/site-packages/airflow/example_dags/example_python_operator.py
[2026-09-17T20:47:16.281+0000] {logging_mixin.py:190} INFO - [2026-09-17T20:47:16.280+0000] {dag.py:3239} INFO - Sync 1 DAGs
[2026-09-17T20:47:16.324+0000] {logging_mixin.py:190} INFO - [2026-09-17T20:47:16.324+0000] {dag.py:4180} INFO - Setting next_dagrun for example_python_operator to None, run_after=None
[2026-09-17T20:47:16.404+0000] {processor.py:208} INFO - Processing /home/airflow/.local/lib/python3.12/site-packages/airflow/example_dags/example_python_operator.py took 0.229 seconds
[2026-09-17T20:47:49.152+0000] {processor.py:186} INFO - Started process (PID=2379) to work on /home/airflow/.local/lib/python3.12/site-packages/airflow/example_dags/example_python_operator.py
[2026-09-17T20:47:49.154+0000] {processor.py:914} INFO - Processing file /home/airflow/.local/lib/python3.12/site-packages/airflow/example_dags/example_python_operator.py for tasks to queue
[2026-09-17T20:47:49.157+0000] {logging_mixin.py:190} INFO - [2026-09-17T20:47:49.156+0000] {dagbag.py:588} INFO - Filling up the DagBag from /home/airflow/.local/lib/python3.12/site-packages/airflow/example_dags/example_python_operator.py
[2026-09-17T20:47:49.173+0000] {processor.py:925} INFO - DAG(s) 'example_python_operator' retrieved from /home/airflow/.local/lib/python3.12/site-packages/airflow/example_dags/example_python_operator.py
[2026-09-17T20:47:49.209+0000] {logging_mixin.py:190} INFO - [2026-09-17T20:47:49.209+0000] {dag.py:3239} INFO - Sync 1 DAGs
[2026-09-17T20:47:49.245+0000] {logging_mixin.py:190} INFO - [2026-09-17T20:47:49.245+0000] {dag.py:4180} INFO - Setting next_dagrun for example_python_operator to None, run_after=None
[2026-09-17T20:47:49.282+0000] {processor.py:208} INFO - Processing /home/airflow/.local/lib/python3.12/site-packages/airflow/example_dags/example_python_operator.py took 0.138 seconds
[2026-09-17T20:48:19.735+0000] {processor.py:186} INFO - Started process (PID=2441) to work on /home/airflow/.local/lib/python3.12/site-packages/airflow/example_dags/example_python_operator.py
[2026-09-17T20:48:19.737+0000] {processor.py:914} INFO - Processing file /home/airflow/.local/lib/python3.12/site-packages/airflow/example_dags/example_python_operator.py for tasks to queue
[2026-09-17T20:48:19.740+0000] {logging_mixin.py:190} INFO - [2026-09-17T20:48:19.739+0000] {dagbag.py:588} INFO - Filling up the DagBag from /home/airflow/.local/lib/python3.12/site-packages/airflow/example_dags/example_python_operator.py
[2026-09-17T20:48:19.762+0000] {processor.py:925} INFO - DAG(s) 'example_python_operator' retrieved from /home/airflow/.local/lib/python3.12/site-packages/airflow/example_dags/example_python_operator.py
[2026-09-17T20:48:19.795+0000] {logging_mixin.py:190} INFO - [2026-09-17T20:48:19.795+0000] {dag.py:3239} INFO - Sync 1 DAGs
[2026-09-17T20:48:19.814+0000] {logging_mixin.py:190} INFO - [2026-09-17T20:48:19.814+0000] {dag.py:4180} INFO - Setting next_dagrun for example_python_operator to None, run_after=None
[2026-09-17T20:48:19.840+0000] {processor.py:208} INFO - Processing /home/airflow/.local/lib/python3.12/site-packages/airflow/example_dags/example_python_operator.py took 0.114 seconds
[2026-09-17T20:48:50.274+0000] {processor.py:186} INFO - Started process (PID=2507) to work on /home/airflow/.local/lib/python3.12/site-packages/airflow/example_dags/example_python_operator.py
[2026-09-17T20:48:50.277+0000] {processor.py:914} INFO - Processing file /home/airflow/.local/lib/python3.12/site-packages/airflow/example_dags/example_python_operator.py for tasks to queue
[2026-09-17T20:48:50.280+0000] {logging_mixin.py:190} INFO - [2026-09-17T20:48:50.279+0000] {dagbag.py:588} INFO - Filling up the DagBag from /home/airflow/.local/lib/python3.12/site-packages/airflow/example_dags/example_python_operator.py
[2026-09-17T20:48:50.301+0000] {processor.py:925} INFO - DAG(s) 'example_python_operator' retrieved from /home/airflow/.local/lib/python3.12/site-packages/airflow/example_dags/example_python_operator.py
[2026-09-17T20:48:50.337+0000] {logging_mixin.py:190} INFO - [2026-09-17T20:48:50.337+0000] {dag.py:3239} INFO - Sync 1 DAGs
[2026-09-17T20:48:50.357+0000] {logging_mixin.py:190} INFO - [2026-09-17T20:48:50.357+0000] {dag.py:4180} INFO - Setting next_dagrun for example_python_operator to None, run_after=None
[2026-09-17T20:48:50.389+0000] {processor.py:208} INFO - Processing /home/airflow/.local/lib/python3.12/site-packages/airflow/example_dags/example_python_operator.py took 0.126 seconds
