[2026-09-17T18:40:42.937+0000] {processor.py:161} INFO - Started process (PID=61) to work on /home/airflow/.local/lib/python3.8/site-packages/airflow/example_dags/example_trigger_target_dag.py
[2026-09-17T18:40:42.940+0000] {processor.py:830} INFO - Processing file /home/airflow/.local/lib/python3.8/site-packages/airflow/example_dags/example_trigger_target_dag.py for tasks to queue
[2026-09-17T18:40:42.943+0000] {logging_mixin.py:188} INFO - [2026-09-17T18:40:42.943+0000] {dagbag.py:538} INFO - Filling up the DagBag from /home/airflow/.local/lib/python3.8/site-packages/airflow/example_dags/example_trigger_target_dag.py
[2026-09-17T18:40:42.957+0000] {processor.py:840} INFO - DAG(s) 'example_trigger_target_dag' retrieved from /home/airflow/.local/lib/python3.8/site-packages/airflow/example_dags/example_trigger_target_dag.py
[2026-09-17T18:40:42.981+0000] {logging_mixin.py:188} INFO - [2026-09-17T18:40:42.981+0000] {dag.py:3036} INFO - Sync 1 DAGs
[2026-09-17T18:40:43.003+0000] {logging_mixin.py:188} INFO - [2026-09-17T18:40:43.002+0000] {dag.py:3823} INFO - Setting next_dagrun for example_trigger_target_dag to None, run_after=None
[2026-09-17T18:40:43.038+0000] {processor.py:183} INFO - Processing /home/airflow/.local/lib/python3.8/site-packages/airflow/example_dags/example_trigger_target_dag.py took 0.105 seconds
[2026-09-17T18:41:14.226+0000] {processor.py:161} INFO - Started process (PID=110) to work on /home/airflow/.local/lib/python3.8/site-packages/airflow/example_dags/example_trigger_target_dag.py
[2026-09-17T18:41:14.229+0000] {processor.py:830} INFO - Processing file /home/airflow/.local/lib/python3.8/site-packages/airflow/example_dags/example_trigger_target_dag.py for tasks to queue
[2026-09-17T18:41:14.231+0000] {logging_mixin.py:188} INFO - [2026-09-17T18:41:14.231+0000] {dagbag.py:538} INFO - Filling up the DagBag from /home/airflow/.local/lib/python3.8/site-packages/airflow/example_dags/example_trigger_target_dag.py
[2026-09-17T18:41:14.243+0000] {processor.py:840} INFO - DAG(s) 'example_trigger_target_dag' retrieved from /home/airflow/.local/lib/python3.8/site-packages/airflow/example_dags/example_trigger_target_dag.py
[2026-09-17T18:41:14.398+0000] {logging_mixin.py:188} INFO - [2026-09-17T18:41:14.397+0000] {dag.py:3036} INFO - Sync 1 DAGs
[2026-09-17T18:41:14.415+0000] {logging_mixin.py:188} INFO - [2026-09-17T18:41:14.415+0000] {dag.py:3823} INFO - Setting next_dagrun for example_trigger_target_dag to None, run_after=None
[2026-09-17T18:41:14.450+0000] {processor.py:183} INFO - Processing /home/airflow/.local/lib/python3.8/site-packages/airflow/example_dags/example_trigger_target_dag.py took 0.227 seconds
[2026-09-17T18:41:45.683+0000] {processor.py:161} INFO - Started process (PID=167) to work on /home/airflow/.local/lib/python3.8/site-packages/airflow/example_dags/example_trigger_target_dag.py
[2026-09-17T18:41:45.685+0000] {processor.py:830} INFO - Processing file /home/airflow/.local/lib/python3.8/site-packages/airflow/example_dags/example_trigger_target_dag.py for tasks to queue
[2026-09-17T18:41:45.687+0000] {logging_mixin.py:188} INFO - [2026-09-17T18:41:45.687+0000] {dagbag.py:538} INFO - Filling up the DagBag from /home/airflow/.local/lib/python3.8/site-packages/airflow/example_dags/example_trigger_target_dag.py
[2026-09-17T18:41:45.695+0000] {processor.py:840} INFO - DAG(s) 'example_trigger_target_dag' retrieved from /home/airflow/.local/lib/python3.8/site-packages/airflow/example_dags/example_trigger_target_dag.py
[2026-09-17T18:41:45.715+0000] {logging_mixin.py:188} INFO - [2026-09-17T18:41:45.715+0000] {dag.py:3036} INFO - Sync 1 DAGs
[2026-09-17T18:41:45.730+0000] {logging_mixin.py:188} INFO - [2026-09-17T18:41:45.730+0000] {dag.py:3823} INFO - Setting next_dagrun for example_trigger_target_dag to None, run_after=None
[2026-09-17T18:41:45.760+0000] {processor.py:183} INFO - Processing /home/airflow/.local/lib/python3.8/site-packages/airflow/example_dags/example_trigger_target_dag.py took 0.081 seconds
[2026-09-17T18:42:16.663+0000] {processor.py:161} INFO - Started process (PID=224) to work on /home/airflow/.local/lib/python3.8/site-packages/airflow/example_dags/example_trigger_target_dag.py
[2026-09-17T18:42:16.665+0000] {processor.py:830} INFO - Processing file /home/airflow/.local/lib/python3.8/site-packages/airflow/example_dags/example_trigger_target_dag.py for tasks to queue
[2026-09-17T18:42:16.668+0000] {logging_mixin.py:188} INFO - [2026-09-17T18:42:16.668+0000] {dagbag.py:538} INFO - Filling up the DagBag from /home/airflow/.local/lib/python3.8/site-packages/airflow/example_dags/example_trigger_target_dag.py
[2026-09-17T18:42:16.676+0000] {processor.py:840} INFO - DAG(s) 'example_trigger_target_dag' retrieved from /home/airflow/.local/lib/python3.8/site-packages/airflow/example_dags/example_trigger_target_dag.py
[2026-09-17T18:42:16.695+0000] {logging_mixin.py:188} INFO - [2026-09-17T18:42:16.695+0000] {dag.py:3036} INFO - Sync 1 DAGs
[2026-09-17T18:42:16.710+0000] {logging_mixin.py:188} INFO - [2026-09-17T18:42:16.710+0000] {dag.py:3823} INFO - Setting next_dagrun for example_trigger_target_dag to None, run_after=None
[2026-09-17T18:42:16.745+0000] {processor.py:183} INFO - Processing /home/airflow/.local/lib/python3.8/site-packages/airflow/example_dags/example_trigger_target_dag.py took 0.086 seconds
[2026-09-17T18:42:47.616+0000] {processor.py:161} INFO - Started process (PID=281) to work on /home/airflow/.local/lib/python3.8/site-packages/airflow/example_dags/example_trigger_target_dag.py
[2026-09-17T18:42:47.617+0000] {processor.py:830} INFO - Processing file /home/airflow/.local/lib/python3.8/site-packages/airflow/example_dags/example_trigger_target_dag.py for tasks to queue
[2026-09-17T18:42:47.621+0000] {logging_mixin.py:188} INFO - [2026-09-17T18:42:47.620+0000] {dagbag.py:538} INFO - Filling up the DagBag from /home/airflow/.local/lib/python3.8/site-packages/airflow/example_dags/example_trigger_target_dag.py
[2026-09-17T18:42:47.627+0000] {processor.py:840} INFO - DAG(s) 'example_trigger_target_dag' retrieved from /home/airflow/.local/lib/python3.8/site-packages/airflow/example_dags/example_trigger_target_dag.py
[2026-09-17T18:42:47.758+0000] {logging_mixin.py:188} INFO - [2026-09-17T18:42:47.758+0000] {dag.py:3036} INFO - Sync 1 DAGs
[2026-09-17T18:42:47.772+0000] {logging_mixin.py:188} INFO - [2026-09-17T18:42:47.772+0000] {dag.py:3823} INFO - Setting next_dagrun for example_trigger_target_dag to None, run_after=None
[2026-09-17T18:42:47.803+0000] {processor.py:183} INFO - Processing /home/airflow/.local/lib/python3.8/site-packages/airflow/example_dags/example_trigger_target_dag.py took 0.191 seconds
[2026-09-17T18:43:18.912+0000] {processor.py:161} INFO - Started process (PID=338) to work on /home/airflow/.local/lib/python3.8/site-packages/airflow/example_dags/example_trigger_target_dag.py
[2026-09-17T18:43:18.917+0000] {processor.py:830} INFO - Processing file /home/airflow/.local/lib/python3.8/site-packages/airflow/example_dags/example_trigger_target_dag.py for tasks to queue
[2026-09-17T18:43:18.928+0000] {logging_mixin.py:188} INFO - [2026-09-17T18:43:18.927+0000] {dagbag.py:538} INFO - Filling up the DagBag from /home/airflow/.local/lib/python3.8/site-packages/airflow/example_dags/example_trigger_target_dag.py
[2026-09-17T18:43:18.955+0000] {processor.py:840} INFO - DAG(s) 'example_trigger_target_dag' retrieved from /home/airflow/.local/lib/python3.8/site-packages/airflow/example_dags/example_trigger_target_dag.py
[2026-09-17T18:43:19.030+0000] {logging_mixin.py:188} INFO - [2026-09-17T18:43:19.029+0000] {dag.py:3036} INFO - Sync 1 DAGs
[2026-09-17T18:43:19.085+0000] {logging_mixin.py:188} INFO - [2026-09-17T18:43:19.084+0000] {dag.py:3823} INFO - Setting next_dagrun for example_trigger_target_dag to None, run_after=None
[2026-09-17T18:43:19.161+0000] {processor.py:183} INFO - Processing /home/airflow/.local/lib/python3.8/site-packages/airflow/example_dags/example_trigger_target_dag.py took 0.259 seconds
[2026-09-17T18:43:58.848+0000] {processor.py:161} INFO - Started process (PID=395) to work on /home/airflow/.local/lib/python3.8/site-packages/airflow/example_dags/example_trigger_target_dag.py
[2026-09-17T18:43:58.854+0000] {processor.py:830} INFO - Processing file /home/airflow/.local/lib/python3.8/site-packages/airflow/example_dags/example_trigger_target_dag.py for tasks to queue
[2026-09-17T18:43:58.863+0000] {logging_mixin.py:188} INFO - [2026-09-17T18:43:58.862+0000] {dagbag.py:538} INFO - Filling up the DagBag from /home/airflow/.local/lib/python3.8/site-packages/airflow/example_dags/example_trigger_target_dag.py
[2026-09-17T18:43:58.894+0000] {processor.py:840} INFO - DAG(s) 'example_trigger_target_dag' retrieved from /home/airflow/.local/lib/python3.8/site-packages/airflow/example_dags/example_trigger_target_dag.py
[2026-09-17T18:43:59.002+0000] {logging_mixin.py:188} INFO - [2026-09-17T18:43:59.001+0000] {dag.py:3036} INFO - Sync 1 DAGs
[2026-09-17T18:43:59.053+0000] {logging_mixin.py:188} INFO - [2026-09-17T18:43:59.052+0000] {dag.py:3823} INFO - Setting next_dagrun for example_trigger_target_dag to None, run_after=None
[2026-09-17T18:43:59.186+0000] {processor.py:183} INFO - Processing /home/airflow/.local/lib/python3.8/site-packages/airflow/example_dags/example_trigger_target_dag.py took 0.378 seconds
[2026-09-17T18:44:29.972+0000] {processor.py:161} INFO - Started process (PID=452) to work on /home/airflow/.local/lib/python3.8/site-packages/airflow/example_dags/example_trigger_target_dag.py
[2026-09-17T18:44:29.974+0000] {processor.py:830} INFO - Processing file /home/airflow/.local/lib/python3.8/site-packages/airflow/example_dags/example_trigger_target_dag.py for tasks to queue
[2026-09-17T18:44:29.977+0000] {logging_mixin.py:188} INFO - [2026-09-17T18:44:29.976+0000] {dagbag.py:538} INFO - Filling up the DagBag from /home/airflow/.local/lib/python3.8/site-packages/airflow/example_dags/example_trigger_target_dag.py
[2026-09-17T18:44:29.984+0000] {processor.py:840} INFO - DAG(s) 'example_trigger_target_dag' retrieved from /home/airflow/.local/lib/python3.8/site-packages/airflow/example_dags/example_trigger_target_dag.py
[2026-09-17T18:44:30.022+0000] {logging_mixin.py:188} INFO - [2026-09-17T18:44:30.021+0000] {dag.py:3036} INFO - Sync 1 DAGs
[2026-09-17T18:44:30.060+0000] {logging_mixin.py:188} INFO - [2026-09-17T18:44:30.059+0000] {dag.py:3823} INFO - Setting next_dagrun for example_trigger_target_dag to None, run_after=None
[2026-09-17T18:44:30.404+0000] {processor.py:183} INFO - Processing /home/airflow/.local/lib/python3.8/site-packages/airflow/example_dags/example_trigger_target_dag.py took 0.436 seconds
[2026-09-17T18:45:05.253+0000] {processor.py:161} INFO - Started process (PID=507) to work on /home/airflow/.local/lib/python3.8/site-packages/airflow/example_dags/example_trigger_target_dag.py
[2026-09-17T18:45:05.269+0000] {processor.py:830} INFO - Processing file /home/airflow/.local/lib/python3.8/site-packages/airflow/example_dags/example_trigger_target_dag.py for tasks to queue
[2026-09-17T18:45:05.289+0000] {logging_mixin.py:188} INFO - [2026-09-17T18:45:05.287+0000] {dagbag.py:538} INFO - Filling up the DagBag from /home/airflow/.local/lib/python3.8/site-packages/airflow/example_dags/example_trigger_target_dag.py
[2026-09-17T18:45:05.328+0000] {processor.py:840} INFO - DAG(s) 'example_trigger_target_dag' retrieved from /home/airflow/.local/lib/python3.8/site-packages/airflow/example_dags/example_trigger_target_dag.py
[2026-09-17T18:45:05.468+0000] {logging_mixin.py:188} INFO - [2026-09-17T18:45:05.467+0000] {dag.py:3036} INFO - Sync 1 DAGs
[2026-09-17T18:45:05.511+0000] {logging_mixin.py:188} INFO - [2026-09-17T18:45:05.511+0000] {dag.py:3823} INFO - Setting next_dagrun for example_trigger_target_dag to None, run_after=None
[2026-09-17T18:45:05.599+0000] {processor.py:183} INFO - Processing /home/airflow/.local/lib/python3.8/site-packages/airflow/example_dags/example_trigger_target_dag.py took 0.365 seconds
[2026-09-17T18:45:40.104+0000] {processor.py:161} INFO - Started process (PID=564) to work on /home/airflow/.local/lib/python3.8/site-packages/airflow/example_dags/example_trigger_target_dag.py
[2026-09-17T18:45:40.107+0000] {processor.py:830} INFO - Processing file /home/airflow/.local/lib/python3.8/site-packages/airflow/example_dags/example_trigger_target_dag.py for tasks to queue
[2026-09-17T18:45:40.110+0000] {logging_mixin.py:188} INFO - [2026-09-17T18:45:40.110+0000] {dagbag.py:538} INFO - Filling up the DagBag from /home/airflow/.local/lib/python3.8/site-packages/airflow/example_dags/example_trigger_target_dag.py
[2026-09-17T18:45:40.119+0000] {processor.py:840} INFO - DAG(s) 'example_trigger_target_dag' retrieved from /home/airflow/.local/lib/python3.8/site-packages/airflow/example_dags/example_trigger_target_dag.py
[2026-09-17T18:45:40.153+0000] {logging_mixin.py:188} INFO - [2026-09-17T18:45:40.153+0000] {dag.py:3036} INFO - Sync 1 DAGs
[2026-09-17T18:45:40.172+0000] {logging_mixin.py:188} INFO - [2026-09-17T18:45:40.172+0000] {dag.py:3823} INFO - Setting next_dagrun for example_trigger_target_dag to None, run_after=None
[2026-09-17T18:45:40.854+0000] {processor.py:183} INFO - Processing /home/airflow/.local/lib/python3.8/site-packages/airflow/example_dags/example_trigger_target_dag.py took 0.755 seconds
[2026-09-17T18:47:18.143+0000] {processor.py:186} INFO - Started process (PID=79) to work on /home/airflow/.local/lib/python3.12/site-packages/airflow/example_dags/example_trigger_target_dag.py
[2026-09-17T18:47:18.145+0000] {processor.py:914} INFO - Processing file /home/airflow/.local/lib/python3.12/site-packages/airflow/example_dags/example_trigger_target_dag.py for tasks to queue
[2026-09-17T18:47:18.149+0000] {logging_mixin.py:190} INFO - [2026-09-17T18:47:18.149+0000] {dagbag.py:588} INFO - Filling up the DagBag from /home/airflow/.local/lib/python3.12/site-packages/airflow/example_dags/example_trigger_target_dag.py
[2026-09-17T18:47:18.162+0000] {processor.py:925} INFO - DAG(s) 'example_trigger_target_dag' retrieved from /home/airflow/.local/lib/python3.12/site-packages/airflow/example_dags/example_trigger_target_dag.py
[2026-09-17T18:47:18.322+0000] {logging_mixin.py:190} INFO - [2026-09-17T18:47:18.322+0000] {dag.py:3239} INFO - Sync 1 DAGs
[2026-09-17T18:47:18.338+0000] {logging_mixin.py:190} INFO - [2026-09-17T18:47:18.337+0000] {dag.py:4180} INFO - Setting next_dagrun for example_trigger_target_dag to None, run_after=None
[2026-09-17T18:47:18.370+0000] {processor.py:208} INFO - Processing /home/airflow/.local/lib/python3.12/site-packages/airflow/example_dags/example_trigger_target_dag.py took 0.234 seconds
[2026-09-17T18:47:48.932+0000] {processor.py:186} INFO - Started process (PID=142) to work on /home/airflow/.local/lib/python3.12/site-packages/airflow/example_dags/example_trigger_target_dag.py
[2026-09-17T18:47:48.934+0000] {processor.py:914} INFO - Processing file /home/airflow/.local/lib/python3.12/site-packages/airflow/example_dags/example_trigger_target_dag.py for tasks to queue
[2026-09-17T18:47:48.937+0000] {logging_mixin.py:190} INFO - [2026-09-17T18:47:48.937+0000] {dagbag.py:588} INFO - Filling up the DagBag from /home/airflow/.local/lib/python3.12/site-packages/airflow/example_dags/example_trigger_target_dag.py
[2026-09-17T18:47:48.947+0000] {processor.py:925} INFO - DAG(s) 'example_trigger_target_dag' retrieved from /home/airflow/.local/lib/python3.12/site-packages/airflow/example_dags/example_trigger_target_dag.py
[2026-09-17T18:47:48.975+0000] {logging_mixin.py:190} INFO - [2026-09-17T18:47:48.974+0000] {dag.py:3239} INFO - Sync 1 DAGs
[2026-09-17T18:47:48.992+0000] {logging_mixin.py:190} INFO - [2026-09-17T18:47:48.992+0000] {dag.py:4180} INFO - Setting next_dagrun for example_trigger_target_dag to None, run_after=None
[2026-09-17T18:47:49.022+0000] {processor.py:208} INFO - Processing /home/airflow/.local/lib/python3.12/site-packages/airflow/example_dags/example_trigger_target_dag.py took 0.096 seconds
[2026-09-17T18:48:19.715+0000] {processor.py:186} INFO - Started process (PID=200) to work on /home/airflow/.local/lib/python3.12/site-packages/airflow/example_dags/example_trigger_target_dag.py
[2026-09-17T18:48:19.716+0000] {processor.py:914} INFO - Processing file /home/airflow/.local/lib/python3.12/site-packages/airflow/example_dags/example_trigger_target_dag.py for tasks to queue
[2026-09-17T18:48:19.720+0000] {logging_mixin.py:190} INFO - [2026-09-17T18:48:19.719+0000] {dagbag.py:588} INFO - Filling up the DagBag from /home/airflow/.local/lib/python3.12/site-packages/airflow/example_dags/example_trigger_target_dag.py
[2026-09-17T18:48:19.729+0000] {processor.py:925} INFO - DAG(s) 'example_trigger_target_dag' retrieved from /home/airflow/.local/lib/python3.12/site-packages/airflow/example_dags/example_trigger_target_dag.py
[2026-09-17T18:48:19.754+0000] {logging_mixin.py:190} INFO - [2026-09-17T18:48:19.754+0000] {dag.py:3239} INFO - Sync 1 DAGs
[2026-09-17T18:48:19.771+0000] {logging_mixin.py:190} INFO - [2026-09-17T18:48:19.770+0000] {dag.py:4180} INFO - Setting next_dagrun for example_trigger_target_dag to None, run_after=None
[2026-09-17T18:48:19.796+0000] {processor.py:208} INFO - Processing /home/airflow/.local/lib/python3.12/site-packages/airflow/example_dags/example_trigger_target_dag.py took 0.088 seconds
[2026-09-17T18:48:50.575+0000] {processor.py:186} INFO - Started process (PID=265) to work on /home/airflow/.local/lib/python3.12/site-packages/airflow/example_dags/example_trigger_target_dag.py
[2026-09-17T18:48:50.577+0000] {processor.py:914} INFO - Processing file /home/airflow/.local/lib/python3.12/site-packages/airflow/example_dags/example_trigger_target_dag.py for tasks to queue
[2026-09-17T18:48:50.580+0000] {logging_mixin.py:190} INFO - [2026-09-17T18:48:50.580+0000] {dagbag.py:588} INFO - Filling up the DagBag from /home/airflow/.local/lib/python3.12/site-packages/airflow/example_dags/example_trigger_target_dag.py
[2026-09-17T18:48:50.593+0000] {processor.py:925} INFO - DAG(s) 'example_trigger_target_dag' retrieved from /home/airflow/.local/lib/python3.12/site-packages/airflow/example_dags/example_trigger_target_dag.py
[2026-09-17T18:48:50.618+0000] {logging_mixin.py:190} INFO - [2026-09-17T18:48:50.618+0000] {dag.py:3239} INFO - Sync 1 DAGs
[2026-09-17T18:48:50.634+0000] {logging_mixin.py:190} INFO - [2026-09-17T18:48:50.633+0000] {dag.py:4180} INFO - Setting next_dagrun for example_trigger_target_dag to None, run_after=None
[2026-09-17T18:48:50.658+0000] {processor.py:208} INFO - Processing /home/airflow/.local/lib/python3.12/site-packages/airflow/example_dags/example_trigger_target_dag.py took 0.091 seconds
[2026-09-17T18:49:21.369+0000] {processor.py:186} INFO - Started process (PID=330) to work on /home/airflow/.local/lib/python3.12/site-packages/airflow/example_dags/example_trigger_target_dag.py
[2026-09-17T18:49:21.371+0000] {processor.py:914} INFO - Processing file /home/airflow/.local/lib/python3.12/site-packages/airflow/example_dags/example_trigger_target_dag.py for tasks to queue
[2026-09-17T18:49:21.375+0000] {logging_mixin.py:190} INFO - [2026-09-17T18:49:21.375+0000] {dagbag.py:588} INFO - Filling up the DagBag from /home/airflow/.local/lib/python3.12/site-packages/airflow/example_dags/example_trigger_target_dag.py
[2026-09-17T18:49:21.386+0000] {processor.py:925} INFO - DAG(s) 'example_trigger_target_dag' retrieved from /home/airflow/.local/lib/python3.12/site-packages/airflow/example_dags/example_trigger_target_dag.py
[2026-09-17T18:49:21.414+0000] {logging_mixin.py:190} INFO - [2026-09-17T18:49:21.414+0000] {dag.py:3239} INFO - Sync 1 DAGs
[2026-09-17T18:49:21.431+0000] {logging_mixin.py:190} INFO - [2026-09-17T18:49:21.431+0000] {dag.py:4180} INFO - Setting next_dagrun for example_trigger_target_dag to None, run_after=None
[2026-09-17T18:49:21.458+0000] {processor.py:208} INFO - Processing /home/airflow/.local/lib/python3.12/site-packages/airflow/example_dags/example_trigger_target_dag.py took 0.096 seconds
[2026-09-17T18:50:50.619+0000] {processor.py:186} INFO - Started process (PID=58) to work on /home/airflow/.local/lib/python3.12/site-packages/airflow/example_dags/example_trigger_target_dag.py
[2026-09-17T18:50:50.621+0000] {processor.py:914} INFO - Processing file /home/airflow/.local/lib/python3.12/site-packages/airflow/example_dags/example_trigger_target_dag.py for tasks to queue
[2026-09-17T18:50:50.625+0000] {logging_mixin.py:190} INFO - [2026-09-17T18:50:50.624+0000] {dagbag.py:588} INFO - Filling up the DagBag from /home/airflow/.local/lib/python3.12/site-packages/airflow/example_dags/example_trigger_target_dag.py
[2026-09-17T18:50:50.639+0000] {processor.py:925} INFO - DAG(s) 'example_trigger_target_dag' retrieved from /home/airflow/.local/lib/python3.12/site-packages/airflow/example_dags/example_trigger_target_dag.py
[2026-09-17T18:50:50.681+0000] {logging_mixin.py:190} INFO - [2026-09-17T18:50:50.681+0000] {dag.py:3239} INFO - Sync 1 DAGs
[2026-09-17T18:50:50.699+0000] {logging_mixin.py:190} INFO - [2026-09-17T18:50:50.699+0000] {dag.py:4180} INFO - Setting next_dagrun for example_trigger_target_dag to None, run_after=None
[2026-09-17T18:50:50.731+0000] {processor.py:208} INFO - Processing /home/airflow/.local/lib/python3.12/site-packages/airflow/example_dags/example_trigger_target_dag.py took 0.119 seconds
[2026-09-17T18:51:21.694+0000] {processor.py:186} INFO - Started process (PID=122) to work on /home/airflow/.local/lib/python3.12/site-packages/airflow/example_dags/example_trigger_target_dag.py
[2026-09-17T18:51:21.696+0000] {processor.py:914} INFO - Processing file /home/airflow/.local/lib/python3.12/site-packages/airflow/example_dags/example_trigger_target_dag.py for tasks to queue
[2026-09-17T18:51:21.698+0000] {logging_mixin.py:190} INFO - [2026-09-17T18:51:21.698+0000] {dagbag.py:588} INFO - Filling up the DagBag from /home/airflow/.local/lib/python3.12/site-packages/airflow/example_dags/example_trigger_target_dag.py
[2026-09-17T18:51:21.709+0000] {processor.py:925} INFO - DAG(s) 'example_trigger_target_dag' retrieved from /home/airflow/.local/lib/python3.12/site-packages/airflow/example_dags/example_trigger_target_dag.py
[2026-09-17T18:51:21.747+0000] {logging_mixin.py:190} INFO - [2026-09-17T18:51:21.747+0000] {dag.py:3239} INFO - Sync 1 DAGs
[2026-09-17T18:51:21.767+0000] {logging_mixin.py:190} INFO - [2026-09-17T18:51:21.767+0000] {dag.py:4180} INFO - Setting next_dagrun for example_trigger_target_dag to None, run_after=None
[2026-09-17T18:51:21.798+0000] {processor.py:208} INFO - Processing /home/airflow/.local/lib/python3.12/site-packages/airflow/example_dags/example_trigger_target_dag.py took 0.113 seconds
[2026-09-17T18:51:52.007+0000] {processor.py:186} INFO - Started process (PID=179) to work on /home/airflow/.local/lib/python3.12/site-packages/airflow/example_dags/example_trigger_target_dag.py
[2026-09-17T18:51:52.010+0000] {processor.py:914} INFO - Processing file /home/airflow/.local/lib/python3.12/site-packages/airflow/example_dags/example_trigger_target_dag.py for tasks to queue
[2026-09-17T18:51:52.015+0000] {logging_mixin.py:190} INFO - [2026-09-17T18:51:52.014+0000] {dagbag.py:588} INFO - Filling up the DagBag from /home/airflow/.local/lib/python3.12/site-packages/airflow/example_dags/example_trigger_target_dag.py
[2026-09-17T18:51:52.036+0000] {processor.py:925} INFO - DAG(s) 'example_trigger_target_dag' retrieved from /home/airflow/.local/lib/python3.12/site-packages/airflow/example_dags/example_trigger_target_dag.py
[2026-09-17T18:51:52.084+0000] {logging_mixin.py:190} INFO - [2026-09-17T18:51:52.083+0000] {dag.py:3239} INFO - Sync 1 DAGs
[2026-09-17T18:51:52.114+0000] {logging_mixin.py:190} INFO - [2026-09-17T18:51:52.114+0000] {dag.py:4180} INFO - Setting next_dagrun for example_trigger_target_dag to None, run_after=None
[2026-09-17T18:51:52.160+0000] {processor.py:208} INFO - Processing /home/airflow/.local/lib/python3.12/site-packages/airflow/example_dags/example_trigger_target_dag.py took 0.168 seconds
[2026-09-17T18:52:22.466+0000] {processor.py:186} INFO - Started process (PID=244) to work on /home/airflow/.local/lib/python3.12/site-packages/airflow/example_dags/example_trigger_target_dag.py
[2026-09-17T18:52:22.468+0000] {processor.py:914} INFO - Processing file /home/airflow/.local/lib/python3.12/site-packages/airflow/example_dags/example_trigger_target_dag.py for tasks to queue
[2026-09-17T18:52:22.470+0000] {logging_mixin.py:190} INFO - [2026-09-17T18:52:22.469+0000] {dagbag.py:588} INFO - Filling up the DagBag from /home/airflow/.local/lib/python3.12/site-packages/airflow/example_dags/example_trigger_target_dag.py
[2026-09-17T18:52:22.479+0000] {processor.py:925} INFO - DAG(s) 'example_trigger_target_dag' retrieved from /home/airflow/.local/lib/python3.12/site-packages/airflow/example_dags/example_trigger_target_dag.py
[2026-09-17T18:52:22.506+0000] {logging_mixin.py:190} INFO - [2026-09-17T18:52:22.506+0000] {dag.py:3239} INFO - Sync 1 DAGs
[2026-09-17T18:52:22.523+0000] {logging_mixin.py:190} INFO - [2026-09-17T18:52:22.523+0000] {dag.py:4180} INFO - Setting next_dagrun for example_trigger_target_dag to None, run_after=None
[2026-09-17T18:52:22.546+0000] {processor.py:208} INFO - Processing /home/airflow/.local/lib/python3.12/site-packages/airflow/example_dags/example_trigger_target_dag.py took 0.086 seconds
[2026-09-17T18:52:53.485+0000] {processor.py:186} INFO - Started process (PID=309) to work on /home/airflow/.local/lib/python3.12/site-packages/airflow/example_dags/example_trigger_target_dag.py
[2026-09-17T18:52:53.487+0000] {processor.py:914} INFO - Processing file /home/airflow/.local/lib/python3.12/site-packages/airflow/example_dags/example_trigger_target_dag.py for tasks to queue
[2026-09-17T18:52:53.489+0000] {logging_mixin.py:190} INFO - [2026-09-17T18:52:53.489+0000] {dagbag.py:588} INFO - Filling up the DagBag from /home/airflow/.local/lib/python3.12/site-packages/airflow/example_dags/example_trigger_target_dag.py
[2026-09-17T18:52:53.498+0000] {processor.py:925} INFO - DAG(s) 'example_trigger_target_dag' retrieved from /home/airflow/.local/lib/python3.12/site-packages/airflow/example_dags/example_trigger_target_dag.py
[2026-09-17T18:52:53.521+0000] {logging_mixin.py:190} INFO - [2026-09-17T18:52:53.521+0000] {dag.py:3239} INFO - Sync 1 DAGs
[2026-09-17T18:52:53.534+0000] {logging_mixin.py:190} INFO - [2026-09-17T18:52:53.534+0000] {dag.py:4180} INFO - Setting next_dagrun for example_trigger_target_dag to None, run_after=None
[2026-09-17T18:52:53.556+0000] {processor.py:208} INFO - Processing /home/airflow/.local/lib/python3.12/site-packages/airflow/example_dags/example_trigger_target_dag.py took 0.077 seconds
[2026-09-17T18:53:24.549+0000] {processor.py:186} INFO - Started process (PID=374) to work on /home/airflow/.local/lib/python3.12/site-packages/airflow/example_dags/example_trigger_target_dag.py
[2026-09-17T18:53:24.551+0000] {processor.py:914} INFO - Processing file /home/airflow/.local/lib/python3.12/site-packages/airflow/example_dags/example_trigger_target_dag.py for tasks to queue
[2026-09-17T18:53:24.554+0000] {logging_mixin.py:190} INFO - [2026-09-17T18:53:24.553+0000] {dagbag.py:588} INFO - Filling up the DagBag from /home/airflow/.local/lib/python3.12/site-packages/airflow/example_dags/example_trigger_target_dag.py
[2026-09-17T18:53:24.564+0000] {processor.py:925} INFO - DAG(s) 'example_trigger_target_dag' retrieved from /home/airflow/.local/lib/python3.12/site-packages/airflow/example_dags/example_trigger_target_dag.py
[2026-09-17T18:53:24.589+0000] {logging_mixin.py:190} INFO - [2026-09-17T18:53:24.588+0000] {dag.py:3239} INFO - Sync 1 DAGs
[2026-09-17T18:53:24.603+0000] {logging_mixin.py:190} INFO - [2026-09-17T18:53:24.602+0000] {dag.py:4180} INFO - Setting next_dagrun for example_trigger_target_dag to None, run_after=None
[2026-09-17T18:53:24.628+0000] {processor.py:208} INFO - Processing /home/airflow/.local/lib/python3.12/site-packages/airflow/example_dags/example_trigger_target_dag.py took 0.085 seconds
[2026-09-17T18:53:54.873+0000] {processor.py:186} INFO - Started process (PID=439) to work on /home/airflow/.local/lib/python3.12/site-packages/airflow/example_dags/example_trigger_target_dag.py
[2026-09-17T18:53:54.875+0000] {processor.py:914} INFO - Processing file /home/airflow/.local/lib/python3.12/site-packages/airflow/example_dags/example_trigger_target_dag.py for tasks to queue
[2026-09-17T18:53:54.877+0000] {logging_mixin.py:190} INFO - [2026-09-17T18:53:54.877+0000] {dagbag.py:588} INFO - Filling up the DagBag from /home/airflow/.local/lib/python3.12/site-packages/airflow/example_dags/example_trigger_target_dag.py
[2026-09-17T18:53:54.887+0000] {processor.py:925} INFO - DAG(s) 'example_trigger_target_dag' retrieved from /home/airflow/.local/lib/python3.12/site-packages/airflow/example_dags/example_trigger_target_dag.py
[2026-09-17T18:53:54.921+0000] {logging_mixin.py:190} INFO - [2026-09-17T18:53:54.920+0000] {dag.py:3239} INFO - Sync 1 DAGs
[2026-09-17T18:53:54.938+0000] {logging_mixin.py:190} INFO - [2026-09-17T18:53:54.937+0000] {dag.py:4180} INFO - Setting next_dagrun for example_trigger_target_dag to None, run_after=None
[2026-09-17T18:53:54.968+0000] {processor.py:208} INFO - Processing /home/airflow/.local/lib/python3.12/site-packages/airflow/example_dags/example_trigger_target_dag.py took 0.101 seconds
[2026-09-17T18:54:25.601+0000] {processor.py:186} INFO - Started process (PID=504) to work on /home/airflow/.local/lib/python3.12/site-packages/airflow/example_dags/example_trigger_target_dag.py
[2026-09-17T18:54:25.603+0000] {processor.py:914} INFO - Processing file /home/airflow/.local/lib/python3.12/site-packages/airflow/example_dags/example_trigger_target_dag.py for tasks to queue
[2026-09-17T18:54:25.605+0000] {logging_mixin.py:190} INFO - [2026-09-17T18:54:25.605+0000] {dagbag.py:588} INFO - Filling up the DagBag from /home/airflow/.local/lib/python3.12/site-packages/airflow/example_dags/example_trigger_target_dag.py
[2026-09-17T18:54:25.615+0000] {processor.py:925} INFO - DAG(s) 'example_trigger_target_dag' retrieved from /home/airflow/.local/lib/python3.12/site-packages/airflow/example_dags/example_trigger_target_dag.py
[2026-09-17T18:54:25.646+0000] {logging_mixin.py:190} INFO - [2026-09-17T18:54:25.645+0000] {dag.py:3239} INFO - Sync 1 DAGs
[2026-09-17T18:54:25.661+0000] {logging_mixin.py:190} INFO - [2026-09-17T18:54:25.661+0000] {dag.py:4180} INFO - Setting next_dagrun for example_trigger_target_dag to None, run_after=None
[2026-09-17T18:54:25.685+0000] {processor.py:208} INFO - Processing /home/airflow/.local/lib/python3.12/site-packages/airflow/example_dags/example_trigger_target_dag.py took 0.090 seconds
[2026-09-17T18:54:56.066+0000] {processor.py:186} INFO - Started process (PID=569) to work on /home/airflow/.local/lib/python3.12/site-packages/airflow/example_dags/example_trigger_target_dag.py
[2026-09-17T18:54:56.068+0000] {processor.py:914} INFO - Processing file /home/airflow/.local/lib/python3.12/site-packages/airflow/example_dags/example_trigger_target_dag.py for tasks to queue
[2026-09-17T18:54:56.070+0000] {logging_mixin.py:190} INFO - [2026-09-17T18:54:56.070+0000] {dagbag.py:588} INFO - Filling up the DagBag from /home/airflow/.local/lib/python3.12/site-packages/airflow/example_dags/example_trigger_target_dag.py
[2026-09-17T18:54:56.079+0000] {processor.py:925} INFO - DAG(s) 'example_trigger_target_dag' retrieved from /home/airflow/.local/lib/python3.12/site-packages/airflow/example_dags/example_trigger_target_dag.py
[2026-09-17T18:54:56.105+0000] {logging_mixin.py:190} INFO - [2026-09-17T18:54:56.105+0000] {dag.py:3239} INFO - Sync 1 DAGs
[2026-09-17T18:54:56.120+0000] {logging_mixin.py:190} INFO - [2026-09-17T18:54:56.120+0000] {dag.py:4180} INFO - Setting next_dagrun for example_trigger_target_dag to None, run_after=None
[2026-09-17T18:54:56.148+0000] {processor.py:208} INFO - Processing /home/airflow/.local/lib/python3.12/site-packages/airflow/example_dags/example_trigger_target_dag.py took 0.088 seconds
[2026-09-17T18:55:26.486+0000] {processor.py:186} INFO - Started process (PID=634) to work on /home/airflow/.local/lib/python3.12/site-packages/airflow/example_dags/example_trigger_target_dag.py
[2026-09-17T18:55:26.488+0000] {processor.py:914} INFO - Processing file /home/airflow/.local/lib/python3.12/site-packages/airflow/example_dags/example_trigger_target_dag.py for tasks to queue
[2026-09-17T18:55:26.490+0000] {logging_mixin.py:190} INFO - [2026-09-17T18:55:26.489+0000] {dagbag.py:588} INFO - Filling up the DagBag from /home/airflow/.local/lib/python3.12/site-packages/airflow/example_dags/example_trigger_target_dag.py
[2026-09-17T18:55:26.498+0000] {processor.py:925} INFO - DAG(s) 'example_trigger_target_dag' retrieved from /home/airflow/.local/lib/python3.12/site-packages/airflow/example_dags/example_trigger_target_dag.py
[2026-09-17T18:55:26.522+0000] {logging_mixin.py:190} INFO - [2026-09-17T18:55:26.522+0000] {dag.py:3239} INFO - Sync 1 DAGs
[2026-09-17T18:55:26.536+0000] {logging_mixin.py:190} INFO - [2026-09-17T18:55:26.536+0000] {dag.py:4180} INFO - Setting next_dagrun for example_trigger_target_dag to None, run_after=None
[2026-09-17T18:55:26.558+0000] {processor.py:208} INFO - Processing /home/airflow/.local/lib/python3.12/site-packages/airflow/example_dags/example_trigger_target_dag.py took 0.077 seconds
[2026-09-17T18:55:56.846+0000] {processor.py:186} INFO - Started process (PID=699) to work on /home/airflow/.local/lib/python3.12/site-packages/airflow/example_dags/example_trigger_target_dag.py
[2026-09-17T18:55:56.847+0000] {processor.py:914} INFO - Processing file /home/airflow/.local/lib/python3.12/site-packages/airflow/example_dags/example_trigger_target_dag.py for tasks to queue
[2026-09-17T18:55:56.850+0000] {logging_mixin.py:190} INFO - [2026-09-17T18:55:56.849+0000] {dagbag.py:588} INFO - Filling up the DagBag from /home/airflow/.local/lib/python3.12/site-packages/airflow/example_dags/example_trigger_target_dag.py
[2026-09-17T18:55:56.860+0000] {processor.py:925} INFO - DAG(s) 'example_trigger_target_dag' retrieved from /home/airflow/.local/lib/python3.12/site-packages/airflow/example_dags/example_trigger_target_dag.py
[2026-09-17T18:55:56.885+0000] {logging_mixin.py:190} INFO - [2026-09-17T18:55:56.885+0000] {dag.py:3239} INFO - Sync 1 DAGs
[2026-09-17T18:55:56.901+0000] {logging_mixin.py:190} INFO - [2026-09-17T18:55:56.901+0000] {dag.py:4180} INFO - Setting next_dagrun for example_trigger_target_dag to None, run_after=None
[2026-09-17T18:55:56.923+0000] {processor.py:208} INFO - Processing /home/airflow/.local/lib/python3.12/site-packages/airflow/example_dags/example_trigger_target_dag.py took 0.084 seconds
[2026-09-17T18:56:27.962+0000] {processor.py:186} INFO - Started process (PID=764) to work on /home/airflow/.local/lib/python3.12/site-packages/airflow/example_dags/example_trigger_target_dag.py
[2026-09-17T18:56:27.964+0000] {processor.py:914} INFO - Processing file /home/airflow/.local/lib/python3.12/site-packages/airflow/example_dags/example_trigger_target_dag.py for tasks to queue
[2026-09-17T18:56:27.967+0000] {logging_mixin.py:190} INFO - [2026-09-17T18:56:27.966+0000] {dagbag.py:588} INFO - Filling up the DagBag from /home/airflow/.local/lib/python3.12/site-packages/airflow/example_dags/example_trigger_target_dag.py
[2026-09-17T18:56:27.975+0000] {processor.py:925} INFO - DAG(s) 'example_trigger_target_dag' retrieved from /home/airflow/.local/lib/python3.12/site-packages/airflow/example_dags/example_trigger_target_dag.py
[2026-09-17T18:56:28.000+0000] {logging_mixin.py:190} INFO - [2026-09-17T18:56:28.000+0000] {dag.py:3239} INFO - Sync 1 DAGs
[2026-09-17T18:56:28.014+0000] {logging_mixin.py:190} INFO - [2026-09-17T18:56:28.014+0000] {dag.py:4180} INFO - Setting next_dagrun for example_trigger_target_dag to None, run_after=None
[2026-09-17T18:56:28.039+0000] {processor.py:208} INFO - Processing /home/airflow/.local/lib/python3.12/site-packages/airflow/example_dags/example_trigger_target_dag.py took 0.083 seconds
[2026-09-17T18:56:59.278+0000] {processor.py:186} INFO - Started process (PID=828) to work on /home/airflow/.local/lib/python3.12/site-packages/airflow/example_dags/example_trigger_target_dag.py
[2026-09-17T18:56:59.280+0000] {processor.py:914} INFO - Processing file /home/airflow/.local/lib/python3.12/site-packages/airflow/example_dags/example_trigger_target_dag.py for tasks to queue
[2026-09-17T18:56:59.283+0000] {logging_mixin.py:190} INFO - [2026-09-17T18:56:59.282+0000] {dagbag.py:588} INFO - Filling up the DagBag from /home/airflow/.local/lib/python3.12/site-packages/airflow/example_dags/example_trigger_target_dag.py
[2026-09-17T18:56:59.296+0000] {processor.py:925} INFO - DAG(s) 'example_trigger_target_dag' retrieved from /home/airflow/.local/lib/python3.12/site-packages/airflow/example_dags/example_trigger_target_dag.py
[2026-09-17T18:56:59.333+0000] {logging_mixin.py:190} INFO - [2026-09-17T18:56:59.332+0000] {dag.py:3239} INFO - Sync 1 DAGs
[2026-09-17T18:56:59.357+0000] {logging_mixin.py:190} INFO - [2026-09-17T18:56:59.357+0000] {dag.py:4180} INFO - Setting next_dagrun for example_trigger_target_dag to None, run_after=None
[2026-09-17T18:56:59.399+0000] {processor.py:208} INFO - Processing /home/airflow/.local/lib/python3.12/site-packages/airflow/example_dags/example_trigger_target_dag.py took 0.128 seconds
[2026-09-17T18:57:29.631+0000] {processor.py:186} INFO - Started process (PID=886) to work on /home/airflow/.local/lib/python3.12/site-packages/airflow/example_dags/example_trigger_target_dag.py
[2026-09-17T18:57:29.632+0000] {processor.py:914} INFO - Processing file /home/airflow/.local/lib/python3.12/site-packages/airflow/example_dags/example_trigger_target_dag.py for tasks to queue
[2026-09-17T18:57:29.634+0000] {logging_mixin.py:190} INFO - [2026-09-17T18:57:29.634+0000] {dagbag.py:588} INFO - Filling up the DagBag from /home/airflow/.local/lib/python3.12/site-packages/airflow/example_dags/example_trigger_target_dag.py
[2026-09-17T18:57:29.644+0000] {processor.py:925} INFO - DAG(s) 'example_trigger_target_dag' retrieved from /home/airflow/.local/lib/python3.12/site-packages/airflow/example_dags/example_trigger_target_dag.py
[2026-09-17T18:57:29.671+0000] {logging_mixin.py:190} INFO - [2026-09-17T18:57:29.671+0000] {dag.py:3239} INFO - Sync 1 DAGs
[2026-09-17T18:57:29.686+0000] {logging_mixin.py:190} INFO - [2026-09-17T18:57:29.686+0000] {dag.py:4180} INFO - Setting next_dagrun for example_trigger_target_dag to None, run_after=None
[2026-09-17T18:57:29.709+0000] {processor.py:208} INFO - Processing /home/airflow/.local/lib/python3.12/site-packages/airflow/example_dags/example_trigger_target_dag.py took 0.084 seconds
[2026-09-17T18:58:00.263+0000] {processor.py:186} INFO - Started process (PID=951) to work on /home/airflow/.local/lib/python3.12/site-packages/airflow/example_dags/example_trigger_target_dag.py
[2026-09-17T18:58:00.266+0000] {processor.py:914} INFO - Processing file /home/airflow/.local/lib/python3.12/site-packages/airflow/example_dags/example_trigger_target_dag.py for tasks to queue
[2026-09-17T18:58:00.268+0000] {logging_mixin.py:190} INFO - [2026-09-17T18:58:00.267+0000] {dagbag.py:588} INFO - Filling up the DagBag from /home/airflow/.local/lib/python3.12/site-packages/airflow/example_dags/example_trigger_target_dag.py
[2026-09-17T18:58:00.279+0000] {processor.py:925} INFO - DAG(s) 'example_trigger_target_dag' retrieved from /home/airflow/.local/lib/python3.12/site-packages/airflow/example_dags/example_trigger_target_dag.py
[2026-09-17T18:58:00.304+0000] {logging_mixin.py:190} INFO - [2026-09-17T18:58:00.304+0000] {dag.py:3239} INFO - Sync 1 DAGs
[2026-09-17T18:58:00.319+0000] {logging_mixin.py:190} INFO - [2026-09-17T18:58:00.318+0000] {dag.py:4180} INFO - Setting next_dagrun for example_trigger_target_dag to None, run_after=None
[2026-09-17T18:58:00.341+0000] {processor.py:208} INFO - Processing /home/airflow/.local/lib/python3.12/site-packages/airflow/example_dags/example_trigger_target_dag.py took 0.084 seconds
[2026-09-17T18:58:30.412+0000] {processor.py:186} INFO - Started process (PID=1015) to work on /home/airflow/.local/lib/python3.12/site-packages/airflow/example_dags/example_trigger_target_dag.py
[2026-09-17T18:58:30.414+0000] {processor.py:914} INFO - Processing file /home/airflow/.local/lib/python3.12/site-packages/airflow/example_dags/example_trigger_target_dag.py for tasks to queue
[2026-09-17T18:58:30.416+0000] {logging_mixin.py:190} INFO - [2026-09-17T18:58:30.416+0000] {dagbag.py:588} INFO - Filling up the DagBag from /home/airflow/.local/lib/python3.12/site-packages/airflow/example_dags/example_trigger_target_dag.py
[2026-09-17T18:58:30.426+0000] {processor.py:925} INFO - DAG(s) 'example_trigger_target_dag' retrieved from /home/airflow/.local/lib/python3.12/site-packages/airflow/example_dags/example_trigger_target_dag.py
[2026-09-17T18:58:30.451+0000] {logging_mixin.py:190} INFO - [2026-09-17T18:58:30.451+0000] {dag.py:3239} INFO - Sync 1 DAGs
[2026-09-17T18:58:30.466+0000] {logging_mixin.py:190} INFO - [2026-09-17T18:58:30.466+0000] {dag.py:4180} INFO - Setting next_dagrun for example_trigger_target_dag to None, run_after=None
[2026-09-17T18:58:30.491+0000] {processor.py:208} INFO - Processing /home/airflow/.local/lib/python3.12/site-packages/airflow/example_dags/example_trigger_target_dag.py took 0.086 seconds
[2026-09-17T18:59:01.102+0000] {processor.py:186} INFO - Started process (PID=1081) to work on /home/airflow/.local/lib/python3.12/site-packages/airflow/example_dags/example_trigger_target_dag.py
[2026-09-17T18:59:01.105+0000] {processor.py:914} INFO - Processing file /home/airflow/.local/lib/python3.12/site-packages/airflow/example_dags/example_trigger_target_dag.py for tasks to queue
[2026-09-17T18:59:01.107+0000] {logging_mixin.py:190} INFO - [2026-09-17T18:59:01.107+0000] {dagbag.py:588} INFO - Filling up the DagBag from /home/airflow/.local/lib/python3.12/site-packages/airflow/example_dags/example_trigger_target_dag.py
[2026-09-17T18:59:01.120+0000] {processor.py:925} INFO - DAG(s) 'example_trigger_target_dag' retrieved from /home/airflow/.local/lib/python3.12/site-packages/airflow/example_dags/example_trigger_target_dag.py
[2026-09-17T18:59:01.154+0000] {logging_mixin.py:190} INFO - [2026-09-17T18:59:01.153+0000] {dag.py:3239} INFO - Sync 1 DAGs
[2026-09-17T18:59:01.171+0000] {logging_mixin.py:190} INFO - [2026-09-17T18:59:01.170+0000] {dag.py:4180} INFO - Setting next_dagrun for example_trigger_target_dag to None, run_after=None
[2026-09-17T18:59:01.198+0000] {processor.py:208} INFO - Processing /home/airflow/.local/lib/python3.12/site-packages/airflow/example_dags/example_trigger_target_dag.py took 0.103 seconds
[2026-09-17T18:59:34.163+0000] {processor.py:186} INFO - Started process (PID=1147) to work on /home/airflow/.local/lib/python3.12/site-packages/airflow/example_dags/example_trigger_target_dag.py
[2026-09-17T18:59:34.171+0000] {processor.py:914} INFO - Processing file /home/airflow/.local/lib/python3.12/site-packages/airflow/example_dags/example_trigger_target_dag.py for tasks to queue
[2026-09-17T18:59:34.178+0000] {logging_mixin.py:190} INFO - [2026-09-17T18:59:34.177+0000] {dagbag.py:588} INFO - Filling up the DagBag from /home/airflow/.local/lib/python3.12/site-packages/airflow/example_dags/example_trigger_target_dag.py
[2026-09-17T18:59:34.224+0000] {processor.py:925} INFO - DAG(s) 'example_trigger_target_dag' retrieved from /home/airflow/.local/lib/python3.12/site-packages/airflow/example_dags/example_trigger_target_dag.py
[2026-09-17T18:59:34.379+0000] {logging_mixin.py:190} INFO - [2026-09-17T18:59:34.378+0000] {dag.py:3239} INFO - Sync 1 DAGs
[2026-09-17T18:59:34.464+0000] {logging_mixin.py:190} INFO - [2026-09-17T18:59:34.463+0000] {dag.py:4180} INFO - Setting next_dagrun for example_trigger_target_dag to None, run_after=None
[2026-09-17T18:59:34.527+0000] {processor.py:208} INFO - Processing /home/airflow/.local/lib/python3.12/site-packages/airflow/example_dags/example_trigger_target_dag.py took 0.395 seconds
[2026-09-17T19:00:04.614+0000] {processor.py:186} INFO - Started process (PID=1212) to work on /home/airflow/.local/lib/python3.12/site-packages/airflow/example_dags/example_trigger_target_dag.py
[2026-09-17T19:00:04.616+0000] {processor.py:914} INFO - Processing file /home/airflow/.local/lib/python3.12/site-packages/airflow/example_dags/example_trigger_target_dag.py for tasks to queue
[2026-09-17T19:00:04.618+0000] {logging_mixin.py:190} INFO - [2026-09-17T19:00:04.618+0000] {dagbag.py:588} INFO - Filling up the DagBag from /home/airflow/.local/lib/python3.12/site-packages/airflow/example_dags/example_trigger_target_dag.py
[2026-09-17T19:00:04.628+0000] {processor.py:925} INFO - DAG(s) 'example_trigger_target_dag' retrieved from /home/airflow/.local/lib/python3.12/site-packages/airflow/example_dags/example_trigger_target_dag.py
[2026-09-17T19:00:04.657+0000] {logging_mixin.py:190} INFO - [2026-09-17T19:00:04.657+0000] {dag.py:3239} INFO - Sync 1 DAGs
[2026-09-17T19:00:04.674+0000] {logging_mixin.py:190} INFO - [2026-09-17T19:00:04.673+0000] {dag.py:4180} INFO - Setting next_dagrun for example_trigger_target_dag to None, run_after=None
[2026-09-17T19:00:04.701+0000] {processor.py:208} INFO - Processing /home/airflow/.local/lib/python3.12/site-packages/airflow/example_dags/example_trigger_target_dag.py took 0.094 seconds
[2026-09-17T19:00:34.909+0000] {processor.py:186} INFO - Started process (PID=1277) to work on /home/airflow/.local/lib/python3.12/site-packages/airflow/example_dags/example_trigger_target_dag.py
[2026-09-17T19:00:34.911+0000] {processor.py:914} INFO - Processing file /home/airflow/.local/lib/python3.12/site-packages/airflow/example_dags/example_trigger_target_dag.py for tasks to queue
[2026-09-17T19:00:34.913+0000] {logging_mixin.py:190} INFO - [2026-09-17T19:00:34.913+0000] {dagbag.py:588} INFO - Filling up the DagBag from /home/airflow/.local/lib/python3.12/site-packages/airflow/example_dags/example_trigger_target_dag.py
[2026-09-17T19:00:34.922+0000] {processor.py:925} INFO - DAG(s) 'example_trigger_target_dag' retrieved from /home/airflow/.local/lib/python3.12/site-packages/airflow/example_dags/example_trigger_target_dag.py
[2026-09-17T19:00:34.946+0000] {logging_mixin.py:190} INFO - [2026-09-17T19:00:34.946+0000] {dag.py:3239} INFO - Sync 1 DAGs
[2026-09-17T19:00:34.963+0000] {logging_mixin.py:190} INFO - [2026-09-17T19:00:34.963+0000] {dag.py:4180} INFO - Setting next_dagrun for example_trigger_target_dag to None, run_after=None
[2026-09-17T19:00:34.988+0000] {processor.py:208} INFO - Processing /home/airflow/.local/lib/python3.12/site-packages/airflow/example_dags/example_trigger_target_dag.py took 0.084 seconds
[2026-09-17T19:01:05.657+0000] {processor.py:186} INFO - Started process (PID=1342) to work on /home/airflow/.local/lib/python3.12/site-packages/airflow/example_dags/example_trigger_target_dag.py
[2026-09-17T19:01:05.659+0000] {processor.py:914} INFO - Processing file /home/airflow/.local/lib/python3.12/site-packages/airflow/example_dags/example_trigger_target_dag.py for tasks to queue
[2026-09-17T19:01:05.662+0000] {logging_mixin.py:190} INFO - [2026-09-17T19:01:05.661+0000] {dagbag.py:588} INFO - Filling up the DagBag from /home/airflow/.local/lib/python3.12/site-packages/airflow/example_dags/example_trigger_target_dag.py
[2026-09-17T19:01:05.672+0000] {processor.py:925} INFO - DAG(s) 'example_trigger_target_dag' retrieved from /home/airflow/.local/lib/python3.12/site-packages/airflow/example_dags/example_trigger_target_dag.py
[2026-09-17T19:01:05.699+0000] {logging_mixin.py:190} INFO - [2026-09-17T19:01:05.699+0000] {dag.py:3239} INFO - Sync 1 DAGs
[2026-09-17T19:01:05.714+0000] {logging_mixin.py:190} INFO - [2026-09-17T19:01:05.713+0000] {dag.py:4180} INFO - Setting next_dagrun for example_trigger_target_dag to None, run_after=None
[2026-09-17T19:01:05.739+0000] {processor.py:208} INFO - Processing /home/airflow/.local/lib/python3.12/site-packages/airflow/example_dags/example_trigger_target_dag.py took 0.088 seconds
[2026-09-17T19:01:36.463+0000] {processor.py:186} INFO - Started process (PID=1406) to work on /home/airflow/.local/lib/python3.12/site-packages/airflow/example_dags/example_trigger_target_dag.py
[2026-09-17T19:01:36.466+0000] {processor.py:914} INFO - Processing file /home/airflow/.local/lib/python3.12/site-packages/airflow/example_dags/example_trigger_target_dag.py for tasks to queue
[2026-09-17T19:01:36.470+0000] {logging_mixin.py:190} INFO - [2026-09-17T19:01:36.469+0000] {dagbag.py:588} INFO - Filling up the DagBag from /home/airflow/.local/lib/python3.12/site-packages/airflow/example_dags/example_trigger_target_dag.py
[2026-09-17T19:01:36.493+0000] {processor.py:925} INFO - DAG(s) 'example_trigger_target_dag' retrieved from /home/airflow/.local/lib/python3.12/site-packages/airflow/example_dags/example_trigger_target_dag.py
[2026-09-17T19:01:36.555+0000] {logging_mixin.py:190} INFO - [2026-09-17T19:01:36.554+0000] {dag.py:3239} INFO - Sync 1 DAGs
[2026-09-17T19:01:36.585+0000] {logging_mixin.py:190} INFO - [2026-09-17T19:01:36.585+0000] {dag.py:4180} INFO - Setting next_dagrun for example_trigger_target_dag to None, run_after=None
[2026-09-17T19:01:36.624+0000] {processor.py:208} INFO - Processing /home/airflow/.local/lib/python3.12/site-packages/airflow/example_dags/example_trigger_target_dag.py took 0.172 seconds
[2026-09-17T19:02:06.792+0000] {processor.py:186} INFO - Started process (PID=1464) to work on /home/airflow/.local/lib/python3.12/site-packages/airflow/example_dags/example_trigger_target_dag.py
[2026-09-17T19:02:06.794+0000] {processor.py:914} INFO - Processing file /home/airflow/.local/lib/python3.12/site-packages/airflow/example_dags/example_trigger_target_dag.py for tasks to queue
[2026-09-17T19:02:06.798+0000] {logging_mixin.py:190} INFO - [2026-09-17T19:02:06.797+0000] {dagbag.py:588} INFO - Filling up the DagBag from /home/airflow/.local/lib/python3.12/site-packages/airflow/example_dags/example_trigger_target_dag.py
[2026-09-17T19:02:06.808+0000] {processor.py:925} INFO - DAG(s) 'example_trigger_target_dag' retrieved from /home/airflow/.local/lib/python3.12/site-packages/airflow/example_dags/example_trigger_target_dag.py
[2026-09-17T19:02:06.838+0000] {logging_mixin.py:190} INFO - [2026-09-17T19:02:06.838+0000] {dag.py:3239} INFO - Sync 1 DAGs
[2026-09-17T19:02:06.853+0000] {logging_mixin.py:190} INFO - [2026-09-17T19:02:06.853+0000] {dag.py:4180} INFO - Setting next_dagrun for example_trigger_target_dag to None, run_after=None
[2026-09-17T19:02:06.877+0000] {processor.py:208} INFO - Processing /home/airflow/.local/lib/python3.12/site-packages/airflow/example_dags/example_trigger_target_dag.py took 0.091 seconds
[2026-09-17T19:02:37.896+0000] {processor.py:186} INFO - Started process (PID=1529) to work on /home/airflow/.local/lib/python3.12/site-packages/airflow/example_dags/example_trigger_target_dag.py
[2026-09-17T19:02:37.898+0000] {processor.py:914} INFO - Processing file /home/airflow/.local/lib/python3.12/site-packages/airflow/example_dags/example_trigger_target_dag.py for tasks to queue
[2026-09-17T19:02:37.901+0000] {logging_mixin.py:190} INFO - [2026-09-17T19:02:37.901+0000] {dagbag.py:588} INFO - Filling up the DagBag from /home/airflow/.local/lib/python3.12/site-packages/airflow/example_dags/example_trigger_target_dag.py
[2026-09-17T19:02:37.912+0000] {processor.py:925} INFO - DAG(s) 'example_trigger_target_dag' retrieved from /home/airflow/.local/lib/python3.12/site-packages/airflow/example_dags/example_trigger_target_dag.py
[2026-09-17T19:02:37.943+0000] {logging_mixin.py:190} INFO - [2026-09-17T19:02:37.942+0000] {dag.py:3239} INFO - Sync 1 DAGs
[2026-09-17T19:02:37.960+0000] {logging_mixin.py:190} INFO - [2026-09-17T19:02:37.960+0000] {dag.py:4180} INFO - Setting next_dagrun for example_trigger_target_dag to None, run_after=None
[2026-09-17T19:02:37.986+0000] {processor.py:208} INFO - Processing /home/airflow/.local/lib/python3.12/site-packages/airflow/example_dags/example_trigger_target_dag.py took 0.096 seconds
[2026-09-17T19:03:08.270+0000] {processor.py:186} INFO - Started process (PID=1594) to work on /home/airflow/.local/lib/python3.12/site-packages/airflow/example_dags/example_trigger_target_dag.py
[2026-09-17T19:03:08.272+0000] {processor.py:914} INFO - Processing file /home/airflow/.local/lib/python3.12/site-packages/airflow/example_dags/example_trigger_target_dag.py for tasks to queue
[2026-09-17T19:03:08.275+0000] {logging_mixin.py:190} INFO - [2026-09-17T19:03:08.275+0000] {dagbag.py:588} INFO - Filling up the DagBag from /home/airflow/.local/lib/python3.12/site-packages/airflow/example_dags/example_trigger_target_dag.py
[2026-09-17T19:03:08.285+0000] {processor.py:925} INFO - DAG(s) 'example_trigger_target_dag' retrieved from /home/airflow/.local/lib/python3.12/site-packages/airflow/example_dags/example_trigger_target_dag.py
[2026-09-17T19:03:08.310+0000] {logging_mixin.py:190} INFO - [2026-09-17T19:03:08.310+0000] {dag.py:3239} INFO - Sync 1 DAGs
[2026-09-17T19:03:08.326+0000] {logging_mixin.py:190} INFO - [2026-09-17T19:03:08.326+0000] {dag.py:4180} INFO - Setting next_dagrun for example_trigger_target_dag to None, run_after=None
[2026-09-17T19:03:08.350+0000] {processor.py:208} INFO - Processing /home/airflow/.local/lib/python3.12/site-packages/airflow/example_dags/example_trigger_target_dag.py took 0.087 seconds
[2026-09-17T19:03:38.753+0000] {processor.py:186} INFO - Started process (PID=1659) to work on /home/airflow/.local/lib/python3.12/site-packages/airflow/example_dags/example_trigger_target_dag.py
[2026-09-17T19:03:38.756+0000] {processor.py:914} INFO - Processing file /home/airflow/.local/lib/python3.12/site-packages/airflow/example_dags/example_trigger_target_dag.py for tasks to queue
[2026-09-17T19:03:38.758+0000] {logging_mixin.py:190} INFO - [2026-09-17T19:03:38.758+0000] {dagbag.py:588} INFO - Filling up the DagBag from /home/airflow/.local/lib/python3.12/site-packages/airflow/example_dags/example_trigger_target_dag.py
[2026-09-17T19:03:38.771+0000] {processor.py:925} INFO - DAG(s) 'example_trigger_target_dag' retrieved from /home/airflow/.local/lib/python3.12/site-packages/airflow/example_dags/example_trigger_target_dag.py
[2026-09-17T19:03:38.804+0000] {logging_mixin.py:190} INFO - [2026-09-17T19:03:38.804+0000] {dag.py:3239} INFO - Sync 1 DAGs
[2026-09-17T19:03:38.824+0000] {logging_mixin.py:190} INFO - [2026-09-17T19:03:38.824+0000] {dag.py:4180} INFO - Setting next_dagrun for example_trigger_target_dag to None, run_after=None
[2026-09-17T19:03:38.856+0000] {processor.py:208} INFO - Processing /home/airflow/.local/lib/python3.12/site-packages/airflow/example_dags/example_trigger_target_dag.py took 0.111 seconds
[2026-09-17T19:04:09.350+0000] {processor.py:186} INFO - Started process (PID=1724) to work on /home/airflow/.local/lib/python3.12/site-packages/airflow/example_dags/example_trigger_target_dag.py
[2026-09-17T19:04:09.352+0000] {processor.py:914} INFO - Processing file /home/airflow/.local/lib/python3.12/site-packages/airflow/example_dags/example_trigger_target_dag.py for tasks to queue
[2026-09-17T19:04:09.354+0000] {logging_mixin.py:190} INFO - [2026-09-17T19:04:09.354+0000] {dagbag.py:588} INFO - Filling up the DagBag from /home/airflow/.local/lib/python3.12/site-packages/airflow/example_dags/example_trigger_target_dag.py
[2026-09-17T19:04:09.365+0000] {processor.py:925} INFO - DAG(s) 'example_trigger_target_dag' retrieved from /home/airflow/.local/lib/python3.12/site-packages/airflow/example_dags/example_trigger_target_dag.py
[2026-09-17T19:04:09.391+0000] {logging_mixin.py:190} INFO - [2026-09-17T19:04:09.391+0000] {dag.py:3239} INFO - Sync 1 DAGs
[2026-09-17T19:04:09.405+0000] {logging_mixin.py:190} INFO - [2026-09-17T19:04:09.405+0000] {dag.py:4180} INFO - Setting next_dagrun for example_trigger_target_dag to None, run_after=None
[2026-09-17T19:04:09.430+0000] {processor.py:208} INFO - Processing /home/airflow/.local/lib/python3.12/site-packages/airflow/example_dags/example_trigger_target_dag.py took 0.087 seconds
[2026-09-17T19:04:39.959+0000] {processor.py:186} INFO - Started process (PID=1789) to work on /home/airflow/.local/lib/python3.12/site-packages/airflow/example_dags/example_trigger_target_dag.py
[2026-09-17T19:04:39.960+0000] {processor.py:914} INFO - Processing file /home/airflow/.local/lib/python3.12/site-packages/airflow/example_dags/example_trigger_target_dag.py for tasks to queue
[2026-09-17T19:04:39.963+0000] {logging_mixin.py:190} INFO - [2026-09-17T19:04:39.962+0000] {dagbag.py:588} INFO - Filling up the DagBag from /home/airflow/.local/lib/python3.12/site-packages/airflow/example_dags/example_trigger_target_dag.py
[2026-09-17T19:04:39.972+0000] {processor.py:925} INFO - DAG(s) 'example_trigger_target_dag' retrieved from /home/airflow/.local/lib/python3.12/site-packages/airflow/example_dags/example_trigger_target_dag.py
[2026-09-17T19:04:39.999+0000] {logging_mixin.py:190} INFO - [2026-09-17T19:04:39.999+0000] {dag.py:3239} INFO - Sync 1 DAGs
[2026-09-17T19:04:40.014+0000] {logging_mixin.py:190} INFO - [2026-09-17T19:04:40.014+0000] {dag.py:4180} INFO - Setting next_dagrun for example_trigger_target_dag to None, run_after=None
[2026-09-17T19:04:40.035+0000] {processor.py:208} INFO - Processing /home/airflow/.local/lib/python3.12/site-packages/airflow/example_dags/example_trigger_target_dag.py took 0.082 seconds
[2026-09-17T19:05:10.106+0000] {processor.py:186} INFO - Started process (PID=1854) to work on /home/airflow/.local/lib/python3.12/site-packages/airflow/example_dags/example_trigger_target_dag.py
[2026-09-17T19:05:10.108+0000] {processor.py:914} INFO - Processing file /home/airflow/.local/lib/python3.12/site-packages/airflow/example_dags/example_trigger_target_dag.py for tasks to queue
[2026-09-17T19:05:10.110+0000] {logging_mixin.py:190} INFO - [2026-09-17T19:05:10.110+0000] {dagbag.py:588} INFO - Filling up the DagBag from /home/airflow/.local/lib/python3.12/site-packages/airflow/example_dags/example_trigger_target_dag.py
[2026-09-17T19:05:10.120+0000] {processor.py:925} INFO - DAG(s) 'example_trigger_target_dag' retrieved from /home/airflow/.local/lib/python3.12/site-packages/airflow/example_dags/example_trigger_target_dag.py
[2026-09-17T19:05:10.143+0000] {logging_mixin.py:190} INFO - [2026-09-17T19:05:10.143+0000] {dag.py:3239} INFO - Sync 1 DAGs
[2026-09-17T19:05:10.158+0000] {logging_mixin.py:190} INFO - [2026-09-17T19:05:10.158+0000] {dag.py:4180} INFO - Setting next_dagrun for example_trigger_target_dag to None, run_after=None
[2026-09-17T19:05:10.179+0000] {processor.py:208} INFO - Processing /home/airflow/.local/lib/python3.12/site-packages/airflow/example_dags/example_trigger_target_dag.py took 0.079 seconds
[2026-09-17T19:05:40.349+0000] {processor.py:186} INFO - Started process (PID=1919) to work on /home/airflow/.local/lib/python3.12/site-packages/airflow/example_dags/example_trigger_target_dag.py
[2026-09-17T19:05:40.351+0000] {processor.py:914} INFO - Processing file /home/airflow/.local/lib/python3.12/site-packages/airflow/example_dags/example_trigger_target_dag.py for tasks to queue
[2026-09-17T19:05:40.354+0000] {logging_mixin.py:190} INFO - [2026-09-17T19:05:40.353+0000] {dagbag.py:588} INFO - Filling up the DagBag from /home/airflow/.local/lib/python3.12/site-packages/airflow/example_dags/example_trigger_target_dag.py
[2026-09-17T19:05:40.365+0000] {processor.py:925} INFO - DAG(s) 'example_trigger_target_dag' retrieved from /home/airflow/.local/lib/python3.12/site-packages/airflow/example_dags/example_trigger_target_dag.py
[2026-09-17T19:05:40.400+0000] {logging_mixin.py:190} INFO - [2026-09-17T19:05:40.400+0000] {dag.py:3239} INFO - Sync 1 DAGs
[2026-09-17T19:05:40.422+0000] {logging_mixin.py:190} INFO - [2026-09-17T19:05:40.421+0000] {dag.py:4180} INFO - Setting next_dagrun for example_trigger_target_dag to None, run_after=None
[2026-09-17T19:05:40.473+0000] {processor.py:208} INFO - Processing /home/airflow/.local/lib/python3.12/site-packages/airflow/example_dags/example_trigger_target_dag.py took 0.132 seconds
[2026-09-17T19:06:11.126+0000] {processor.py:186} INFO - Started process (PID=1983) to work on /home/airflow/.local/lib/python3.12/site-packages/airflow/example_dags/example_trigger_target_dag.py
[2026-09-17T19:06:11.128+0000] {processor.py:914} INFO - Processing file /home/airflow/.local/lib/python3.12/site-packages/airflow/example_dags/example_trigger_target_dag.py for tasks to queue
[2026-09-17T19:06:11.130+0000] {logging_mixin.py:190} INFO - [2026-09-17T19:06:11.130+0000] {dagbag.py:588} INFO - Filling up the DagBag from /home/airflow/.local/lib/python3.12/site-packages/airflow/example_dags/example_trigger_target_dag.py
[2026-09-17T19:06:11.141+0000] {processor.py:925} INFO - DAG(s) 'example_trigger_target_dag' retrieved from /home/airflow/.local/lib/python3.12/site-packages/airflow/example_dags/example_trigger_target_dag.py
[2026-09-17T19:06:11.174+0000] {logging_mixin.py:190} INFO - [2026-09-17T19:06:11.174+0000] {dag.py:3239} INFO - Sync 1 DAGs
[2026-09-17T19:06:11.193+0000] {logging_mixin.py:190} INFO - [2026-09-17T19:06:11.192+0000] {dag.py:4180} INFO - Setting next_dagrun for example_trigger_target_dag to None, run_after=None
[2026-09-17T19:06:11.224+0000] {processor.py:208} INFO - Processing /home/airflow/.local/lib/python3.12/site-packages/airflow/example_dags/example_trigger_target_dag.py took 0.106 seconds
[2026-09-17T19:06:41.772+0000] {processor.py:186} INFO - Started process (PID=2040) to work on /home/airflow/.local/lib/python3.12/site-packages/airflow/example_dags/example_trigger_target_dag.py
[2026-09-17T19:06:41.774+0000] {processor.py:914} INFO - Processing file /home/airflow/.local/lib/python3.12/site-packages/airflow/example_dags/example_trigger_target_dag.py for tasks to queue
[2026-09-17T19:06:41.777+0000] {logging_mixin.py:190} INFO - [2026-09-17T19:06:41.776+0000] {dagbag.py:588} INFO - Filling up the DagBag from /home/airflow/.local/lib/python3.12/site-packages/airflow/example_dags/example_trigger_target_dag.py
[2026-09-17T19:06:41.785+0000] {processor.py:925} INFO - DAG(s) 'example_trigger_target_dag' retrieved from /home/airflow/.local/lib/python3.12/site-packages/airflow/example_dags/example_trigger_target_dag.py
[2026-09-17T19:06:41.811+0000] {logging_mixin.py:190} INFO - [2026-09-17T19:06:41.810+0000] {dag.py:3239} INFO - Sync 1 DAGs
[2026-09-17T19:06:41.828+0000] {logging_mixin.py:190} INFO - [2026-09-17T19:06:41.828+0000] {dag.py:4180} INFO - Setting next_dagrun for example_trigger_target_dag to None, run_after=None
[2026-09-17T19:06:41.851+0000] {processor.py:208} INFO - Processing /home/airflow/.local/lib/python3.12/site-packages/airflow/example_dags/example_trigger_target_dag.py took 0.085 seconds
[2026-09-17T19:07:12.274+0000] {processor.py:186} INFO - Started process (PID=2105) to work on /home/airflow/.local/lib/python3.12/site-packages/airflow/example_dags/example_trigger_target_dag.py
[2026-09-17T19:07:12.276+0000] {processor.py:914} INFO - Processing file /home/airflow/.local/lib/python3.12/site-packages/airflow/example_dags/example_trigger_target_dag.py for tasks to queue
[2026-09-17T19:07:12.278+0000] {logging_mixin.py:190} INFO - [2026-09-17T19:07:12.278+0000] {dagbag.py:588} INFO - Filling up the DagBag from /home/airflow/.local/lib/python3.12/site-packages/airflow/example_dags/example_trigger_target_dag.py
[2026-09-17T19:07:12.286+0000] {processor.py:925} INFO - DAG(s) 'example_trigger_target_dag' retrieved from /home/airflow/.local/lib/python3.12/site-packages/airflow/example_dags/example_trigger_target_dag.py
[2026-09-17T19:07:12.312+0000] {logging_mixin.py:190} INFO - [2026-09-17T19:07:12.312+0000] {dag.py:3239} INFO - Sync 1 DAGs
[2026-09-17T19:07:12.329+0000] {logging_mixin.py:190} INFO - [2026-09-17T19:07:12.329+0000] {dag.py:4180} INFO - Setting next_dagrun for example_trigger_target_dag to None, run_after=None
[2026-09-17T19:07:12.352+0000] {processor.py:208} INFO - Processing /home/airflow/.local/lib/python3.12/site-packages/airflow/example_dags/example_trigger_target_dag.py took 0.084 seconds
[2026-09-17T19:07:42.826+0000] {processor.py:186} INFO - Started process (PID=2170) to work on /home/airflow/.local/lib/python3.12/site-packages/airflow/example_dags/example_trigger_target_dag.py
[2026-09-17T19:07:42.828+0000] {processor.py:914} INFO - Processing file /home/airflow/.local/lib/python3.12/site-packages/airflow/example_dags/example_trigger_target_dag.py for tasks to queue
[2026-09-17T19:07:42.831+0000] {logging_mixin.py:190} INFO - [2026-09-17T19:07:42.831+0000] {dagbag.py:588} INFO - Filling up the DagBag from /home/airflow/.local/lib/python3.12/site-packages/airflow/example_dags/example_trigger_target_dag.py
[2026-09-17T19:07:42.840+0000] {processor.py:925} INFO - DAG(s) 'example_trigger_target_dag' retrieved from /home/airflow/.local/lib/python3.12/site-packages/airflow/example_dags/example_trigger_target_dag.py
[2026-09-17T19:07:42.866+0000] {logging_mixin.py:190} INFO - [2026-09-17T19:07:42.866+0000] {dag.py:3239} INFO - Sync 1 DAGs
[2026-09-17T19:07:42.881+0000] {logging_mixin.py:190} INFO - [2026-09-17T19:07:42.881+0000] {dag.py:4180} INFO - Setting next_dagrun for example_trigger_target_dag to None, run_after=None
[2026-09-17T19:07:42.906+0000] {processor.py:208} INFO - Processing /home/airflow/.local/lib/python3.12/site-packages/airflow/example_dags/example_trigger_target_dag.py took 0.087 seconds
[2026-09-17T19:08:12.981+0000] {processor.py:186} INFO - Started process (PID=2235) to work on /home/airflow/.local/lib/python3.12/site-packages/airflow/example_dags/example_trigger_target_dag.py
[2026-09-17T19:08:12.984+0000] {processor.py:914} INFO - Processing file /home/airflow/.local/lib/python3.12/site-packages/airflow/example_dags/example_trigger_target_dag.py for tasks to queue
[2026-09-17T19:08:12.986+0000] {logging_mixin.py:190} INFO - [2026-09-17T19:08:12.986+0000] {dagbag.py:588} INFO - Filling up the DagBag from /home/airflow/.local/lib/python3.12/site-packages/airflow/example_dags/example_trigger_target_dag.py
[2026-09-17T19:08:12.996+0000] {processor.py:925} INFO - DAG(s) 'example_trigger_target_dag' retrieved from /home/airflow/.local/lib/python3.12/site-packages/airflow/example_dags/example_trigger_target_dag.py
[2026-09-17T19:08:13.023+0000] {logging_mixin.py:190} INFO - [2026-09-17T19:08:13.023+0000] {dag.py:3239} INFO - Sync 1 DAGs
[2026-09-17T19:08:13.039+0000] {logging_mixin.py:190} INFO - [2026-09-17T19:08:13.039+0000] {dag.py:4180} INFO - Setting next_dagrun for example_trigger_target_dag to None, run_after=None
[2026-09-17T19:08:13.063+0000] {processor.py:208} INFO - Processing /home/airflow/.local/lib/python3.12/site-packages/airflow/example_dags/example_trigger_target_dag.py took 0.087 seconds
[2026-09-17T19:08:45.095+0000] {processor.py:186} INFO - Started process (PID=2301) to work on /home/airflow/.local/lib/python3.12/site-packages/airflow/example_dags/example_trigger_target_dag.py
[2026-09-17T19:08:45.097+0000] {processor.py:914} INFO - Processing file /home/airflow/.local/lib/python3.12/site-packages/airflow/example_dags/example_trigger_target_dag.py for tasks to queue
[2026-09-17T19:08:45.099+0000] {logging_mixin.py:190} INFO - [2026-09-17T19:08:45.099+0000] {dagbag.py:588} INFO - Filling up the DagBag from /home/airflow/.local/lib/python3.12/site-packages/airflow/example_dags/example_trigger_target_dag.py
[2026-09-17T19:08:45.109+0000] {processor.py:925} INFO - DAG(s) 'example_trigger_target_dag' retrieved from /home/airflow/.local/lib/python3.12/site-packages/airflow/example_dags/example_trigger_target_dag.py
[2026-09-17T19:08:45.140+0000] {logging_mixin.py:190} INFO - [2026-09-17T19:08:45.140+0000] {dag.py:3239} INFO - Sync 1 DAGs
[2026-09-17T19:08:45.158+0000] {logging_mixin.py:190} INFO - [2026-09-17T19:08:45.158+0000] {dag.py:4180} INFO - Setting next_dagrun for example_trigger_target_dag to None, run_after=None
[2026-09-17T19:08:45.182+0000] {processor.py:208} INFO - Processing /home/airflow/.local/lib/python3.12/site-packages/airflow/example_dags/example_trigger_target_dag.py took 0.094 seconds
[2026-09-17T19:09:15.776+0000] {processor.py:186} INFO - Started process (PID=2356) to work on /home/airflow/.local/lib/python3.12/site-packages/airflow/example_dags/example_trigger_target_dag.py
[2026-09-17T19:09:15.778+0000] {processor.py:914} INFO - Processing file /home/airflow/.local/lib/python3.12/site-packages/airflow/example_dags/example_trigger_target_dag.py for tasks to queue
[2026-09-17T19:09:15.780+0000] {logging_mixin.py:190} INFO - [2026-09-17T19:09:15.780+0000] {dagbag.py:588} INFO - Filling up the DagBag from /home/airflow/.local/lib/python3.12/site-packages/airflow/example_dags/example_trigger_target_dag.py
[2026-09-17T19:09:15.794+0000] {processor.py:925} INFO - DAG(s) 'example_trigger_target_dag' retrieved from /home/airflow/.local/lib/python3.12/site-packages/airflow/example_dags/example_trigger_target_dag.py
[2026-09-17T19:09:15.833+0000] {logging_mixin.py:190} INFO - [2026-09-17T19:09:15.832+0000] {dag.py:3239} INFO - Sync 1 DAGs
[2026-09-17T19:09:15.860+0000] {logging_mixin.py:190} INFO - [2026-09-17T19:09:15.859+0000] {dag.py:4180} INFO - Setting next_dagrun for example_trigger_target_dag to None, run_after=None
[2026-09-17T19:09:15.895+0000] {processor.py:208} INFO - Processing /home/airflow/.local/lib/python3.12/site-packages/airflow/example_dags/example_trigger_target_dag.py took 0.126 seconds
[2026-09-17T19:09:46.729+0000] {processor.py:186} INFO - Started process (PID=2421) to work on /home/airflow/.local/lib/python3.12/site-packages/airflow/example_dags/example_trigger_target_dag.py
[2026-09-17T19:09:46.731+0000] {processor.py:914} INFO - Processing file /home/airflow/.local/lib/python3.12/site-packages/airflow/example_dags/example_trigger_target_dag.py for tasks to queue
[2026-09-17T19:09:46.734+0000] {logging_mixin.py:190} INFO - [2026-09-17T19:09:46.734+0000] {dagbag.py:588} INFO - Filling up the DagBag from /home/airflow/.local/lib/python3.12/site-packages/airflow/example_dags/example_trigger_target_dag.py
[2026-09-17T19:09:46.744+0000] {processor.py:925} INFO - DAG(s) 'example_trigger_target_dag' retrieved from /home/airflow/.local/lib/python3.12/site-packages/airflow/example_dags/example_trigger_target_dag.py
[2026-09-17T19:09:46.769+0000] {logging_mixin.py:190} INFO - [2026-09-17T19:09:46.769+0000] {dag.py:3239} INFO - Sync 1 DAGs
[2026-09-17T19:09:46.785+0000] {logging_mixin.py:190} INFO - [2026-09-17T19:09:46.785+0000] {dag.py:4180} INFO - Setting next_dagrun for example_trigger_target_dag to None, run_after=None
[2026-09-17T19:09:46.813+0000] {processor.py:208} INFO - Processing /home/airflow/.local/lib/python3.12/site-packages/airflow/example_dags/example_trigger_target_dag.py took 0.089 seconds
[2026-09-17T19:10:17.486+0000] {processor.py:186} INFO - Started process (PID=2480) to work on /home/airflow/.local/lib/python3.12/site-packages/airflow/example_dags/example_trigger_target_dag.py
[2026-09-17T19:10:17.488+0000] {processor.py:914} INFO - Processing file /home/airflow/.local/lib/python3.12/site-packages/airflow/example_dags/example_trigger_target_dag.py for tasks to queue
[2026-09-17T19:10:17.490+0000] {logging_mixin.py:190} INFO - [2026-09-17T19:10:17.490+0000] {dagbag.py:588} INFO - Filling up the DagBag from /home/airflow/.local/lib/python3.12/site-packages/airflow/example_dags/example_trigger_target_dag.py
[2026-09-17T19:10:17.500+0000] {processor.py:925} INFO - DAG(s) 'example_trigger_target_dag' retrieved from /home/airflow/.local/lib/python3.12/site-packages/airflow/example_dags/example_trigger_target_dag.py
[2026-09-17T19:10:17.529+0000] {logging_mixin.py:190} INFO - [2026-09-17T19:10:17.529+0000] {dag.py:3239} INFO - Sync 1 DAGs
[2026-09-17T19:10:17.546+0000] {logging_mixin.py:190} INFO - [2026-09-17T19:10:17.546+0000] {dag.py:4180} INFO - Setting next_dagrun for example_trigger_target_dag to None, run_after=None
[2026-09-17T19:10:17.578+0000] {processor.py:208} INFO - Processing /home/airflow/.local/lib/python3.12/site-packages/airflow/example_dags/example_trigger_target_dag.py took 0.098 seconds
[2026-09-17T19:10:48.501+0000] {processor.py:186} INFO - Started process (PID=2545) to work on /home/airflow/.local/lib/python3.12/site-packages/airflow/example_dags/example_trigger_target_dag.py
[2026-09-17T19:10:48.504+0000] {processor.py:914} INFO - Processing file /home/airflow/.local/lib/python3.12/site-packages/airflow/example_dags/example_trigger_target_dag.py for tasks to queue
[2026-09-17T19:10:48.506+0000] {logging_mixin.py:190} INFO - [2026-09-17T19:10:48.506+0000] {dagbag.py:588} INFO - Filling up the DagBag from /home/airflow/.local/lib/python3.12/site-packages/airflow/example_dags/example_trigger_target_dag.py
[2026-09-17T19:10:48.517+0000] {processor.py:925} INFO - DAG(s) 'example_trigger_target_dag' retrieved from /home/airflow/.local/lib/python3.12/site-packages/airflow/example_dags/example_trigger_target_dag.py
[2026-09-17T19:10:48.546+0000] {logging_mixin.py:190} INFO - [2026-09-17T19:10:48.545+0000] {dag.py:3239} INFO - Sync 1 DAGs
[2026-09-17T19:10:48.564+0000] {logging_mixin.py:190} INFO - [2026-09-17T19:10:48.564+0000] {dag.py:4180} INFO - Setting next_dagrun for example_trigger_target_dag to None, run_after=None
[2026-09-17T19:10:48.593+0000] {processor.py:208} INFO - Processing /home/airflow/.local/lib/python3.12/site-packages/airflow/example_dags/example_trigger_target_dag.py took 0.099 seconds
[2026-09-17T19:11:19.546+0000] {processor.py:186} INFO - Started process (PID=2609) to work on /home/airflow/.local/lib/python3.12/site-packages/airflow/example_dags/example_trigger_target_dag.py
[2026-09-17T19:11:19.549+0000] {processor.py:914} INFO - Processing file /home/airflow/.local/lib/python3.12/site-packages/airflow/example_dags/example_trigger_target_dag.py for tasks to queue
[2026-09-17T19:11:19.551+0000] {logging_mixin.py:190} INFO - [2026-09-17T19:11:19.551+0000] {dagbag.py:588} INFO - Filling up the DagBag from /home/airflow/.local/lib/python3.12/site-packages/airflow/example_dags/example_trigger_target_dag.py
[2026-09-17T19:11:19.562+0000] {processor.py:925} INFO - DAG(s) 'example_trigger_target_dag' retrieved from /home/airflow/.local/lib/python3.12/site-packages/airflow/example_dags/example_trigger_target_dag.py
[2026-09-17T19:11:19.589+0000] {logging_mixin.py:190} INFO - [2026-09-17T19:11:19.589+0000] {dag.py:3239} INFO - Sync 1 DAGs
[2026-09-17T19:11:19.604+0000] {logging_mixin.py:190} INFO - [2026-09-17T19:11:19.604+0000] {dag.py:4180} INFO - Setting next_dagrun for example_trigger_target_dag to None, run_after=None
[2026-09-17T19:11:19.628+0000] {processor.py:208} INFO - Processing /home/airflow/.local/lib/python3.12/site-packages/airflow/example_dags/example_trigger_target_dag.py took 0.089 seconds
[2026-09-17T19:11:50.343+0000] {processor.py:186} INFO - Started process (PID=2672) to work on /home/airflow/.local/lib/python3.12/site-packages/airflow/example_dags/example_trigger_target_dag.py
[2026-09-17T19:11:50.345+0000] {processor.py:914} INFO - Processing file /home/airflow/.local/lib/python3.12/site-packages/airflow/example_dags/example_trigger_target_dag.py for tasks to queue
[2026-09-17T19:11:50.347+0000] {logging_mixin.py:190} INFO - [2026-09-17T19:11:50.346+0000] {dagbag.py:588} INFO - Filling up the DagBag from /home/airflow/.local/lib/python3.12/site-packages/airflow/example_dags/example_trigger_target_dag.py
[2026-09-17T19:11:50.358+0000] {processor.py:925} INFO - DAG(s) 'example_trigger_target_dag' retrieved from /home/airflow/.local/lib/python3.12/site-packages/airflow/example_dags/example_trigger_target_dag.py
[2026-09-17T19:11:50.390+0000] {logging_mixin.py:190} INFO - [2026-09-17T19:11:50.389+0000] {dag.py:3239} INFO - Sync 1 DAGs
[2026-09-17T19:11:50.411+0000] {logging_mixin.py:190} INFO - [2026-09-17T19:11:50.411+0000] {dag.py:4180} INFO - Setting next_dagrun for example_trigger_target_dag to None, run_after=None
[2026-09-17T19:11:50.438+0000] {processor.py:208} INFO - Processing /home/airflow/.local/lib/python3.12/site-packages/airflow/example_dags/example_trigger_target_dag.py took 0.103 seconds
[2026-09-17T19:12:21.555+0000] {processor.py:186} INFO - Started process (PID=2734) to work on /home/airflow/.local/lib/python3.12/site-packages/airflow/example_dags/example_trigger_target_dag.py
[2026-09-17T19:12:21.557+0000] {processor.py:914} INFO - Processing file /home/airflow/.local/lib/python3.12/site-packages/airflow/example_dags/example_trigger_target_dag.py for tasks to queue
[2026-09-17T19:12:21.560+0000] {logging_mixin.py:190} INFO - [2026-09-17T19:12:21.559+0000] {dagbag.py:588} INFO - Filling up the DagBag from /home/airflow/.local/lib/python3.12/site-packages/airflow/example_dags/example_trigger_target_dag.py
[2026-09-17T19:12:21.570+0000] {processor.py:925} INFO - DAG(s) 'example_trigger_target_dag' retrieved from /home/airflow/.local/lib/python3.12/site-packages/airflow/example_dags/example_trigger_target_dag.py
[2026-09-17T19:12:21.603+0000] {logging_mixin.py:190} INFO - [2026-09-17T19:12:21.603+0000] {dag.py:3239} INFO - Sync 1 DAGs
[2026-09-17T19:12:21.620+0000] {logging_mixin.py:190} INFO - [2026-09-17T19:12:21.620+0000] {dag.py:4180} INFO - Setting next_dagrun for example_trigger_target_dag to None, run_after=None
[2026-09-17T19:12:21.648+0000] {processor.py:208} INFO - Processing /home/airflow/.local/lib/python3.12/site-packages/airflow/example_dags/example_trigger_target_dag.py took 0.100 seconds
[2026-09-17T19:12:53.303+0000] {processor.py:186} INFO - Started process (PID=2793) to work on /home/airflow/.local/lib/python3.12/site-packages/airflow/example_dags/example_trigger_target_dag.py
[2026-09-17T19:12:53.305+0000] {processor.py:914} INFO - Processing file /home/airflow/.local/lib/python3.12/site-packages/airflow/example_dags/example_trigger_target_dag.py for tasks to queue
[2026-09-17T19:12:53.307+0000] {logging_mixin.py:190} INFO - [2026-09-17T19:12:53.307+0000] {dagbag.py:588} INFO - Filling up the DagBag from /home/airflow/.local/lib/python3.12/site-packages/airflow/example_dags/example_trigger_target_dag.py
[2026-09-17T19:12:53.316+0000] {processor.py:925} INFO - DAG(s) 'example_trigger_target_dag' retrieved from /home/airflow/.local/lib/python3.12/site-packages/airflow/example_dags/example_trigger_target_dag.py
[2026-09-17T19:12:53.341+0000] {logging_mixin.py:190} INFO - [2026-09-17T19:12:53.341+0000] {dag.py:3239} INFO - Sync 1 DAGs
[2026-09-17T19:12:53.356+0000] {logging_mixin.py:190} INFO - [2026-09-17T19:12:53.356+0000] {dag.py:4180} INFO - Setting next_dagrun for example_trigger_target_dag to None, run_after=None
[2026-09-17T19:12:53.380+0000] {processor.py:208} INFO - Processing /home/airflow/.local/lib/python3.12/site-packages/airflow/example_dags/example_trigger_target_dag.py took 0.083 seconds
[2026-09-17T19:13:23.799+0000] {processor.py:186} INFO - Started process (PID=2857) to work on /home/airflow/.local/lib/python3.12/site-packages/airflow/example_dags/example_trigger_target_dag.py
[2026-09-17T19:13:23.801+0000] {processor.py:914} INFO - Processing file /home/airflow/.local/lib/python3.12/site-packages/airflow/example_dags/example_trigger_target_dag.py for tasks to queue
[2026-09-17T19:13:23.804+0000] {logging_mixin.py:190} INFO - [2026-09-17T19:13:23.803+0000] {dagbag.py:588} INFO - Filling up the DagBag from /home/airflow/.local/lib/python3.12/site-packages/airflow/example_dags/example_trigger_target_dag.py
[2026-09-17T19:13:23.815+0000] {processor.py:925} INFO - DAG(s) 'example_trigger_target_dag' retrieved from /home/airflow/.local/lib/python3.12/site-packages/airflow/example_dags/example_trigger_target_dag.py
[2026-09-17T19:13:23.848+0000] {logging_mixin.py:190} INFO - [2026-09-17T19:13:23.848+0000] {dag.py:3239} INFO - Sync 1 DAGs
[2026-09-17T19:13:23.864+0000] {logging_mixin.py:190} INFO - [2026-09-17T19:13:23.864+0000] {dag.py:4180} INFO - Setting next_dagrun for example_trigger_target_dag to None, run_after=None
[2026-09-17T19:13:23.890+0000] {processor.py:208} INFO - Processing /home/airflow/.local/lib/python3.12/site-packages/airflow/example_dags/example_trigger_target_dag.py took 0.099 seconds
[2026-09-17T19:13:54.620+0000] {processor.py:186} INFO - Started process (PID=2921) to work on /home/airflow/.local/lib/python3.12/site-packages/airflow/example_dags/example_trigger_target_dag.py
[2026-09-17T19:13:54.623+0000] {processor.py:914} INFO - Processing file /home/airflow/.local/lib/python3.12/site-packages/airflow/example_dags/example_trigger_target_dag.py for tasks to queue
[2026-09-17T19:13:54.626+0000] {logging_mixin.py:190} INFO - [2026-09-17T19:13:54.625+0000] {dagbag.py:588} INFO - Filling up the DagBag from /home/airflow/.local/lib/python3.12/site-packages/airflow/example_dags/example_trigger_target_dag.py
[2026-09-17T19:13:54.641+0000] {processor.py:925} INFO - DAG(s) 'example_trigger_target_dag' retrieved from /home/airflow/.local/lib/python3.12/site-packages/airflow/example_dags/example_trigger_target_dag.py
[2026-09-17T19:13:54.706+0000] {logging_mixin.py:190} INFO - [2026-09-17T19:13:54.706+0000] {dag.py:3239} INFO - Sync 1 DAGs
[2026-09-17T19:13:54.741+0000] {logging_mixin.py:190} INFO - [2026-09-17T19:13:54.741+0000] {dag.py:4180} INFO - Setting next_dagrun for example_trigger_target_dag to None, run_after=None
[2026-09-17T19:13:54.801+0000] {processor.py:208} INFO - Processing /home/airflow/.local/lib/python3.12/site-packages/airflow/example_dags/example_trigger_target_dag.py took 0.191 seconds
[2026-09-17T19:14:25.067+0000] {processor.py:186} INFO - Started process (PID=2986) to work on /home/airflow/.local/lib/python3.12/site-packages/airflow/example_dags/example_trigger_target_dag.py
[2026-09-17T19:14:25.069+0000] {processor.py:914} INFO - Processing file /home/airflow/.local/lib/python3.12/site-packages/airflow/example_dags/example_trigger_target_dag.py for tasks to queue
[2026-09-17T19:14:25.071+0000] {logging_mixin.py:190} INFO - [2026-09-17T19:14:25.071+0000] {dagbag.py:588} INFO - Filling up the DagBag from /home/airflow/.local/lib/python3.12/site-packages/airflow/example_dags/example_trigger_target_dag.py
[2026-09-17T19:14:25.081+0000] {processor.py:925} INFO - DAG(s) 'example_trigger_target_dag' retrieved from /home/airflow/.local/lib/python3.12/site-packages/airflow/example_dags/example_trigger_target_dag.py
[2026-09-17T19:14:25.113+0000] {logging_mixin.py:190} INFO - [2026-09-17T19:14:25.112+0000] {dag.py:3239} INFO - Sync 1 DAGs
[2026-09-17T19:14:25.129+0000] {logging_mixin.py:190} INFO - [2026-09-17T19:14:25.129+0000] {dag.py:4180} INFO - Setting next_dagrun for example_trigger_target_dag to None, run_after=None
[2026-09-17T19:14:25.153+0000] {processor.py:208} INFO - Processing /home/airflow/.local/lib/python3.12/site-packages/airflow/example_dags/example_trigger_target_dag.py took 0.091 seconds
[2026-09-17T19:14:55.746+0000] {processor.py:186} INFO - Started process (PID=3051) to work on /home/airflow/.local/lib/python3.12/site-packages/airflow/example_dags/example_trigger_target_dag.py
[2026-09-17T19:14:55.748+0000] {processor.py:914} INFO - Processing file /home/airflow/.local/lib/python3.12/site-packages/airflow/example_dags/example_trigger_target_dag.py for tasks to queue
[2026-09-17T19:14:55.751+0000] {logging_mixin.py:190} INFO - [2026-09-17T19:14:55.750+0000] {dagbag.py:588} INFO - Filling up the DagBag from /home/airflow/.local/lib/python3.12/site-packages/airflow/example_dags/example_trigger_target_dag.py
[2026-09-17T19:14:55.760+0000] {processor.py:925} INFO - DAG(s) 'example_trigger_target_dag' retrieved from /home/airflow/.local/lib/python3.12/site-packages/airflow/example_dags/example_trigger_target_dag.py
[2026-09-17T19:14:55.786+0000] {logging_mixin.py:190} INFO - [2026-09-17T19:14:55.786+0000] {dag.py:3239} INFO - Sync 1 DAGs
[2026-09-17T19:14:55.802+0000] {logging_mixin.py:190} INFO - [2026-09-17T19:14:55.802+0000] {dag.py:4180} INFO - Setting next_dagrun for example_trigger_target_dag to None, run_after=None
[2026-09-17T19:14:55.828+0000] {processor.py:208} INFO - Processing /home/airflow/.local/lib/python3.12/site-packages/airflow/example_dags/example_trigger_target_dag.py took 0.089 seconds
[2026-09-17T19:15:26.779+0000] {processor.py:186} INFO - Started process (PID=3115) to work on /home/airflow/.local/lib/python3.12/site-packages/airflow/example_dags/example_trigger_target_dag.py
[2026-09-17T19:15:26.781+0000] {processor.py:914} INFO - Processing file /home/airflow/.local/lib/python3.12/site-packages/airflow/example_dags/example_trigger_target_dag.py for tasks to queue
[2026-09-17T19:15:26.783+0000] {logging_mixin.py:190} INFO - [2026-09-17T19:15:26.783+0000] {dagbag.py:588} INFO - Filling up the DagBag from /home/airflow/.local/lib/python3.12/site-packages/airflow/example_dags/example_trigger_target_dag.py
[2026-09-17T19:15:26.795+0000] {processor.py:925} INFO - DAG(s) 'example_trigger_target_dag' retrieved from /home/airflow/.local/lib/python3.12/site-packages/airflow/example_dags/example_trigger_target_dag.py
[2026-09-17T19:15:26.824+0000] {logging_mixin.py:190} INFO - [2026-09-17T19:15:26.824+0000] {dag.py:3239} INFO - Sync 1 DAGs
[2026-09-17T19:15:26.841+0000] {logging_mixin.py:190} INFO - [2026-09-17T19:15:26.841+0000] {dag.py:4180} INFO - Setting next_dagrun for example_trigger_target_dag to None, run_after=None
[2026-09-17T19:15:26.864+0000] {processor.py:208} INFO - Processing /home/airflow/.local/lib/python3.12/site-packages/airflow/example_dags/example_trigger_target_dag.py took 0.093 seconds
[2026-09-17T19:15:56.969+0000] {processor.py:186} INFO - Started process (PID=3179) to work on /home/airflow/.local/lib/python3.12/site-packages/airflow/example_dags/example_trigger_target_dag.py
[2026-09-17T19:15:56.971+0000] {processor.py:914} INFO - Processing file /home/airflow/.local/lib/python3.12/site-packages/airflow/example_dags/example_trigger_target_dag.py for tasks to queue
[2026-09-17T19:15:56.973+0000] {logging_mixin.py:190} INFO - [2026-09-17T19:15:56.973+0000] {dagbag.py:588} INFO - Filling up the DagBag from /home/airflow/.local/lib/python3.12/site-packages/airflow/example_dags/example_trigger_target_dag.py
[2026-09-17T19:15:56.983+0000] {processor.py:925} INFO - DAG(s) 'example_trigger_target_dag' retrieved from /home/airflow/.local/lib/python3.12/site-packages/airflow/example_dags/example_trigger_target_dag.py
[2026-09-17T19:15:57.010+0000] {logging_mixin.py:190} INFO - [2026-09-17T19:15:57.010+0000] {dag.py:3239} INFO - Sync 1 DAGs
[2026-09-17T19:15:57.026+0000] {logging_mixin.py:190} INFO - [2026-09-17T19:15:57.026+0000] {dag.py:4180} INFO - Setting next_dagrun for example_trigger_target_dag to None, run_after=None
[2026-09-17T19:15:57.051+0000] {processor.py:208} INFO - Processing /home/airflow/.local/lib/python3.12/site-packages/airflow/example_dags/example_trigger_target_dag.py took 0.089 seconds
[2026-09-17T19:16:27.508+0000] {processor.py:186} INFO - Started process (PID=3244) to work on /home/airflow/.local/lib/python3.12/site-packages/airflow/example_dags/example_trigger_target_dag.py
[2026-09-17T19:16:27.510+0000] {processor.py:914} INFO - Processing file /home/airflow/.local/lib/python3.12/site-packages/airflow/example_dags/example_trigger_target_dag.py for tasks to queue
[2026-09-17T19:16:27.512+0000] {logging_mixin.py:190} INFO - [2026-09-17T19:16:27.511+0000] {dagbag.py:588} INFO - Filling up the DagBag from /home/airflow/.local/lib/python3.12/site-packages/airflow/example_dags/example_trigger_target_dag.py
[2026-09-17T19:16:27.520+0000] {processor.py:925} INFO - DAG(s) 'example_trigger_target_dag' retrieved from /home/airflow/.local/lib/python3.12/site-packages/airflow/example_dags/example_trigger_target_dag.py
[2026-09-17T19:16:27.547+0000] {logging_mixin.py:190} INFO - [2026-09-17T19:16:27.547+0000] {dag.py:3239} INFO - Sync 1 DAGs
[2026-09-17T19:16:27.561+0000] {logging_mixin.py:190} INFO - [2026-09-17T19:16:27.561+0000] {dag.py:4180} INFO - Setting next_dagrun for example_trigger_target_dag to None, run_after=None
[2026-09-17T19:16:27.582+0000] {processor.py:208} INFO - Processing /home/airflow/.local/lib/python3.12/site-packages/airflow/example_dags/example_trigger_target_dag.py took 0.080 seconds
[2026-09-17T19:16:58.468+0000] {processor.py:186} INFO - Started process (PID=3309) to work on /home/airflow/.local/lib/python3.12/site-packages/airflow/example_dags/example_trigger_target_dag.py
[2026-09-17T19:16:58.470+0000] {processor.py:914} INFO - Processing file /home/airflow/.local/lib/python3.12/site-packages/airflow/example_dags/example_trigger_target_dag.py for tasks to queue
[2026-09-17T19:16:58.472+0000] {logging_mixin.py:190} INFO - [2026-09-17T19:16:58.472+0000] {dagbag.py:588} INFO - Filling up the DagBag from /home/airflow/.local/lib/python3.12/site-packages/airflow/example_dags/example_trigger_target_dag.py
[2026-09-17T19:16:58.484+0000] {processor.py:925} INFO - DAG(s) 'example_trigger_target_dag' retrieved from /home/airflow/.local/lib/python3.12/site-packages/airflow/example_dags/example_trigger_target_dag.py
[2026-09-17T19:16:58.510+0000] {logging_mixin.py:190} INFO - [2026-09-17T19:16:58.510+0000] {dag.py:3239} INFO - Sync 1 DAGs
[2026-09-17T19:16:58.527+0000] {logging_mixin.py:190} INFO - [2026-09-17T19:16:58.526+0000] {dag.py:4180} INFO - Setting next_dagrun for example_trigger_target_dag to None, run_after=None
[2026-09-17T19:16:58.551+0000] {processor.py:208} INFO - Processing /home/airflow/.local/lib/python3.12/site-packages/airflow/example_dags/example_trigger_target_dag.py took 0.089 seconds
[2026-09-17T19:17:28.762+0000] {processor.py:186} INFO - Started process (PID=3374) to work on /home/airflow/.local/lib/python3.12/site-packages/airflow/example_dags/example_trigger_target_dag.py
[2026-09-17T19:17:28.764+0000] {processor.py:914} INFO - Processing file /home/airflow/.local/lib/python3.12/site-packages/airflow/example_dags/example_trigger_target_dag.py for tasks to queue
[2026-09-17T19:17:28.766+0000] {logging_mixin.py:190} INFO - [2026-09-17T19:17:28.765+0000] {dagbag.py:588} INFO - Filling up the DagBag from /home/airflow/.local/lib/python3.12/site-packages/airflow/example_dags/example_trigger_target_dag.py
[2026-09-17T19:17:28.775+0000] {processor.py:925} INFO - DAG(s) 'example_trigger_target_dag' retrieved from /home/airflow/.local/lib/python3.12/site-packages/airflow/example_dags/example_trigger_target_dag.py
[2026-09-17T19:17:28.801+0000] {logging_mixin.py:190} INFO - [2026-09-17T19:17:28.801+0000] {dag.py:3239} INFO - Sync 1 DAGs
[2026-09-17T19:17:28.815+0000] {logging_mixin.py:190} INFO - [2026-09-17T19:17:28.815+0000] {dag.py:4180} INFO - Setting next_dagrun for example_trigger_target_dag to None, run_after=None
[2026-09-17T19:17:28.836+0000] {processor.py:208} INFO - Processing /home/airflow/.local/lib/python3.12/site-packages/airflow/example_dags/example_trigger_target_dag.py took 0.080 seconds
[2026-09-17T19:17:58.964+0000] {processor.py:186} INFO - Started process (PID=3437) to work on /home/airflow/.local/lib/python3.12/site-packages/airflow/example_dags/example_trigger_target_dag.py
[2026-09-17T19:17:58.966+0000] {processor.py:914} INFO - Processing file /home/airflow/.local/lib/python3.12/site-packages/airflow/example_dags/example_trigger_target_dag.py for tasks to queue
[2026-09-17T19:17:58.968+0000] {logging_mixin.py:190} INFO - [2026-09-17T19:17:58.968+0000] {dagbag.py:588} INFO - Filling up the DagBag from /home/airflow/.local/lib/python3.12/site-packages/airflow/example_dags/example_trigger_target_dag.py
[2026-09-17T19:17:58.978+0000] {processor.py:925} INFO - DAG(s) 'example_trigger_target_dag' retrieved from /home/airflow/.local/lib/python3.12/site-packages/airflow/example_dags/example_trigger_target_dag.py
[2026-09-17T19:17:59.004+0000] {logging_mixin.py:190} INFO - [2026-09-17T19:17:59.004+0000] {dag.py:3239} INFO - Sync 1 DAGs
[2026-09-17T19:17:59.021+0000] {logging_mixin.py:190} INFO - [2026-09-17T19:17:59.020+0000] {dag.py:4180} INFO - Setting next_dagrun for example_trigger_target_dag to None, run_after=None
[2026-09-17T19:17:59.046+0000] {processor.py:208} INFO - Processing /home/airflow/.local/lib/python3.12/site-packages/airflow/example_dags/example_trigger_target_dag.py took 0.088 seconds
[2026-09-17T19:18:29.568+0000] {processor.py:186} INFO - Started process (PID=3495) to work on /home/airflow/.local/lib/python3.12/site-packages/airflow/example_dags/example_trigger_target_dag.py
[2026-09-17T19:18:29.570+0000] {processor.py:914} INFO - Processing file /home/airflow/.local/lib/python3.12/site-packages/airflow/example_dags/example_trigger_target_dag.py for tasks to queue
[2026-09-17T19:18:29.572+0000] {logging_mixin.py:190} INFO - [2026-09-17T19:18:29.572+0000] {dagbag.py:588} INFO - Filling up the DagBag from /home/airflow/.local/lib/python3.12/site-packages/airflow/example_dags/example_trigger_target_dag.py
[2026-09-17T19:18:29.582+0000] {processor.py:925} INFO - DAG(s) 'example_trigger_target_dag' retrieved from /home/airflow/.local/lib/python3.12/site-packages/airflow/example_dags/example_trigger_target_dag.py
[2026-09-17T19:18:29.609+0000] {logging_mixin.py:190} INFO - [2026-09-17T19:18:29.608+0000] {dag.py:3239} INFO - Sync 1 DAGs
[2026-09-17T19:18:29.624+0000] {logging_mixin.py:190} INFO - [2026-09-17T19:18:29.624+0000] {dag.py:4180} INFO - Setting next_dagrun for example_trigger_target_dag to None, run_after=None
[2026-09-17T19:18:29.647+0000] {processor.py:208} INFO - Processing /home/airflow/.local/lib/python3.12/site-packages/airflow/example_dags/example_trigger_target_dag.py took 0.086 seconds
[2026-09-17T19:19:00.166+0000] {processor.py:186} INFO - Started process (PID=3560) to work on /home/airflow/.local/lib/python3.12/site-packages/airflow/example_dags/example_trigger_target_dag.py
[2026-09-17T19:19:00.168+0000] {processor.py:914} INFO - Processing file /home/airflow/.local/lib/python3.12/site-packages/airflow/example_dags/example_trigger_target_dag.py for tasks to queue
[2026-09-17T19:19:00.170+0000] {logging_mixin.py:190} INFO - [2026-09-17T19:19:00.170+0000] {dagbag.py:588} INFO - Filling up the DagBag from /home/airflow/.local/lib/python3.12/site-packages/airflow/example_dags/example_trigger_target_dag.py
[2026-09-17T19:19:00.178+0000] {processor.py:925} INFO - DAG(s) 'example_trigger_target_dag' retrieved from /home/airflow/.local/lib/python3.12/site-packages/airflow/example_dags/example_trigger_target_dag.py
[2026-09-17T19:19:00.202+0000] {logging_mixin.py:190} INFO - [2026-09-17T19:19:00.202+0000] {dag.py:3239} INFO - Sync 1 DAGs
[2026-09-17T19:19:00.217+0000] {logging_mixin.py:190} INFO - [2026-09-17T19:19:00.217+0000] {dag.py:4180} INFO - Setting next_dagrun for example_trigger_target_dag to None, run_after=None
[2026-09-17T19:19:00.236+0000] {processor.py:208} INFO - Processing /home/airflow/.local/lib/python3.12/site-packages/airflow/example_dags/example_trigger_target_dag.py took 0.076 seconds
[2026-09-17T19:19:30.438+0000] {processor.py:186} INFO - Started process (PID=3625) to work on /home/airflow/.local/lib/python3.12/site-packages/airflow/example_dags/example_trigger_target_dag.py
[2026-09-17T19:19:30.440+0000] {processor.py:914} INFO - Processing file /home/airflow/.local/lib/python3.12/site-packages/airflow/example_dags/example_trigger_target_dag.py for tasks to queue
[2026-09-17T19:19:30.443+0000] {logging_mixin.py:190} INFO - [2026-09-17T19:19:30.442+0000] {dagbag.py:588} INFO - Filling up the DagBag from /home/airflow/.local/lib/python3.12/site-packages/airflow/example_dags/example_trigger_target_dag.py
[2026-09-17T19:19:30.453+0000] {processor.py:925} INFO - DAG(s) 'example_trigger_target_dag' retrieved from /home/airflow/.local/lib/python3.12/site-packages/airflow/example_dags/example_trigger_target_dag.py
[2026-09-17T19:19:30.479+0000] {logging_mixin.py:190} INFO - [2026-09-17T19:19:30.479+0000] {dag.py:3239} INFO - Sync 1 DAGs
[2026-09-17T19:19:30.497+0000] {logging_mixin.py:190} INFO - [2026-09-17T19:19:30.497+0000] {dag.py:4180} INFO - Setting next_dagrun for example_trigger_target_dag to None, run_after=None
[2026-09-17T19:19:30.519+0000] {processor.py:208} INFO - Processing /home/airflow/.local/lib/python3.12/site-packages/airflow/example_dags/example_trigger_target_dag.py took 0.087 seconds
[2026-09-17T19:20:01.031+0000] {processor.py:186} INFO - Started process (PID=3690) to work on /home/airflow/.local/lib/python3.12/site-packages/airflow/example_dags/example_trigger_target_dag.py
[2026-09-17T19:20:01.033+0000] {processor.py:914} INFO - Processing file /home/airflow/.local/lib/python3.12/site-packages/airflow/example_dags/example_trigger_target_dag.py for tasks to queue
[2026-09-17T19:20:01.036+0000] {logging_mixin.py:190} INFO - [2026-09-17T19:20:01.035+0000] {dagbag.py:588} INFO - Filling up the DagBag from /home/airflow/.local/lib/python3.12/site-packages/airflow/example_dags/example_trigger_target_dag.py
[2026-09-17T19:20:01.046+0000] {processor.py:925} INFO - DAG(s) 'example_trigger_target_dag' retrieved from /home/airflow/.local/lib/python3.12/site-packages/airflow/example_dags/example_trigger_target_dag.py
[2026-09-17T19:20:01.071+0000] {logging_mixin.py:190} INFO - [2026-09-17T19:20:01.071+0000] {dag.py:3239} INFO - Sync 1 DAGs
[2026-09-17T19:20:01.087+0000] {logging_mixin.py:190} INFO - [2026-09-17T19:20:01.086+0000] {dag.py:4180} INFO - Setting next_dagrun for example_trigger_target_dag to None, run_after=None
[2026-09-17T19:20:01.113+0000] {processor.py:208} INFO - Processing /home/airflow/.local/lib/python3.12/site-packages/airflow/example_dags/example_trigger_target_dag.py took 0.088 seconds
[2026-09-17T19:20:31.856+0000] {processor.py:186} INFO - Started process (PID=3755) to work on /home/airflow/.local/lib/python3.12/site-packages/airflow/example_dags/example_trigger_target_dag.py
[2026-09-17T19:20:31.858+0000] {processor.py:914} INFO - Processing file /home/airflow/.local/lib/python3.12/site-packages/airflow/example_dags/example_trigger_target_dag.py for tasks to queue
[2026-09-17T19:20:31.860+0000] {logging_mixin.py:190} INFO - [2026-09-17T19:20:31.860+0000] {dagbag.py:588} INFO - Filling up the DagBag from /home/airflow/.local/lib/python3.12/site-packages/airflow/example_dags/example_trigger_target_dag.py
[2026-09-17T19:20:31.869+0000] {processor.py:925} INFO - DAG(s) 'example_trigger_target_dag' retrieved from /home/airflow/.local/lib/python3.12/site-packages/airflow/example_dags/example_trigger_target_dag.py
[2026-09-17T19:20:31.895+0000] {logging_mixin.py:190} INFO - [2026-09-17T19:20:31.895+0000] {dag.py:3239} INFO - Sync 1 DAGs
[2026-09-17T19:20:31.922+0000] {logging_mixin.py:190} INFO - [2026-09-17T19:20:31.922+0000] {dag.py:4180} INFO - Setting next_dagrun for example_trigger_target_dag to None, run_after=None
[2026-09-17T19:20:31.958+0000] {processor.py:208} INFO - Processing /home/airflow/.local/lib/python3.12/site-packages/airflow/example_dags/example_trigger_target_dag.py took 0.107 seconds
[2026-09-17T19:21:02.287+0000] {processor.py:186} INFO - Started process (PID=3820) to work on /home/airflow/.local/lib/python3.12/site-packages/airflow/example_dags/example_trigger_target_dag.py
[2026-09-17T19:21:02.289+0000] {processor.py:914} INFO - Processing file /home/airflow/.local/lib/python3.12/site-packages/airflow/example_dags/example_trigger_target_dag.py for tasks to queue
[2026-09-17T19:21:02.291+0000] {logging_mixin.py:190} INFO - [2026-09-17T19:21:02.290+0000] {dagbag.py:588} INFO - Filling up the DagBag from /home/airflow/.local/lib/python3.12/site-packages/airflow/example_dags/example_trigger_target_dag.py
[2026-09-17T19:21:02.301+0000] {processor.py:925} INFO - DAG(s) 'example_trigger_target_dag' retrieved from /home/airflow/.local/lib/python3.12/site-packages/airflow/example_dags/example_trigger_target_dag.py
[2026-09-17T19:21:02.328+0000] {logging_mixin.py:190} INFO - [2026-09-17T19:21:02.328+0000] {dag.py:3239} INFO - Sync 1 DAGs
[2026-09-17T19:21:02.346+0000] {logging_mixin.py:190} INFO - [2026-09-17T19:21:02.346+0000] {dag.py:4180} INFO - Setting next_dagrun for example_trigger_target_dag to None, run_after=None
[2026-09-17T19:21:02.372+0000] {processor.py:208} INFO - Processing /home/airflow/.local/lib/python3.12/site-packages/airflow/example_dags/example_trigger_target_dag.py took 0.092 seconds
[2026-09-17T19:21:32.484+0000] {processor.py:186} INFO - Started process (PID=3885) to work on /home/airflow/.local/lib/python3.12/site-packages/airflow/example_dags/example_trigger_target_dag.py
[2026-09-17T19:21:32.485+0000] {processor.py:914} INFO - Processing file /home/airflow/.local/lib/python3.12/site-packages/airflow/example_dags/example_trigger_target_dag.py for tasks to queue
[2026-09-17T19:21:32.487+0000] {logging_mixin.py:190} INFO - [2026-09-17T19:21:32.487+0000] {dagbag.py:588} INFO - Filling up the DagBag from /home/airflow/.local/lib/python3.12/site-packages/airflow/example_dags/example_trigger_target_dag.py
[2026-09-17T19:21:32.497+0000] {processor.py:925} INFO - DAG(s) 'example_trigger_target_dag' retrieved from /home/airflow/.local/lib/python3.12/site-packages/airflow/example_dags/example_trigger_target_dag.py
[2026-09-17T19:21:32.524+0000] {logging_mixin.py:190} INFO - [2026-09-17T19:21:32.524+0000] {dag.py:3239} INFO - Sync 1 DAGs
[2026-09-17T19:21:32.541+0000] {logging_mixin.py:190} INFO - [2026-09-17T19:21:32.540+0000] {dag.py:4180} INFO - Setting next_dagrun for example_trigger_target_dag to None, run_after=None
[2026-09-17T19:21:32.566+0000] {processor.py:208} INFO - Processing /home/airflow/.local/lib/python3.12/site-packages/airflow/example_dags/example_trigger_target_dag.py took 0.089 seconds
[2026-09-17T19:22:03.126+0000] {processor.py:186} INFO - Started process (PID=3950) to work on /home/airflow/.local/lib/python3.12/site-packages/airflow/example_dags/example_trigger_target_dag.py
[2026-09-17T19:22:03.128+0000] {processor.py:914} INFO - Processing file /home/airflow/.local/lib/python3.12/site-packages/airflow/example_dags/example_trigger_target_dag.py for tasks to queue
[2026-09-17T19:22:03.130+0000] {logging_mixin.py:190} INFO - [2026-09-17T19:22:03.130+0000] {dagbag.py:588} INFO - Filling up the DagBag from /home/airflow/.local/lib/python3.12/site-packages/airflow/example_dags/example_trigger_target_dag.py
[2026-09-17T19:22:03.140+0000] {processor.py:925} INFO - DAG(s) 'example_trigger_target_dag' retrieved from /home/airflow/.local/lib/python3.12/site-packages/airflow/example_dags/example_trigger_target_dag.py
[2026-09-17T19:22:03.169+0000] {logging_mixin.py:190} INFO - [2026-09-17T19:22:03.169+0000] {dag.py:3239} INFO - Sync 1 DAGs
[2026-09-17T19:22:03.185+0000] {logging_mixin.py:190} INFO - [2026-09-17T19:22:03.185+0000] {dag.py:4180} INFO - Setting next_dagrun for example_trigger_target_dag to None, run_after=None
[2026-09-17T19:22:03.210+0000] {processor.py:208} INFO - Processing /home/airflow/.local/lib/python3.12/site-packages/airflow/example_dags/example_trigger_target_dag.py took 0.090 seconds
[2026-09-17T19:22:34.089+0000] {processor.py:186} INFO - Started process (PID=4015) to work on /home/airflow/.local/lib/python3.12/site-packages/airflow/example_dags/example_trigger_target_dag.py
[2026-09-17T19:22:34.092+0000] {processor.py:914} INFO - Processing file /home/airflow/.local/lib/python3.12/site-packages/airflow/example_dags/example_trigger_target_dag.py for tasks to queue
[2026-09-17T19:22:34.096+0000] {logging_mixin.py:190} INFO - [2026-09-17T19:22:34.095+0000] {dagbag.py:588} INFO - Filling up the DagBag from /home/airflow/.local/lib/python3.12/site-packages/airflow/example_dags/example_trigger_target_dag.py
[2026-09-17T19:22:34.110+0000] {processor.py:925} INFO - DAG(s) 'example_trigger_target_dag' retrieved from /home/airflow/.local/lib/python3.12/site-packages/airflow/example_dags/example_trigger_target_dag.py
[2026-09-17T19:22:34.145+0000] {logging_mixin.py:190} INFO - [2026-09-17T19:22:34.144+0000] {dag.py:3239} INFO - Sync 1 DAGs
[2026-09-17T19:22:34.176+0000] {logging_mixin.py:190} INFO - [2026-09-17T19:22:34.175+0000] {dag.py:4180} INFO - Setting next_dagrun for example_trigger_target_dag to None, run_after=None
[2026-09-17T19:22:34.212+0000] {processor.py:208} INFO - Processing /home/airflow/.local/lib/python3.12/site-packages/airflow/example_dags/example_trigger_target_dag.py took 0.132 seconds
[2026-09-17T19:23:04.720+0000] {processor.py:186} INFO - Started process (PID=4080) to work on /home/airflow/.local/lib/python3.12/site-packages/airflow/example_dags/example_trigger_target_dag.py
[2026-09-17T19:23:04.722+0000] {processor.py:914} INFO - Processing file /home/airflow/.local/lib/python3.12/site-packages/airflow/example_dags/example_trigger_target_dag.py for tasks to queue
[2026-09-17T19:23:04.724+0000] {logging_mixin.py:190} INFO - [2026-09-17T19:23:04.724+0000] {dagbag.py:588} INFO - Filling up the DagBag from /home/airflow/.local/lib/python3.12/site-packages/airflow/example_dags/example_trigger_target_dag.py
[2026-09-17T19:23:04.734+0000] {processor.py:925} INFO - DAG(s) 'example_trigger_target_dag' retrieved from /home/airflow/.local/lib/python3.12/site-packages/airflow/example_dags/example_trigger_target_dag.py
[2026-09-17T19:23:04.761+0000] {logging_mixin.py:190} INFO - [2026-09-17T19:23:04.761+0000] {dag.py:3239} INFO - Sync 1 DAGs
[2026-09-17T19:23:04.776+0000] {logging_mixin.py:190} INFO - [2026-09-17T19:23:04.775+0000] {dag.py:4180} INFO - Setting next_dagrun for example_trigger_target_dag to None, run_after=None
[2026-09-17T19:23:04.800+0000] {processor.py:208} INFO - Processing /home/airflow/.local/lib/python3.12/site-packages/airflow/example_dags/example_trigger_target_dag.py took 0.086 seconds
[2026-09-17T19:23:34.978+0000] {processor.py:186} INFO - Started process (PID=4145) to work on /home/airflow/.local/lib/python3.12/site-packages/airflow/example_dags/example_trigger_target_dag.py
[2026-09-17T19:23:34.980+0000] {processor.py:914} INFO - Processing file /home/airflow/.local/lib/python3.12/site-packages/airflow/example_dags/example_trigger_target_dag.py for tasks to queue
[2026-09-17T19:23:34.982+0000] {logging_mixin.py:190} INFO - [2026-09-17T19:23:34.982+0000] {dagbag.py:588} INFO - Filling up the DagBag from /home/airflow/.local/lib/python3.12/site-packages/airflow/example_dags/example_trigger_target_dag.py
[2026-09-17T19:23:34.992+0000] {processor.py:925} INFO - DAG(s) 'example_trigger_target_dag' retrieved from /home/airflow/.local/lib/python3.12/site-packages/airflow/example_dags/example_trigger_target_dag.py
[2026-09-17T19:23:35.018+0000] {logging_mixin.py:190} INFO - [2026-09-17T19:23:35.017+0000] {dag.py:3239} INFO - Sync 1 DAGs
[2026-09-17T19:23:35.033+0000] {logging_mixin.py:190} INFO - [2026-09-17T19:23:35.033+0000] {dag.py:4180} INFO - Setting next_dagrun for example_trigger_target_dag to None, run_after=None
[2026-09-17T19:23:35.056+0000] {processor.py:208} INFO - Processing /home/airflow/.local/lib/python3.12/site-packages/airflow/example_dags/example_trigger_target_dag.py took 0.084 seconds
[2026-09-17T19:24:05.793+0000] {processor.py:186} INFO - Started process (PID=4209) to work on /home/airflow/.local/lib/python3.12/site-packages/airflow/example_dags/example_trigger_target_dag.py
[2026-09-17T19:24:05.795+0000] {processor.py:914} INFO - Processing file /home/airflow/.local/lib/python3.12/site-packages/airflow/example_dags/example_trigger_target_dag.py for tasks to queue
[2026-09-17T19:24:05.798+0000] {logging_mixin.py:190} INFO - [2026-09-17T19:24:05.797+0000] {dagbag.py:588} INFO - Filling up the DagBag from /home/airflow/.local/lib/python3.12/site-packages/airflow/example_dags/example_trigger_target_dag.py
[2026-09-17T19:24:05.808+0000] {processor.py:925} INFO - DAG(s) 'example_trigger_target_dag' retrieved from /home/airflow/.local/lib/python3.12/site-packages/airflow/example_dags/example_trigger_target_dag.py
[2026-09-17T19:24:05.838+0000] {logging_mixin.py:190} INFO - [2026-09-17T19:24:05.837+0000] {dag.py:3239} INFO - Sync 1 DAGs
[2026-09-17T19:24:05.853+0000] {logging_mixin.py:190} INFO - [2026-09-17T19:24:05.853+0000] {dag.py:4180} INFO - Setting next_dagrun for example_trigger_target_dag to None, run_after=None
[2026-09-17T19:24:05.878+0000] {processor.py:208} INFO - Processing /home/airflow/.local/lib/python3.12/site-packages/airflow/example_dags/example_trigger_target_dag.py took 0.092 seconds
[2026-09-17T19:24:35.965+0000] {processor.py:186} INFO - Started process (PID=4267) to work on /home/airflow/.local/lib/python3.12/site-packages/airflow/example_dags/example_trigger_target_dag.py
[2026-09-17T19:24:35.967+0000] {processor.py:914} INFO - Processing file /home/airflow/.local/lib/python3.12/site-packages/airflow/example_dags/example_trigger_target_dag.py for tasks to queue
[2026-09-17T19:24:35.970+0000] {logging_mixin.py:190} INFO - [2026-09-17T19:24:35.969+0000] {dagbag.py:588} INFO - Filling up the DagBag from /home/airflow/.local/lib/python3.12/site-packages/airflow/example_dags/example_trigger_target_dag.py
[2026-09-17T19:24:35.979+0000] {processor.py:925} INFO - DAG(s) 'example_trigger_target_dag' retrieved from /home/airflow/.local/lib/python3.12/site-packages/airflow/example_dags/example_trigger_target_dag.py
[2026-09-17T19:24:36.007+0000] {logging_mixin.py:190} INFO - [2026-09-17T19:24:36.006+0000] {dag.py:3239} INFO - Sync 1 DAGs
[2026-09-17T19:24:36.022+0000] {logging_mixin.py:190} INFO - [2026-09-17T19:24:36.021+0000] {dag.py:4180} INFO - Setting next_dagrun for example_trigger_target_dag to None, run_after=None
[2026-09-17T19:24:36.050+0000] {processor.py:208} INFO - Processing /home/airflow/.local/lib/python3.12/site-packages/airflow/example_dags/example_trigger_target_dag.py took 0.090 seconds
[2026-09-17T19:25:06.159+0000] {processor.py:186} INFO - Started process (PID=4332) to work on /home/airflow/.local/lib/python3.12/site-packages/airflow/example_dags/example_trigger_target_dag.py
[2026-09-17T19:25:06.160+0000] {processor.py:914} INFO - Processing file /home/airflow/.local/lib/python3.12/site-packages/airflow/example_dags/example_trigger_target_dag.py for tasks to queue
[2026-09-17T19:25:06.163+0000] {logging_mixin.py:190} INFO - [2026-09-17T19:25:06.162+0000] {dagbag.py:588} INFO - Filling up the DagBag from /home/airflow/.local/lib/python3.12/site-packages/airflow/example_dags/example_trigger_target_dag.py
[2026-09-17T19:25:06.172+0000] {processor.py:925} INFO - DAG(s) 'example_trigger_target_dag' retrieved from /home/airflow/.local/lib/python3.12/site-packages/airflow/example_dags/example_trigger_target_dag.py
[2026-09-17T19:25:06.197+0000] {logging_mixin.py:190} INFO - [2026-09-17T19:25:06.197+0000] {dag.py:3239} INFO - Sync 1 DAGs
[2026-09-17T19:25:06.213+0000] {logging_mixin.py:190} INFO - [2026-09-17T19:25:06.213+0000] {dag.py:4180} INFO - Setting next_dagrun for example_trigger_target_dag to None, run_after=None
[2026-09-17T19:25:06.237+0000] {processor.py:208} INFO - Processing /home/airflow/.local/lib/python3.12/site-packages/airflow/example_dags/example_trigger_target_dag.py took 0.084 seconds
[2026-09-17T19:25:36.820+0000] {processor.py:186} INFO - Started process (PID=4397) to work on /home/airflow/.local/lib/python3.12/site-packages/airflow/example_dags/example_trigger_target_dag.py
[2026-09-17T19:25:36.823+0000] {processor.py:914} INFO - Processing file /home/airflow/.local/lib/python3.12/site-packages/airflow/example_dags/example_trigger_target_dag.py for tasks to queue
[2026-09-17T19:25:36.826+0000] {logging_mixin.py:190} INFO - [2026-09-17T19:25:36.826+0000] {dagbag.py:588} INFO - Filling up the DagBag from /home/airflow/.local/lib/python3.12/site-packages/airflow/example_dags/example_trigger_target_dag.py
[2026-09-17T19:25:36.840+0000] {processor.py:925} INFO - DAG(s) 'example_trigger_target_dag' retrieved from /home/airflow/.local/lib/python3.12/site-packages/airflow/example_dags/example_trigger_target_dag.py
[2026-09-17T19:25:36.869+0000] {logging_mixin.py:190} INFO - [2026-09-17T19:25:36.869+0000] {dag.py:3239} INFO - Sync 1 DAGs
[2026-09-17T19:25:36.886+0000] {logging_mixin.py:190} INFO - [2026-09-17T19:25:36.886+0000] {dag.py:4180} INFO - Setting next_dagrun for example_trigger_target_dag to None, run_after=None
[2026-09-17T19:25:36.908+0000] {processor.py:208} INFO - Processing /home/airflow/.local/lib/python3.12/site-packages/airflow/example_dags/example_trigger_target_dag.py took 0.099 seconds
[2026-09-17T19:26:07.135+0000] {processor.py:186} INFO - Started process (PID=4462) to work on /home/airflow/.local/lib/python3.12/site-packages/airflow/example_dags/example_trigger_target_dag.py
[2026-09-17T19:26:07.137+0000] {processor.py:914} INFO - Processing file /home/airflow/.local/lib/python3.12/site-packages/airflow/example_dags/example_trigger_target_dag.py for tasks to queue
[2026-09-17T19:26:07.140+0000] {logging_mixin.py:190} INFO - [2026-09-17T19:26:07.139+0000] {dagbag.py:588} INFO - Filling up the DagBag from /home/airflow/.local/lib/python3.12/site-packages/airflow/example_dags/example_trigger_target_dag.py
[2026-09-17T19:26:07.151+0000] {processor.py:925} INFO - DAG(s) 'example_trigger_target_dag' retrieved from /home/airflow/.local/lib/python3.12/site-packages/airflow/example_dags/example_trigger_target_dag.py
[2026-09-17T19:26:07.178+0000] {logging_mixin.py:190} INFO - [2026-09-17T19:26:07.178+0000] {dag.py:3239} INFO - Sync 1 DAGs
[2026-09-17T19:26:07.193+0000] {logging_mixin.py:190} INFO - [2026-09-17T19:26:07.193+0000] {dag.py:4180} INFO - Setting next_dagrun for example_trigger_target_dag to None, run_after=None
[2026-09-17T19:26:07.220+0000] {processor.py:208} INFO - Processing /home/airflow/.local/lib/python3.12/site-packages/airflow/example_dags/example_trigger_target_dag.py took 0.092 seconds
[2026-09-17T19:26:37.757+0000] {processor.py:186} INFO - Started process (PID=4527) to work on /home/airflow/.local/lib/python3.12/site-packages/airflow/example_dags/example_trigger_target_dag.py
[2026-09-17T19:26:37.759+0000] {processor.py:914} INFO - Processing file /home/airflow/.local/lib/python3.12/site-packages/airflow/example_dags/example_trigger_target_dag.py for tasks to queue
[2026-09-17T19:26:37.762+0000] {logging_mixin.py:190} INFO - [2026-09-17T19:26:37.762+0000] {dagbag.py:588} INFO - Filling up the DagBag from /home/airflow/.local/lib/python3.12/site-packages/airflow/example_dags/example_trigger_target_dag.py
[2026-09-17T19:26:37.774+0000] {processor.py:925} INFO - DAG(s) 'example_trigger_target_dag' retrieved from /home/airflow/.local/lib/python3.12/site-packages/airflow/example_dags/example_trigger_target_dag.py
[2026-09-17T19:26:37.810+0000] {logging_mixin.py:190} INFO - [2026-09-17T19:26:37.810+0000] {dag.py:3239} INFO - Sync 1 DAGs
[2026-09-17T19:26:37.827+0000] {logging_mixin.py:190} INFO - [2026-09-17T19:26:37.826+0000] {dag.py:4180} INFO - Setting next_dagrun for example_trigger_target_dag to None, run_after=None
[2026-09-17T19:26:38.069+0000] {processor.py:208} INFO - Processing /home/airflow/.local/lib/python3.12/site-packages/airflow/example_dags/example_trigger_target_dag.py took 0.319 seconds
[2026-09-17T19:27:09.093+0000] {processor.py:186} INFO - Started process (PID=4592) to work on /home/airflow/.local/lib/python3.12/site-packages/airflow/example_dags/example_trigger_target_dag.py
[2026-09-17T19:27:09.095+0000] {processor.py:914} INFO - Processing file /home/airflow/.local/lib/python3.12/site-packages/airflow/example_dags/example_trigger_target_dag.py for tasks to queue
[2026-09-17T19:27:09.097+0000] {logging_mixin.py:190} INFO - [2026-09-17T19:27:09.096+0000] {dagbag.py:588} INFO - Filling up the DagBag from /home/airflow/.local/lib/python3.12/site-packages/airflow/example_dags/example_trigger_target_dag.py
[2026-09-17T19:27:09.107+0000] {processor.py:925} INFO - DAG(s) 'example_trigger_target_dag' retrieved from /home/airflow/.local/lib/python3.12/site-packages/airflow/example_dags/example_trigger_target_dag.py
[2026-09-17T19:27:09.134+0000] {logging_mixin.py:190} INFO - [2026-09-17T19:27:09.133+0000] {dag.py:3239} INFO - Sync 1 DAGs
[2026-09-17T19:27:09.148+0000] {logging_mixin.py:190} INFO - [2026-09-17T19:27:09.148+0000] {dag.py:4180} INFO - Setting next_dagrun for example_trigger_target_dag to None, run_after=None
[2026-09-17T19:27:09.174+0000] {processor.py:208} INFO - Processing /home/airflow/.local/lib/python3.12/site-packages/airflow/example_dags/example_trigger_target_dag.py took 0.089 seconds
[2026-09-17T19:27:39.911+0000] {processor.py:186} INFO - Started process (PID=4657) to work on /home/airflow/.local/lib/python3.12/site-packages/airflow/example_dags/example_trigger_target_dag.py
[2026-09-17T19:27:39.913+0000] {processor.py:914} INFO - Processing file /home/airflow/.local/lib/python3.12/site-packages/airflow/example_dags/example_trigger_target_dag.py for tasks to queue
[2026-09-17T19:27:39.915+0000] {logging_mixin.py:190} INFO - [2026-09-17T19:27:39.915+0000] {dagbag.py:588} INFO - Filling up the DagBag from /home/airflow/.local/lib/python3.12/site-packages/airflow/example_dags/example_trigger_target_dag.py
[2026-09-17T19:27:39.925+0000] {processor.py:925} INFO - DAG(s) 'example_trigger_target_dag' retrieved from /home/airflow/.local/lib/python3.12/site-packages/airflow/example_dags/example_trigger_target_dag.py
[2026-09-17T19:27:39.951+0000] {logging_mixin.py:190} INFO - [2026-09-17T19:27:39.951+0000] {dag.py:3239} INFO - Sync 1 DAGs
[2026-09-17T19:27:39.966+0000] {logging_mixin.py:190} INFO - [2026-09-17T19:27:39.966+0000] {dag.py:4180} INFO - Setting next_dagrun for example_trigger_target_dag to None, run_after=None
[2026-09-17T19:27:39.993+0000] {processor.py:208} INFO - Processing /home/airflow/.local/lib/python3.12/site-packages/airflow/example_dags/example_trigger_target_dag.py took 0.089 seconds
[2026-09-17T19:28:10.584+0000] {processor.py:186} INFO - Started process (PID=4722) to work on /home/airflow/.local/lib/python3.12/site-packages/airflow/example_dags/example_trigger_target_dag.py
[2026-09-17T19:28:10.586+0000] {processor.py:914} INFO - Processing file /home/airflow/.local/lib/python3.12/site-packages/airflow/example_dags/example_trigger_target_dag.py for tasks to queue
[2026-09-17T19:28:10.588+0000] {logging_mixin.py:190} INFO - [2026-09-17T19:28:10.588+0000] {dagbag.py:588} INFO - Filling up the DagBag from /home/airflow/.local/lib/python3.12/site-packages/airflow/example_dags/example_trigger_target_dag.py
[2026-09-17T19:28:10.598+0000] {processor.py:925} INFO - DAG(s) 'example_trigger_target_dag' retrieved from /home/airflow/.local/lib/python3.12/site-packages/airflow/example_dags/example_trigger_target_dag.py
[2026-09-17T19:28:10.624+0000] {logging_mixin.py:190} INFO - [2026-09-17T19:28:10.624+0000] {dag.py:3239} INFO - Sync 1 DAGs
[2026-09-17T19:28:10.640+0000] {logging_mixin.py:190} INFO - [2026-09-17T19:28:10.639+0000] {dag.py:4180} INFO - Setting next_dagrun for example_trigger_target_dag to None, run_after=None
[2026-09-17T19:28:10.664+0000] {processor.py:208} INFO - Processing /home/airflow/.local/lib/python3.12/site-packages/airflow/example_dags/example_trigger_target_dag.py took 0.088 seconds
[2026-09-17T19:48:17.711+0000] {processor.py:186} INFO - Started process (PID=58) to work on /home/airflow/.local/lib/python3.12/site-packages/airflow/example_dags/example_trigger_target_dag.py
[2026-09-17T19:48:17.713+0000] {processor.py:914} INFO - Processing file /home/airflow/.local/lib/python3.12/site-packages/airflow/example_dags/example_trigger_target_dag.py for tasks to queue
[2026-09-17T19:48:17.716+0000] {logging_mixin.py:190} INFO - [2026-09-17T19:48:17.715+0000] {dagbag.py:588} INFO - Filling up the DagBag from /home/airflow/.local/lib/python3.12/site-packages/airflow/example_dags/example_trigger_target_dag.py
[2026-09-17T19:48:17.730+0000] {processor.py:925} INFO - DAG(s) 'example_trigger_target_dag' retrieved from /home/airflow/.local/lib/python3.12/site-packages/airflow/example_dags/example_trigger_target_dag.py
[2026-09-17T19:48:17.773+0000] {logging_mixin.py:190} INFO - [2026-09-17T19:48:17.772+0000] {dag.py:3239} INFO - Sync 1 DAGs
[2026-09-17T19:48:17.793+0000] {logging_mixin.py:190} INFO - [2026-09-17T19:48:17.793+0000] {dag.py:4180} INFO - Setting next_dagrun for example_trigger_target_dag to None, run_after=None
[2026-09-17T19:48:17.823+0000] {processor.py:208} INFO - Processing /home/airflow/.local/lib/python3.12/site-packages/airflow/example_dags/example_trigger_target_dag.py took 0.125 seconds
[2026-09-17T19:48:48.858+0000] {processor.py:186} INFO - Started process (PID=122) to work on /home/airflow/.local/lib/python3.12/site-packages/airflow/example_dags/example_trigger_target_dag.py
[2026-09-17T19:48:48.860+0000] {processor.py:914} INFO - Processing file /home/airflow/.local/lib/python3.12/site-packages/airflow/example_dags/example_trigger_target_dag.py for tasks to queue
[2026-09-17T19:48:48.866+0000] {logging_mixin.py:190} INFO - [2026-09-17T19:48:48.864+0000] {dagbag.py:588} INFO - Filling up the DagBag from /home/airflow/.local/lib/python3.12/site-packages/airflow/example_dags/example_trigger_target_dag.py
[2026-09-17T19:48:48.895+0000] {processor.py:925} INFO - DAG(s) 'example_trigger_target_dag' retrieved from /home/airflow/.local/lib/python3.12/site-packages/airflow/example_dags/example_trigger_target_dag.py
[2026-09-17T19:48:48.931+0000] {logging_mixin.py:190} INFO - [2026-09-17T19:48:48.931+0000] {dag.py:3239} INFO - Sync 1 DAGs
[2026-09-17T19:48:48.952+0000] {logging_mixin.py:190} INFO - [2026-09-17T19:48:48.951+0000] {dag.py:4180} INFO - Setting next_dagrun for example_trigger_target_dag to None, run_after=None
[2026-09-17T19:48:48.979+0000] {processor.py:208} INFO - Processing /home/airflow/.local/lib/python3.12/site-packages/airflow/example_dags/example_trigger_target_dag.py took 0.131 seconds
[2026-09-17T19:49:19.366+0000] {processor.py:186} INFO - Started process (PID=179) to work on /home/airflow/.local/lib/python3.12/site-packages/airflow/example_dags/example_trigger_target_dag.py
[2026-09-17T19:49:19.369+0000] {processor.py:914} INFO - Processing file /home/airflow/.local/lib/python3.12/site-packages/airflow/example_dags/example_trigger_target_dag.py for tasks to queue
[2026-09-17T19:49:19.372+0000] {logging_mixin.py:190} INFO - [2026-09-17T19:49:19.372+0000] {dagbag.py:588} INFO - Filling up the DagBag from /home/airflow/.local/lib/python3.12/site-packages/airflow/example_dags/example_trigger_target_dag.py
[2026-09-17T19:49:19.390+0000] {processor.py:925} INFO - DAG(s) 'example_trigger_target_dag' retrieved from /home/airflow/.local/lib/python3.12/site-packages/airflow/example_dags/example_trigger_target_dag.py
[2026-09-17T19:49:19.430+0000] {logging_mixin.py:190} INFO - [2026-09-17T19:49:19.430+0000] {dag.py:3239} INFO - Sync 1 DAGs
[2026-09-17T19:49:19.453+0000] {logging_mixin.py:190} INFO - [2026-09-17T19:49:19.453+0000] {dag.py:4180} INFO - Setting next_dagrun for example_trigger_target_dag to None, run_after=None
[2026-09-17T19:49:19.486+0000] {processor.py:208} INFO - Processing /home/airflow/.local/lib/python3.12/site-packages/airflow/example_dags/example_trigger_target_dag.py took 0.132 seconds
[2026-09-17T19:49:49.714+0000] {processor.py:186} INFO - Started process (PID=244) to work on /home/airflow/.local/lib/python3.12/site-packages/airflow/example_dags/example_trigger_target_dag.py
[2026-09-17T19:49:49.717+0000] {processor.py:914} INFO - Processing file /home/airflow/.local/lib/python3.12/site-packages/airflow/example_dags/example_trigger_target_dag.py for tasks to queue
[2026-09-17T19:49:49.719+0000] {logging_mixin.py:190} INFO - [2026-09-17T19:49:49.719+0000] {dagbag.py:588} INFO - Filling up the DagBag from /home/airflow/.local/lib/python3.12/site-packages/airflow/example_dags/example_trigger_target_dag.py
[2026-09-17T19:49:49.730+0000] {processor.py:925} INFO - DAG(s) 'example_trigger_target_dag' retrieved from /home/airflow/.local/lib/python3.12/site-packages/airflow/example_dags/example_trigger_target_dag.py
[2026-09-17T19:49:49.755+0000] {logging_mixin.py:190} INFO - [2026-09-17T19:49:49.755+0000] {dag.py:3239} INFO - Sync 1 DAGs
[2026-09-17T19:49:49.770+0000] {logging_mixin.py:190} INFO - [2026-09-17T19:49:49.769+0000] {dag.py:4180} INFO - Setting next_dagrun for example_trigger_target_dag to None, run_after=None
[2026-09-17T19:49:49.800+0000] {processor.py:208} INFO - Processing /home/airflow/.local/lib/python3.12/site-packages/airflow/example_dags/example_trigger_target_dag.py took 0.092 seconds
[2026-09-17T19:50:20.574+0000] {processor.py:186} INFO - Started process (PID=309) to work on /home/airflow/.local/lib/python3.12/site-packages/airflow/example_dags/example_trigger_target_dag.py
[2026-09-17T19:50:20.576+0000] {processor.py:914} INFO - Processing file /home/airflow/.local/lib/python3.12/site-packages/airflow/example_dags/example_trigger_target_dag.py for tasks to queue
[2026-09-17T19:50:20.578+0000] {logging_mixin.py:190} INFO - [2026-09-17T19:50:20.578+0000] {dagbag.py:588} INFO - Filling up the DagBag from /home/airflow/.local/lib/python3.12/site-packages/airflow/example_dags/example_trigger_target_dag.py
[2026-09-17T19:50:20.587+0000] {processor.py:925} INFO - DAG(s) 'example_trigger_target_dag' retrieved from /home/airflow/.local/lib/python3.12/site-packages/airflow/example_dags/example_trigger_target_dag.py
[2026-09-17T19:50:20.612+0000] {logging_mixin.py:190} INFO - [2026-09-17T19:50:20.612+0000] {dag.py:3239} INFO - Sync 1 DAGs
[2026-09-17T19:50:20.627+0000] {logging_mixin.py:190} INFO - [2026-09-17T19:50:20.627+0000] {dag.py:4180} INFO - Setting next_dagrun for example_trigger_target_dag to None, run_after=None
[2026-09-17T19:50:20.656+0000] {processor.py:208} INFO - Processing /home/airflow/.local/lib/python3.12/site-packages/airflow/example_dags/example_trigger_target_dag.py took 0.088 seconds
[2026-09-17T19:50:51.244+0000] {processor.py:186} INFO - Started process (PID=374) to work on /home/airflow/.local/lib/python3.12/site-packages/airflow/example_dags/example_trigger_target_dag.py
[2026-09-17T19:50:51.247+0000] {processor.py:914} INFO - Processing file /home/airflow/.local/lib/python3.12/site-packages/airflow/example_dags/example_trigger_target_dag.py for tasks to queue
[2026-09-17T19:50:51.250+0000] {logging_mixin.py:190} INFO - [2026-09-17T19:50:51.249+0000] {dagbag.py:588} INFO - Filling up the DagBag from /home/airflow/.local/lib/python3.12/site-packages/airflow/example_dags/example_trigger_target_dag.py
[2026-09-17T19:50:51.263+0000] {processor.py:925} INFO - DAG(s) 'example_trigger_target_dag' retrieved from /home/airflow/.local/lib/python3.12/site-packages/airflow/example_dags/example_trigger_target_dag.py
[2026-09-17T19:50:51.294+0000] {logging_mixin.py:190} INFO - [2026-09-17T19:50:51.294+0000] {dag.py:3239} INFO - Sync 1 DAGs
[2026-09-17T19:50:51.312+0000] {logging_mixin.py:190} INFO - [2026-09-17T19:50:51.311+0000] {dag.py:4180} INFO - Setting next_dagrun for example_trigger_target_dag to None, run_after=None
[2026-09-17T19:50:51.344+0000] {processor.py:208} INFO - Processing /home/airflow/.local/lib/python3.12/site-packages/airflow/example_dags/example_trigger_target_dag.py took 0.106 seconds
[2026-09-17T19:51:21.799+0000] {processor.py:186} INFO - Started process (PID=439) to work on /home/airflow/.local/lib/python3.12/site-packages/airflow/example_dags/example_trigger_target_dag.py
[2026-09-17T19:51:21.801+0000] {processor.py:914} INFO - Processing file /home/airflow/.local/lib/python3.12/site-packages/airflow/example_dags/example_trigger_target_dag.py for tasks to queue
[2026-09-17T19:51:21.803+0000] {logging_mixin.py:190} INFO - [2026-09-17T19:51:21.803+0000] {dagbag.py:588} INFO - Filling up the DagBag from /home/airflow/.local/lib/python3.12/site-packages/airflow/example_dags/example_trigger_target_dag.py
[2026-09-17T19:51:21.813+0000] {processor.py:925} INFO - DAG(s) 'example_trigger_target_dag' retrieved from /home/airflow/.local/lib/python3.12/site-packages/airflow/example_dags/example_trigger_target_dag.py
[2026-09-17T19:51:21.840+0000] {logging_mixin.py:190} INFO - [2026-09-17T19:51:21.840+0000] {dag.py:3239} INFO - Sync 1 DAGs
[2026-09-17T19:51:21.858+0000] {logging_mixin.py:190} INFO - [2026-09-17T19:51:21.857+0000] {dag.py:4180} INFO - Setting next_dagrun for example_trigger_target_dag to None, run_after=None
[2026-09-17T19:51:21.884+0000] {processor.py:208} INFO - Processing /home/airflow/.local/lib/python3.12/site-packages/airflow/example_dags/example_trigger_target_dag.py took 0.092 seconds
[2026-09-17T19:51:52.183+0000] {processor.py:186} INFO - Started process (PID=504) to work on /home/airflow/.local/lib/python3.12/site-packages/airflow/example_dags/example_trigger_target_dag.py
[2026-09-17T19:51:52.185+0000] {processor.py:914} INFO - Processing file /home/airflow/.local/lib/python3.12/site-packages/airflow/example_dags/example_trigger_target_dag.py for tasks to queue
[2026-09-17T19:51:52.187+0000] {logging_mixin.py:190} INFO - [2026-09-17T19:51:52.187+0000] {dagbag.py:588} INFO - Filling up the DagBag from /home/airflow/.local/lib/python3.12/site-packages/airflow/example_dags/example_trigger_target_dag.py
[2026-09-17T19:51:52.199+0000] {processor.py:925} INFO - DAG(s) 'example_trigger_target_dag' retrieved from /home/airflow/.local/lib/python3.12/site-packages/airflow/example_dags/example_trigger_target_dag.py
[2026-09-17T19:51:52.232+0000] {logging_mixin.py:190} INFO - [2026-09-17T19:51:52.232+0000] {dag.py:3239} INFO - Sync 1 DAGs
[2026-09-17T19:51:52.249+0000] {logging_mixin.py:190} INFO - [2026-09-17T19:51:52.249+0000] {dag.py:4180} INFO - Setting next_dagrun for example_trigger_target_dag to None, run_after=None
[2026-09-17T19:51:52.272+0000] {processor.py:208} INFO - Processing /home/airflow/.local/lib/python3.12/site-packages/airflow/example_dags/example_trigger_target_dag.py took 0.096 seconds
[2026-09-17T19:52:23.210+0000] {processor.py:186} INFO - Started process (PID=569) to work on /home/airflow/.local/lib/python3.12/site-packages/airflow/example_dags/example_trigger_target_dag.py
[2026-09-17T19:52:23.212+0000] {processor.py:914} INFO - Processing file /home/airflow/.local/lib/python3.12/site-packages/airflow/example_dags/example_trigger_target_dag.py for tasks to queue
[2026-09-17T19:52:23.214+0000] {logging_mixin.py:190} INFO - [2026-09-17T19:52:23.213+0000] {dagbag.py:588} INFO - Filling up the DagBag from /home/airflow/.local/lib/python3.12/site-packages/airflow/example_dags/example_trigger_target_dag.py
[2026-09-17T19:52:23.223+0000] {processor.py:925} INFO - DAG(s) 'example_trigger_target_dag' retrieved from /home/airflow/.local/lib/python3.12/site-packages/airflow/example_dags/example_trigger_target_dag.py
[2026-09-17T19:52:23.251+0000] {logging_mixin.py:190} INFO - [2026-09-17T19:52:23.251+0000] {dag.py:3239} INFO - Sync 1 DAGs
[2026-09-17T19:52:23.267+0000] {logging_mixin.py:190} INFO - [2026-09-17T19:52:23.266+0000] {dag.py:4180} INFO - Setting next_dagrun for example_trigger_target_dag to None, run_after=None
[2026-09-17T19:52:23.289+0000] {processor.py:208} INFO - Processing /home/airflow/.local/lib/python3.12/site-packages/airflow/example_dags/example_trigger_target_dag.py took 0.087 seconds
[2026-09-17T19:52:53.614+0000] {processor.py:186} INFO - Started process (PID=634) to work on /home/airflow/.local/lib/python3.12/site-packages/airflow/example_dags/example_trigger_target_dag.py
[2026-09-17T19:52:53.616+0000] {processor.py:914} INFO - Processing file /home/airflow/.local/lib/python3.12/site-packages/airflow/example_dags/example_trigger_target_dag.py for tasks to queue
[2026-09-17T19:52:53.619+0000] {logging_mixin.py:190} INFO - [2026-09-17T19:52:53.619+0000] {dagbag.py:588} INFO - Filling up the DagBag from /home/airflow/.local/lib/python3.12/site-packages/airflow/example_dags/example_trigger_target_dag.py
[2026-09-17T19:52:53.638+0000] {processor.py:925} INFO - DAG(s) 'example_trigger_target_dag' retrieved from /home/airflow/.local/lib/python3.12/site-packages/airflow/example_dags/example_trigger_target_dag.py
[2026-09-17T19:52:53.678+0000] {logging_mixin.py:190} INFO - [2026-09-17T19:52:53.678+0000] {dag.py:3239} INFO - Sync 1 DAGs
[2026-09-17T19:52:53.703+0000] {logging_mixin.py:190} INFO - [2026-09-17T19:52:53.702+0000] {dag.py:4180} INFO - Setting next_dagrun for example_trigger_target_dag to None, run_after=None
[2026-09-17T19:52:53.739+0000] {processor.py:208} INFO - Processing /home/airflow/.local/lib/python3.12/site-packages/airflow/example_dags/example_trigger_target_dag.py took 0.137 seconds
[2026-09-17T19:53:24.378+0000] {processor.py:186} INFO - Started process (PID=699) to work on /home/airflow/.local/lib/python3.12/site-packages/airflow/example_dags/example_trigger_target_dag.py
[2026-09-17T19:53:24.380+0000] {processor.py:914} INFO - Processing file /home/airflow/.local/lib/python3.12/site-packages/airflow/example_dags/example_trigger_target_dag.py for tasks to queue
[2026-09-17T19:53:24.383+0000] {logging_mixin.py:190} INFO - [2026-09-17T19:53:24.382+0000] {dagbag.py:588} INFO - Filling up the DagBag from /home/airflow/.local/lib/python3.12/site-packages/airflow/example_dags/example_trigger_target_dag.py
[2026-09-17T19:53:24.393+0000] {processor.py:925} INFO - DAG(s) 'example_trigger_target_dag' retrieved from /home/airflow/.local/lib/python3.12/site-packages/airflow/example_dags/example_trigger_target_dag.py
[2026-09-17T19:53:24.419+0000] {logging_mixin.py:190} INFO - [2026-09-17T19:53:24.418+0000] {dag.py:3239} INFO - Sync 1 DAGs
[2026-09-17T19:53:24.433+0000] {logging_mixin.py:190} INFO - [2026-09-17T19:53:24.433+0000] {dag.py:4180} INFO - Setting next_dagrun for example_trigger_target_dag to None, run_after=None
[2026-09-17T19:53:24.457+0000] {processor.py:208} INFO - Processing /home/airflow/.local/lib/python3.12/site-packages/airflow/example_dags/example_trigger_target_dag.py took 0.085 seconds
[2026-09-17T19:53:54.914+0000] {processor.py:186} INFO - Started process (PID=764) to work on /home/airflow/.local/lib/python3.12/site-packages/airflow/example_dags/example_trigger_target_dag.py
[2026-09-17T19:53:54.915+0000] {processor.py:914} INFO - Processing file /home/airflow/.local/lib/python3.12/site-packages/airflow/example_dags/example_trigger_target_dag.py for tasks to queue
[2026-09-17T19:53:54.918+0000] {logging_mixin.py:190} INFO - [2026-09-17T19:53:54.918+0000] {dagbag.py:588} INFO - Filling up the DagBag from /home/airflow/.local/lib/python3.12/site-packages/airflow/example_dags/example_trigger_target_dag.py
[2026-09-17T19:53:54.929+0000] {processor.py:925} INFO - DAG(s) 'example_trigger_target_dag' retrieved from /home/airflow/.local/lib/python3.12/site-packages/airflow/example_dags/example_trigger_target_dag.py
[2026-09-17T19:53:54.960+0000] {logging_mixin.py:190} INFO - [2026-09-17T19:53:54.960+0000] {dag.py:3239} INFO - Sync 1 DAGs
[2026-09-17T19:53:54.977+0000] {logging_mixin.py:190} INFO - [2026-09-17T19:53:54.977+0000] {dag.py:4180} INFO - Setting next_dagrun for example_trigger_target_dag to None, run_after=None
[2026-09-17T19:53:55.007+0000] {processor.py:208} INFO - Processing /home/airflow/.local/lib/python3.12/site-packages/airflow/example_dags/example_trigger_target_dag.py took 0.101 seconds
[2026-09-17T19:54:25.313+0000] {processor.py:186} INFO - Started process (PID=828) to work on /home/airflow/.local/lib/python3.12/site-packages/airflow/example_dags/example_trigger_target_dag.py
[2026-09-17T19:54:25.315+0000] {processor.py:914} INFO - Processing file /home/airflow/.local/lib/python3.12/site-packages/airflow/example_dags/example_trigger_target_dag.py for tasks to queue
[2026-09-17T19:54:25.318+0000] {logging_mixin.py:190} INFO - [2026-09-17T19:54:25.317+0000] {dagbag.py:588} INFO - Filling up the DagBag from /home/airflow/.local/lib/python3.12/site-packages/airflow/example_dags/example_trigger_target_dag.py
[2026-09-17T19:54:25.332+0000] {processor.py:925} INFO - DAG(s) 'example_trigger_target_dag' retrieved from /home/airflow/.local/lib/python3.12/site-packages/airflow/example_dags/example_trigger_target_dag.py
[2026-09-17T19:54:25.373+0000] {logging_mixin.py:190} INFO - [2026-09-17T19:54:25.373+0000] {dag.py:3239} INFO - Sync 1 DAGs
[2026-09-17T19:54:25.402+0000] {logging_mixin.py:190} INFO - [2026-09-17T19:54:25.402+0000] {dag.py:4180} INFO - Setting next_dagrun for example_trigger_target_dag to None, run_after=None
[2026-09-17T19:54:25.436+0000] {processor.py:208} INFO - Processing /home/airflow/.local/lib/python3.12/site-packages/airflow/example_dags/example_trigger_target_dag.py took 0.131 seconds
[2026-09-17T19:54:55.761+0000] {processor.py:186} INFO - Started process (PID=886) to work on /home/airflow/.local/lib/python3.12/site-packages/airflow/example_dags/example_trigger_target_dag.py
[2026-09-17T19:54:55.763+0000] {processor.py:914} INFO - Processing file /home/airflow/.local/lib/python3.12/site-packages/airflow/example_dags/example_trigger_target_dag.py for tasks to queue
[2026-09-17T19:54:55.765+0000] {logging_mixin.py:190} INFO - [2026-09-17T19:54:55.765+0000] {dagbag.py:588} INFO - Filling up the DagBag from /home/airflow/.local/lib/python3.12/site-packages/airflow/example_dags/example_trigger_target_dag.py
[2026-09-17T19:54:55.775+0000] {processor.py:925} INFO - DAG(s) 'example_trigger_target_dag' retrieved from /home/airflow/.local/lib/python3.12/site-packages/airflow/example_dags/example_trigger_target_dag.py
[2026-09-17T19:54:55.803+0000] {logging_mixin.py:190} INFO - [2026-09-17T19:54:55.803+0000] {dag.py:3239} INFO - Sync 1 DAGs
[2026-09-17T19:54:55.819+0000] {logging_mixin.py:190} INFO - [2026-09-17T19:54:55.818+0000] {dag.py:4180} INFO - Setting next_dagrun for example_trigger_target_dag to None, run_after=None
[2026-09-17T19:54:55.841+0000] {processor.py:208} INFO - Processing /home/airflow/.local/lib/python3.12/site-packages/airflow/example_dags/example_trigger_target_dag.py took 0.086 seconds
[2026-09-17T19:55:26.594+0000] {processor.py:186} INFO - Started process (PID=951) to work on /home/airflow/.local/lib/python3.12/site-packages/airflow/example_dags/example_trigger_target_dag.py
[2026-09-17T19:55:26.597+0000] {processor.py:914} INFO - Processing file /home/airflow/.local/lib/python3.12/site-packages/airflow/example_dags/example_trigger_target_dag.py for tasks to queue
[2026-09-17T19:55:26.599+0000] {logging_mixin.py:190} INFO - [2026-09-17T19:55:26.599+0000] {dagbag.py:588} INFO - Filling up the DagBag from /home/airflow/.local/lib/python3.12/site-packages/airflow/example_dags/example_trigger_target_dag.py
[2026-09-17T19:55:26.610+0000] {processor.py:925} INFO - DAG(s) 'example_trigger_target_dag' retrieved from /home/airflow/.local/lib/python3.12/site-packages/airflow/example_dags/example_trigger_target_dag.py
[2026-09-17T19:55:26.640+0000] {logging_mixin.py:190} INFO - [2026-09-17T19:55:26.640+0000] {dag.py:3239} INFO - Sync 1 DAGs
[2026-09-17T19:55:26.659+0000] {logging_mixin.py:190} INFO - [2026-09-17T19:55:26.659+0000] {dag.py:4180} INFO - Setting next_dagrun for example_trigger_target_dag to None, run_after=None
[2026-09-17T19:55:26.686+0000] {processor.py:208} INFO - Processing /home/airflow/.local/lib/python3.12/site-packages/airflow/example_dags/example_trigger_target_dag.py took 0.098 seconds
[2026-09-17T19:55:56.968+0000] {processor.py:186} INFO - Started process (PID=1016) to work on /home/airflow/.local/lib/python3.12/site-packages/airflow/example_dags/example_trigger_target_dag.py
[2026-09-17T19:55:56.970+0000] {processor.py:914} INFO - Processing file /home/airflow/.local/lib/python3.12/site-packages/airflow/example_dags/example_trigger_target_dag.py for tasks to queue
[2026-09-17T19:55:56.972+0000] {logging_mixin.py:190} INFO - [2026-09-17T19:55:56.972+0000] {dagbag.py:588} INFO - Filling up the DagBag from /home/airflow/.local/lib/python3.12/site-packages/airflow/example_dags/example_trigger_target_dag.py
[2026-09-17T19:55:56.982+0000] {processor.py:925} INFO - DAG(s) 'example_trigger_target_dag' retrieved from /home/airflow/.local/lib/python3.12/site-packages/airflow/example_dags/example_trigger_target_dag.py
[2026-09-17T19:55:57.008+0000] {logging_mixin.py:190} INFO - [2026-09-17T19:55:57.008+0000] {dag.py:3239} INFO - Sync 1 DAGs
[2026-09-17T19:55:57.023+0000] {logging_mixin.py:190} INFO - [2026-09-17T19:55:57.023+0000] {dag.py:4180} INFO - Setting next_dagrun for example_trigger_target_dag to None, run_after=None
[2026-09-17T19:55:57.045+0000] {processor.py:208} INFO - Processing /home/airflow/.local/lib/python3.12/site-packages/airflow/example_dags/example_trigger_target_dag.py took 0.082 seconds
[2026-09-17T19:56:27.258+0000] {processor.py:186} INFO - Started process (PID=1081) to work on /home/airflow/.local/lib/python3.12/site-packages/airflow/example_dags/example_trigger_target_dag.py
[2026-09-17T19:56:27.260+0000] {processor.py:914} INFO - Processing file /home/airflow/.local/lib/python3.12/site-packages/airflow/example_dags/example_trigger_target_dag.py for tasks to queue
[2026-09-17T19:56:27.263+0000] {logging_mixin.py:190} INFO - [2026-09-17T19:56:27.262+0000] {dagbag.py:588} INFO - Filling up the DagBag from /home/airflow/.local/lib/python3.12/site-packages/airflow/example_dags/example_trigger_target_dag.py
[2026-09-17T19:56:27.272+0000] {processor.py:925} INFO - DAG(s) 'example_trigger_target_dag' retrieved from /home/airflow/.local/lib/python3.12/site-packages/airflow/example_dags/example_trigger_target_dag.py
[2026-09-17T19:56:27.299+0000] {logging_mixin.py:190} INFO - [2026-09-17T19:56:27.299+0000] {dag.py:3239} INFO - Sync 1 DAGs
[2026-09-17T19:56:27.313+0000] {logging_mixin.py:190} INFO - [2026-09-17T19:56:27.313+0000] {dag.py:4180} INFO - Setting next_dagrun for example_trigger_target_dag to None, run_after=None
[2026-09-17T19:56:27.339+0000] {processor.py:208} INFO - Processing /home/airflow/.local/lib/python3.12/site-packages/airflow/example_dags/example_trigger_target_dag.py took 0.087 seconds
[2026-09-17T19:56:57.525+0000] {processor.py:186} INFO - Started process (PID=1146) to work on /home/airflow/.local/lib/python3.12/site-packages/airflow/example_dags/example_trigger_target_dag.py
[2026-09-17T19:56:57.527+0000] {processor.py:914} INFO - Processing file /home/airflow/.local/lib/python3.12/site-packages/airflow/example_dags/example_trigger_target_dag.py for tasks to queue
[2026-09-17T19:56:57.530+0000] {logging_mixin.py:190} INFO - [2026-09-17T19:56:57.529+0000] {dagbag.py:588} INFO - Filling up the DagBag from /home/airflow/.local/lib/python3.12/site-packages/airflow/example_dags/example_trigger_target_dag.py
[2026-09-17T19:56:57.541+0000] {processor.py:925} INFO - DAG(s) 'example_trigger_target_dag' retrieved from /home/airflow/.local/lib/python3.12/site-packages/airflow/example_dags/example_trigger_target_dag.py
[2026-09-17T19:56:57.573+0000] {logging_mixin.py:190} INFO - [2026-09-17T19:56:57.573+0000] {dag.py:3239} INFO - Sync 1 DAGs
[2026-09-17T19:56:57.589+0000] {logging_mixin.py:190} INFO - [2026-09-17T19:56:57.589+0000] {dag.py:4180} INFO - Setting next_dagrun for example_trigger_target_dag to None, run_after=None
[2026-09-17T19:56:57.615+0000] {processor.py:208} INFO - Processing /home/airflow/.local/lib/python3.12/site-packages/airflow/example_dags/example_trigger_target_dag.py took 0.096 seconds
[2026-09-17T19:57:28.061+0000] {processor.py:186} INFO - Started process (PID=1211) to work on /home/airflow/.local/lib/python3.12/site-packages/airflow/example_dags/example_trigger_target_dag.py
[2026-09-17T19:57:28.064+0000] {processor.py:914} INFO - Processing file /home/airflow/.local/lib/python3.12/site-packages/airflow/example_dags/example_trigger_target_dag.py for tasks to queue
[2026-09-17T19:57:28.067+0000] {logging_mixin.py:190} INFO - [2026-09-17T19:57:28.067+0000] {dagbag.py:588} INFO - Filling up the DagBag from /home/airflow/.local/lib/python3.12/site-packages/airflow/example_dags/example_trigger_target_dag.py
[2026-09-17T19:57:28.078+0000] {processor.py:925} INFO - DAG(s) 'example_trigger_target_dag' retrieved from /home/airflow/.local/lib/python3.12/site-packages/airflow/example_dags/example_trigger_target_dag.py
[2026-09-17T19:57:28.106+0000] {logging_mixin.py:190} INFO - [2026-09-17T19:57:28.105+0000] {dag.py:3239} INFO - Sync 1 DAGs
[2026-09-17T19:57:28.122+0000] {logging_mixin.py:190} INFO - [2026-09-17T19:57:28.122+0000] {dag.py:4180} INFO - Setting next_dagrun for example_trigger_target_dag to None, run_after=None
[2026-09-17T19:57:28.147+0000] {processor.py:208} INFO - Processing /home/airflow/.local/lib/python3.12/site-packages/airflow/example_dags/example_trigger_target_dag.py took 0.093 seconds
[2026-09-17T19:57:58.776+0000] {processor.py:186} INFO - Started process (PID=1276) to work on /home/airflow/.local/lib/python3.12/site-packages/airflow/example_dags/example_trigger_target_dag.py
[2026-09-17T19:57:58.778+0000] {processor.py:914} INFO - Processing file /home/airflow/.local/lib/python3.12/site-packages/airflow/example_dags/example_trigger_target_dag.py for tasks to queue
[2026-09-17T19:57:58.780+0000] {logging_mixin.py:190} INFO - [2026-09-17T19:57:58.780+0000] {dagbag.py:588} INFO - Filling up the DagBag from /home/airflow/.local/lib/python3.12/site-packages/airflow/example_dags/example_trigger_target_dag.py
[2026-09-17T19:57:58.790+0000] {processor.py:925} INFO - DAG(s) 'example_trigger_target_dag' retrieved from /home/airflow/.local/lib/python3.12/site-packages/airflow/example_dags/example_trigger_target_dag.py
[2026-09-17T19:57:58.817+0000] {logging_mixin.py:190} INFO - [2026-09-17T19:57:58.816+0000] {dag.py:3239} INFO - Sync 1 DAGs
[2026-09-17T19:57:58.835+0000] {logging_mixin.py:190} INFO - [2026-09-17T19:57:58.834+0000] {dag.py:4180} INFO - Setting next_dagrun for example_trigger_target_dag to None, run_after=None
[2026-09-17T19:57:58.860+0000] {processor.py:208} INFO - Processing /home/airflow/.local/lib/python3.12/site-packages/airflow/example_dags/example_trigger_target_dag.py took 0.089 seconds
[2026-09-17T19:58:28.987+0000] {processor.py:186} INFO - Started process (PID=1341) to work on /home/airflow/.local/lib/python3.12/site-packages/airflow/example_dags/example_trigger_target_dag.py
[2026-09-17T19:58:28.990+0000] {processor.py:914} INFO - Processing file /home/airflow/.local/lib/python3.12/site-packages/airflow/example_dags/example_trigger_target_dag.py for tasks to queue
[2026-09-17T19:58:28.993+0000] {logging_mixin.py:190} INFO - [2026-09-17T19:58:28.993+0000] {dagbag.py:588} INFO - Filling up the DagBag from /home/airflow/.local/lib/python3.12/site-packages/airflow/example_dags/example_trigger_target_dag.py
[2026-09-17T19:58:29.006+0000] {processor.py:925} INFO - DAG(s) 'example_trigger_target_dag' retrieved from /home/airflow/.local/lib/python3.12/site-packages/airflow/example_dags/example_trigger_target_dag.py
[2026-09-17T19:58:29.032+0000] {logging_mixin.py:190} INFO - [2026-09-17T19:58:29.031+0000] {dag.py:3239} INFO - Sync 1 DAGs
[2026-09-17T19:58:29.049+0000] {logging_mixin.py:190} INFO - [2026-09-17T19:58:29.049+0000] {dag.py:4180} INFO - Setting next_dagrun for example_trigger_target_dag to None, run_after=None
[2026-09-17T19:58:29.074+0000] {processor.py:208} INFO - Processing /home/airflow/.local/lib/python3.12/site-packages/airflow/example_dags/example_trigger_target_dag.py took 0.095 seconds
[2026-09-17T19:58:59.391+0000] {processor.py:186} INFO - Started process (PID=1406) to work on /home/airflow/.local/lib/python3.12/site-packages/airflow/example_dags/example_trigger_target_dag.py
[2026-09-17T19:58:59.393+0000] {processor.py:914} INFO - Processing file /home/airflow/.local/lib/python3.12/site-packages/airflow/example_dags/example_trigger_target_dag.py for tasks to queue
[2026-09-17T19:58:59.395+0000] {logging_mixin.py:190} INFO - [2026-09-17T19:58:59.394+0000] {dagbag.py:588} INFO - Filling up the DagBag from /home/airflow/.local/lib/python3.12/site-packages/airflow/example_dags/example_trigger_target_dag.py
[2026-09-17T19:58:59.404+0000] {processor.py:925} INFO - DAG(s) 'example_trigger_target_dag' retrieved from /home/airflow/.local/lib/python3.12/site-packages/airflow/example_dags/example_trigger_target_dag.py
[2026-09-17T19:58:59.429+0000] {logging_mixin.py:190} INFO - [2026-09-17T19:58:59.428+0000] {dag.py:3239} INFO - Sync 1 DAGs
[2026-09-17T19:58:59.444+0000] {logging_mixin.py:190} INFO - [2026-09-17T19:58:59.443+0000] {dag.py:4180} INFO - Setting next_dagrun for example_trigger_target_dag to None, run_after=None
[2026-09-17T19:58:59.464+0000] {processor.py:208} INFO - Processing /home/airflow/.local/lib/python3.12/site-packages/airflow/example_dags/example_trigger_target_dag.py took 0.079 seconds
[2026-09-17T19:59:30.613+0000] {processor.py:186} INFO - Started process (PID=1470) to work on /home/airflow/.local/lib/python3.12/site-packages/airflow/example_dags/example_trigger_target_dag.py
[2026-09-17T19:59:30.615+0000] {processor.py:914} INFO - Processing file /home/airflow/.local/lib/python3.12/site-packages/airflow/example_dags/example_trigger_target_dag.py for tasks to queue
[2026-09-17T19:59:30.618+0000] {logging_mixin.py:190} INFO - [2026-09-17T19:59:30.617+0000] {dagbag.py:588} INFO - Filling up the DagBag from /home/airflow/.local/lib/python3.12/site-packages/airflow/example_dags/example_trigger_target_dag.py
[2026-09-17T19:59:30.631+0000] {processor.py:925} INFO - DAG(s) 'example_trigger_target_dag' retrieved from /home/airflow/.local/lib/python3.12/site-packages/airflow/example_dags/example_trigger_target_dag.py
[2026-09-17T19:59:30.669+0000] {logging_mixin.py:190} INFO - [2026-09-17T19:59:30.668+0000] {dag.py:3239} INFO - Sync 1 DAGs
[2026-09-17T19:59:30.688+0000] {logging_mixin.py:190} INFO - [2026-09-17T19:59:30.688+0000] {dag.py:4180} INFO - Setting next_dagrun for example_trigger_target_dag to None, run_after=None
[2026-09-17T19:59:30.719+0000] {processor.py:208} INFO - Processing /home/airflow/.local/lib/python3.12/site-packages/airflow/example_dags/example_trigger_target_dag.py took 0.115 seconds
[2026-09-17T20:00:01.182+0000] {processor.py:186} INFO - Started process (PID=1528) to work on /home/airflow/.local/lib/python3.12/site-packages/airflow/example_dags/example_trigger_target_dag.py
[2026-09-17T20:00:01.184+0000] {processor.py:914} INFO - Processing file /home/airflow/.local/lib/python3.12/site-packages/airflow/example_dags/example_trigger_target_dag.py for tasks to queue
[2026-09-17T20:00:01.187+0000] {logging_mixin.py:190} INFO - [2026-09-17T20:00:01.186+0000] {dagbag.py:588} INFO - Filling up the DagBag from /home/airflow/.local/lib/python3.12/site-packages/airflow/example_dags/example_trigger_target_dag.py
[2026-09-17T20:00:01.197+0000] {processor.py:925} INFO - DAG(s) 'example_trigger_target_dag' retrieved from /home/airflow/.local/lib/python3.12/site-packages/airflow/example_dags/example_trigger_target_dag.py
[2026-09-17T20:00:01.223+0000] {logging_mixin.py:190} INFO - [2026-09-17T20:00:01.222+0000] {dag.py:3239} INFO - Sync 1 DAGs
[2026-09-17T20:00:01.238+0000] {logging_mixin.py:190} INFO - [2026-09-17T20:00:01.237+0000] {dag.py:4180} INFO - Setting next_dagrun for example_trigger_target_dag to None, run_after=None
[2026-09-17T20:00:01.260+0000] {processor.py:208} INFO - Processing /home/airflow/.local/lib/python3.12/site-packages/airflow/example_dags/example_trigger_target_dag.py took 0.084 seconds
[2026-09-17T20:00:31.928+0000] {processor.py:186} INFO - Started process (PID=1593) to work on /home/airflow/.local/lib/python3.12/site-packages/airflow/example_dags/example_trigger_target_dag.py
[2026-09-17T20:00:31.930+0000] {processor.py:914} INFO - Processing file /home/airflow/.local/lib/python3.12/site-packages/airflow/example_dags/example_trigger_target_dag.py for tasks to queue
[2026-09-17T20:00:31.933+0000] {logging_mixin.py:190} INFO - [2026-09-17T20:00:31.932+0000] {dagbag.py:588} INFO - Filling up the DagBag from /home/airflow/.local/lib/python3.12/site-packages/airflow/example_dags/example_trigger_target_dag.py
[2026-09-17T20:00:31.948+0000] {processor.py:925} INFO - DAG(s) 'example_trigger_target_dag' retrieved from /home/airflow/.local/lib/python3.12/site-packages/airflow/example_dags/example_trigger_target_dag.py
[2026-09-17T20:00:31.977+0000] {logging_mixin.py:190} INFO - [2026-09-17T20:00:31.976+0000] {dag.py:3239} INFO - Sync 1 DAGs
[2026-09-17T20:00:31.995+0000] {logging_mixin.py:190} INFO - [2026-09-17T20:00:31.995+0000] {dag.py:4180} INFO - Setting next_dagrun for example_trigger_target_dag to None, run_after=None
[2026-09-17T20:00:32.021+0000] {processor.py:208} INFO - Processing /home/airflow/.local/lib/python3.12/site-packages/airflow/example_dags/example_trigger_target_dag.py took 0.105 seconds
[2026-09-17T20:01:02.201+0000] {processor.py:186} INFO - Started process (PID=1658) to work on /home/airflow/.local/lib/python3.12/site-packages/airflow/example_dags/example_trigger_target_dag.py
[2026-09-17T20:01:02.203+0000] {processor.py:914} INFO - Processing file /home/airflow/.local/lib/python3.12/site-packages/airflow/example_dags/example_trigger_target_dag.py for tasks to queue
[2026-09-17T20:01:02.205+0000] {logging_mixin.py:190} INFO - [2026-09-17T20:01:02.205+0000] {dagbag.py:588} INFO - Filling up the DagBag from /home/airflow/.local/lib/python3.12/site-packages/airflow/example_dags/example_trigger_target_dag.py
[2026-09-17T20:01:02.214+0000] {processor.py:925} INFO - DAG(s) 'example_trigger_target_dag' retrieved from /home/airflow/.local/lib/python3.12/site-packages/airflow/example_dags/example_trigger_target_dag.py
[2026-09-17T20:01:02.240+0000] {logging_mixin.py:190} INFO - [2026-09-17T20:01:02.240+0000] {dag.py:3239} INFO - Sync 1 DAGs
[2026-09-17T20:01:02.255+0000] {logging_mixin.py:190} INFO - [2026-09-17T20:01:02.255+0000] {dag.py:4180} INFO - Setting next_dagrun for example_trigger_target_dag to None, run_after=None
[2026-09-17T20:01:02.277+0000] {processor.py:208} INFO - Processing /home/airflow/.local/lib/python3.12/site-packages/airflow/example_dags/example_trigger_target_dag.py took 0.082 seconds
[2026-09-17T20:01:32.432+0000] {processor.py:186} INFO - Started process (PID=1723) to work on /home/airflow/.local/lib/python3.12/site-packages/airflow/example_dags/example_trigger_target_dag.py
[2026-09-17T20:01:32.434+0000] {processor.py:914} INFO - Processing file /home/airflow/.local/lib/python3.12/site-packages/airflow/example_dags/example_trigger_target_dag.py for tasks to queue
[2026-09-17T20:01:32.436+0000] {logging_mixin.py:190} INFO - [2026-09-17T20:01:32.436+0000] {dagbag.py:588} INFO - Filling up the DagBag from /home/airflow/.local/lib/python3.12/site-packages/airflow/example_dags/example_trigger_target_dag.py
[2026-09-17T20:01:32.447+0000] {processor.py:925} INFO - DAG(s) 'example_trigger_target_dag' retrieved from /home/airflow/.local/lib/python3.12/site-packages/airflow/example_dags/example_trigger_target_dag.py
[2026-09-17T20:01:32.475+0000] {logging_mixin.py:190} INFO - [2026-09-17T20:01:32.474+0000] {dag.py:3239} INFO - Sync 1 DAGs
[2026-09-17T20:01:32.489+0000] {logging_mixin.py:190} INFO - [2026-09-17T20:01:32.489+0000] {dag.py:4180} INFO - Setting next_dagrun for example_trigger_target_dag to None, run_after=None
[2026-09-17T20:01:32.515+0000] {processor.py:208} INFO - Processing /home/airflow/.local/lib/python3.12/site-packages/airflow/example_dags/example_trigger_target_dag.py took 0.090 seconds
[2026-09-17T20:02:02.594+0000] {processor.py:186} INFO - Started process (PID=1787) to work on /home/airflow/.local/lib/python3.12/site-packages/airflow/example_dags/example_trigger_target_dag.py
[2026-09-17T20:02:02.597+0000] {processor.py:914} INFO - Processing file /home/airflow/.local/lib/python3.12/site-packages/airflow/example_dags/example_trigger_target_dag.py for tasks to queue
[2026-09-17T20:02:02.599+0000] {logging_mixin.py:190} INFO - [2026-09-17T20:02:02.599+0000] {dagbag.py:588} INFO - Filling up the DagBag from /home/airflow/.local/lib/python3.12/site-packages/airflow/example_dags/example_trigger_target_dag.py
[2026-09-17T20:02:02.609+0000] {processor.py:925} INFO - DAG(s) 'example_trigger_target_dag' retrieved from /home/airflow/.local/lib/python3.12/site-packages/airflow/example_dags/example_trigger_target_dag.py
[2026-09-17T20:02:02.635+0000] {logging_mixin.py:190} INFO - [2026-09-17T20:02:02.634+0000] {dag.py:3239} INFO - Sync 1 DAGs
[2026-09-17T20:02:02.650+0000] {logging_mixin.py:190} INFO - [2026-09-17T20:02:02.650+0000] {dag.py:4180} INFO - Setting next_dagrun for example_trigger_target_dag to None, run_after=None
[2026-09-17T20:02:02.672+0000] {processor.py:208} INFO - Processing /home/airflow/.local/lib/python3.12/site-packages/airflow/example_dags/example_trigger_target_dag.py took 0.083 seconds
[2026-09-17T20:09:36.157+0000] {processor.py:186} INFO - Started process (PID=58) to work on /home/airflow/.local/lib/python3.12/site-packages/airflow/example_dags/example_trigger_target_dag.py
[2026-09-17T20:09:36.160+0000] {processor.py:914} INFO - Processing file /home/airflow/.local/lib/python3.12/site-packages/airflow/example_dags/example_trigger_target_dag.py for tasks to queue
[2026-09-17T20:09:36.163+0000] {logging_mixin.py:190} INFO - [2026-09-17T20:09:36.163+0000] {dagbag.py:588} INFO - Filling up the DagBag from /home/airflow/.local/lib/python3.12/site-packages/airflow/example_dags/example_trigger_target_dag.py
[2026-09-17T20:09:36.183+0000] {processor.py:925} INFO - DAG(s) 'example_trigger_target_dag' retrieved from /home/airflow/.local/lib/python3.12/site-packages/airflow/example_dags/example_trigger_target_dag.py
[2026-09-17T20:09:36.402+0000] {logging_mixin.py:190} INFO - [2026-09-17T20:09:36.399+0000] {override.py:1911} INFO - Created Permission View: can edit on DAG:example_trigger_target_dag
[2026-09-17T20:09:36.421+0000] {logging_mixin.py:190} INFO - [2026-09-17T20:09:36.421+0000] {override.py:1911} INFO - Created Permission View: can read on DAG:example_trigger_target_dag
[2026-09-17T20:09:36.434+0000] {logging_mixin.py:190} INFO - [2026-09-17T20:09:36.434+0000] {override.py:1911} INFO - Created Permission View: can delete on DAG:example_trigger_target_dag
[2026-09-17T20:09:36.448+0000] {logging_mixin.py:190} INFO - [2026-09-17T20:09:36.448+0000] {override.py:1911} INFO - Created Permission View: can create on DAG Run:example_trigger_target_dag
[2026-09-17T20:09:36.460+0000] {logging_mixin.py:190} INFO - [2026-09-17T20:09:36.460+0000] {override.py:1911} INFO - Created Permission View: menu access on DAG Run:example_trigger_target_dag
[2026-09-17T20:09:36.474+0000] {logging_mixin.py:190} INFO - [2026-09-17T20:09:36.474+0000] {override.py:1911} INFO - Created Permission View: can read on DAG Run:example_trigger_target_dag
[2026-09-17T20:09:36.486+0000] {logging_mixin.py:190} INFO - [2026-09-17T20:09:36.486+0000] {override.py:1911} INFO - Created Permission View: can delete on DAG Run:example_trigger_target_dag
[2026-09-17T20:09:36.488+0000] {logging_mixin.py:190} INFO - [2026-09-17T20:09:36.488+0000] {dag.py:3239} INFO - Sync 1 DAGs
[2026-09-17T20:09:36.515+0000] {logging_mixin.py:190} INFO - [2026-09-17T20:09:36.515+0000] {dag.py:3262} INFO - Creating ORM DAG for example_trigger_target_dag
[2026-09-17T20:09:36.517+0000] {logging_mixin.py:190} INFO - [2026-09-17T20:09:36.517+0000] {dag.py:4180} INFO - Setting next_dagrun for example_trigger_target_dag to None, run_after=None
[2026-09-17T20:09:36.546+0000] {processor.py:208} INFO - Processing /home/airflow/.local/lib/python3.12/site-packages/airflow/example_dags/example_trigger_target_dag.py took 0.400 seconds
[2026-09-17T20:10:07.456+0000] {processor.py:186} INFO - Started process (PID=122) to work on /home/airflow/.local/lib/python3.12/site-packages/airflow/example_dags/example_trigger_target_dag.py
[2026-09-17T20:10:07.458+0000] {processor.py:914} INFO - Processing file /home/airflow/.local/lib/python3.12/site-packages/airflow/example_dags/example_trigger_target_dag.py for tasks to queue
[2026-09-17T20:10:07.461+0000] {logging_mixin.py:190} INFO - [2026-09-17T20:10:07.460+0000] {dagbag.py:588} INFO - Filling up the DagBag from /home/airflow/.local/lib/python3.12/site-packages/airflow/example_dags/example_trigger_target_dag.py
[2026-09-17T20:10:07.473+0000] {processor.py:925} INFO - DAG(s) 'example_trigger_target_dag' retrieved from /home/airflow/.local/lib/python3.12/site-packages/airflow/example_dags/example_trigger_target_dag.py
[2026-09-17T20:10:07.507+0000] {logging_mixin.py:190} INFO - [2026-09-17T20:10:07.507+0000] {dag.py:3239} INFO - Sync 1 DAGs
[2026-09-17T20:10:07.525+0000] {logging_mixin.py:190} INFO - [2026-09-17T20:10:07.525+0000] {dag.py:4180} INFO - Setting next_dagrun for example_trigger_target_dag to None, run_after=None
[2026-09-17T20:10:07.552+0000] {processor.py:208} INFO - Processing /home/airflow/.local/lib/python3.12/site-packages/airflow/example_dags/example_trigger_target_dag.py took 0.104 seconds
[2026-09-17T20:10:38.360+0000] {processor.py:186} INFO - Started process (PID=179) to work on /home/airflow/.local/lib/python3.12/site-packages/airflow/example_dags/example_trigger_target_dag.py
[2026-09-17T20:10:38.362+0000] {processor.py:914} INFO - Processing file /home/airflow/.local/lib/python3.12/site-packages/airflow/example_dags/example_trigger_target_dag.py for tasks to queue
[2026-09-17T20:10:38.365+0000] {logging_mixin.py:190} INFO - [2026-09-17T20:10:38.365+0000] {dagbag.py:588} INFO - Filling up the DagBag from /home/airflow/.local/lib/python3.12/site-packages/airflow/example_dags/example_trigger_target_dag.py
[2026-09-17T20:10:38.380+0000] {processor.py:925} INFO - DAG(s) 'example_trigger_target_dag' retrieved from /home/airflow/.local/lib/python3.12/site-packages/airflow/example_dags/example_trigger_target_dag.py
[2026-09-17T20:10:38.414+0000] {logging_mixin.py:190} INFO - [2026-09-17T20:10:38.414+0000] {dag.py:3239} INFO - Sync 1 DAGs
[2026-09-17T20:10:38.440+0000] {logging_mixin.py:190} INFO - [2026-09-17T20:10:38.439+0000] {dag.py:4180} INFO - Setting next_dagrun for example_trigger_target_dag to None, run_after=None
[2026-09-17T20:10:38.473+0000] {processor.py:208} INFO - Processing /home/airflow/.local/lib/python3.12/site-packages/airflow/example_dags/example_trigger_target_dag.py took 0.126 seconds
[2026-09-17T20:11:09.101+0000] {processor.py:186} INFO - Started process (PID=244) to work on /home/airflow/.local/lib/python3.12/site-packages/airflow/example_dags/example_trigger_target_dag.py
[2026-09-17T20:11:09.104+0000] {processor.py:914} INFO - Processing file /home/airflow/.local/lib/python3.12/site-packages/airflow/example_dags/example_trigger_target_dag.py for tasks to queue
[2026-09-17T20:11:09.108+0000] {logging_mixin.py:190} INFO - [2026-09-17T20:11:09.108+0000] {dagbag.py:588} INFO - Filling up the DagBag from /home/airflow/.local/lib/python3.12/site-packages/airflow/example_dags/example_trigger_target_dag.py
[2026-09-17T20:11:09.125+0000] {processor.py:925} INFO - DAG(s) 'example_trigger_target_dag' retrieved from /home/airflow/.local/lib/python3.12/site-packages/airflow/example_dags/example_trigger_target_dag.py
[2026-09-17T20:11:09.170+0000] {logging_mixin.py:190} INFO - [2026-09-17T20:11:09.170+0000] {dag.py:3239} INFO - Sync 1 DAGs
[2026-09-17T20:11:09.201+0000] {logging_mixin.py:190} INFO - [2026-09-17T20:11:09.200+0000] {dag.py:4180} INFO - Setting next_dagrun for example_trigger_target_dag to None, run_after=None
[2026-09-17T20:11:09.239+0000] {processor.py:208} INFO - Processing /home/airflow/.local/lib/python3.12/site-packages/airflow/example_dags/example_trigger_target_dag.py took 0.151 seconds
[2026-09-17T20:11:39.374+0000] {processor.py:186} INFO - Started process (PID=309) to work on /home/airflow/.local/lib/python3.12/site-packages/airflow/example_dags/example_trigger_target_dag.py
[2026-09-17T20:11:39.376+0000] {processor.py:914} INFO - Processing file /home/airflow/.local/lib/python3.12/site-packages/airflow/example_dags/example_trigger_target_dag.py for tasks to queue
[2026-09-17T20:11:39.379+0000] {logging_mixin.py:190} INFO - [2026-09-17T20:11:39.378+0000] {dagbag.py:588} INFO - Filling up the DagBag from /home/airflow/.local/lib/python3.12/site-packages/airflow/example_dags/example_trigger_target_dag.py
[2026-09-17T20:11:39.388+0000] {processor.py:925} INFO - DAG(s) 'example_trigger_target_dag' retrieved from /home/airflow/.local/lib/python3.12/site-packages/airflow/example_dags/example_trigger_target_dag.py
[2026-09-17T20:11:39.416+0000] {logging_mixin.py:190} INFO - [2026-09-17T20:11:39.416+0000] {dag.py:3239} INFO - Sync 1 DAGs
[2026-09-17T20:11:39.433+0000] {logging_mixin.py:190} INFO - [2026-09-17T20:11:39.432+0000] {dag.py:4180} INFO - Setting next_dagrun for example_trigger_target_dag to None, run_after=None
[2026-09-17T20:11:39.458+0000] {processor.py:208} INFO - Processing /home/airflow/.local/lib/python3.12/site-packages/airflow/example_dags/example_trigger_target_dag.py took 0.090 seconds
[2026-09-17T20:12:10.284+0000] {processor.py:186} INFO - Started process (PID=374) to work on /home/airflow/.local/lib/python3.12/site-packages/airflow/example_dags/example_trigger_target_dag.py
[2026-09-17T20:12:10.286+0000] {processor.py:914} INFO - Processing file /home/airflow/.local/lib/python3.12/site-packages/airflow/example_dags/example_trigger_target_dag.py for tasks to queue
[2026-09-17T20:12:10.288+0000] {logging_mixin.py:190} INFO - [2026-09-17T20:12:10.288+0000] {dagbag.py:588} INFO - Filling up the DagBag from /home/airflow/.local/lib/python3.12/site-packages/airflow/example_dags/example_trigger_target_dag.py
[2026-09-17T20:12:10.299+0000] {processor.py:925} INFO - DAG(s) 'example_trigger_target_dag' retrieved from /home/airflow/.local/lib/python3.12/site-packages/airflow/example_dags/example_trigger_target_dag.py
[2026-09-17T20:12:10.329+0000] {logging_mixin.py:190} INFO - [2026-09-17T20:12:10.329+0000] {dag.py:3239} INFO - Sync 1 DAGs
[2026-09-17T20:12:10.347+0000] {logging_mixin.py:190} INFO - [2026-09-17T20:12:10.347+0000] {dag.py:4180} INFO - Setting next_dagrun for example_trigger_target_dag to None, run_after=None
[2026-09-17T20:12:10.373+0000] {processor.py:208} INFO - Processing /home/airflow/.local/lib/python3.12/site-packages/airflow/example_dags/example_trigger_target_dag.py took 0.095 seconds
[2026-09-17T20:12:40.906+0000] {processor.py:186} INFO - Started process (PID=439) to work on /home/airflow/.local/lib/python3.12/site-packages/airflow/example_dags/example_trigger_target_dag.py
[2026-09-17T20:12:40.908+0000] {processor.py:914} INFO - Processing file /home/airflow/.local/lib/python3.12/site-packages/airflow/example_dags/example_trigger_target_dag.py for tasks to queue
[2026-09-17T20:12:40.910+0000] {logging_mixin.py:190} INFO - [2026-09-17T20:12:40.910+0000] {dagbag.py:588} INFO - Filling up the DagBag from /home/airflow/.local/lib/python3.12/site-packages/airflow/example_dags/example_trigger_target_dag.py
[2026-09-17T20:12:40.921+0000] {processor.py:925} INFO - DAG(s) 'example_trigger_target_dag' retrieved from /home/airflow/.local/lib/python3.12/site-packages/airflow/example_dags/example_trigger_target_dag.py
[2026-09-17T20:12:40.950+0000] {logging_mixin.py:190} INFO - [2026-09-17T20:12:40.950+0000] {dag.py:3239} INFO - Sync 1 DAGs
[2026-09-17T20:12:40.966+0000] {logging_mixin.py:190} INFO - [2026-09-17T20:12:40.966+0000] {dag.py:4180} INFO - Setting next_dagrun for example_trigger_target_dag to None, run_after=None
[2026-09-17T20:12:40.988+0000] {processor.py:208} INFO - Processing /home/airflow/.local/lib/python3.12/site-packages/airflow/example_dags/example_trigger_target_dag.py took 0.089 seconds
[2026-09-17T20:13:11.315+0000] {processor.py:186} INFO - Started process (PID=504) to work on /home/airflow/.local/lib/python3.12/site-packages/airflow/example_dags/example_trigger_target_dag.py
[2026-09-17T20:13:11.318+0000] {processor.py:914} INFO - Processing file /home/airflow/.local/lib/python3.12/site-packages/airflow/example_dags/example_trigger_target_dag.py for tasks to queue
[2026-09-17T20:13:11.320+0000] {logging_mixin.py:190} INFO - [2026-09-17T20:13:11.319+0000] {dagbag.py:588} INFO - Filling up the DagBag from /home/airflow/.local/lib/python3.12/site-packages/airflow/example_dags/example_trigger_target_dag.py
[2026-09-17T20:13:11.334+0000] {processor.py:925} INFO - DAG(s) 'example_trigger_target_dag' retrieved from /home/airflow/.local/lib/python3.12/site-packages/airflow/example_dags/example_trigger_target_dag.py
[2026-09-17T20:13:11.370+0000] {logging_mixin.py:190} INFO - [2026-09-17T20:13:11.370+0000] {dag.py:3239} INFO - Sync 1 DAGs
[2026-09-17T20:13:11.389+0000] {logging_mixin.py:190} INFO - [2026-09-17T20:13:11.388+0000] {dag.py:4180} INFO - Setting next_dagrun for example_trigger_target_dag to None, run_after=None
[2026-09-17T20:13:11.413+0000] {processor.py:208} INFO - Processing /home/airflow/.local/lib/python3.12/site-packages/airflow/example_dags/example_trigger_target_dag.py took 0.108 seconds
[2026-09-17T20:13:41.912+0000] {processor.py:186} INFO - Started process (PID=569) to work on /home/airflow/.local/lib/python3.12/site-packages/airflow/example_dags/example_trigger_target_dag.py
[2026-09-17T20:13:41.913+0000] {processor.py:914} INFO - Processing file /home/airflow/.local/lib/python3.12/site-packages/airflow/example_dags/example_trigger_target_dag.py for tasks to queue
[2026-09-17T20:13:41.915+0000] {logging_mixin.py:190} INFO - [2026-09-17T20:13:41.915+0000] {dagbag.py:588} INFO - Filling up the DagBag from /home/airflow/.local/lib/python3.12/site-packages/airflow/example_dags/example_trigger_target_dag.py
[2026-09-17T20:13:41.924+0000] {processor.py:925} INFO - DAG(s) 'example_trigger_target_dag' retrieved from /home/airflow/.local/lib/python3.12/site-packages/airflow/example_dags/example_trigger_target_dag.py
[2026-09-17T20:13:41.950+0000] {logging_mixin.py:190} INFO - [2026-09-17T20:13:41.950+0000] {dag.py:3239} INFO - Sync 1 DAGs
[2026-09-17T20:13:41.967+0000] {logging_mixin.py:190} INFO - [2026-09-17T20:13:41.967+0000] {dag.py:4180} INFO - Setting next_dagrun for example_trigger_target_dag to None, run_after=None
[2026-09-17T20:13:41.994+0000] {processor.py:208} INFO - Processing /home/airflow/.local/lib/python3.12/site-packages/airflow/example_dags/example_trigger_target_dag.py took 0.088 seconds
[2026-09-17T20:14:12.276+0000] {processor.py:186} INFO - Started process (PID=634) to work on /home/airflow/.local/lib/python3.12/site-packages/airflow/example_dags/example_trigger_target_dag.py
[2026-09-17T20:14:12.278+0000] {processor.py:914} INFO - Processing file /home/airflow/.local/lib/python3.12/site-packages/airflow/example_dags/example_trigger_target_dag.py for tasks to queue
[2026-09-17T20:14:12.281+0000] {logging_mixin.py:190} INFO - [2026-09-17T20:14:12.280+0000] {dagbag.py:588} INFO - Filling up the DagBag from /home/airflow/.local/lib/python3.12/site-packages/airflow/example_dags/example_trigger_target_dag.py
[2026-09-17T20:14:12.290+0000] {processor.py:925} INFO - DAG(s) 'example_trigger_target_dag' retrieved from /home/airflow/.local/lib/python3.12/site-packages/airflow/example_dags/example_trigger_target_dag.py
[2026-09-17T20:14:12.317+0000] {logging_mixin.py:190} INFO - [2026-09-17T20:14:12.316+0000] {dag.py:3239} INFO - Sync 1 DAGs
[2026-09-17T20:14:12.331+0000] {logging_mixin.py:190} INFO - [2026-09-17T20:14:12.331+0000] {dag.py:4180} INFO - Setting next_dagrun for example_trigger_target_dag to None, run_after=None
[2026-09-17T20:14:12.356+0000] {processor.py:208} INFO - Processing /home/airflow/.local/lib/python3.12/site-packages/airflow/example_dags/example_trigger_target_dag.py took 0.086 seconds
[2026-09-17T20:14:42.720+0000] {processor.py:186} INFO - Started process (PID=699) to work on /home/airflow/.local/lib/python3.12/site-packages/airflow/example_dags/example_trigger_target_dag.py
[2026-09-17T20:14:42.722+0000] {processor.py:914} INFO - Processing file /home/airflow/.local/lib/python3.12/site-packages/airflow/example_dags/example_trigger_target_dag.py for tasks to queue
[2026-09-17T20:14:42.725+0000] {logging_mixin.py:190} INFO - [2026-09-17T20:14:42.724+0000] {dagbag.py:588} INFO - Filling up the DagBag from /home/airflow/.local/lib/python3.12/site-packages/airflow/example_dags/example_trigger_target_dag.py
[2026-09-17T20:14:42.736+0000] {processor.py:925} INFO - DAG(s) 'example_trigger_target_dag' retrieved from /home/airflow/.local/lib/python3.12/site-packages/airflow/example_dags/example_trigger_target_dag.py
[2026-09-17T20:14:42.774+0000] {logging_mixin.py:190} INFO - [2026-09-17T20:14:42.774+0000] {dag.py:3239} INFO - Sync 1 DAGs
[2026-09-17T20:14:42.796+0000] {logging_mixin.py:190} INFO - [2026-09-17T20:14:42.795+0000] {dag.py:4180} INFO - Setting next_dagrun for example_trigger_target_dag to None, run_after=None
[2026-09-17T20:14:42.823+0000] {processor.py:208} INFO - Processing /home/airflow/.local/lib/python3.12/site-packages/airflow/example_dags/example_trigger_target_dag.py took 0.109 seconds
[2026-09-17T20:15:13.061+0000] {processor.py:186} INFO - Started process (PID=764) to work on /home/airflow/.local/lib/python3.12/site-packages/airflow/example_dags/example_trigger_target_dag.py
[2026-09-17T20:15:13.063+0000] {processor.py:914} INFO - Processing file /home/airflow/.local/lib/python3.12/site-packages/airflow/example_dags/example_trigger_target_dag.py for tasks to queue
[2026-09-17T20:15:13.066+0000] {logging_mixin.py:190} INFO - [2026-09-17T20:15:13.065+0000] {dagbag.py:588} INFO - Filling up the DagBag from /home/airflow/.local/lib/python3.12/site-packages/airflow/example_dags/example_trigger_target_dag.py
[2026-09-17T20:15:13.078+0000] {processor.py:925} INFO - DAG(s) 'example_trigger_target_dag' retrieved from /home/airflow/.local/lib/python3.12/site-packages/airflow/example_dags/example_trigger_target_dag.py
[2026-09-17T20:15:13.111+0000] {logging_mixin.py:190} INFO - [2026-09-17T20:15:13.110+0000] {dag.py:3239} INFO - Sync 1 DAGs
[2026-09-17T20:15:13.130+0000] {logging_mixin.py:190} INFO - [2026-09-17T20:15:13.130+0000] {dag.py:4180} INFO - Setting next_dagrun for example_trigger_target_dag to None, run_after=None
[2026-09-17T20:15:13.160+0000] {processor.py:208} INFO - Processing /home/airflow/.local/lib/python3.12/site-packages/airflow/example_dags/example_trigger_target_dag.py took 0.106 seconds
[2026-09-17T20:15:43.242+0000] {processor.py:186} INFO - Started process (PID=827) to work on /home/airflow/.local/lib/python3.12/site-packages/airflow/example_dags/example_trigger_target_dag.py
[2026-09-17T20:15:43.244+0000] {processor.py:914} INFO - Processing file /home/airflow/.local/lib/python3.12/site-packages/airflow/example_dags/example_trigger_target_dag.py for tasks to queue
[2026-09-17T20:15:43.246+0000] {logging_mixin.py:190} INFO - [2026-09-17T20:15:43.246+0000] {dagbag.py:588} INFO - Filling up the DagBag from /home/airflow/.local/lib/python3.12/site-packages/airflow/example_dags/example_trigger_target_dag.py
[2026-09-17T20:15:43.259+0000] {processor.py:925} INFO - DAG(s) 'example_trigger_target_dag' retrieved from /home/airflow/.local/lib/python3.12/site-packages/airflow/example_dags/example_trigger_target_dag.py
[2026-09-17T20:15:43.294+0000] {logging_mixin.py:190} INFO - [2026-09-17T20:15:43.293+0000] {dag.py:3239} INFO - Sync 1 DAGs
[2026-09-17T20:15:43.314+0000] {logging_mixin.py:190} INFO - [2026-09-17T20:15:43.313+0000] {dag.py:4180} INFO - Setting next_dagrun for example_trigger_target_dag to None, run_after=None
[2026-09-17T20:15:43.349+0000] {processor.py:208} INFO - Processing /home/airflow/.local/lib/python3.12/site-packages/airflow/example_dags/example_trigger_target_dag.py took 0.116 seconds
[2026-09-17T20:16:13.851+0000] {processor.py:186} INFO - Started process (PID=886) to work on /home/airflow/.local/lib/python3.12/site-packages/airflow/example_dags/example_trigger_target_dag.py
[2026-09-17T20:16:13.853+0000] {processor.py:914} INFO - Processing file /home/airflow/.local/lib/python3.12/site-packages/airflow/example_dags/example_trigger_target_dag.py for tasks to queue
[2026-09-17T20:16:13.855+0000] {logging_mixin.py:190} INFO - [2026-09-17T20:16:13.855+0000] {dagbag.py:588} INFO - Filling up the DagBag from /home/airflow/.local/lib/python3.12/site-packages/airflow/example_dags/example_trigger_target_dag.py
[2026-09-17T20:16:13.866+0000] {processor.py:925} INFO - DAG(s) 'example_trigger_target_dag' retrieved from /home/airflow/.local/lib/python3.12/site-packages/airflow/example_dags/example_trigger_target_dag.py
[2026-09-17T20:16:13.893+0000] {logging_mixin.py:190} INFO - [2026-09-17T20:16:13.893+0000] {dag.py:3239} INFO - Sync 1 DAGs
[2026-09-17T20:16:13.908+0000] {logging_mixin.py:190} INFO - [2026-09-17T20:16:13.908+0000] {dag.py:4180} INFO - Setting next_dagrun for example_trigger_target_dag to None, run_after=None
[2026-09-17T20:16:13.932+0000] {processor.py:208} INFO - Processing /home/airflow/.local/lib/python3.12/site-packages/airflow/example_dags/example_trigger_target_dag.py took 0.087 seconds
[2026-09-17T20:16:44.132+0000] {processor.py:186} INFO - Started process (PID=951) to work on /home/airflow/.local/lib/python3.12/site-packages/airflow/example_dags/example_trigger_target_dag.py
[2026-09-17T20:16:44.134+0000] {processor.py:914} INFO - Processing file /home/airflow/.local/lib/python3.12/site-packages/airflow/example_dags/example_trigger_target_dag.py for tasks to queue
[2026-09-17T20:16:44.136+0000] {logging_mixin.py:190} INFO - [2026-09-17T20:16:44.136+0000] {dagbag.py:588} INFO - Filling up the DagBag from /home/airflow/.local/lib/python3.12/site-packages/airflow/example_dags/example_trigger_target_dag.py
[2026-09-17T20:16:44.145+0000] {processor.py:925} INFO - DAG(s) 'example_trigger_target_dag' retrieved from /home/airflow/.local/lib/python3.12/site-packages/airflow/example_dags/example_trigger_target_dag.py
[2026-09-17T20:16:44.171+0000] {logging_mixin.py:190} INFO - [2026-09-17T20:16:44.170+0000] {dag.py:3239} INFO - Sync 1 DAGs
[2026-09-17T20:16:44.186+0000] {logging_mixin.py:190} INFO - [2026-09-17T20:16:44.186+0000] {dag.py:4180} INFO - Setting next_dagrun for example_trigger_target_dag to None, run_after=None
[2026-09-17T20:16:44.210+0000] {processor.py:208} INFO - Processing /home/airflow/.local/lib/python3.12/site-packages/airflow/example_dags/example_trigger_target_dag.py took 0.083 seconds
[2026-09-17T20:17:15.073+0000] {processor.py:186} INFO - Started process (PID=1016) to work on /home/airflow/.local/lib/python3.12/site-packages/airflow/example_dags/example_trigger_target_dag.py
[2026-09-17T20:17:15.075+0000] {processor.py:914} INFO - Processing file /home/airflow/.local/lib/python3.12/site-packages/airflow/example_dags/example_trigger_target_dag.py for tasks to queue
[2026-09-17T20:17:15.077+0000] {logging_mixin.py:190} INFO - [2026-09-17T20:17:15.077+0000] {dagbag.py:588} INFO - Filling up the DagBag from /home/airflow/.local/lib/python3.12/site-packages/airflow/example_dags/example_trigger_target_dag.py
[2026-09-17T20:17:15.088+0000] {processor.py:925} INFO - DAG(s) 'example_trigger_target_dag' retrieved from /home/airflow/.local/lib/python3.12/site-packages/airflow/example_dags/example_trigger_target_dag.py
[2026-09-17T20:17:15.114+0000] {logging_mixin.py:190} INFO - [2026-09-17T20:17:15.114+0000] {dag.py:3239} INFO - Sync 1 DAGs
[2026-09-17T20:17:15.130+0000] {logging_mixin.py:190} INFO - [2026-09-17T20:17:15.129+0000] {dag.py:4180} INFO - Setting next_dagrun for example_trigger_target_dag to None, run_after=None
[2026-09-17T20:17:15.152+0000] {processor.py:208} INFO - Processing /home/airflow/.local/lib/python3.12/site-packages/airflow/example_dags/example_trigger_target_dag.py took 0.087 seconds
[2026-09-17T20:17:46.106+0000] {processor.py:186} INFO - Started process (PID=1081) to work on /home/airflow/.local/lib/python3.12/site-packages/airflow/example_dags/example_trigger_target_dag.py
[2026-09-17T20:17:46.108+0000] {processor.py:914} INFO - Processing file /home/airflow/.local/lib/python3.12/site-packages/airflow/example_dags/example_trigger_target_dag.py for tasks to queue
[2026-09-17T20:17:46.110+0000] {logging_mixin.py:190} INFO - [2026-09-17T20:17:46.110+0000] {dagbag.py:588} INFO - Filling up the DagBag from /home/airflow/.local/lib/python3.12/site-packages/airflow/example_dags/example_trigger_target_dag.py
[2026-09-17T20:17:46.119+0000] {processor.py:925} INFO - DAG(s) 'example_trigger_target_dag' retrieved from /home/airflow/.local/lib/python3.12/site-packages/airflow/example_dags/example_trigger_target_dag.py
[2026-09-17T20:17:46.148+0000] {logging_mixin.py:190} INFO - [2026-09-17T20:17:46.148+0000] {dag.py:3239} INFO - Sync 1 DAGs
[2026-09-17T20:17:46.166+0000] {logging_mixin.py:190} INFO - [2026-09-17T20:17:46.165+0000] {dag.py:4180} INFO - Setting next_dagrun for example_trigger_target_dag to None, run_after=None
[2026-09-17T20:17:46.191+0000] {processor.py:208} INFO - Processing /home/airflow/.local/lib/python3.12/site-packages/airflow/example_dags/example_trigger_target_dag.py took 0.093 seconds
[2026-09-17T20:18:16.593+0000] {processor.py:186} INFO - Started process (PID=1146) to work on /home/airflow/.local/lib/python3.12/site-packages/airflow/example_dags/example_trigger_target_dag.py
[2026-09-17T20:18:16.595+0000] {processor.py:914} INFO - Processing file /home/airflow/.local/lib/python3.12/site-packages/airflow/example_dags/example_trigger_target_dag.py for tasks to queue
[2026-09-17T20:18:16.597+0000] {logging_mixin.py:190} INFO - [2026-09-17T20:18:16.597+0000] {dagbag.py:588} INFO - Filling up the DagBag from /home/airflow/.local/lib/python3.12/site-packages/airflow/example_dags/example_trigger_target_dag.py
[2026-09-17T20:18:16.608+0000] {processor.py:925} INFO - DAG(s) 'example_trigger_target_dag' retrieved from /home/airflow/.local/lib/python3.12/site-packages/airflow/example_dags/example_trigger_target_dag.py
[2026-09-17T20:18:16.637+0000] {logging_mixin.py:190} INFO - [2026-09-17T20:18:16.636+0000] {dag.py:3239} INFO - Sync 1 DAGs
[2026-09-17T20:18:16.654+0000] {logging_mixin.py:190} INFO - [2026-09-17T20:18:16.653+0000] {dag.py:4180} INFO - Setting next_dagrun for example_trigger_target_dag to None, run_after=None
[2026-09-17T20:18:16.682+0000] {processor.py:208} INFO - Processing /home/airflow/.local/lib/python3.12/site-packages/airflow/example_dags/example_trigger_target_dag.py took 0.096 seconds
[2026-09-17T20:18:47.636+0000] {processor.py:186} INFO - Started process (PID=1211) to work on /home/airflow/.local/lib/python3.12/site-packages/airflow/example_dags/example_trigger_target_dag.py
[2026-09-17T20:18:47.638+0000] {processor.py:914} INFO - Processing file /home/airflow/.local/lib/python3.12/site-packages/airflow/example_dags/example_trigger_target_dag.py for tasks to queue
[2026-09-17T20:18:47.641+0000] {logging_mixin.py:190} INFO - [2026-09-17T20:18:47.640+0000] {dagbag.py:588} INFO - Filling up the DagBag from /home/airflow/.local/lib/python3.12/site-packages/airflow/example_dags/example_trigger_target_dag.py
[2026-09-17T20:18:47.651+0000] {processor.py:925} INFO - DAG(s) 'example_trigger_target_dag' retrieved from /home/airflow/.local/lib/python3.12/site-packages/airflow/example_dags/example_trigger_target_dag.py
[2026-09-17T20:18:47.682+0000] {logging_mixin.py:190} INFO - [2026-09-17T20:18:47.681+0000] {dag.py:3239} INFO - Sync 1 DAGs
[2026-09-17T20:18:47.700+0000] {logging_mixin.py:190} INFO - [2026-09-17T20:18:47.700+0000] {dag.py:4180} INFO - Setting next_dagrun for example_trigger_target_dag to None, run_after=None
[2026-09-17T20:18:47.727+0000] {processor.py:208} INFO - Processing /home/airflow/.local/lib/python3.12/site-packages/airflow/example_dags/example_trigger_target_dag.py took 0.099 seconds
[2026-09-17T20:19:18.120+0000] {processor.py:186} INFO - Started process (PID=1277) to work on /home/airflow/.local/lib/python3.12/site-packages/airflow/example_dags/example_trigger_target_dag.py
[2026-09-17T20:19:18.122+0000] {processor.py:914} INFO - Processing file /home/airflow/.local/lib/python3.12/site-packages/airflow/example_dags/example_trigger_target_dag.py for tasks to queue
[2026-09-17T20:19:18.125+0000] {logging_mixin.py:190} INFO - [2026-09-17T20:19:18.124+0000] {dagbag.py:588} INFO - Filling up the DagBag from /home/airflow/.local/lib/python3.12/site-packages/airflow/example_dags/example_trigger_target_dag.py
[2026-09-17T20:19:18.134+0000] {processor.py:925} INFO - DAG(s) 'example_trigger_target_dag' retrieved from /home/airflow/.local/lib/python3.12/site-packages/airflow/example_dags/example_trigger_target_dag.py
[2026-09-17T20:19:18.159+0000] {logging_mixin.py:190} INFO - [2026-09-17T20:19:18.159+0000] {dag.py:3239} INFO - Sync 1 DAGs
[2026-09-17T20:19:18.173+0000] {logging_mixin.py:190} INFO - [2026-09-17T20:19:18.173+0000] {dag.py:4180} INFO - Setting next_dagrun for example_trigger_target_dag to None, run_after=None
[2026-09-17T20:19:18.195+0000] {processor.py:208} INFO - Processing /home/airflow/.local/lib/python3.12/site-packages/airflow/example_dags/example_trigger_target_dag.py took 0.082 seconds
[2026-09-17T20:19:48.293+0000] {processor.py:186} INFO - Started process (PID=1342) to work on /home/airflow/.local/lib/python3.12/site-packages/airflow/example_dags/example_trigger_target_dag.py
[2026-09-17T20:19:48.295+0000] {processor.py:914} INFO - Processing file /home/airflow/.local/lib/python3.12/site-packages/airflow/example_dags/example_trigger_target_dag.py for tasks to queue
[2026-09-17T20:19:48.298+0000] {logging_mixin.py:190} INFO - [2026-09-17T20:19:48.297+0000] {dagbag.py:588} INFO - Filling up the DagBag from /home/airflow/.local/lib/python3.12/site-packages/airflow/example_dags/example_trigger_target_dag.py
[2026-09-17T20:19:48.307+0000] {processor.py:925} INFO - DAG(s) 'example_trigger_target_dag' retrieved from /home/airflow/.local/lib/python3.12/site-packages/airflow/example_dags/example_trigger_target_dag.py
[2026-09-17T20:19:48.332+0000] {logging_mixin.py:190} INFO - [2026-09-17T20:19:48.332+0000] {dag.py:3239} INFO - Sync 1 DAGs
[2026-09-17T20:19:48.347+0000] {logging_mixin.py:190} INFO - [2026-09-17T20:19:48.347+0000] {dag.py:4180} INFO - Setting next_dagrun for example_trigger_target_dag to None, run_after=None
[2026-09-17T20:19:48.370+0000] {processor.py:208} INFO - Processing /home/airflow/.local/lib/python3.12/site-packages/airflow/example_dags/example_trigger_target_dag.py took 0.083 seconds
[2026-09-17T20:20:18.827+0000] {processor.py:186} INFO - Started process (PID=1407) to work on /home/airflow/.local/lib/python3.12/site-packages/airflow/example_dags/example_trigger_target_dag.py
[2026-09-17T20:20:18.828+0000] {processor.py:914} INFO - Processing file /home/airflow/.local/lib/python3.12/site-packages/airflow/example_dags/example_trigger_target_dag.py for tasks to queue
[2026-09-17T20:20:18.831+0000] {logging_mixin.py:190} INFO - [2026-09-17T20:20:18.831+0000] {dagbag.py:588} INFO - Filling up the DagBag from /home/airflow/.local/lib/python3.12/site-packages/airflow/example_dags/example_trigger_target_dag.py
[2026-09-17T20:20:18.840+0000] {processor.py:925} INFO - DAG(s) 'example_trigger_target_dag' retrieved from /home/airflow/.local/lib/python3.12/site-packages/airflow/example_dags/example_trigger_target_dag.py
[2026-09-17T20:20:18.866+0000] {logging_mixin.py:190} INFO - [2026-09-17T20:20:18.866+0000] {dag.py:3239} INFO - Sync 1 DAGs
[2026-09-17T20:20:18.881+0000] {logging_mixin.py:190} INFO - [2026-09-17T20:20:18.881+0000] {dag.py:4180} INFO - Setting next_dagrun for example_trigger_target_dag to None, run_after=None
[2026-09-17T20:20:18.902+0000] {processor.py:208} INFO - Processing /home/airflow/.local/lib/python3.12/site-packages/airflow/example_dags/example_trigger_target_dag.py took 0.081 seconds
[2026-09-17T20:20:49.702+0000] {processor.py:186} INFO - Started process (PID=1472) to work on /home/airflow/.local/lib/python3.12/site-packages/airflow/example_dags/example_trigger_target_dag.py
[2026-09-17T20:20:49.704+0000] {processor.py:914} INFO - Processing file /home/airflow/.local/lib/python3.12/site-packages/airflow/example_dags/example_trigger_target_dag.py for tasks to queue
[2026-09-17T20:20:49.707+0000] {logging_mixin.py:190} INFO - [2026-09-17T20:20:49.706+0000] {dagbag.py:588} INFO - Filling up the DagBag from /home/airflow/.local/lib/python3.12/site-packages/airflow/example_dags/example_trigger_target_dag.py
[2026-09-17T20:20:49.717+0000] {processor.py:925} INFO - DAG(s) 'example_trigger_target_dag' retrieved from /home/airflow/.local/lib/python3.12/site-packages/airflow/example_dags/example_trigger_target_dag.py
[2026-09-17T20:20:49.745+0000] {logging_mixin.py:190} INFO - [2026-09-17T20:20:49.744+0000] {dag.py:3239} INFO - Sync 1 DAGs
[2026-09-17T20:20:49.761+0000] {logging_mixin.py:190} INFO - [2026-09-17T20:20:49.761+0000] {dag.py:4180} INFO - Setting next_dagrun for example_trigger_target_dag to None, run_after=None
[2026-09-17T20:20:49.786+0000] {processor.py:208} INFO - Processing /home/airflow/.local/lib/python3.12/site-packages/airflow/example_dags/example_trigger_target_dag.py took 0.091 seconds
[2026-09-17T20:21:20.179+0000] {processor.py:186} INFO - Started process (PID=1537) to work on /home/airflow/.local/lib/python3.12/site-packages/airflow/example_dags/example_trigger_target_dag.py
[2026-09-17T20:21:20.181+0000] {processor.py:914} INFO - Processing file /home/airflow/.local/lib/python3.12/site-packages/airflow/example_dags/example_trigger_target_dag.py for tasks to queue
[2026-09-17T20:21:20.184+0000] {logging_mixin.py:190} INFO - [2026-09-17T20:21:20.184+0000] {dagbag.py:588} INFO - Filling up the DagBag from /home/airflow/.local/lib/python3.12/site-packages/airflow/example_dags/example_trigger_target_dag.py
[2026-09-17T20:21:20.195+0000] {processor.py:925} INFO - DAG(s) 'example_trigger_target_dag' retrieved from /home/airflow/.local/lib/python3.12/site-packages/airflow/example_dags/example_trigger_target_dag.py
[2026-09-17T20:21:20.222+0000] {logging_mixin.py:190} INFO - [2026-09-17T20:21:20.222+0000] {dag.py:3239} INFO - Sync 1 DAGs
[2026-09-17T20:21:20.238+0000] {logging_mixin.py:190} INFO - [2026-09-17T20:21:20.237+0000] {dag.py:4180} INFO - Setting next_dagrun for example_trigger_target_dag to None, run_after=None
[2026-09-17T20:21:20.271+0000] {processor.py:208} INFO - Processing /home/airflow/.local/lib/python3.12/site-packages/airflow/example_dags/example_trigger_target_dag.py took 0.098 seconds
[2026-09-17T20:21:50.509+0000] {processor.py:186} INFO - Started process (PID=1602) to work on /home/airflow/.local/lib/python3.12/site-packages/airflow/example_dags/example_trigger_target_dag.py
[2026-09-17T20:21:50.511+0000] {processor.py:914} INFO - Processing file /home/airflow/.local/lib/python3.12/site-packages/airflow/example_dags/example_trigger_target_dag.py for tasks to queue
[2026-09-17T20:21:50.514+0000] {logging_mixin.py:190} INFO - [2026-09-17T20:21:50.513+0000] {dagbag.py:588} INFO - Filling up the DagBag from /home/airflow/.local/lib/python3.12/site-packages/airflow/example_dags/example_trigger_target_dag.py
[2026-09-17T20:21:50.526+0000] {processor.py:925} INFO - DAG(s) 'example_trigger_target_dag' retrieved from /home/airflow/.local/lib/python3.12/site-packages/airflow/example_dags/example_trigger_target_dag.py
[2026-09-17T20:21:50.554+0000] {logging_mixin.py:190} INFO - [2026-09-17T20:21:50.554+0000] {dag.py:3239} INFO - Sync 1 DAGs
[2026-09-17T20:21:50.572+0000] {logging_mixin.py:190} INFO - [2026-09-17T20:21:50.572+0000] {dag.py:4180} INFO - Setting next_dagrun for example_trigger_target_dag to None, run_after=None
[2026-09-17T20:21:50.598+0000] {processor.py:208} INFO - Processing /home/airflow/.local/lib/python3.12/site-packages/airflow/example_dags/example_trigger_target_dag.py took 0.096 seconds
[2026-09-17T20:22:21.528+0000] {processor.py:186} INFO - Started process (PID=1660) to work on /home/airflow/.local/lib/python3.12/site-packages/airflow/example_dags/example_trigger_target_dag.py
[2026-09-17T20:22:21.531+0000] {processor.py:914} INFO - Processing file /home/airflow/.local/lib/python3.12/site-packages/airflow/example_dags/example_trigger_target_dag.py for tasks to queue
[2026-09-17T20:22:21.533+0000] {logging_mixin.py:190} INFO - [2026-09-17T20:22:21.533+0000] {dagbag.py:588} INFO - Filling up the DagBag from /home/airflow/.local/lib/python3.12/site-packages/airflow/example_dags/example_trigger_target_dag.py
[2026-09-17T20:22:21.545+0000] {processor.py:925} INFO - DAG(s) 'example_trigger_target_dag' retrieved from /home/airflow/.local/lib/python3.12/site-packages/airflow/example_dags/example_trigger_target_dag.py
[2026-09-17T20:22:21.576+0000] {logging_mixin.py:190} INFO - [2026-09-17T20:22:21.576+0000] {dag.py:3239} INFO - Sync 1 DAGs
[2026-09-17T20:22:21.599+0000] {logging_mixin.py:190} INFO - [2026-09-17T20:22:21.599+0000] {dag.py:4180} INFO - Setting next_dagrun for example_trigger_target_dag to None, run_after=None
[2026-09-17T20:22:21.637+0000] {processor.py:208} INFO - Processing /home/airflow/.local/lib/python3.12/site-packages/airflow/example_dags/example_trigger_target_dag.py took 0.116 seconds
[2026-09-17T20:22:52.054+0000] {processor.py:186} INFO - Started process (PID=1725) to work on /home/airflow/.local/lib/python3.12/site-packages/airflow/example_dags/example_trigger_target_dag.py
[2026-09-17T20:22:52.057+0000] {processor.py:914} INFO - Processing file /home/airflow/.local/lib/python3.12/site-packages/airflow/example_dags/example_trigger_target_dag.py for tasks to queue
[2026-09-17T20:22:52.059+0000] {logging_mixin.py:190} INFO - [2026-09-17T20:22:52.058+0000] {dagbag.py:588} INFO - Filling up the DagBag from /home/airflow/.local/lib/python3.12/site-packages/airflow/example_dags/example_trigger_target_dag.py
[2026-09-17T20:22:52.069+0000] {processor.py:925} INFO - DAG(s) 'example_trigger_target_dag' retrieved from /home/airflow/.local/lib/python3.12/site-packages/airflow/example_dags/example_trigger_target_dag.py
[2026-09-17T20:22:52.095+0000] {logging_mixin.py:190} INFO - [2026-09-17T20:22:52.095+0000] {dag.py:3239} INFO - Sync 1 DAGs
[2026-09-17T20:22:52.111+0000] {logging_mixin.py:190} INFO - [2026-09-17T20:22:52.111+0000] {dag.py:4180} INFO - Setting next_dagrun for example_trigger_target_dag to None, run_after=None
[2026-09-17T20:22:52.136+0000] {processor.py:208} INFO - Processing /home/airflow/.local/lib/python3.12/site-packages/airflow/example_dags/example_trigger_target_dag.py took 0.088 seconds
[2026-09-17T20:23:22.215+0000] {processor.py:186} INFO - Started process (PID=1790) to work on /home/airflow/.local/lib/python3.12/site-packages/airflow/example_dags/example_trigger_target_dag.py
[2026-09-17T20:23:22.217+0000] {processor.py:914} INFO - Processing file /home/airflow/.local/lib/python3.12/site-packages/airflow/example_dags/example_trigger_target_dag.py for tasks to queue
[2026-09-17T20:23:22.219+0000] {logging_mixin.py:190} INFO - [2026-09-17T20:23:22.219+0000] {dagbag.py:588} INFO - Filling up the DagBag from /home/airflow/.local/lib/python3.12/site-packages/airflow/example_dags/example_trigger_target_dag.py
[2026-09-17T20:23:22.229+0000] {processor.py:925} INFO - DAG(s) 'example_trigger_target_dag' retrieved from /home/airflow/.local/lib/python3.12/site-packages/airflow/example_dags/example_trigger_target_dag.py
[2026-09-17T20:23:22.254+0000] {logging_mixin.py:190} INFO - [2026-09-17T20:23:22.254+0000] {dag.py:3239} INFO - Sync 1 DAGs
[2026-09-17T20:23:22.271+0000] {logging_mixin.py:190} INFO - [2026-09-17T20:23:22.271+0000] {dag.py:4180} INFO - Setting next_dagrun for example_trigger_target_dag to None, run_after=None
[2026-09-17T20:23:22.298+0000] {processor.py:208} INFO - Processing /home/airflow/.local/lib/python3.12/site-packages/airflow/example_dags/example_trigger_target_dag.py took 0.090 seconds
[2026-09-17T20:23:52.430+0000] {processor.py:186} INFO - Started process (PID=1854) to work on /home/airflow/.local/lib/python3.12/site-packages/airflow/example_dags/example_trigger_target_dag.py
[2026-09-17T20:23:52.432+0000] {processor.py:914} INFO - Processing file /home/airflow/.local/lib/python3.12/site-packages/airflow/example_dags/example_trigger_target_dag.py for tasks to queue
[2026-09-17T20:23:52.434+0000] {logging_mixin.py:190} INFO - [2026-09-17T20:23:52.434+0000] {dagbag.py:588} INFO - Filling up the DagBag from /home/airflow/.local/lib/python3.12/site-packages/airflow/example_dags/example_trigger_target_dag.py
[2026-09-17T20:23:52.444+0000] {processor.py:925} INFO - DAG(s) 'example_trigger_target_dag' retrieved from /home/airflow/.local/lib/python3.12/site-packages/airflow/example_dags/example_trigger_target_dag.py
[2026-09-17T20:23:52.473+0000] {logging_mixin.py:190} INFO - [2026-09-17T20:23:52.473+0000] {dag.py:3239} INFO - Sync 1 DAGs
[2026-09-17T20:23:52.491+0000] {logging_mixin.py:190} INFO - [2026-09-17T20:23:52.490+0000] {dag.py:4180} INFO - Setting next_dagrun for example_trigger_target_dag to None, run_after=None
[2026-09-17T20:23:52.514+0000] {processor.py:208} INFO - Processing /home/airflow/.local/lib/python3.12/site-packages/airflow/example_dags/example_trigger_target_dag.py took 0.092 seconds
[2026-09-17T20:24:22.709+0000] {processor.py:186} INFO - Started process (PID=1919) to work on /home/airflow/.local/lib/python3.12/site-packages/airflow/example_dags/example_trigger_target_dag.py
[2026-09-17T20:24:22.711+0000] {processor.py:914} INFO - Processing file /home/airflow/.local/lib/python3.12/site-packages/airflow/example_dags/example_trigger_target_dag.py for tasks to queue
[2026-09-17T20:24:22.713+0000] {logging_mixin.py:190} INFO - [2026-09-17T20:24:22.713+0000] {dagbag.py:588} INFO - Filling up the DagBag from /home/airflow/.local/lib/python3.12/site-packages/airflow/example_dags/example_trigger_target_dag.py
[2026-09-17T20:24:22.723+0000] {processor.py:925} INFO - DAG(s) 'example_trigger_target_dag' retrieved from /home/airflow/.local/lib/python3.12/site-packages/airflow/example_dags/example_trigger_target_dag.py
[2026-09-17T20:24:22.749+0000] {logging_mixin.py:190} INFO - [2026-09-17T20:24:22.748+0000] {dag.py:3239} INFO - Sync 1 DAGs
[2026-09-17T20:24:22.763+0000] {logging_mixin.py:190} INFO - [2026-09-17T20:24:22.763+0000] {dag.py:4180} INFO - Setting next_dagrun for example_trigger_target_dag to None, run_after=None
[2026-09-17T20:24:22.788+0000] {processor.py:208} INFO - Processing /home/airflow/.local/lib/python3.12/site-packages/airflow/example_dags/example_trigger_target_dag.py took 0.085 seconds
[2026-09-17T20:24:53.659+0000] {processor.py:186} INFO - Started process (PID=1983) to work on /home/airflow/.local/lib/python3.12/site-packages/airflow/example_dags/example_trigger_target_dag.py
[2026-09-17T20:24:53.661+0000] {processor.py:914} INFO - Processing file /home/airflow/.local/lib/python3.12/site-packages/airflow/example_dags/example_trigger_target_dag.py for tasks to queue
[2026-09-17T20:24:53.664+0000] {logging_mixin.py:190} INFO - [2026-09-17T20:24:53.663+0000] {dagbag.py:588} INFO - Filling up the DagBag from /home/airflow/.local/lib/python3.12/site-packages/airflow/example_dags/example_trigger_target_dag.py
[2026-09-17T20:24:53.674+0000] {processor.py:925} INFO - DAG(s) 'example_trigger_target_dag' retrieved from /home/airflow/.local/lib/python3.12/site-packages/airflow/example_dags/example_trigger_target_dag.py
[2026-09-17T20:24:53.702+0000] {logging_mixin.py:190} INFO - [2026-09-17T20:24:53.702+0000] {dag.py:3239} INFO - Sync 1 DAGs
[2026-09-17T20:24:53.719+0000] {logging_mixin.py:190} INFO - [2026-09-17T20:24:53.719+0000] {dag.py:4180} INFO - Setting next_dagrun for example_trigger_target_dag to None, run_after=None
[2026-09-17T20:24:53.739+0000] {processor.py:208} INFO - Processing /home/airflow/.local/lib/python3.12/site-packages/airflow/example_dags/example_trigger_target_dag.py took 0.087 seconds
[2026-09-17T20:25:24.386+0000] {processor.py:186} INFO - Started process (PID=2047) to work on /home/airflow/.local/lib/python3.12/site-packages/airflow/example_dags/example_trigger_target_dag.py
[2026-09-17T20:25:24.387+0000] {processor.py:914} INFO - Processing file /home/airflow/.local/lib/python3.12/site-packages/airflow/example_dags/example_trigger_target_dag.py for tasks to queue
[2026-09-17T20:25:24.390+0000] {logging_mixin.py:190} INFO - [2026-09-17T20:25:24.389+0000] {dagbag.py:588} INFO - Filling up the DagBag from /home/airflow/.local/lib/python3.12/site-packages/airflow/example_dags/example_trigger_target_dag.py
[2026-09-17T20:25:24.399+0000] {processor.py:925} INFO - DAG(s) 'example_trigger_target_dag' retrieved from /home/airflow/.local/lib/python3.12/site-packages/airflow/example_dags/example_trigger_target_dag.py
[2026-09-17T20:25:24.427+0000] {logging_mixin.py:190} INFO - [2026-09-17T20:25:24.426+0000] {dag.py:3239} INFO - Sync 1 DAGs
[2026-09-17T20:25:24.442+0000] {logging_mixin.py:190} INFO - [2026-09-17T20:25:24.442+0000] {dag.py:4180} INFO - Setting next_dagrun for example_trigger_target_dag to None, run_after=None
[2026-09-17T20:25:24.468+0000] {processor.py:208} INFO - Processing /home/airflow/.local/lib/python3.12/site-packages/airflow/example_dags/example_trigger_target_dag.py took 0.089 seconds
[2026-09-17T20:25:56.220+0000] {processor.py:186} INFO - Started process (PID=2109) to work on /home/airflow/.local/lib/python3.12/site-packages/airflow/example_dags/example_trigger_target_dag.py
[2026-09-17T20:25:56.223+0000] {processor.py:914} INFO - Processing file /home/airflow/.local/lib/python3.12/site-packages/airflow/example_dags/example_trigger_target_dag.py for tasks to queue
[2026-09-17T20:25:56.225+0000] {logging_mixin.py:190} INFO - [2026-09-17T20:25:56.225+0000] {dagbag.py:588} INFO - Filling up the DagBag from /home/airflow/.local/lib/python3.12/site-packages/airflow/example_dags/example_trigger_target_dag.py
[2026-09-17T20:25:56.236+0000] {processor.py:925} INFO - DAG(s) 'example_trigger_target_dag' retrieved from /home/airflow/.local/lib/python3.12/site-packages/airflow/example_dags/example_trigger_target_dag.py
[2026-09-17T20:25:56.271+0000] {logging_mixin.py:190} INFO - [2026-09-17T20:25:56.271+0000] {dag.py:3239} INFO - Sync 1 DAGs
[2026-09-17T20:25:56.288+0000] {logging_mixin.py:190} INFO - [2026-09-17T20:25:56.288+0000] {dag.py:4180} INFO - Setting next_dagrun for example_trigger_target_dag to None, run_after=None
[2026-09-17T20:25:56.312+0000] {processor.py:208} INFO - Processing /home/airflow/.local/lib/python3.12/site-packages/airflow/example_dags/example_trigger_target_dag.py took 0.098 seconds
[2026-09-17T20:26:26.698+0000] {processor.py:186} INFO - Started process (PID=2174) to work on /home/airflow/.local/lib/python3.12/site-packages/airflow/example_dags/example_trigger_target_dag.py
[2026-09-17T20:26:26.700+0000] {processor.py:914} INFO - Processing file /home/airflow/.local/lib/python3.12/site-packages/airflow/example_dags/example_trigger_target_dag.py for tasks to queue
[2026-09-17T20:26:26.702+0000] {logging_mixin.py:190} INFO - [2026-09-17T20:26:26.702+0000] {dagbag.py:588} INFO - Filling up the DagBag from /home/airflow/.local/lib/python3.12/site-packages/airflow/example_dags/example_trigger_target_dag.py
[2026-09-17T20:26:26.714+0000] {processor.py:925} INFO - DAG(s) 'example_trigger_target_dag' retrieved from /home/airflow/.local/lib/python3.12/site-packages/airflow/example_dags/example_trigger_target_dag.py
[2026-09-17T20:26:26.742+0000] {logging_mixin.py:190} INFO - [2026-09-17T20:26:26.742+0000] {dag.py:3239} INFO - Sync 1 DAGs
[2026-09-17T20:26:26.758+0000] {logging_mixin.py:190} INFO - [2026-09-17T20:26:26.758+0000] {dag.py:4180} INFO - Setting next_dagrun for example_trigger_target_dag to None, run_after=None
[2026-09-17T20:26:26.781+0000] {processor.py:208} INFO - Processing /home/airflow/.local/lib/python3.12/site-packages/airflow/example_dags/example_trigger_target_dag.py took 0.089 seconds
[2026-09-17T20:26:58.573+0000] {processor.py:186} INFO - Started process (PID=2235) to work on /home/airflow/.local/lib/python3.12/site-packages/airflow/example_dags/example_trigger_target_dag.py
[2026-09-17T20:26:58.575+0000] {processor.py:914} INFO - Processing file /home/airflow/.local/lib/python3.12/site-packages/airflow/example_dags/example_trigger_target_dag.py for tasks to queue
[2026-09-17T20:26:58.581+0000] {logging_mixin.py:190} INFO - [2026-09-17T20:26:58.579+0000] {dagbag.py:588} INFO - Filling up the DagBag from /home/airflow/.local/lib/python3.12/site-packages/airflow/example_dags/example_trigger_target_dag.py
[2026-09-17T20:26:58.639+0000] {processor.py:925} INFO - DAG(s) 'example_trigger_target_dag' retrieved from /home/airflow/.local/lib/python3.12/site-packages/airflow/example_dags/example_trigger_target_dag.py
[2026-09-17T20:26:58.704+0000] {logging_mixin.py:190} INFO - [2026-09-17T20:26:58.703+0000] {dag.py:3239} INFO - Sync 1 DAGs
[2026-09-17T20:26:58.731+0000] {logging_mixin.py:190} INFO - [2026-09-17T20:26:58.731+0000] {dag.py:4180} INFO - Setting next_dagrun for example_trigger_target_dag to None, run_after=None
[2026-09-17T20:26:58.804+0000] {processor.py:208} INFO - Processing /home/airflow/.local/lib/python3.12/site-packages/airflow/example_dags/example_trigger_target_dag.py took 0.239 seconds
[2026-09-17T20:28:33.803+0000] {processor.py:186} INFO - Started process (PID=58) to work on /home/airflow/.local/lib/python3.12/site-packages/airflow/example_dags/example_trigger_target_dag.py
[2026-09-17T20:28:33.805+0000] {processor.py:914} INFO - Processing file /home/airflow/.local/lib/python3.12/site-packages/airflow/example_dags/example_trigger_target_dag.py for tasks to queue
[2026-09-17T20:28:33.809+0000] {logging_mixin.py:190} INFO - [2026-09-17T20:28:33.808+0000] {dagbag.py:588} INFO - Filling up the DagBag from /home/airflow/.local/lib/python3.12/site-packages/airflow/example_dags/example_trigger_target_dag.py
[2026-09-17T20:28:33.824+0000] {processor.py:925} INFO - DAG(s) 'example_trigger_target_dag' retrieved from /home/airflow/.local/lib/python3.12/site-packages/airflow/example_dags/example_trigger_target_dag.py
[2026-09-17T20:28:33.874+0000] {logging_mixin.py:190} INFO - [2026-09-17T20:28:33.873+0000] {dag.py:3239} INFO - Sync 1 DAGs
[2026-09-17T20:28:33.902+0000] {logging_mixin.py:190} INFO - [2026-09-17T20:28:33.901+0000] {dag.py:4180} INFO - Setting next_dagrun for example_trigger_target_dag to None, run_after=None
[2026-09-17T20:28:33.929+0000] {processor.py:208} INFO - Processing /home/airflow/.local/lib/python3.12/site-packages/airflow/example_dags/example_trigger_target_dag.py took 0.135 seconds
[2026-09-17T20:29:04.253+0000] {processor.py:186} INFO - Started process (PID=121) to work on /home/airflow/.local/lib/python3.12/site-packages/airflow/example_dags/example_trigger_target_dag.py
[2026-09-17T20:29:04.255+0000] {processor.py:914} INFO - Processing file /home/airflow/.local/lib/python3.12/site-packages/airflow/example_dags/example_trigger_target_dag.py for tasks to queue
[2026-09-17T20:29:04.258+0000] {logging_mixin.py:190} INFO - [2026-09-17T20:29:04.257+0000] {dagbag.py:588} INFO - Filling up the DagBag from /home/airflow/.local/lib/python3.12/site-packages/airflow/example_dags/example_trigger_target_dag.py
[2026-09-17T20:29:04.270+0000] {processor.py:925} INFO - DAG(s) 'example_trigger_target_dag' retrieved from /home/airflow/.local/lib/python3.12/site-packages/airflow/example_dags/example_trigger_target_dag.py
[2026-09-17T20:29:04.296+0000] {logging_mixin.py:190} INFO - [2026-09-17T20:29:04.295+0000] {dag.py:3239} INFO - Sync 1 DAGs
[2026-09-17T20:29:04.313+0000] {logging_mixin.py:190} INFO - [2026-09-17T20:29:04.312+0000] {dag.py:4180} INFO - Setting next_dagrun for example_trigger_target_dag to None, run_after=None
[2026-09-17T20:29:04.340+0000] {processor.py:208} INFO - Processing /home/airflow/.local/lib/python3.12/site-packages/airflow/example_dags/example_trigger_target_dag.py took 0.094 seconds
[2026-09-17T20:29:34.764+0000] {processor.py:186} INFO - Started process (PID=179) to work on /home/airflow/.local/lib/python3.12/site-packages/airflow/example_dags/example_trigger_target_dag.py
[2026-09-17T20:29:34.766+0000] {processor.py:914} INFO - Processing file /home/airflow/.local/lib/python3.12/site-packages/airflow/example_dags/example_trigger_target_dag.py for tasks to queue
[2026-09-17T20:29:34.769+0000] {logging_mixin.py:190} INFO - [2026-09-17T20:29:34.768+0000] {dagbag.py:588} INFO - Filling up the DagBag from /home/airflow/.local/lib/python3.12/site-packages/airflow/example_dags/example_trigger_target_dag.py
[2026-09-17T20:29:34.781+0000] {processor.py:925} INFO - DAG(s) 'example_trigger_target_dag' retrieved from /home/airflow/.local/lib/python3.12/site-packages/airflow/example_dags/example_trigger_target_dag.py
[2026-09-17T20:29:34.810+0000] {logging_mixin.py:190} INFO - [2026-09-17T20:29:34.809+0000] {dag.py:3239} INFO - Sync 1 DAGs
[2026-09-17T20:29:34.829+0000] {logging_mixin.py:190} INFO - [2026-09-17T20:29:34.828+0000] {dag.py:4180} INFO - Setting next_dagrun for example_trigger_target_dag to None, run_after=None
[2026-09-17T20:29:34.863+0000] {processor.py:208} INFO - Processing /home/airflow/.local/lib/python3.12/site-packages/airflow/example_dags/example_trigger_target_dag.py took 0.112 seconds
[2026-09-17T20:30:04.951+0000] {processor.py:186} INFO - Started process (PID=244) to work on /home/airflow/.local/lib/python3.12/site-packages/airflow/example_dags/example_trigger_target_dag.py
[2026-09-17T20:30:04.954+0000] {processor.py:914} INFO - Processing file /home/airflow/.local/lib/python3.12/site-packages/airflow/example_dags/example_trigger_target_dag.py for tasks to queue
[2026-09-17T20:30:04.957+0000] {logging_mixin.py:190} INFO - [2026-09-17T20:30:04.956+0000] {dagbag.py:588} INFO - Filling up the DagBag from /home/airflow/.local/lib/python3.12/site-packages/airflow/example_dags/example_trigger_target_dag.py
[2026-09-17T20:30:04.969+0000] {processor.py:925} INFO - DAG(s) 'example_trigger_target_dag' retrieved from /home/airflow/.local/lib/python3.12/site-packages/airflow/example_dags/example_trigger_target_dag.py
[2026-09-17T20:30:05.007+0000] {logging_mixin.py:190} INFO - [2026-09-17T20:30:05.006+0000] {dag.py:3239} INFO - Sync 1 DAGs
[2026-09-17T20:30:05.027+0000] {logging_mixin.py:190} INFO - [2026-09-17T20:30:05.027+0000] {dag.py:4180} INFO - Setting next_dagrun for example_trigger_target_dag to None, run_after=None
[2026-09-17T20:30:05.052+0000] {processor.py:208} INFO - Processing /home/airflow/.local/lib/python3.12/site-packages/airflow/example_dags/example_trigger_target_dag.py took 0.109 seconds
[2026-09-17T20:30:35.115+0000] {processor.py:186} INFO - Started process (PID=308) to work on /home/airflow/.local/lib/python3.12/site-packages/airflow/example_dags/example_trigger_target_dag.py
[2026-09-17T20:30:35.117+0000] {processor.py:914} INFO - Processing file /home/airflow/.local/lib/python3.12/site-packages/airflow/example_dags/example_trigger_target_dag.py for tasks to queue
[2026-09-17T20:30:35.119+0000] {logging_mixin.py:190} INFO - [2026-09-17T20:30:35.119+0000] {dagbag.py:588} INFO - Filling up the DagBag from /home/airflow/.local/lib/python3.12/site-packages/airflow/example_dags/example_trigger_target_dag.py
[2026-09-17T20:30:35.131+0000] {processor.py:925} INFO - DAG(s) 'example_trigger_target_dag' retrieved from /home/airflow/.local/lib/python3.12/site-packages/airflow/example_dags/example_trigger_target_dag.py
[2026-09-17T20:30:35.160+0000] {logging_mixin.py:190} INFO - [2026-09-17T20:30:35.160+0000] {dag.py:3239} INFO - Sync 1 DAGs
[2026-09-17T20:30:35.177+0000] {logging_mixin.py:190} INFO - [2026-09-17T20:30:35.177+0000] {dag.py:4180} INFO - Setting next_dagrun for example_trigger_target_dag to None, run_after=None
[2026-09-17T20:30:35.201+0000] {processor.py:208} INFO - Processing /home/airflow/.local/lib/python3.12/site-packages/airflow/example_dags/example_trigger_target_dag.py took 0.094 seconds
[2026-09-17T20:31:05.679+0000] {processor.py:186} INFO - Started process (PID=373) to work on /home/airflow/.local/lib/python3.12/site-packages/airflow/example_dags/example_trigger_target_dag.py
[2026-09-17T20:31:05.681+0000] {processor.py:914} INFO - Processing file /home/airflow/.local/lib/python3.12/site-packages/airflow/example_dags/example_trigger_target_dag.py for tasks to queue
[2026-09-17T20:31:05.683+0000] {logging_mixin.py:190} INFO - [2026-09-17T20:31:05.683+0000] {dagbag.py:588} INFO - Filling up the DagBag from /home/airflow/.local/lib/python3.12/site-packages/airflow/example_dags/example_trigger_target_dag.py
[2026-09-17T20:31:05.692+0000] {processor.py:925} INFO - DAG(s) 'example_trigger_target_dag' retrieved from /home/airflow/.local/lib/python3.12/site-packages/airflow/example_dags/example_trigger_target_dag.py
[2026-09-17T20:31:05.719+0000] {logging_mixin.py:190} INFO - [2026-09-17T20:31:05.719+0000] {dag.py:3239} INFO - Sync 1 DAGs
[2026-09-17T20:31:05.735+0000] {logging_mixin.py:190} INFO - [2026-09-17T20:31:05.735+0000] {dag.py:4180} INFO - Setting next_dagrun for example_trigger_target_dag to None, run_after=None
[2026-09-17T20:31:05.760+0000] {processor.py:208} INFO - Processing /home/airflow/.local/lib/python3.12/site-packages/airflow/example_dags/example_trigger_target_dag.py took 0.086 seconds
[2026-09-17T20:31:35.996+0000] {processor.py:186} INFO - Started process (PID=438) to work on /home/airflow/.local/lib/python3.12/site-packages/airflow/example_dags/example_trigger_target_dag.py
[2026-09-17T20:31:35.998+0000] {processor.py:914} INFO - Processing file /home/airflow/.local/lib/python3.12/site-packages/airflow/example_dags/example_trigger_target_dag.py for tasks to queue
[2026-09-17T20:31:36.001+0000] {logging_mixin.py:190} INFO - [2026-09-17T20:31:36.000+0000] {dagbag.py:588} INFO - Filling up the DagBag from /home/airflow/.local/lib/python3.12/site-packages/airflow/example_dags/example_trigger_target_dag.py
[2026-09-17T20:31:36.011+0000] {processor.py:925} INFO - DAG(s) 'example_trigger_target_dag' retrieved from /home/airflow/.local/lib/python3.12/site-packages/airflow/example_dags/example_trigger_target_dag.py
[2026-09-17T20:31:36.046+0000] {logging_mixin.py:190} INFO - [2026-09-17T20:31:36.046+0000] {dag.py:3239} INFO - Sync 1 DAGs
[2026-09-17T20:31:36.067+0000] {logging_mixin.py:190} INFO - [2026-09-17T20:31:36.067+0000] {dag.py:4180} INFO - Setting next_dagrun for example_trigger_target_dag to None, run_after=None
[2026-09-17T20:31:36.099+0000] {processor.py:208} INFO - Processing /home/airflow/.local/lib/python3.12/site-packages/airflow/example_dags/example_trigger_target_dag.py took 0.110 seconds
[2026-09-17T20:32:06.223+0000] {processor.py:186} INFO - Started process (PID=503) to work on /home/airflow/.local/lib/python3.12/site-packages/airflow/example_dags/example_trigger_target_dag.py
[2026-09-17T20:32:06.225+0000] {processor.py:914} INFO - Processing file /home/airflow/.local/lib/python3.12/site-packages/airflow/example_dags/example_trigger_target_dag.py for tasks to queue
[2026-09-17T20:32:06.228+0000] {logging_mixin.py:190} INFO - [2026-09-17T20:32:06.227+0000] {dagbag.py:588} INFO - Filling up the DagBag from /home/airflow/.local/lib/python3.12/site-packages/airflow/example_dags/example_trigger_target_dag.py
[2026-09-17T20:32:06.238+0000] {processor.py:925} INFO - DAG(s) 'example_trigger_target_dag' retrieved from /home/airflow/.local/lib/python3.12/site-packages/airflow/example_dags/example_trigger_target_dag.py
[2026-09-17T20:32:06.263+0000] {logging_mixin.py:190} INFO - [2026-09-17T20:32:06.263+0000] {dag.py:3239} INFO - Sync 1 DAGs
[2026-09-17T20:32:06.281+0000] {logging_mixin.py:190} INFO - [2026-09-17T20:32:06.280+0000] {dag.py:4180} INFO - Setting next_dagrun for example_trigger_target_dag to None, run_after=None
[2026-09-17T20:32:06.302+0000] {processor.py:208} INFO - Processing /home/airflow/.local/lib/python3.12/site-packages/airflow/example_dags/example_trigger_target_dag.py took 0.087 seconds
[2026-09-17T20:32:40.730+0000] {processor.py:186} INFO - Started process (PID=569) to work on /home/airflow/.local/lib/python3.12/site-packages/airflow/example_dags/example_trigger_target_dag.py
[2026-09-17T20:32:40.734+0000] {processor.py:914} INFO - Processing file /home/airflow/.local/lib/python3.12/site-packages/airflow/example_dags/example_trigger_target_dag.py for tasks to queue
[2026-09-17T20:32:40.736+0000] {logging_mixin.py:190} INFO - [2026-09-17T20:32:40.736+0000] {dagbag.py:588} INFO - Filling up the DagBag from /home/airflow/.local/lib/python3.12/site-packages/airflow/example_dags/example_trigger_target_dag.py
[2026-09-17T20:32:40.749+0000] {processor.py:925} INFO - DAG(s) 'example_trigger_target_dag' retrieved from /home/airflow/.local/lib/python3.12/site-packages/airflow/example_dags/example_trigger_target_dag.py
[2026-09-17T20:32:40.794+0000] {logging_mixin.py:190} INFO - [2026-09-17T20:32:40.794+0000] {dag.py:3239} INFO - Sync 1 DAGs
[2026-09-17T20:32:40.813+0000] {logging_mixin.py:190} INFO - [2026-09-17T20:32:40.813+0000] {dag.py:4180} INFO - Setting next_dagrun for example_trigger_target_dag to None, run_after=None
[2026-09-17T20:32:40.841+0000] {processor.py:208} INFO - Processing /home/airflow/.local/lib/python3.12/site-packages/airflow/example_dags/example_trigger_target_dag.py took 0.118 seconds
[2026-09-17T20:33:11.571+0000] {processor.py:186} INFO - Started process (PID=634) to work on /home/airflow/.local/lib/python3.12/site-packages/airflow/example_dags/example_trigger_target_dag.py
[2026-09-17T20:33:11.573+0000] {processor.py:914} INFO - Processing file /home/airflow/.local/lib/python3.12/site-packages/airflow/example_dags/example_trigger_target_dag.py for tasks to queue
[2026-09-17T20:33:11.576+0000] {logging_mixin.py:190} INFO - [2026-09-17T20:33:11.575+0000] {dagbag.py:588} INFO - Filling up the DagBag from /home/airflow/.local/lib/python3.12/site-packages/airflow/example_dags/example_trigger_target_dag.py
[2026-09-17T20:33:11.585+0000] {processor.py:925} INFO - DAG(s) 'example_trigger_target_dag' retrieved from /home/airflow/.local/lib/python3.12/site-packages/airflow/example_dags/example_trigger_target_dag.py
[2026-09-17T20:33:11.610+0000] {logging_mixin.py:190} INFO - [2026-09-17T20:33:11.609+0000] {dag.py:3239} INFO - Sync 1 DAGs
[2026-09-17T20:33:11.624+0000] {logging_mixin.py:190} INFO - [2026-09-17T20:33:11.624+0000] {dag.py:4180} INFO - Setting next_dagrun for example_trigger_target_dag to None, run_after=None
[2026-09-17T20:33:11.645+0000] {processor.py:208} INFO - Processing /home/airflow/.local/lib/python3.12/site-packages/airflow/example_dags/example_trigger_target_dag.py took 0.081 seconds
[2026-09-17T20:33:42.387+0000] {processor.py:186} INFO - Started process (PID=699) to work on /home/airflow/.local/lib/python3.12/site-packages/airflow/example_dags/example_trigger_target_dag.py
[2026-09-17T20:33:42.389+0000] {processor.py:914} INFO - Processing file /home/airflow/.local/lib/python3.12/site-packages/airflow/example_dags/example_trigger_target_dag.py for tasks to queue
[2026-09-17T20:33:42.391+0000] {logging_mixin.py:190} INFO - [2026-09-17T20:33:42.390+0000] {dagbag.py:588} INFO - Filling up the DagBag from /home/airflow/.local/lib/python3.12/site-packages/airflow/example_dags/example_trigger_target_dag.py
[2026-09-17T20:33:42.399+0000] {processor.py:925} INFO - DAG(s) 'example_trigger_target_dag' retrieved from /home/airflow/.local/lib/python3.12/site-packages/airflow/example_dags/example_trigger_target_dag.py
[2026-09-17T20:33:42.426+0000] {logging_mixin.py:190} INFO - [2026-09-17T20:33:42.426+0000] {dag.py:3239} INFO - Sync 1 DAGs
[2026-09-17T20:33:42.443+0000] {logging_mixin.py:190} INFO - [2026-09-17T20:33:42.443+0000] {dag.py:4180} INFO - Setting next_dagrun for example_trigger_target_dag to None, run_after=None
[2026-09-17T20:33:42.468+0000] {processor.py:208} INFO - Processing /home/airflow/.local/lib/python3.12/site-packages/airflow/example_dags/example_trigger_target_dag.py took 0.088 seconds
[2026-09-17T20:34:13.284+0000] {processor.py:186} INFO - Started process (PID=763) to work on /home/airflow/.local/lib/python3.12/site-packages/airflow/example_dags/example_trigger_target_dag.py
[2026-09-17T20:34:13.286+0000] {processor.py:914} INFO - Processing file /home/airflow/.local/lib/python3.12/site-packages/airflow/example_dags/example_trigger_target_dag.py for tasks to queue
[2026-09-17T20:34:13.288+0000] {logging_mixin.py:190} INFO - [2026-09-17T20:34:13.288+0000] {dagbag.py:588} INFO - Filling up the DagBag from /home/airflow/.local/lib/python3.12/site-packages/airflow/example_dags/example_trigger_target_dag.py
[2026-09-17T20:34:13.300+0000] {processor.py:925} INFO - DAG(s) 'example_trigger_target_dag' retrieved from /home/airflow/.local/lib/python3.12/site-packages/airflow/example_dags/example_trigger_target_dag.py
[2026-09-17T20:34:13.332+0000] {logging_mixin.py:190} INFO - [2026-09-17T20:34:13.331+0000] {dag.py:3239} INFO - Sync 1 DAGs
[2026-09-17T20:34:13.353+0000] {logging_mixin.py:190} INFO - [2026-09-17T20:34:13.353+0000] {dag.py:4180} INFO - Setting next_dagrun for example_trigger_target_dag to None, run_after=None
[2026-09-17T20:34:13.395+0000] {processor.py:208} INFO - Processing /home/airflow/.local/lib/python3.12/site-packages/airflow/example_dags/example_trigger_target_dag.py took 0.118 seconds
[2026-09-17T20:34:44.151+0000] {processor.py:186} INFO - Started process (PID=821) to work on /home/airflow/.local/lib/python3.12/site-packages/airflow/example_dags/example_trigger_target_dag.py
[2026-09-17T20:34:44.153+0000] {processor.py:914} INFO - Processing file /home/airflow/.local/lib/python3.12/site-packages/airflow/example_dags/example_trigger_target_dag.py for tasks to queue
[2026-09-17T20:34:44.155+0000] {logging_mixin.py:190} INFO - [2026-09-17T20:34:44.155+0000] {dagbag.py:588} INFO - Filling up the DagBag from /home/airflow/.local/lib/python3.12/site-packages/airflow/example_dags/example_trigger_target_dag.py
[2026-09-17T20:34:44.165+0000] {processor.py:925} INFO - DAG(s) 'example_trigger_target_dag' retrieved from /home/airflow/.local/lib/python3.12/site-packages/airflow/example_dags/example_trigger_target_dag.py
[2026-09-17T20:34:44.189+0000] {logging_mixin.py:190} INFO - [2026-09-17T20:34:44.189+0000] {dag.py:3239} INFO - Sync 1 DAGs
[2026-09-17T20:34:44.203+0000] {logging_mixin.py:190} INFO - [2026-09-17T20:34:44.203+0000] {dag.py:4180} INFO - Setting next_dagrun for example_trigger_target_dag to None, run_after=None
[2026-09-17T20:34:44.227+0000] {processor.py:208} INFO - Processing /home/airflow/.local/lib/python3.12/site-packages/airflow/example_dags/example_trigger_target_dag.py took 0.081 seconds
[2026-09-17T20:35:14.490+0000] {processor.py:186} INFO - Started process (PID=886) to work on /home/airflow/.local/lib/python3.12/site-packages/airflow/example_dags/example_trigger_target_dag.py
[2026-09-17T20:35:14.492+0000] {processor.py:914} INFO - Processing file /home/airflow/.local/lib/python3.12/site-packages/airflow/example_dags/example_trigger_target_dag.py for tasks to queue
[2026-09-17T20:35:14.494+0000] {logging_mixin.py:190} INFO - [2026-09-17T20:35:14.494+0000] {dagbag.py:588} INFO - Filling up the DagBag from /home/airflow/.local/lib/python3.12/site-packages/airflow/example_dags/example_trigger_target_dag.py
[2026-09-17T20:35:14.503+0000] {processor.py:925} INFO - DAG(s) 'example_trigger_target_dag' retrieved from /home/airflow/.local/lib/python3.12/site-packages/airflow/example_dags/example_trigger_target_dag.py
[2026-09-17T20:35:14.532+0000] {logging_mixin.py:190} INFO - [2026-09-17T20:35:14.531+0000] {dag.py:3239} INFO - Sync 1 DAGs
[2026-09-17T20:35:14.547+0000] {logging_mixin.py:190} INFO - [2026-09-17T20:35:14.547+0000] {dag.py:4180} INFO - Setting next_dagrun for example_trigger_target_dag to None, run_after=None
[2026-09-17T20:35:14.570+0000] {processor.py:208} INFO - Processing /home/airflow/.local/lib/python3.12/site-packages/airflow/example_dags/example_trigger_target_dag.py took 0.087 seconds
[2026-09-17T20:35:44.813+0000] {processor.py:186} INFO - Started process (PID=951) to work on /home/airflow/.local/lib/python3.12/site-packages/airflow/example_dags/example_trigger_target_dag.py
[2026-09-17T20:35:44.815+0000] {processor.py:914} INFO - Processing file /home/airflow/.local/lib/python3.12/site-packages/airflow/example_dags/example_trigger_target_dag.py for tasks to queue
[2026-09-17T20:35:44.817+0000] {logging_mixin.py:190} INFO - [2026-09-17T20:35:44.817+0000] {dagbag.py:588} INFO - Filling up the DagBag from /home/airflow/.local/lib/python3.12/site-packages/airflow/example_dags/example_trigger_target_dag.py
[2026-09-17T20:35:44.826+0000] {processor.py:925} INFO - DAG(s) 'example_trigger_target_dag' retrieved from /home/airflow/.local/lib/python3.12/site-packages/airflow/example_dags/example_trigger_target_dag.py
[2026-09-17T20:35:44.853+0000] {logging_mixin.py:190} INFO - [2026-09-17T20:35:44.853+0000] {dag.py:3239} INFO - Sync 1 DAGs
[2026-09-17T20:35:44.869+0000] {logging_mixin.py:190} INFO - [2026-09-17T20:35:44.869+0000] {dag.py:4180} INFO - Setting next_dagrun for example_trigger_target_dag to None, run_after=None
[2026-09-17T20:35:44.891+0000] {processor.py:208} INFO - Processing /home/airflow/.local/lib/python3.12/site-packages/airflow/example_dags/example_trigger_target_dag.py took 0.084 seconds
[2026-09-17T20:36:15.042+0000] {processor.py:186} INFO - Started process (PID=1015) to work on /home/airflow/.local/lib/python3.12/site-packages/airflow/example_dags/example_trigger_target_dag.py
[2026-09-17T20:36:15.043+0000] {processor.py:914} INFO - Processing file /home/airflow/.local/lib/python3.12/site-packages/airflow/example_dags/example_trigger_target_dag.py for tasks to queue
[2026-09-17T20:36:15.046+0000] {logging_mixin.py:190} INFO - [2026-09-17T20:36:15.045+0000] {dagbag.py:588} INFO - Filling up the DagBag from /home/airflow/.local/lib/python3.12/site-packages/airflow/example_dags/example_trigger_target_dag.py
[2026-09-17T20:36:15.055+0000] {processor.py:925} INFO - DAG(s) 'example_trigger_target_dag' retrieved from /home/airflow/.local/lib/python3.12/site-packages/airflow/example_dags/example_trigger_target_dag.py
[2026-09-17T20:36:15.082+0000] {logging_mixin.py:190} INFO - [2026-09-17T20:36:15.082+0000] {dag.py:3239} INFO - Sync 1 DAGs
[2026-09-17T20:36:15.096+0000] {logging_mixin.py:190} INFO - [2026-09-17T20:36:15.096+0000] {dag.py:4180} INFO - Setting next_dagrun for example_trigger_target_dag to None, run_after=None
[2026-09-17T20:36:15.117+0000] {processor.py:208} INFO - Processing /home/airflow/.local/lib/python3.12/site-packages/airflow/example_dags/example_trigger_target_dag.py took 0.081 seconds
[2026-09-17T20:36:45.203+0000] {processor.py:186} INFO - Started process (PID=1080) to work on /home/airflow/.local/lib/python3.12/site-packages/airflow/example_dags/example_trigger_target_dag.py
[2026-09-17T20:36:45.205+0000] {processor.py:914} INFO - Processing file /home/airflow/.local/lib/python3.12/site-packages/airflow/example_dags/example_trigger_target_dag.py for tasks to queue
[2026-09-17T20:36:45.207+0000] {logging_mixin.py:190} INFO - [2026-09-17T20:36:45.207+0000] {dagbag.py:588} INFO - Filling up the DagBag from /home/airflow/.local/lib/python3.12/site-packages/airflow/example_dags/example_trigger_target_dag.py
[2026-09-17T20:36:45.216+0000] {processor.py:925} INFO - DAG(s) 'example_trigger_target_dag' retrieved from /home/airflow/.local/lib/python3.12/site-packages/airflow/example_dags/example_trigger_target_dag.py
[2026-09-17T20:36:45.243+0000] {logging_mixin.py:190} INFO - [2026-09-17T20:36:45.243+0000] {dag.py:3239} INFO - Sync 1 DAGs
[2026-09-17T20:36:45.257+0000] {logging_mixin.py:190} INFO - [2026-09-17T20:36:45.257+0000] {dag.py:4180} INFO - Setting next_dagrun for example_trigger_target_dag to None, run_after=None
[2026-09-17T20:36:45.277+0000] {processor.py:208} INFO - Processing /home/airflow/.local/lib/python3.12/site-packages/airflow/example_dags/example_trigger_target_dag.py took 0.080 seconds
[2026-09-17T20:37:15.678+0000] {processor.py:186} INFO - Started process (PID=1145) to work on /home/airflow/.local/lib/python3.12/site-packages/airflow/example_dags/example_trigger_target_dag.py
[2026-09-17T20:37:15.680+0000] {processor.py:914} INFO - Processing file /home/airflow/.local/lib/python3.12/site-packages/airflow/example_dags/example_trigger_target_dag.py for tasks to queue
[2026-09-17T20:37:15.682+0000] {logging_mixin.py:190} INFO - [2026-09-17T20:37:15.682+0000] {dagbag.py:588} INFO - Filling up the DagBag from /home/airflow/.local/lib/python3.12/site-packages/airflow/example_dags/example_trigger_target_dag.py
[2026-09-17T20:37:15.690+0000] {processor.py:925} INFO - DAG(s) 'example_trigger_target_dag' retrieved from /home/airflow/.local/lib/python3.12/site-packages/airflow/example_dags/example_trigger_target_dag.py
[2026-09-17T20:37:15.715+0000] {logging_mixin.py:190} INFO - [2026-09-17T20:37:15.715+0000] {dag.py:3239} INFO - Sync 1 DAGs
[2026-09-17T20:37:15.731+0000] {logging_mixin.py:190} INFO - [2026-09-17T20:37:15.731+0000] {dag.py:4180} INFO - Setting next_dagrun for example_trigger_target_dag to None, run_after=None
[2026-09-17T20:37:15.755+0000] {processor.py:208} INFO - Processing /home/airflow/.local/lib/python3.12/site-packages/airflow/example_dags/example_trigger_target_dag.py took 0.083 seconds
[2026-09-17T20:37:46.666+0000] {processor.py:186} INFO - Started process (PID=1210) to work on /home/airflow/.local/lib/python3.12/site-packages/airflow/example_dags/example_trigger_target_dag.py
[2026-09-17T20:37:46.667+0000] {processor.py:914} INFO - Processing file /home/airflow/.local/lib/python3.12/site-packages/airflow/example_dags/example_trigger_target_dag.py for tasks to queue
[2026-09-17T20:37:46.669+0000] {logging_mixin.py:190} INFO - [2026-09-17T20:37:46.669+0000] {dagbag.py:588} INFO - Filling up the DagBag from /home/airflow/.local/lib/python3.12/site-packages/airflow/example_dags/example_trigger_target_dag.py
[2026-09-17T20:37:46.677+0000] {processor.py:925} INFO - DAG(s) 'example_trigger_target_dag' retrieved from /home/airflow/.local/lib/python3.12/site-packages/airflow/example_dags/example_trigger_target_dag.py
[2026-09-17T20:37:46.702+0000] {logging_mixin.py:190} INFO - [2026-09-17T20:37:46.701+0000] {dag.py:3239} INFO - Sync 1 DAGs
[2026-09-17T20:37:46.717+0000] {logging_mixin.py:190} INFO - [2026-09-17T20:37:46.717+0000] {dag.py:4180} INFO - Setting next_dagrun for example_trigger_target_dag to None, run_after=None
[2026-09-17T20:37:46.739+0000] {processor.py:208} INFO - Processing /home/airflow/.local/lib/python3.12/site-packages/airflow/example_dags/example_trigger_target_dag.py took 0.079 seconds
[2026-09-17T20:38:17.543+0000] {processor.py:186} INFO - Started process (PID=1275) to work on /home/airflow/.local/lib/python3.12/site-packages/airflow/example_dags/example_trigger_target_dag.py
[2026-09-17T20:38:17.544+0000] {processor.py:914} INFO - Processing file /home/airflow/.local/lib/python3.12/site-packages/airflow/example_dags/example_trigger_target_dag.py for tasks to queue
[2026-09-17T20:38:17.547+0000] {logging_mixin.py:190} INFO - [2026-09-17T20:38:17.546+0000] {dagbag.py:588} INFO - Filling up the DagBag from /home/airflow/.local/lib/python3.12/site-packages/airflow/example_dags/example_trigger_target_dag.py
[2026-09-17T20:38:17.558+0000] {processor.py:925} INFO - DAG(s) 'example_trigger_target_dag' retrieved from /home/airflow/.local/lib/python3.12/site-packages/airflow/example_dags/example_trigger_target_dag.py
[2026-09-17T20:38:17.589+0000] {logging_mixin.py:190} INFO - [2026-09-17T20:38:17.588+0000] {dag.py:3239} INFO - Sync 1 DAGs
[2026-09-17T20:38:17.607+0000] {logging_mixin.py:190} INFO - [2026-09-17T20:38:17.607+0000] {dag.py:4180} INFO - Setting next_dagrun for example_trigger_target_dag to None, run_after=None
[2026-09-17T20:38:17.636+0000] {processor.py:208} INFO - Processing /home/airflow/.local/lib/python3.12/site-packages/airflow/example_dags/example_trigger_target_dag.py took 0.099 seconds
[2026-09-17T20:38:48.342+0000] {processor.py:186} INFO - Started process (PID=1340) to work on /home/airflow/.local/lib/python3.12/site-packages/airflow/example_dags/example_trigger_target_dag.py
[2026-09-17T20:38:48.344+0000] {processor.py:914} INFO - Processing file /home/airflow/.local/lib/python3.12/site-packages/airflow/example_dags/example_trigger_target_dag.py for tasks to queue
[2026-09-17T20:38:48.346+0000] {logging_mixin.py:190} INFO - [2026-09-17T20:38:48.346+0000] {dagbag.py:588} INFO - Filling up the DagBag from /home/airflow/.local/lib/python3.12/site-packages/airflow/example_dags/example_trigger_target_dag.py
[2026-09-17T20:38:48.356+0000] {processor.py:925} INFO - DAG(s) 'example_trigger_target_dag' retrieved from /home/airflow/.local/lib/python3.12/site-packages/airflow/example_dags/example_trigger_target_dag.py
[2026-09-17T20:38:48.382+0000] {logging_mixin.py:190} INFO - [2026-09-17T20:38:48.382+0000] {dag.py:3239} INFO - Sync 1 DAGs
[2026-09-17T20:38:48.397+0000] {logging_mixin.py:190} INFO - [2026-09-17T20:38:48.397+0000] {dag.py:4180} INFO - Setting next_dagrun for example_trigger_target_dag to None, run_after=None
[2026-09-17T20:38:48.420+0000] {processor.py:208} INFO - Processing /home/airflow/.local/lib/python3.12/site-packages/airflow/example_dags/example_trigger_target_dag.py took 0.084 seconds
[2026-09-17T20:39:20.083+0000] {processor.py:186} INFO - Started process (PID=1406) to work on /home/airflow/.local/lib/python3.12/site-packages/airflow/example_dags/example_trigger_target_dag.py
[2026-09-17T20:39:20.085+0000] {processor.py:914} INFO - Processing file /home/airflow/.local/lib/python3.12/site-packages/airflow/example_dags/example_trigger_target_dag.py for tasks to queue
[2026-09-17T20:39:20.088+0000] {logging_mixin.py:190} INFO - [2026-09-17T20:39:20.087+0000] {dagbag.py:588} INFO - Filling up the DagBag from /home/airflow/.local/lib/python3.12/site-packages/airflow/example_dags/example_trigger_target_dag.py
[2026-09-17T20:39:20.103+0000] {processor.py:925} INFO - DAG(s) 'example_trigger_target_dag' retrieved from /home/airflow/.local/lib/python3.12/site-packages/airflow/example_dags/example_trigger_target_dag.py
[2026-09-17T20:39:20.134+0000] {logging_mixin.py:190} INFO - [2026-09-17T20:39:20.133+0000] {dag.py:3239} INFO - Sync 1 DAGs
[2026-09-17T20:39:20.153+0000] {logging_mixin.py:190} INFO - [2026-09-17T20:39:20.152+0000] {dag.py:4180} INFO - Setting next_dagrun for example_trigger_target_dag to None, run_after=None
[2026-09-17T20:39:20.186+0000] {processor.py:208} INFO - Processing /home/airflow/.local/lib/python3.12/site-packages/airflow/example_dags/example_trigger_target_dag.py took 0.111 seconds
[2026-09-17T20:39:50.408+0000] {processor.py:186} INFO - Started process (PID=1472) to work on /home/airflow/.local/lib/python3.12/site-packages/airflow/example_dags/example_trigger_target_dag.py
[2026-09-17T20:39:50.410+0000] {processor.py:914} INFO - Processing file /home/airflow/.local/lib/python3.12/site-packages/airflow/example_dags/example_trigger_target_dag.py for tasks to queue
[2026-09-17T20:39:50.413+0000] {logging_mixin.py:190} INFO - [2026-09-17T20:39:50.412+0000] {dagbag.py:588} INFO - Filling up the DagBag from /home/airflow/.local/lib/python3.12/site-packages/airflow/example_dags/example_trigger_target_dag.py
[2026-09-17T20:39:50.425+0000] {processor.py:925} INFO - DAG(s) 'example_trigger_target_dag' retrieved from /home/airflow/.local/lib/python3.12/site-packages/airflow/example_dags/example_trigger_target_dag.py
[2026-09-17T20:39:50.462+0000] {logging_mixin.py:190} INFO - [2026-09-17T20:39:50.462+0000] {dag.py:3239} INFO - Sync 1 DAGs
[2026-09-17T20:39:50.481+0000] {logging_mixin.py:190} INFO - [2026-09-17T20:39:50.481+0000] {dag.py:4180} INFO - Setting next_dagrun for example_trigger_target_dag to None, run_after=None
[2026-09-17T20:39:50.509+0000] {processor.py:208} INFO - Processing /home/airflow/.local/lib/python3.12/site-packages/airflow/example_dags/example_trigger_target_dag.py took 0.109 seconds
[2026-09-17T20:40:20.687+0000] {processor.py:186} INFO - Started process (PID=1536) to work on /home/airflow/.local/lib/python3.12/site-packages/airflow/example_dags/example_trigger_target_dag.py
[2026-09-17T20:40:20.689+0000] {processor.py:914} INFO - Processing file /home/airflow/.local/lib/python3.12/site-packages/airflow/example_dags/example_trigger_target_dag.py for tasks to queue
[2026-09-17T20:40:20.691+0000] {logging_mixin.py:190} INFO - [2026-09-17T20:40:20.691+0000] {dagbag.py:588} INFO - Filling up the DagBag from /home/airflow/.local/lib/python3.12/site-packages/airflow/example_dags/example_trigger_target_dag.py
[2026-09-17T20:40:20.703+0000] {processor.py:925} INFO - DAG(s) 'example_trigger_target_dag' retrieved from /home/airflow/.local/lib/python3.12/site-packages/airflow/example_dags/example_trigger_target_dag.py
[2026-09-17T20:40:20.731+0000] {logging_mixin.py:190} INFO - [2026-09-17T20:40:20.731+0000] {dag.py:3239} INFO - Sync 1 DAGs
[2026-09-17T20:40:20.749+0000] {logging_mixin.py:190} INFO - [2026-09-17T20:40:20.748+0000] {dag.py:4180} INFO - Setting next_dagrun for example_trigger_target_dag to None, run_after=None
[2026-09-17T20:40:20.775+0000] {processor.py:208} INFO - Processing /home/airflow/.local/lib/python3.12/site-packages/airflow/example_dags/example_trigger_target_dag.py took 0.096 seconds
[2026-09-17T20:40:51.258+0000] {processor.py:186} INFO - Started process (PID=1594) to work on /home/airflow/.local/lib/python3.12/site-packages/airflow/example_dags/example_trigger_target_dag.py
[2026-09-17T20:40:51.259+0000] {processor.py:914} INFO - Processing file /home/airflow/.local/lib/python3.12/site-packages/airflow/example_dags/example_trigger_target_dag.py for tasks to queue
[2026-09-17T20:40:51.261+0000] {logging_mixin.py:190} INFO - [2026-09-17T20:40:51.261+0000] {dagbag.py:588} INFO - Filling up the DagBag from /home/airflow/.local/lib/python3.12/site-packages/airflow/example_dags/example_trigger_target_dag.py
[2026-09-17T20:40:51.270+0000] {processor.py:925} INFO - DAG(s) 'example_trigger_target_dag' retrieved from /home/airflow/.local/lib/python3.12/site-packages/airflow/example_dags/example_trigger_target_dag.py
[2026-09-17T20:40:51.296+0000] {logging_mixin.py:190} INFO - [2026-09-17T20:40:51.296+0000] {dag.py:3239} INFO - Sync 1 DAGs
[2026-09-17T20:40:51.311+0000] {logging_mixin.py:190} INFO - [2026-09-17T20:40:51.311+0000] {dag.py:4180} INFO - Setting next_dagrun for example_trigger_target_dag to None, run_after=None
[2026-09-17T20:40:51.333+0000] {processor.py:208} INFO - Processing /home/airflow/.local/lib/python3.12/site-packages/airflow/example_dags/example_trigger_target_dag.py took 0.081 seconds
[2026-09-17T20:41:21.606+0000] {processor.py:186} INFO - Started process (PID=1659) to work on /home/airflow/.local/lib/python3.12/site-packages/airflow/example_dags/example_trigger_target_dag.py
[2026-09-17T20:41:21.608+0000] {processor.py:914} INFO - Processing file /home/airflow/.local/lib/python3.12/site-packages/airflow/example_dags/example_trigger_target_dag.py for tasks to queue
[2026-09-17T20:41:21.611+0000] {logging_mixin.py:190} INFO - [2026-09-17T20:41:21.610+0000] {dagbag.py:588} INFO - Filling up the DagBag from /home/airflow/.local/lib/python3.12/site-packages/airflow/example_dags/example_trigger_target_dag.py
[2026-09-17T20:41:21.621+0000] {processor.py:925} INFO - DAG(s) 'example_trigger_target_dag' retrieved from /home/airflow/.local/lib/python3.12/site-packages/airflow/example_dags/example_trigger_target_dag.py
[2026-09-17T20:41:21.645+0000] {logging_mixin.py:190} INFO - [2026-09-17T20:41:21.645+0000] {dag.py:3239} INFO - Sync 1 DAGs
[2026-09-17T20:41:21.659+0000] {logging_mixin.py:190} INFO - [2026-09-17T20:41:21.659+0000] {dag.py:4180} INFO - Setting next_dagrun for example_trigger_target_dag to None, run_after=None
[2026-09-17T20:41:21.681+0000] {processor.py:208} INFO - Processing /home/airflow/.local/lib/python3.12/site-packages/airflow/example_dags/example_trigger_target_dag.py took 0.081 seconds
[2026-09-17T20:41:51.781+0000] {processor.py:186} INFO - Started process (PID=1724) to work on /home/airflow/.local/lib/python3.12/site-packages/airflow/example_dags/example_trigger_target_dag.py
[2026-09-17T20:41:51.783+0000] {processor.py:914} INFO - Processing file /home/airflow/.local/lib/python3.12/site-packages/airflow/example_dags/example_trigger_target_dag.py for tasks to queue
[2026-09-17T20:41:51.785+0000] {logging_mixin.py:190} INFO - [2026-09-17T20:41:51.785+0000] {dagbag.py:588} INFO - Filling up the DagBag from /home/airflow/.local/lib/python3.12/site-packages/airflow/example_dags/example_trigger_target_dag.py
[2026-09-17T20:41:51.795+0000] {processor.py:925} INFO - DAG(s) 'example_trigger_target_dag' retrieved from /home/airflow/.local/lib/python3.12/site-packages/airflow/example_dags/example_trigger_target_dag.py
[2026-09-17T20:41:51.820+0000] {logging_mixin.py:190} INFO - [2026-09-17T20:41:51.820+0000] {dag.py:3239} INFO - Sync 1 DAGs
[2026-09-17T20:41:51.835+0000] {logging_mixin.py:190} INFO - [2026-09-17T20:41:51.834+0000] {dag.py:4180} INFO - Setting next_dagrun for example_trigger_target_dag to None, run_after=None
[2026-09-17T20:41:51.859+0000] {processor.py:208} INFO - Processing /home/airflow/.local/lib/python3.12/site-packages/airflow/example_dags/example_trigger_target_dag.py took 0.083 seconds
[2026-09-17T20:42:23.489+0000] {processor.py:186} INFO - Started process (PID=1789) to work on /home/airflow/.local/lib/python3.12/site-packages/airflow/example_dags/example_trigger_target_dag.py
[2026-09-17T20:42:23.495+0000] {processor.py:914} INFO - Processing file /home/airflow/.local/lib/python3.12/site-packages/airflow/example_dags/example_trigger_target_dag.py for tasks to queue
[2026-09-17T20:42:23.499+0000] {logging_mixin.py:190} INFO - [2026-09-17T20:42:23.498+0000] {dagbag.py:588} INFO - Filling up the DagBag from /home/airflow/.local/lib/python3.12/site-packages/airflow/example_dags/example_trigger_target_dag.py
[2026-09-17T20:42:23.524+0000] {processor.py:925} INFO - DAG(s) 'example_trigger_target_dag' retrieved from /home/airflow/.local/lib/python3.12/site-packages/airflow/example_dags/example_trigger_target_dag.py
[2026-09-17T20:42:23.586+0000] {logging_mixin.py:190} INFO - [2026-09-17T20:42:23.585+0000] {dag.py:3239} INFO - Sync 1 DAGs
[2026-09-17T20:42:23.641+0000] {logging_mixin.py:190} INFO - [2026-09-17T20:42:23.640+0000] {dag.py:4180} INFO - Setting next_dagrun for example_trigger_target_dag to None, run_after=None
[2026-09-17T20:42:23.697+0000] {processor.py:208} INFO - Processing /home/airflow/.local/lib/python3.12/site-packages/airflow/example_dags/example_trigger_target_dag.py took 0.221 seconds
[2026-09-17T20:42:55.844+0000] {processor.py:186} INFO - Started process (PID=1854) to work on /home/airflow/.local/lib/python3.12/site-packages/airflow/example_dags/example_trigger_target_dag.py
[2026-09-17T20:42:55.848+0000] {processor.py:914} INFO - Processing file /home/airflow/.local/lib/python3.12/site-packages/airflow/example_dags/example_trigger_target_dag.py for tasks to queue
[2026-09-17T20:42:55.855+0000] {logging_mixin.py:190} INFO - [2026-09-17T20:42:55.854+0000] {dagbag.py:588} INFO - Filling up the DagBag from /home/airflow/.local/lib/python3.12/site-packages/airflow/example_dags/example_trigger_target_dag.py
[2026-09-17T20:42:55.886+0000] {processor.py:925} INFO - DAG(s) 'example_trigger_target_dag' retrieved from /home/airflow/.local/lib/python3.12/site-packages/airflow/example_dags/example_trigger_target_dag.py
[2026-09-17T20:42:55.950+0000] {logging_mixin.py:190} INFO - [2026-09-17T20:42:55.949+0000] {dag.py:3239} INFO - Sync 1 DAGs
[2026-09-17T20:42:55.999+0000] {logging_mixin.py:190} INFO - [2026-09-17T20:42:55.998+0000] {dag.py:4180} INFO - Setting next_dagrun for example_trigger_target_dag to None, run_after=None
[2026-09-17T20:42:56.069+0000] {processor.py:208} INFO - Processing /home/airflow/.local/lib/python3.12/site-packages/airflow/example_dags/example_trigger_target_dag.py took 0.245 seconds
[2026-09-17T20:43:28.723+0000] {processor.py:186} INFO - Started process (PID=1902) to work on /home/airflow/.local/lib/python3.12/site-packages/airflow/example_dags/example_trigger_target_dag.py
[2026-09-17T20:43:28.730+0000] {processor.py:914} INFO - Processing file /home/airflow/.local/lib/python3.12/site-packages/airflow/example_dags/example_trigger_target_dag.py for tasks to queue
[2026-09-17T20:43:28.735+0000] {logging_mixin.py:190} INFO - [2026-09-17T20:43:28.734+0000] {dagbag.py:588} INFO - Filling up the DagBag from /home/airflow/.local/lib/python3.12/site-packages/airflow/example_dags/example_trigger_target_dag.py
[2026-09-17T20:43:28.774+0000] {processor.py:925} INFO - DAG(s) 'example_trigger_target_dag' retrieved from /home/airflow/.local/lib/python3.12/site-packages/airflow/example_dags/example_trigger_target_dag.py
[2026-09-17T20:43:28.845+0000] {logging_mixin.py:190} INFO - [2026-09-17T20:43:28.844+0000] {dag.py:3239} INFO - Sync 1 DAGs
[2026-09-17T20:43:28.903+0000] {logging_mixin.py:190} INFO - [2026-09-17T20:43:28.902+0000] {dag.py:4180} INFO - Setting next_dagrun for example_trigger_target_dag to None, run_after=None
[2026-09-17T20:43:28.960+0000] {processor.py:208} INFO - Processing /home/airflow/.local/lib/python3.12/site-packages/airflow/example_dags/example_trigger_target_dag.py took 0.267 seconds
[2026-09-17T20:44:11.707+0000] {processor.py:186} INFO - Started process (PID=1964) to work on /home/airflow/.local/lib/python3.12/site-packages/airflow/example_dags/example_trigger_target_dag.py
[2026-09-17T20:44:11.713+0000] {processor.py:914} INFO - Processing file /home/airflow/.local/lib/python3.12/site-packages/airflow/example_dags/example_trigger_target_dag.py for tasks to queue
[2026-09-17T20:44:11.718+0000] {logging_mixin.py:190} INFO - [2026-09-17T20:44:11.716+0000] {dagbag.py:588} INFO - Filling up the DagBag from /home/airflow/.local/lib/python3.12/site-packages/airflow/example_dags/example_trigger_target_dag.py
[2026-09-17T20:44:11.751+0000] {processor.py:925} INFO - DAG(s) 'example_trigger_target_dag' retrieved from /home/airflow/.local/lib/python3.12/site-packages/airflow/example_dags/example_trigger_target_dag.py
[2026-09-17T20:44:11.820+0000] {logging_mixin.py:190} INFO - [2026-09-17T20:44:11.819+0000] {dag.py:3239} INFO - Sync 1 DAGs
[2026-09-17T20:44:11.862+0000] {logging_mixin.py:190} INFO - [2026-09-17T20:44:11.862+0000] {dag.py:4180} INFO - Setting next_dagrun for example_trigger_target_dag to None, run_after=None
[2026-09-17T20:44:11.918+0000] {processor.py:208} INFO - Processing /home/airflow/.local/lib/python3.12/site-packages/airflow/example_dags/example_trigger_target_dag.py took 0.231 seconds
[2026-09-17T20:44:42.598+0000] {processor.py:186} INFO - Started process (PID=2029) to work on /home/airflow/.local/lib/python3.12/site-packages/airflow/example_dags/example_trigger_target_dag.py
[2026-09-17T20:44:42.601+0000] {processor.py:914} INFO - Processing file /home/airflow/.local/lib/python3.12/site-packages/airflow/example_dags/example_trigger_target_dag.py for tasks to queue
[2026-09-17T20:44:42.604+0000] {logging_mixin.py:190} INFO - [2026-09-17T20:44:42.603+0000] {dagbag.py:588} INFO - Filling up the DagBag from /home/airflow/.local/lib/python3.12/site-packages/airflow/example_dags/example_trigger_target_dag.py
[2026-09-17T20:44:42.618+0000] {processor.py:925} INFO - DAG(s) 'example_trigger_target_dag' retrieved from /home/airflow/.local/lib/python3.12/site-packages/airflow/example_dags/example_trigger_target_dag.py
[2026-09-17T20:44:42.657+0000] {logging_mixin.py:190} INFO - [2026-09-17T20:44:42.657+0000] {dag.py:3239} INFO - Sync 1 DAGs
[2026-09-17T20:44:42.674+0000] {logging_mixin.py:190} INFO - [2026-09-17T20:44:42.674+0000] {dag.py:4180} INFO - Setting next_dagrun for example_trigger_target_dag to None, run_after=None
[2026-09-17T20:44:42.733+0000] {processor.py:208} INFO - Processing /home/airflow/.local/lib/python3.12/site-packages/airflow/example_dags/example_trigger_target_dag.py took 0.144 seconds
[2026-09-17T20:45:17.378+0000] {processor.py:186} INFO - Started process (PID=2093) to work on /home/airflow/.local/lib/python3.12/site-packages/airflow/example_dags/example_trigger_target_dag.py
[2026-09-17T20:45:17.380+0000] {processor.py:914} INFO - Processing file /home/airflow/.local/lib/python3.12/site-packages/airflow/example_dags/example_trigger_target_dag.py for tasks to queue
[2026-09-17T20:45:17.382+0000] {logging_mixin.py:190} INFO - [2026-09-17T20:45:17.381+0000] {dagbag.py:588} INFO - Filling up the DagBag from /home/airflow/.local/lib/python3.12/site-packages/airflow/example_dags/example_trigger_target_dag.py
[2026-09-17T20:45:17.392+0000] {processor.py:925} INFO - DAG(s) 'example_trigger_target_dag' retrieved from /home/airflow/.local/lib/python3.12/site-packages/airflow/example_dags/example_trigger_target_dag.py
[2026-09-17T20:45:17.423+0000] {logging_mixin.py:190} INFO - [2026-09-17T20:45:17.422+0000] {dag.py:3239} INFO - Sync 1 DAGs
[2026-09-17T20:45:17.449+0000] {logging_mixin.py:190} INFO - [2026-09-17T20:45:17.449+0000] {dag.py:4180} INFO - Setting next_dagrun for example_trigger_target_dag to None, run_after=None
[2026-09-17T20:45:17.493+0000] {processor.py:208} INFO - Processing /home/airflow/.local/lib/python3.12/site-packages/airflow/example_dags/example_trigger_target_dag.py took 0.121 seconds
[2026-09-17T20:45:48.016+0000] {processor.py:186} INFO - Started process (PID=2157) to work on /home/airflow/.local/lib/python3.12/site-packages/airflow/example_dags/example_trigger_target_dag.py
[2026-09-17T20:45:48.018+0000] {processor.py:914} INFO - Processing file /home/airflow/.local/lib/python3.12/site-packages/airflow/example_dags/example_trigger_target_dag.py for tasks to queue
[2026-09-17T20:45:48.020+0000] {logging_mixin.py:190} INFO - [2026-09-17T20:45:48.020+0000] {dagbag.py:588} INFO - Filling up the DagBag from /home/airflow/.local/lib/python3.12/site-packages/airflow/example_dags/example_trigger_target_dag.py
[2026-09-17T20:45:48.030+0000] {processor.py:925} INFO - DAG(s) 'example_trigger_target_dag' retrieved from /home/airflow/.local/lib/python3.12/site-packages/airflow/example_dags/example_trigger_target_dag.py
[2026-09-17T20:45:48.060+0000] {logging_mixin.py:190} INFO - [2026-09-17T20:45:48.060+0000] {dag.py:3239} INFO - Sync 1 DAGs
[2026-09-17T20:45:48.083+0000] {logging_mixin.py:190} INFO - [2026-09-17T20:45:48.083+0000] {dag.py:4180} INFO - Setting next_dagrun for example_trigger_target_dag to None, run_after=None
[2026-09-17T20:45:48.113+0000] {processor.py:208} INFO - Processing /home/airflow/.local/lib/python3.12/site-packages/airflow/example_dags/example_trigger_target_dag.py took 0.104 seconds
[2026-09-17T20:46:18.237+0000] {processor.py:186} INFO - Started process (PID=2214) to work on /home/airflow/.local/lib/python3.12/site-packages/airflow/example_dags/example_trigger_target_dag.py
[2026-09-17T20:46:18.239+0000] {processor.py:914} INFO - Processing file /home/airflow/.local/lib/python3.12/site-packages/airflow/example_dags/example_trigger_target_dag.py for tasks to queue
[2026-09-17T20:46:18.242+0000] {logging_mixin.py:190} INFO - [2026-09-17T20:46:18.242+0000] {dagbag.py:588} INFO - Filling up the DagBag from /home/airflow/.local/lib/python3.12/site-packages/airflow/example_dags/example_trigger_target_dag.py
[2026-09-17T20:46:18.253+0000] {processor.py:925} INFO - DAG(s) 'example_trigger_target_dag' retrieved from /home/airflow/.local/lib/python3.12/site-packages/airflow/example_dags/example_trigger_target_dag.py
[2026-09-17T20:46:18.288+0000] {logging_mixin.py:190} INFO - [2026-09-17T20:46:18.288+0000] {dag.py:3239} INFO - Sync 1 DAGs
[2026-09-17T20:46:18.328+0000] {logging_mixin.py:190} INFO - [2026-09-17T20:46:18.328+0000] {dag.py:4180} INFO - Setting next_dagrun for example_trigger_target_dag to None, run_after=None
[2026-09-17T20:46:18.352+0000] {processor.py:208} INFO - Processing /home/airflow/.local/lib/python3.12/site-packages/airflow/example_dags/example_trigger_target_dag.py took 0.122 seconds
[2026-09-17T20:46:50.777+0000] {processor.py:186} INFO - Started process (PID=2277) to work on /home/airflow/.local/lib/python3.12/site-packages/airflow/example_dags/example_trigger_target_dag.py
[2026-09-17T20:46:50.780+0000] {processor.py:914} INFO - Processing file /home/airflow/.local/lib/python3.12/site-packages/airflow/example_dags/example_trigger_target_dag.py for tasks to queue
[2026-09-17T20:46:50.784+0000] {logging_mixin.py:190} INFO - [2026-09-17T20:46:50.783+0000] {dagbag.py:588} INFO - Filling up the DagBag from /home/airflow/.local/lib/python3.12/site-packages/airflow/example_dags/example_trigger_target_dag.py
[2026-09-17T20:46:50.808+0000] {processor.py:925} INFO - DAG(s) 'example_trigger_target_dag' retrieved from /home/airflow/.local/lib/python3.12/site-packages/airflow/example_dags/example_trigger_target_dag.py
[2026-09-17T20:46:50.858+0000] {logging_mixin.py:190} INFO - [2026-09-17T20:46:50.857+0000] {dag.py:3239} INFO - Sync 1 DAGs
[2026-09-17T20:46:50.878+0000] {logging_mixin.py:190} INFO - [2026-09-17T20:46:50.878+0000] {dag.py:4180} INFO - Setting next_dagrun for example_trigger_target_dag to None, run_after=None
[2026-09-17T20:46:50.917+0000] {processor.py:208} INFO - Processing /home/airflow/.local/lib/python3.12/site-packages/airflow/example_dags/example_trigger_target_dag.py took 0.153 seconds
[2026-09-17T20:47:23.309+0000] {processor.py:186} INFO - Started process (PID=2339) to work on /home/airflow/.local/lib/python3.12/site-packages/airflow/example_dags/example_trigger_target_dag.py
[2026-09-17T20:47:23.313+0000] {processor.py:914} INFO - Processing file /home/airflow/.local/lib/python3.12/site-packages/airflow/example_dags/example_trigger_target_dag.py for tasks to queue
[2026-09-17T20:47:23.317+0000] {logging_mixin.py:190} INFO - [2026-09-17T20:47:23.316+0000] {dagbag.py:588} INFO - Filling up the DagBag from /home/airflow/.local/lib/python3.12/site-packages/airflow/example_dags/example_trigger_target_dag.py
[2026-09-17T20:47:23.339+0000] {processor.py:925} INFO - DAG(s) 'example_trigger_target_dag' retrieved from /home/airflow/.local/lib/python3.12/site-packages/airflow/example_dags/example_trigger_target_dag.py
[2026-09-17T20:47:23.394+0000] {logging_mixin.py:190} INFO - [2026-09-17T20:47:23.392+0000] {dag.py:3239} INFO - Sync 1 DAGs
[2026-09-17T20:47:23.429+0000] {logging_mixin.py:190} INFO - [2026-09-17T20:47:23.429+0000] {dag.py:4180} INFO - Setting next_dagrun for example_trigger_target_dag to None, run_after=None
[2026-09-17T20:47:23.491+0000] {processor.py:208} INFO - Processing /home/airflow/.local/lib/python3.12/site-packages/airflow/example_dags/example_trigger_target_dag.py took 0.194 seconds
[2026-09-17T20:47:54.217+0000] {processor.py:186} INFO - Started process (PID=2404) to work on /home/airflow/.local/lib/python3.12/site-packages/airflow/example_dags/example_trigger_target_dag.py
[2026-09-17T20:47:54.220+0000] {processor.py:914} INFO - Processing file /home/airflow/.local/lib/python3.12/site-packages/airflow/example_dags/example_trigger_target_dag.py for tasks to queue
[2026-09-17T20:47:54.222+0000] {logging_mixin.py:190} INFO - [2026-09-17T20:47:54.222+0000] {dagbag.py:588} INFO - Filling up the DagBag from /home/airflow/.local/lib/python3.12/site-packages/airflow/example_dags/example_trigger_target_dag.py
[2026-09-17T20:47:54.237+0000] {processor.py:925} INFO - DAG(s) 'example_trigger_target_dag' retrieved from /home/airflow/.local/lib/python3.12/site-packages/airflow/example_dags/example_trigger_target_dag.py
[2026-09-17T20:47:54.287+0000] {logging_mixin.py:190} INFO - [2026-09-17T20:47:54.287+0000] {dag.py:3239} INFO - Sync 1 DAGs
[2026-09-17T20:47:54.311+0000] {logging_mixin.py:190} INFO - [2026-09-17T20:47:54.310+0000] {dag.py:4180} INFO - Setting next_dagrun for example_trigger_target_dag to None, run_after=None
[2026-09-17T20:47:54.340+0000] {processor.py:208} INFO - Processing /home/airflow/.local/lib/python3.12/site-packages/airflow/example_dags/example_trigger_target_dag.py took 0.131 seconds
[2026-09-17T20:48:24.780+0000] {processor.py:186} INFO - Started process (PID=2469) to work on /home/airflow/.local/lib/python3.12/site-packages/airflow/example_dags/example_trigger_target_dag.py
[2026-09-17T20:48:24.783+0000] {processor.py:914} INFO - Processing file /home/airflow/.local/lib/python3.12/site-packages/airflow/example_dags/example_trigger_target_dag.py for tasks to queue
[2026-09-17T20:48:24.785+0000] {logging_mixin.py:190} INFO - [2026-09-17T20:48:24.785+0000] {dagbag.py:588} INFO - Filling up the DagBag from /home/airflow/.local/lib/python3.12/site-packages/airflow/example_dags/example_trigger_target_dag.py
[2026-09-17T20:48:24.799+0000] {processor.py:925} INFO - DAG(s) 'example_trigger_target_dag' retrieved from /home/airflow/.local/lib/python3.12/site-packages/airflow/example_dags/example_trigger_target_dag.py
[2026-09-17T20:48:24.831+0000] {logging_mixin.py:190} INFO - [2026-09-17T20:48:24.831+0000] {dag.py:3239} INFO - Sync 1 DAGs
[2026-09-17T20:48:24.851+0000] {logging_mixin.py:190} INFO - [2026-09-17T20:48:24.851+0000] {dag.py:4180} INFO - Setting next_dagrun for example_trigger_target_dag to None, run_after=None
[2026-09-17T20:48:24.879+0000] {processor.py:208} INFO - Processing /home/airflow/.local/lib/python3.12/site-packages/airflow/example_dags/example_trigger_target_dag.py took 0.109 seconds
