[2026-09-17T18:40:44.151+0000] {processor.py:161} INFO - Started process (PID=73) to work on /home/airflow/.local/lib/python3.8/site-packages/airflow/example_dags/example_branch_operator_decorator.py
[2026-09-17T18:40:44.154+0000] {processor.py:830} INFO - Processing file /home/airflow/.local/lib/python3.8/site-packages/airflow/example_dags/example_branch_operator_decorator.py for tasks to queue
[2026-09-17T18:40:44.157+0000] {logging_mixin.py:188} INFO - [2026-09-17T18:40:44.157+0000] {dagbag.py:538} INFO - Filling up the DagBag from /home/airflow/.local/lib/python3.8/site-packages/airflow/example_dags/example_branch_operator_decorator.py
[2026-09-17T18:40:44.201+0000] {processor.py:840} INFO - DAG(s) 'example_branch_python_operator_decorator' retrieved from /home/airflow/.local/lib/python3.8/site-packages/airflow/example_dags/example_branch_operator_decorator.py
[2026-09-17T18:40:44.222+0000] {logging_mixin.py:188} INFO - [2026-09-17T18:40:44.222+0000] {dag.py:3036} INFO - Sync 1 DAGs
[2026-09-17T18:40:44.263+0000] {logging_mixin.py:188} INFO - [2026-09-17T18:40:44.263+0000] {dag.py:3823} INFO - Setting next_dagrun for example_branch_python_operator_decorator to 2026-09-16 00:00:00+00:00, run_after=2026-09-17 00:00:00+00:00
[2026-09-17T18:40:44.295+0000] {processor.py:183} INFO - Processing /home/airflow/.local/lib/python3.8/site-packages/airflow/example_dags/example_branch_operator_decorator.py took 0.149 seconds
[2026-09-17T18:41:16.208+0000] {processor.py:161} INFO - Started process (PID=130) to work on /home/airflow/.local/lib/python3.8/site-packages/airflow/example_dags/example_branch_operator_decorator.py
[2026-09-17T18:41:16.211+0000] {processor.py:830} INFO - Processing file /home/airflow/.local/lib/python3.8/site-packages/airflow/example_dags/example_branch_operator_decorator.py for tasks to queue
[2026-09-17T18:41:16.215+0000] {logging_mixin.py:188} INFO - [2026-09-17T18:41:16.215+0000] {dagbag.py:538} INFO - Filling up the DagBag from /home/airflow/.local/lib/python3.8/site-packages/airflow/example_dags/example_branch_operator_decorator.py
[2026-09-17T18:41:16.258+0000] {processor.py:840} INFO - DAG(s) 'example_branch_python_operator_decorator' retrieved from /home/airflow/.local/lib/python3.8/site-packages/airflow/example_dags/example_branch_operator_decorator.py
[2026-09-17T18:41:16.442+0000] {logging_mixin.py:188} INFO - [2026-09-17T18:41:16.442+0000] {dag.py:3036} INFO - Sync 1 DAGs
[2026-09-17T18:41:16.477+0000] {logging_mixin.py:188} INFO - [2026-09-17T18:41:16.476+0000] {dag.py:3823} INFO - Setting next_dagrun for example_branch_python_operator_decorator to 2026-09-16 00:00:00+00:00, run_after=2026-09-17 00:00:00+00:00
[2026-09-17T18:41:16.517+0000] {processor.py:183} INFO - Processing /home/airflow/.local/lib/python3.8/site-packages/airflow/example_dags/example_branch_operator_decorator.py took 0.314 seconds
[2026-09-17T18:41:46.714+0000] {processor.py:161} INFO - Started process (PID=179) to work on /home/airflow/.local/lib/python3.8/site-packages/airflow/example_dags/example_branch_operator_decorator.py
[2026-09-17T18:41:46.716+0000] {processor.py:830} INFO - Processing file /home/airflow/.local/lib/python3.8/site-packages/airflow/example_dags/example_branch_operator_decorator.py for tasks to queue
[2026-09-17T18:41:46.720+0000] {logging_mixin.py:188} INFO - [2026-09-17T18:41:46.719+0000] {dagbag.py:538} INFO - Filling up the DagBag from /home/airflow/.local/lib/python3.8/site-packages/airflow/example_dags/example_branch_operator_decorator.py
[2026-09-17T18:41:46.747+0000] {processor.py:840} INFO - DAG(s) 'example_branch_python_operator_decorator' retrieved from /home/airflow/.local/lib/python3.8/site-packages/airflow/example_dags/example_branch_operator_decorator.py
[2026-09-17T18:41:46.768+0000] {logging_mixin.py:188} INFO - [2026-09-17T18:41:46.767+0000] {dag.py:3036} INFO - Sync 1 DAGs
[2026-09-17T18:41:46.797+0000] {logging_mixin.py:188} INFO - [2026-09-17T18:41:46.796+0000] {dag.py:3823} INFO - Setting next_dagrun for example_branch_python_operator_decorator to 2026-09-16 00:00:00+00:00, run_after=2026-09-17 00:00:00+00:00
[2026-09-17T18:41:46.825+0000] {processor.py:183} INFO - Processing /home/airflow/.local/lib/python3.8/site-packages/airflow/example_dags/example_branch_operator_decorator.py took 0.115 seconds
[2026-09-17T18:42:17.734+0000] {processor.py:161} INFO - Started process (PID=236) to work on /home/airflow/.local/lib/python3.8/site-packages/airflow/example_dags/example_branch_operator_decorator.py
[2026-09-17T18:42:17.735+0000] {processor.py:830} INFO - Processing file /home/airflow/.local/lib/python3.8/site-packages/airflow/example_dags/example_branch_operator_decorator.py for tasks to queue
[2026-09-17T18:42:17.738+0000] {logging_mixin.py:188} INFO - [2026-09-17T18:42:17.738+0000] {dagbag.py:538} INFO - Filling up the DagBag from /home/airflow/.local/lib/python3.8/site-packages/airflow/example_dags/example_branch_operator_decorator.py
[2026-09-17T18:42:17.759+0000] {processor.py:840} INFO - DAG(s) 'example_branch_python_operator_decorator' retrieved from /home/airflow/.local/lib/python3.8/site-packages/airflow/example_dags/example_branch_operator_decorator.py
[2026-09-17T18:42:17.778+0000] {logging_mixin.py:188} INFO - [2026-09-17T18:42:17.778+0000] {dag.py:3036} INFO - Sync 1 DAGs
[2026-09-17T18:42:17.804+0000] {logging_mixin.py:188} INFO - [2026-09-17T18:42:17.804+0000] {dag.py:3823} INFO - Setting next_dagrun for example_branch_python_operator_decorator to 2026-09-16 00:00:00+00:00, run_after=2026-09-17 00:00:00+00:00
[2026-09-17T18:42:17.831+0000] {processor.py:183} INFO - Processing /home/airflow/.local/lib/python3.8/site-packages/airflow/example_dags/example_branch_operator_decorator.py took 0.101 seconds
[2026-09-17T18:42:49.279+0000] {processor.py:161} INFO - Started process (PID=293) to work on /home/airflow/.local/lib/python3.8/site-packages/airflow/example_dags/example_branch_operator_decorator.py
[2026-09-17T18:42:49.281+0000] {processor.py:830} INFO - Processing file /home/airflow/.local/lib/python3.8/site-packages/airflow/example_dags/example_branch_operator_decorator.py for tasks to queue
[2026-09-17T18:42:49.284+0000] {logging_mixin.py:188} INFO - [2026-09-17T18:42:49.284+0000] {dagbag.py:538} INFO - Filling up the DagBag from /home/airflow/.local/lib/python3.8/site-packages/airflow/example_dags/example_branch_operator_decorator.py
[2026-09-17T18:42:49.309+0000] {processor.py:840} INFO - DAG(s) 'example_branch_python_operator_decorator' retrieved from /home/airflow/.local/lib/python3.8/site-packages/airflow/example_dags/example_branch_operator_decorator.py
[2026-09-17T18:42:49.457+0000] {logging_mixin.py:188} INFO - [2026-09-17T18:42:49.456+0000] {dag.py:3036} INFO - Sync 1 DAGs
[2026-09-17T18:42:49.484+0000] {logging_mixin.py:188} INFO - [2026-09-17T18:42:49.483+0000] {dag.py:3823} INFO - Setting next_dagrun for example_branch_python_operator_decorator to 2026-09-16 00:00:00+00:00, run_after=2026-09-17 00:00:00+00:00
[2026-09-17T18:42:49.516+0000] {processor.py:183} INFO - Processing /home/airflow/.local/lib/python3.8/site-packages/airflow/example_dags/example_branch_operator_decorator.py took 0.241 seconds
[2026-09-17T18:43:21.413+0000] {processor.py:161} INFO - Started process (PID=350) to work on /home/airflow/.local/lib/python3.8/site-packages/airflow/example_dags/example_branch_operator_decorator.py
[2026-09-17T18:43:21.420+0000] {processor.py:830} INFO - Processing file /home/airflow/.local/lib/python3.8/site-packages/airflow/example_dags/example_branch_operator_decorator.py for tasks to queue
[2026-09-17T18:43:21.429+0000] {logging_mixin.py:188} INFO - [2026-09-17T18:43:21.427+0000] {dagbag.py:538} INFO - Filling up the DagBag from /home/airflow/.local/lib/python3.8/site-packages/airflow/example_dags/example_branch_operator_decorator.py
[2026-09-17T18:43:21.516+0000] {processor.py:840} INFO - DAG(s) 'example_branch_python_operator_decorator' retrieved from /home/airflow/.local/lib/python3.8/site-packages/airflow/example_dags/example_branch_operator_decorator.py
[2026-09-17T18:43:21.632+0000] {logging_mixin.py:188} INFO - [2026-09-17T18:43:21.631+0000] {dag.py:3036} INFO - Sync 1 DAGs
[2026-09-17T18:43:21.736+0000] {logging_mixin.py:188} INFO - [2026-09-17T18:43:21.734+0000] {dag.py:3823} INFO - Setting next_dagrun for example_branch_python_operator_decorator to 2026-09-16 00:00:00+00:00, run_after=2026-09-17 00:00:00+00:00
[2026-09-17T18:43:21.805+0000] {processor.py:183} INFO - Processing /home/airflow/.local/lib/python3.8/site-packages/airflow/example_dags/example_branch_operator_decorator.py took 0.405 seconds
[2026-09-17T18:44:10.096+0000] {processor.py:161} INFO - Started process (PID=407) to work on /home/airflow/.local/lib/python3.8/site-packages/airflow/example_dags/example_branch_operator_decorator.py
[2026-09-17T18:44:10.098+0000] {processor.py:830} INFO - Processing file /home/airflow/.local/lib/python3.8/site-packages/airflow/example_dags/example_branch_operator_decorator.py for tasks to queue
[2026-09-17T18:44:10.102+0000] {logging_mixin.py:188} INFO - [2026-09-17T18:44:10.101+0000] {dagbag.py:538} INFO - Filling up the DagBag from /home/airflow/.local/lib/python3.8/site-packages/airflow/example_dags/example_branch_operator_decorator.py
[2026-09-17T18:44:10.123+0000] {processor.py:840} INFO - DAG(s) 'example_branch_python_operator_decorator' retrieved from /home/airflow/.local/lib/python3.8/site-packages/airflow/example_dags/example_branch_operator_decorator.py
[2026-09-17T18:44:10.472+0000] {logging_mixin.py:188} INFO - [2026-09-17T18:44:10.472+0000] {dag.py:3036} INFO - Sync 1 DAGs
[2026-09-17T18:44:10.658+0000] {logging_mixin.py:188} INFO - [2026-09-17T18:44:10.658+0000] {dag.py:3823} INFO - Setting next_dagrun for example_branch_python_operator_decorator to 2026-09-16 00:00:00+00:00, run_after=2026-09-17 00:00:00+00:00
[2026-09-17T18:44:12.098+0000] {processor.py:183} INFO - Processing /home/airflow/.local/lib/python3.8/site-packages/airflow/example_dags/example_branch_operator_decorator.py took 2.006 seconds
[2026-09-17T18:44:42.668+0000] {processor.py:161} INFO - Started process (PID=464) to work on /home/airflow/.local/lib/python3.8/site-packages/airflow/example_dags/example_branch_operator_decorator.py
[2026-09-17T18:44:42.670+0000] {processor.py:830} INFO - Processing file /home/airflow/.local/lib/python3.8/site-packages/airflow/example_dags/example_branch_operator_decorator.py for tasks to queue
[2026-09-17T18:44:42.675+0000] {logging_mixin.py:188} INFO - [2026-09-17T18:44:42.674+0000] {dagbag.py:538} INFO - Filling up the DagBag from /home/airflow/.local/lib/python3.8/site-packages/airflow/example_dags/example_branch_operator_decorator.py
[2026-09-17T18:44:42.703+0000] {processor.py:840} INFO - DAG(s) 'example_branch_python_operator_decorator' retrieved from /home/airflow/.local/lib/python3.8/site-packages/airflow/example_dags/example_branch_operator_decorator.py
[2026-09-17T18:44:42.758+0000] {logging_mixin.py:188} INFO - [2026-09-17T18:44:42.758+0000] {dag.py:3036} INFO - Sync 1 DAGs
[2026-09-17T18:44:42.787+0000] {logging_mixin.py:188} INFO - [2026-09-17T18:44:42.787+0000] {dag.py:3823} INFO - Setting next_dagrun for example_branch_python_operator_decorator to 2026-09-16 00:00:00+00:00, run_after=2026-09-17 00:00:00+00:00
[2026-09-17T18:44:44.150+0000] {processor.py:183} INFO - Processing /home/airflow/.local/lib/python3.8/site-packages/airflow/example_dags/example_branch_operator_decorator.py took 1.488 seconds
[2026-09-17T18:45:15.044+0000] {processor.py:161} INFO - Started process (PID=522) to work on /home/airflow/.local/lib/python3.8/site-packages/airflow/example_dags/example_branch_operator_decorator.py
[2026-09-17T18:45:15.047+0000] {processor.py:830} INFO - Processing file /home/airflow/.local/lib/python3.8/site-packages/airflow/example_dags/example_branch_operator_decorator.py for tasks to queue
[2026-09-17T18:45:15.051+0000] {logging_mixin.py:188} INFO - [2026-09-17T18:45:15.050+0000] {dagbag.py:538} INFO - Filling up the DagBag from /home/airflow/.local/lib/python3.8/site-packages/airflow/example_dags/example_branch_operator_decorator.py
[2026-09-17T18:45:15.083+0000] {processor.py:840} INFO - DAG(s) 'example_branch_python_operator_decorator' retrieved from /home/airflow/.local/lib/python3.8/site-packages/airflow/example_dags/example_branch_operator_decorator.py
[2026-09-17T18:45:15.133+0000] {logging_mixin.py:188} INFO - [2026-09-17T18:45:15.133+0000] {dag.py:3036} INFO - Sync 1 DAGs
[2026-09-17T18:45:15.166+0000] {logging_mixin.py:188} INFO - [2026-09-17T18:45:15.166+0000] {dag.py:3823} INFO - Setting next_dagrun for example_branch_python_operator_decorator to 2026-09-16 00:00:00+00:00, run_after=2026-09-17 00:00:00+00:00
[2026-09-17T18:45:15.520+0000] {processor.py:183} INFO - Processing /home/airflow/.local/lib/python3.8/site-packages/airflow/example_dags/example_branch_operator_decorator.py took 0.481 seconds
[2026-09-17T18:45:46.003+0000] {processor.py:161} INFO - Started process (PID=579) to work on /home/airflow/.local/lib/python3.8/site-packages/airflow/example_dags/example_branch_operator_decorator.py
[2026-09-17T18:45:46.007+0000] {processor.py:830} INFO - Processing file /home/airflow/.local/lib/python3.8/site-packages/airflow/example_dags/example_branch_operator_decorator.py for tasks to queue
[2026-09-17T18:45:46.012+0000] {logging_mixin.py:188} INFO - [2026-09-17T18:45:46.011+0000] {dagbag.py:538} INFO - Filling up the DagBag from /home/airflow/.local/lib/python3.8/site-packages/airflow/example_dags/example_branch_operator_decorator.py
[2026-09-17T18:45:46.071+0000] {processor.py:840} INFO - DAG(s) 'example_branch_python_operator_decorator' retrieved from /home/airflow/.local/lib/python3.8/site-packages/airflow/example_dags/example_branch_operator_decorator.py
[2026-09-17T18:45:46.142+0000] {logging_mixin.py:188} INFO - [2026-09-17T18:45:46.142+0000] {dag.py:3036} INFO - Sync 1 DAGs
[2026-09-17T18:45:46.192+0000] {logging_mixin.py:188} INFO - [2026-09-17T18:45:46.191+0000] {dag.py:3823} INFO - Setting next_dagrun for example_branch_python_operator_decorator to 2026-09-16 00:00:00+00:00, run_after=2026-09-17 00:00:00+00:00
[2026-09-17T18:45:46.246+0000] {processor.py:183} INFO - Processing /home/airflow/.local/lib/python3.8/site-packages/airflow/example_dags/example_branch_operator_decorator.py took 0.253 seconds
[2026-09-17T18:47:21.717+0000] {processor.py:186} INFO - Started process (PID=94) to work on /home/airflow/.local/lib/python3.12/site-packages/airflow/example_dags/example_branch_operator_decorator.py
[2026-09-17T18:47:21.719+0000] {processor.py:914} INFO - Processing file /home/airflow/.local/lib/python3.12/site-packages/airflow/example_dags/example_branch_operator_decorator.py for tasks to queue
[2026-09-17T18:47:21.723+0000] {logging_mixin.py:190} INFO - [2026-09-17T18:47:21.722+0000] {dagbag.py:588} INFO - Filling up the DagBag from /home/airflow/.local/lib/python3.12/site-packages/airflow/example_dags/example_branch_operator_decorator.py
[2026-09-17T18:47:21.748+0000] {processor.py:925} INFO - DAG(s) 'example_branch_python_operator_decorator' retrieved from /home/airflow/.local/lib/python3.12/site-packages/airflow/example_dags/example_branch_operator_decorator.py
[2026-09-17T18:47:21.896+0000] {logging_mixin.py:190} INFO - [2026-09-17T18:47:21.896+0000] {dag.py:3239} INFO - Sync 1 DAGs
[2026-09-17T18:47:21.920+0000] {logging_mixin.py:190} INFO - [2026-09-17T18:47:21.920+0000] {dag.py:4180} INFO - Setting next_dagrun for example_branch_python_operator_decorator to 2026-09-16 00:00:00+00:00, run_after=2026-09-17 00:00:00+00:00
[2026-09-17T18:47:21.950+0000] {processor.py:208} INFO - Processing /home/airflow/.local/lib/python3.12/site-packages/airflow/example_dags/example_branch_operator_decorator.py took 0.240 seconds
[2026-09-17T18:47:52.498+0000] {processor.py:186} INFO - Started process (PID=159) to work on /home/airflow/.local/lib/python3.12/site-packages/airflow/example_dags/example_branch_operator_decorator.py
[2026-09-17T18:47:52.500+0000] {processor.py:914} INFO - Processing file /home/airflow/.local/lib/python3.12/site-packages/airflow/example_dags/example_branch_operator_decorator.py for tasks to queue
[2026-09-17T18:47:52.504+0000] {logging_mixin.py:190} INFO - [2026-09-17T18:47:52.503+0000] {dagbag.py:588} INFO - Filling up the DagBag from /home/airflow/.local/lib/python3.12/site-packages/airflow/example_dags/example_branch_operator_decorator.py
[2026-09-17T18:47:52.530+0000] {processor.py:925} INFO - DAG(s) 'example_branch_python_operator_decorator' retrieved from /home/airflow/.local/lib/python3.12/site-packages/airflow/example_dags/example_branch_operator_decorator.py
[2026-09-17T18:47:52.570+0000] {logging_mixin.py:190} INFO - [2026-09-17T18:47:52.570+0000] {dag.py:3239} INFO - Sync 1 DAGs
[2026-09-17T18:47:52.605+0000] {logging_mixin.py:190} INFO - [2026-09-17T18:47:52.604+0000] {dag.py:4180} INFO - Setting next_dagrun for example_branch_python_operator_decorator to 2026-09-16 00:00:00+00:00, run_after=2026-09-17 00:00:00+00:00
[2026-09-17T18:47:52.638+0000] {processor.py:208} INFO - Processing /home/airflow/.local/lib/python3.12/site-packages/airflow/example_dags/example_branch_operator_decorator.py took 0.146 seconds
[2026-09-17T18:48:22.973+0000] {processor.py:186} INFO - Started process (PID=223) to work on /home/airflow/.local/lib/python3.12/site-packages/airflow/example_dags/example_branch_operator_decorator.py
[2026-09-17T18:48:22.976+0000] {processor.py:914} INFO - Processing file /home/airflow/.local/lib/python3.12/site-packages/airflow/example_dags/example_branch_operator_decorator.py for tasks to queue
[2026-09-17T18:48:22.983+0000] {logging_mixin.py:190} INFO - [2026-09-17T18:48:22.982+0000] {dagbag.py:588} INFO - Filling up the DagBag from /home/airflow/.local/lib/python3.12/site-packages/airflow/example_dags/example_branch_operator_decorator.py
[2026-09-17T18:48:23.007+0000] {processor.py:925} INFO - DAG(s) 'example_branch_python_operator_decorator' retrieved from /home/airflow/.local/lib/python3.12/site-packages/airflow/example_dags/example_branch_operator_decorator.py
[2026-09-17T18:48:23.055+0000] {logging_mixin.py:190} INFO - [2026-09-17T18:48:23.055+0000] {dag.py:3239} INFO - Sync 1 DAGs
[2026-09-17T18:48:23.092+0000] {logging_mixin.py:190} INFO - [2026-09-17T18:48:23.092+0000] {dag.py:4180} INFO - Setting next_dagrun for example_branch_python_operator_decorator to 2026-09-16 00:00:00+00:00, run_after=2026-09-17 00:00:00+00:00
[2026-09-17T18:48:23.128+0000] {processor.py:208} INFO - Processing /home/airflow/.local/lib/python3.12/site-packages/airflow/example_dags/example_branch_operator_decorator.py took 0.164 seconds
[2026-09-17T18:48:53.439+0000] {processor.py:186} INFO - Started process (PID=280) to work on /home/airflow/.local/lib/python3.12/site-packages/airflow/example_dags/example_branch_operator_decorator.py
[2026-09-17T18:48:53.442+0000] {processor.py:914} INFO - Processing file /home/airflow/.local/lib/python3.12/site-packages/airflow/example_dags/example_branch_operator_decorator.py for tasks to queue
[2026-09-17T18:48:53.446+0000] {logging_mixin.py:190} INFO - [2026-09-17T18:48:53.445+0000] {dagbag.py:588} INFO - Filling up the DagBag from /home/airflow/.local/lib/python3.12/site-packages/airflow/example_dags/example_branch_operator_decorator.py
[2026-09-17T18:48:53.471+0000] {processor.py:925} INFO - DAG(s) 'example_branch_python_operator_decorator' retrieved from /home/airflow/.local/lib/python3.12/site-packages/airflow/example_dags/example_branch_operator_decorator.py
[2026-09-17T18:48:53.506+0000] {logging_mixin.py:190} INFO - [2026-09-17T18:48:53.505+0000] {dag.py:3239} INFO - Sync 1 DAGs
[2026-09-17T18:48:53.535+0000] {logging_mixin.py:190} INFO - [2026-09-17T18:48:53.535+0000] {dag.py:4180} INFO - Setting next_dagrun for example_branch_python_operator_decorator to 2026-09-16 00:00:00+00:00, run_after=2026-09-17 00:00:00+00:00
[2026-09-17T18:48:53.559+0000] {processor.py:208} INFO - Processing /home/airflow/.local/lib/python3.12/site-packages/airflow/example_dags/example_branch_operator_decorator.py took 0.126 seconds
[2026-09-17T18:49:24.014+0000] {processor.py:186} INFO - Started process (PID=345) to work on /home/airflow/.local/lib/python3.12/site-packages/airflow/example_dags/example_branch_operator_decorator.py
[2026-09-17T18:49:24.016+0000] {processor.py:914} INFO - Processing file /home/airflow/.local/lib/python3.12/site-packages/airflow/example_dags/example_branch_operator_decorator.py for tasks to queue
[2026-09-17T18:49:24.020+0000] {logging_mixin.py:190} INFO - [2026-09-17T18:49:24.020+0000] {dagbag.py:588} INFO - Filling up the DagBag from /home/airflow/.local/lib/python3.12/site-packages/airflow/example_dags/example_branch_operator_decorator.py
[2026-09-17T18:49:24.046+0000] {processor.py:925} INFO - DAG(s) 'example_branch_python_operator_decorator' retrieved from /home/airflow/.local/lib/python3.12/site-packages/airflow/example_dags/example_branch_operator_decorator.py
[2026-09-17T18:49:24.085+0000] {logging_mixin.py:190} INFO - [2026-09-17T18:49:24.085+0000] {dag.py:3239} INFO - Sync 1 DAGs
[2026-09-17T18:49:24.115+0000] {logging_mixin.py:190} INFO - [2026-09-17T18:49:24.115+0000] {dag.py:4180} INFO - Setting next_dagrun for example_branch_python_operator_decorator to 2026-09-16 00:00:00+00:00, run_after=2026-09-17 00:00:00+00:00
[2026-09-17T18:49:24.142+0000] {processor.py:208} INFO - Processing /home/airflow/.local/lib/python3.12/site-packages/airflow/example_dags/example_branch_operator_decorator.py took 0.134 seconds
[2026-09-17T18:50:52.674+0000] {processor.py:186} INFO - Started process (PID=73) to work on /home/airflow/.local/lib/python3.12/site-packages/airflow/example_dags/example_branch_operator_decorator.py
[2026-09-17T18:50:52.676+0000] {processor.py:914} INFO - Processing file /home/airflow/.local/lib/python3.12/site-packages/airflow/example_dags/example_branch_operator_decorator.py for tasks to queue
[2026-09-17T18:50:52.678+0000] {logging_mixin.py:190} INFO - [2026-09-17T18:50:52.678+0000] {dagbag.py:588} INFO - Filling up the DagBag from /home/airflow/.local/lib/python3.12/site-packages/airflow/example_dags/example_branch_operator_decorator.py
[2026-09-17T18:50:52.703+0000] {processor.py:925} INFO - DAG(s) 'example_branch_python_operator_decorator' retrieved from /home/airflow/.local/lib/python3.12/site-packages/airflow/example_dags/example_branch_operator_decorator.py
[2026-09-17T18:50:52.847+0000] {logging_mixin.py:190} INFO - [2026-09-17T18:50:52.847+0000] {dag.py:3239} INFO - Sync 1 DAGs
[2026-09-17T18:50:52.875+0000] {logging_mixin.py:190} INFO - [2026-09-17T18:50:52.875+0000] {dag.py:4180} INFO - Setting next_dagrun for example_branch_python_operator_decorator to 2026-09-16 00:00:00+00:00, run_after=2026-09-17 00:00:00+00:00
[2026-09-17T18:50:52.907+0000] {processor.py:208} INFO - Processing /home/airflow/.local/lib/python3.12/site-packages/airflow/example_dags/example_branch_operator_decorator.py took 0.239 seconds
[2026-09-17T18:51:24.615+0000] {processor.py:186} INFO - Started process (PID=137) to work on /home/airflow/.local/lib/python3.12/site-packages/airflow/example_dags/example_branch_operator_decorator.py
[2026-09-17T18:51:24.618+0000] {processor.py:914} INFO - Processing file /home/airflow/.local/lib/python3.12/site-packages/airflow/example_dags/example_branch_operator_decorator.py for tasks to queue
[2026-09-17T18:51:24.622+0000] {logging_mixin.py:190} INFO - [2026-09-17T18:51:24.621+0000] {dagbag.py:588} INFO - Filling up the DagBag from /home/airflow/.local/lib/python3.12/site-packages/airflow/example_dags/example_branch_operator_decorator.py
[2026-09-17T18:51:24.661+0000] {processor.py:925} INFO - DAG(s) 'example_branch_python_operator_decorator' retrieved from /home/airflow/.local/lib/python3.12/site-packages/airflow/example_dags/example_branch_operator_decorator.py
[2026-09-17T18:51:24.702+0000] {logging_mixin.py:190} INFO - [2026-09-17T18:51:24.702+0000] {dag.py:3239} INFO - Sync 1 DAGs
[2026-09-17T18:51:24.738+0000] {logging_mixin.py:190} INFO - [2026-09-17T18:51:24.738+0000] {dag.py:4180} INFO - Setting next_dagrun for example_branch_python_operator_decorator to 2026-09-16 00:00:00+00:00, run_after=2026-09-17 00:00:00+00:00
[2026-09-17T18:51:24.781+0000] {processor.py:208} INFO - Processing /home/airflow/.local/lib/python3.12/site-packages/airflow/example_dags/example_branch_operator_decorator.py took 0.176 seconds
[2026-09-17T18:51:55.600+0000] {processor.py:186} INFO - Started process (PID=195) to work on /home/airflow/.local/lib/python3.12/site-packages/airflow/example_dags/example_branch_operator_decorator.py
[2026-09-17T18:51:55.603+0000] {processor.py:914} INFO - Processing file /home/airflow/.local/lib/python3.12/site-packages/airflow/example_dags/example_branch_operator_decorator.py for tasks to queue
[2026-09-17T18:51:55.606+0000] {logging_mixin.py:190} INFO - [2026-09-17T18:51:55.605+0000] {dagbag.py:588} INFO - Filling up the DagBag from /home/airflow/.local/lib/python3.12/site-packages/airflow/example_dags/example_branch_operator_decorator.py
[2026-09-17T18:51:55.643+0000] {processor.py:925} INFO - DAG(s) 'example_branch_python_operator_decorator' retrieved from /home/airflow/.local/lib/python3.12/site-packages/airflow/example_dags/example_branch_operator_decorator.py
[2026-09-17T18:51:55.686+0000] {logging_mixin.py:190} INFO - [2026-09-17T18:51:55.685+0000] {dag.py:3239} INFO - Sync 1 DAGs
[2026-09-17T18:51:55.730+0000] {logging_mixin.py:190} INFO - [2026-09-17T18:51:55.730+0000] {dag.py:4180} INFO - Setting next_dagrun for example_branch_python_operator_decorator to 2026-09-16 00:00:00+00:00, run_after=2026-09-17 00:00:00+00:00
[2026-09-17T18:51:55.766+0000] {processor.py:208} INFO - Processing /home/airflow/.local/lib/python3.12/site-packages/airflow/example_dags/example_branch_operator_decorator.py took 0.172 seconds
[2026-09-17T18:52:25.929+0000] {processor.py:186} INFO - Started process (PID=259) to work on /home/airflow/.local/lib/python3.12/site-packages/airflow/example_dags/example_branch_operator_decorator.py
[2026-09-17T18:52:25.931+0000] {processor.py:914} INFO - Processing file /home/airflow/.local/lib/python3.12/site-packages/airflow/example_dags/example_branch_operator_decorator.py for tasks to queue
[2026-09-17T18:52:25.933+0000] {logging_mixin.py:190} INFO - [2026-09-17T18:52:25.933+0000] {dagbag.py:588} INFO - Filling up the DagBag from /home/airflow/.local/lib/python3.12/site-packages/airflow/example_dags/example_branch_operator_decorator.py
[2026-09-17T18:52:25.956+0000] {processor.py:925} INFO - DAG(s) 'example_branch_python_operator_decorator' retrieved from /home/airflow/.local/lib/python3.12/site-packages/airflow/example_dags/example_branch_operator_decorator.py
[2026-09-17T18:52:25.990+0000] {logging_mixin.py:190} INFO - [2026-09-17T18:52:25.990+0000] {dag.py:3239} INFO - Sync 1 DAGs
[2026-09-17T18:52:26.013+0000] {logging_mixin.py:190} INFO - [2026-09-17T18:52:26.013+0000] {dag.py:4180} INFO - Setting next_dagrun for example_branch_python_operator_decorator to 2026-09-16 00:00:00+00:00, run_after=2026-09-17 00:00:00+00:00
[2026-09-17T18:52:26.035+0000] {processor.py:208} INFO - Processing /home/airflow/.local/lib/python3.12/site-packages/airflow/example_dags/example_branch_operator_decorator.py took 0.112 seconds
[2026-09-17T18:52:56.604+0000] {processor.py:186} INFO - Started process (PID=324) to work on /home/airflow/.local/lib/python3.12/site-packages/airflow/example_dags/example_branch_operator_decorator.py
[2026-09-17T18:52:56.606+0000] {processor.py:914} INFO - Processing file /home/airflow/.local/lib/python3.12/site-packages/airflow/example_dags/example_branch_operator_decorator.py for tasks to queue
[2026-09-17T18:52:56.608+0000] {logging_mixin.py:190} INFO - [2026-09-17T18:52:56.608+0000] {dagbag.py:588} INFO - Filling up the DagBag from /home/airflow/.local/lib/python3.12/site-packages/airflow/example_dags/example_branch_operator_decorator.py
[2026-09-17T18:52:56.633+0000] {processor.py:925} INFO - DAG(s) 'example_branch_python_operator_decorator' retrieved from /home/airflow/.local/lib/python3.12/site-packages/airflow/example_dags/example_branch_operator_decorator.py
[2026-09-17T18:52:56.668+0000] {logging_mixin.py:190} INFO - [2026-09-17T18:52:56.668+0000] {dag.py:3239} INFO - Sync 1 DAGs
[2026-09-17T18:52:56.693+0000] {logging_mixin.py:190} INFO - [2026-09-17T18:52:56.693+0000] {dag.py:4180} INFO - Setting next_dagrun for example_branch_python_operator_decorator to 2026-09-16 00:00:00+00:00, run_after=2026-09-17 00:00:00+00:00
[2026-09-17T18:52:56.716+0000] {processor.py:208} INFO - Processing /home/airflow/.local/lib/python3.12/site-packages/airflow/example_dags/example_branch_operator_decorator.py took 0.118 seconds
[2026-09-17T18:53:27.564+0000] {processor.py:186} INFO - Started process (PID=389) to work on /home/airflow/.local/lib/python3.12/site-packages/airflow/example_dags/example_branch_operator_decorator.py
[2026-09-17T18:53:27.566+0000] {processor.py:914} INFO - Processing file /home/airflow/.local/lib/python3.12/site-packages/airflow/example_dags/example_branch_operator_decorator.py for tasks to queue
[2026-09-17T18:53:27.569+0000] {logging_mixin.py:190} INFO - [2026-09-17T18:53:27.568+0000] {dagbag.py:588} INFO - Filling up the DagBag from /home/airflow/.local/lib/python3.12/site-packages/airflow/example_dags/example_branch_operator_decorator.py
[2026-09-17T18:53:27.598+0000] {processor.py:925} INFO - DAG(s) 'example_branch_python_operator_decorator' retrieved from /home/airflow/.local/lib/python3.12/site-packages/airflow/example_dags/example_branch_operator_decorator.py
[2026-09-17T18:53:27.646+0000] {logging_mixin.py:190} INFO - [2026-09-17T18:53:27.645+0000] {dag.py:3239} INFO - Sync 1 DAGs
[2026-09-17T18:53:27.687+0000] {logging_mixin.py:190} INFO - [2026-09-17T18:53:27.687+0000] {dag.py:4180} INFO - Setting next_dagrun for example_branch_python_operator_decorator to 2026-09-16 00:00:00+00:00, run_after=2026-09-17 00:00:00+00:00
[2026-09-17T18:53:27.711+0000] {processor.py:208} INFO - Processing /home/airflow/.local/lib/python3.12/site-packages/airflow/example_dags/example_branch_operator_decorator.py took 0.154 seconds
[2026-09-17T18:53:58.577+0000] {processor.py:186} INFO - Started process (PID=454) to work on /home/airflow/.local/lib/python3.12/site-packages/airflow/example_dags/example_branch_operator_decorator.py
[2026-09-17T18:53:58.578+0000] {processor.py:914} INFO - Processing file /home/airflow/.local/lib/python3.12/site-packages/airflow/example_dags/example_branch_operator_decorator.py for tasks to queue
[2026-09-17T18:53:58.581+0000] {logging_mixin.py:190} INFO - [2026-09-17T18:53:58.580+0000] {dagbag.py:588} INFO - Filling up the DagBag from /home/airflow/.local/lib/python3.12/site-packages/airflow/example_dags/example_branch_operator_decorator.py
[2026-09-17T18:53:58.601+0000] {processor.py:925} INFO - DAG(s) 'example_branch_python_operator_decorator' retrieved from /home/airflow/.local/lib/python3.12/site-packages/airflow/example_dags/example_branch_operator_decorator.py
[2026-09-17T18:53:58.633+0000] {logging_mixin.py:190} INFO - [2026-09-17T18:53:58.632+0000] {dag.py:3239} INFO - Sync 1 DAGs
[2026-09-17T18:53:58.656+0000] {logging_mixin.py:190} INFO - [2026-09-17T18:53:58.656+0000] {dag.py:4180} INFO - Setting next_dagrun for example_branch_python_operator_decorator to 2026-09-16 00:00:00+00:00, run_after=2026-09-17 00:00:00+00:00
[2026-09-17T18:53:58.680+0000] {processor.py:208} INFO - Processing /home/airflow/.local/lib/python3.12/site-packages/airflow/example_dags/example_branch_operator_decorator.py took 0.109 seconds
[2026-09-17T18:54:28.731+0000] {processor.py:186} INFO - Started process (PID=518) to work on /home/airflow/.local/lib/python3.12/site-packages/airflow/example_dags/example_branch_operator_decorator.py
[2026-09-17T18:54:28.733+0000] {processor.py:914} INFO - Processing file /home/airflow/.local/lib/python3.12/site-packages/airflow/example_dags/example_branch_operator_decorator.py for tasks to queue
[2026-09-17T18:54:28.735+0000] {logging_mixin.py:190} INFO - [2026-09-17T18:54:28.735+0000] {dagbag.py:588} INFO - Filling up the DagBag from /home/airflow/.local/lib/python3.12/site-packages/airflow/example_dags/example_branch_operator_decorator.py
[2026-09-17T18:54:28.756+0000] {processor.py:925} INFO - DAG(s) 'example_branch_python_operator_decorator' retrieved from /home/airflow/.local/lib/python3.12/site-packages/airflow/example_dags/example_branch_operator_decorator.py
[2026-09-17T18:54:28.790+0000] {logging_mixin.py:190} INFO - [2026-09-17T18:54:28.790+0000] {dag.py:3239} INFO - Sync 1 DAGs
[2026-09-17T18:54:28.817+0000] {logging_mixin.py:190} INFO - [2026-09-17T18:54:28.817+0000] {dag.py:4180} INFO - Setting next_dagrun for example_branch_python_operator_decorator to 2026-09-16 00:00:00+00:00, run_after=2026-09-17 00:00:00+00:00
[2026-09-17T18:54:28.844+0000] {processor.py:208} INFO - Processing /home/airflow/.local/lib/python3.12/site-packages/airflow/example_dags/example_branch_operator_decorator.py took 0.118 seconds
[2026-09-17T18:54:59.087+0000] {processor.py:186} INFO - Started process (PID=582) to work on /home/airflow/.local/lib/python3.12/site-packages/airflow/example_dags/example_branch_operator_decorator.py
[2026-09-17T18:54:59.089+0000] {processor.py:914} INFO - Processing file /home/airflow/.local/lib/python3.12/site-packages/airflow/example_dags/example_branch_operator_decorator.py for tasks to queue
[2026-09-17T18:54:59.091+0000] {logging_mixin.py:190} INFO - [2026-09-17T18:54:59.091+0000] {dagbag.py:588} INFO - Filling up the DagBag from /home/airflow/.local/lib/python3.12/site-packages/airflow/example_dags/example_branch_operator_decorator.py
[2026-09-17T18:54:59.113+0000] {processor.py:925} INFO - DAG(s) 'example_branch_python_operator_decorator' retrieved from /home/airflow/.local/lib/python3.12/site-packages/airflow/example_dags/example_branch_operator_decorator.py
[2026-09-17T18:54:59.146+0000] {logging_mixin.py:190} INFO - [2026-09-17T18:54:59.146+0000] {dag.py:3239} INFO - Sync 1 DAGs
[2026-09-17T18:54:59.172+0000] {logging_mixin.py:190} INFO - [2026-09-17T18:54:59.172+0000] {dag.py:4180} INFO - Setting next_dagrun for example_branch_python_operator_decorator to 2026-09-16 00:00:00+00:00, run_after=2026-09-17 00:00:00+00:00
[2026-09-17T18:54:59.195+0000] {processor.py:208} INFO - Processing /home/airflow/.local/lib/python3.12/site-packages/airflow/example_dags/example_branch_operator_decorator.py took 0.113 seconds
[2026-09-17T18:55:29.589+0000] {processor.py:186} INFO - Started process (PID=648) to work on /home/airflow/.local/lib/python3.12/site-packages/airflow/example_dags/example_branch_operator_decorator.py
[2026-09-17T18:55:29.591+0000] {processor.py:914} INFO - Processing file /home/airflow/.local/lib/python3.12/site-packages/airflow/example_dags/example_branch_operator_decorator.py for tasks to queue
[2026-09-17T18:55:29.593+0000] {logging_mixin.py:190} INFO - [2026-09-17T18:55:29.593+0000] {dagbag.py:588} INFO - Filling up the DagBag from /home/airflow/.local/lib/python3.12/site-packages/airflow/example_dags/example_branch_operator_decorator.py
[2026-09-17T18:55:29.617+0000] {processor.py:925} INFO - DAG(s) 'example_branch_python_operator_decorator' retrieved from /home/airflow/.local/lib/python3.12/site-packages/airflow/example_dags/example_branch_operator_decorator.py
[2026-09-17T18:55:29.650+0000] {logging_mixin.py:190} INFO - [2026-09-17T18:55:29.650+0000] {dag.py:3239} INFO - Sync 1 DAGs
[2026-09-17T18:55:29.673+0000] {logging_mixin.py:190} INFO - [2026-09-17T18:55:29.673+0000] {dag.py:4180} INFO - Setting next_dagrun for example_branch_python_operator_decorator to 2026-09-16 00:00:00+00:00, run_after=2026-09-17 00:00:00+00:00
[2026-09-17T18:55:29.693+0000] {processor.py:208} INFO - Processing /home/airflow/.local/lib/python3.12/site-packages/airflow/example_dags/example_branch_operator_decorator.py took 0.111 seconds
[2026-09-17T18:55:59.932+0000] {processor.py:186} INFO - Started process (PID=713) to work on /home/airflow/.local/lib/python3.12/site-packages/airflow/example_dags/example_branch_operator_decorator.py
[2026-09-17T18:55:59.933+0000] {processor.py:914} INFO - Processing file /home/airflow/.local/lib/python3.12/site-packages/airflow/example_dags/example_branch_operator_decorator.py for tasks to queue
[2026-09-17T18:55:59.936+0000] {logging_mixin.py:190} INFO - [2026-09-17T18:55:59.935+0000] {dagbag.py:588} INFO - Filling up the DagBag from /home/airflow/.local/lib/python3.12/site-packages/airflow/example_dags/example_branch_operator_decorator.py
[2026-09-17T18:55:59.958+0000] {processor.py:925} INFO - DAG(s) 'example_branch_python_operator_decorator' retrieved from /home/airflow/.local/lib/python3.12/site-packages/airflow/example_dags/example_branch_operator_decorator.py
[2026-09-17T18:55:59.988+0000] {logging_mixin.py:190} INFO - [2026-09-17T18:55:59.988+0000] {dag.py:3239} INFO - Sync 1 DAGs
[2026-09-17T18:56:00.011+0000] {logging_mixin.py:190} INFO - [2026-09-17T18:56:00.011+0000] {dag.py:4180} INFO - Setting next_dagrun for example_branch_python_operator_decorator to 2026-09-16 00:00:00+00:00, run_after=2026-09-17 00:00:00+00:00
[2026-09-17T18:56:00.036+0000] {processor.py:208} INFO - Processing /home/airflow/.local/lib/python3.12/site-packages/airflow/example_dags/example_branch_operator_decorator.py took 0.111 seconds
[2026-09-17T18:56:30.310+0000] {processor.py:186} INFO - Started process (PID=778) to work on /home/airflow/.local/lib/python3.12/site-packages/airflow/example_dags/example_branch_operator_decorator.py
[2026-09-17T18:56:30.312+0000] {processor.py:914} INFO - Processing file /home/airflow/.local/lib/python3.12/site-packages/airflow/example_dags/example_branch_operator_decorator.py for tasks to queue
[2026-09-17T18:56:30.315+0000] {logging_mixin.py:190} INFO - [2026-09-17T18:56:30.314+0000] {dagbag.py:588} INFO - Filling up the DagBag from /home/airflow/.local/lib/python3.12/site-packages/airflow/example_dags/example_branch_operator_decorator.py
[2026-09-17T18:56:30.338+0000] {processor.py:925} INFO - DAG(s) 'example_branch_python_operator_decorator' retrieved from /home/airflow/.local/lib/python3.12/site-packages/airflow/example_dags/example_branch_operator_decorator.py
[2026-09-17T18:56:30.373+0000] {logging_mixin.py:190} INFO - [2026-09-17T18:56:30.373+0000] {dag.py:3239} INFO - Sync 1 DAGs
[2026-09-17T18:56:30.399+0000] {logging_mixin.py:190} INFO - [2026-09-17T18:56:30.399+0000] {dag.py:4180} INFO - Setting next_dagrun for example_branch_python_operator_decorator to 2026-09-16 00:00:00+00:00, run_after=2026-09-17 00:00:00+00:00
[2026-09-17T18:56:30.424+0000] {processor.py:208} INFO - Processing /home/airflow/.local/lib/python3.12/site-packages/airflow/example_dags/example_branch_operator_decorator.py took 0.120 seconds
[2026-09-17T18:57:01.188+0000] {processor.py:186} INFO - Started process (PID=842) to work on /home/airflow/.local/lib/python3.12/site-packages/airflow/example_dags/example_branch_operator_decorator.py
[2026-09-17T18:57:01.190+0000] {processor.py:914} INFO - Processing file /home/airflow/.local/lib/python3.12/site-packages/airflow/example_dags/example_branch_operator_decorator.py for tasks to queue
[2026-09-17T18:57:01.194+0000] {logging_mixin.py:190} INFO - [2026-09-17T18:57:01.193+0000] {dagbag.py:588} INFO - Filling up the DagBag from /home/airflow/.local/lib/python3.12/site-packages/airflow/example_dags/example_branch_operator_decorator.py
[2026-09-17T18:57:01.229+0000] {processor.py:925} INFO - DAG(s) 'example_branch_python_operator_decorator' retrieved from /home/airflow/.local/lib/python3.12/site-packages/airflow/example_dags/example_branch_operator_decorator.py
[2026-09-17T18:57:01.284+0000] {logging_mixin.py:190} INFO - [2026-09-17T18:57:01.284+0000] {dag.py:3239} INFO - Sync 1 DAGs
[2026-09-17T18:57:01.330+0000] {logging_mixin.py:190} INFO - [2026-09-17T18:57:01.329+0000] {dag.py:4180} INFO - Setting next_dagrun for example_branch_python_operator_decorator to 2026-09-16 00:00:00+00:00, run_after=2026-09-17 00:00:00+00:00
[2026-09-17T18:57:01.372+0000] {processor.py:208} INFO - Processing /home/airflow/.local/lib/python3.12/site-packages/airflow/example_dags/example_branch_operator_decorator.py took 0.194 seconds
[2026-09-17T18:57:31.676+0000] {processor.py:186} INFO - Started process (PID=900) to work on /home/airflow/.local/lib/python3.12/site-packages/airflow/example_dags/example_branch_operator_decorator.py
[2026-09-17T18:57:31.678+0000] {processor.py:914} INFO - Processing file /home/airflow/.local/lib/python3.12/site-packages/airflow/example_dags/example_branch_operator_decorator.py for tasks to queue
[2026-09-17T18:57:31.681+0000] {logging_mixin.py:190} INFO - [2026-09-17T18:57:31.681+0000] {dagbag.py:588} INFO - Filling up the DagBag from /home/airflow/.local/lib/python3.12/site-packages/airflow/example_dags/example_branch_operator_decorator.py
[2026-09-17T18:57:31.710+0000] {processor.py:925} INFO - DAG(s) 'example_branch_python_operator_decorator' retrieved from /home/airflow/.local/lib/python3.12/site-packages/airflow/example_dags/example_branch_operator_decorator.py
[2026-09-17T18:57:31.749+0000] {logging_mixin.py:190} INFO - [2026-09-17T18:57:31.748+0000] {dag.py:3239} INFO - Sync 1 DAGs
[2026-09-17T18:57:31.778+0000] {logging_mixin.py:190} INFO - [2026-09-17T18:57:31.778+0000] {dag.py:4180} INFO - Setting next_dagrun for example_branch_python_operator_decorator to 2026-09-16 00:00:00+00:00, run_after=2026-09-17 00:00:00+00:00
[2026-09-17T18:57:31.805+0000] {processor.py:208} INFO - Processing /home/airflow/.local/lib/python3.12/site-packages/airflow/example_dags/example_branch_operator_decorator.py took 0.139 seconds
[2026-09-17T18:58:03.338+0000] {processor.py:186} INFO - Started process (PID=965) to work on /home/airflow/.local/lib/python3.12/site-packages/airflow/example_dags/example_branch_operator_decorator.py
[2026-09-17T18:58:03.340+0000] {processor.py:914} INFO - Processing file /home/airflow/.local/lib/python3.12/site-packages/airflow/example_dags/example_branch_operator_decorator.py for tasks to queue
[2026-09-17T18:58:03.343+0000] {logging_mixin.py:190} INFO - [2026-09-17T18:58:03.342+0000] {dagbag.py:588} INFO - Filling up the DagBag from /home/airflow/.local/lib/python3.12/site-packages/airflow/example_dags/example_branch_operator_decorator.py
[2026-09-17T18:58:03.376+0000] {processor.py:925} INFO - DAG(s) 'example_branch_python_operator_decorator' retrieved from /home/airflow/.local/lib/python3.12/site-packages/airflow/example_dags/example_branch_operator_decorator.py
[2026-09-17T18:58:03.417+0000] {logging_mixin.py:190} INFO - [2026-09-17T18:58:03.417+0000] {dag.py:3239} INFO - Sync 1 DAGs
[2026-09-17T18:58:03.446+0000] {logging_mixin.py:190} INFO - [2026-09-17T18:58:03.445+0000] {dag.py:4180} INFO - Setting next_dagrun for example_branch_python_operator_decorator to 2026-09-16 00:00:00+00:00, run_after=2026-09-17 00:00:00+00:00
[2026-09-17T18:58:03.468+0000] {processor.py:208} INFO - Processing /home/airflow/.local/lib/python3.12/site-packages/airflow/example_dags/example_branch_operator_decorator.py took 0.137 seconds
[2026-09-17T18:58:33.665+0000] {processor.py:186} INFO - Started process (PID=1030) to work on /home/airflow/.local/lib/python3.12/site-packages/airflow/example_dags/example_branch_operator_decorator.py
[2026-09-17T18:58:33.667+0000] {processor.py:914} INFO - Processing file /home/airflow/.local/lib/python3.12/site-packages/airflow/example_dags/example_branch_operator_decorator.py for tasks to queue
[2026-09-17T18:58:33.669+0000] {logging_mixin.py:190} INFO - [2026-09-17T18:58:33.669+0000] {dagbag.py:588} INFO - Filling up the DagBag from /home/airflow/.local/lib/python3.12/site-packages/airflow/example_dags/example_branch_operator_decorator.py
[2026-09-17T18:58:33.695+0000] {processor.py:925} INFO - DAG(s) 'example_branch_python_operator_decorator' retrieved from /home/airflow/.local/lib/python3.12/site-packages/airflow/example_dags/example_branch_operator_decorator.py
[2026-09-17T18:58:33.733+0000] {logging_mixin.py:190} INFO - [2026-09-17T18:58:33.733+0000] {dag.py:3239} INFO - Sync 1 DAGs
[2026-09-17T18:58:33.763+0000] {logging_mixin.py:190} INFO - [2026-09-17T18:58:33.763+0000] {dag.py:4180} INFO - Setting next_dagrun for example_branch_python_operator_decorator to 2026-09-16 00:00:00+00:00, run_after=2026-09-17 00:00:00+00:00
[2026-09-17T18:58:33.789+0000] {processor.py:208} INFO - Processing /home/airflow/.local/lib/python3.12/site-packages/airflow/example_dags/example_branch_operator_decorator.py took 0.131 seconds
[2026-09-17T18:59:04.225+0000] {processor.py:186} INFO - Started process (PID=1095) to work on /home/airflow/.local/lib/python3.12/site-packages/airflow/example_dags/example_branch_operator_decorator.py
[2026-09-17T18:59:04.227+0000] {processor.py:914} INFO - Processing file /home/airflow/.local/lib/python3.12/site-packages/airflow/example_dags/example_branch_operator_decorator.py for tasks to queue
[2026-09-17T18:59:04.230+0000] {logging_mixin.py:190} INFO - [2026-09-17T18:59:04.229+0000] {dagbag.py:588} INFO - Filling up the DagBag from /home/airflow/.local/lib/python3.12/site-packages/airflow/example_dags/example_branch_operator_decorator.py
[2026-09-17T18:59:04.258+0000] {processor.py:925} INFO - DAG(s) 'example_branch_python_operator_decorator' retrieved from /home/airflow/.local/lib/python3.12/site-packages/airflow/example_dags/example_branch_operator_decorator.py
[2026-09-17T18:59:04.297+0000] {logging_mixin.py:190} INFO - [2026-09-17T18:59:04.297+0000] {dag.py:3239} INFO - Sync 1 DAGs
[2026-09-17T18:59:04.329+0000] {logging_mixin.py:190} INFO - [2026-09-17T18:59:04.328+0000] {dag.py:4180} INFO - Setting next_dagrun for example_branch_python_operator_decorator to 2026-09-16 00:00:00+00:00, run_after=2026-09-17 00:00:00+00:00
[2026-09-17T18:59:04.355+0000] {processor.py:208} INFO - Processing /home/airflow/.local/lib/python3.12/site-packages/airflow/example_dags/example_branch_operator_decorator.py took 0.138 seconds
[2026-09-17T18:59:36.558+0000] {processor.py:186} INFO - Started process (PID=1161) to work on /home/airflow/.local/lib/python3.12/site-packages/airflow/example_dags/example_branch_operator_decorator.py
[2026-09-17T18:59:36.562+0000] {processor.py:914} INFO - Processing file /home/airflow/.local/lib/python3.12/site-packages/airflow/example_dags/example_branch_operator_decorator.py for tasks to queue
[2026-09-17T18:59:36.567+0000] {logging_mixin.py:190} INFO - [2026-09-17T18:59:36.566+0000] {dagbag.py:588} INFO - Filling up the DagBag from /home/airflow/.local/lib/python3.12/site-packages/airflow/example_dags/example_branch_operator_decorator.py
[2026-09-17T18:59:36.706+0000] {processor.py:925} INFO - DAG(s) 'example_branch_python_operator_decorator' retrieved from /home/airflow/.local/lib/python3.12/site-packages/airflow/example_dags/example_branch_operator_decorator.py
[2026-09-17T18:59:36.811+0000] {logging_mixin.py:190} INFO - [2026-09-17T18:59:36.811+0000] {dag.py:3239} INFO - Sync 1 DAGs
[2026-09-17T18:59:36.868+0000] {logging_mixin.py:190} INFO - [2026-09-17T18:59:36.867+0000] {dag.py:4180} INFO - Setting next_dagrun for example_branch_python_operator_decorator to 2026-09-16 00:00:00+00:00, run_after=2026-09-17 00:00:00+00:00
[2026-09-17T18:59:36.904+0000] {processor.py:208} INFO - Processing /home/airflow/.local/lib/python3.12/site-packages/airflow/example_dags/example_branch_operator_decorator.py took 0.366 seconds
[2026-09-17T19:00:07.702+0000] {processor.py:186} INFO - Started process (PID=1226) to work on /home/airflow/.local/lib/python3.12/site-packages/airflow/example_dags/example_branch_operator_decorator.py
[2026-09-17T19:00:07.704+0000] {processor.py:914} INFO - Processing file /home/airflow/.local/lib/python3.12/site-packages/airflow/example_dags/example_branch_operator_decorator.py for tasks to queue
[2026-09-17T19:00:07.707+0000] {logging_mixin.py:190} INFO - [2026-09-17T19:00:07.706+0000] {dagbag.py:588} INFO - Filling up the DagBag from /home/airflow/.local/lib/python3.12/site-packages/airflow/example_dags/example_branch_operator_decorator.py
[2026-09-17T19:00:07.729+0000] {processor.py:925} INFO - DAG(s) 'example_branch_python_operator_decorator' retrieved from /home/airflow/.local/lib/python3.12/site-packages/airflow/example_dags/example_branch_operator_decorator.py
[2026-09-17T19:00:07.764+0000] {logging_mixin.py:190} INFO - [2026-09-17T19:00:07.763+0000] {dag.py:3239} INFO - Sync 1 DAGs
[2026-09-17T19:00:07.791+0000] {logging_mixin.py:190} INFO - [2026-09-17T19:00:07.791+0000] {dag.py:4180} INFO - Setting next_dagrun for example_branch_python_operator_decorator to 2026-09-16 00:00:00+00:00, run_after=2026-09-17 00:00:00+00:00
[2026-09-17T19:00:07.815+0000] {processor.py:208} INFO - Processing /home/airflow/.local/lib/python3.12/site-packages/airflow/example_dags/example_branch_operator_decorator.py took 0.119 seconds
[2026-09-17T19:00:37.985+0000] {processor.py:186} INFO - Started process (PID=1291) to work on /home/airflow/.local/lib/python3.12/site-packages/airflow/example_dags/example_branch_operator_decorator.py
[2026-09-17T19:00:37.987+0000] {processor.py:914} INFO - Processing file /home/airflow/.local/lib/python3.12/site-packages/airflow/example_dags/example_branch_operator_decorator.py for tasks to queue
[2026-09-17T19:00:37.988+0000] {logging_mixin.py:190} INFO - [2026-09-17T19:00:37.988+0000] {dagbag.py:588} INFO - Filling up the DagBag from /home/airflow/.local/lib/python3.12/site-packages/airflow/example_dags/example_branch_operator_decorator.py
[2026-09-17T19:00:38.008+0000] {processor.py:925} INFO - DAG(s) 'example_branch_python_operator_decorator' retrieved from /home/airflow/.local/lib/python3.12/site-packages/airflow/example_dags/example_branch_operator_decorator.py
[2026-09-17T19:00:38.039+0000] {logging_mixin.py:190} INFO - [2026-09-17T19:00:38.039+0000] {dag.py:3239} INFO - Sync 1 DAGs
[2026-09-17T19:00:38.064+0000] {logging_mixin.py:190} INFO - [2026-09-17T19:00:38.063+0000] {dag.py:4180} INFO - Setting next_dagrun for example_branch_python_operator_decorator to 2026-09-16 00:00:00+00:00, run_after=2026-09-17 00:00:00+00:00
[2026-09-17T19:00:38.086+0000] {processor.py:208} INFO - Processing /home/airflow/.local/lib/python3.12/site-packages/airflow/example_dags/example_branch_operator_decorator.py took 0.107 seconds
[2026-09-17T19:01:08.644+0000] {processor.py:186} INFO - Started process (PID=1356) to work on /home/airflow/.local/lib/python3.12/site-packages/airflow/example_dags/example_branch_operator_decorator.py
[2026-09-17T19:01:08.646+0000] {processor.py:914} INFO - Processing file /home/airflow/.local/lib/python3.12/site-packages/airflow/example_dags/example_branch_operator_decorator.py for tasks to queue
[2026-09-17T19:01:08.648+0000] {logging_mixin.py:190} INFO - [2026-09-17T19:01:08.647+0000] {dagbag.py:588} INFO - Filling up the DagBag from /home/airflow/.local/lib/python3.12/site-packages/airflow/example_dags/example_branch_operator_decorator.py
[2026-09-17T19:01:08.669+0000] {processor.py:925} INFO - DAG(s) 'example_branch_python_operator_decorator' retrieved from /home/airflow/.local/lib/python3.12/site-packages/airflow/example_dags/example_branch_operator_decorator.py
[2026-09-17T19:01:08.704+0000] {logging_mixin.py:190} INFO - [2026-09-17T19:01:08.703+0000] {dag.py:3239} INFO - Sync 1 DAGs
[2026-09-17T19:01:08.726+0000] {logging_mixin.py:190} INFO - [2026-09-17T19:01:08.725+0000] {dag.py:4180} INFO - Setting next_dagrun for example_branch_python_operator_decorator to 2026-09-16 00:00:00+00:00, run_after=2026-09-17 00:00:00+00:00
[2026-09-17T19:01:08.751+0000] {processor.py:208} INFO - Processing /home/airflow/.local/lib/python3.12/site-packages/airflow/example_dags/example_branch_operator_decorator.py took 0.112 seconds
[2026-09-17T19:01:39.122+0000] {processor.py:186} INFO - Started process (PID=1421) to work on /home/airflow/.local/lib/python3.12/site-packages/airflow/example_dags/example_branch_operator_decorator.py
[2026-09-17T19:01:39.126+0000] {processor.py:914} INFO - Processing file /home/airflow/.local/lib/python3.12/site-packages/airflow/example_dags/example_branch_operator_decorator.py for tasks to queue
[2026-09-17T19:01:39.131+0000] {logging_mixin.py:190} INFO - [2026-09-17T19:01:39.130+0000] {dagbag.py:588} INFO - Filling up the DagBag from /home/airflow/.local/lib/python3.12/site-packages/airflow/example_dags/example_branch_operator_decorator.py
[2026-09-17T19:01:39.166+0000] {processor.py:925} INFO - DAG(s) 'example_branch_python_operator_decorator' retrieved from /home/airflow/.local/lib/python3.12/site-packages/airflow/example_dags/example_branch_operator_decorator.py
[2026-09-17T19:01:39.222+0000] {logging_mixin.py:190} INFO - [2026-09-17T19:01:39.222+0000] {dag.py:3239} INFO - Sync 1 DAGs
[2026-09-17T19:01:39.263+0000] {logging_mixin.py:190} INFO - [2026-09-17T19:01:39.263+0000] {dag.py:4180} INFO - Setting next_dagrun for example_branch_python_operator_decorator to 2026-09-16 00:00:00+00:00, run_after=2026-09-17 00:00:00+00:00
[2026-09-17T19:01:39.306+0000] {processor.py:208} INFO - Processing /home/airflow/.local/lib/python3.12/site-packages/airflow/example_dags/example_branch_operator_decorator.py took 0.202 seconds
[2026-09-17T19:02:09.638+0000] {processor.py:186} INFO - Started process (PID=1478) to work on /home/airflow/.local/lib/python3.12/site-packages/airflow/example_dags/example_branch_operator_decorator.py
[2026-09-17T19:02:09.642+0000] {processor.py:914} INFO - Processing file /home/airflow/.local/lib/python3.12/site-packages/airflow/example_dags/example_branch_operator_decorator.py for tasks to queue
[2026-09-17T19:02:09.646+0000] {logging_mixin.py:190} INFO - [2026-09-17T19:02:09.645+0000] {dagbag.py:588} INFO - Filling up the DagBag from /home/airflow/.local/lib/python3.12/site-packages/airflow/example_dags/example_branch_operator_decorator.py
[2026-09-17T19:02:09.684+0000] {processor.py:925} INFO - DAG(s) 'example_branch_python_operator_decorator' retrieved from /home/airflow/.local/lib/python3.12/site-packages/airflow/example_dags/example_branch_operator_decorator.py
[2026-09-17T19:02:09.734+0000] {logging_mixin.py:190} INFO - [2026-09-17T19:02:09.734+0000] {dag.py:3239} INFO - Sync 1 DAGs
[2026-09-17T19:02:09.772+0000] {logging_mixin.py:190} INFO - [2026-09-17T19:02:09.771+0000] {dag.py:4180} INFO - Setting next_dagrun for example_branch_python_operator_decorator to 2026-09-16 00:00:00+00:00, run_after=2026-09-17 00:00:00+00:00
[2026-09-17T19:02:09.807+0000] {processor.py:208} INFO - Processing /home/airflow/.local/lib/python3.12/site-packages/airflow/example_dags/example_branch_operator_decorator.py took 0.178 seconds
[2026-09-17T19:02:40.091+0000] {processor.py:186} INFO - Started process (PID=1543) to work on /home/airflow/.local/lib/python3.12/site-packages/airflow/example_dags/example_branch_operator_decorator.py
[2026-09-17T19:02:40.093+0000] {processor.py:914} INFO - Processing file /home/airflow/.local/lib/python3.12/site-packages/airflow/example_dags/example_branch_operator_decorator.py for tasks to queue
[2026-09-17T19:02:40.095+0000] {logging_mixin.py:190} INFO - [2026-09-17T19:02:40.095+0000] {dagbag.py:588} INFO - Filling up the DagBag from /home/airflow/.local/lib/python3.12/site-packages/airflow/example_dags/example_branch_operator_decorator.py
[2026-09-17T19:02:40.116+0000] {processor.py:925} INFO - DAG(s) 'example_branch_python_operator_decorator' retrieved from /home/airflow/.local/lib/python3.12/site-packages/airflow/example_dags/example_branch_operator_decorator.py
[2026-09-17T19:02:40.150+0000] {logging_mixin.py:190} INFO - [2026-09-17T19:02:40.150+0000] {dag.py:3239} INFO - Sync 1 DAGs
[2026-09-17T19:02:40.178+0000] {logging_mixin.py:190} INFO - [2026-09-17T19:02:40.178+0000] {dag.py:4180} INFO - Setting next_dagrun for example_branch_python_operator_decorator to 2026-09-16 00:00:00+00:00, run_after=2026-09-17 00:00:00+00:00
[2026-09-17T19:02:40.203+0000] {processor.py:208} INFO - Processing /home/airflow/.local/lib/python3.12/site-packages/airflow/example_dags/example_branch_operator_decorator.py took 0.118 seconds
[2026-09-17T19:03:10.437+0000] {processor.py:186} INFO - Started process (PID=1608) to work on /home/airflow/.local/lib/python3.12/site-packages/airflow/example_dags/example_branch_operator_decorator.py
[2026-09-17T19:03:10.440+0000] {processor.py:914} INFO - Processing file /home/airflow/.local/lib/python3.12/site-packages/airflow/example_dags/example_branch_operator_decorator.py for tasks to queue
[2026-09-17T19:03:10.442+0000] {logging_mixin.py:190} INFO - [2026-09-17T19:03:10.442+0000] {dagbag.py:588} INFO - Filling up the DagBag from /home/airflow/.local/lib/python3.12/site-packages/airflow/example_dags/example_branch_operator_decorator.py
[2026-09-17T19:03:10.470+0000] {processor.py:925} INFO - DAG(s) 'example_branch_python_operator_decorator' retrieved from /home/airflow/.local/lib/python3.12/site-packages/airflow/example_dags/example_branch_operator_decorator.py
[2026-09-17T19:03:10.509+0000] {logging_mixin.py:190} INFO - [2026-09-17T19:03:10.508+0000] {dag.py:3239} INFO - Sync 1 DAGs
[2026-09-17T19:03:10.541+0000] {logging_mixin.py:190} INFO - [2026-09-17T19:03:10.541+0000] {dag.py:4180} INFO - Setting next_dagrun for example_branch_python_operator_decorator to 2026-09-16 00:00:00+00:00, run_after=2026-09-17 00:00:00+00:00
[2026-09-17T19:03:10.571+0000] {processor.py:208} INFO - Processing /home/airflow/.local/lib/python3.12/site-packages/airflow/example_dags/example_branch_operator_decorator.py took 0.141 seconds
[2026-09-17T19:03:41.391+0000] {processor.py:186} INFO - Started process (PID=1673) to work on /home/airflow/.local/lib/python3.12/site-packages/airflow/example_dags/example_branch_operator_decorator.py
[2026-09-17T19:03:41.393+0000] {processor.py:914} INFO - Processing file /home/airflow/.local/lib/python3.12/site-packages/airflow/example_dags/example_branch_operator_decorator.py for tasks to queue
[2026-09-17T19:03:41.396+0000] {logging_mixin.py:190} INFO - [2026-09-17T19:03:41.396+0000] {dagbag.py:588} INFO - Filling up the DagBag from /home/airflow/.local/lib/python3.12/site-packages/airflow/example_dags/example_branch_operator_decorator.py
[2026-09-17T19:03:41.420+0000] {processor.py:925} INFO - DAG(s) 'example_branch_python_operator_decorator' retrieved from /home/airflow/.local/lib/python3.12/site-packages/airflow/example_dags/example_branch_operator_decorator.py
[2026-09-17T19:03:41.478+0000] {logging_mixin.py:190} INFO - [2026-09-17T19:03:41.477+0000] {dag.py:3239} INFO - Sync 1 DAGs
[2026-09-17T19:03:41.518+0000] {logging_mixin.py:190} INFO - [2026-09-17T19:03:41.517+0000] {dag.py:4180} INFO - Setting next_dagrun for example_branch_python_operator_decorator to 2026-09-16 00:00:00+00:00, run_after=2026-09-17 00:00:00+00:00
[2026-09-17T19:03:41.549+0000] {processor.py:208} INFO - Processing /home/airflow/.local/lib/python3.12/site-packages/airflow/example_dags/example_branch_operator_decorator.py took 0.164 seconds
[2026-09-17T19:04:11.735+0000] {processor.py:186} INFO - Started process (PID=1738) to work on /home/airflow/.local/lib/python3.12/site-packages/airflow/example_dags/example_branch_operator_decorator.py
[2026-09-17T19:04:11.738+0000] {processor.py:914} INFO - Processing file /home/airflow/.local/lib/python3.12/site-packages/airflow/example_dags/example_branch_operator_decorator.py for tasks to queue
[2026-09-17T19:04:11.740+0000] {logging_mixin.py:190} INFO - [2026-09-17T19:04:11.740+0000] {dagbag.py:588} INFO - Filling up the DagBag from /home/airflow/.local/lib/python3.12/site-packages/airflow/example_dags/example_branch_operator_decorator.py
[2026-09-17T19:04:11.767+0000] {processor.py:925} INFO - DAG(s) 'example_branch_python_operator_decorator' retrieved from /home/airflow/.local/lib/python3.12/site-packages/airflow/example_dags/example_branch_operator_decorator.py
[2026-09-17T19:04:11.803+0000] {logging_mixin.py:190} INFO - [2026-09-17T19:04:11.803+0000] {dag.py:3239} INFO - Sync 1 DAGs
[2026-09-17T19:04:11.828+0000] {logging_mixin.py:190} INFO - [2026-09-17T19:04:11.828+0000] {dag.py:4180} INFO - Setting next_dagrun for example_branch_python_operator_decorator to 2026-09-16 00:00:00+00:00, run_after=2026-09-17 00:00:00+00:00
[2026-09-17T19:04:11.852+0000] {processor.py:208} INFO - Processing /home/airflow/.local/lib/python3.12/site-packages/airflow/example_dags/example_branch_operator_decorator.py took 0.123 seconds
[2026-09-17T19:04:42.169+0000] {processor.py:186} INFO - Started process (PID=1804) to work on /home/airflow/.local/lib/python3.12/site-packages/airflow/example_dags/example_branch_operator_decorator.py
[2026-09-17T19:04:42.171+0000] {processor.py:914} INFO - Processing file /home/airflow/.local/lib/python3.12/site-packages/airflow/example_dags/example_branch_operator_decorator.py for tasks to queue
[2026-09-17T19:04:42.174+0000] {logging_mixin.py:190} INFO - [2026-09-17T19:04:42.173+0000] {dagbag.py:588} INFO - Filling up the DagBag from /home/airflow/.local/lib/python3.12/site-packages/airflow/example_dags/example_branch_operator_decorator.py
[2026-09-17T19:04:42.196+0000] {processor.py:925} INFO - DAG(s) 'example_branch_python_operator_decorator' retrieved from /home/airflow/.local/lib/python3.12/site-packages/airflow/example_dags/example_branch_operator_decorator.py
[2026-09-17T19:04:42.231+0000] {logging_mixin.py:190} INFO - [2026-09-17T19:04:42.231+0000] {dag.py:3239} INFO - Sync 1 DAGs
[2026-09-17T19:04:42.254+0000] {logging_mixin.py:190} INFO - [2026-09-17T19:04:42.254+0000] {dag.py:4180} INFO - Setting next_dagrun for example_branch_python_operator_decorator to 2026-09-16 00:00:00+00:00, run_after=2026-09-17 00:00:00+00:00
[2026-09-17T19:04:42.275+0000] {processor.py:208} INFO - Processing /home/airflow/.local/lib/python3.12/site-packages/airflow/example_dags/example_branch_operator_decorator.py took 0.112 seconds
[2026-09-17T19:05:12.389+0000] {processor.py:186} INFO - Started process (PID=1869) to work on /home/airflow/.local/lib/python3.12/site-packages/airflow/example_dags/example_branch_operator_decorator.py
[2026-09-17T19:05:12.391+0000] {processor.py:914} INFO - Processing file /home/airflow/.local/lib/python3.12/site-packages/airflow/example_dags/example_branch_operator_decorator.py for tasks to queue
[2026-09-17T19:05:12.394+0000] {logging_mixin.py:190} INFO - [2026-09-17T19:05:12.393+0000] {dagbag.py:588} INFO - Filling up the DagBag from /home/airflow/.local/lib/python3.12/site-packages/airflow/example_dags/example_branch_operator_decorator.py
[2026-09-17T19:05:12.419+0000] {processor.py:925} INFO - DAG(s) 'example_branch_python_operator_decorator' retrieved from /home/airflow/.local/lib/python3.12/site-packages/airflow/example_dags/example_branch_operator_decorator.py
[2026-09-17T19:05:12.459+0000] {logging_mixin.py:190} INFO - [2026-09-17T19:05:12.458+0000] {dag.py:3239} INFO - Sync 1 DAGs
[2026-09-17T19:05:12.495+0000] {logging_mixin.py:190} INFO - [2026-09-17T19:05:12.494+0000] {dag.py:4180} INFO - Setting next_dagrun for example_branch_python_operator_decorator to 2026-09-16 00:00:00+00:00, run_after=2026-09-17 00:00:00+00:00
[2026-09-17T19:05:12.526+0000] {processor.py:208} INFO - Processing /home/airflow/.local/lib/python3.12/site-packages/airflow/example_dags/example_branch_operator_decorator.py took 0.145 seconds
[2026-09-17T19:05:43.038+0000] {processor.py:186} INFO - Started process (PID=1934) to work on /home/airflow/.local/lib/python3.12/site-packages/airflow/example_dags/example_branch_operator_decorator.py
[2026-09-17T19:05:43.040+0000] {processor.py:914} INFO - Processing file /home/airflow/.local/lib/python3.12/site-packages/airflow/example_dags/example_branch_operator_decorator.py for tasks to queue
[2026-09-17T19:05:43.042+0000] {logging_mixin.py:190} INFO - [2026-09-17T19:05:43.042+0000] {dagbag.py:588} INFO - Filling up the DagBag from /home/airflow/.local/lib/python3.12/site-packages/airflow/example_dags/example_branch_operator_decorator.py
[2026-09-17T19:05:43.064+0000] {processor.py:925} INFO - DAG(s) 'example_branch_python_operator_decorator' retrieved from /home/airflow/.local/lib/python3.12/site-packages/airflow/example_dags/example_branch_operator_decorator.py
[2026-09-17T19:05:43.098+0000] {logging_mixin.py:190} INFO - [2026-09-17T19:05:43.098+0000] {dag.py:3239} INFO - Sync 1 DAGs
[2026-09-17T19:05:43.123+0000] {logging_mixin.py:190} INFO - [2026-09-17T19:05:43.123+0000] {dag.py:4180} INFO - Setting next_dagrun for example_branch_python_operator_decorator to 2026-09-16 00:00:00+00:00, run_after=2026-09-17 00:00:00+00:00
[2026-09-17T19:05:43.148+0000] {processor.py:208} INFO - Processing /home/airflow/.local/lib/python3.12/site-packages/airflow/example_dags/example_branch_operator_decorator.py took 0.116 seconds
[2026-09-17T19:06:13.585+0000] {processor.py:186} INFO - Started process (PID=1998) to work on /home/airflow/.local/lib/python3.12/site-packages/airflow/example_dags/example_branch_operator_decorator.py
[2026-09-17T19:06:13.588+0000] {processor.py:914} INFO - Processing file /home/airflow/.local/lib/python3.12/site-packages/airflow/example_dags/example_branch_operator_decorator.py for tasks to queue
[2026-09-17T19:06:13.590+0000] {logging_mixin.py:190} INFO - [2026-09-17T19:06:13.590+0000] {dagbag.py:588} INFO - Filling up the DagBag from /home/airflow/.local/lib/python3.12/site-packages/airflow/example_dags/example_branch_operator_decorator.py
[2026-09-17T19:06:13.622+0000] {processor.py:925} INFO - DAG(s) 'example_branch_python_operator_decorator' retrieved from /home/airflow/.local/lib/python3.12/site-packages/airflow/example_dags/example_branch_operator_decorator.py
[2026-09-17T19:06:13.663+0000] {logging_mixin.py:190} INFO - [2026-09-17T19:06:13.663+0000] {dag.py:3239} INFO - Sync 1 DAGs
[2026-09-17T19:06:13.694+0000] {logging_mixin.py:190} INFO - [2026-09-17T19:06:13.694+0000] {dag.py:4180} INFO - Setting next_dagrun for example_branch_python_operator_decorator to 2026-09-16 00:00:00+00:00, run_after=2026-09-17 00:00:00+00:00
[2026-09-17T19:06:13.719+0000] {processor.py:208} INFO - Processing /home/airflow/.local/lib/python3.12/site-packages/airflow/example_dags/example_branch_operator_decorator.py took 0.141 seconds
[2026-09-17T19:06:44.350+0000] {processor.py:186} INFO - Started process (PID=2062) to work on /home/airflow/.local/lib/python3.12/site-packages/airflow/example_dags/example_branch_operator_decorator.py
[2026-09-17T19:06:44.352+0000] {processor.py:914} INFO - Processing file /home/airflow/.local/lib/python3.12/site-packages/airflow/example_dags/example_branch_operator_decorator.py for tasks to queue
[2026-09-17T19:06:44.355+0000] {logging_mixin.py:190} INFO - [2026-09-17T19:06:44.355+0000] {dagbag.py:588} INFO - Filling up the DagBag from /home/airflow/.local/lib/python3.12/site-packages/airflow/example_dags/example_branch_operator_decorator.py
[2026-09-17T19:06:44.381+0000] {processor.py:925} INFO - DAG(s) 'example_branch_python_operator_decorator' retrieved from /home/airflow/.local/lib/python3.12/site-packages/airflow/example_dags/example_branch_operator_decorator.py
[2026-09-17T19:06:44.422+0000] {logging_mixin.py:190} INFO - [2026-09-17T19:06:44.421+0000] {dag.py:3239} INFO - Sync 1 DAGs
[2026-09-17T19:06:44.459+0000] {logging_mixin.py:190} INFO - [2026-09-17T19:06:44.458+0000] {dag.py:4180} INFO - Setting next_dagrun for example_branch_python_operator_decorator to 2026-09-16 00:00:00+00:00, run_after=2026-09-17 00:00:00+00:00
[2026-09-17T19:06:44.497+0000] {processor.py:208} INFO - Processing /home/airflow/.local/lib/python3.12/site-packages/airflow/example_dags/example_branch_operator_decorator.py took 0.154 seconds
[2026-09-17T19:07:14.582+0000] {processor.py:186} INFO - Started process (PID=2120) to work on /home/airflow/.local/lib/python3.12/site-packages/airflow/example_dags/example_branch_operator_decorator.py
[2026-09-17T19:07:14.585+0000] {processor.py:914} INFO - Processing file /home/airflow/.local/lib/python3.12/site-packages/airflow/example_dags/example_branch_operator_decorator.py for tasks to queue
[2026-09-17T19:07:14.589+0000] {logging_mixin.py:190} INFO - [2026-09-17T19:07:14.589+0000] {dagbag.py:588} INFO - Filling up the DagBag from /home/airflow/.local/lib/python3.12/site-packages/airflow/example_dags/example_branch_operator_decorator.py
[2026-09-17T19:07:14.625+0000] {processor.py:925} INFO - DAG(s) 'example_branch_python_operator_decorator' retrieved from /home/airflow/.local/lib/python3.12/site-packages/airflow/example_dags/example_branch_operator_decorator.py
[2026-09-17T19:07:14.668+0000] {logging_mixin.py:190} INFO - [2026-09-17T19:07:14.668+0000] {dag.py:3239} INFO - Sync 1 DAGs
[2026-09-17T19:07:14.700+0000] {logging_mixin.py:190} INFO - [2026-09-17T19:07:14.699+0000] {dag.py:4180} INFO - Setting next_dagrun for example_branch_python_operator_decorator to 2026-09-16 00:00:00+00:00, run_after=2026-09-17 00:00:00+00:00
[2026-09-17T19:07:14.724+0000] {processor.py:208} INFO - Processing /home/airflow/.local/lib/python3.12/site-packages/airflow/example_dags/example_branch_operator_decorator.py took 0.149 seconds
[2026-09-17T19:07:45.236+0000] {processor.py:186} INFO - Started process (PID=2185) to work on /home/airflow/.local/lib/python3.12/site-packages/airflow/example_dags/example_branch_operator_decorator.py
[2026-09-17T19:07:45.238+0000] {processor.py:914} INFO - Processing file /home/airflow/.local/lib/python3.12/site-packages/airflow/example_dags/example_branch_operator_decorator.py for tasks to queue
[2026-09-17T19:07:45.241+0000] {logging_mixin.py:190} INFO - [2026-09-17T19:07:45.241+0000] {dagbag.py:588} INFO - Filling up the DagBag from /home/airflow/.local/lib/python3.12/site-packages/airflow/example_dags/example_branch_operator_decorator.py
[2026-09-17T19:07:45.272+0000] {processor.py:925} INFO - DAG(s) 'example_branch_python_operator_decorator' retrieved from /home/airflow/.local/lib/python3.12/site-packages/airflow/example_dags/example_branch_operator_decorator.py
[2026-09-17T19:07:45.324+0000] {logging_mixin.py:190} INFO - [2026-09-17T19:07:45.323+0000] {dag.py:3239} INFO - Sync 1 DAGs
[2026-09-17T19:07:45.355+0000] {logging_mixin.py:190} INFO - [2026-09-17T19:07:45.354+0000] {dag.py:4180} INFO - Setting next_dagrun for example_branch_python_operator_decorator to 2026-09-16 00:00:00+00:00, run_after=2026-09-17 00:00:00+00:00
[2026-09-17T19:07:45.399+0000] {processor.py:208} INFO - Processing /home/airflow/.local/lib/python3.12/site-packages/airflow/example_dags/example_branch_operator_decorator.py took 0.173 seconds
[2026-09-17T19:08:16.383+0000] {processor.py:186} INFO - Started process (PID=2250) to work on /home/airflow/.local/lib/python3.12/site-packages/airflow/example_dags/example_branch_operator_decorator.py
[2026-09-17T19:08:16.384+0000] {processor.py:914} INFO - Processing file /home/airflow/.local/lib/python3.12/site-packages/airflow/example_dags/example_branch_operator_decorator.py for tasks to queue
[2026-09-17T19:08:16.386+0000] {logging_mixin.py:190} INFO - [2026-09-17T19:08:16.386+0000] {dagbag.py:588} INFO - Filling up the DagBag from /home/airflow/.local/lib/python3.12/site-packages/airflow/example_dags/example_branch_operator_decorator.py
[2026-09-17T19:08:16.409+0000] {processor.py:925} INFO - DAG(s) 'example_branch_python_operator_decorator' retrieved from /home/airflow/.local/lib/python3.12/site-packages/airflow/example_dags/example_branch_operator_decorator.py
[2026-09-17T19:08:16.444+0000] {logging_mixin.py:190} INFO - [2026-09-17T19:08:16.443+0000] {dag.py:3239} INFO - Sync 1 DAGs
[2026-09-17T19:08:16.474+0000] {logging_mixin.py:190} INFO - [2026-09-17T19:08:16.474+0000] {dag.py:4180} INFO - Setting next_dagrun for example_branch_python_operator_decorator to 2026-09-16 00:00:00+00:00, run_after=2026-09-17 00:00:00+00:00
[2026-09-17T19:08:16.500+0000] {processor.py:208} INFO - Processing /home/airflow/.local/lib/python3.12/site-packages/airflow/example_dags/example_branch_operator_decorator.py took 0.123 seconds
[2026-09-17T19:08:47.320+0000] {processor.py:186} INFO - Started process (PID=2315) to work on /home/airflow/.local/lib/python3.12/site-packages/airflow/example_dags/example_branch_operator_decorator.py
[2026-09-17T19:08:47.322+0000] {processor.py:914} INFO - Processing file /home/airflow/.local/lib/python3.12/site-packages/airflow/example_dags/example_branch_operator_decorator.py for tasks to queue
[2026-09-17T19:08:47.325+0000] {logging_mixin.py:190} INFO - [2026-09-17T19:08:47.324+0000] {dagbag.py:588} INFO - Filling up the DagBag from /home/airflow/.local/lib/python3.12/site-packages/airflow/example_dags/example_branch_operator_decorator.py
[2026-09-17T19:08:47.352+0000] {processor.py:925} INFO - DAG(s) 'example_branch_python_operator_decorator' retrieved from /home/airflow/.local/lib/python3.12/site-packages/airflow/example_dags/example_branch_operator_decorator.py
[2026-09-17T19:08:47.388+0000] {logging_mixin.py:190} INFO - [2026-09-17T19:08:47.388+0000] {dag.py:3239} INFO - Sync 1 DAGs
[2026-09-17T19:08:47.413+0000] {logging_mixin.py:190} INFO - [2026-09-17T19:08:47.413+0000] {dag.py:4180} INFO - Setting next_dagrun for example_branch_python_operator_decorator to 2026-09-16 00:00:00+00:00, run_after=2026-09-17 00:00:00+00:00
[2026-09-17T19:08:47.438+0000] {processor.py:208} INFO - Processing /home/airflow/.local/lib/python3.12/site-packages/airflow/example_dags/example_branch_operator_decorator.py took 0.125 seconds
[2026-09-17T19:09:17.690+0000] {processor.py:186} INFO - Started process (PID=2380) to work on /home/airflow/.local/lib/python3.12/site-packages/airflow/example_dags/example_branch_operator_decorator.py
[2026-09-17T19:09:17.692+0000] {processor.py:914} INFO - Processing file /home/airflow/.local/lib/python3.12/site-packages/airflow/example_dags/example_branch_operator_decorator.py for tasks to queue
[2026-09-17T19:09:17.694+0000] {logging_mixin.py:190} INFO - [2026-09-17T19:09:17.694+0000] {dagbag.py:588} INFO - Filling up the DagBag from /home/airflow/.local/lib/python3.12/site-packages/airflow/example_dags/example_branch_operator_decorator.py
[2026-09-17T19:09:17.714+0000] {processor.py:925} INFO - DAG(s) 'example_branch_python_operator_decorator' retrieved from /home/airflow/.local/lib/python3.12/site-packages/airflow/example_dags/example_branch_operator_decorator.py
[2026-09-17T19:09:17.746+0000] {logging_mixin.py:190} INFO - [2026-09-17T19:09:17.746+0000] {dag.py:3239} INFO - Sync 1 DAGs
[2026-09-17T19:09:17.770+0000] {logging_mixin.py:190} INFO - [2026-09-17T19:09:17.769+0000] {dag.py:4180} INFO - Setting next_dagrun for example_branch_python_operator_decorator to 2026-09-16 00:00:00+00:00, run_after=2026-09-17 00:00:00+00:00
[2026-09-17T19:09:17.791+0000] {processor.py:208} INFO - Processing /home/airflow/.local/lib/python3.12/site-packages/airflow/example_dags/example_branch_operator_decorator.py took 0.108 seconds
[2026-09-17T19:09:48.650+0000] {processor.py:186} INFO - Started process (PID=2445) to work on /home/airflow/.local/lib/python3.12/site-packages/airflow/example_dags/example_branch_operator_decorator.py
[2026-09-17T19:09:48.651+0000] {processor.py:914} INFO - Processing file /home/airflow/.local/lib/python3.12/site-packages/airflow/example_dags/example_branch_operator_decorator.py for tasks to queue
[2026-09-17T19:09:48.654+0000] {logging_mixin.py:190} INFO - [2026-09-17T19:09:48.653+0000] {dagbag.py:588} INFO - Filling up the DagBag from /home/airflow/.local/lib/python3.12/site-packages/airflow/example_dags/example_branch_operator_decorator.py
[2026-09-17T19:09:48.674+0000] {processor.py:925} INFO - DAG(s) 'example_branch_python_operator_decorator' retrieved from /home/airflow/.local/lib/python3.12/site-packages/airflow/example_dags/example_branch_operator_decorator.py
[2026-09-17T19:09:48.708+0000] {logging_mixin.py:190} INFO - [2026-09-17T19:09:48.708+0000] {dag.py:3239} INFO - Sync 1 DAGs
[2026-09-17T19:09:48.738+0000] {logging_mixin.py:190} INFO - [2026-09-17T19:09:48.737+0000] {dag.py:4180} INFO - Setting next_dagrun for example_branch_python_operator_decorator to 2026-09-16 00:00:00+00:00, run_after=2026-09-17 00:00:00+00:00
[2026-09-17T19:09:48.767+0000] {processor.py:208} INFO - Processing /home/airflow/.local/lib/python3.12/site-packages/airflow/example_dags/example_branch_operator_decorator.py took 0.123 seconds
[2026-09-17T19:10:20.778+0000] {processor.py:186} INFO - Started process (PID=2508) to work on /home/airflow/.local/lib/python3.12/site-packages/airflow/example_dags/example_branch_operator_decorator.py
[2026-09-17T19:10:20.780+0000] {processor.py:914} INFO - Processing file /home/airflow/.local/lib/python3.12/site-packages/airflow/example_dags/example_branch_operator_decorator.py for tasks to queue
[2026-09-17T19:10:20.783+0000] {logging_mixin.py:190} INFO - [2026-09-17T19:10:20.782+0000] {dagbag.py:588} INFO - Filling up the DagBag from /home/airflow/.local/lib/python3.12/site-packages/airflow/example_dags/example_branch_operator_decorator.py
[2026-09-17T19:10:20.804+0000] {processor.py:925} INFO - DAG(s) 'example_branch_python_operator_decorator' retrieved from /home/airflow/.local/lib/python3.12/site-packages/airflow/example_dags/example_branch_operator_decorator.py
[2026-09-17T19:10:20.840+0000] {logging_mixin.py:190} INFO - [2026-09-17T19:10:20.839+0000] {dag.py:3239} INFO - Sync 1 DAGs
[2026-09-17T19:10:20.863+0000] {logging_mixin.py:190} INFO - [2026-09-17T19:10:20.863+0000] {dag.py:4180} INFO - Setting next_dagrun for example_branch_python_operator_decorator to 2026-09-16 00:00:00+00:00, run_after=2026-09-17 00:00:00+00:00
[2026-09-17T19:10:20.885+0000] {processor.py:208} INFO - Processing /home/airflow/.local/lib/python3.12/site-packages/airflow/example_dags/example_branch_operator_decorator.py took 0.113 seconds
[2026-09-17T19:10:51.113+0000] {processor.py:186} INFO - Started process (PID=2573) to work on /home/airflow/.local/lib/python3.12/site-packages/airflow/example_dags/example_branch_operator_decorator.py
[2026-09-17T19:10:51.115+0000] {processor.py:914} INFO - Processing file /home/airflow/.local/lib/python3.12/site-packages/airflow/example_dags/example_branch_operator_decorator.py for tasks to queue
[2026-09-17T19:10:51.117+0000] {logging_mixin.py:190} INFO - [2026-09-17T19:10:51.117+0000] {dagbag.py:588} INFO - Filling up the DagBag from /home/airflow/.local/lib/python3.12/site-packages/airflow/example_dags/example_branch_operator_decorator.py
[2026-09-17T19:10:51.145+0000] {processor.py:925} INFO - DAG(s) 'example_branch_python_operator_decorator' retrieved from /home/airflow/.local/lib/python3.12/site-packages/airflow/example_dags/example_branch_operator_decorator.py
[2026-09-17T19:10:51.194+0000] {logging_mixin.py:190} INFO - [2026-09-17T19:10:51.194+0000] {dag.py:3239} INFO - Sync 1 DAGs
[2026-09-17T19:10:51.223+0000] {logging_mixin.py:190} INFO - [2026-09-17T19:10:51.222+0000] {dag.py:4180} INFO - Setting next_dagrun for example_branch_python_operator_decorator to 2026-09-16 00:00:00+00:00, run_after=2026-09-17 00:00:00+00:00
[2026-09-17T19:10:51.247+0000] {processor.py:208} INFO - Processing /home/airflow/.local/lib/python3.12/site-packages/airflow/example_dags/example_branch_operator_decorator.py took 0.142 seconds
[2026-09-17T19:11:21.884+0000] {processor.py:186} INFO - Started process (PID=2638) to work on /home/airflow/.local/lib/python3.12/site-packages/airflow/example_dags/example_branch_operator_decorator.py
[2026-09-17T19:11:21.887+0000] {processor.py:914} INFO - Processing file /home/airflow/.local/lib/python3.12/site-packages/airflow/example_dags/example_branch_operator_decorator.py for tasks to queue
[2026-09-17T19:11:21.889+0000] {logging_mixin.py:190} INFO - [2026-09-17T19:11:21.888+0000] {dagbag.py:588} INFO - Filling up the DagBag from /home/airflow/.local/lib/python3.12/site-packages/airflow/example_dags/example_branch_operator_decorator.py
[2026-09-17T19:11:21.912+0000] {processor.py:925} INFO - DAG(s) 'example_branch_python_operator_decorator' retrieved from /home/airflow/.local/lib/python3.12/site-packages/airflow/example_dags/example_branch_operator_decorator.py
[2026-09-17T19:11:21.946+0000] {logging_mixin.py:190} INFO - [2026-09-17T19:11:21.946+0000] {dag.py:3239} INFO - Sync 1 DAGs
[2026-09-17T19:11:21.973+0000] {logging_mixin.py:190} INFO - [2026-09-17T19:11:21.972+0000] {dag.py:4180} INFO - Setting next_dagrun for example_branch_python_operator_decorator to 2026-09-16 00:00:00+00:00, run_after=2026-09-17 00:00:00+00:00
[2026-09-17T19:11:21.997+0000] {processor.py:208} INFO - Processing /home/airflow/.local/lib/python3.12/site-packages/airflow/example_dags/example_branch_operator_decorator.py took 0.119 seconds
[2026-09-17T19:11:53.327+0000] {processor.py:186} INFO - Started process (PID=2699) to work on /home/airflow/.local/lib/python3.12/site-packages/airflow/example_dags/example_branch_operator_decorator.py
[2026-09-17T19:11:53.329+0000] {processor.py:914} INFO - Processing file /home/airflow/.local/lib/python3.12/site-packages/airflow/example_dags/example_branch_operator_decorator.py for tasks to queue
[2026-09-17T19:11:53.332+0000] {logging_mixin.py:190} INFO - [2026-09-17T19:11:53.332+0000] {dagbag.py:588} INFO - Filling up the DagBag from /home/airflow/.local/lib/python3.12/site-packages/airflow/example_dags/example_branch_operator_decorator.py
[2026-09-17T19:11:53.356+0000] {processor.py:925} INFO - DAG(s) 'example_branch_python_operator_decorator' retrieved from /home/airflow/.local/lib/python3.12/site-packages/airflow/example_dags/example_branch_operator_decorator.py
[2026-09-17T19:11:53.388+0000] {logging_mixin.py:190} INFO - [2026-09-17T19:11:53.388+0000] {dag.py:3239} INFO - Sync 1 DAGs
[2026-09-17T19:11:53.414+0000] {logging_mixin.py:190} INFO - [2026-09-17T19:11:53.414+0000] {dag.py:4180} INFO - Setting next_dagrun for example_branch_python_operator_decorator to 2026-09-16 00:00:00+00:00, run_after=2026-09-17 00:00:00+00:00
[2026-09-17T19:11:53.438+0000] {processor.py:208} INFO - Processing /home/airflow/.local/lib/python3.12/site-packages/airflow/example_dags/example_branch_operator_decorator.py took 0.118 seconds
[2026-09-17T19:12:25.071+0000] {processor.py:186} INFO - Started process (PID=2764) to work on /home/airflow/.local/lib/python3.12/site-packages/airflow/example_dags/example_branch_operator_decorator.py
[2026-09-17T19:12:25.074+0000] {processor.py:914} INFO - Processing file /home/airflow/.local/lib/python3.12/site-packages/airflow/example_dags/example_branch_operator_decorator.py for tasks to queue
[2026-09-17T19:12:25.077+0000] {logging_mixin.py:190} INFO - [2026-09-17T19:12:25.077+0000] {dagbag.py:588} INFO - Filling up the DagBag from /home/airflow/.local/lib/python3.12/site-packages/airflow/example_dags/example_branch_operator_decorator.py
[2026-09-17T19:12:25.107+0000] {processor.py:925} INFO - DAG(s) 'example_branch_python_operator_decorator' retrieved from /home/airflow/.local/lib/python3.12/site-packages/airflow/example_dags/example_branch_operator_decorator.py
[2026-09-17T19:12:25.144+0000] {logging_mixin.py:190} INFO - [2026-09-17T19:12:25.144+0000] {dag.py:3239} INFO - Sync 1 DAGs
[2026-09-17T19:12:25.178+0000] {logging_mixin.py:190} INFO - [2026-09-17T19:12:25.177+0000] {dag.py:4180} INFO - Setting next_dagrun for example_branch_python_operator_decorator to 2026-09-16 00:00:00+00:00, run_after=2026-09-17 00:00:00+00:00
[2026-09-17T19:12:25.202+0000] {processor.py:208} INFO - Processing /home/airflow/.local/lib/python3.12/site-packages/airflow/example_dags/example_branch_operator_decorator.py took 0.141 seconds
[2026-09-17T19:12:56.130+0000] {processor.py:186} INFO - Started process (PID=2826) to work on /home/airflow/.local/lib/python3.12/site-packages/airflow/example_dags/example_branch_operator_decorator.py
[2026-09-17T19:12:56.134+0000] {processor.py:914} INFO - Processing file /home/airflow/.local/lib/python3.12/site-packages/airflow/example_dags/example_branch_operator_decorator.py for tasks to queue
[2026-09-17T19:12:56.138+0000] {logging_mixin.py:190} INFO - [2026-09-17T19:12:56.137+0000] {dagbag.py:588} INFO - Filling up the DagBag from /home/airflow/.local/lib/python3.12/site-packages/airflow/example_dags/example_branch_operator_decorator.py
[2026-09-17T19:12:56.176+0000] {processor.py:925} INFO - DAG(s) 'example_branch_python_operator_decorator' retrieved from /home/airflow/.local/lib/python3.12/site-packages/airflow/example_dags/example_branch_operator_decorator.py
[2026-09-17T19:12:56.220+0000] {logging_mixin.py:190} INFO - [2026-09-17T19:12:56.219+0000] {dag.py:3239} INFO - Sync 1 DAGs
[2026-09-17T19:12:56.250+0000] {logging_mixin.py:190} INFO - [2026-09-17T19:12:56.250+0000] {dag.py:4180} INFO - Setting next_dagrun for example_branch_python_operator_decorator to 2026-09-16 00:00:00+00:00, run_after=2026-09-17 00:00:00+00:00
[2026-09-17T19:12:56.281+0000] {processor.py:208} INFO - Processing /home/airflow/.local/lib/python3.12/site-packages/airflow/example_dags/example_branch_operator_decorator.py took 0.162 seconds
[2026-09-17T19:13:26.725+0000] {processor.py:186} INFO - Started process (PID=2882) to work on /home/airflow/.local/lib/python3.12/site-packages/airflow/example_dags/example_branch_operator_decorator.py
[2026-09-17T19:13:26.727+0000] {processor.py:914} INFO - Processing file /home/airflow/.local/lib/python3.12/site-packages/airflow/example_dags/example_branch_operator_decorator.py for tasks to queue
[2026-09-17T19:13:26.729+0000] {logging_mixin.py:190} INFO - [2026-09-17T19:13:26.729+0000] {dagbag.py:588} INFO - Filling up the DagBag from /home/airflow/.local/lib/python3.12/site-packages/airflow/example_dags/example_branch_operator_decorator.py
[2026-09-17T19:13:26.751+0000] {processor.py:925} INFO - DAG(s) 'example_branch_python_operator_decorator' retrieved from /home/airflow/.local/lib/python3.12/site-packages/airflow/example_dags/example_branch_operator_decorator.py
[2026-09-17T19:13:26.784+0000] {logging_mixin.py:190} INFO - [2026-09-17T19:13:26.783+0000] {dag.py:3239} INFO - Sync 1 DAGs
[2026-09-17T19:13:26.808+0000] {logging_mixin.py:190} INFO - [2026-09-17T19:13:26.808+0000] {dag.py:4180} INFO - Setting next_dagrun for example_branch_python_operator_decorator to 2026-09-16 00:00:00+00:00, run_after=2026-09-17 00:00:00+00:00
[2026-09-17T19:13:26.832+0000] {processor.py:208} INFO - Processing /home/airflow/.local/lib/python3.12/site-packages/airflow/example_dags/example_branch_operator_decorator.py took 0.113 seconds
[2026-09-17T19:14:00.576+0000] {processor.py:186} INFO - Started process (PID=2947) to work on /home/airflow/.local/lib/python3.12/site-packages/airflow/example_dags/example_branch_operator_decorator.py
[2026-09-17T19:14:00.578+0000] {processor.py:914} INFO - Processing file /home/airflow/.local/lib/python3.12/site-packages/airflow/example_dags/example_branch_operator_decorator.py for tasks to queue
[2026-09-17T19:14:00.581+0000] {logging_mixin.py:190} INFO - [2026-09-17T19:14:00.581+0000] {dagbag.py:588} INFO - Filling up the DagBag from /home/airflow/.local/lib/python3.12/site-packages/airflow/example_dags/example_branch_operator_decorator.py
[2026-09-17T19:14:00.615+0000] {processor.py:925} INFO - DAG(s) 'example_branch_python_operator_decorator' retrieved from /home/airflow/.local/lib/python3.12/site-packages/airflow/example_dags/example_branch_operator_decorator.py
[2026-09-17T19:14:00.653+0000] {logging_mixin.py:190} INFO - [2026-09-17T19:14:00.653+0000] {dag.py:3239} INFO - Sync 1 DAGs
[2026-09-17T19:14:00.684+0000] {logging_mixin.py:190} INFO - [2026-09-17T19:14:00.684+0000] {dag.py:4180} INFO - Setting next_dagrun for example_branch_python_operator_decorator to 2026-09-16 00:00:00+00:00, run_after=2026-09-17 00:00:00+00:00
[2026-09-17T19:14:00.718+0000] {processor.py:208} INFO - Processing /home/airflow/.local/lib/python3.12/site-packages/airflow/example_dags/example_branch_operator_decorator.py took 0.150 seconds
[2026-09-17T19:14:31.175+0000] {processor.py:186} INFO - Started process (PID=3012) to work on /home/airflow/.local/lib/python3.12/site-packages/airflow/example_dags/example_branch_operator_decorator.py
[2026-09-17T19:14:31.177+0000] {processor.py:914} INFO - Processing file /home/airflow/.local/lib/python3.12/site-packages/airflow/example_dags/example_branch_operator_decorator.py for tasks to queue
[2026-09-17T19:14:31.180+0000] {logging_mixin.py:190} INFO - [2026-09-17T19:14:31.180+0000] {dagbag.py:588} INFO - Filling up the DagBag from /home/airflow/.local/lib/python3.12/site-packages/airflow/example_dags/example_branch_operator_decorator.py
[2026-09-17T19:14:31.208+0000] {processor.py:925} INFO - DAG(s) 'example_branch_python_operator_decorator' retrieved from /home/airflow/.local/lib/python3.12/site-packages/airflow/example_dags/example_branch_operator_decorator.py
[2026-09-17T19:14:31.247+0000] {logging_mixin.py:190} INFO - [2026-09-17T19:14:31.246+0000] {dag.py:3239} INFO - Sync 1 DAGs
[2026-09-17T19:14:31.277+0000] {logging_mixin.py:190} INFO - [2026-09-17T19:14:31.277+0000] {dag.py:4180} INFO - Setting next_dagrun for example_branch_python_operator_decorator to 2026-09-16 00:00:00+00:00, run_after=2026-09-17 00:00:00+00:00
[2026-09-17T19:14:31.307+0000] {processor.py:208} INFO - Processing /home/airflow/.local/lib/python3.12/site-packages/airflow/example_dags/example_branch_operator_decorator.py took 0.139 seconds
[2026-09-17T19:15:01.880+0000] {processor.py:186} INFO - Started process (PID=3072) to work on /home/airflow/.local/lib/python3.12/site-packages/airflow/example_dags/example_branch_operator_decorator.py
[2026-09-17T19:15:01.882+0000] {processor.py:914} INFO - Processing file /home/airflow/.local/lib/python3.12/site-packages/airflow/example_dags/example_branch_operator_decorator.py for tasks to queue
[2026-09-17T19:15:01.884+0000] {logging_mixin.py:190} INFO - [2026-09-17T19:15:01.884+0000] {dagbag.py:588} INFO - Filling up the DagBag from /home/airflow/.local/lib/python3.12/site-packages/airflow/example_dags/example_branch_operator_decorator.py
[2026-09-17T19:15:01.908+0000] {processor.py:925} INFO - DAG(s) 'example_branch_python_operator_decorator' retrieved from /home/airflow/.local/lib/python3.12/site-packages/airflow/example_dags/example_branch_operator_decorator.py
[2026-09-17T19:15:01.943+0000] {logging_mixin.py:190} INFO - [2026-09-17T19:15:01.943+0000] {dag.py:3239} INFO - Sync 1 DAGs
[2026-09-17T19:15:01.969+0000] {logging_mixin.py:190} INFO - [2026-09-17T19:15:01.968+0000] {dag.py:4180} INFO - Setting next_dagrun for example_branch_python_operator_decorator to 2026-09-16 00:00:00+00:00, run_after=2026-09-17 00:00:00+00:00
[2026-09-17T19:15:01.997+0000] {processor.py:208} INFO - Processing /home/airflow/.local/lib/python3.12/site-packages/airflow/example_dags/example_branch_operator_decorator.py took 0.124 seconds
[2026-09-17T19:15:32.382+0000] {processor.py:186} INFO - Started process (PID=3134) to work on /home/airflow/.local/lib/python3.12/site-packages/airflow/example_dags/example_branch_operator_decorator.py
[2026-09-17T19:15:32.384+0000] {processor.py:914} INFO - Processing file /home/airflow/.local/lib/python3.12/site-packages/airflow/example_dags/example_branch_operator_decorator.py for tasks to queue
[2026-09-17T19:15:32.386+0000] {logging_mixin.py:190} INFO - [2026-09-17T19:15:32.386+0000] {dagbag.py:588} INFO - Filling up the DagBag from /home/airflow/.local/lib/python3.12/site-packages/airflow/example_dags/example_branch_operator_decorator.py
[2026-09-17T19:15:32.408+0000] {processor.py:925} INFO - DAG(s) 'example_branch_python_operator_decorator' retrieved from /home/airflow/.local/lib/python3.12/site-packages/airflow/example_dags/example_branch_operator_decorator.py
[2026-09-17T19:15:32.439+0000] {logging_mixin.py:190} INFO - [2026-09-17T19:15:32.439+0000] {dag.py:3239} INFO - Sync 1 DAGs
[2026-09-17T19:15:32.467+0000] {logging_mixin.py:190} INFO - [2026-09-17T19:15:32.467+0000] {dag.py:4180} INFO - Setting next_dagrun for example_branch_python_operator_decorator to 2026-09-16 00:00:00+00:00, run_after=2026-09-17 00:00:00+00:00
[2026-09-17T19:15:32.492+0000] {processor.py:208} INFO - Processing /home/airflow/.local/lib/python3.12/site-packages/airflow/example_dags/example_branch_operator_decorator.py took 0.117 seconds
[2026-09-17T19:16:02.634+0000] {processor.py:186} INFO - Started process (PID=3199) to work on /home/airflow/.local/lib/python3.12/site-packages/airflow/example_dags/example_branch_operator_decorator.py
[2026-09-17T19:16:02.636+0000] {processor.py:914} INFO - Processing file /home/airflow/.local/lib/python3.12/site-packages/airflow/example_dags/example_branch_operator_decorator.py for tasks to queue
[2026-09-17T19:16:02.639+0000] {logging_mixin.py:190} INFO - [2026-09-17T19:16:02.638+0000] {dagbag.py:588} INFO - Filling up the DagBag from /home/airflow/.local/lib/python3.12/site-packages/airflow/example_dags/example_branch_operator_decorator.py
[2026-09-17T19:16:02.660+0000] {processor.py:925} INFO - DAG(s) 'example_branch_python_operator_decorator' retrieved from /home/airflow/.local/lib/python3.12/site-packages/airflow/example_dags/example_branch_operator_decorator.py
[2026-09-17T19:16:02.692+0000] {logging_mixin.py:190} INFO - [2026-09-17T19:16:02.692+0000] {dag.py:3239} INFO - Sync 1 DAGs
[2026-09-17T19:16:02.718+0000] {logging_mixin.py:190} INFO - [2026-09-17T19:16:02.718+0000] {dag.py:4180} INFO - Setting next_dagrun for example_branch_python_operator_decorator to 2026-09-16 00:00:00+00:00, run_after=2026-09-17 00:00:00+00:00
[2026-09-17T19:16:02.741+0000] {processor.py:208} INFO - Processing /home/airflow/.local/lib/python3.12/site-packages/airflow/example_dags/example_branch_operator_decorator.py took 0.112 seconds
[2026-09-17T19:16:33.372+0000] {processor.py:186} INFO - Started process (PID=3264) to work on /home/airflow/.local/lib/python3.12/site-packages/airflow/example_dags/example_branch_operator_decorator.py
[2026-09-17T19:16:33.374+0000] {processor.py:914} INFO - Processing file /home/airflow/.local/lib/python3.12/site-packages/airflow/example_dags/example_branch_operator_decorator.py for tasks to queue
[2026-09-17T19:16:33.376+0000] {logging_mixin.py:190} INFO - [2026-09-17T19:16:33.376+0000] {dagbag.py:588} INFO - Filling up the DagBag from /home/airflow/.local/lib/python3.12/site-packages/airflow/example_dags/example_branch_operator_decorator.py
[2026-09-17T19:16:33.398+0000] {processor.py:925} INFO - DAG(s) 'example_branch_python_operator_decorator' retrieved from /home/airflow/.local/lib/python3.12/site-packages/airflow/example_dags/example_branch_operator_decorator.py
[2026-09-17T19:16:33.435+0000] {logging_mixin.py:190} INFO - [2026-09-17T19:16:33.434+0000] {dag.py:3239} INFO - Sync 1 DAGs
[2026-09-17T19:16:33.459+0000] {logging_mixin.py:190} INFO - [2026-09-17T19:16:33.459+0000] {dag.py:4180} INFO - Setting next_dagrun for example_branch_python_operator_decorator to 2026-09-16 00:00:00+00:00, run_after=2026-09-17 00:00:00+00:00
[2026-09-17T19:16:33.484+0000] {processor.py:208} INFO - Processing /home/airflow/.local/lib/python3.12/site-packages/airflow/example_dags/example_branch_operator_decorator.py took 0.118 seconds
[2026-09-17T19:17:03.684+0000] {processor.py:186} INFO - Started process (PID=3329) to work on /home/airflow/.local/lib/python3.12/site-packages/airflow/example_dags/example_branch_operator_decorator.py
[2026-09-17T19:17:03.686+0000] {processor.py:914} INFO - Processing file /home/airflow/.local/lib/python3.12/site-packages/airflow/example_dags/example_branch_operator_decorator.py for tasks to queue
[2026-09-17T19:17:03.688+0000] {logging_mixin.py:190} INFO - [2026-09-17T19:17:03.687+0000] {dagbag.py:588} INFO - Filling up the DagBag from /home/airflow/.local/lib/python3.12/site-packages/airflow/example_dags/example_branch_operator_decorator.py
[2026-09-17T19:17:03.709+0000] {processor.py:925} INFO - DAG(s) 'example_branch_python_operator_decorator' retrieved from /home/airflow/.local/lib/python3.12/site-packages/airflow/example_dags/example_branch_operator_decorator.py
[2026-09-17T19:17:03.744+0000] {logging_mixin.py:190} INFO - [2026-09-17T19:17:03.744+0000] {dag.py:3239} INFO - Sync 1 DAGs
[2026-09-17T19:17:03.768+0000] {logging_mixin.py:190} INFO - [2026-09-17T19:17:03.767+0000] {dag.py:4180} INFO - Setting next_dagrun for example_branch_python_operator_decorator to 2026-09-16 00:00:00+00:00, run_after=2026-09-17 00:00:00+00:00
[2026-09-17T19:17:03.790+0000] {processor.py:208} INFO - Processing /home/airflow/.local/lib/python3.12/site-packages/airflow/example_dags/example_branch_operator_decorator.py took 0.112 seconds
[2026-09-17T19:17:34.378+0000] {processor.py:186} INFO - Started process (PID=3393) to work on /home/airflow/.local/lib/python3.12/site-packages/airflow/example_dags/example_branch_operator_decorator.py
[2026-09-17T19:17:34.380+0000] {processor.py:914} INFO - Processing file /home/airflow/.local/lib/python3.12/site-packages/airflow/example_dags/example_branch_operator_decorator.py for tasks to queue
[2026-09-17T19:17:34.382+0000] {logging_mixin.py:190} INFO - [2026-09-17T19:17:34.382+0000] {dagbag.py:588} INFO - Filling up the DagBag from /home/airflow/.local/lib/python3.12/site-packages/airflow/example_dags/example_branch_operator_decorator.py
[2026-09-17T19:17:34.414+0000] {processor.py:925} INFO - DAG(s) 'example_branch_python_operator_decorator' retrieved from /home/airflow/.local/lib/python3.12/site-packages/airflow/example_dags/example_branch_operator_decorator.py
[2026-09-17T19:17:34.452+0000] {logging_mixin.py:190} INFO - [2026-09-17T19:17:34.451+0000] {dag.py:3239} INFO - Sync 1 DAGs
[2026-09-17T19:17:34.481+0000] {logging_mixin.py:190} INFO - [2026-09-17T19:17:34.480+0000] {dag.py:4180} INFO - Setting next_dagrun for example_branch_python_operator_decorator to 2026-09-16 00:00:00+00:00, run_after=2026-09-17 00:00:00+00:00
[2026-09-17T19:17:34.508+0000] {processor.py:208} INFO - Processing /home/airflow/.local/lib/python3.12/site-packages/airflow/example_dags/example_branch_operator_decorator.py took 0.138 seconds
[2026-09-17T19:18:04.623+0000] {processor.py:186} INFO - Started process (PID=3458) to work on /home/airflow/.local/lib/python3.12/site-packages/airflow/example_dags/example_branch_operator_decorator.py
[2026-09-17T19:18:04.625+0000] {processor.py:914} INFO - Processing file /home/airflow/.local/lib/python3.12/site-packages/airflow/example_dags/example_branch_operator_decorator.py for tasks to queue
[2026-09-17T19:18:04.627+0000] {logging_mixin.py:190} INFO - [2026-09-17T19:18:04.627+0000] {dagbag.py:588} INFO - Filling up the DagBag from /home/airflow/.local/lib/python3.12/site-packages/airflow/example_dags/example_branch_operator_decorator.py
[2026-09-17T19:18:04.649+0000] {processor.py:925} INFO - DAG(s) 'example_branch_python_operator_decorator' retrieved from /home/airflow/.local/lib/python3.12/site-packages/airflow/example_dags/example_branch_operator_decorator.py
[2026-09-17T19:18:04.679+0000] {logging_mixin.py:190} INFO - [2026-09-17T19:18:04.679+0000] {dag.py:3239} INFO - Sync 1 DAGs
[2026-09-17T19:18:04.703+0000] {logging_mixin.py:190} INFO - [2026-09-17T19:18:04.703+0000] {dag.py:4180} INFO - Setting next_dagrun for example_branch_python_operator_decorator to 2026-09-16 00:00:00+00:00, run_after=2026-09-17 00:00:00+00:00
[2026-09-17T19:18:04.726+0000] {processor.py:208} INFO - Processing /home/airflow/.local/lib/python3.12/site-packages/airflow/example_dags/example_branch_operator_decorator.py took 0.109 seconds
[2026-09-17T19:18:36.092+0000] {processor.py:186} INFO - Started process (PID=3523) to work on /home/airflow/.local/lib/python3.12/site-packages/airflow/example_dags/example_branch_operator_decorator.py
[2026-09-17T19:18:36.093+0000] {processor.py:914} INFO - Processing file /home/airflow/.local/lib/python3.12/site-packages/airflow/example_dags/example_branch_operator_decorator.py for tasks to queue
[2026-09-17T19:18:36.096+0000] {logging_mixin.py:190} INFO - [2026-09-17T19:18:36.095+0000] {dagbag.py:588} INFO - Filling up the DagBag from /home/airflow/.local/lib/python3.12/site-packages/airflow/example_dags/example_branch_operator_decorator.py
[2026-09-17T19:18:36.118+0000] {processor.py:925} INFO - DAG(s) 'example_branch_python_operator_decorator' retrieved from /home/airflow/.local/lib/python3.12/site-packages/airflow/example_dags/example_branch_operator_decorator.py
[2026-09-17T19:18:36.154+0000] {logging_mixin.py:190} INFO - [2026-09-17T19:18:36.154+0000] {dag.py:3239} INFO - Sync 1 DAGs
[2026-09-17T19:18:36.180+0000] {logging_mixin.py:190} INFO - [2026-09-17T19:18:36.179+0000] {dag.py:4180} INFO - Setting next_dagrun for example_branch_python_operator_decorator to 2026-09-16 00:00:00+00:00, run_after=2026-09-17 00:00:00+00:00
[2026-09-17T19:18:36.208+0000] {processor.py:208} INFO - Processing /home/airflow/.local/lib/python3.12/site-packages/airflow/example_dags/example_branch_operator_decorator.py took 0.122 seconds
[2026-09-17T19:19:06.881+0000] {processor.py:186} INFO - Started process (PID=3588) to work on /home/airflow/.local/lib/python3.12/site-packages/airflow/example_dags/example_branch_operator_decorator.py
[2026-09-17T19:19:06.883+0000] {processor.py:914} INFO - Processing file /home/airflow/.local/lib/python3.12/site-packages/airflow/example_dags/example_branch_operator_decorator.py for tasks to queue
[2026-09-17T19:19:06.886+0000] {logging_mixin.py:190} INFO - [2026-09-17T19:19:06.885+0000] {dagbag.py:588} INFO - Filling up the DagBag from /home/airflow/.local/lib/python3.12/site-packages/airflow/example_dags/example_branch_operator_decorator.py
[2026-09-17T19:19:06.910+0000] {processor.py:925} INFO - DAG(s) 'example_branch_python_operator_decorator' retrieved from /home/airflow/.local/lib/python3.12/site-packages/airflow/example_dags/example_branch_operator_decorator.py
[2026-09-17T19:19:06.950+0000] {logging_mixin.py:190} INFO - [2026-09-17T19:19:06.949+0000] {dag.py:3239} INFO - Sync 1 DAGs
[2026-09-17T19:19:06.979+0000] {logging_mixin.py:190} INFO - [2026-09-17T19:19:06.978+0000] {dag.py:4180} INFO - Setting next_dagrun for example_branch_python_operator_decorator to 2026-09-16 00:00:00+00:00, run_after=2026-09-17 00:00:00+00:00
[2026-09-17T19:19:07.005+0000] {processor.py:208} INFO - Processing /home/airflow/.local/lib/python3.12/site-packages/airflow/example_dags/example_branch_operator_decorator.py took 0.131 seconds
[2026-09-17T19:19:37.329+0000] {processor.py:186} INFO - Started process (PID=3644) to work on /home/airflow/.local/lib/python3.12/site-packages/airflow/example_dags/example_branch_operator_decorator.py
[2026-09-17T19:19:37.333+0000] {processor.py:914} INFO - Processing file /home/airflow/.local/lib/python3.12/site-packages/airflow/example_dags/example_branch_operator_decorator.py for tasks to queue
[2026-09-17T19:19:37.335+0000] {logging_mixin.py:190} INFO - [2026-09-17T19:19:37.335+0000] {dagbag.py:588} INFO - Filling up the DagBag from /home/airflow/.local/lib/python3.12/site-packages/airflow/example_dags/example_branch_operator_decorator.py
[2026-09-17T19:19:37.358+0000] {processor.py:925} INFO - DAG(s) 'example_branch_python_operator_decorator' retrieved from /home/airflow/.local/lib/python3.12/site-packages/airflow/example_dags/example_branch_operator_decorator.py
[2026-09-17T19:19:37.402+0000] {logging_mixin.py:190} INFO - [2026-09-17T19:19:37.402+0000] {dag.py:3239} INFO - Sync 1 DAGs
[2026-09-17T19:19:37.439+0000] {logging_mixin.py:190} INFO - [2026-09-17T19:19:37.438+0000] {dag.py:4180} INFO - Setting next_dagrun for example_branch_python_operator_decorator to 2026-09-16 00:00:00+00:00, run_after=2026-09-17 00:00:00+00:00
[2026-09-17T19:19:37.470+0000] {processor.py:208} INFO - Processing /home/airflow/.local/lib/python3.12/site-packages/airflow/example_dags/example_branch_operator_decorator.py took 0.147 seconds
[2026-09-17T19:20:07.572+0000] {processor.py:186} INFO - Started process (PID=3709) to work on /home/airflow/.local/lib/python3.12/site-packages/airflow/example_dags/example_branch_operator_decorator.py
[2026-09-17T19:20:07.574+0000] {processor.py:914} INFO - Processing file /home/airflow/.local/lib/python3.12/site-packages/airflow/example_dags/example_branch_operator_decorator.py for tasks to queue
[2026-09-17T19:20:07.576+0000] {logging_mixin.py:190} INFO - [2026-09-17T19:20:07.576+0000] {dagbag.py:588} INFO - Filling up the DagBag from /home/airflow/.local/lib/python3.12/site-packages/airflow/example_dags/example_branch_operator_decorator.py
[2026-09-17T19:20:07.598+0000] {processor.py:925} INFO - DAG(s) 'example_branch_python_operator_decorator' retrieved from /home/airflow/.local/lib/python3.12/site-packages/airflow/example_dags/example_branch_operator_decorator.py
[2026-09-17T19:20:07.633+0000] {logging_mixin.py:190} INFO - [2026-09-17T19:20:07.632+0000] {dag.py:3239} INFO - Sync 1 DAGs
[2026-09-17T19:20:07.658+0000] {logging_mixin.py:190} INFO - [2026-09-17T19:20:07.658+0000] {dag.py:4180} INFO - Setting next_dagrun for example_branch_python_operator_decorator to 2026-09-16 00:00:00+00:00, run_after=2026-09-17 00:00:00+00:00
[2026-09-17T19:20:07.682+0000] {processor.py:208} INFO - Processing /home/airflow/.local/lib/python3.12/site-packages/airflow/example_dags/example_branch_operator_decorator.py took 0.116 seconds
[2026-09-17T19:20:37.993+0000] {processor.py:186} INFO - Started process (PID=3774) to work on /home/airflow/.local/lib/python3.12/site-packages/airflow/example_dags/example_branch_operator_decorator.py
[2026-09-17T19:20:37.995+0000] {processor.py:914} INFO - Processing file /home/airflow/.local/lib/python3.12/site-packages/airflow/example_dags/example_branch_operator_decorator.py for tasks to queue
[2026-09-17T19:20:37.998+0000] {logging_mixin.py:190} INFO - [2026-09-17T19:20:37.997+0000] {dagbag.py:588} INFO - Filling up the DagBag from /home/airflow/.local/lib/python3.12/site-packages/airflow/example_dags/example_branch_operator_decorator.py
[2026-09-17T19:20:38.020+0000] {processor.py:925} INFO - DAG(s) 'example_branch_python_operator_decorator' retrieved from /home/airflow/.local/lib/python3.12/site-packages/airflow/example_dags/example_branch_operator_decorator.py
[2026-09-17T19:20:38.059+0000] {logging_mixin.py:190} INFO - [2026-09-17T19:20:38.058+0000] {dag.py:3239} INFO - Sync 1 DAGs
[2026-09-17T19:20:38.086+0000] {logging_mixin.py:190} INFO - [2026-09-17T19:20:38.086+0000] {dag.py:4180} INFO - Setting next_dagrun for example_branch_python_operator_decorator to 2026-09-16 00:00:00+00:00, run_after=2026-09-17 00:00:00+00:00
[2026-09-17T19:20:38.112+0000] {processor.py:208} INFO - Processing /home/airflow/.local/lib/python3.12/site-packages/airflow/example_dags/example_branch_operator_decorator.py took 0.125 seconds
[2026-09-17T19:21:08.215+0000] {processor.py:186} INFO - Started process (PID=3838) to work on /home/airflow/.local/lib/python3.12/site-packages/airflow/example_dags/example_branch_operator_decorator.py
[2026-09-17T19:21:08.216+0000] {processor.py:914} INFO - Processing file /home/airflow/.local/lib/python3.12/site-packages/airflow/example_dags/example_branch_operator_decorator.py for tasks to queue
[2026-09-17T19:21:08.219+0000] {logging_mixin.py:190} INFO - [2026-09-17T19:21:08.218+0000] {dagbag.py:588} INFO - Filling up the DagBag from /home/airflow/.local/lib/python3.12/site-packages/airflow/example_dags/example_branch_operator_decorator.py
[2026-09-17T19:21:08.240+0000] {processor.py:925} INFO - DAG(s) 'example_branch_python_operator_decorator' retrieved from /home/airflow/.local/lib/python3.12/site-packages/airflow/example_dags/example_branch_operator_decorator.py
[2026-09-17T19:21:08.273+0000] {logging_mixin.py:190} INFO - [2026-09-17T19:21:08.273+0000] {dag.py:3239} INFO - Sync 1 DAGs
[2026-09-17T19:21:08.297+0000] {logging_mixin.py:190} INFO - [2026-09-17T19:21:08.297+0000] {dag.py:4180} INFO - Setting next_dagrun for example_branch_python_operator_decorator to 2026-09-16 00:00:00+00:00, run_after=2026-09-17 00:00:00+00:00
[2026-09-17T19:21:08.321+0000] {processor.py:208} INFO - Processing /home/airflow/.local/lib/python3.12/site-packages/airflow/example_dags/example_branch_operator_decorator.py took 0.113 seconds
[2026-09-17T19:21:38.392+0000] {processor.py:186} INFO - Started process (PID=3903) to work on /home/airflow/.local/lib/python3.12/site-packages/airflow/example_dags/example_branch_operator_decorator.py
[2026-09-17T19:21:38.394+0000] {processor.py:914} INFO - Processing file /home/airflow/.local/lib/python3.12/site-packages/airflow/example_dags/example_branch_operator_decorator.py for tasks to queue
[2026-09-17T19:21:38.396+0000] {logging_mixin.py:190} INFO - [2026-09-17T19:21:38.395+0000] {dagbag.py:588} INFO - Filling up the DagBag from /home/airflow/.local/lib/python3.12/site-packages/airflow/example_dags/example_branch_operator_decorator.py
[2026-09-17T19:21:38.417+0000] {processor.py:925} INFO - DAG(s) 'example_branch_python_operator_decorator' retrieved from /home/airflow/.local/lib/python3.12/site-packages/airflow/example_dags/example_branch_operator_decorator.py
[2026-09-17T19:21:38.451+0000] {logging_mixin.py:190} INFO - [2026-09-17T19:21:38.451+0000] {dag.py:3239} INFO - Sync 1 DAGs
[2026-09-17T19:21:38.482+0000] {logging_mixin.py:190} INFO - [2026-09-17T19:21:38.482+0000] {dag.py:4180} INFO - Setting next_dagrun for example_branch_python_operator_decorator to 2026-09-16 00:00:00+00:00, run_after=2026-09-17 00:00:00+00:00
[2026-09-17T19:21:38.506+0000] {processor.py:208} INFO - Processing /home/airflow/.local/lib/python3.12/site-packages/airflow/example_dags/example_branch_operator_decorator.py took 0.120 seconds
[2026-09-17T19:22:08.589+0000] {processor.py:186} INFO - Started process (PID=3968) to work on /home/airflow/.local/lib/python3.12/site-packages/airflow/example_dags/example_branch_operator_decorator.py
[2026-09-17T19:22:08.591+0000] {processor.py:914} INFO - Processing file /home/airflow/.local/lib/python3.12/site-packages/airflow/example_dags/example_branch_operator_decorator.py for tasks to queue
[2026-09-17T19:22:08.593+0000] {logging_mixin.py:190} INFO - [2026-09-17T19:22:08.593+0000] {dagbag.py:588} INFO - Filling up the DagBag from /home/airflow/.local/lib/python3.12/site-packages/airflow/example_dags/example_branch_operator_decorator.py
[2026-09-17T19:22:08.622+0000] {processor.py:925} INFO - DAG(s) 'example_branch_python_operator_decorator' retrieved from /home/airflow/.local/lib/python3.12/site-packages/airflow/example_dags/example_branch_operator_decorator.py
[2026-09-17T19:22:08.658+0000] {logging_mixin.py:190} INFO - [2026-09-17T19:22:08.658+0000] {dag.py:3239} INFO - Sync 1 DAGs
[2026-09-17T19:22:08.687+0000] {logging_mixin.py:190} INFO - [2026-09-17T19:22:08.687+0000] {dag.py:4180} INFO - Setting next_dagrun for example_branch_python_operator_decorator to 2026-09-16 00:00:00+00:00, run_after=2026-09-17 00:00:00+00:00
[2026-09-17T19:22:08.710+0000] {processor.py:208} INFO - Processing /home/airflow/.local/lib/python3.12/site-packages/airflow/example_dags/example_branch_operator_decorator.py took 0.130 seconds
[2026-09-17T19:22:39.531+0000] {processor.py:186} INFO - Started process (PID=4033) to work on /home/airflow/.local/lib/python3.12/site-packages/airflow/example_dags/example_branch_operator_decorator.py
[2026-09-17T19:22:39.533+0000] {processor.py:914} INFO - Processing file /home/airflow/.local/lib/python3.12/site-packages/airflow/example_dags/example_branch_operator_decorator.py for tasks to queue
[2026-09-17T19:22:39.536+0000] {logging_mixin.py:190} INFO - [2026-09-17T19:22:39.536+0000] {dagbag.py:588} INFO - Filling up the DagBag from /home/airflow/.local/lib/python3.12/site-packages/airflow/example_dags/example_branch_operator_decorator.py
[2026-09-17T19:22:39.562+0000] {processor.py:925} INFO - DAG(s) 'example_branch_python_operator_decorator' retrieved from /home/airflow/.local/lib/python3.12/site-packages/airflow/example_dags/example_branch_operator_decorator.py
[2026-09-17T19:22:39.601+0000] {logging_mixin.py:190} INFO - [2026-09-17T19:22:39.601+0000] {dag.py:3239} INFO - Sync 1 DAGs
[2026-09-17T19:22:39.633+0000] {logging_mixin.py:190} INFO - [2026-09-17T19:22:39.633+0000] {dag.py:4180} INFO - Setting next_dagrun for example_branch_python_operator_decorator to 2026-09-16 00:00:00+00:00, run_after=2026-09-17 00:00:00+00:00
[2026-09-17T19:22:39.659+0000] {processor.py:208} INFO - Processing /home/airflow/.local/lib/python3.12/site-packages/airflow/example_dags/example_branch_operator_decorator.py took 0.136 seconds
[2026-09-17T19:23:09.891+0000] {processor.py:186} INFO - Started process (PID=4098) to work on /home/airflow/.local/lib/python3.12/site-packages/airflow/example_dags/example_branch_operator_decorator.py
[2026-09-17T19:23:09.893+0000] {processor.py:914} INFO - Processing file /home/airflow/.local/lib/python3.12/site-packages/airflow/example_dags/example_branch_operator_decorator.py for tasks to queue
[2026-09-17T19:23:09.895+0000] {logging_mixin.py:190} INFO - [2026-09-17T19:23:09.894+0000] {dagbag.py:588} INFO - Filling up the DagBag from /home/airflow/.local/lib/python3.12/site-packages/airflow/example_dags/example_branch_operator_decorator.py
[2026-09-17T19:23:09.915+0000] {processor.py:925} INFO - DAG(s) 'example_branch_python_operator_decorator' retrieved from /home/airflow/.local/lib/python3.12/site-packages/airflow/example_dags/example_branch_operator_decorator.py
[2026-09-17T19:23:09.949+0000] {logging_mixin.py:190} INFO - [2026-09-17T19:23:09.949+0000] {dag.py:3239} INFO - Sync 1 DAGs
[2026-09-17T19:23:09.976+0000] {logging_mixin.py:190} INFO - [2026-09-17T19:23:09.975+0000] {dag.py:4180} INFO - Setting next_dagrun for example_branch_python_operator_decorator to 2026-09-16 00:00:00+00:00, run_after=2026-09-17 00:00:00+00:00
[2026-09-17T19:23:10.002+0000] {processor.py:208} INFO - Processing /home/airflow/.local/lib/python3.12/site-packages/airflow/example_dags/example_branch_operator_decorator.py took 0.116 seconds
[2026-09-17T19:23:40.177+0000] {processor.py:186} INFO - Started process (PID=4163) to work on /home/airflow/.local/lib/python3.12/site-packages/airflow/example_dags/example_branch_operator_decorator.py
[2026-09-17T19:23:40.179+0000] {processor.py:914} INFO - Processing file /home/airflow/.local/lib/python3.12/site-packages/airflow/example_dags/example_branch_operator_decorator.py for tasks to queue
[2026-09-17T19:23:40.181+0000] {logging_mixin.py:190} INFO - [2026-09-17T19:23:40.181+0000] {dagbag.py:588} INFO - Filling up the DagBag from /home/airflow/.local/lib/python3.12/site-packages/airflow/example_dags/example_branch_operator_decorator.py
[2026-09-17T19:23:40.204+0000] {processor.py:925} INFO - DAG(s) 'example_branch_python_operator_decorator' retrieved from /home/airflow/.local/lib/python3.12/site-packages/airflow/example_dags/example_branch_operator_decorator.py
[2026-09-17T19:23:40.239+0000] {logging_mixin.py:190} INFO - [2026-09-17T19:23:40.238+0000] {dag.py:3239} INFO - Sync 1 DAGs
[2026-09-17T19:23:40.267+0000] {logging_mixin.py:190} INFO - [2026-09-17T19:23:40.267+0000] {dag.py:4180} INFO - Setting next_dagrun for example_branch_python_operator_decorator to 2026-09-16 00:00:00+00:00, run_after=2026-09-17 00:00:00+00:00
[2026-09-17T19:23:40.290+0000] {processor.py:208} INFO - Processing /home/airflow/.local/lib/python3.12/site-packages/airflow/example_dags/example_branch_operator_decorator.py took 0.118 seconds
[2026-09-17T19:24:10.491+0000] {processor.py:186} INFO - Started process (PID=4228) to work on /home/airflow/.local/lib/python3.12/site-packages/airflow/example_dags/example_branch_operator_decorator.py
[2026-09-17T19:24:10.492+0000] {processor.py:914} INFO - Processing file /home/airflow/.local/lib/python3.12/site-packages/airflow/example_dags/example_branch_operator_decorator.py for tasks to queue
[2026-09-17T19:24:10.495+0000] {logging_mixin.py:190} INFO - [2026-09-17T19:24:10.495+0000] {dagbag.py:588} INFO - Filling up the DagBag from /home/airflow/.local/lib/python3.12/site-packages/airflow/example_dags/example_branch_operator_decorator.py
[2026-09-17T19:24:10.519+0000] {processor.py:925} INFO - DAG(s) 'example_branch_python_operator_decorator' retrieved from /home/airflow/.local/lib/python3.12/site-packages/airflow/example_dags/example_branch_operator_decorator.py
[2026-09-17T19:24:10.557+0000] {logging_mixin.py:190} INFO - [2026-09-17T19:24:10.556+0000] {dag.py:3239} INFO - Sync 1 DAGs
[2026-09-17T19:24:10.586+0000] {logging_mixin.py:190} INFO - [2026-09-17T19:24:10.586+0000] {dag.py:4180} INFO - Setting next_dagrun for example_branch_python_operator_decorator to 2026-09-16 00:00:00+00:00, run_after=2026-09-17 00:00:00+00:00
[2026-09-17T19:24:10.610+0000] {processor.py:208} INFO - Processing /home/airflow/.local/lib/python3.12/site-packages/airflow/example_dags/example_branch_operator_decorator.py took 0.125 seconds
[2026-09-17T19:24:40.781+0000] {processor.py:186} INFO - Started process (PID=4293) to work on /home/airflow/.local/lib/python3.12/site-packages/airflow/example_dags/example_branch_operator_decorator.py
[2026-09-17T19:24:40.783+0000] {processor.py:914} INFO - Processing file /home/airflow/.local/lib/python3.12/site-packages/airflow/example_dags/example_branch_operator_decorator.py for tasks to queue
[2026-09-17T19:24:40.786+0000] {logging_mixin.py:190} INFO - [2026-09-17T19:24:40.785+0000] {dagbag.py:588} INFO - Filling up the DagBag from /home/airflow/.local/lib/python3.12/site-packages/airflow/example_dags/example_branch_operator_decorator.py
[2026-09-17T19:24:40.808+0000] {processor.py:925} INFO - DAG(s) 'example_branch_python_operator_decorator' retrieved from /home/airflow/.local/lib/python3.12/site-packages/airflow/example_dags/example_branch_operator_decorator.py
[2026-09-17T19:24:40.843+0000] {logging_mixin.py:190} INFO - [2026-09-17T19:24:40.843+0000] {dag.py:3239} INFO - Sync 1 DAGs
[2026-09-17T19:24:40.870+0000] {logging_mixin.py:190} INFO - [2026-09-17T19:24:40.869+0000] {dag.py:4180} INFO - Setting next_dagrun for example_branch_python_operator_decorator to 2026-09-16 00:00:00+00:00, run_after=2026-09-17 00:00:00+00:00
[2026-09-17T19:24:41.179+0000] {processor.py:208} INFO - Processing /home/airflow/.local/lib/python3.12/site-packages/airflow/example_dags/example_branch_operator_decorator.py took 0.404 seconds
[2026-09-17T19:25:11.818+0000] {processor.py:186} INFO - Started process (PID=4357) to work on /home/airflow/.local/lib/python3.12/site-packages/airflow/example_dags/example_branch_operator_decorator.py
[2026-09-17T19:25:11.820+0000] {processor.py:914} INFO - Processing file /home/airflow/.local/lib/python3.12/site-packages/airflow/example_dags/example_branch_operator_decorator.py for tasks to queue
[2026-09-17T19:25:11.823+0000] {logging_mixin.py:190} INFO - [2026-09-17T19:25:11.822+0000] {dagbag.py:588} INFO - Filling up the DagBag from /home/airflow/.local/lib/python3.12/site-packages/airflow/example_dags/example_branch_operator_decorator.py
[2026-09-17T19:25:11.849+0000] {processor.py:925} INFO - DAG(s) 'example_branch_python_operator_decorator' retrieved from /home/airflow/.local/lib/python3.12/site-packages/airflow/example_dags/example_branch_operator_decorator.py
[2026-09-17T19:25:11.885+0000] {logging_mixin.py:190} INFO - [2026-09-17T19:25:11.884+0000] {dag.py:3239} INFO - Sync 1 DAGs
[2026-09-17T19:25:11.918+0000] {logging_mixin.py:190} INFO - [2026-09-17T19:25:11.918+0000] {dag.py:4180} INFO - Setting next_dagrun for example_branch_python_operator_decorator to 2026-09-16 00:00:00+00:00, run_after=2026-09-17 00:00:00+00:00
[2026-09-17T19:25:11.943+0000] {processor.py:208} INFO - Processing /home/airflow/.local/lib/python3.12/site-packages/airflow/example_dags/example_branch_operator_decorator.py took 0.133 seconds
[2026-09-17T19:25:42.357+0000] {processor.py:186} INFO - Started process (PID=4415) to work on /home/airflow/.local/lib/python3.12/site-packages/airflow/example_dags/example_branch_operator_decorator.py
[2026-09-17T19:25:42.360+0000] {processor.py:914} INFO - Processing file /home/airflow/.local/lib/python3.12/site-packages/airflow/example_dags/example_branch_operator_decorator.py for tasks to queue
[2026-09-17T19:25:42.364+0000] {logging_mixin.py:190} INFO - [2026-09-17T19:25:42.363+0000] {dagbag.py:588} INFO - Filling up the DagBag from /home/airflow/.local/lib/python3.12/site-packages/airflow/example_dags/example_branch_operator_decorator.py
[2026-09-17T19:25:42.403+0000] {processor.py:925} INFO - DAG(s) 'example_branch_python_operator_decorator' retrieved from /home/airflow/.local/lib/python3.12/site-packages/airflow/example_dags/example_branch_operator_decorator.py
[2026-09-17T19:25:42.469+0000] {logging_mixin.py:190} INFO - [2026-09-17T19:25:42.468+0000] {dag.py:3239} INFO - Sync 1 DAGs
[2026-09-17T19:25:42.508+0000] {logging_mixin.py:190} INFO - [2026-09-17T19:25:42.507+0000] {dag.py:4180} INFO - Setting next_dagrun for example_branch_python_operator_decorator to 2026-09-16 00:00:00+00:00, run_after=2026-09-17 00:00:00+00:00
[2026-09-17T19:25:42.541+0000] {processor.py:208} INFO - Processing /home/airflow/.local/lib/python3.12/site-packages/airflow/example_dags/example_branch_operator_decorator.py took 0.193 seconds
[2026-09-17T19:26:12.966+0000] {processor.py:186} INFO - Started process (PID=4480) to work on /home/airflow/.local/lib/python3.12/site-packages/airflow/example_dags/example_branch_operator_decorator.py
[2026-09-17T19:26:12.970+0000] {processor.py:914} INFO - Processing file /home/airflow/.local/lib/python3.12/site-packages/airflow/example_dags/example_branch_operator_decorator.py for tasks to queue
[2026-09-17T19:26:12.974+0000] {logging_mixin.py:190} INFO - [2026-09-17T19:26:12.973+0000] {dagbag.py:588} INFO - Filling up the DagBag from /home/airflow/.local/lib/python3.12/site-packages/airflow/example_dags/example_branch_operator_decorator.py
[2026-09-17T19:26:13.016+0000] {processor.py:925} INFO - DAG(s) 'example_branch_python_operator_decorator' retrieved from /home/airflow/.local/lib/python3.12/site-packages/airflow/example_dags/example_branch_operator_decorator.py
[2026-09-17T19:26:13.069+0000] {logging_mixin.py:190} INFO - [2026-09-17T19:26:13.068+0000] {dag.py:3239} INFO - Sync 1 DAGs
[2026-09-17T19:26:13.119+0000] {logging_mixin.py:190} INFO - [2026-09-17T19:26:13.118+0000] {dag.py:4180} INFO - Setting next_dagrun for example_branch_python_operator_decorator to 2026-09-16 00:00:00+00:00, run_after=2026-09-17 00:00:00+00:00
[2026-09-17T19:26:13.162+0000] {processor.py:208} INFO - Processing /home/airflow/.local/lib/python3.12/site-packages/airflow/example_dags/example_branch_operator_decorator.py took 0.207 seconds
[2026-09-17T19:26:43.824+0000] {processor.py:186} INFO - Started process (PID=4545) to work on /home/airflow/.local/lib/python3.12/site-packages/airflow/example_dags/example_branch_operator_decorator.py
[2026-09-17T19:26:43.825+0000] {processor.py:914} INFO - Processing file /home/airflow/.local/lib/python3.12/site-packages/airflow/example_dags/example_branch_operator_decorator.py for tasks to queue
[2026-09-17T19:26:43.827+0000] {logging_mixin.py:190} INFO - [2026-09-17T19:26:43.827+0000] {dagbag.py:588} INFO - Filling up the DagBag from /home/airflow/.local/lib/python3.12/site-packages/airflow/example_dags/example_branch_operator_decorator.py
[2026-09-17T19:26:43.854+0000] {processor.py:925} INFO - DAG(s) 'example_branch_python_operator_decorator' retrieved from /home/airflow/.local/lib/python3.12/site-packages/airflow/example_dags/example_branch_operator_decorator.py
[2026-09-17T19:26:43.891+0000] {logging_mixin.py:190} INFO - [2026-09-17T19:26:43.891+0000] {dag.py:3239} INFO - Sync 1 DAGs
[2026-09-17T19:26:43.923+0000] {logging_mixin.py:190} INFO - [2026-09-17T19:26:43.922+0000] {dag.py:4180} INFO - Setting next_dagrun for example_branch_python_operator_decorator to 2026-09-16 00:00:00+00:00, run_after=2026-09-17 00:00:00+00:00
[2026-09-17T19:26:43.954+0000] {processor.py:208} INFO - Processing /home/airflow/.local/lib/python3.12/site-packages/airflow/example_dags/example_branch_operator_decorator.py took 0.136 seconds
[2026-09-17T19:27:14.498+0000] {processor.py:186} INFO - Started process (PID=4610) to work on /home/airflow/.local/lib/python3.12/site-packages/airflow/example_dags/example_branch_operator_decorator.py
[2026-09-17T19:27:14.500+0000] {processor.py:914} INFO - Processing file /home/airflow/.local/lib/python3.12/site-packages/airflow/example_dags/example_branch_operator_decorator.py for tasks to queue
[2026-09-17T19:27:14.504+0000] {logging_mixin.py:190} INFO - [2026-09-17T19:27:14.504+0000] {dagbag.py:588} INFO - Filling up the DagBag from /home/airflow/.local/lib/python3.12/site-packages/airflow/example_dags/example_branch_operator_decorator.py
[2026-09-17T19:27:14.532+0000] {processor.py:925} INFO - DAG(s) 'example_branch_python_operator_decorator' retrieved from /home/airflow/.local/lib/python3.12/site-packages/airflow/example_dags/example_branch_operator_decorator.py
[2026-09-17T19:27:14.764+0000] {logging_mixin.py:190} INFO - [2026-09-17T19:27:14.764+0000] {dag.py:3239} INFO - Sync 1 DAGs
[2026-09-17T19:27:14.795+0000] {logging_mixin.py:190} INFO - [2026-09-17T19:27:14.795+0000] {dag.py:4180} INFO - Setting next_dagrun for example_branch_python_operator_decorator to 2026-09-16 00:00:00+00:00, run_after=2026-09-17 00:00:00+00:00
[2026-09-17T19:27:14.834+0000] {processor.py:208} INFO - Processing /home/airflow/.local/lib/python3.12/site-packages/airflow/example_dags/example_branch_operator_decorator.py took 0.345 seconds
[2026-09-17T19:27:45.184+0000] {processor.py:186} INFO - Started process (PID=4675) to work on /home/airflow/.local/lib/python3.12/site-packages/airflow/example_dags/example_branch_operator_decorator.py
[2026-09-17T19:27:45.186+0000] {processor.py:914} INFO - Processing file /home/airflow/.local/lib/python3.12/site-packages/airflow/example_dags/example_branch_operator_decorator.py for tasks to queue
[2026-09-17T19:27:45.188+0000] {logging_mixin.py:190} INFO - [2026-09-17T19:27:45.187+0000] {dagbag.py:588} INFO - Filling up the DagBag from /home/airflow/.local/lib/python3.12/site-packages/airflow/example_dags/example_branch_operator_decorator.py
[2026-09-17T19:27:45.209+0000] {processor.py:925} INFO - DAG(s) 'example_branch_python_operator_decorator' retrieved from /home/airflow/.local/lib/python3.12/site-packages/airflow/example_dags/example_branch_operator_decorator.py
[2026-09-17T19:27:45.418+0000] {logging_mixin.py:190} INFO - [2026-09-17T19:27:45.418+0000] {dag.py:3239} INFO - Sync 1 DAGs
[2026-09-17T19:27:45.438+0000] {logging_mixin.py:190} INFO - [2026-09-17T19:27:45.438+0000] {dag.py:4180} INFO - Setting next_dagrun for example_branch_python_operator_decorator to 2026-09-16 00:00:00+00:00, run_after=2026-09-17 00:00:00+00:00
[2026-09-17T19:27:45.460+0000] {processor.py:208} INFO - Processing /home/airflow/.local/lib/python3.12/site-packages/airflow/example_dags/example_branch_operator_decorator.py took 0.281 seconds
[2026-09-17T19:28:16.053+0000] {processor.py:186} INFO - Started process (PID=4740) to work on /home/airflow/.local/lib/python3.12/site-packages/airflow/example_dags/example_branch_operator_decorator.py
[2026-09-17T19:28:16.055+0000] {processor.py:914} INFO - Processing file /home/airflow/.local/lib/python3.12/site-packages/airflow/example_dags/example_branch_operator_decorator.py for tasks to queue
[2026-09-17T19:28:16.057+0000] {logging_mixin.py:190} INFO - [2026-09-17T19:28:16.057+0000] {dagbag.py:588} INFO - Filling up the DagBag from /home/airflow/.local/lib/python3.12/site-packages/airflow/example_dags/example_branch_operator_decorator.py
[2026-09-17T19:28:16.083+0000] {processor.py:925} INFO - DAG(s) 'example_branch_python_operator_decorator' retrieved from /home/airflow/.local/lib/python3.12/site-packages/airflow/example_dags/example_branch_operator_decorator.py
[2026-09-17T19:28:16.122+0000] {logging_mixin.py:190} INFO - [2026-09-17T19:28:16.122+0000] {dag.py:3239} INFO - Sync 1 DAGs
[2026-09-17T19:28:16.149+0000] {logging_mixin.py:190} INFO - [2026-09-17T19:28:16.149+0000] {dag.py:4180} INFO - Setting next_dagrun for example_branch_python_operator_decorator to 2026-09-16 00:00:00+00:00, run_after=2026-09-17 00:00:00+00:00
[2026-09-17T19:28:16.172+0000] {processor.py:208} INFO - Processing /home/airflow/.local/lib/python3.12/site-packages/airflow/example_dags/example_branch_operator_decorator.py took 0.127 seconds
[2026-09-17T19:48:19.926+0000] {processor.py:186} INFO - Started process (PID=73) to work on /home/airflow/.local/lib/python3.12/site-packages/airflow/example_dags/example_branch_operator_decorator.py
[2026-09-17T19:48:19.928+0000] {processor.py:914} INFO - Processing file /home/airflow/.local/lib/python3.12/site-packages/airflow/example_dags/example_branch_operator_decorator.py for tasks to queue
[2026-09-17T19:48:19.930+0000] {logging_mixin.py:190} INFO - [2026-09-17T19:48:19.930+0000] {dagbag.py:588} INFO - Filling up the DagBag from /home/airflow/.local/lib/python3.12/site-packages/airflow/example_dags/example_branch_operator_decorator.py
[2026-09-17T19:48:19.966+0000] {processor.py:925} INFO - DAG(s) 'example_branch_python_operator_decorator' retrieved from /home/airflow/.local/lib/python3.12/site-packages/airflow/example_dags/example_branch_operator_decorator.py
[2026-09-17T19:48:20.113+0000] {logging_mixin.py:190} INFO - [2026-09-17T19:48:20.112+0000] {dag.py:3239} INFO - Sync 1 DAGs
[2026-09-17T19:48:20.136+0000] {logging_mixin.py:190} INFO - [2026-09-17T19:48:20.136+0000] {dag.py:4180} INFO - Setting next_dagrun for example_branch_python_operator_decorator to 2026-09-16 00:00:00+00:00, run_after=2026-09-17 00:00:00+00:00
[2026-09-17T19:48:20.163+0000] {processor.py:208} INFO - Processing /home/airflow/.local/lib/python3.12/site-packages/airflow/example_dags/example_branch_operator_decorator.py took 0.245 seconds
[2026-09-17T19:48:50.870+0000] {processor.py:186} INFO - Started process (PID=138) to work on /home/airflow/.local/lib/python3.12/site-packages/airflow/example_dags/example_branch_operator_decorator.py
[2026-09-17T19:48:50.872+0000] {processor.py:914} INFO - Processing file /home/airflow/.local/lib/python3.12/site-packages/airflow/example_dags/example_branch_operator_decorator.py for tasks to queue
[2026-09-17T19:48:50.874+0000] {logging_mixin.py:190} INFO - [2026-09-17T19:48:50.874+0000] {dagbag.py:588} INFO - Filling up the DagBag from /home/airflow/.local/lib/python3.12/site-packages/airflow/example_dags/example_branch_operator_decorator.py
[2026-09-17T19:48:50.895+0000] {processor.py:925} INFO - DAG(s) 'example_branch_python_operator_decorator' retrieved from /home/airflow/.local/lib/python3.12/site-packages/airflow/example_dags/example_branch_operator_decorator.py
[2026-09-17T19:48:50.929+0000] {logging_mixin.py:190} INFO - [2026-09-17T19:48:50.928+0000] {dag.py:3239} INFO - Sync 1 DAGs
[2026-09-17T19:48:50.956+0000] {logging_mixin.py:190} INFO - [2026-09-17T19:48:50.956+0000] {dag.py:4180} INFO - Setting next_dagrun for example_branch_python_operator_decorator to 2026-09-16 00:00:00+00:00, run_after=2026-09-17 00:00:00+00:00
[2026-09-17T19:48:50.983+0000] {processor.py:208} INFO - Processing /home/airflow/.local/lib/python3.12/site-packages/airflow/example_dags/example_branch_operator_decorator.py took 0.120 seconds
[2026-09-17T19:49:22.499+0000] {processor.py:186} INFO - Started process (PID=202) to work on /home/airflow/.local/lib/python3.12/site-packages/airflow/example_dags/example_branch_operator_decorator.py
[2026-09-17T19:49:22.502+0000] {processor.py:914} INFO - Processing file /home/airflow/.local/lib/python3.12/site-packages/airflow/example_dags/example_branch_operator_decorator.py for tasks to queue
[2026-09-17T19:49:22.504+0000] {logging_mixin.py:190} INFO - [2026-09-17T19:49:22.504+0000] {dagbag.py:588} INFO - Filling up the DagBag from /home/airflow/.local/lib/python3.12/site-packages/airflow/example_dags/example_branch_operator_decorator.py
[2026-09-17T19:49:22.527+0000] {processor.py:925} INFO - DAG(s) 'example_branch_python_operator_decorator' retrieved from /home/airflow/.local/lib/python3.12/site-packages/airflow/example_dags/example_branch_operator_decorator.py
[2026-09-17T19:49:22.561+0000] {logging_mixin.py:190} INFO - [2026-09-17T19:49:22.561+0000] {dag.py:3239} INFO - Sync 1 DAGs
[2026-09-17T19:49:22.601+0000] {logging_mixin.py:190} INFO - [2026-09-17T19:49:22.601+0000] {dag.py:4180} INFO - Setting next_dagrun for example_branch_python_operator_decorator to 2026-09-16 00:00:00+00:00, run_after=2026-09-17 00:00:00+00:00
[2026-09-17T19:49:22.640+0000] {processor.py:208} INFO - Processing /home/airflow/.local/lib/python3.12/site-packages/airflow/example_dags/example_branch_operator_decorator.py took 0.146 seconds
[2026-09-17T19:49:52.870+0000] {processor.py:186} INFO - Started process (PID=260) to work on /home/airflow/.local/lib/python3.12/site-packages/airflow/example_dags/example_branch_operator_decorator.py
[2026-09-17T19:49:52.872+0000] {processor.py:914} INFO - Processing file /home/airflow/.local/lib/python3.12/site-packages/airflow/example_dags/example_branch_operator_decorator.py for tasks to queue
[2026-09-17T19:49:52.874+0000] {logging_mixin.py:190} INFO - [2026-09-17T19:49:52.874+0000] {dagbag.py:588} INFO - Filling up the DagBag from /home/airflow/.local/lib/python3.12/site-packages/airflow/example_dags/example_branch_operator_decorator.py
[2026-09-17T19:49:52.896+0000] {processor.py:925} INFO - DAG(s) 'example_branch_python_operator_decorator' retrieved from /home/airflow/.local/lib/python3.12/site-packages/airflow/example_dags/example_branch_operator_decorator.py
[2026-09-17T19:49:52.928+0000] {logging_mixin.py:190} INFO - [2026-09-17T19:49:52.928+0000] {dag.py:3239} INFO - Sync 1 DAGs
[2026-09-17T19:49:52.954+0000] {logging_mixin.py:190} INFO - [2026-09-17T19:49:52.954+0000] {dag.py:4180} INFO - Setting next_dagrun for example_branch_python_operator_decorator to 2026-09-16 00:00:00+00:00, run_after=2026-09-17 00:00:00+00:00
[2026-09-17T19:49:52.989+0000] {processor.py:208} INFO - Processing /home/airflow/.local/lib/python3.12/site-packages/airflow/example_dags/example_branch_operator_decorator.py took 0.125 seconds
[2026-09-17T19:50:23.548+0000] {processor.py:186} INFO - Started process (PID=325) to work on /home/airflow/.local/lib/python3.12/site-packages/airflow/example_dags/example_branch_operator_decorator.py
[2026-09-17T19:50:23.550+0000] {processor.py:914} INFO - Processing file /home/airflow/.local/lib/python3.12/site-packages/airflow/example_dags/example_branch_operator_decorator.py for tasks to queue
[2026-09-17T19:50:23.552+0000] {logging_mixin.py:190} INFO - [2026-09-17T19:50:23.551+0000] {dagbag.py:588} INFO - Filling up the DagBag from /home/airflow/.local/lib/python3.12/site-packages/airflow/example_dags/example_branch_operator_decorator.py
[2026-09-17T19:50:23.574+0000] {processor.py:925} INFO - DAG(s) 'example_branch_python_operator_decorator' retrieved from /home/airflow/.local/lib/python3.12/site-packages/airflow/example_dags/example_branch_operator_decorator.py
[2026-09-17T19:50:23.607+0000] {logging_mixin.py:190} INFO - [2026-09-17T19:50:23.606+0000] {dag.py:3239} INFO - Sync 1 DAGs
[2026-09-17T19:50:23.631+0000] {logging_mixin.py:190} INFO - [2026-09-17T19:50:23.631+0000] {dag.py:4180} INFO - Setting next_dagrun for example_branch_python_operator_decorator to 2026-09-16 00:00:00+00:00, run_after=2026-09-17 00:00:00+00:00
[2026-09-17T19:50:23.660+0000] {processor.py:208} INFO - Processing /home/airflow/.local/lib/python3.12/site-packages/airflow/example_dags/example_branch_operator_decorator.py took 0.119 seconds
[2026-09-17T19:50:54.708+0000] {processor.py:186} INFO - Started process (PID=389) to work on /home/airflow/.local/lib/python3.12/site-packages/airflow/example_dags/example_branch_operator_decorator.py
[2026-09-17T19:50:54.710+0000] {processor.py:914} INFO - Processing file /home/airflow/.local/lib/python3.12/site-packages/airflow/example_dags/example_branch_operator_decorator.py for tasks to queue
[2026-09-17T19:50:54.712+0000] {logging_mixin.py:190} INFO - [2026-09-17T19:50:54.712+0000] {dagbag.py:588} INFO - Filling up the DagBag from /home/airflow/.local/lib/python3.12/site-packages/airflow/example_dags/example_branch_operator_decorator.py
[2026-09-17T19:50:54.735+0000] {processor.py:925} INFO - DAG(s) 'example_branch_python_operator_decorator' retrieved from /home/airflow/.local/lib/python3.12/site-packages/airflow/example_dags/example_branch_operator_decorator.py
[2026-09-17T19:50:54.769+0000] {logging_mixin.py:190} INFO - [2026-09-17T19:50:54.769+0000] {dag.py:3239} INFO - Sync 1 DAGs
[2026-09-17T19:50:54.795+0000] {logging_mixin.py:190} INFO - [2026-09-17T19:50:54.795+0000] {dag.py:4180} INFO - Setting next_dagrun for example_branch_python_operator_decorator to 2026-09-16 00:00:00+00:00, run_after=2026-09-17 00:00:00+00:00
[2026-09-17T19:50:54.820+0000] {processor.py:208} INFO - Processing /home/airflow/.local/lib/python3.12/site-packages/airflow/example_dags/example_branch_operator_decorator.py took 0.119 seconds
[2026-09-17T19:51:25.021+0000] {processor.py:186} INFO - Started process (PID=454) to work on /home/airflow/.local/lib/python3.12/site-packages/airflow/example_dags/example_branch_operator_decorator.py
[2026-09-17T19:51:25.023+0000] {processor.py:914} INFO - Processing file /home/airflow/.local/lib/python3.12/site-packages/airflow/example_dags/example_branch_operator_decorator.py for tasks to queue
[2026-09-17T19:51:25.026+0000] {logging_mixin.py:190} INFO - [2026-09-17T19:51:25.025+0000] {dagbag.py:588} INFO - Filling up the DagBag from /home/airflow/.local/lib/python3.12/site-packages/airflow/example_dags/example_branch_operator_decorator.py
[2026-09-17T19:51:25.046+0000] {processor.py:925} INFO - DAG(s) 'example_branch_python_operator_decorator' retrieved from /home/airflow/.local/lib/python3.12/site-packages/airflow/example_dags/example_branch_operator_decorator.py
[2026-09-17T19:51:25.079+0000] {logging_mixin.py:190} INFO - [2026-09-17T19:51:25.078+0000] {dag.py:3239} INFO - Sync 1 DAGs
[2026-09-17T19:51:25.103+0000] {logging_mixin.py:190} INFO - [2026-09-17T19:51:25.103+0000] {dag.py:4180} INFO - Setting next_dagrun for example_branch_python_operator_decorator to 2026-09-16 00:00:00+00:00, run_after=2026-09-17 00:00:00+00:00
[2026-09-17T19:51:25.126+0000] {processor.py:208} INFO - Processing /home/airflow/.local/lib/python3.12/site-packages/airflow/example_dags/example_branch_operator_decorator.py took 0.111 seconds
[2026-09-17T19:51:55.183+0000] {processor.py:186} INFO - Started process (PID=518) to work on /home/airflow/.local/lib/python3.12/site-packages/airflow/example_dags/example_branch_operator_decorator.py
[2026-09-17T19:51:55.185+0000] {processor.py:914} INFO - Processing file /home/airflow/.local/lib/python3.12/site-packages/airflow/example_dags/example_branch_operator_decorator.py for tasks to queue
[2026-09-17T19:51:55.188+0000] {logging_mixin.py:190} INFO - [2026-09-17T19:51:55.187+0000] {dagbag.py:588} INFO - Filling up the DagBag from /home/airflow/.local/lib/python3.12/site-packages/airflow/example_dags/example_branch_operator_decorator.py
[2026-09-17T19:51:55.217+0000] {processor.py:925} INFO - DAG(s) 'example_branch_python_operator_decorator' retrieved from /home/airflow/.local/lib/python3.12/site-packages/airflow/example_dags/example_branch_operator_decorator.py
[2026-09-17T19:51:55.250+0000] {logging_mixin.py:190} INFO - [2026-09-17T19:51:55.250+0000] {dag.py:3239} INFO - Sync 1 DAGs
[2026-09-17T19:51:55.276+0000] {logging_mixin.py:190} INFO - [2026-09-17T19:51:55.276+0000] {dag.py:4180} INFO - Setting next_dagrun for example_branch_python_operator_decorator to 2026-09-16 00:00:00+00:00, run_after=2026-09-17 00:00:00+00:00
[2026-09-17T19:51:55.297+0000] {processor.py:208} INFO - Processing /home/airflow/.local/lib/python3.12/site-packages/airflow/example_dags/example_branch_operator_decorator.py took 0.122 seconds
[2026-09-17T19:52:26.157+0000] {processor.py:186} INFO - Started process (PID=583) to work on /home/airflow/.local/lib/python3.12/site-packages/airflow/example_dags/example_branch_operator_decorator.py
[2026-09-17T19:52:26.159+0000] {processor.py:914} INFO - Processing file /home/airflow/.local/lib/python3.12/site-packages/airflow/example_dags/example_branch_operator_decorator.py for tasks to queue
[2026-09-17T19:52:26.162+0000] {logging_mixin.py:190} INFO - [2026-09-17T19:52:26.161+0000] {dagbag.py:588} INFO - Filling up the DagBag from /home/airflow/.local/lib/python3.12/site-packages/airflow/example_dags/example_branch_operator_decorator.py
[2026-09-17T19:52:26.195+0000] {processor.py:925} INFO - DAG(s) 'example_branch_python_operator_decorator' retrieved from /home/airflow/.local/lib/python3.12/site-packages/airflow/example_dags/example_branch_operator_decorator.py
[2026-09-17T19:52:26.236+0000] {logging_mixin.py:190} INFO - [2026-09-17T19:52:26.235+0000] {dag.py:3239} INFO - Sync 1 DAGs
[2026-09-17T19:52:26.265+0000] {logging_mixin.py:190} INFO - [2026-09-17T19:52:26.264+0000] {dag.py:4180} INFO - Setting next_dagrun for example_branch_python_operator_decorator to 2026-09-16 00:00:00+00:00, run_after=2026-09-17 00:00:00+00:00
[2026-09-17T19:52:26.292+0000] {processor.py:208} INFO - Processing /home/airflow/.local/lib/python3.12/site-packages/airflow/example_dags/example_branch_operator_decorator.py took 0.144 seconds
[2026-09-17T19:52:56.727+0000] {processor.py:186} INFO - Started process (PID=648) to work on /home/airflow/.local/lib/python3.12/site-packages/airflow/example_dags/example_branch_operator_decorator.py
[2026-09-17T19:52:56.728+0000] {processor.py:914} INFO - Processing file /home/airflow/.local/lib/python3.12/site-packages/airflow/example_dags/example_branch_operator_decorator.py for tasks to queue
[2026-09-17T19:52:56.730+0000] {logging_mixin.py:190} INFO - [2026-09-17T19:52:56.730+0000] {dagbag.py:588} INFO - Filling up the DagBag from /home/airflow/.local/lib/python3.12/site-packages/airflow/example_dags/example_branch_operator_decorator.py
[2026-09-17T19:52:56.751+0000] {processor.py:925} INFO - DAG(s) 'example_branch_python_operator_decorator' retrieved from /home/airflow/.local/lib/python3.12/site-packages/airflow/example_dags/example_branch_operator_decorator.py
[2026-09-17T19:52:56.785+0000] {logging_mixin.py:190} INFO - [2026-09-17T19:52:56.784+0000] {dag.py:3239} INFO - Sync 1 DAGs
[2026-09-17T19:52:56.813+0000] {logging_mixin.py:190} INFO - [2026-09-17T19:52:56.813+0000] {dag.py:4180} INFO - Setting next_dagrun for example_branch_python_operator_decorator to 2026-09-16 00:00:00+00:00, run_after=2026-09-17 00:00:00+00:00
[2026-09-17T19:52:56.836+0000] {processor.py:208} INFO - Processing /home/airflow/.local/lib/python3.12/site-packages/airflow/example_dags/example_branch_operator_decorator.py took 0.115 seconds
[2026-09-17T19:53:27.305+0000] {processor.py:186} INFO - Started process (PID=713) to work on /home/airflow/.local/lib/python3.12/site-packages/airflow/example_dags/example_branch_operator_decorator.py
[2026-09-17T19:53:27.308+0000] {processor.py:914} INFO - Processing file /home/airflow/.local/lib/python3.12/site-packages/airflow/example_dags/example_branch_operator_decorator.py for tasks to queue
[2026-09-17T19:53:27.310+0000] {logging_mixin.py:190} INFO - [2026-09-17T19:53:27.309+0000] {dagbag.py:588} INFO - Filling up the DagBag from /home/airflow/.local/lib/python3.12/site-packages/airflow/example_dags/example_branch_operator_decorator.py
[2026-09-17T19:53:27.331+0000] {processor.py:925} INFO - DAG(s) 'example_branch_python_operator_decorator' retrieved from /home/airflow/.local/lib/python3.12/site-packages/airflow/example_dags/example_branch_operator_decorator.py
[2026-09-17T19:53:27.365+0000] {logging_mixin.py:190} INFO - [2026-09-17T19:53:27.364+0000] {dag.py:3239} INFO - Sync 1 DAGs
[2026-09-17T19:53:27.388+0000] {logging_mixin.py:190} INFO - [2026-09-17T19:53:27.388+0000] {dag.py:4180} INFO - Setting next_dagrun for example_branch_python_operator_decorator to 2026-09-16 00:00:00+00:00, run_after=2026-09-17 00:00:00+00:00
[2026-09-17T19:53:27.411+0000] {processor.py:208} INFO - Processing /home/airflow/.local/lib/python3.12/site-packages/airflow/example_dags/example_branch_operator_decorator.py took 0.113 seconds
[2026-09-17T19:53:57.936+0000] {processor.py:186} INFO - Started process (PID=778) to work on /home/airflow/.local/lib/python3.12/site-packages/airflow/example_dags/example_branch_operator_decorator.py
[2026-09-17T19:53:57.938+0000] {processor.py:914} INFO - Processing file /home/airflow/.local/lib/python3.12/site-packages/airflow/example_dags/example_branch_operator_decorator.py for tasks to queue
[2026-09-17T19:53:57.940+0000] {logging_mixin.py:190} INFO - [2026-09-17T19:53:57.940+0000] {dagbag.py:588} INFO - Filling up the DagBag from /home/airflow/.local/lib/python3.12/site-packages/airflow/example_dags/example_branch_operator_decorator.py
[2026-09-17T19:53:57.964+0000] {processor.py:925} INFO - DAG(s) 'example_branch_python_operator_decorator' retrieved from /home/airflow/.local/lib/python3.12/site-packages/airflow/example_dags/example_branch_operator_decorator.py
[2026-09-17T19:53:57.998+0000] {logging_mixin.py:190} INFO - [2026-09-17T19:53:57.998+0000] {dag.py:3239} INFO - Sync 1 DAGs
[2026-09-17T19:53:58.026+0000] {logging_mixin.py:190} INFO - [2026-09-17T19:53:58.025+0000] {dag.py:4180} INFO - Setting next_dagrun for example_branch_python_operator_decorator to 2026-09-16 00:00:00+00:00, run_after=2026-09-17 00:00:00+00:00
[2026-09-17T19:53:58.052+0000] {processor.py:208} INFO - Processing /home/airflow/.local/lib/python3.12/site-packages/airflow/example_dags/example_branch_operator_decorator.py took 0.123 seconds
[2026-09-17T19:54:28.573+0000] {processor.py:186} INFO - Started process (PID=843) to work on /home/airflow/.local/lib/python3.12/site-packages/airflow/example_dags/example_branch_operator_decorator.py
[2026-09-17T19:54:28.575+0000] {processor.py:914} INFO - Processing file /home/airflow/.local/lib/python3.12/site-packages/airflow/example_dags/example_branch_operator_decorator.py for tasks to queue
[2026-09-17T19:54:28.578+0000] {logging_mixin.py:190} INFO - [2026-09-17T19:54:28.577+0000] {dagbag.py:588} INFO - Filling up the DagBag from /home/airflow/.local/lib/python3.12/site-packages/airflow/example_dags/example_branch_operator_decorator.py
[2026-09-17T19:54:28.602+0000] {processor.py:925} INFO - DAG(s) 'example_branch_python_operator_decorator' retrieved from /home/airflow/.local/lib/python3.12/site-packages/airflow/example_dags/example_branch_operator_decorator.py
[2026-09-17T19:54:28.634+0000] {logging_mixin.py:190} INFO - [2026-09-17T19:54:28.634+0000] {dag.py:3239} INFO - Sync 1 DAGs
[2026-09-17T19:54:28.661+0000] {logging_mixin.py:190} INFO - [2026-09-17T19:54:28.661+0000] {dag.py:4180} INFO - Setting next_dagrun for example_branch_python_operator_decorator to 2026-09-16 00:00:00+00:00, run_after=2026-09-17 00:00:00+00:00
[2026-09-17T19:54:28.686+0000] {processor.py:208} INFO - Processing /home/airflow/.local/lib/python3.12/site-packages/airflow/example_dags/example_branch_operator_decorator.py took 0.119 seconds
[2026-09-17T19:54:59.193+0000] {processor.py:186} INFO - Started process (PID=907) to work on /home/airflow/.local/lib/python3.12/site-packages/airflow/example_dags/example_branch_operator_decorator.py
[2026-09-17T19:54:59.196+0000] {processor.py:914} INFO - Processing file /home/airflow/.local/lib/python3.12/site-packages/airflow/example_dags/example_branch_operator_decorator.py for tasks to queue
[2026-09-17T19:54:59.200+0000] {logging_mixin.py:190} INFO - [2026-09-17T19:54:59.199+0000] {dagbag.py:588} INFO - Filling up the DagBag from /home/airflow/.local/lib/python3.12/site-packages/airflow/example_dags/example_branch_operator_decorator.py
[2026-09-17T19:54:59.250+0000] {processor.py:925} INFO - DAG(s) 'example_branch_python_operator_decorator' retrieved from /home/airflow/.local/lib/python3.12/site-packages/airflow/example_dags/example_branch_operator_decorator.py
[2026-09-17T19:54:59.304+0000] {logging_mixin.py:190} INFO - [2026-09-17T19:54:59.303+0000] {dag.py:3239} INFO - Sync 1 DAGs
[2026-09-17T19:54:59.358+0000] {logging_mixin.py:190} INFO - [2026-09-17T19:54:59.357+0000] {dag.py:4180} INFO - Setting next_dagrun for example_branch_python_operator_decorator to 2026-09-16 00:00:00+00:00, run_after=2026-09-17 00:00:00+00:00
[2026-09-17T19:54:59.396+0000] {processor.py:208} INFO - Processing /home/airflow/.local/lib/python3.12/site-packages/airflow/example_dags/example_branch_operator_decorator.py took 0.212 seconds
[2026-09-17T19:55:29.606+0000] {processor.py:186} INFO - Started process (PID=965) to work on /home/airflow/.local/lib/python3.12/site-packages/airflow/example_dags/example_branch_operator_decorator.py
[2026-09-17T19:55:29.608+0000] {processor.py:914} INFO - Processing file /home/airflow/.local/lib/python3.12/site-packages/airflow/example_dags/example_branch_operator_decorator.py for tasks to queue
[2026-09-17T19:55:29.610+0000] {logging_mixin.py:190} INFO - [2026-09-17T19:55:29.610+0000] {dagbag.py:588} INFO - Filling up the DagBag from /home/airflow/.local/lib/python3.12/site-packages/airflow/example_dags/example_branch_operator_decorator.py
[2026-09-17T19:55:29.634+0000] {processor.py:925} INFO - DAG(s) 'example_branch_python_operator_decorator' retrieved from /home/airflow/.local/lib/python3.12/site-packages/airflow/example_dags/example_branch_operator_decorator.py
[2026-09-17T19:55:29.667+0000] {logging_mixin.py:190} INFO - [2026-09-17T19:55:29.667+0000] {dag.py:3239} INFO - Sync 1 DAGs
[2026-09-17T19:55:29.692+0000] {logging_mixin.py:190} INFO - [2026-09-17T19:55:29.691+0000] {dag.py:4180} INFO - Setting next_dagrun for example_branch_python_operator_decorator to 2026-09-16 00:00:00+00:00, run_after=2026-09-17 00:00:00+00:00
[2026-09-17T19:55:29.715+0000] {processor.py:208} INFO - Processing /home/airflow/.local/lib/python3.12/site-packages/airflow/example_dags/example_branch_operator_decorator.py took 0.115 seconds
[2026-09-17T19:55:59.934+0000] {processor.py:186} INFO - Started process (PID=1030) to work on /home/airflow/.local/lib/python3.12/site-packages/airflow/example_dags/example_branch_operator_decorator.py
[2026-09-17T19:55:59.936+0000] {processor.py:914} INFO - Processing file /home/airflow/.local/lib/python3.12/site-packages/airflow/example_dags/example_branch_operator_decorator.py for tasks to queue
[2026-09-17T19:55:59.939+0000] {logging_mixin.py:190} INFO - [2026-09-17T19:55:59.938+0000] {dagbag.py:588} INFO - Filling up the DagBag from /home/airflow/.local/lib/python3.12/site-packages/airflow/example_dags/example_branch_operator_decorator.py
[2026-09-17T19:55:59.963+0000] {processor.py:925} INFO - DAG(s) 'example_branch_python_operator_decorator' retrieved from /home/airflow/.local/lib/python3.12/site-packages/airflow/example_dags/example_branch_operator_decorator.py
[2026-09-17T19:55:59.998+0000] {logging_mixin.py:190} INFO - [2026-09-17T19:55:59.998+0000] {dag.py:3239} INFO - Sync 1 DAGs
[2026-09-17T19:56:00.034+0000] {logging_mixin.py:190} INFO - [2026-09-17T19:56:00.033+0000] {dag.py:4180} INFO - Setting next_dagrun for example_branch_python_operator_decorator to 2026-09-16 00:00:00+00:00, run_after=2026-09-17 00:00:00+00:00
[2026-09-17T19:56:00.061+0000] {processor.py:208} INFO - Processing /home/airflow/.local/lib/python3.12/site-packages/airflow/example_dags/example_branch_operator_decorator.py took 0.134 seconds
[2026-09-17T19:56:30.352+0000] {processor.py:186} INFO - Started process (PID=1095) to work on /home/airflow/.local/lib/python3.12/site-packages/airflow/example_dags/example_branch_operator_decorator.py
[2026-09-17T19:56:30.354+0000] {processor.py:914} INFO - Processing file /home/airflow/.local/lib/python3.12/site-packages/airflow/example_dags/example_branch_operator_decorator.py for tasks to queue
[2026-09-17T19:56:30.356+0000] {logging_mixin.py:190} INFO - [2026-09-17T19:56:30.355+0000] {dagbag.py:588} INFO - Filling up the DagBag from /home/airflow/.local/lib/python3.12/site-packages/airflow/example_dags/example_branch_operator_decorator.py
[2026-09-17T19:56:30.379+0000] {processor.py:925} INFO - DAG(s) 'example_branch_python_operator_decorator' retrieved from /home/airflow/.local/lib/python3.12/site-packages/airflow/example_dags/example_branch_operator_decorator.py
[2026-09-17T19:56:30.414+0000] {logging_mixin.py:190} INFO - [2026-09-17T19:56:30.414+0000] {dag.py:3239} INFO - Sync 1 DAGs
[2026-09-17T19:56:30.443+0000] {logging_mixin.py:190} INFO - [2026-09-17T19:56:30.443+0000] {dag.py:4180} INFO - Setting next_dagrun for example_branch_python_operator_decorator to 2026-09-16 00:00:00+00:00, run_after=2026-09-17 00:00:00+00:00
[2026-09-17T19:56:30.465+0000] {processor.py:208} INFO - Processing /home/airflow/.local/lib/python3.12/site-packages/airflow/example_dags/example_branch_operator_decorator.py took 0.120 seconds
[2026-09-17T19:57:00.709+0000] {processor.py:186} INFO - Started process (PID=1160) to work on /home/airflow/.local/lib/python3.12/site-packages/airflow/example_dags/example_branch_operator_decorator.py
[2026-09-17T19:57:00.711+0000] {processor.py:914} INFO - Processing file /home/airflow/.local/lib/python3.12/site-packages/airflow/example_dags/example_branch_operator_decorator.py for tasks to queue
[2026-09-17T19:57:00.713+0000] {logging_mixin.py:190} INFO - [2026-09-17T19:57:00.713+0000] {dagbag.py:588} INFO - Filling up the DagBag from /home/airflow/.local/lib/python3.12/site-packages/airflow/example_dags/example_branch_operator_decorator.py
[2026-09-17T19:57:00.738+0000] {processor.py:925} INFO - DAG(s) 'example_branch_python_operator_decorator' retrieved from /home/airflow/.local/lib/python3.12/site-packages/airflow/example_dags/example_branch_operator_decorator.py
[2026-09-17T19:57:00.775+0000] {logging_mixin.py:190} INFO - [2026-09-17T19:57:00.774+0000] {dag.py:3239} INFO - Sync 1 DAGs
[2026-09-17T19:57:00.805+0000] {logging_mixin.py:190} INFO - [2026-09-17T19:57:00.805+0000] {dag.py:4180} INFO - Setting next_dagrun for example_branch_python_operator_decorator to 2026-09-16 00:00:00+00:00, run_after=2026-09-17 00:00:00+00:00
[2026-09-17T19:57:00.829+0000] {processor.py:208} INFO - Processing /home/airflow/.local/lib/python3.12/site-packages/airflow/example_dags/example_branch_operator_decorator.py took 0.128 seconds
[2026-09-17T19:57:31.134+0000] {processor.py:186} INFO - Started process (PID=1225) to work on /home/airflow/.local/lib/python3.12/site-packages/airflow/example_dags/example_branch_operator_decorator.py
[2026-09-17T19:57:31.136+0000] {processor.py:914} INFO - Processing file /home/airflow/.local/lib/python3.12/site-packages/airflow/example_dags/example_branch_operator_decorator.py for tasks to queue
[2026-09-17T19:57:31.139+0000] {logging_mixin.py:190} INFO - [2026-09-17T19:57:31.138+0000] {dagbag.py:588} INFO - Filling up the DagBag from /home/airflow/.local/lib/python3.12/site-packages/airflow/example_dags/example_branch_operator_decorator.py
[2026-09-17T19:57:31.161+0000] {processor.py:925} INFO - DAG(s) 'example_branch_python_operator_decorator' retrieved from /home/airflow/.local/lib/python3.12/site-packages/airflow/example_dags/example_branch_operator_decorator.py
[2026-09-17T19:57:31.195+0000] {logging_mixin.py:190} INFO - [2026-09-17T19:57:31.194+0000] {dag.py:3239} INFO - Sync 1 DAGs
[2026-09-17T19:57:31.219+0000] {logging_mixin.py:190} INFO - [2026-09-17T19:57:31.219+0000] {dag.py:4180} INFO - Setting next_dagrun for example_branch_python_operator_decorator to 2026-09-16 00:00:00+00:00, run_after=2026-09-17 00:00:00+00:00
[2026-09-17T19:57:31.243+0000] {processor.py:208} INFO - Processing /home/airflow/.local/lib/python3.12/site-packages/airflow/example_dags/example_branch_operator_decorator.py took 0.116 seconds
[2026-09-17T19:58:01.904+0000] {processor.py:186} INFO - Started process (PID=1290) to work on /home/airflow/.local/lib/python3.12/site-packages/airflow/example_dags/example_branch_operator_decorator.py
[2026-09-17T19:58:01.907+0000] {processor.py:914} INFO - Processing file /home/airflow/.local/lib/python3.12/site-packages/airflow/example_dags/example_branch_operator_decorator.py for tasks to queue
[2026-09-17T19:58:01.911+0000] {logging_mixin.py:190} INFO - [2026-09-17T19:58:01.910+0000] {dagbag.py:588} INFO - Filling up the DagBag from /home/airflow/.local/lib/python3.12/site-packages/airflow/example_dags/example_branch_operator_decorator.py
[2026-09-17T19:58:01.962+0000] {processor.py:925} INFO - DAG(s) 'example_branch_python_operator_decorator' retrieved from /home/airflow/.local/lib/python3.12/site-packages/airflow/example_dags/example_branch_operator_decorator.py
[2026-09-17T19:58:02.014+0000] {logging_mixin.py:190} INFO - [2026-09-17T19:58:02.014+0000] {dag.py:3239} INFO - Sync 1 DAGs
[2026-09-17T19:58:02.053+0000] {logging_mixin.py:190} INFO - [2026-09-17T19:58:02.053+0000] {dag.py:4180} INFO - Setting next_dagrun for example_branch_python_operator_decorator to 2026-09-16 00:00:00+00:00, run_after=2026-09-17 00:00:00+00:00
[2026-09-17T19:58:02.110+0000] {processor.py:208} INFO - Processing /home/airflow/.local/lib/python3.12/site-packages/airflow/example_dags/example_branch_operator_decorator.py took 0.220 seconds
[2026-09-17T19:58:32.317+0000] {processor.py:186} INFO - Started process (PID=1355) to work on /home/airflow/.local/lib/python3.12/site-packages/airflow/example_dags/example_branch_operator_decorator.py
[2026-09-17T19:58:32.319+0000] {processor.py:914} INFO - Processing file /home/airflow/.local/lib/python3.12/site-packages/airflow/example_dags/example_branch_operator_decorator.py for tasks to queue
[2026-09-17T19:58:32.321+0000] {logging_mixin.py:190} INFO - [2026-09-17T19:58:32.320+0000] {dagbag.py:588} INFO - Filling up the DagBag from /home/airflow/.local/lib/python3.12/site-packages/airflow/example_dags/example_branch_operator_decorator.py
[2026-09-17T19:58:32.341+0000] {processor.py:925} INFO - DAG(s) 'example_branch_python_operator_decorator' retrieved from /home/airflow/.local/lib/python3.12/site-packages/airflow/example_dags/example_branch_operator_decorator.py
[2026-09-17T19:58:32.373+0000] {logging_mixin.py:190} INFO - [2026-09-17T19:58:32.373+0000] {dag.py:3239} INFO - Sync 1 DAGs
[2026-09-17T19:58:32.401+0000] {logging_mixin.py:190} INFO - [2026-09-17T19:58:32.400+0000] {dag.py:4180} INFO - Setting next_dagrun for example_branch_python_operator_decorator to 2026-09-16 00:00:00+00:00, run_after=2026-09-17 00:00:00+00:00
[2026-09-17T19:58:32.428+0000] {processor.py:208} INFO - Processing /home/airflow/.local/lib/python3.12/site-packages/airflow/example_dags/example_branch_operator_decorator.py took 0.117 seconds
[2026-09-17T19:59:02.534+0000] {processor.py:186} INFO - Started process (PID=1420) to work on /home/airflow/.local/lib/python3.12/site-packages/airflow/example_dags/example_branch_operator_decorator.py
[2026-09-17T19:59:02.536+0000] {processor.py:914} INFO - Processing file /home/airflow/.local/lib/python3.12/site-packages/airflow/example_dags/example_branch_operator_decorator.py for tasks to queue
[2026-09-17T19:59:02.539+0000] {logging_mixin.py:190} INFO - [2026-09-17T19:59:02.538+0000] {dagbag.py:588} INFO - Filling up the DagBag from /home/airflow/.local/lib/python3.12/site-packages/airflow/example_dags/example_branch_operator_decorator.py
[2026-09-17T19:59:02.563+0000] {processor.py:925} INFO - DAG(s) 'example_branch_python_operator_decorator' retrieved from /home/airflow/.local/lib/python3.12/site-packages/airflow/example_dags/example_branch_operator_decorator.py
[2026-09-17T19:59:02.600+0000] {logging_mixin.py:190} INFO - [2026-09-17T19:59:02.599+0000] {dag.py:3239} INFO - Sync 1 DAGs
[2026-09-17T19:59:02.624+0000] {logging_mixin.py:190} INFO - [2026-09-17T19:59:02.624+0000] {dag.py:4180} INFO - Setting next_dagrun for example_branch_python_operator_decorator to 2026-09-16 00:00:00+00:00, run_after=2026-09-17 00:00:00+00:00
[2026-09-17T19:59:02.647+0000] {processor.py:208} INFO - Processing /home/airflow/.local/lib/python3.12/site-packages/airflow/example_dags/example_branch_operator_decorator.py took 0.119 seconds
[2026-09-17T19:59:32.781+0000] {processor.py:186} INFO - Started process (PID=1486) to work on /home/airflow/.local/lib/python3.12/site-packages/airflow/example_dags/example_branch_operator_decorator.py
[2026-09-17T19:59:32.783+0000] {processor.py:914} INFO - Processing file /home/airflow/.local/lib/python3.12/site-packages/airflow/example_dags/example_branch_operator_decorator.py for tasks to queue
[2026-09-17T19:59:32.785+0000] {logging_mixin.py:190} INFO - [2026-09-17T19:59:32.785+0000] {dagbag.py:588} INFO - Filling up the DagBag from /home/airflow/.local/lib/python3.12/site-packages/airflow/example_dags/example_branch_operator_decorator.py
[2026-09-17T19:59:32.807+0000] {processor.py:925} INFO - DAG(s) 'example_branch_python_operator_decorator' retrieved from /home/airflow/.local/lib/python3.12/site-packages/airflow/example_dags/example_branch_operator_decorator.py
[2026-09-17T19:59:32.839+0000] {logging_mixin.py:190} INFO - [2026-09-17T19:59:32.838+0000] {dag.py:3239} INFO - Sync 1 DAGs
[2026-09-17T19:59:32.861+0000] {logging_mixin.py:190} INFO - [2026-09-17T19:59:32.861+0000] {dag.py:4180} INFO - Setting next_dagrun for example_branch_python_operator_decorator to 2026-09-16 00:00:00+00:00, run_after=2026-09-17 00:00:00+00:00
[2026-09-17T19:59:32.882+0000] {processor.py:208} INFO - Processing /home/airflow/.local/lib/python3.12/site-packages/airflow/example_dags/example_branch_operator_decorator.py took 0.108 seconds
[2026-09-17T20:00:03.298+0000] {processor.py:186} INFO - Started process (PID=1549) to work on /home/airflow/.local/lib/python3.12/site-packages/airflow/example_dags/example_branch_operator_decorator.py
[2026-09-17T20:00:03.300+0000] {processor.py:914} INFO - Processing file /home/airflow/.local/lib/python3.12/site-packages/airflow/example_dags/example_branch_operator_decorator.py for tasks to queue
[2026-09-17T20:00:03.302+0000] {logging_mixin.py:190} INFO - [2026-09-17T20:00:03.302+0000] {dagbag.py:588} INFO - Filling up the DagBag from /home/airflow/.local/lib/python3.12/site-packages/airflow/example_dags/example_branch_operator_decorator.py
[2026-09-17T20:00:03.339+0000] {processor.py:925} INFO - DAG(s) 'example_branch_python_operator_decorator' retrieved from /home/airflow/.local/lib/python3.12/site-packages/airflow/example_dags/example_branch_operator_decorator.py
[2026-09-17T20:00:03.388+0000] {logging_mixin.py:190} INFO - [2026-09-17T20:00:03.387+0000] {dag.py:3239} INFO - Sync 1 DAGs
[2026-09-17T20:00:03.423+0000] {logging_mixin.py:190} INFO - [2026-09-17T20:00:03.423+0000] {dag.py:4180} INFO - Setting next_dagrun for example_branch_python_operator_decorator to 2026-09-16 00:00:00+00:00, run_after=2026-09-17 00:00:00+00:00
[2026-09-17T20:00:03.465+0000] {processor.py:208} INFO - Processing /home/airflow/.local/lib/python3.12/site-packages/airflow/example_dags/example_branch_operator_decorator.py took 0.175 seconds
[2026-09-17T20:00:33.951+0000] {processor.py:186} INFO - Started process (PID=1607) to work on /home/airflow/.local/lib/python3.12/site-packages/airflow/example_dags/example_branch_operator_decorator.py
[2026-09-17T20:00:33.953+0000] {processor.py:914} INFO - Processing file /home/airflow/.local/lib/python3.12/site-packages/airflow/example_dags/example_branch_operator_decorator.py for tasks to queue
[2026-09-17T20:00:33.956+0000] {logging_mixin.py:190} INFO - [2026-09-17T20:00:33.956+0000] {dagbag.py:588} INFO - Filling up the DagBag from /home/airflow/.local/lib/python3.12/site-packages/airflow/example_dags/example_branch_operator_decorator.py
[2026-09-17T20:00:33.993+0000] {processor.py:925} INFO - DAG(s) 'example_branch_python_operator_decorator' retrieved from /home/airflow/.local/lib/python3.12/site-packages/airflow/example_dags/example_branch_operator_decorator.py
[2026-09-17T20:00:34.034+0000] {logging_mixin.py:190} INFO - [2026-09-17T20:00:34.033+0000] {dag.py:3239} INFO - Sync 1 DAGs
[2026-09-17T20:00:34.063+0000] {logging_mixin.py:190} INFO - [2026-09-17T20:00:34.063+0000] {dag.py:4180} INFO - Setting next_dagrun for example_branch_python_operator_decorator to 2026-09-16 00:00:00+00:00, run_after=2026-09-17 00:00:00+00:00
[2026-09-17T20:00:34.087+0000] {processor.py:208} INFO - Processing /home/airflow/.local/lib/python3.12/site-packages/airflow/example_dags/example_branch_operator_decorator.py took 0.142 seconds
[2026-09-17T20:01:04.193+0000] {processor.py:186} INFO - Started process (PID=1672) to work on /home/airflow/.local/lib/python3.12/site-packages/airflow/example_dags/example_branch_operator_decorator.py
[2026-09-17T20:01:04.195+0000] {processor.py:914} INFO - Processing file /home/airflow/.local/lib/python3.12/site-packages/airflow/example_dags/example_branch_operator_decorator.py for tasks to queue
[2026-09-17T20:01:04.198+0000] {logging_mixin.py:190} INFO - [2026-09-17T20:01:04.198+0000] {dagbag.py:588} INFO - Filling up the DagBag from /home/airflow/.local/lib/python3.12/site-packages/airflow/example_dags/example_branch_operator_decorator.py
[2026-09-17T20:01:04.221+0000] {processor.py:925} INFO - DAG(s) 'example_branch_python_operator_decorator' retrieved from /home/airflow/.local/lib/python3.12/site-packages/airflow/example_dags/example_branch_operator_decorator.py
[2026-09-17T20:01:04.257+0000] {logging_mixin.py:190} INFO - [2026-09-17T20:01:04.257+0000] {dag.py:3239} INFO - Sync 1 DAGs
[2026-09-17T20:01:04.284+0000] {logging_mixin.py:190} INFO - [2026-09-17T20:01:04.283+0000] {dag.py:4180} INFO - Setting next_dagrun for example_branch_python_operator_decorator to 2026-09-16 00:00:00+00:00, run_after=2026-09-17 00:00:00+00:00
[2026-09-17T20:01:04.308+0000] {processor.py:208} INFO - Processing /home/airflow/.local/lib/python3.12/site-packages/airflow/example_dags/example_branch_operator_decorator.py took 0.120 seconds
[2026-09-17T20:01:34.412+0000] {processor.py:186} INFO - Started process (PID=1737) to work on /home/airflow/.local/lib/python3.12/site-packages/airflow/example_dags/example_branch_operator_decorator.py
[2026-09-17T20:01:34.414+0000] {processor.py:914} INFO - Processing file /home/airflow/.local/lib/python3.12/site-packages/airflow/example_dags/example_branch_operator_decorator.py for tasks to queue
[2026-09-17T20:01:34.416+0000] {logging_mixin.py:190} INFO - [2026-09-17T20:01:34.416+0000] {dagbag.py:588} INFO - Filling up the DagBag from /home/airflow/.local/lib/python3.12/site-packages/airflow/example_dags/example_branch_operator_decorator.py
[2026-09-17T20:01:34.437+0000] {processor.py:925} INFO - DAG(s) 'example_branch_python_operator_decorator' retrieved from /home/airflow/.local/lib/python3.12/site-packages/airflow/example_dags/example_branch_operator_decorator.py
[2026-09-17T20:01:34.469+0000] {logging_mixin.py:190} INFO - [2026-09-17T20:01:34.469+0000] {dag.py:3239} INFO - Sync 1 DAGs
[2026-09-17T20:01:34.493+0000] {logging_mixin.py:190} INFO - [2026-09-17T20:01:34.493+0000] {dag.py:4180} INFO - Setting next_dagrun for example_branch_python_operator_decorator to 2026-09-16 00:00:00+00:00, run_after=2026-09-17 00:00:00+00:00
[2026-09-17T20:01:34.517+0000] {processor.py:208} INFO - Processing /home/airflow/.local/lib/python3.12/site-packages/airflow/example_dags/example_branch_operator_decorator.py took 0.111 seconds
[2026-09-17T20:02:04.724+0000] {processor.py:186} INFO - Started process (PID=1802) to work on /home/airflow/.local/lib/python3.12/site-packages/airflow/example_dags/example_branch_operator_decorator.py
[2026-09-17T20:02:04.726+0000] {processor.py:914} INFO - Processing file /home/airflow/.local/lib/python3.12/site-packages/airflow/example_dags/example_branch_operator_decorator.py for tasks to queue
[2026-09-17T20:02:04.729+0000] {logging_mixin.py:190} INFO - [2026-09-17T20:02:04.728+0000] {dagbag.py:588} INFO - Filling up the DagBag from /home/airflow/.local/lib/python3.12/site-packages/airflow/example_dags/example_branch_operator_decorator.py
[2026-09-17T20:02:04.752+0000] {processor.py:925} INFO - DAG(s) 'example_branch_python_operator_decorator' retrieved from /home/airflow/.local/lib/python3.12/site-packages/airflow/example_dags/example_branch_operator_decorator.py
[2026-09-17T20:02:04.785+0000] {logging_mixin.py:190} INFO - [2026-09-17T20:02:04.785+0000] {dag.py:3239} INFO - Sync 1 DAGs
[2026-09-17T20:02:04.812+0000] {logging_mixin.py:190} INFO - [2026-09-17T20:02:04.812+0000] {dag.py:4180} INFO - Setting next_dagrun for example_branch_python_operator_decorator to 2026-09-16 00:00:00+00:00, run_after=2026-09-17 00:00:00+00:00
[2026-09-17T20:02:04.835+0000] {processor.py:208} INFO - Processing /home/airflow/.local/lib/python3.12/site-packages/airflow/example_dags/example_branch_operator_decorator.py took 0.117 seconds
[2026-09-17T20:09:41.539+0000] {processor.py:186} INFO - Started process (PID=73) to work on /home/airflow/.local/lib/python3.12/site-packages/airflow/example_dags/example_branch_operator_decorator.py
[2026-09-17T20:09:41.542+0000] {processor.py:914} INFO - Processing file /home/airflow/.local/lib/python3.12/site-packages/airflow/example_dags/example_branch_operator_decorator.py for tasks to queue
[2026-09-17T20:09:41.545+0000] {logging_mixin.py:190} INFO - [2026-09-17T20:09:41.544+0000] {dagbag.py:588} INFO - Filling up the DagBag from /home/airflow/.local/lib/python3.12/site-packages/airflow/example_dags/example_branch_operator_decorator.py
[2026-09-17T20:09:41.581+0000] {processor.py:925} INFO - DAG(s) 'example_branch_python_operator_decorator' retrieved from /home/airflow/.local/lib/python3.12/site-packages/airflow/example_dags/example_branch_operator_decorator.py
[2026-09-17T20:09:41.783+0000] {logging_mixin.py:190} INFO - [2026-09-17T20:09:41.780+0000] {override.py:1911} INFO - Created Permission View: can edit on DAG:example_branch_python_operator_decorator
[2026-09-17T20:09:41.805+0000] {logging_mixin.py:190} INFO - [2026-09-17T20:09:41.805+0000] {override.py:1911} INFO - Created Permission View: can read on DAG:example_branch_python_operator_decorator
[2026-09-17T20:09:41.818+0000] {logging_mixin.py:190} INFO - [2026-09-17T20:09:41.818+0000] {override.py:1911} INFO - Created Permission View: can delete on DAG:example_branch_python_operator_decorator
[2026-09-17T20:09:41.834+0000] {logging_mixin.py:190} INFO - [2026-09-17T20:09:41.834+0000] {override.py:1911} INFO - Created Permission View: can create on DAG Run:example_branch_python_operator_decorator
[2026-09-17T20:09:41.855+0000] {logging_mixin.py:190} INFO - [2026-09-17T20:09:41.854+0000] {override.py:1911} INFO - Created Permission View: menu access on DAG Run:example_branch_python_operator_decorator
[2026-09-17T20:09:41.871+0000] {logging_mixin.py:190} INFO - [2026-09-17T20:09:41.870+0000] {override.py:1911} INFO - Created Permission View: can read on DAG Run:example_branch_python_operator_decorator
[2026-09-17T20:09:41.886+0000] {logging_mixin.py:190} INFO - [2026-09-17T20:09:41.885+0000] {override.py:1911} INFO - Created Permission View: can delete on DAG Run:example_branch_python_operator_decorator
[2026-09-17T20:09:41.889+0000] {logging_mixin.py:190} INFO - [2026-09-17T20:09:41.888+0000] {dag.py:3239} INFO - Sync 1 DAGs
[2026-09-17T20:09:41.911+0000] {logging_mixin.py:190} INFO - [2026-09-17T20:09:41.911+0000] {dag.py:3262} INFO - Creating ORM DAG for example_branch_python_operator_decorator
[2026-09-17T20:09:41.929+0000] {logging_mixin.py:190} INFO - [2026-09-17T20:09:41.929+0000] {dag.py:4180} INFO - Setting next_dagrun for example_branch_python_operator_decorator to 2026-09-16 00:00:00+00:00, run_after=2026-09-17 00:00:00+00:00
[2026-09-17T20:09:41.964+0000] {processor.py:208} INFO - Processing /home/airflow/.local/lib/python3.12/site-packages/airflow/example_dags/example_branch_operator_decorator.py took 0.435 seconds
[2026-09-17T20:10:12.485+0000] {processor.py:186} INFO - Started process (PID=138) to work on /home/airflow/.local/lib/python3.12/site-packages/airflow/example_dags/example_branch_operator_decorator.py
[2026-09-17T20:10:12.488+0000] {processor.py:914} INFO - Processing file /home/airflow/.local/lib/python3.12/site-packages/airflow/example_dags/example_branch_operator_decorator.py for tasks to queue
[2026-09-17T20:10:12.491+0000] {logging_mixin.py:190} INFO - [2026-09-17T20:10:12.490+0000] {dagbag.py:588} INFO - Filling up the DagBag from /home/airflow/.local/lib/python3.12/site-packages/airflow/example_dags/example_branch_operator_decorator.py
[2026-09-17T20:10:12.521+0000] {processor.py:925} INFO - DAG(s) 'example_branch_python_operator_decorator' retrieved from /home/airflow/.local/lib/python3.12/site-packages/airflow/example_dags/example_branch_operator_decorator.py
[2026-09-17T20:10:12.567+0000] {logging_mixin.py:190} INFO - [2026-09-17T20:10:12.567+0000] {dag.py:3239} INFO - Sync 1 DAGs
[2026-09-17T20:10:12.593+0000] {logging_mixin.py:190} INFO - [2026-09-17T20:10:12.593+0000] {dag.py:4180} INFO - Setting next_dagrun for example_branch_python_operator_decorator to 2026-09-16 00:00:00+00:00, run_after=2026-09-17 00:00:00+00:00
[2026-09-17T20:10:12.617+0000] {processor.py:208} INFO - Processing /home/airflow/.local/lib/python3.12/site-packages/airflow/example_dags/example_branch_operator_decorator.py took 0.139 seconds
[2026-09-17T20:10:43.380+0000] {processor.py:186} INFO - Started process (PID=203) to work on /home/airflow/.local/lib/python3.12/site-packages/airflow/example_dags/example_branch_operator_decorator.py
[2026-09-17T20:10:43.382+0000] {processor.py:914} INFO - Processing file /home/airflow/.local/lib/python3.12/site-packages/airflow/example_dags/example_branch_operator_decorator.py for tasks to queue
[2026-09-17T20:10:43.385+0000] {logging_mixin.py:190} INFO - [2026-09-17T20:10:43.384+0000] {dagbag.py:588} INFO - Filling up the DagBag from /home/airflow/.local/lib/python3.12/site-packages/airflow/example_dags/example_branch_operator_decorator.py
[2026-09-17T20:10:43.413+0000] {processor.py:925} INFO - DAG(s) 'example_branch_python_operator_decorator' retrieved from /home/airflow/.local/lib/python3.12/site-packages/airflow/example_dags/example_branch_operator_decorator.py
[2026-09-17T20:10:43.450+0000] {logging_mixin.py:190} INFO - [2026-09-17T20:10:43.450+0000] {dag.py:3239} INFO - Sync 1 DAGs
[2026-09-17T20:10:43.482+0000] {logging_mixin.py:190} INFO - [2026-09-17T20:10:43.481+0000] {dag.py:4180} INFO - Setting next_dagrun for example_branch_python_operator_decorator to 2026-09-16 00:00:00+00:00, run_after=2026-09-17 00:00:00+00:00
[2026-09-17T20:10:43.508+0000] {processor.py:208} INFO - Processing /home/airflow/.local/lib/python3.12/site-packages/airflow/example_dags/example_branch_operator_decorator.py took 0.136 seconds
[2026-09-17T20:11:13.786+0000] {processor.py:186} INFO - Started process (PID=267) to work on /home/airflow/.local/lib/python3.12/site-packages/airflow/example_dags/example_branch_operator_decorator.py
[2026-09-17T20:11:13.788+0000] {processor.py:914} INFO - Processing file /home/airflow/.local/lib/python3.12/site-packages/airflow/example_dags/example_branch_operator_decorator.py for tasks to queue
[2026-09-17T20:11:13.792+0000] {logging_mixin.py:190} INFO - [2026-09-17T20:11:13.791+0000] {dagbag.py:588} INFO - Filling up the DagBag from /home/airflow/.local/lib/python3.12/site-packages/airflow/example_dags/example_branch_operator_decorator.py
[2026-09-17T20:11:13.827+0000] {processor.py:925} INFO - DAG(s) 'example_branch_python_operator_decorator' retrieved from /home/airflow/.local/lib/python3.12/site-packages/airflow/example_dags/example_branch_operator_decorator.py
[2026-09-17T20:11:13.879+0000] {logging_mixin.py:190} INFO - [2026-09-17T20:11:13.879+0000] {dag.py:3239} INFO - Sync 1 DAGs
[2026-09-17T20:11:13.919+0000] {logging_mixin.py:190} INFO - [2026-09-17T20:11:13.919+0000] {dag.py:4180} INFO - Setting next_dagrun for example_branch_python_operator_decorator to 2026-09-16 00:00:00+00:00, run_after=2026-09-17 00:00:00+00:00
[2026-09-17T20:11:13.966+0000] {processor.py:208} INFO - Processing /home/airflow/.local/lib/python3.12/site-packages/airflow/example_dags/example_branch_operator_decorator.py took 0.189 seconds
[2026-09-17T20:11:44.600+0000] {processor.py:186} INFO - Started process (PID=325) to work on /home/airflow/.local/lib/python3.12/site-packages/airflow/example_dags/example_branch_operator_decorator.py
[2026-09-17T20:11:44.602+0000] {processor.py:914} INFO - Processing file /home/airflow/.local/lib/python3.12/site-packages/airflow/example_dags/example_branch_operator_decorator.py for tasks to queue
[2026-09-17T20:11:44.605+0000] {logging_mixin.py:190} INFO - [2026-09-17T20:11:44.604+0000] {dagbag.py:588} INFO - Filling up the DagBag from /home/airflow/.local/lib/python3.12/site-packages/airflow/example_dags/example_branch_operator_decorator.py
[2026-09-17T20:11:44.636+0000] {processor.py:925} INFO - DAG(s) 'example_branch_python_operator_decorator' retrieved from /home/airflow/.local/lib/python3.12/site-packages/airflow/example_dags/example_branch_operator_decorator.py
[2026-09-17T20:11:44.679+0000] {logging_mixin.py:190} INFO - [2026-09-17T20:11:44.678+0000] {dag.py:3239} INFO - Sync 1 DAGs
[2026-09-17T20:11:44.704+0000] {logging_mixin.py:190} INFO - [2026-09-17T20:11:44.704+0000] {dag.py:4180} INFO - Setting next_dagrun for example_branch_python_operator_decorator to 2026-09-16 00:00:00+00:00, run_after=2026-09-17 00:00:00+00:00
[2026-09-17T20:11:44.726+0000] {processor.py:208} INFO - Processing /home/airflow/.local/lib/python3.12/site-packages/airflow/example_dags/example_branch_operator_decorator.py took 0.134 seconds
[2026-09-17T20:12:15.703+0000] {processor.py:186} INFO - Started process (PID=390) to work on /home/airflow/.local/lib/python3.12/site-packages/airflow/example_dags/example_branch_operator_decorator.py
[2026-09-17T20:12:15.705+0000] {processor.py:914} INFO - Processing file /home/airflow/.local/lib/python3.12/site-packages/airflow/example_dags/example_branch_operator_decorator.py for tasks to queue
[2026-09-17T20:12:15.707+0000] {logging_mixin.py:190} INFO - [2026-09-17T20:12:15.707+0000] {dagbag.py:588} INFO - Filling up the DagBag from /home/airflow/.local/lib/python3.12/site-packages/airflow/example_dags/example_branch_operator_decorator.py
[2026-09-17T20:12:15.729+0000] {processor.py:925} INFO - DAG(s) 'example_branch_python_operator_decorator' retrieved from /home/airflow/.local/lib/python3.12/site-packages/airflow/example_dags/example_branch_operator_decorator.py
[2026-09-17T20:12:15.761+0000] {logging_mixin.py:190} INFO - [2026-09-17T20:12:15.760+0000] {dag.py:3239} INFO - Sync 1 DAGs
[2026-09-17T20:12:15.788+0000] {logging_mixin.py:190} INFO - [2026-09-17T20:12:15.788+0000] {dag.py:4180} INFO - Setting next_dagrun for example_branch_python_operator_decorator to 2026-09-16 00:00:00+00:00, run_after=2026-09-17 00:00:00+00:00
[2026-09-17T20:12:15.890+0000] {processor.py:208} INFO - Processing /home/airflow/.local/lib/python3.12/site-packages/airflow/example_dags/example_branch_operator_decorator.py took 0.193 seconds
[2026-09-17T20:12:46.625+0000] {processor.py:186} INFO - Started process (PID=455) to work on /home/airflow/.local/lib/python3.12/site-packages/airflow/example_dags/example_branch_operator_decorator.py
[2026-09-17T20:12:46.627+0000] {processor.py:914} INFO - Processing file /home/airflow/.local/lib/python3.12/site-packages/airflow/example_dags/example_branch_operator_decorator.py for tasks to queue
[2026-09-17T20:12:46.629+0000] {logging_mixin.py:190} INFO - [2026-09-17T20:12:46.629+0000] {dagbag.py:588} INFO - Filling up the DagBag from /home/airflow/.local/lib/python3.12/site-packages/airflow/example_dags/example_branch_operator_decorator.py
[2026-09-17T20:12:46.653+0000] {processor.py:925} INFO - DAG(s) 'example_branch_python_operator_decorator' retrieved from /home/airflow/.local/lib/python3.12/site-packages/airflow/example_dags/example_branch_operator_decorator.py
[2026-09-17T20:12:46.686+0000] {logging_mixin.py:190} INFO - [2026-09-17T20:12:46.686+0000] {dag.py:3239} INFO - Sync 1 DAGs
[2026-09-17T20:12:46.710+0000] {logging_mixin.py:190} INFO - [2026-09-17T20:12:46.710+0000] {dag.py:4180} INFO - Setting next_dagrun for example_branch_python_operator_decorator to 2026-09-16 00:00:00+00:00, run_after=2026-09-17 00:00:00+00:00
[2026-09-17T20:12:46.730+0000] {processor.py:208} INFO - Processing /home/airflow/.local/lib/python3.12/site-packages/airflow/example_dags/example_branch_operator_decorator.py took 0.112 seconds
[2026-09-17T20:13:17.979+0000] {processor.py:186} INFO - Started process (PID=520) to work on /home/airflow/.local/lib/python3.12/site-packages/airflow/example_dags/example_branch_operator_decorator.py
[2026-09-17T20:13:17.982+0000] {processor.py:914} INFO - Processing file /home/airflow/.local/lib/python3.12/site-packages/airflow/example_dags/example_branch_operator_decorator.py for tasks to queue
[2026-09-17T20:13:17.985+0000] {logging_mixin.py:190} INFO - [2026-09-17T20:13:17.984+0000] {dagbag.py:588} INFO - Filling up the DagBag from /home/airflow/.local/lib/python3.12/site-packages/airflow/example_dags/example_branch_operator_decorator.py
[2026-09-17T20:13:18.006+0000] {processor.py:925} INFO - DAG(s) 'example_branch_python_operator_decorator' retrieved from /home/airflow/.local/lib/python3.12/site-packages/airflow/example_dags/example_branch_operator_decorator.py
[2026-09-17T20:13:18.041+0000] {logging_mixin.py:190} INFO - [2026-09-17T20:13:18.041+0000] {dag.py:3239} INFO - Sync 1 DAGs
[2026-09-17T20:13:18.075+0000] {logging_mixin.py:190} INFO - [2026-09-17T20:13:18.075+0000] {dag.py:4180} INFO - Setting next_dagrun for example_branch_python_operator_decorator to 2026-09-16 00:00:00+00:00, run_after=2026-09-17 00:00:00+00:00
[2026-09-17T20:13:18.105+0000] {processor.py:208} INFO - Processing /home/airflow/.local/lib/python3.12/site-packages/airflow/example_dags/example_branch_operator_decorator.py took 0.132 seconds
[2026-09-17T20:13:49.625+0000] {processor.py:186} INFO - Started process (PID=585) to work on /home/airflow/.local/lib/python3.12/site-packages/airflow/example_dags/example_branch_operator_decorator.py
[2026-09-17T20:13:49.626+0000] {processor.py:914} INFO - Processing file /home/airflow/.local/lib/python3.12/site-packages/airflow/example_dags/example_branch_operator_decorator.py for tasks to queue
[2026-09-17T20:13:49.628+0000] {logging_mixin.py:190} INFO - [2026-09-17T20:13:49.628+0000] {dagbag.py:588} INFO - Filling up the DagBag from /home/airflow/.local/lib/python3.12/site-packages/airflow/example_dags/example_branch_operator_decorator.py
[2026-09-17T20:13:49.650+0000] {processor.py:925} INFO - DAG(s) 'example_branch_python_operator_decorator' retrieved from /home/airflow/.local/lib/python3.12/site-packages/airflow/example_dags/example_branch_operator_decorator.py
[2026-09-17T20:13:49.688+0000] {logging_mixin.py:190} INFO - [2026-09-17T20:13:49.687+0000] {dag.py:3239} INFO - Sync 1 DAGs
[2026-09-17T20:13:49.716+0000] {logging_mixin.py:190} INFO - [2026-09-17T20:13:49.715+0000] {dag.py:4180} INFO - Setting next_dagrun for example_branch_python_operator_decorator to 2026-09-16 00:00:00+00:00, run_after=2026-09-17 00:00:00+00:00
[2026-09-17T20:13:49.739+0000] {processor.py:208} INFO - Processing /home/airflow/.local/lib/python3.12/site-packages/airflow/example_dags/example_branch_operator_decorator.py took 0.121 seconds
[2026-09-17T20:14:21.004+0000] {processor.py:186} INFO - Started process (PID=650) to work on /home/airflow/.local/lib/python3.12/site-packages/airflow/example_dags/example_branch_operator_decorator.py
[2026-09-17T20:14:21.006+0000] {processor.py:914} INFO - Processing file /home/airflow/.local/lib/python3.12/site-packages/airflow/example_dags/example_branch_operator_decorator.py for tasks to queue
[2026-09-17T20:14:21.008+0000] {logging_mixin.py:190} INFO - [2026-09-17T20:14:21.007+0000] {dagbag.py:588} INFO - Filling up the DagBag from /home/airflow/.local/lib/python3.12/site-packages/airflow/example_dags/example_branch_operator_decorator.py
[2026-09-17T20:14:21.030+0000] {processor.py:925} INFO - DAG(s) 'example_branch_python_operator_decorator' retrieved from /home/airflow/.local/lib/python3.12/site-packages/airflow/example_dags/example_branch_operator_decorator.py
[2026-09-17T20:14:21.065+0000] {logging_mixin.py:190} INFO - [2026-09-17T20:14:21.065+0000] {dag.py:3239} INFO - Sync 1 DAGs
[2026-09-17T20:14:21.098+0000] {logging_mixin.py:190} INFO - [2026-09-17T20:14:21.098+0000] {dag.py:4180} INFO - Setting next_dagrun for example_branch_python_operator_decorator to 2026-09-16 00:00:00+00:00, run_after=2026-09-17 00:00:00+00:00
[2026-09-17T20:14:21.134+0000] {processor.py:208} INFO - Processing /home/airflow/.local/lib/python3.12/site-packages/airflow/example_dags/example_branch_operator_decorator.py took 0.137 seconds
[2026-09-17T20:14:52.373+0000] {processor.py:186} INFO - Started process (PID=715) to work on /home/airflow/.local/lib/python3.12/site-packages/airflow/example_dags/example_branch_operator_decorator.py
[2026-09-17T20:14:52.374+0000] {processor.py:914} INFO - Processing file /home/airflow/.local/lib/python3.12/site-packages/airflow/example_dags/example_branch_operator_decorator.py for tasks to queue
[2026-09-17T20:14:52.376+0000] {logging_mixin.py:190} INFO - [2026-09-17T20:14:52.376+0000] {dagbag.py:588} INFO - Filling up the DagBag from /home/airflow/.local/lib/python3.12/site-packages/airflow/example_dags/example_branch_operator_decorator.py
[2026-09-17T20:14:52.402+0000] {processor.py:925} INFO - DAG(s) 'example_branch_python_operator_decorator' retrieved from /home/airflow/.local/lib/python3.12/site-packages/airflow/example_dags/example_branch_operator_decorator.py
[2026-09-17T20:14:52.434+0000] {logging_mixin.py:190} INFO - [2026-09-17T20:14:52.434+0000] {dag.py:3239} INFO - Sync 1 DAGs
[2026-09-17T20:14:52.461+0000] {logging_mixin.py:190} INFO - [2026-09-17T20:14:52.461+0000] {dag.py:4180} INFO - Setting next_dagrun for example_branch_python_operator_decorator to 2026-09-16 00:00:00+00:00, run_after=2026-09-17 00:00:00+00:00
[2026-09-17T20:14:52.485+0000] {processor.py:208} INFO - Processing /home/airflow/.local/lib/python3.12/site-packages/airflow/example_dags/example_branch_operator_decorator.py took 0.118 seconds
[2026-09-17T20:15:23.764+0000] {processor.py:186} INFO - Started process (PID=780) to work on /home/airflow/.local/lib/python3.12/site-packages/airflow/example_dags/example_branch_operator_decorator.py
[2026-09-17T20:15:23.766+0000] {processor.py:914} INFO - Processing file /home/airflow/.local/lib/python3.12/site-packages/airflow/example_dags/example_branch_operator_decorator.py for tasks to queue
[2026-09-17T20:15:23.769+0000] {logging_mixin.py:190} INFO - [2026-09-17T20:15:23.768+0000] {dagbag.py:588} INFO - Filling up the DagBag from /home/airflow/.local/lib/python3.12/site-packages/airflow/example_dags/example_branch_operator_decorator.py
[2026-09-17T20:15:23.790+0000] {processor.py:925} INFO - DAG(s) 'example_branch_python_operator_decorator' retrieved from /home/airflow/.local/lib/python3.12/site-packages/airflow/example_dags/example_branch_operator_decorator.py
[2026-09-17T20:15:23.822+0000] {logging_mixin.py:190} INFO - [2026-09-17T20:15:23.822+0000] {dag.py:3239} INFO - Sync 1 DAGs
[2026-09-17T20:15:23.846+0000] {logging_mixin.py:190} INFO - [2026-09-17T20:15:23.845+0000] {dag.py:4180} INFO - Setting next_dagrun for example_branch_python_operator_decorator to 2026-09-16 00:00:00+00:00, run_after=2026-09-17 00:00:00+00:00
[2026-09-17T20:15:23.869+0000] {processor.py:208} INFO - Processing /home/airflow/.local/lib/python3.12/site-packages/airflow/example_dags/example_branch_operator_decorator.py took 0.110 seconds
[2026-09-17T20:15:55.160+0000] {processor.py:186} INFO - Started process (PID=845) to work on /home/airflow/.local/lib/python3.12/site-packages/airflow/example_dags/example_branch_operator_decorator.py
[2026-09-17T20:15:55.162+0000] {processor.py:914} INFO - Processing file /home/airflow/.local/lib/python3.12/site-packages/airflow/example_dags/example_branch_operator_decorator.py for tasks to queue
[2026-09-17T20:15:55.164+0000] {logging_mixin.py:190} INFO - [2026-09-17T20:15:55.164+0000] {dagbag.py:588} INFO - Filling up the DagBag from /home/airflow/.local/lib/python3.12/site-packages/airflow/example_dags/example_branch_operator_decorator.py
[2026-09-17T20:15:55.188+0000] {processor.py:925} INFO - DAG(s) 'example_branch_python_operator_decorator' retrieved from /home/airflow/.local/lib/python3.12/site-packages/airflow/example_dags/example_branch_operator_decorator.py
[2026-09-17T20:15:55.223+0000] {logging_mixin.py:190} INFO - [2026-09-17T20:15:55.223+0000] {dag.py:3239} INFO - Sync 1 DAGs
[2026-09-17T20:15:55.248+0000] {logging_mixin.py:190} INFO - [2026-09-17T20:15:55.247+0000] {dag.py:4180} INFO - Setting next_dagrun for example_branch_python_operator_decorator to 2026-09-16 00:00:00+00:00, run_after=2026-09-17 00:00:00+00:00
[2026-09-17T20:15:55.272+0000] {processor.py:208} INFO - Processing /home/airflow/.local/lib/python3.12/site-packages/airflow/example_dags/example_branch_operator_decorator.py took 0.119 seconds
[2026-09-17T20:16:26.518+0000] {processor.py:186} INFO - Started process (PID=910) to work on /home/airflow/.local/lib/python3.12/site-packages/airflow/example_dags/example_branch_operator_decorator.py
[2026-09-17T20:16:26.521+0000] {processor.py:914} INFO - Processing file /home/airflow/.local/lib/python3.12/site-packages/airflow/example_dags/example_branch_operator_decorator.py for tasks to queue
[2026-09-17T20:16:26.523+0000] {logging_mixin.py:190} INFO - [2026-09-17T20:16:26.522+0000] {dagbag.py:588} INFO - Filling up the DagBag from /home/airflow/.local/lib/python3.12/site-packages/airflow/example_dags/example_branch_operator_decorator.py
[2026-09-17T20:16:26.547+0000] {processor.py:925} INFO - DAG(s) 'example_branch_python_operator_decorator' retrieved from /home/airflow/.local/lib/python3.12/site-packages/airflow/example_dags/example_branch_operator_decorator.py
[2026-09-17T20:16:26.586+0000] {logging_mixin.py:190} INFO - [2026-09-17T20:16:26.586+0000] {dag.py:3239} INFO - Sync 1 DAGs
[2026-09-17T20:16:26.612+0000] {logging_mixin.py:190} INFO - [2026-09-17T20:16:26.612+0000] {dag.py:4180} INFO - Setting next_dagrun for example_branch_python_operator_decorator to 2026-09-16 00:00:00+00:00, run_after=2026-09-17 00:00:00+00:00
[2026-09-17T20:16:26.635+0000] {processor.py:208} INFO - Processing /home/airflow/.local/lib/python3.12/site-packages/airflow/example_dags/example_branch_operator_decorator.py took 0.124 seconds
[2026-09-17T20:16:58.612+0000] {processor.py:186} INFO - Started process (PID=975) to work on /home/airflow/.local/lib/python3.12/site-packages/airflow/example_dags/example_branch_operator_decorator.py
[2026-09-17T20:16:58.615+0000] {processor.py:914} INFO - Processing file /home/airflow/.local/lib/python3.12/site-packages/airflow/example_dags/example_branch_operator_decorator.py for tasks to queue
[2026-09-17T20:16:58.619+0000] {logging_mixin.py:190} INFO - [2026-09-17T20:16:58.618+0000] {dagbag.py:588} INFO - Filling up the DagBag from /home/airflow/.local/lib/python3.12/site-packages/airflow/example_dags/example_branch_operator_decorator.py
[2026-09-17T20:16:58.649+0000] {processor.py:925} INFO - DAG(s) 'example_branch_python_operator_decorator' retrieved from /home/airflow/.local/lib/python3.12/site-packages/airflow/example_dags/example_branch_operator_decorator.py
[2026-09-17T20:16:58.692+0000] {logging_mixin.py:190} INFO - [2026-09-17T20:16:58.692+0000] {dag.py:3239} INFO - Sync 1 DAGs
[2026-09-17T20:16:58.724+0000] {logging_mixin.py:190} INFO - [2026-09-17T20:16:58.724+0000] {dag.py:4180} INFO - Setting next_dagrun for example_branch_python_operator_decorator to 2026-09-16 00:00:00+00:00, run_after=2026-09-17 00:00:00+00:00
[2026-09-17T20:16:58.757+0000] {processor.py:208} INFO - Processing /home/airflow/.local/lib/python3.12/site-packages/airflow/example_dags/example_branch_operator_decorator.py took 0.155 seconds
[2026-09-17T20:17:29.855+0000] {processor.py:186} INFO - Started process (PID=1040) to work on /home/airflow/.local/lib/python3.12/site-packages/airflow/example_dags/example_branch_operator_decorator.py
[2026-09-17T20:17:29.858+0000] {processor.py:914} INFO - Processing file /home/airflow/.local/lib/python3.12/site-packages/airflow/example_dags/example_branch_operator_decorator.py for tasks to queue
[2026-09-17T20:17:29.861+0000] {logging_mixin.py:190} INFO - [2026-09-17T20:17:29.860+0000] {dagbag.py:588} INFO - Filling up the DagBag from /home/airflow/.local/lib/python3.12/site-packages/airflow/example_dags/example_branch_operator_decorator.py
[2026-09-17T20:17:29.892+0000] {processor.py:925} INFO - DAG(s) 'example_branch_python_operator_decorator' retrieved from /home/airflow/.local/lib/python3.12/site-packages/airflow/example_dags/example_branch_operator_decorator.py
[2026-09-17T20:17:29.932+0000] {logging_mixin.py:190} INFO - [2026-09-17T20:17:29.932+0000] {dag.py:3239} INFO - Sync 1 DAGs
[2026-09-17T20:17:29.964+0000] {logging_mixin.py:190} INFO - [2026-09-17T20:17:29.963+0000] {dag.py:4180} INFO - Setting next_dagrun for example_branch_python_operator_decorator to 2026-09-16 00:00:00+00:00, run_after=2026-09-17 00:00:00+00:00
[2026-09-17T20:17:29.989+0000] {processor.py:208} INFO - Processing /home/airflow/.local/lib/python3.12/site-packages/airflow/example_dags/example_branch_operator_decorator.py took 0.140 seconds
[2026-09-17T20:18:00.727+0000] {processor.py:186} INFO - Started process (PID=1105) to work on /home/airflow/.local/lib/python3.12/site-packages/airflow/example_dags/example_branch_operator_decorator.py
[2026-09-17T20:18:00.729+0000] {processor.py:914} INFO - Processing file /home/airflow/.local/lib/python3.12/site-packages/airflow/example_dags/example_branch_operator_decorator.py for tasks to queue
[2026-09-17T20:18:00.731+0000] {logging_mixin.py:190} INFO - [2026-09-17T20:18:00.730+0000] {dagbag.py:588} INFO - Filling up the DagBag from /home/airflow/.local/lib/python3.12/site-packages/airflow/example_dags/example_branch_operator_decorator.py
[2026-09-17T20:18:00.751+0000] {processor.py:925} INFO - DAG(s) 'example_branch_python_operator_decorator' retrieved from /home/airflow/.local/lib/python3.12/site-packages/airflow/example_dags/example_branch_operator_decorator.py
[2026-09-17T20:18:00.781+0000] {logging_mixin.py:190} INFO - [2026-09-17T20:18:00.781+0000] {dag.py:3239} INFO - Sync 1 DAGs
[2026-09-17T20:18:00.804+0000] {logging_mixin.py:190} INFO - [2026-09-17T20:18:00.803+0000] {dag.py:4180} INFO - Setting next_dagrun for example_branch_python_operator_decorator to 2026-09-16 00:00:00+00:00, run_after=2026-09-17 00:00:00+00:00
[2026-09-17T20:18:00.827+0000] {processor.py:208} INFO - Processing /home/airflow/.local/lib/python3.12/site-packages/airflow/example_dags/example_branch_operator_decorator.py took 0.105 seconds
[2026-09-17T20:18:32.528+0000] {processor.py:186} INFO - Started process (PID=1170) to work on /home/airflow/.local/lib/python3.12/site-packages/airflow/example_dags/example_branch_operator_decorator.py
[2026-09-17T20:18:32.530+0000] {processor.py:914} INFO - Processing file /home/airflow/.local/lib/python3.12/site-packages/airflow/example_dags/example_branch_operator_decorator.py for tasks to queue
[2026-09-17T20:18:32.532+0000] {logging_mixin.py:190} INFO - [2026-09-17T20:18:32.532+0000] {dagbag.py:588} INFO - Filling up the DagBag from /home/airflow/.local/lib/python3.12/site-packages/airflow/example_dags/example_branch_operator_decorator.py
[2026-09-17T20:18:32.555+0000] {processor.py:925} INFO - DAG(s) 'example_branch_python_operator_decorator' retrieved from /home/airflow/.local/lib/python3.12/site-packages/airflow/example_dags/example_branch_operator_decorator.py
[2026-09-17T20:18:32.590+0000] {logging_mixin.py:190} INFO - [2026-09-17T20:18:32.590+0000] {dag.py:3239} INFO - Sync 1 DAGs
[2026-09-17T20:18:32.618+0000] {logging_mixin.py:190} INFO - [2026-09-17T20:18:32.617+0000] {dag.py:4180} INFO - Setting next_dagrun for example_branch_python_operator_decorator to 2026-09-16 00:00:00+00:00, run_after=2026-09-17 00:00:00+00:00
[2026-09-17T20:18:32.649+0000] {processor.py:208} INFO - Processing /home/airflow/.local/lib/python3.12/site-packages/airflow/example_dags/example_branch_operator_decorator.py took 0.127 seconds
[2026-09-17T20:19:03.439+0000] {processor.py:186} INFO - Started process (PID=1235) to work on /home/airflow/.local/lib/python3.12/site-packages/airflow/example_dags/example_branch_operator_decorator.py
[2026-09-17T20:19:03.442+0000] {processor.py:914} INFO - Processing file /home/airflow/.local/lib/python3.12/site-packages/airflow/example_dags/example_branch_operator_decorator.py for tasks to queue
[2026-09-17T20:19:03.444+0000] {logging_mixin.py:190} INFO - [2026-09-17T20:19:03.444+0000] {dagbag.py:588} INFO - Filling up the DagBag from /home/airflow/.local/lib/python3.12/site-packages/airflow/example_dags/example_branch_operator_decorator.py
[2026-09-17T20:19:03.467+0000] {processor.py:925} INFO - DAG(s) 'example_branch_python_operator_decorator' retrieved from /home/airflow/.local/lib/python3.12/site-packages/airflow/example_dags/example_branch_operator_decorator.py
[2026-09-17T20:19:03.505+0000] {logging_mixin.py:190} INFO - [2026-09-17T20:19:03.505+0000] {dag.py:3239} INFO - Sync 1 DAGs
[2026-09-17T20:19:03.534+0000] {logging_mixin.py:190} INFO - [2026-09-17T20:19:03.534+0000] {dag.py:4180} INFO - Setting next_dagrun for example_branch_python_operator_decorator to 2026-09-16 00:00:00+00:00, run_after=2026-09-17 00:00:00+00:00
[2026-09-17T20:19:03.559+0000] {processor.py:208} INFO - Processing /home/airflow/.local/lib/python3.12/site-packages/airflow/example_dags/example_branch_operator_decorator.py took 0.127 seconds
[2026-09-17T20:19:34.947+0000] {processor.py:186} INFO - Started process (PID=1293) to work on /home/airflow/.local/lib/python3.12/site-packages/airflow/example_dags/example_branch_operator_decorator.py
[2026-09-17T20:19:34.949+0000] {processor.py:914} INFO - Processing file /home/airflow/.local/lib/python3.12/site-packages/airflow/example_dags/example_branch_operator_decorator.py for tasks to queue
[2026-09-17T20:19:34.951+0000] {logging_mixin.py:190} INFO - [2026-09-17T20:19:34.951+0000] {dagbag.py:588} INFO - Filling up the DagBag from /home/airflow/.local/lib/python3.12/site-packages/airflow/example_dags/example_branch_operator_decorator.py
[2026-09-17T20:19:34.975+0000] {processor.py:925} INFO - DAG(s) 'example_branch_python_operator_decorator' retrieved from /home/airflow/.local/lib/python3.12/site-packages/airflow/example_dags/example_branch_operator_decorator.py
[2026-09-17T20:19:35.008+0000] {logging_mixin.py:190} INFO - [2026-09-17T20:19:35.008+0000] {dag.py:3239} INFO - Sync 1 DAGs
[2026-09-17T20:19:35.034+0000] {logging_mixin.py:190} INFO - [2026-09-17T20:19:35.033+0000] {dag.py:4180} INFO - Setting next_dagrun for example_branch_python_operator_decorator to 2026-09-16 00:00:00+00:00, run_after=2026-09-17 00:00:00+00:00
[2026-09-17T20:19:35.056+0000] {processor.py:208} INFO - Processing /home/airflow/.local/lib/python3.12/site-packages/airflow/example_dags/example_branch_operator_decorator.py took 0.116 seconds
[2026-09-17T20:20:06.406+0000] {processor.py:186} INFO - Started process (PID=1358) to work on /home/airflow/.local/lib/python3.12/site-packages/airflow/example_dags/example_branch_operator_decorator.py
[2026-09-17T20:20:06.408+0000] {processor.py:914} INFO - Processing file /home/airflow/.local/lib/python3.12/site-packages/airflow/example_dags/example_branch_operator_decorator.py for tasks to queue
[2026-09-17T20:20:06.410+0000] {logging_mixin.py:190} INFO - [2026-09-17T20:20:06.410+0000] {dagbag.py:588} INFO - Filling up the DagBag from /home/airflow/.local/lib/python3.12/site-packages/airflow/example_dags/example_branch_operator_decorator.py
[2026-09-17T20:20:06.431+0000] {processor.py:925} INFO - DAG(s) 'example_branch_python_operator_decorator' retrieved from /home/airflow/.local/lib/python3.12/site-packages/airflow/example_dags/example_branch_operator_decorator.py
[2026-09-17T20:20:06.464+0000] {logging_mixin.py:190} INFO - [2026-09-17T20:20:06.463+0000] {dag.py:3239} INFO - Sync 1 DAGs
[2026-09-17T20:20:06.487+0000] {logging_mixin.py:190} INFO - [2026-09-17T20:20:06.487+0000] {dag.py:4180} INFO - Setting next_dagrun for example_branch_python_operator_decorator to 2026-09-16 00:00:00+00:00, run_after=2026-09-17 00:00:00+00:00
[2026-09-17T20:20:06.509+0000] {processor.py:208} INFO - Processing /home/airflow/.local/lib/python3.12/site-packages/airflow/example_dags/example_branch_operator_decorator.py took 0.109 seconds
[2026-09-17T20:20:37.738+0000] {processor.py:186} INFO - Started process (PID=1423) to work on /home/airflow/.local/lib/python3.12/site-packages/airflow/example_dags/example_branch_operator_decorator.py
[2026-09-17T20:20:37.740+0000] {processor.py:914} INFO - Processing file /home/airflow/.local/lib/python3.12/site-packages/airflow/example_dags/example_branch_operator_decorator.py for tasks to queue
[2026-09-17T20:20:37.743+0000] {logging_mixin.py:190} INFO - [2026-09-17T20:20:37.742+0000] {dagbag.py:588} INFO - Filling up the DagBag from /home/airflow/.local/lib/python3.12/site-packages/airflow/example_dags/example_branch_operator_decorator.py
[2026-09-17T20:20:37.766+0000] {processor.py:925} INFO - DAG(s) 'example_branch_python_operator_decorator' retrieved from /home/airflow/.local/lib/python3.12/site-packages/airflow/example_dags/example_branch_operator_decorator.py
[2026-09-17T20:20:37.801+0000] {logging_mixin.py:190} INFO - [2026-09-17T20:20:37.801+0000] {dag.py:3239} INFO - Sync 1 DAGs
[2026-09-17T20:20:37.832+0000] {logging_mixin.py:190} INFO - [2026-09-17T20:20:37.832+0000] {dag.py:4180} INFO - Setting next_dagrun for example_branch_python_operator_decorator to 2026-09-16 00:00:00+00:00, run_after=2026-09-17 00:00:00+00:00
[2026-09-17T20:20:37.869+0000] {processor.py:208} INFO - Processing /home/airflow/.local/lib/python3.12/site-packages/airflow/example_dags/example_branch_operator_decorator.py took 0.137 seconds
[2026-09-17T20:21:08.688+0000] {processor.py:186} INFO - Started process (PID=1488) to work on /home/airflow/.local/lib/python3.12/site-packages/airflow/example_dags/example_branch_operator_decorator.py
[2026-09-17T20:21:08.690+0000] {processor.py:914} INFO - Processing file /home/airflow/.local/lib/python3.12/site-packages/airflow/example_dags/example_branch_operator_decorator.py for tasks to queue
[2026-09-17T20:21:08.692+0000] {logging_mixin.py:190} INFO - [2026-09-17T20:21:08.692+0000] {dagbag.py:588} INFO - Filling up the DagBag from /home/airflow/.local/lib/python3.12/site-packages/airflow/example_dags/example_branch_operator_decorator.py
[2026-09-17T20:21:08.717+0000] {processor.py:925} INFO - DAG(s) 'example_branch_python_operator_decorator' retrieved from /home/airflow/.local/lib/python3.12/site-packages/airflow/example_dags/example_branch_operator_decorator.py
[2026-09-17T20:21:08.756+0000] {logging_mixin.py:190} INFO - [2026-09-17T20:21:08.755+0000] {dag.py:3239} INFO - Sync 1 DAGs
[2026-09-17T20:21:08.783+0000] {logging_mixin.py:190} INFO - [2026-09-17T20:21:08.783+0000] {dag.py:4180} INFO - Setting next_dagrun for example_branch_python_operator_decorator to 2026-09-16 00:00:00+00:00, run_after=2026-09-17 00:00:00+00:00
[2026-09-17T20:21:08.808+0000] {processor.py:208} INFO - Processing /home/airflow/.local/lib/python3.12/site-packages/airflow/example_dags/example_branch_operator_decorator.py took 0.127 seconds
[2026-09-17T20:21:40.042+0000] {processor.py:186} INFO - Started process (PID=1553) to work on /home/airflow/.local/lib/python3.12/site-packages/airflow/example_dags/example_branch_operator_decorator.py
[2026-09-17T20:21:40.044+0000] {processor.py:914} INFO - Processing file /home/airflow/.local/lib/python3.12/site-packages/airflow/example_dags/example_branch_operator_decorator.py for tasks to queue
[2026-09-17T20:21:40.046+0000] {logging_mixin.py:190} INFO - [2026-09-17T20:21:40.046+0000] {dagbag.py:588} INFO - Filling up the DagBag from /home/airflow/.local/lib/python3.12/site-packages/airflow/example_dags/example_branch_operator_decorator.py
[2026-09-17T20:21:40.072+0000] {processor.py:925} INFO - DAG(s) 'example_branch_python_operator_decorator' retrieved from /home/airflow/.local/lib/python3.12/site-packages/airflow/example_dags/example_branch_operator_decorator.py
[2026-09-17T20:21:40.108+0000] {logging_mixin.py:190} INFO - [2026-09-17T20:21:40.107+0000] {dag.py:3239} INFO - Sync 1 DAGs
[2026-09-17T20:21:40.136+0000] {logging_mixin.py:190} INFO - [2026-09-17T20:21:40.136+0000] {dag.py:4180} INFO - Setting next_dagrun for example_branch_python_operator_decorator to 2026-09-16 00:00:00+00:00, run_after=2026-09-17 00:00:00+00:00
[2026-09-17T20:21:40.163+0000] {processor.py:208} INFO - Processing /home/airflow/.local/lib/python3.12/site-packages/airflow/example_dags/example_branch_operator_decorator.py took 0.128 seconds
[2026-09-17T20:22:11.777+0000] {processor.py:186} INFO - Started process (PID=1619) to work on /home/airflow/.local/lib/python3.12/site-packages/airflow/example_dags/example_branch_operator_decorator.py
[2026-09-17T20:22:11.780+0000] {processor.py:914} INFO - Processing file /home/airflow/.local/lib/python3.12/site-packages/airflow/example_dags/example_branch_operator_decorator.py for tasks to queue
[2026-09-17T20:22:11.782+0000] {logging_mixin.py:190} INFO - [2026-09-17T20:22:11.781+0000] {dagbag.py:588} INFO - Filling up the DagBag from /home/airflow/.local/lib/python3.12/site-packages/airflow/example_dags/example_branch_operator_decorator.py
[2026-09-17T20:22:11.805+0000] {processor.py:925} INFO - DAG(s) 'example_branch_python_operator_decorator' retrieved from /home/airflow/.local/lib/python3.12/site-packages/airflow/example_dags/example_branch_operator_decorator.py
[2026-09-17T20:22:11.842+0000] {logging_mixin.py:190} INFO - [2026-09-17T20:22:11.841+0000] {dag.py:3239} INFO - Sync 1 DAGs
[2026-09-17T20:22:11.869+0000] {logging_mixin.py:190} INFO - [2026-09-17T20:22:11.869+0000] {dag.py:4180} INFO - Setting next_dagrun for example_branch_python_operator_decorator to 2026-09-16 00:00:00+00:00, run_after=2026-09-17 00:00:00+00:00
[2026-09-17T20:22:11.895+0000] {processor.py:208} INFO - Processing /home/airflow/.local/lib/python3.12/site-packages/airflow/example_dags/example_branch_operator_decorator.py took 0.125 seconds
[2026-09-17T20:22:43.492+0000] {processor.py:186} INFO - Started process (PID=1684) to work on /home/airflow/.local/lib/python3.12/site-packages/airflow/example_dags/example_branch_operator_decorator.py
[2026-09-17T20:22:43.494+0000] {processor.py:914} INFO - Processing file /home/airflow/.local/lib/python3.12/site-packages/airflow/example_dags/example_branch_operator_decorator.py for tasks to queue
[2026-09-17T20:22:43.497+0000] {logging_mixin.py:190} INFO - [2026-09-17T20:22:43.496+0000] {dagbag.py:588} INFO - Filling up the DagBag from /home/airflow/.local/lib/python3.12/site-packages/airflow/example_dags/example_branch_operator_decorator.py
[2026-09-17T20:22:43.517+0000] {processor.py:925} INFO - DAG(s) 'example_branch_python_operator_decorator' retrieved from /home/airflow/.local/lib/python3.12/site-packages/airflow/example_dags/example_branch_operator_decorator.py
[2026-09-17T20:22:43.552+0000] {logging_mixin.py:190} INFO - [2026-09-17T20:22:43.551+0000] {dag.py:3239} INFO - Sync 1 DAGs
[2026-09-17T20:22:43.577+0000] {logging_mixin.py:190} INFO - [2026-09-17T20:22:43.577+0000] {dag.py:4180} INFO - Setting next_dagrun for example_branch_python_operator_decorator to 2026-09-16 00:00:00+00:00, run_after=2026-09-17 00:00:00+00:00
[2026-09-17T20:22:43.601+0000] {processor.py:208} INFO - Processing /home/airflow/.local/lib/python3.12/site-packages/airflow/example_dags/example_branch_operator_decorator.py took 0.116 seconds
[2026-09-17T20:23:14.919+0000] {processor.py:186} INFO - Started process (PID=1749) to work on /home/airflow/.local/lib/python3.12/site-packages/airflow/example_dags/example_branch_operator_decorator.py
[2026-09-17T20:23:14.921+0000] {processor.py:914} INFO - Processing file /home/airflow/.local/lib/python3.12/site-packages/airflow/example_dags/example_branch_operator_decorator.py for tasks to queue
[2026-09-17T20:23:14.923+0000] {logging_mixin.py:190} INFO - [2026-09-17T20:23:14.923+0000] {dagbag.py:588} INFO - Filling up the DagBag from /home/airflow/.local/lib/python3.12/site-packages/airflow/example_dags/example_branch_operator_decorator.py
[2026-09-17T20:23:14.946+0000] {processor.py:925} INFO - DAG(s) 'example_branch_python_operator_decorator' retrieved from /home/airflow/.local/lib/python3.12/site-packages/airflow/example_dags/example_branch_operator_decorator.py
[2026-09-17T20:23:14.982+0000] {logging_mixin.py:190} INFO - [2026-09-17T20:23:14.982+0000] {dag.py:3239} INFO - Sync 1 DAGs
[2026-09-17T20:23:15.008+0000] {logging_mixin.py:190} INFO - [2026-09-17T20:23:15.008+0000] {dag.py:4180} INFO - Setting next_dagrun for example_branch_python_operator_decorator to 2026-09-16 00:00:00+00:00, run_after=2026-09-17 00:00:00+00:00
[2026-09-17T20:23:15.032+0000] {processor.py:208} INFO - Processing /home/airflow/.local/lib/python3.12/site-packages/airflow/example_dags/example_branch_operator_decorator.py took 0.119 seconds
[2026-09-17T20:23:46.347+0000] {processor.py:186} INFO - Started process (PID=1814) to work on /home/airflow/.local/lib/python3.12/site-packages/airflow/example_dags/example_branch_operator_decorator.py
[2026-09-17T20:23:46.350+0000] {processor.py:914} INFO - Processing file /home/airflow/.local/lib/python3.12/site-packages/airflow/example_dags/example_branch_operator_decorator.py for tasks to queue
[2026-09-17T20:23:46.352+0000] {logging_mixin.py:190} INFO - [2026-09-17T20:23:46.351+0000] {dagbag.py:588} INFO - Filling up the DagBag from /home/airflow/.local/lib/python3.12/site-packages/airflow/example_dags/example_branch_operator_decorator.py
[2026-09-17T20:23:46.375+0000] {processor.py:925} INFO - DAG(s) 'example_branch_python_operator_decorator' retrieved from /home/airflow/.local/lib/python3.12/site-packages/airflow/example_dags/example_branch_operator_decorator.py
[2026-09-17T20:23:46.410+0000] {logging_mixin.py:190} INFO - [2026-09-17T20:23:46.410+0000] {dag.py:3239} INFO - Sync 1 DAGs
[2026-09-17T20:23:46.436+0000] {logging_mixin.py:190} INFO - [2026-09-17T20:23:46.436+0000] {dag.py:4180} INFO - Setting next_dagrun for example_branch_python_operator_decorator to 2026-09-16 00:00:00+00:00, run_after=2026-09-17 00:00:00+00:00
[2026-09-17T20:23:46.461+0000] {processor.py:208} INFO - Processing /home/airflow/.local/lib/python3.12/site-packages/airflow/example_dags/example_branch_operator_decorator.py took 0.120 seconds
[2026-09-17T20:24:17.649+0000] {processor.py:186} INFO - Started process (PID=1879) to work on /home/airflow/.local/lib/python3.12/site-packages/airflow/example_dags/example_branch_operator_decorator.py
[2026-09-17T20:24:17.651+0000] {processor.py:914} INFO - Processing file /home/airflow/.local/lib/python3.12/site-packages/airflow/example_dags/example_branch_operator_decorator.py for tasks to queue
[2026-09-17T20:24:17.653+0000] {logging_mixin.py:190} INFO - [2026-09-17T20:24:17.653+0000] {dagbag.py:588} INFO - Filling up the DagBag from /home/airflow/.local/lib/python3.12/site-packages/airflow/example_dags/example_branch_operator_decorator.py
[2026-09-17T20:24:17.674+0000] {processor.py:925} INFO - DAG(s) 'example_branch_python_operator_decorator' retrieved from /home/airflow/.local/lib/python3.12/site-packages/airflow/example_dags/example_branch_operator_decorator.py
[2026-09-17T20:24:17.706+0000] {logging_mixin.py:190} INFO - [2026-09-17T20:24:17.705+0000] {dag.py:3239} INFO - Sync 1 DAGs
[2026-09-17T20:24:17.729+0000] {logging_mixin.py:190} INFO - [2026-09-17T20:24:17.729+0000] {dag.py:4180} INFO - Setting next_dagrun for example_branch_python_operator_decorator to 2026-09-16 00:00:00+00:00, run_after=2026-09-17 00:00:00+00:00
[2026-09-17T20:24:17.750+0000] {processor.py:208} INFO - Processing /home/airflow/.local/lib/python3.12/site-packages/airflow/example_dags/example_branch_operator_decorator.py took 0.106 seconds
[2026-09-17T20:24:49.340+0000] {processor.py:186} INFO - Started process (PID=1944) to work on /home/airflow/.local/lib/python3.12/site-packages/airflow/example_dags/example_branch_operator_decorator.py
[2026-09-17T20:24:49.342+0000] {processor.py:914} INFO - Processing file /home/airflow/.local/lib/python3.12/site-packages/airflow/example_dags/example_branch_operator_decorator.py for tasks to queue
[2026-09-17T20:24:49.345+0000] {logging_mixin.py:190} INFO - [2026-09-17T20:24:49.345+0000] {dagbag.py:588} INFO - Filling up the DagBag from /home/airflow/.local/lib/python3.12/site-packages/airflow/example_dags/example_branch_operator_decorator.py
[2026-09-17T20:24:49.371+0000] {processor.py:925} INFO - DAG(s) 'example_branch_python_operator_decorator' retrieved from /home/airflow/.local/lib/python3.12/site-packages/airflow/example_dags/example_branch_operator_decorator.py
[2026-09-17T20:24:49.406+0000] {logging_mixin.py:190} INFO - [2026-09-17T20:24:49.406+0000] {dag.py:3239} INFO - Sync 1 DAGs
[2026-09-17T20:24:49.432+0000] {logging_mixin.py:190} INFO - [2026-09-17T20:24:49.432+0000] {dag.py:4180} INFO - Setting next_dagrun for example_branch_python_operator_decorator to 2026-09-16 00:00:00+00:00, run_after=2026-09-17 00:00:00+00:00
[2026-09-17T20:24:49.457+0000] {processor.py:208} INFO - Processing /home/airflow/.local/lib/python3.12/site-packages/airflow/example_dags/example_branch_operator_decorator.py took 0.124 seconds
[2026-09-17T20:25:20.707+0000] {processor.py:186} INFO - Started process (PID=2009) to work on /home/airflow/.local/lib/python3.12/site-packages/airflow/example_dags/example_branch_operator_decorator.py
[2026-09-17T20:25:20.708+0000] {processor.py:914} INFO - Processing file /home/airflow/.local/lib/python3.12/site-packages/airflow/example_dags/example_branch_operator_decorator.py for tasks to queue
[2026-09-17T20:25:20.711+0000] {logging_mixin.py:190} INFO - [2026-09-17T20:25:20.711+0000] {dagbag.py:588} INFO - Filling up the DagBag from /home/airflow/.local/lib/python3.12/site-packages/airflow/example_dags/example_branch_operator_decorator.py
[2026-09-17T20:25:20.732+0000] {processor.py:925} INFO - DAG(s) 'example_branch_python_operator_decorator' retrieved from /home/airflow/.local/lib/python3.12/site-packages/airflow/example_dags/example_branch_operator_decorator.py
[2026-09-17T20:25:20.766+0000] {logging_mixin.py:190} INFO - [2026-09-17T20:25:20.766+0000] {dag.py:3239} INFO - Sync 1 DAGs
[2026-09-17T20:25:20.793+0000] {logging_mixin.py:190} INFO - [2026-09-17T20:25:20.792+0000] {dag.py:4180} INFO - Setting next_dagrun for example_branch_python_operator_decorator to 2026-09-16 00:00:00+00:00, run_after=2026-09-17 00:00:00+00:00
[2026-09-17T20:25:20.816+0000] {processor.py:208} INFO - Processing /home/airflow/.local/lib/python3.12/site-packages/airflow/example_dags/example_branch_operator_decorator.py took 0.115 seconds
[2026-09-17T20:25:52.749+0000] {processor.py:186} INFO - Started process (PID=2074) to work on /home/airflow/.local/lib/python3.12/site-packages/airflow/example_dags/example_branch_operator_decorator.py
[2026-09-17T20:25:52.752+0000] {processor.py:914} INFO - Processing file /home/airflow/.local/lib/python3.12/site-packages/airflow/example_dags/example_branch_operator_decorator.py for tasks to queue
[2026-09-17T20:25:52.755+0000] {logging_mixin.py:190} INFO - [2026-09-17T20:25:52.755+0000] {dagbag.py:588} INFO - Filling up the DagBag from /home/airflow/.local/lib/python3.12/site-packages/airflow/example_dags/example_branch_operator_decorator.py
[2026-09-17T20:25:52.784+0000] {processor.py:925} INFO - DAG(s) 'example_branch_python_operator_decorator' retrieved from /home/airflow/.local/lib/python3.12/site-packages/airflow/example_dags/example_branch_operator_decorator.py
[2026-09-17T20:25:52.822+0000] {logging_mixin.py:190} INFO - [2026-09-17T20:25:52.822+0000] {dag.py:3239} INFO - Sync 1 DAGs
[2026-09-17T20:25:52.861+0000] {logging_mixin.py:190} INFO - [2026-09-17T20:25:52.861+0000] {dag.py:4180} INFO - Setting next_dagrun for example_branch_python_operator_decorator to 2026-09-16 00:00:00+00:00, run_after=2026-09-17 00:00:00+00:00
[2026-09-17T20:25:52.889+0000] {processor.py:208} INFO - Processing /home/airflow/.local/lib/python3.12/site-packages/airflow/example_dags/example_branch_operator_decorator.py took 0.148 seconds
[2026-09-17T20:26:24.165+0000] {processor.py:186} INFO - Started process (PID=2142) to work on /home/airflow/.local/lib/python3.12/site-packages/airflow/example_dags/example_branch_operator_decorator.py
[2026-09-17T20:26:24.167+0000] {processor.py:914} INFO - Processing file /home/airflow/.local/lib/python3.12/site-packages/airflow/example_dags/example_branch_operator_decorator.py for tasks to queue
[2026-09-17T20:26:24.170+0000] {logging_mixin.py:190} INFO - [2026-09-17T20:26:24.169+0000] {dagbag.py:588} INFO - Filling up the DagBag from /home/airflow/.local/lib/python3.12/site-packages/airflow/example_dags/example_branch_operator_decorator.py
[2026-09-17T20:26:24.191+0000] {processor.py:925} INFO - DAG(s) 'example_branch_python_operator_decorator' retrieved from /home/airflow/.local/lib/python3.12/site-packages/airflow/example_dags/example_branch_operator_decorator.py
[2026-09-17T20:26:24.224+0000] {logging_mixin.py:190} INFO - [2026-09-17T20:26:24.224+0000] {dag.py:3239} INFO - Sync 1 DAGs
[2026-09-17T20:26:24.249+0000] {logging_mixin.py:190} INFO - [2026-09-17T20:26:24.249+0000] {dag.py:4180} INFO - Setting next_dagrun for example_branch_python_operator_decorator to 2026-09-16 00:00:00+00:00, run_after=2026-09-17 00:00:00+00:00
[2026-09-17T20:26:24.274+0000] {processor.py:208} INFO - Processing /home/airflow/.local/lib/python3.12/site-packages/airflow/example_dags/example_branch_operator_decorator.py took 0.114 seconds
[2026-09-17T20:26:54.965+0000] {processor.py:186} INFO - Started process (PID=2207) to work on /home/airflow/.local/lib/python3.12/site-packages/airflow/example_dags/example_branch_operator_decorator.py
[2026-09-17T20:26:54.968+0000] {processor.py:914} INFO - Processing file /home/airflow/.local/lib/python3.12/site-packages/airflow/example_dags/example_branch_operator_decorator.py for tasks to queue
[2026-09-17T20:26:54.971+0000] {logging_mixin.py:190} INFO - [2026-09-17T20:26:54.970+0000] {dagbag.py:588} INFO - Filling up the DagBag from /home/airflow/.local/lib/python3.12/site-packages/airflow/example_dags/example_branch_operator_decorator.py
[2026-09-17T20:26:54.996+0000] {processor.py:925} INFO - DAG(s) 'example_branch_python_operator_decorator' retrieved from /home/airflow/.local/lib/python3.12/site-packages/airflow/example_dags/example_branch_operator_decorator.py
[2026-09-17T20:26:55.035+0000] {logging_mixin.py:190} INFO - [2026-09-17T20:26:55.035+0000] {dag.py:3239} INFO - Sync 1 DAGs
[2026-09-17T20:26:55.060+0000] {logging_mixin.py:190} INFO - [2026-09-17T20:26:55.060+0000] {dag.py:4180} INFO - Setting next_dagrun for example_branch_python_operator_decorator to 2026-09-16 00:00:00+00:00, run_after=2026-09-17 00:00:00+00:00
[2026-09-17T20:26:55.086+0000] {processor.py:208} INFO - Processing /home/airflow/.local/lib/python3.12/site-packages/airflow/example_dags/example_branch_operator_decorator.py took 0.129 seconds
[2026-09-17T20:28:35.963+0000] {processor.py:186} INFO - Started process (PID=73) to work on /home/airflow/.local/lib/python3.12/site-packages/airflow/example_dags/example_branch_operator_decorator.py
[2026-09-17T20:28:35.965+0000] {processor.py:914} INFO - Processing file /home/airflow/.local/lib/python3.12/site-packages/airflow/example_dags/example_branch_operator_decorator.py for tasks to queue
[2026-09-17T20:28:35.968+0000] {logging_mixin.py:190} INFO - [2026-09-17T20:28:35.968+0000] {dagbag.py:588} INFO - Filling up the DagBag from /home/airflow/.local/lib/python3.12/site-packages/airflow/example_dags/example_branch_operator_decorator.py
[2026-09-17T20:28:35.994+0000] {processor.py:925} INFO - DAG(s) 'example_branch_python_operator_decorator' retrieved from /home/airflow/.local/lib/python3.12/site-packages/airflow/example_dags/example_branch_operator_decorator.py
[2026-09-17T20:28:36.166+0000] {logging_mixin.py:190} INFO - [2026-09-17T20:28:36.166+0000] {dag.py:3239} INFO - Sync 1 DAGs
[2026-09-17T20:28:36.209+0000] {logging_mixin.py:190} INFO - [2026-09-17T20:28:36.208+0000] {dag.py:4180} INFO - Setting next_dagrun for example_branch_python_operator_decorator to 2026-09-16 00:00:00+00:00, run_after=2026-09-17 00:00:00+00:00
[2026-09-17T20:28:36.248+0000] {processor.py:208} INFO - Processing /home/airflow/.local/lib/python3.12/site-packages/airflow/example_dags/example_branch_operator_decorator.py took 0.292 seconds
[2026-09-17T20:29:06.712+0000] {processor.py:186} INFO - Started process (PID=137) to work on /home/airflow/.local/lib/python3.12/site-packages/airflow/example_dags/example_branch_operator_decorator.py
[2026-09-17T20:29:06.715+0000] {processor.py:914} INFO - Processing file /home/airflow/.local/lib/python3.12/site-packages/airflow/example_dags/example_branch_operator_decorator.py for tasks to queue
[2026-09-17T20:29:06.717+0000] {logging_mixin.py:190} INFO - [2026-09-17T20:29:06.717+0000] {dagbag.py:588} INFO - Filling up the DagBag from /home/airflow/.local/lib/python3.12/site-packages/airflow/example_dags/example_branch_operator_decorator.py
[2026-09-17T20:29:06.744+0000] {processor.py:925} INFO - DAG(s) 'example_branch_python_operator_decorator' retrieved from /home/airflow/.local/lib/python3.12/site-packages/airflow/example_dags/example_branch_operator_decorator.py
[2026-09-17T20:29:06.782+0000] {logging_mixin.py:190} INFO - [2026-09-17T20:29:06.782+0000] {dag.py:3239} INFO - Sync 1 DAGs
[2026-09-17T20:29:06.814+0000] {logging_mixin.py:190} INFO - [2026-09-17T20:29:06.814+0000] {dag.py:4180} INFO - Setting next_dagrun for example_branch_python_operator_decorator to 2026-09-16 00:00:00+00:00, run_after=2026-09-17 00:00:00+00:00
[2026-09-17T20:29:06.842+0000] {processor.py:208} INFO - Processing /home/airflow/.local/lib/python3.12/site-packages/airflow/example_dags/example_branch_operator_decorator.py took 0.137 seconds
[2026-09-17T20:29:38.197+0000] {processor.py:186} INFO - Started process (PID=202) to work on /home/airflow/.local/lib/python3.12/site-packages/airflow/example_dags/example_branch_operator_decorator.py
[2026-09-17T20:29:38.199+0000] {processor.py:914} INFO - Processing file /home/airflow/.local/lib/python3.12/site-packages/airflow/example_dags/example_branch_operator_decorator.py for tasks to queue
[2026-09-17T20:29:38.202+0000] {logging_mixin.py:190} INFO - [2026-09-17T20:29:38.201+0000] {dagbag.py:588} INFO - Filling up the DagBag from /home/airflow/.local/lib/python3.12/site-packages/airflow/example_dags/example_branch_operator_decorator.py
[2026-09-17T20:29:38.243+0000] {processor.py:925} INFO - DAG(s) 'example_branch_python_operator_decorator' retrieved from /home/airflow/.local/lib/python3.12/site-packages/airflow/example_dags/example_branch_operator_decorator.py
[2026-09-17T20:29:38.284+0000] {logging_mixin.py:190} INFO - [2026-09-17T20:29:38.284+0000] {dag.py:3239} INFO - Sync 1 DAGs
[2026-09-17T20:29:38.316+0000] {logging_mixin.py:190} INFO - [2026-09-17T20:29:38.316+0000] {dag.py:4180} INFO - Setting next_dagrun for example_branch_python_operator_decorator to 2026-09-16 00:00:00+00:00, run_after=2026-09-17 00:00:00+00:00
[2026-09-17T20:29:38.342+0000] {processor.py:208} INFO - Processing /home/airflow/.local/lib/python3.12/site-packages/airflow/example_dags/example_branch_operator_decorator.py took 0.153 seconds
[2026-09-17T20:30:09.321+0000] {processor.py:186} INFO - Started process (PID=260) to work on /home/airflow/.local/lib/python3.12/site-packages/airflow/example_dags/example_branch_operator_decorator.py
[2026-09-17T20:30:09.323+0000] {processor.py:914} INFO - Processing file /home/airflow/.local/lib/python3.12/site-packages/airflow/example_dags/example_branch_operator_decorator.py for tasks to queue
[2026-09-17T20:30:09.325+0000] {logging_mixin.py:190} INFO - [2026-09-17T20:30:09.325+0000] {dagbag.py:588} INFO - Filling up the DagBag from /home/airflow/.local/lib/python3.12/site-packages/airflow/example_dags/example_branch_operator_decorator.py
[2026-09-17T20:30:09.347+0000] {processor.py:925} INFO - DAG(s) 'example_branch_python_operator_decorator' retrieved from /home/airflow/.local/lib/python3.12/site-packages/airflow/example_dags/example_branch_operator_decorator.py
[2026-09-17T20:30:09.381+0000] {logging_mixin.py:190} INFO - [2026-09-17T20:30:09.381+0000] {dag.py:3239} INFO - Sync 1 DAGs
[2026-09-17T20:30:09.405+0000] {logging_mixin.py:190} INFO - [2026-09-17T20:30:09.405+0000] {dag.py:4180} INFO - Setting next_dagrun for example_branch_python_operator_decorator to 2026-09-16 00:00:00+00:00, run_after=2026-09-17 00:00:00+00:00
[2026-09-17T20:30:09.431+0000] {processor.py:208} INFO - Processing /home/airflow/.local/lib/python3.12/site-packages/airflow/example_dags/example_branch_operator_decorator.py took 0.116 seconds
[2026-09-17T20:30:40.319+0000] {processor.py:186} INFO - Started process (PID=325) to work on /home/airflow/.local/lib/python3.12/site-packages/airflow/example_dags/example_branch_operator_decorator.py
[2026-09-17T20:30:40.321+0000] {processor.py:914} INFO - Processing file /home/airflow/.local/lib/python3.12/site-packages/airflow/example_dags/example_branch_operator_decorator.py for tasks to queue
[2026-09-17T20:30:40.323+0000] {logging_mixin.py:190} INFO - [2026-09-17T20:30:40.322+0000] {dagbag.py:588} INFO - Filling up the DagBag from /home/airflow/.local/lib/python3.12/site-packages/airflow/example_dags/example_branch_operator_decorator.py
[2026-09-17T20:30:40.345+0000] {processor.py:925} INFO - DAG(s) 'example_branch_python_operator_decorator' retrieved from /home/airflow/.local/lib/python3.12/site-packages/airflow/example_dags/example_branch_operator_decorator.py
[2026-09-17T20:30:40.378+0000] {logging_mixin.py:190} INFO - [2026-09-17T20:30:40.378+0000] {dag.py:3239} INFO - Sync 1 DAGs
[2026-09-17T20:30:40.404+0000] {logging_mixin.py:190} INFO - [2026-09-17T20:30:40.404+0000] {dag.py:4180} INFO - Setting next_dagrun for example_branch_python_operator_decorator to 2026-09-16 00:00:00+00:00, run_after=2026-09-17 00:00:00+00:00
[2026-09-17T20:30:40.428+0000] {processor.py:208} INFO - Processing /home/airflow/.local/lib/python3.12/site-packages/airflow/example_dags/example_branch_operator_decorator.py took 0.115 seconds
[2026-09-17T20:31:10.847+0000] {processor.py:186} INFO - Started process (PID=390) to work on /home/airflow/.local/lib/python3.12/site-packages/airflow/example_dags/example_branch_operator_decorator.py
[2026-09-17T20:31:10.848+0000] {processor.py:914} INFO - Processing file /home/airflow/.local/lib/python3.12/site-packages/airflow/example_dags/example_branch_operator_decorator.py for tasks to queue
[2026-09-17T20:31:10.850+0000] {logging_mixin.py:190} INFO - [2026-09-17T20:31:10.850+0000] {dagbag.py:588} INFO - Filling up the DagBag from /home/airflow/.local/lib/python3.12/site-packages/airflow/example_dags/example_branch_operator_decorator.py
[2026-09-17T20:31:10.872+0000] {processor.py:925} INFO - DAG(s) 'example_branch_python_operator_decorator' retrieved from /home/airflow/.local/lib/python3.12/site-packages/airflow/example_dags/example_branch_operator_decorator.py
[2026-09-17T20:31:10.906+0000] {logging_mixin.py:190} INFO - [2026-09-17T20:31:10.906+0000] {dag.py:3239} INFO - Sync 1 DAGs
[2026-09-17T20:31:10.936+0000] {logging_mixin.py:190} INFO - [2026-09-17T20:31:10.936+0000] {dag.py:4180} INFO - Setting next_dagrun for example_branch_python_operator_decorator to 2026-09-16 00:00:00+00:00, run_after=2026-09-17 00:00:00+00:00
[2026-09-17T20:31:10.971+0000] {processor.py:208} INFO - Processing /home/airflow/.local/lib/python3.12/site-packages/airflow/example_dags/example_branch_operator_decorator.py took 0.131 seconds
[2026-09-17T20:31:42.354+0000] {processor.py:186} INFO - Started process (PID=455) to work on /home/airflow/.local/lib/python3.12/site-packages/airflow/example_dags/example_branch_operator_decorator.py
[2026-09-17T20:31:42.357+0000] {processor.py:914} INFO - Processing file /home/airflow/.local/lib/python3.12/site-packages/airflow/example_dags/example_branch_operator_decorator.py for tasks to queue
[2026-09-17T20:31:42.359+0000] {logging_mixin.py:190} INFO - [2026-09-17T20:31:42.359+0000] {dagbag.py:588} INFO - Filling up the DagBag from /home/airflow/.local/lib/python3.12/site-packages/airflow/example_dags/example_branch_operator_decorator.py
[2026-09-17T20:31:42.390+0000] {processor.py:925} INFO - DAG(s) 'example_branch_python_operator_decorator' retrieved from /home/airflow/.local/lib/python3.12/site-packages/airflow/example_dags/example_branch_operator_decorator.py
[2026-09-17T20:31:42.438+0000] {logging_mixin.py:190} INFO - [2026-09-17T20:31:42.437+0000] {dag.py:3239} INFO - Sync 1 DAGs
[2026-09-17T20:31:42.467+0000] {logging_mixin.py:190} INFO - [2026-09-17T20:31:42.467+0000] {dag.py:4180} INFO - Setting next_dagrun for example_branch_python_operator_decorator to 2026-09-16 00:00:00+00:00, run_after=2026-09-17 00:00:00+00:00
[2026-09-17T20:31:42.493+0000] {processor.py:208} INFO - Processing /home/airflow/.local/lib/python3.12/site-packages/airflow/example_dags/example_branch_operator_decorator.py took 0.148 seconds
[2026-09-17T20:32:18.108+0000] {processor.py:186} INFO - Started process (PID=520) to work on /home/airflow/.local/lib/python3.12/site-packages/airflow/example_dags/example_branch_operator_decorator.py
[2026-09-17T20:32:18.111+0000] {processor.py:914} INFO - Processing file /home/airflow/.local/lib/python3.12/site-packages/airflow/example_dags/example_branch_operator_decorator.py for tasks to queue
[2026-09-17T20:32:18.113+0000] {logging_mixin.py:190} INFO - [2026-09-17T20:32:18.112+0000] {dagbag.py:588} INFO - Filling up the DagBag from /home/airflow/.local/lib/python3.12/site-packages/airflow/example_dags/example_branch_operator_decorator.py
[2026-09-17T20:32:18.137+0000] {processor.py:925} INFO - DAG(s) 'example_branch_python_operator_decorator' retrieved from /home/airflow/.local/lib/python3.12/site-packages/airflow/example_dags/example_branch_operator_decorator.py
[2026-09-17T20:32:18.228+0000] {logging_mixin.py:190} INFO - [2026-09-17T20:32:18.227+0000] {dag.py:3239} INFO - Sync 1 DAGs
[2026-09-17T20:32:18.290+0000] {logging_mixin.py:190} INFO - [2026-09-17T20:32:18.289+0000] {dag.py:4180} INFO - Setting next_dagrun for example_branch_python_operator_decorator to 2026-09-16 00:00:00+00:00, run_after=2026-09-17 00:00:00+00:00
[2026-09-17T20:32:18.331+0000] {processor.py:208} INFO - Processing /home/airflow/.local/lib/python3.12/site-packages/airflow/example_dags/example_branch_operator_decorator.py took 0.229 seconds
[2026-09-17T20:32:49.133+0000] {processor.py:186} INFO - Started process (PID=585) to work on /home/airflow/.local/lib/python3.12/site-packages/airflow/example_dags/example_branch_operator_decorator.py
[2026-09-17T20:32:49.135+0000] {processor.py:914} INFO - Processing file /home/airflow/.local/lib/python3.12/site-packages/airflow/example_dags/example_branch_operator_decorator.py for tasks to queue
[2026-09-17T20:32:49.138+0000] {logging_mixin.py:190} INFO - [2026-09-17T20:32:49.137+0000] {dagbag.py:588} INFO - Filling up the DagBag from /home/airflow/.local/lib/python3.12/site-packages/airflow/example_dags/example_branch_operator_decorator.py
[2026-09-17T20:32:49.159+0000] {processor.py:925} INFO - DAG(s) 'example_branch_python_operator_decorator' retrieved from /home/airflow/.local/lib/python3.12/site-packages/airflow/example_dags/example_branch_operator_decorator.py
[2026-09-17T20:32:49.193+0000] {logging_mixin.py:190} INFO - [2026-09-17T20:32:49.193+0000] {dag.py:3239} INFO - Sync 1 DAGs
[2026-09-17T20:32:49.221+0000] {logging_mixin.py:190} INFO - [2026-09-17T20:32:49.221+0000] {dag.py:4180} INFO - Setting next_dagrun for example_branch_python_operator_decorator to 2026-09-16 00:00:00+00:00, run_after=2026-09-17 00:00:00+00:00
[2026-09-17T20:32:49.250+0000] {processor.py:208} INFO - Processing /home/airflow/.local/lib/python3.12/site-packages/airflow/example_dags/example_branch_operator_decorator.py took 0.123 seconds
[2026-09-17T20:33:19.402+0000] {processor.py:186} INFO - Started process (PID=649) to work on /home/airflow/.local/lib/python3.12/site-packages/airflow/example_dags/example_branch_operator_decorator.py
[2026-09-17T20:33:19.404+0000] {processor.py:914} INFO - Processing file /home/airflow/.local/lib/python3.12/site-packages/airflow/example_dags/example_branch_operator_decorator.py for tasks to queue
[2026-09-17T20:33:19.406+0000] {logging_mixin.py:190} INFO - [2026-09-17T20:33:19.405+0000] {dagbag.py:588} INFO - Filling up the DagBag from /home/airflow/.local/lib/python3.12/site-packages/airflow/example_dags/example_branch_operator_decorator.py
[2026-09-17T20:33:19.431+0000] {processor.py:925} INFO - DAG(s) 'example_branch_python_operator_decorator' retrieved from /home/airflow/.local/lib/python3.12/site-packages/airflow/example_dags/example_branch_operator_decorator.py
[2026-09-17T20:33:19.465+0000] {logging_mixin.py:190} INFO - [2026-09-17T20:33:19.465+0000] {dag.py:3239} INFO - Sync 1 DAGs
[2026-09-17T20:33:19.493+0000] {logging_mixin.py:190} INFO - [2026-09-17T20:33:19.493+0000] {dag.py:4180} INFO - Setting next_dagrun for example_branch_python_operator_decorator to 2026-09-16 00:00:00+00:00, run_after=2026-09-17 00:00:00+00:00
[2026-09-17T20:33:19.514+0000] {processor.py:208} INFO - Processing /home/airflow/.local/lib/python3.12/site-packages/airflow/example_dags/example_branch_operator_decorator.py took 0.118 seconds
[2026-09-17T20:33:49.577+0000] {processor.py:186} INFO - Started process (PID=714) to work on /home/airflow/.local/lib/python3.12/site-packages/airflow/example_dags/example_branch_operator_decorator.py
[2026-09-17T20:33:49.579+0000] {processor.py:914} INFO - Processing file /home/airflow/.local/lib/python3.12/site-packages/airflow/example_dags/example_branch_operator_decorator.py for tasks to queue
[2026-09-17T20:33:49.582+0000] {logging_mixin.py:190} INFO - [2026-09-17T20:33:49.581+0000] {dagbag.py:588} INFO - Filling up the DagBag from /home/airflow/.local/lib/python3.12/site-packages/airflow/example_dags/example_branch_operator_decorator.py
[2026-09-17T20:33:49.619+0000] {processor.py:925} INFO - DAG(s) 'example_branch_python_operator_decorator' retrieved from /home/airflow/.local/lib/python3.12/site-packages/airflow/example_dags/example_branch_operator_decorator.py
[2026-09-17T20:33:49.666+0000] {logging_mixin.py:190} INFO - [2026-09-17T20:33:49.665+0000] {dag.py:3239} INFO - Sync 1 DAGs
[2026-09-17T20:33:49.694+0000] {logging_mixin.py:190} INFO - [2026-09-17T20:33:49.694+0000] {dag.py:4180} INFO - Setting next_dagrun for example_branch_python_operator_decorator to 2026-09-16 00:00:00+00:00, run_after=2026-09-17 00:00:00+00:00
[2026-09-17T20:33:49.717+0000] {processor.py:208} INFO - Processing /home/airflow/.local/lib/python3.12/site-packages/airflow/example_dags/example_branch_operator_decorator.py took 0.147 seconds
[2026-09-17T20:34:20.717+0000] {processor.py:186} INFO - Started process (PID=779) to work on /home/airflow/.local/lib/python3.12/site-packages/airflow/example_dags/example_branch_operator_decorator.py
[2026-09-17T20:34:20.719+0000] {processor.py:914} INFO - Processing file /home/airflow/.local/lib/python3.12/site-packages/airflow/example_dags/example_branch_operator_decorator.py for tasks to queue
[2026-09-17T20:34:20.721+0000] {logging_mixin.py:190} INFO - [2026-09-17T20:34:20.721+0000] {dagbag.py:588} INFO - Filling up the DagBag from /home/airflow/.local/lib/python3.12/site-packages/airflow/example_dags/example_branch_operator_decorator.py
[2026-09-17T20:34:20.748+0000] {processor.py:925} INFO - DAG(s) 'example_branch_python_operator_decorator' retrieved from /home/airflow/.local/lib/python3.12/site-packages/airflow/example_dags/example_branch_operator_decorator.py
[2026-09-17T20:34:20.789+0000] {logging_mixin.py:190} INFO - [2026-09-17T20:34:20.789+0000] {dag.py:3239} INFO - Sync 1 DAGs
[2026-09-17T20:34:20.822+0000] {logging_mixin.py:190} INFO - [2026-09-17T20:34:20.822+0000] {dag.py:4180} INFO - Setting next_dagrun for example_branch_python_operator_decorator to 2026-09-16 00:00:00+00:00, run_after=2026-09-17 00:00:00+00:00
[2026-09-17T20:34:20.850+0000] {processor.py:208} INFO - Processing /home/airflow/.local/lib/python3.12/site-packages/airflow/example_dags/example_branch_operator_decorator.py took 0.140 seconds
[2026-09-17T20:34:51.252+0000] {processor.py:186} INFO - Started process (PID=843) to work on /home/airflow/.local/lib/python3.12/site-packages/airflow/example_dags/example_branch_operator_decorator.py
[2026-09-17T20:34:51.254+0000] {processor.py:914} INFO - Processing file /home/airflow/.local/lib/python3.12/site-packages/airflow/example_dags/example_branch_operator_decorator.py for tasks to queue
[2026-09-17T20:34:51.257+0000] {logging_mixin.py:190} INFO - [2026-09-17T20:34:51.256+0000] {dagbag.py:588} INFO - Filling up the DagBag from /home/airflow/.local/lib/python3.12/site-packages/airflow/example_dags/example_branch_operator_decorator.py
[2026-09-17T20:34:51.281+0000] {processor.py:925} INFO - DAG(s) 'example_branch_python_operator_decorator' retrieved from /home/airflow/.local/lib/python3.12/site-packages/airflow/example_dags/example_branch_operator_decorator.py
[2026-09-17T20:34:51.319+0000] {logging_mixin.py:190} INFO - [2026-09-17T20:34:51.319+0000] {dag.py:3239} INFO - Sync 1 DAGs
[2026-09-17T20:34:51.348+0000] {logging_mixin.py:190} INFO - [2026-09-17T20:34:51.348+0000] {dag.py:4180} INFO - Setting next_dagrun for example_branch_python_operator_decorator to 2026-09-16 00:00:00+00:00, run_after=2026-09-17 00:00:00+00:00
[2026-09-17T20:34:51.375+0000] {processor.py:208} INFO - Processing /home/airflow/.local/lib/python3.12/site-packages/airflow/example_dags/example_branch_operator_decorator.py took 0.130 seconds
[2026-09-17T20:35:21.610+0000] {processor.py:186} INFO - Started process (PID=908) to work on /home/airflow/.local/lib/python3.12/site-packages/airflow/example_dags/example_branch_operator_decorator.py
[2026-09-17T20:35:21.612+0000] {processor.py:914} INFO - Processing file /home/airflow/.local/lib/python3.12/site-packages/airflow/example_dags/example_branch_operator_decorator.py for tasks to queue
[2026-09-17T20:35:21.614+0000] {logging_mixin.py:190} INFO - [2026-09-17T20:35:21.614+0000] {dagbag.py:588} INFO - Filling up the DagBag from /home/airflow/.local/lib/python3.12/site-packages/airflow/example_dags/example_branch_operator_decorator.py
[2026-09-17T20:35:21.637+0000] {processor.py:925} INFO - DAG(s) 'example_branch_python_operator_decorator' retrieved from /home/airflow/.local/lib/python3.12/site-packages/airflow/example_dags/example_branch_operator_decorator.py
[2026-09-17T20:35:21.671+0000] {logging_mixin.py:190} INFO - [2026-09-17T20:35:21.670+0000] {dag.py:3239} INFO - Sync 1 DAGs
[2026-09-17T20:35:21.701+0000] {logging_mixin.py:190} INFO - [2026-09-17T20:35:21.701+0000] {dag.py:4180} INFO - Setting next_dagrun for example_branch_python_operator_decorator to 2026-09-16 00:00:00+00:00, run_after=2026-09-17 00:00:00+00:00
[2026-09-17T20:35:21.725+0000] {processor.py:208} INFO - Processing /home/airflow/.local/lib/python3.12/site-packages/airflow/example_dags/example_branch_operator_decorator.py took 0.121 seconds
[2026-09-17T20:35:52.051+0000] {processor.py:186} INFO - Started process (PID=972) to work on /home/airflow/.local/lib/python3.12/site-packages/airflow/example_dags/example_branch_operator_decorator.py
[2026-09-17T20:35:52.053+0000] {processor.py:914} INFO - Processing file /home/airflow/.local/lib/python3.12/site-packages/airflow/example_dags/example_branch_operator_decorator.py for tasks to queue
[2026-09-17T20:35:52.056+0000] {logging_mixin.py:190} INFO - [2026-09-17T20:35:52.055+0000] {dagbag.py:588} INFO - Filling up the DagBag from /home/airflow/.local/lib/python3.12/site-packages/airflow/example_dags/example_branch_operator_decorator.py
[2026-09-17T20:35:52.079+0000] {processor.py:925} INFO - DAG(s) 'example_branch_python_operator_decorator' retrieved from /home/airflow/.local/lib/python3.12/site-packages/airflow/example_dags/example_branch_operator_decorator.py
[2026-09-17T20:35:52.114+0000] {logging_mixin.py:190} INFO - [2026-09-17T20:35:52.114+0000] {dag.py:3239} INFO - Sync 1 DAGs
[2026-09-17T20:35:52.139+0000] {logging_mixin.py:190} INFO - [2026-09-17T20:35:52.139+0000] {dag.py:4180} INFO - Setting next_dagrun for example_branch_python_operator_decorator to 2026-09-16 00:00:00+00:00, run_after=2026-09-17 00:00:00+00:00
[2026-09-17T20:35:52.162+0000] {processor.py:208} INFO - Processing /home/airflow/.local/lib/python3.12/site-packages/airflow/example_dags/example_branch_operator_decorator.py took 0.118 seconds
[2026-09-17T20:36:22.305+0000] {processor.py:186} INFO - Started process (PID=1030) to work on /home/airflow/.local/lib/python3.12/site-packages/airflow/example_dags/example_branch_operator_decorator.py
[2026-09-17T20:36:22.306+0000] {processor.py:914} INFO - Processing file /home/airflow/.local/lib/python3.12/site-packages/airflow/example_dags/example_branch_operator_decorator.py for tasks to queue
[2026-09-17T20:36:22.309+0000] {logging_mixin.py:190} INFO - [2026-09-17T20:36:22.308+0000] {dagbag.py:588} INFO - Filling up the DagBag from /home/airflow/.local/lib/python3.12/site-packages/airflow/example_dags/example_branch_operator_decorator.py
[2026-09-17T20:36:22.332+0000] {processor.py:925} INFO - DAG(s) 'example_branch_python_operator_decorator' retrieved from /home/airflow/.local/lib/python3.12/site-packages/airflow/example_dags/example_branch_operator_decorator.py
[2026-09-17T20:36:22.367+0000] {logging_mixin.py:190} INFO - [2026-09-17T20:36:22.367+0000] {dag.py:3239} INFO - Sync 1 DAGs
[2026-09-17T20:36:22.395+0000] {logging_mixin.py:190} INFO - [2026-09-17T20:36:22.394+0000] {dag.py:4180} INFO - Setting next_dagrun for example_branch_python_operator_decorator to 2026-09-16 00:00:00+00:00, run_after=2026-09-17 00:00:00+00:00
[2026-09-17T20:36:22.419+0000] {processor.py:208} INFO - Processing /home/airflow/.local/lib/python3.12/site-packages/airflow/example_dags/example_branch_operator_decorator.py took 0.121 seconds
[2026-09-17T20:36:52.590+0000] {processor.py:186} INFO - Started process (PID=1095) to work on /home/airflow/.local/lib/python3.12/site-packages/airflow/example_dags/example_branch_operator_decorator.py
[2026-09-17T20:36:52.592+0000] {processor.py:914} INFO - Processing file /home/airflow/.local/lib/python3.12/site-packages/airflow/example_dags/example_branch_operator_decorator.py for tasks to queue
[2026-09-17T20:36:52.595+0000] {logging_mixin.py:190} INFO - [2026-09-17T20:36:52.594+0000] {dagbag.py:588} INFO - Filling up the DagBag from /home/airflow/.local/lib/python3.12/site-packages/airflow/example_dags/example_branch_operator_decorator.py
[2026-09-17T20:36:52.618+0000] {processor.py:925} INFO - DAG(s) 'example_branch_python_operator_decorator' retrieved from /home/airflow/.local/lib/python3.12/site-packages/airflow/example_dags/example_branch_operator_decorator.py
[2026-09-17T20:36:52.650+0000] {logging_mixin.py:190} INFO - [2026-09-17T20:36:52.650+0000] {dag.py:3239} INFO - Sync 1 DAGs
[2026-09-17T20:36:52.675+0000] {logging_mixin.py:190} INFO - [2026-09-17T20:36:52.675+0000] {dag.py:4180} INFO - Setting next_dagrun for example_branch_python_operator_decorator to 2026-09-16 00:00:00+00:00, run_after=2026-09-17 00:00:00+00:00
[2026-09-17T20:36:52.698+0000] {processor.py:208} INFO - Processing /home/airflow/.local/lib/python3.12/site-packages/airflow/example_dags/example_branch_operator_decorator.py took 0.115 seconds
[2026-09-17T20:37:23.055+0000] {processor.py:186} INFO - Started process (PID=1160) to work on /home/airflow/.local/lib/python3.12/site-packages/airflow/example_dags/example_branch_operator_decorator.py
[2026-09-17T20:37:23.057+0000] {processor.py:914} INFO - Processing file /home/airflow/.local/lib/python3.12/site-packages/airflow/example_dags/example_branch_operator_decorator.py for tasks to queue
[2026-09-17T20:37:23.060+0000] {logging_mixin.py:190} INFO - [2026-09-17T20:37:23.059+0000] {dagbag.py:588} INFO - Filling up the DagBag from /home/airflow/.local/lib/python3.12/site-packages/airflow/example_dags/example_branch_operator_decorator.py
[2026-09-17T20:37:23.084+0000] {processor.py:925} INFO - DAG(s) 'example_branch_python_operator_decorator' retrieved from /home/airflow/.local/lib/python3.12/site-packages/airflow/example_dags/example_branch_operator_decorator.py
[2026-09-17T20:37:23.116+0000] {logging_mixin.py:190} INFO - [2026-09-17T20:37:23.115+0000] {dag.py:3239} INFO - Sync 1 DAGs
[2026-09-17T20:37:23.141+0000] {logging_mixin.py:190} INFO - [2026-09-17T20:37:23.141+0000] {dag.py:4180} INFO - Setting next_dagrun for example_branch_python_operator_decorator to 2026-09-16 00:00:00+00:00, run_after=2026-09-17 00:00:00+00:00
[2026-09-17T20:37:23.163+0000] {processor.py:208} INFO - Processing /home/airflow/.local/lib/python3.12/site-packages/airflow/example_dags/example_branch_operator_decorator.py took 0.116 seconds
[2026-09-17T20:37:53.993+0000] {processor.py:186} INFO - Started process (PID=1225) to work on /home/airflow/.local/lib/python3.12/site-packages/airflow/example_dags/example_branch_operator_decorator.py
[2026-09-17T20:37:53.995+0000] {processor.py:914} INFO - Processing file /home/airflow/.local/lib/python3.12/site-packages/airflow/example_dags/example_branch_operator_decorator.py for tasks to queue
[2026-09-17T20:37:53.997+0000] {logging_mixin.py:190} INFO - [2026-09-17T20:37:53.997+0000] {dagbag.py:588} INFO - Filling up the DagBag from /home/airflow/.local/lib/python3.12/site-packages/airflow/example_dags/example_branch_operator_decorator.py
[2026-09-17T20:37:54.019+0000] {processor.py:925} INFO - DAG(s) 'example_branch_python_operator_decorator' retrieved from /home/airflow/.local/lib/python3.12/site-packages/airflow/example_dags/example_branch_operator_decorator.py
[2026-09-17T20:37:54.050+0000] {logging_mixin.py:190} INFO - [2026-09-17T20:37:54.050+0000] {dag.py:3239} INFO - Sync 1 DAGs
[2026-09-17T20:37:54.075+0000] {logging_mixin.py:190} INFO - [2026-09-17T20:37:54.074+0000] {dag.py:4180} INFO - Setting next_dagrun for example_branch_python_operator_decorator to 2026-09-16 00:00:00+00:00, run_after=2026-09-17 00:00:00+00:00
[2026-09-17T20:37:54.098+0000] {processor.py:208} INFO - Processing /home/airflow/.local/lib/python3.12/site-packages/airflow/example_dags/example_branch_operator_decorator.py took 0.110 seconds
[2026-09-17T20:38:24.913+0000] {processor.py:186} INFO - Started process (PID=1290) to work on /home/airflow/.local/lib/python3.12/site-packages/airflow/example_dags/example_branch_operator_decorator.py
[2026-09-17T20:38:24.916+0000] {processor.py:914} INFO - Processing file /home/airflow/.local/lib/python3.12/site-packages/airflow/example_dags/example_branch_operator_decorator.py for tasks to queue
[2026-09-17T20:38:24.918+0000] {logging_mixin.py:190} INFO - [2026-09-17T20:38:24.918+0000] {dagbag.py:588} INFO - Filling up the DagBag from /home/airflow/.local/lib/python3.12/site-packages/airflow/example_dags/example_branch_operator_decorator.py
[2026-09-17T20:38:24.949+0000] {processor.py:925} INFO - DAG(s) 'example_branch_python_operator_decorator' retrieved from /home/airflow/.local/lib/python3.12/site-packages/airflow/example_dags/example_branch_operator_decorator.py
[2026-09-17T20:38:24.991+0000] {logging_mixin.py:190} INFO - [2026-09-17T20:38:24.990+0000] {dag.py:3239} INFO - Sync 1 DAGs
[2026-09-17T20:38:25.018+0000] {logging_mixin.py:190} INFO - [2026-09-17T20:38:25.018+0000] {dag.py:4180} INFO - Setting next_dagrun for example_branch_python_operator_decorator to 2026-09-16 00:00:00+00:00, run_after=2026-09-17 00:00:00+00:00
[2026-09-17T20:38:25.041+0000] {processor.py:208} INFO - Processing /home/airflow/.local/lib/python3.12/site-packages/airflow/example_dags/example_branch_operator_decorator.py took 0.135 seconds
[2026-09-17T20:38:55.757+0000] {processor.py:186} INFO - Started process (PID=1355) to work on /home/airflow/.local/lib/python3.12/site-packages/airflow/example_dags/example_branch_operator_decorator.py
[2026-09-17T20:38:55.760+0000] {processor.py:914} INFO - Processing file /home/airflow/.local/lib/python3.12/site-packages/airflow/example_dags/example_branch_operator_decorator.py for tasks to queue
[2026-09-17T20:38:55.764+0000] {logging_mixin.py:190} INFO - [2026-09-17T20:38:55.763+0000] {dagbag.py:588} INFO - Filling up the DagBag from /home/airflow/.local/lib/python3.12/site-packages/airflow/example_dags/example_branch_operator_decorator.py
[2026-09-17T20:38:55.810+0000] {processor.py:925} INFO - DAG(s) 'example_branch_python_operator_decorator' retrieved from /home/airflow/.local/lib/python3.12/site-packages/airflow/example_dags/example_branch_operator_decorator.py
[2026-09-17T20:38:55.855+0000] {logging_mixin.py:190} INFO - [2026-09-17T20:38:55.855+0000] {dag.py:3239} INFO - Sync 1 DAGs
[2026-09-17T20:38:55.893+0000] {logging_mixin.py:190} INFO - [2026-09-17T20:38:55.893+0000] {dag.py:4180} INFO - Setting next_dagrun for example_branch_python_operator_decorator to 2026-09-16 00:00:00+00:00, run_after=2026-09-17 00:00:00+00:00
[2026-09-17T20:38:55.925+0000] {processor.py:208} INFO - Processing /home/airflow/.local/lib/python3.12/site-packages/airflow/example_dags/example_branch_operator_decorator.py took 0.175 seconds
[2026-09-17T20:39:26.460+0000] {processor.py:186} INFO - Started process (PID=1420) to work on /home/airflow/.local/lib/python3.12/site-packages/airflow/example_dags/example_branch_operator_decorator.py
[2026-09-17T20:39:26.462+0000] {processor.py:914} INFO - Processing file /home/airflow/.local/lib/python3.12/site-packages/airflow/example_dags/example_branch_operator_decorator.py for tasks to queue
[2026-09-17T20:39:26.465+0000] {logging_mixin.py:190} INFO - [2026-09-17T20:39:26.464+0000] {dagbag.py:588} INFO - Filling up the DagBag from /home/airflow/.local/lib/python3.12/site-packages/airflow/example_dags/example_branch_operator_decorator.py
[2026-09-17T20:39:26.489+0000] {processor.py:925} INFO - DAG(s) 'example_branch_python_operator_decorator' retrieved from /home/airflow/.local/lib/python3.12/site-packages/airflow/example_dags/example_branch_operator_decorator.py
[2026-09-17T20:39:26.522+0000] {logging_mixin.py:190} INFO - [2026-09-17T20:39:26.521+0000] {dag.py:3239} INFO - Sync 1 DAGs
[2026-09-17T20:39:26.544+0000] {logging_mixin.py:190} INFO - [2026-09-17T20:39:26.544+0000] {dag.py:4180} INFO - Setting next_dagrun for example_branch_python_operator_decorator to 2026-09-16 00:00:00+00:00, run_after=2026-09-17 00:00:00+00:00
[2026-09-17T20:39:26.566+0000] {processor.py:208} INFO - Processing /home/airflow/.local/lib/python3.12/site-packages/airflow/example_dags/example_branch_operator_decorator.py took 0.112 seconds
[2026-09-17T20:39:56.996+0000] {processor.py:186} INFO - Started process (PID=1486) to work on /home/airflow/.local/lib/python3.12/site-packages/airflow/example_dags/example_branch_operator_decorator.py
[2026-09-17T20:39:56.998+0000] {processor.py:914} INFO - Processing file /home/airflow/.local/lib/python3.12/site-packages/airflow/example_dags/example_branch_operator_decorator.py for tasks to queue
[2026-09-17T20:39:57.000+0000] {logging_mixin.py:190} INFO - [2026-09-17T20:39:57.000+0000] {dagbag.py:588} INFO - Filling up the DagBag from /home/airflow/.local/lib/python3.12/site-packages/airflow/example_dags/example_branch_operator_decorator.py
[2026-09-17T20:39:57.023+0000] {processor.py:925} INFO - DAG(s) 'example_branch_python_operator_decorator' retrieved from /home/airflow/.local/lib/python3.12/site-packages/airflow/example_dags/example_branch_operator_decorator.py
[2026-09-17T20:39:57.057+0000] {logging_mixin.py:190} INFO - [2026-09-17T20:39:57.057+0000] {dag.py:3239} INFO - Sync 1 DAGs
[2026-09-17T20:39:57.083+0000] {logging_mixin.py:190} INFO - [2026-09-17T20:39:57.083+0000] {dag.py:4180} INFO - Setting next_dagrun for example_branch_python_operator_decorator to 2026-09-16 00:00:00+00:00, run_after=2026-09-17 00:00:00+00:00
[2026-09-17T20:39:57.107+0000] {processor.py:208} INFO - Processing /home/airflow/.local/lib/python3.12/site-packages/airflow/example_dags/example_branch_operator_decorator.py took 0.116 seconds
[2026-09-17T20:40:27.224+0000] {processor.py:186} INFO - Started process (PID=1551) to work on /home/airflow/.local/lib/python3.12/site-packages/airflow/example_dags/example_branch_operator_decorator.py
[2026-09-17T20:40:27.226+0000] {processor.py:914} INFO - Processing file /home/airflow/.local/lib/python3.12/site-packages/airflow/example_dags/example_branch_operator_decorator.py for tasks to queue
[2026-09-17T20:40:27.228+0000] {logging_mixin.py:190} INFO - [2026-09-17T20:40:27.228+0000] {dagbag.py:588} INFO - Filling up the DagBag from /home/airflow/.local/lib/python3.12/site-packages/airflow/example_dags/example_branch_operator_decorator.py
[2026-09-17T20:40:27.252+0000] {processor.py:925} INFO - DAG(s) 'example_branch_python_operator_decorator' retrieved from /home/airflow/.local/lib/python3.12/site-packages/airflow/example_dags/example_branch_operator_decorator.py
[2026-09-17T20:40:27.288+0000] {logging_mixin.py:190} INFO - [2026-09-17T20:40:27.288+0000] {dag.py:3239} INFO - Sync 1 DAGs
[2026-09-17T20:40:27.315+0000] {logging_mixin.py:190} INFO - [2026-09-17T20:40:27.314+0000] {dag.py:4180} INFO - Setting next_dagrun for example_branch_python_operator_decorator to 2026-09-16 00:00:00+00:00, run_after=2026-09-17 00:00:00+00:00
[2026-09-17T20:40:27.347+0000] {processor.py:208} INFO - Processing /home/airflow/.local/lib/python3.12/site-packages/airflow/example_dags/example_branch_operator_decorator.py took 0.130 seconds
[2026-09-17T20:40:57.720+0000] {processor.py:186} INFO - Started process (PID=1616) to work on /home/airflow/.local/lib/python3.12/site-packages/airflow/example_dags/example_branch_operator_decorator.py
[2026-09-17T20:40:57.722+0000] {processor.py:914} INFO - Processing file /home/airflow/.local/lib/python3.12/site-packages/airflow/example_dags/example_branch_operator_decorator.py for tasks to queue
[2026-09-17T20:40:57.725+0000] {logging_mixin.py:190} INFO - [2026-09-17T20:40:57.724+0000] {dagbag.py:588} INFO - Filling up the DagBag from /home/airflow/.local/lib/python3.12/site-packages/airflow/example_dags/example_branch_operator_decorator.py
[2026-09-17T20:40:57.753+0000] {processor.py:925} INFO - DAG(s) 'example_branch_python_operator_decorator' retrieved from /home/airflow/.local/lib/python3.12/site-packages/airflow/example_dags/example_branch_operator_decorator.py
[2026-09-17T20:40:57.788+0000] {logging_mixin.py:190} INFO - [2026-09-17T20:40:57.788+0000] {dag.py:3239} INFO - Sync 1 DAGs
[2026-09-17T20:40:57.816+0000] {logging_mixin.py:190} INFO - [2026-09-17T20:40:57.816+0000] {dag.py:4180} INFO - Setting next_dagrun for example_branch_python_operator_decorator to 2026-09-16 00:00:00+00:00, run_after=2026-09-17 00:00:00+00:00
[2026-09-17T20:40:57.848+0000] {processor.py:208} INFO - Processing /home/airflow/.local/lib/python3.12/site-packages/airflow/example_dags/example_branch_operator_decorator.py took 0.136 seconds
[2026-09-17T20:41:28.085+0000] {processor.py:186} INFO - Started process (PID=1681) to work on /home/airflow/.local/lib/python3.12/site-packages/airflow/example_dags/example_branch_operator_decorator.py
[2026-09-17T20:41:28.087+0000] {processor.py:914} INFO - Processing file /home/airflow/.local/lib/python3.12/site-packages/airflow/example_dags/example_branch_operator_decorator.py for tasks to queue
[2026-09-17T20:41:28.089+0000] {logging_mixin.py:190} INFO - [2026-09-17T20:41:28.089+0000] {dagbag.py:588} INFO - Filling up the DagBag from /home/airflow/.local/lib/python3.12/site-packages/airflow/example_dags/example_branch_operator_decorator.py
[2026-09-17T20:41:28.114+0000] {processor.py:925} INFO - DAG(s) 'example_branch_python_operator_decorator' retrieved from /home/airflow/.local/lib/python3.12/site-packages/airflow/example_dags/example_branch_operator_decorator.py
[2026-09-17T20:41:28.153+0000] {logging_mixin.py:190} INFO - [2026-09-17T20:41:28.152+0000] {dag.py:3239} INFO - Sync 1 DAGs
[2026-09-17T20:41:28.181+0000] {logging_mixin.py:190} INFO - [2026-09-17T20:41:28.181+0000] {dag.py:4180} INFO - Setting next_dagrun for example_branch_python_operator_decorator to 2026-09-16 00:00:00+00:00, run_after=2026-09-17 00:00:00+00:00
[2026-09-17T20:41:28.210+0000] {processor.py:208} INFO - Processing /home/airflow/.local/lib/python3.12/site-packages/airflow/example_dags/example_branch_operator_decorator.py took 0.132 seconds
[2026-09-17T20:41:58.322+0000] {processor.py:186} INFO - Started process (PID=1738) to work on /home/airflow/.local/lib/python3.12/site-packages/airflow/example_dags/example_branch_operator_decorator.py
[2026-09-17T20:41:58.325+0000] {processor.py:914} INFO - Processing file /home/airflow/.local/lib/python3.12/site-packages/airflow/example_dags/example_branch_operator_decorator.py for tasks to queue
[2026-09-17T20:41:58.328+0000] {logging_mixin.py:190} INFO - [2026-09-17T20:41:58.327+0000] {dagbag.py:588} INFO - Filling up the DagBag from /home/airflow/.local/lib/python3.12/site-packages/airflow/example_dags/example_branch_operator_decorator.py
[2026-09-17T20:41:58.361+0000] {processor.py:925} INFO - DAG(s) 'example_branch_python_operator_decorator' retrieved from /home/airflow/.local/lib/python3.12/site-packages/airflow/example_dags/example_branch_operator_decorator.py
[2026-09-17T20:41:58.403+0000] {logging_mixin.py:190} INFO - [2026-09-17T20:41:58.402+0000] {dag.py:3239} INFO - Sync 1 DAGs
[2026-09-17T20:41:58.438+0000] {logging_mixin.py:190} INFO - [2026-09-17T20:41:58.437+0000] {dag.py:4180} INFO - Setting next_dagrun for example_branch_python_operator_decorator to 2026-09-16 00:00:00+00:00, run_after=2026-09-17 00:00:00+00:00
[2026-09-17T20:41:58.461+0000] {processor.py:208} INFO - Processing /home/airflow/.local/lib/python3.12/site-packages/airflow/example_dags/example_branch_operator_decorator.py took 0.146 seconds
[2026-09-17T20:42:28.871+0000] {processor.py:186} INFO - Started process (PID=1803) to work on /home/airflow/.local/lib/python3.12/site-packages/airflow/example_dags/example_branch_operator_decorator.py
[2026-09-17T20:42:28.874+0000] {processor.py:914} INFO - Processing file /home/airflow/.local/lib/python3.12/site-packages/airflow/example_dags/example_branch_operator_decorator.py for tasks to queue
[2026-09-17T20:42:28.880+0000] {logging_mixin.py:190} INFO - [2026-09-17T20:42:28.878+0000] {dagbag.py:588} INFO - Filling up the DagBag from /home/airflow/.local/lib/python3.12/site-packages/airflow/example_dags/example_branch_operator_decorator.py
[2026-09-17T20:42:28.969+0000] {processor.py:925} INFO - DAG(s) 'example_branch_python_operator_decorator' retrieved from /home/airflow/.local/lib/python3.12/site-packages/airflow/example_dags/example_branch_operator_decorator.py
[2026-09-17T20:42:29.089+0000] {logging_mixin.py:190} INFO - [2026-09-17T20:42:29.088+0000] {dag.py:3239} INFO - Sync 1 DAGs
[2026-09-17T20:42:29.198+0000] {logging_mixin.py:190} INFO - [2026-09-17T20:42:29.197+0000] {dag.py:4180} INFO - Setting next_dagrun for example_branch_python_operator_decorator to 2026-09-16 00:00:00+00:00, run_after=2026-09-17 00:00:00+00:00
[2026-09-17T20:42:29.280+0000] {processor.py:208} INFO - Processing /home/airflow/.local/lib/python3.12/site-packages/airflow/example_dags/example_branch_operator_decorator.py took 0.429 seconds
[2026-09-17T20:43:00.221+0000] {processor.py:186} INFO - Started process (PID=1868) to work on /home/airflow/.local/lib/python3.12/site-packages/airflow/example_dags/example_branch_operator_decorator.py
[2026-09-17T20:43:00.223+0000] {processor.py:914} INFO - Processing file /home/airflow/.local/lib/python3.12/site-packages/airflow/example_dags/example_branch_operator_decorator.py for tasks to queue
[2026-09-17T20:43:00.227+0000] {logging_mixin.py:190} INFO - [2026-09-17T20:43:00.226+0000] {dagbag.py:588} INFO - Filling up the DagBag from /home/airflow/.local/lib/python3.12/site-packages/airflow/example_dags/example_branch_operator_decorator.py
[2026-09-17T20:43:00.277+0000] {processor.py:925} INFO - DAG(s) 'example_branch_python_operator_decorator' retrieved from /home/airflow/.local/lib/python3.12/site-packages/airflow/example_dags/example_branch_operator_decorator.py
[2026-09-17T20:43:00.397+0000] {logging_mixin.py:190} INFO - [2026-09-17T20:43:00.396+0000] {dag.py:3239} INFO - Sync 1 DAGs
[2026-09-17T20:43:00.560+0000] {logging_mixin.py:190} INFO - [2026-09-17T20:43:00.559+0000] {dag.py:4180} INFO - Setting next_dagrun for example_branch_python_operator_decorator to 2026-09-16 00:00:00+00:00, run_after=2026-09-17 00:00:00+00:00
[2026-09-17T20:43:00.664+0000] {processor.py:208} INFO - Processing /home/airflow/.local/lib/python3.12/site-packages/airflow/example_dags/example_branch_operator_decorator.py took 0.454 seconds
[2026-09-17T20:44:04.135+0000] {processor.py:186} INFO - Started process (PID=1942) to work on /home/airflow/.local/lib/python3.12/site-packages/airflow/example_dags/example_branch_operator_decorator.py
[2026-09-17T20:44:04.141+0000] {processor.py:914} INFO - Processing file /home/airflow/.local/lib/python3.12/site-packages/airflow/example_dags/example_branch_operator_decorator.py for tasks to queue
[2026-09-17T20:44:04.150+0000] {logging_mixin.py:190} INFO - [2026-09-17T20:44:04.148+0000] {dagbag.py:588} INFO - Filling up the DagBag from /home/airflow/.local/lib/python3.12/site-packages/airflow/example_dags/example_branch_operator_decorator.py
[2026-09-17T20:44:04.262+0000] {processor.py:925} INFO - DAG(s) 'example_branch_python_operator_decorator' retrieved from /home/airflow/.local/lib/python3.12/site-packages/airflow/example_dags/example_branch_operator_decorator.py
[2026-09-17T20:44:04.386+0000] {logging_mixin.py:190} INFO - [2026-09-17T20:44:04.385+0000] {dag.py:3239} INFO - Sync 1 DAGs
[2026-09-17T20:44:04.498+0000] {logging_mixin.py:190} INFO - [2026-09-17T20:44:04.497+0000] {dag.py:4180} INFO - Setting next_dagrun for example_branch_python_operator_decorator to 2026-09-16 00:00:00+00:00, run_after=2026-09-17 00:00:00+00:00
[2026-09-17T20:44:04.569+0000] {processor.py:208} INFO - Processing /home/airflow/.local/lib/python3.12/site-packages/airflow/example_dags/example_branch_operator_decorator.py took 0.463 seconds
[2026-09-17T20:44:34.750+0000] {processor.py:186} INFO - Started process (PID=2006) to work on /home/airflow/.local/lib/python3.12/site-packages/airflow/example_dags/example_branch_operator_decorator.py
[2026-09-17T20:44:34.763+0000] {processor.py:914} INFO - Processing file /home/airflow/.local/lib/python3.12/site-packages/airflow/example_dags/example_branch_operator_decorator.py for tasks to queue
[2026-09-17T20:44:34.765+0000] {logging_mixin.py:190} INFO - [2026-09-17T20:44:34.765+0000] {dagbag.py:588} INFO - Filling up the DagBag from /home/airflow/.local/lib/python3.12/site-packages/airflow/example_dags/example_branch_operator_decorator.py
[2026-09-17T20:44:34.788+0000] {processor.py:925} INFO - DAG(s) 'example_branch_python_operator_decorator' retrieved from /home/airflow/.local/lib/python3.12/site-packages/airflow/example_dags/example_branch_operator_decorator.py
[2026-09-17T20:44:34.835+0000] {logging_mixin.py:190} INFO - [2026-09-17T20:44:34.835+0000] {dag.py:3239} INFO - Sync 1 DAGs
[2026-09-17T20:44:34.869+0000] {logging_mixin.py:190} INFO - [2026-09-17T20:44:34.869+0000] {dag.py:4180} INFO - Setting next_dagrun for example_branch_python_operator_decorator to 2026-09-16 00:00:00+00:00, run_after=2026-09-17 00:00:00+00:00
[2026-09-17T20:44:34.904+0000] {processor.py:208} INFO - Processing /home/airflow/.local/lib/python3.12/site-packages/airflow/example_dags/example_branch_operator_decorator.py took 0.162 seconds
[2026-09-17T20:45:05.779+0000] {processor.py:186} INFO - Started process (PID=2064) to work on /home/airflow/.local/lib/python3.12/site-packages/airflow/example_dags/example_branch_operator_decorator.py
[2026-09-17T20:45:05.780+0000] {processor.py:914} INFO - Processing file /home/airflow/.local/lib/python3.12/site-packages/airflow/example_dags/example_branch_operator_decorator.py for tasks to queue
[2026-09-17T20:45:05.783+0000] {logging_mixin.py:190} INFO - [2026-09-17T20:45:05.782+0000] {dagbag.py:588} INFO - Filling up the DagBag from /home/airflow/.local/lib/python3.12/site-packages/airflow/example_dags/example_branch_operator_decorator.py
[2026-09-17T20:45:05.807+0000] {processor.py:925} INFO - DAG(s) 'example_branch_python_operator_decorator' retrieved from /home/airflow/.local/lib/python3.12/site-packages/airflow/example_dags/example_branch_operator_decorator.py
[2026-09-17T20:45:05.842+0000] {logging_mixin.py:190} INFO - [2026-09-17T20:45:05.842+0000] {dag.py:3239} INFO - Sync 1 DAGs
[2026-09-17T20:45:05.871+0000] {logging_mixin.py:190} INFO - [2026-09-17T20:45:05.871+0000] {dag.py:4180} INFO - Setting next_dagrun for example_branch_python_operator_decorator to 2026-09-16 00:00:00+00:00, run_after=2026-09-17 00:00:00+00:00
[2026-09-17T20:45:06.229+0000] {processor.py:208} INFO - Processing /home/airflow/.local/lib/python3.12/site-packages/airflow/example_dags/example_branch_operator_decorator.py took 0.457 seconds
[2026-09-17T20:45:39.730+0000] {processor.py:186} INFO - Started process (PID=2128) to work on /home/airflow/.local/lib/python3.12/site-packages/airflow/example_dags/example_branch_operator_decorator.py
[2026-09-17T20:45:39.733+0000] {processor.py:914} INFO - Processing file /home/airflow/.local/lib/python3.12/site-packages/airflow/example_dags/example_branch_operator_decorator.py for tasks to queue
[2026-09-17T20:45:39.736+0000] {logging_mixin.py:190} INFO - [2026-09-17T20:45:39.735+0000] {dagbag.py:588} INFO - Filling up the DagBag from /home/airflow/.local/lib/python3.12/site-packages/airflow/example_dags/example_branch_operator_decorator.py
[2026-09-17T20:45:39.772+0000] {processor.py:925} INFO - DAG(s) 'example_branch_python_operator_decorator' retrieved from /home/airflow/.local/lib/python3.12/site-packages/airflow/example_dags/example_branch_operator_decorator.py
[2026-09-17T20:45:39.823+0000] {logging_mixin.py:190} INFO - [2026-09-17T20:45:39.823+0000] {dag.py:3239} INFO - Sync 1 DAGs
[2026-09-17T20:45:39.865+0000] {logging_mixin.py:190} INFO - [2026-09-17T20:45:39.865+0000] {dag.py:4180} INFO - Setting next_dagrun for example_branch_python_operator_decorator to 2026-09-16 00:00:00+00:00, run_after=2026-09-17 00:00:00+00:00
[2026-09-17T20:45:39.896+0000] {processor.py:208} INFO - Processing /home/airflow/.local/lib/python3.12/site-packages/airflow/example_dags/example_branch_operator_decorator.py took 0.186 seconds
[2026-09-17T20:46:10.708+0000] {processor.py:186} INFO - Started process (PID=2193) to work on /home/airflow/.local/lib/python3.12/site-packages/airflow/example_dags/example_branch_operator_decorator.py
[2026-09-17T20:46:10.711+0000] {processor.py:914} INFO - Processing file /home/airflow/.local/lib/python3.12/site-packages/airflow/example_dags/example_branch_operator_decorator.py for tasks to queue
[2026-09-17T20:46:10.714+0000] {logging_mixin.py:190} INFO - [2026-09-17T20:46:10.713+0000] {dagbag.py:588} INFO - Filling up the DagBag from /home/airflow/.local/lib/python3.12/site-packages/airflow/example_dags/example_branch_operator_decorator.py
[2026-09-17T20:46:10.737+0000] {processor.py:925} INFO - DAG(s) 'example_branch_python_operator_decorator' retrieved from /home/airflow/.local/lib/python3.12/site-packages/airflow/example_dags/example_branch_operator_decorator.py
[2026-09-17T20:46:10.778+0000] {logging_mixin.py:190} INFO - [2026-09-17T20:46:10.778+0000] {dag.py:3239} INFO - Sync 1 DAGs
[2026-09-17T20:46:10.805+0000] {logging_mixin.py:190} INFO - [2026-09-17T20:46:10.805+0000] {dag.py:4180} INFO - Setting next_dagrun for example_branch_python_operator_decorator to 2026-09-16 00:00:00+00:00, run_after=2026-09-17 00:00:00+00:00
[2026-09-17T20:46:10.833+0000] {processor.py:208} INFO - Processing /home/airflow/.local/lib/python3.12/site-packages/airflow/example_dags/example_branch_operator_decorator.py took 0.139 seconds
[2026-09-17T20:46:48.911+0000] {processor.py:186} INFO - Started process (PID=2261) to work on /home/airflow/.local/lib/python3.12/site-packages/airflow/example_dags/example_branch_operator_decorator.py
[2026-09-17T20:46:48.914+0000] {processor.py:914} INFO - Processing file /home/airflow/.local/lib/python3.12/site-packages/airflow/example_dags/example_branch_operator_decorator.py for tasks to queue
[2026-09-17T20:46:48.916+0000] {logging_mixin.py:190} INFO - [2026-09-17T20:46:48.916+0000] {dagbag.py:588} INFO - Filling up the DagBag from /home/airflow/.local/lib/python3.12/site-packages/airflow/example_dags/example_branch_operator_decorator.py
[2026-09-17T20:46:48.942+0000] {processor.py:925} INFO - DAG(s) 'example_branch_python_operator_decorator' retrieved from /home/airflow/.local/lib/python3.12/site-packages/airflow/example_dags/example_branch_operator_decorator.py
[2026-09-17T20:46:49.006+0000] {logging_mixin.py:190} INFO - [2026-09-17T20:46:49.006+0000] {dag.py:3239} INFO - Sync 1 DAGs
[2026-09-17T20:46:49.044+0000] {logging_mixin.py:190} INFO - [2026-09-17T20:46:49.044+0000] {dag.py:4180} INFO - Setting next_dagrun for example_branch_python_operator_decorator to 2026-09-16 00:00:00+00:00, run_after=2026-09-17 00:00:00+00:00
[2026-09-17T20:46:49.069+0000] {processor.py:208} INFO - Processing /home/airflow/.local/lib/python3.12/site-packages/airflow/example_dags/example_branch_operator_decorator.py took 0.165 seconds
[2026-09-17T20:47:20.248+0000] {processor.py:186} INFO - Started process (PID=2326) to work on /home/airflow/.local/lib/python3.12/site-packages/airflow/example_dags/example_branch_operator_decorator.py
[2026-09-17T20:47:20.251+0000] {processor.py:914} INFO - Processing file /home/airflow/.local/lib/python3.12/site-packages/airflow/example_dags/example_branch_operator_decorator.py for tasks to queue
[2026-09-17T20:47:20.255+0000] {logging_mixin.py:190} INFO - [2026-09-17T20:47:20.254+0000] {dagbag.py:588} INFO - Filling up the DagBag from /home/airflow/.local/lib/python3.12/site-packages/airflow/example_dags/example_branch_operator_decorator.py
[2026-09-17T20:47:20.301+0000] {processor.py:925} INFO - DAG(s) 'example_branch_python_operator_decorator' retrieved from /home/airflow/.local/lib/python3.12/site-packages/airflow/example_dags/example_branch_operator_decorator.py
[2026-09-17T20:47:20.375+0000] {logging_mixin.py:190} INFO - [2026-09-17T20:47:20.375+0000] {dag.py:3239} INFO - Sync 1 DAGs
[2026-09-17T20:47:20.421+0000] {logging_mixin.py:190} INFO - [2026-09-17T20:47:20.420+0000] {dag.py:4180} INFO - Setting next_dagrun for example_branch_python_operator_decorator to 2026-09-16 00:00:00+00:00, run_after=2026-09-17 00:00:00+00:00
[2026-09-17T20:47:20.461+0000] {processor.py:208} INFO - Processing /home/airflow/.local/lib/python3.12/site-packages/airflow/example_dags/example_branch_operator_decorator.py took 0.226 seconds
[2026-09-17T20:47:50.610+0000] {processor.py:186} INFO - Started process (PID=2390) to work on /home/airflow/.local/lib/python3.12/site-packages/airflow/example_dags/example_branch_operator_decorator.py
[2026-09-17T20:47:50.614+0000] {processor.py:914} INFO - Processing file /home/airflow/.local/lib/python3.12/site-packages/airflow/example_dags/example_branch_operator_decorator.py for tasks to queue
[2026-09-17T20:47:50.617+0000] {logging_mixin.py:190} INFO - [2026-09-17T20:47:50.617+0000] {dagbag.py:588} INFO - Filling up the DagBag from /home/airflow/.local/lib/python3.12/site-packages/airflow/example_dags/example_branch_operator_decorator.py
[2026-09-17T20:47:50.644+0000] {processor.py:925} INFO - DAG(s) 'example_branch_python_operator_decorator' retrieved from /home/airflow/.local/lib/python3.12/site-packages/airflow/example_dags/example_branch_operator_decorator.py
[2026-09-17T20:47:50.713+0000] {logging_mixin.py:190} INFO - [2026-09-17T20:47:50.712+0000] {dag.py:3239} INFO - Sync 1 DAGs
[2026-09-17T20:47:50.749+0000] {logging_mixin.py:190} INFO - [2026-09-17T20:47:50.748+0000] {dag.py:4180} INFO - Setting next_dagrun for example_branch_python_operator_decorator to 2026-09-16 00:00:00+00:00, run_after=2026-09-17 00:00:00+00:00
[2026-09-17T20:47:50.773+0000] {processor.py:208} INFO - Processing /home/airflow/.local/lib/python3.12/site-packages/airflow/example_dags/example_branch_operator_decorator.py took 0.173 seconds
[2026-09-17T20:48:21.026+0000] {processor.py:186} INFO - Started process (PID=2454) to work on /home/airflow/.local/lib/python3.12/site-packages/airflow/example_dags/example_branch_operator_decorator.py
[2026-09-17T20:48:21.028+0000] {processor.py:914} INFO - Processing file /home/airflow/.local/lib/python3.12/site-packages/airflow/example_dags/example_branch_operator_decorator.py for tasks to queue
[2026-09-17T20:48:21.031+0000] {logging_mixin.py:190} INFO - [2026-09-17T20:48:21.031+0000] {dagbag.py:588} INFO - Filling up the DagBag from /home/airflow/.local/lib/python3.12/site-packages/airflow/example_dags/example_branch_operator_decorator.py
[2026-09-17T20:48:21.057+0000] {processor.py:925} INFO - DAG(s) 'example_branch_python_operator_decorator' retrieved from /home/airflow/.local/lib/python3.12/site-packages/airflow/example_dags/example_branch_operator_decorator.py
[2026-09-17T20:48:21.093+0000] {logging_mixin.py:190} INFO - [2026-09-17T20:48:21.092+0000] {dag.py:3239} INFO - Sync 1 DAGs
[2026-09-17T20:48:21.119+0000] {logging_mixin.py:190} INFO - [2026-09-17T20:48:21.119+0000] {dag.py:4180} INFO - Setting next_dagrun for example_branch_python_operator_decorator to 2026-09-16 00:00:00+00:00, run_after=2026-09-17 00:00:00+00:00
[2026-09-17T20:48:21.145+0000] {processor.py:208} INFO - Processing /home/airflow/.local/lib/python3.12/site-packages/airflow/example_dags/example_branch_operator_decorator.py took 0.128 seconds
[2026-09-17T20:48:51.835+0000] {processor.py:186} INFO - Started process (PID=2520) to work on /home/airflow/.local/lib/python3.12/site-packages/airflow/example_dags/example_branch_operator_decorator.py
[2026-09-17T20:48:51.838+0000] {processor.py:914} INFO - Processing file /home/airflow/.local/lib/python3.12/site-packages/airflow/example_dags/example_branch_operator_decorator.py for tasks to queue
[2026-09-17T20:48:51.840+0000] {logging_mixin.py:190} INFO - [2026-09-17T20:48:51.840+0000] {dagbag.py:588} INFO - Filling up the DagBag from /home/airflow/.local/lib/python3.12/site-packages/airflow/example_dags/example_branch_operator_decorator.py
[2026-09-17T20:48:51.867+0000] {processor.py:925} INFO - DAG(s) 'example_branch_python_operator_decorator' retrieved from /home/airflow/.local/lib/python3.12/site-packages/airflow/example_dags/example_branch_operator_decorator.py
[2026-09-17T20:48:51.899+0000] {logging_mixin.py:190} INFO - [2026-09-17T20:48:51.899+0000] {dag.py:3239} INFO - Sync 1 DAGs
[2026-09-17T20:48:51.927+0000] {logging_mixin.py:190} INFO - [2026-09-17T20:48:51.927+0000] {dag.py:4180} INFO - Setting next_dagrun for example_branch_python_operator_decorator to 2026-09-16 00:00:00+00:00, run_after=2026-09-17 00:00:00+00:00
[2026-09-17T20:48:51.951+0000] {processor.py:208} INFO - Processing /home/airflow/.local/lib/python3.12/site-packages/airflow/example_dags/example_branch_operator_decorator.py took 0.124 seconds
