[2026-09-17T18:40:46.400+0000] {processor.py:161} INFO - Started process (PID=89) to work on /home/airflow/.local/lib/python3.8/site-packages/airflow/example_dags/tutorial_taskflow_api_virtualenv.py
[2026-09-17T18:40:46.404+0000] {processor.py:830} INFO - Processing file /home/airflow/.local/lib/python3.8/site-packages/airflow/example_dags/tutorial_taskflow_api_virtualenv.py for tasks to queue
[2026-09-17T18:40:46.410+0000] {logging_mixin.py:188} INFO - [2026-09-17T18:40:46.410+0000] {dagbag.py:538} INFO - Filling up the DagBag from /home/airflow/.local/lib/python3.8/site-packages/airflow/example_dags/tutorial_taskflow_api_virtualenv.py
[2026-09-17T18:40:46.451+0000] {processor.py:840} INFO - DAG(s) 'tutorial_taskflow_api_virtualenv' retrieved from /home/airflow/.local/lib/python3.8/site-packages/airflow/example_dags/tutorial_taskflow_api_virtualenv.py
[2026-09-17T18:40:46.490+0000] {logging_mixin.py:188} INFO - [2026-09-17T18:40:46.489+0000] {dag.py:3036} INFO - Sync 1 DAGs
[2026-09-17T18:40:46.523+0000] {logging_mixin.py:188} INFO - [2026-09-17T18:40:46.523+0000] {dag.py:3823} INFO - Setting next_dagrun for tutorial_taskflow_api_virtualenv to None, run_after=None
[2026-09-17T18:40:46.572+0000] {processor.py:183} INFO - Processing /home/airflow/.local/lib/python3.8/site-packages/airflow/example_dags/tutorial_taskflow_api_virtualenv.py took 0.182 seconds
[2026-09-17T18:41:19.068+0000] {processor.py:161} INFO - Started process (PID=146) to work on /home/airflow/.local/lib/python3.8/site-packages/airflow/example_dags/tutorial_taskflow_api_virtualenv.py
[2026-09-17T18:41:19.071+0000] {processor.py:830} INFO - Processing file /home/airflow/.local/lib/python3.8/site-packages/airflow/example_dags/tutorial_taskflow_api_virtualenv.py for tasks to queue
[2026-09-17T18:41:19.075+0000] {logging_mixin.py:188} INFO - [2026-09-17T18:41:19.074+0000] {dagbag.py:538} INFO - Filling up the DagBag from /home/airflow/.local/lib/python3.8/site-packages/airflow/example_dags/tutorial_taskflow_api_virtualenv.py
[2026-09-17T18:41:19.089+0000] {processor.py:840} INFO - DAG(s) 'tutorial_taskflow_api_virtualenv' retrieved from /home/airflow/.local/lib/python3.8/site-packages/airflow/example_dags/tutorial_taskflow_api_virtualenv.py
[2026-09-17T18:41:19.220+0000] {logging_mixin.py:188} INFO - [2026-09-17T18:41:19.219+0000] {dag.py:3036} INFO - Sync 1 DAGs
[2026-09-17T18:41:19.232+0000] {logging_mixin.py:188} INFO - [2026-09-17T18:41:19.232+0000] {dag.py:3823} INFO - Setting next_dagrun for tutorial_taskflow_api_virtualenv to None, run_after=None
[2026-09-17T18:41:19.263+0000] {processor.py:183} INFO - Processing /home/airflow/.local/lib/python3.8/site-packages/airflow/example_dags/tutorial_taskflow_api_virtualenv.py took 0.198 seconds
[2026-09-17T18:41:50.036+0000] {processor.py:161} INFO - Started process (PID=203) to work on /home/airflow/.local/lib/python3.8/site-packages/airflow/example_dags/tutorial_taskflow_api_virtualenv.py
[2026-09-17T18:41:50.038+0000] {processor.py:830} INFO - Processing file /home/airflow/.local/lib/python3.8/site-packages/airflow/example_dags/tutorial_taskflow_api_virtualenv.py for tasks to queue
[2026-09-17T18:41:50.041+0000] {logging_mixin.py:188} INFO - [2026-09-17T18:41:50.040+0000] {dagbag.py:538} INFO - Filling up the DagBag from /home/airflow/.local/lib/python3.8/site-packages/airflow/example_dags/tutorial_taskflow_api_virtualenv.py
[2026-09-17T18:41:50.053+0000] {processor.py:840} INFO - DAG(s) 'tutorial_taskflow_api_virtualenv' retrieved from /home/airflow/.local/lib/python3.8/site-packages/airflow/example_dags/tutorial_taskflow_api_virtualenv.py
[2026-09-17T18:41:50.074+0000] {logging_mixin.py:188} INFO - [2026-09-17T18:41:50.073+0000] {dag.py:3036} INFO - Sync 1 DAGs
[2026-09-17T18:41:50.092+0000] {logging_mixin.py:188} INFO - [2026-09-17T18:41:50.091+0000] {dag.py:3823} INFO - Setting next_dagrun for tutorial_taskflow_api_virtualenv to None, run_after=None
[2026-09-17T18:41:50.123+0000] {processor.py:183} INFO - Processing /home/airflow/.local/lib/python3.8/site-packages/airflow/example_dags/tutorial_taskflow_api_virtualenv.py took 0.091 seconds
[2026-09-17T18:42:20.887+0000] {processor.py:161} INFO - Started process (PID=252) to work on /home/airflow/.local/lib/python3.8/site-packages/airflow/example_dags/tutorial_taskflow_api_virtualenv.py
[2026-09-17T18:42:20.889+0000] {processor.py:830} INFO - Processing file /home/airflow/.local/lib/python3.8/site-packages/airflow/example_dags/tutorial_taskflow_api_virtualenv.py for tasks to queue
[2026-09-17T18:42:20.892+0000] {logging_mixin.py:188} INFO - [2026-09-17T18:42:20.891+0000] {dagbag.py:538} INFO - Filling up the DagBag from /home/airflow/.local/lib/python3.8/site-packages/airflow/example_dags/tutorial_taskflow_api_virtualenv.py
[2026-09-17T18:42:20.903+0000] {processor.py:840} INFO - DAG(s) 'tutorial_taskflow_api_virtualenv' retrieved from /home/airflow/.local/lib/python3.8/site-packages/airflow/example_dags/tutorial_taskflow_api_virtualenv.py
[2026-09-17T18:42:20.923+0000] {logging_mixin.py:188} INFO - [2026-09-17T18:42:20.923+0000] {dag.py:3036} INFO - Sync 1 DAGs
[2026-09-17T18:42:20.938+0000] {logging_mixin.py:188} INFO - [2026-09-17T18:42:20.938+0000] {dag.py:3823} INFO - Setting next_dagrun for tutorial_taskflow_api_virtualenv to None, run_after=None
[2026-09-17T18:42:20.967+0000] {processor.py:183} INFO - Processing /home/airflow/.local/lib/python3.8/site-packages/airflow/example_dags/tutorial_taskflow_api_virtualenv.py took 0.083 seconds
[2026-09-17T18:42:52.899+0000] {processor.py:161} INFO - Started process (PID=309) to work on /home/airflow/.local/lib/python3.8/site-packages/airflow/example_dags/tutorial_taskflow_api_virtualenv.py
[2026-09-17T18:42:52.902+0000] {processor.py:830} INFO - Processing file /home/airflow/.local/lib/python3.8/site-packages/airflow/example_dags/tutorial_taskflow_api_virtualenv.py for tasks to queue
[2026-09-17T18:42:52.905+0000] {logging_mixin.py:188} INFO - [2026-09-17T18:42:52.905+0000] {dagbag.py:538} INFO - Filling up the DagBag from /home/airflow/.local/lib/python3.8/site-packages/airflow/example_dags/tutorial_taskflow_api_virtualenv.py
[2026-09-17T18:42:52.921+0000] {processor.py:840} INFO - DAG(s) 'tutorial_taskflow_api_virtualenv' retrieved from /home/airflow/.local/lib/python3.8/site-packages/airflow/example_dags/tutorial_taskflow_api_virtualenv.py
[2026-09-17T18:42:53.384+0000] {logging_mixin.py:188} INFO - [2026-09-17T18:42:53.383+0000] {dag.py:3036} INFO - Sync 1 DAGs
[2026-09-17T18:42:53.415+0000] {logging_mixin.py:188} INFO - [2026-09-17T18:42:53.415+0000] {dag.py:3823} INFO - Setting next_dagrun for tutorial_taskflow_api_virtualenv to None, run_after=None
[2026-09-17T18:42:53.483+0000] {processor.py:183} INFO - Processing /home/airflow/.local/lib/python3.8/site-packages/airflow/example_dags/tutorial_taskflow_api_virtualenv.py took 0.588 seconds
[2026-09-17T18:43:26.548+0000] {processor.py:161} INFO - Started process (PID=366) to work on /home/airflow/.local/lib/python3.8/site-packages/airflow/example_dags/tutorial_taskflow_api_virtualenv.py
[2026-09-17T18:43:26.554+0000] {processor.py:830} INFO - Processing file /home/airflow/.local/lib/python3.8/site-packages/airflow/example_dags/tutorial_taskflow_api_virtualenv.py for tasks to queue
[2026-09-17T18:43:26.562+0000] {logging_mixin.py:188} INFO - [2026-09-17T18:43:26.562+0000] {dagbag.py:538} INFO - Filling up the DagBag from /home/airflow/.local/lib/python3.8/site-packages/airflow/example_dags/tutorial_taskflow_api_virtualenv.py
[2026-09-17T18:43:26.652+0000] {processor.py:840} INFO - DAG(s) 'tutorial_taskflow_api_virtualenv' retrieved from /home/airflow/.local/lib/python3.8/site-packages/airflow/example_dags/tutorial_taskflow_api_virtualenv.py
[2026-09-17T18:43:26.745+0000] {logging_mixin.py:188} INFO - [2026-09-17T18:43:26.744+0000] {dag.py:3036} INFO - Sync 1 DAGs
[2026-09-17T18:43:26.804+0000] {logging_mixin.py:188} INFO - [2026-09-17T18:43:26.804+0000] {dag.py:3823} INFO - Setting next_dagrun for tutorial_taskflow_api_virtualenv to None, run_after=None
[2026-09-17T18:43:26.883+0000] {processor.py:183} INFO - Processing /home/airflow/.local/lib/python3.8/site-packages/airflow/example_dags/tutorial_taskflow_api_virtualenv.py took 0.349 seconds
[2026-09-17T18:44:21.478+0000] {processor.py:161} INFO - Started process (PID=431) to work on /home/airflow/.local/lib/python3.8/site-packages/airflow/example_dags/tutorial_taskflow_api_virtualenv.py
[2026-09-17T18:44:21.483+0000] {processor.py:830} INFO - Processing file /home/airflow/.local/lib/python3.8/site-packages/airflow/example_dags/tutorial_taskflow_api_virtualenv.py for tasks to queue
[2026-09-17T18:44:21.492+0000] {logging_mixin.py:188} INFO - [2026-09-17T18:44:21.490+0000] {dagbag.py:538} INFO - Filling up the DagBag from /home/airflow/.local/lib/python3.8/site-packages/airflow/example_dags/tutorial_taskflow_api_virtualenv.py
[2026-09-17T18:44:21.531+0000] {processor.py:840} INFO - DAG(s) 'tutorial_taskflow_api_virtualenv' retrieved from /home/airflow/.local/lib/python3.8/site-packages/airflow/example_dags/tutorial_taskflow_api_virtualenv.py
[2026-09-17T18:44:21.616+0000] {logging_mixin.py:188} INFO - [2026-09-17T18:44:21.615+0000] {dag.py:3036} INFO - Sync 1 DAGs
[2026-09-17T18:44:21.670+0000] {logging_mixin.py:188} INFO - [2026-09-17T18:44:21.669+0000] {dag.py:3823} INFO - Setting next_dagrun for tutorial_taskflow_api_virtualenv to None, run_after=None
[2026-09-17T18:44:21.769+0000] {processor.py:183} INFO - Processing /home/airflow/.local/lib/python3.8/site-packages/airflow/example_dags/tutorial_taskflow_api_virtualenv.py took 0.313 seconds
[2026-09-17T18:44:56.632+0000] {processor.py:161} INFO - Started process (PID=488) to work on /home/airflow/.local/lib/python3.8/site-packages/airflow/example_dags/tutorial_taskflow_api_virtualenv.py
[2026-09-17T18:44:56.635+0000] {processor.py:830} INFO - Processing file /home/airflow/.local/lib/python3.8/site-packages/airflow/example_dags/tutorial_taskflow_api_virtualenv.py for tasks to queue
[2026-09-17T18:44:56.640+0000] {logging_mixin.py:188} INFO - [2026-09-17T18:44:56.640+0000] {dagbag.py:538} INFO - Filling up the DagBag from /home/airflow/.local/lib/python3.8/site-packages/airflow/example_dags/tutorial_taskflow_api_virtualenv.py
[2026-09-17T18:44:56.657+0000] {processor.py:840} INFO - DAG(s) 'tutorial_taskflow_api_virtualenv' retrieved from /home/airflow/.local/lib/python3.8/site-packages/airflow/example_dags/tutorial_taskflow_api_virtualenv.py
[2026-09-17T18:44:56.692+0000] {logging_mixin.py:188} INFO - [2026-09-17T18:44:56.692+0000] {dag.py:3036} INFO - Sync 1 DAGs
[2026-09-17T18:44:56.713+0000] {logging_mixin.py:188} INFO - [2026-09-17T18:44:56.712+0000] {dag.py:3823} INFO - Setting next_dagrun for tutorial_taskflow_api_virtualenv to None, run_after=None
[2026-09-17T18:44:57.903+0000] {processor.py:183} INFO - Processing /home/airflow/.local/lib/python3.8/site-packages/airflow/example_dags/tutorial_taskflow_api_virtualenv.py took 1.277 seconds
[2026-09-17T18:45:28.472+0000] {processor.py:161} INFO - Started process (PID=545) to work on /home/airflow/.local/lib/python3.8/site-packages/airflow/example_dags/tutorial_taskflow_api_virtualenv.py
[2026-09-17T18:45:28.474+0000] {processor.py:830} INFO - Processing file /home/airflow/.local/lib/python3.8/site-packages/airflow/example_dags/tutorial_taskflow_api_virtualenv.py for tasks to queue
[2026-09-17T18:45:28.477+0000] {logging_mixin.py:188} INFO - [2026-09-17T18:45:28.477+0000] {dagbag.py:538} INFO - Filling up the DagBag from /home/airflow/.local/lib/python3.8/site-packages/airflow/example_dags/tutorial_taskflow_api_virtualenv.py
[2026-09-17T18:45:28.493+0000] {processor.py:840} INFO - DAG(s) 'tutorial_taskflow_api_virtualenv' retrieved from /home/airflow/.local/lib/python3.8/site-packages/airflow/example_dags/tutorial_taskflow_api_virtualenv.py
[2026-09-17T18:45:28.541+0000] {logging_mixin.py:188} INFO - [2026-09-17T18:45:28.540+0000] {dag.py:3036} INFO - Sync 1 DAGs
[2026-09-17T18:45:28.562+0000] {logging_mixin.py:188} INFO - [2026-09-17T18:45:28.561+0000] {dag.py:3823} INFO - Setting next_dagrun for tutorial_taskflow_api_virtualenv to None, run_after=None
[2026-09-17T18:45:28.598+0000] {processor.py:183} INFO - Processing /home/airflow/.local/lib/python3.8/site-packages/airflow/example_dags/tutorial_taskflow_api_virtualenv.py took 0.134 seconds
[2026-09-17T18:47:26.025+0000] {processor.py:186} INFO - Started process (PID=115) to work on /home/airflow/.local/lib/python3.12/site-packages/airflow/example_dags/tutorial_taskflow_api_virtualenv.py
[2026-09-17T18:47:26.027+0000] {processor.py:914} INFO - Processing file /home/airflow/.local/lib/python3.12/site-packages/airflow/example_dags/tutorial_taskflow_api_virtualenv.py for tasks to queue
[2026-09-17T18:47:26.031+0000] {logging_mixin.py:190} INFO - [2026-09-17T18:47:26.030+0000] {dagbag.py:588} INFO - Filling up the DagBag from /home/airflow/.local/lib/python3.12/site-packages/airflow/example_dags/tutorial_taskflow_api_virtualenv.py
[2026-09-17T18:47:26.047+0000] {processor.py:925} INFO - DAG(s) 'tutorial_taskflow_api_virtualenv' retrieved from /home/airflow/.local/lib/python3.12/site-packages/airflow/example_dags/tutorial_taskflow_api_virtualenv.py
[2026-09-17T18:47:26.190+0000] {logging_mixin.py:190} INFO - [2026-09-17T18:47:26.190+0000] {dag.py:3239} INFO - Sync 1 DAGs
[2026-09-17T18:47:26.204+0000] {logging_mixin.py:190} INFO - [2026-09-17T18:47:26.204+0000] {dag.py:4180} INFO - Setting next_dagrun for tutorial_taskflow_api_virtualenv to None, run_after=None
[2026-09-17T18:47:26.235+0000] {processor.py:208} INFO - Processing /home/airflow/.local/lib/python3.12/site-packages/airflow/example_dags/tutorial_taskflow_api_virtualenv.py took 0.216 seconds
[2026-09-17T18:47:57.154+0000] {processor.py:186} INFO - Started process (PID=180) to work on /home/airflow/.local/lib/python3.12/site-packages/airflow/example_dags/tutorial_taskflow_api_virtualenv.py
[2026-09-17T18:47:57.158+0000] {processor.py:914} INFO - Processing file /home/airflow/.local/lib/python3.12/site-packages/airflow/example_dags/tutorial_taskflow_api_virtualenv.py for tasks to queue
[2026-09-17T18:47:57.163+0000] {logging_mixin.py:190} INFO - [2026-09-17T18:47:57.162+0000] {dagbag.py:588} INFO - Filling up the DagBag from /home/airflow/.local/lib/python3.12/site-packages/airflow/example_dags/tutorial_taskflow_api_virtualenv.py
[2026-09-17T18:47:57.185+0000] {processor.py:925} INFO - DAG(s) 'tutorial_taskflow_api_virtualenv' retrieved from /home/airflow/.local/lib/python3.12/site-packages/airflow/example_dags/tutorial_taskflow_api_virtualenv.py
[2026-09-17T18:47:57.226+0000] {logging_mixin.py:190} INFO - [2026-09-17T18:47:57.226+0000] {dag.py:3239} INFO - Sync 1 DAGs
[2026-09-17T18:47:57.251+0000] {logging_mixin.py:190} INFO - [2026-09-17T18:47:57.251+0000] {dag.py:4180} INFO - Setting next_dagrun for tutorial_taskflow_api_virtualenv to None, run_after=None
[2026-09-17T18:47:57.284+0000] {processor.py:208} INFO - Processing /home/airflow/.local/lib/python3.12/site-packages/airflow/example_dags/tutorial_taskflow_api_virtualenv.py took 0.141 seconds
[2026-09-17T18:48:27.959+0000] {processor.py:186} INFO - Started process (PID=245) to work on /home/airflow/.local/lib/python3.12/site-packages/airflow/example_dags/tutorial_taskflow_api_virtualenv.py
[2026-09-17T18:48:27.961+0000] {processor.py:914} INFO - Processing file /home/airflow/.local/lib/python3.12/site-packages/airflow/example_dags/tutorial_taskflow_api_virtualenv.py for tasks to queue
[2026-09-17T18:48:27.965+0000] {logging_mixin.py:190} INFO - [2026-09-17T18:48:27.965+0000] {dagbag.py:588} INFO - Filling up the DagBag from /home/airflow/.local/lib/python3.12/site-packages/airflow/example_dags/tutorial_taskflow_api_virtualenv.py
[2026-09-17T18:48:27.981+0000] {processor.py:925} INFO - DAG(s) 'tutorial_taskflow_api_virtualenv' retrieved from /home/airflow/.local/lib/python3.12/site-packages/airflow/example_dags/tutorial_taskflow_api_virtualenv.py
[2026-09-17T18:48:28.010+0000] {logging_mixin.py:190} INFO - [2026-09-17T18:48:28.009+0000] {dag.py:3239} INFO - Sync 1 DAGs
[2026-09-17T18:48:28.028+0000] {logging_mixin.py:190} INFO - [2026-09-17T18:48:28.028+0000] {dag.py:4180} INFO - Setting next_dagrun for tutorial_taskflow_api_virtualenv to None, run_after=None
[2026-09-17T18:48:28.056+0000] {processor.py:208} INFO - Processing /home/airflow/.local/lib/python3.12/site-packages/airflow/example_dags/tutorial_taskflow_api_virtualenv.py took 0.105 seconds
[2026-09-17T18:48:59.531+0000] {processor.py:186} INFO - Started process (PID=310) to work on /home/airflow/.local/lib/python3.12/site-packages/airflow/example_dags/tutorial_taskflow_api_virtualenv.py
[2026-09-17T18:48:59.533+0000] {processor.py:914} INFO - Processing file /home/airflow/.local/lib/python3.12/site-packages/airflow/example_dags/tutorial_taskflow_api_virtualenv.py for tasks to queue
[2026-09-17T18:48:59.538+0000] {logging_mixin.py:190} INFO - [2026-09-17T18:48:59.537+0000] {dagbag.py:588} INFO - Filling up the DagBag from /home/airflow/.local/lib/python3.12/site-packages/airflow/example_dags/tutorial_taskflow_api_virtualenv.py
[2026-09-17T18:48:59.561+0000] {processor.py:925} INFO - DAG(s) 'tutorial_taskflow_api_virtualenv' retrieved from /home/airflow/.local/lib/python3.12/site-packages/airflow/example_dags/tutorial_taskflow_api_virtualenv.py
[2026-09-17T18:48:59.591+0000] {logging_mixin.py:190} INFO - [2026-09-17T18:48:59.591+0000] {dag.py:3239} INFO - Sync 1 DAGs
[2026-09-17T18:48:59.611+0000] {logging_mixin.py:190} INFO - [2026-09-17T18:48:59.611+0000] {dag.py:4180} INFO - Setting next_dagrun for tutorial_taskflow_api_virtualenv to None, run_after=None
[2026-09-17T18:48:59.638+0000] {processor.py:208} INFO - Processing /home/airflow/.local/lib/python3.12/site-packages/airflow/example_dags/tutorial_taskflow_api_virtualenv.py took 0.119 seconds
[2026-09-17T18:49:29.771+0000] {processor.py:186} INFO - Started process (PID=374) to work on /home/airflow/.local/lib/python3.12/site-packages/airflow/example_dags/tutorial_taskflow_api_virtualenv.py
[2026-09-17T18:49:29.774+0000] {processor.py:914} INFO - Processing file /home/airflow/.local/lib/python3.12/site-packages/airflow/example_dags/tutorial_taskflow_api_virtualenv.py for tasks to queue
[2026-09-17T18:49:29.778+0000] {logging_mixin.py:190} INFO - [2026-09-17T18:49:29.777+0000] {dagbag.py:588} INFO - Filling up the DagBag from /home/airflow/.local/lib/python3.12/site-packages/airflow/example_dags/tutorial_taskflow_api_virtualenv.py
[2026-09-17T18:49:29.807+0000] {processor.py:925} INFO - DAG(s) 'tutorial_taskflow_api_virtualenv' retrieved from /home/airflow/.local/lib/python3.12/site-packages/airflow/example_dags/tutorial_taskflow_api_virtualenv.py
[2026-09-17T18:49:29.853+0000] {logging_mixin.py:190} INFO - [2026-09-17T18:49:29.852+0000] {dag.py:3239} INFO - Sync 1 DAGs
[2026-09-17T18:49:29.877+0000] {logging_mixin.py:190} INFO - [2026-09-17T18:49:29.877+0000] {dag.py:4180} INFO - Setting next_dagrun for tutorial_taskflow_api_virtualenv to None, run_after=None
[2026-09-17T18:49:29.905+0000] {processor.py:208} INFO - Processing /home/airflow/.local/lib/python3.12/site-packages/airflow/example_dags/tutorial_taskflow_api_virtualenv.py took 0.144 seconds
[2026-09-17T18:50:55.556+0000] {processor.py:186} INFO - Started process (PID=94) to work on /home/airflow/.local/lib/python3.12/site-packages/airflow/example_dags/tutorial_taskflow_api_virtualenv.py
[2026-09-17T18:50:55.558+0000] {processor.py:914} INFO - Processing file /home/airflow/.local/lib/python3.12/site-packages/airflow/example_dags/tutorial_taskflow_api_virtualenv.py for tasks to queue
[2026-09-17T18:50:55.561+0000] {logging_mixin.py:190} INFO - [2026-09-17T18:50:55.560+0000] {dagbag.py:588} INFO - Filling up the DagBag from /home/airflow/.local/lib/python3.12/site-packages/airflow/example_dags/tutorial_taskflow_api_virtualenv.py
[2026-09-17T18:50:55.577+0000] {processor.py:925} INFO - DAG(s) 'tutorial_taskflow_api_virtualenv' retrieved from /home/airflow/.local/lib/python3.12/site-packages/airflow/example_dags/tutorial_taskflow_api_virtualenv.py
[2026-09-17T18:50:55.724+0000] {logging_mixin.py:190} INFO - [2026-09-17T18:50:55.724+0000] {dag.py:3239} INFO - Sync 1 DAGs
[2026-09-17T18:50:55.741+0000] {logging_mixin.py:190} INFO - [2026-09-17T18:50:55.741+0000] {dag.py:4180} INFO - Setting next_dagrun for tutorial_taskflow_api_virtualenv to None, run_after=None
[2026-09-17T18:50:55.774+0000] {processor.py:208} INFO - Processing /home/airflow/.local/lib/python3.12/site-packages/airflow/example_dags/tutorial_taskflow_api_virtualenv.py took 0.224 seconds
[2026-09-17T18:51:27.670+0000] {processor.py:186} INFO - Started process (PID=159) to work on /home/airflow/.local/lib/python3.12/site-packages/airflow/example_dags/tutorial_taskflow_api_virtualenv.py
[2026-09-17T18:51:27.673+0000] {processor.py:914} INFO - Processing file /home/airflow/.local/lib/python3.12/site-packages/airflow/example_dags/tutorial_taskflow_api_virtualenv.py for tasks to queue
[2026-09-17T18:51:27.676+0000] {logging_mixin.py:190} INFO - [2026-09-17T18:51:27.675+0000] {dagbag.py:588} INFO - Filling up the DagBag from /home/airflow/.local/lib/python3.12/site-packages/airflow/example_dags/tutorial_taskflow_api_virtualenv.py
[2026-09-17T18:51:27.692+0000] {processor.py:925} INFO - DAG(s) 'tutorial_taskflow_api_virtualenv' retrieved from /home/airflow/.local/lib/python3.12/site-packages/airflow/example_dags/tutorial_taskflow_api_virtualenv.py
[2026-09-17T18:51:27.722+0000] {logging_mixin.py:190} INFO - [2026-09-17T18:51:27.721+0000] {dag.py:3239} INFO - Sync 1 DAGs
[2026-09-17T18:51:27.739+0000] {logging_mixin.py:190} INFO - [2026-09-17T18:51:27.739+0000] {dag.py:4180} INFO - Setting next_dagrun for tutorial_taskflow_api_virtualenv to None, run_after=None
[2026-09-17T18:51:27.767+0000] {processor.py:208} INFO - Processing /home/airflow/.local/lib/python3.12/site-packages/airflow/example_dags/tutorial_taskflow_api_virtualenv.py took 0.103 seconds
[2026-09-17T18:52:00.584+0000] {processor.py:186} INFO - Started process (PID=224) to work on /home/airflow/.local/lib/python3.12/site-packages/airflow/example_dags/tutorial_taskflow_api_virtualenv.py
[2026-09-17T18:52:00.586+0000] {processor.py:914} INFO - Processing file /home/airflow/.local/lib/python3.12/site-packages/airflow/example_dags/tutorial_taskflow_api_virtualenv.py for tasks to queue
[2026-09-17T18:52:00.589+0000] {logging_mixin.py:190} INFO - [2026-09-17T18:52:00.588+0000] {dagbag.py:588} INFO - Filling up the DagBag from /home/airflow/.local/lib/python3.12/site-packages/airflow/example_dags/tutorial_taskflow_api_virtualenv.py
[2026-09-17T18:52:00.604+0000] {processor.py:925} INFO - DAG(s) 'tutorial_taskflow_api_virtualenv' retrieved from /home/airflow/.local/lib/python3.12/site-packages/airflow/example_dags/tutorial_taskflow_api_virtualenv.py
[2026-09-17T18:52:00.636+0000] {logging_mixin.py:190} INFO - [2026-09-17T18:52:00.636+0000] {dag.py:3239} INFO - Sync 1 DAGs
[2026-09-17T18:52:00.654+0000] {logging_mixin.py:190} INFO - [2026-09-17T18:52:00.654+0000] {dag.py:4180} INFO - Setting next_dagrun for tutorial_taskflow_api_virtualenv to None, run_after=None
[2026-09-17T18:52:00.678+0000] {processor.py:208} INFO - Processing /home/airflow/.local/lib/python3.12/site-packages/airflow/example_dags/tutorial_taskflow_api_virtualenv.py took 0.100 seconds
[2026-09-17T18:52:31.600+0000] {processor.py:186} INFO - Started process (PID=288) to work on /home/airflow/.local/lib/python3.12/site-packages/airflow/example_dags/tutorial_taskflow_api_virtualenv.py
[2026-09-17T18:52:31.603+0000] {processor.py:914} INFO - Processing file /home/airflow/.local/lib/python3.12/site-packages/airflow/example_dags/tutorial_taskflow_api_virtualenv.py for tasks to queue
[2026-09-17T18:52:31.606+0000] {logging_mixin.py:190} INFO - [2026-09-17T18:52:31.605+0000] {dagbag.py:588} INFO - Filling up the DagBag from /home/airflow/.local/lib/python3.12/site-packages/airflow/example_dags/tutorial_taskflow_api_virtualenv.py
[2026-09-17T18:52:31.624+0000] {processor.py:925} INFO - DAG(s) 'tutorial_taskflow_api_virtualenv' retrieved from /home/airflow/.local/lib/python3.12/site-packages/airflow/example_dags/tutorial_taskflow_api_virtualenv.py
[2026-09-17T18:52:31.656+0000] {logging_mixin.py:190} INFO - [2026-09-17T18:52:31.656+0000] {dag.py:3239} INFO - Sync 1 DAGs
[2026-09-17T18:52:31.674+0000] {logging_mixin.py:190} INFO - [2026-09-17T18:52:31.674+0000] {dag.py:4180} INFO - Setting next_dagrun for tutorial_taskflow_api_virtualenv to None, run_after=None
[2026-09-17T18:52:31.714+0000] {processor.py:208} INFO - Processing /home/airflow/.local/lib/python3.12/site-packages/airflow/example_dags/tutorial_taskflow_api_virtualenv.py took 0.123 seconds
[2026-09-17T18:53:02.805+0000] {processor.py:186} INFO - Started process (PID=346) to work on /home/airflow/.local/lib/python3.12/site-packages/airflow/example_dags/tutorial_taskflow_api_virtualenv.py
[2026-09-17T18:53:02.807+0000] {processor.py:914} INFO - Processing file /home/airflow/.local/lib/python3.12/site-packages/airflow/example_dags/tutorial_taskflow_api_virtualenv.py for tasks to queue
[2026-09-17T18:53:02.809+0000] {logging_mixin.py:190} INFO - [2026-09-17T18:53:02.808+0000] {dagbag.py:588} INFO - Filling up the DagBag from /home/airflow/.local/lib/python3.12/site-packages/airflow/example_dags/tutorial_taskflow_api_virtualenv.py
[2026-09-17T18:53:02.821+0000] {processor.py:925} INFO - DAG(s) 'tutorial_taskflow_api_virtualenv' retrieved from /home/airflow/.local/lib/python3.12/site-packages/airflow/example_dags/tutorial_taskflow_api_virtualenv.py
[2026-09-17T18:53:02.846+0000] {logging_mixin.py:190} INFO - [2026-09-17T18:53:02.846+0000] {dag.py:3239} INFO - Sync 1 DAGs
[2026-09-17T18:53:02.864+0000] {logging_mixin.py:190} INFO - [2026-09-17T18:53:02.863+0000] {dag.py:4180} INFO - Setting next_dagrun for tutorial_taskflow_api_virtualenv to None, run_after=None
[2026-09-17T18:53:02.889+0000] {processor.py:208} INFO - Processing /home/airflow/.local/lib/python3.12/site-packages/airflow/example_dags/tutorial_taskflow_api_virtualenv.py took 0.090 seconds
[2026-09-17T18:53:33.920+0000] {processor.py:186} INFO - Started process (PID=411) to work on /home/airflow/.local/lib/python3.12/site-packages/airflow/example_dags/tutorial_taskflow_api_virtualenv.py
[2026-09-17T18:53:33.922+0000] {processor.py:914} INFO - Processing file /home/airflow/.local/lib/python3.12/site-packages/airflow/example_dags/tutorial_taskflow_api_virtualenv.py for tasks to queue
[2026-09-17T18:53:33.925+0000] {logging_mixin.py:190} INFO - [2026-09-17T18:53:33.924+0000] {dagbag.py:588} INFO - Filling up the DagBag from /home/airflow/.local/lib/python3.12/site-packages/airflow/example_dags/tutorial_taskflow_api_virtualenv.py
[2026-09-17T18:53:33.940+0000] {processor.py:925} INFO - DAG(s) 'tutorial_taskflow_api_virtualenv' retrieved from /home/airflow/.local/lib/python3.12/site-packages/airflow/example_dags/tutorial_taskflow_api_virtualenv.py
[2026-09-17T18:53:33.967+0000] {logging_mixin.py:190} INFO - [2026-09-17T18:53:33.967+0000] {dag.py:3239} INFO - Sync 1 DAGs
[2026-09-17T18:53:33.982+0000] {logging_mixin.py:190} INFO - [2026-09-17T18:53:33.982+0000] {dag.py:4180} INFO - Setting next_dagrun for tutorial_taskflow_api_virtualenv to None, run_after=None
[2026-09-17T18:53:34.004+0000] {processor.py:208} INFO - Processing /home/airflow/.local/lib/python3.12/site-packages/airflow/example_dags/tutorial_taskflow_api_virtualenv.py took 0.091 seconds
[2026-09-17T18:54:04.835+0000] {processor.py:186} INFO - Started process (PID=476) to work on /home/airflow/.local/lib/python3.12/site-packages/airflow/example_dags/tutorial_taskflow_api_virtualenv.py
[2026-09-17T18:54:04.837+0000] {processor.py:914} INFO - Processing file /home/airflow/.local/lib/python3.12/site-packages/airflow/example_dags/tutorial_taskflow_api_virtualenv.py for tasks to queue
[2026-09-17T18:54:04.839+0000] {logging_mixin.py:190} INFO - [2026-09-17T18:54:04.838+0000] {dagbag.py:588} INFO - Filling up the DagBag from /home/airflow/.local/lib/python3.12/site-packages/airflow/example_dags/tutorial_taskflow_api_virtualenv.py
[2026-09-17T18:54:04.854+0000] {processor.py:925} INFO - DAG(s) 'tutorial_taskflow_api_virtualenv' retrieved from /home/airflow/.local/lib/python3.12/site-packages/airflow/example_dags/tutorial_taskflow_api_virtualenv.py
[2026-09-17T18:54:04.880+0000] {logging_mixin.py:190} INFO - [2026-09-17T18:54:04.880+0000] {dag.py:3239} INFO - Sync 1 DAGs
[2026-09-17T18:54:04.897+0000] {logging_mixin.py:190} INFO - [2026-09-17T18:54:04.896+0000] {dag.py:4180} INFO - Setting next_dagrun for tutorial_taskflow_api_virtualenv to None, run_after=None
[2026-09-17T18:54:04.921+0000] {processor.py:208} INFO - Processing /home/airflow/.local/lib/python3.12/site-packages/airflow/example_dags/tutorial_taskflow_api_virtualenv.py took 0.093 seconds
[2026-09-17T18:54:36.249+0000] {processor.py:186} INFO - Started process (PID=541) to work on /home/airflow/.local/lib/python3.12/site-packages/airflow/example_dags/tutorial_taskflow_api_virtualenv.py
[2026-09-17T18:54:36.250+0000] {processor.py:914} INFO - Processing file /home/airflow/.local/lib/python3.12/site-packages/airflow/example_dags/tutorial_taskflow_api_virtualenv.py for tasks to queue
[2026-09-17T18:54:36.253+0000] {logging_mixin.py:190} INFO - [2026-09-17T18:54:36.253+0000] {dagbag.py:588} INFO - Filling up the DagBag from /home/airflow/.local/lib/python3.12/site-packages/airflow/example_dags/tutorial_taskflow_api_virtualenv.py
[2026-09-17T18:54:36.274+0000] {processor.py:925} INFO - DAG(s) 'tutorial_taskflow_api_virtualenv' retrieved from /home/airflow/.local/lib/python3.12/site-packages/airflow/example_dags/tutorial_taskflow_api_virtualenv.py
[2026-09-17T18:54:36.303+0000] {logging_mixin.py:190} INFO - [2026-09-17T18:54:36.303+0000] {dag.py:3239} INFO - Sync 1 DAGs
[2026-09-17T18:54:36.320+0000] {logging_mixin.py:190} INFO - [2026-09-17T18:54:36.319+0000] {dag.py:4180} INFO - Setting next_dagrun for tutorial_taskflow_api_virtualenv to None, run_after=None
[2026-09-17T18:54:36.354+0000] {processor.py:208} INFO - Processing /home/airflow/.local/lib/python3.12/site-packages/airflow/example_dags/tutorial_taskflow_api_virtualenv.py took 0.112 seconds
[2026-09-17T18:55:07.670+0000] {processor.py:186} INFO - Started process (PID=606) to work on /home/airflow/.local/lib/python3.12/site-packages/airflow/example_dags/tutorial_taskflow_api_virtualenv.py
[2026-09-17T18:55:07.672+0000] {processor.py:914} INFO - Processing file /home/airflow/.local/lib/python3.12/site-packages/airflow/example_dags/tutorial_taskflow_api_virtualenv.py for tasks to queue
[2026-09-17T18:55:07.675+0000] {logging_mixin.py:190} INFO - [2026-09-17T18:55:07.674+0000] {dagbag.py:588} INFO - Filling up the DagBag from /home/airflow/.local/lib/python3.12/site-packages/airflow/example_dags/tutorial_taskflow_api_virtualenv.py
[2026-09-17T18:55:07.694+0000] {processor.py:925} INFO - DAG(s) 'tutorial_taskflow_api_virtualenv' retrieved from /home/airflow/.local/lib/python3.12/site-packages/airflow/example_dags/tutorial_taskflow_api_virtualenv.py
[2026-09-17T18:55:07.726+0000] {logging_mixin.py:190} INFO - [2026-09-17T18:55:07.726+0000] {dag.py:3239} INFO - Sync 1 DAGs
[2026-09-17T18:55:07.744+0000] {logging_mixin.py:190} INFO - [2026-09-17T18:55:07.743+0000] {dag.py:4180} INFO - Setting next_dagrun for tutorial_taskflow_api_virtualenv to None, run_after=None
[2026-09-17T18:55:07.768+0000] {processor.py:208} INFO - Processing /home/airflow/.local/lib/python3.12/site-packages/airflow/example_dags/tutorial_taskflow_api_virtualenv.py took 0.107 seconds
[2026-09-17T18:55:38.897+0000] {processor.py:186} INFO - Started process (PID=671) to work on /home/airflow/.local/lib/python3.12/site-packages/airflow/example_dags/tutorial_taskflow_api_virtualenv.py
[2026-09-17T18:55:38.899+0000] {processor.py:914} INFO - Processing file /home/airflow/.local/lib/python3.12/site-packages/airflow/example_dags/tutorial_taskflow_api_virtualenv.py for tasks to queue
[2026-09-17T18:55:38.902+0000] {logging_mixin.py:190} INFO - [2026-09-17T18:55:38.901+0000] {dagbag.py:588} INFO - Filling up the DagBag from /home/airflow/.local/lib/python3.12/site-packages/airflow/example_dags/tutorial_taskflow_api_virtualenv.py
[2026-09-17T18:55:38.916+0000] {processor.py:925} INFO - DAG(s) 'tutorial_taskflow_api_virtualenv' retrieved from /home/airflow/.local/lib/python3.12/site-packages/airflow/example_dags/tutorial_taskflow_api_virtualenv.py
[2026-09-17T18:55:38.943+0000] {logging_mixin.py:190} INFO - [2026-09-17T18:55:38.943+0000] {dag.py:3239} INFO - Sync 1 DAGs
[2026-09-17T18:55:38.958+0000] {logging_mixin.py:190} INFO - [2026-09-17T18:55:38.958+0000] {dag.py:4180} INFO - Setting next_dagrun for tutorial_taskflow_api_virtualenv to None, run_after=None
[2026-09-17T18:55:38.982+0000] {processor.py:208} INFO - Processing /home/airflow/.local/lib/python3.12/site-packages/airflow/example_dags/tutorial_taskflow_api_virtualenv.py took 0.091 seconds
[2026-09-17T18:56:09.892+0000] {processor.py:186} INFO - Started process (PID=736) to work on /home/airflow/.local/lib/python3.12/site-packages/airflow/example_dags/tutorial_taskflow_api_virtualenv.py
[2026-09-17T18:56:09.894+0000] {processor.py:914} INFO - Processing file /home/airflow/.local/lib/python3.12/site-packages/airflow/example_dags/tutorial_taskflow_api_virtualenv.py for tasks to queue
[2026-09-17T18:56:09.896+0000] {logging_mixin.py:190} INFO - [2026-09-17T18:56:09.895+0000] {dagbag.py:588} INFO - Filling up the DagBag from /home/airflow/.local/lib/python3.12/site-packages/airflow/example_dags/tutorial_taskflow_api_virtualenv.py
[2026-09-17T18:56:09.908+0000] {processor.py:925} INFO - DAG(s) 'tutorial_taskflow_api_virtualenv' retrieved from /home/airflow/.local/lib/python3.12/site-packages/airflow/example_dags/tutorial_taskflow_api_virtualenv.py
[2026-09-17T18:56:09.936+0000] {logging_mixin.py:190} INFO - [2026-09-17T18:56:09.936+0000] {dag.py:3239} INFO - Sync 1 DAGs
[2026-09-17T18:56:09.952+0000] {logging_mixin.py:190} INFO - [2026-09-17T18:56:09.951+0000] {dag.py:4180} INFO - Setting next_dagrun for tutorial_taskflow_api_virtualenv to None, run_after=None
[2026-09-17T18:56:09.976+0000] {processor.py:208} INFO - Processing /home/airflow/.local/lib/python3.12/site-packages/airflow/example_dags/tutorial_taskflow_api_virtualenv.py took 0.090 seconds
[2026-09-17T18:56:40.759+0000] {processor.py:186} INFO - Started process (PID=801) to work on /home/airflow/.local/lib/python3.12/site-packages/airflow/example_dags/tutorial_taskflow_api_virtualenv.py
[2026-09-17T18:56:40.762+0000] {processor.py:914} INFO - Processing file /home/airflow/.local/lib/python3.12/site-packages/airflow/example_dags/tutorial_taskflow_api_virtualenv.py for tasks to queue
[2026-09-17T18:56:40.764+0000] {logging_mixin.py:190} INFO - [2026-09-17T18:56:40.764+0000] {dagbag.py:588} INFO - Filling up the DagBag from /home/airflow/.local/lib/python3.12/site-packages/airflow/example_dags/tutorial_taskflow_api_virtualenv.py
[2026-09-17T18:56:40.777+0000] {processor.py:925} INFO - DAG(s) 'tutorial_taskflow_api_virtualenv' retrieved from /home/airflow/.local/lib/python3.12/site-packages/airflow/example_dags/tutorial_taskflow_api_virtualenv.py
[2026-09-17T18:56:40.801+0000] {logging_mixin.py:190} INFO - [2026-09-17T18:56:40.801+0000] {dag.py:3239} INFO - Sync 1 DAGs
[2026-09-17T18:56:40.818+0000] {logging_mixin.py:190} INFO - [2026-09-17T18:56:40.818+0000] {dag.py:4180} INFO - Setting next_dagrun for tutorial_taskflow_api_virtualenv to None, run_after=None
[2026-09-17T18:56:40.840+0000] {processor.py:208} INFO - Processing /home/airflow/.local/lib/python3.12/site-packages/airflow/example_dags/tutorial_taskflow_api_virtualenv.py took 0.087 seconds
[2026-09-17T18:57:11.772+0000] {processor.py:186} INFO - Started process (PID=866) to work on /home/airflow/.local/lib/python3.12/site-packages/airflow/example_dags/tutorial_taskflow_api_virtualenv.py
[2026-09-17T18:57:11.773+0000] {processor.py:914} INFO - Processing file /home/airflow/.local/lib/python3.12/site-packages/airflow/example_dags/tutorial_taskflow_api_virtualenv.py for tasks to queue
[2026-09-17T18:57:11.776+0000] {logging_mixin.py:190} INFO - [2026-09-17T18:57:11.775+0000] {dagbag.py:588} INFO - Filling up the DagBag from /home/airflow/.local/lib/python3.12/site-packages/airflow/example_dags/tutorial_taskflow_api_virtualenv.py
[2026-09-17T18:57:11.791+0000] {processor.py:925} INFO - DAG(s) 'tutorial_taskflow_api_virtualenv' retrieved from /home/airflow/.local/lib/python3.12/site-packages/airflow/example_dags/tutorial_taskflow_api_virtualenv.py
[2026-09-17T18:57:11.819+0000] {logging_mixin.py:190} INFO - [2026-09-17T18:57:11.819+0000] {dag.py:3239} INFO - Sync 1 DAGs
[2026-09-17T18:57:11.834+0000] {logging_mixin.py:190} INFO - [2026-09-17T18:57:11.834+0000] {dag.py:4180} INFO - Setting next_dagrun for tutorial_taskflow_api_virtualenv to None, run_after=None
[2026-09-17T18:57:11.855+0000] {processor.py:208} INFO - Processing /home/airflow/.local/lib/python3.12/site-packages/airflow/example_dags/tutorial_taskflow_api_virtualenv.py took 0.089 seconds
[2026-09-17T18:57:43.209+0000] {processor.py:186} INFO - Started process (PID=931) to work on /home/airflow/.local/lib/python3.12/site-packages/airflow/example_dags/tutorial_taskflow_api_virtualenv.py
[2026-09-17T18:57:43.211+0000] {processor.py:914} INFO - Processing file /home/airflow/.local/lib/python3.12/site-packages/airflow/example_dags/tutorial_taskflow_api_virtualenv.py for tasks to queue
[2026-09-17T18:57:43.213+0000] {logging_mixin.py:190} INFO - [2026-09-17T18:57:43.213+0000] {dagbag.py:588} INFO - Filling up the DagBag from /home/airflow/.local/lib/python3.12/site-packages/airflow/example_dags/tutorial_taskflow_api_virtualenv.py
[2026-09-17T18:57:43.233+0000] {processor.py:925} INFO - DAG(s) 'tutorial_taskflow_api_virtualenv' retrieved from /home/airflow/.local/lib/python3.12/site-packages/airflow/example_dags/tutorial_taskflow_api_virtualenv.py
[2026-09-17T18:57:43.268+0000] {logging_mixin.py:190} INFO - [2026-09-17T18:57:43.268+0000] {dag.py:3239} INFO - Sync 1 DAGs
[2026-09-17T18:57:43.292+0000] {logging_mixin.py:190} INFO - [2026-09-17T18:57:43.292+0000] {dag.py:4180} INFO - Setting next_dagrun for tutorial_taskflow_api_virtualenv to None, run_after=None
[2026-09-17T18:57:43.322+0000] {processor.py:208} INFO - Processing /home/airflow/.local/lib/python3.12/site-packages/airflow/example_dags/tutorial_taskflow_api_virtualenv.py took 0.121 seconds
[2026-09-17T18:58:14.708+0000] {processor.py:186} INFO - Started process (PID=996) to work on /home/airflow/.local/lib/python3.12/site-packages/airflow/example_dags/tutorial_taskflow_api_virtualenv.py
[2026-09-17T18:58:14.710+0000] {processor.py:914} INFO - Processing file /home/airflow/.local/lib/python3.12/site-packages/airflow/example_dags/tutorial_taskflow_api_virtualenv.py for tasks to queue
[2026-09-17T18:58:14.712+0000] {logging_mixin.py:190} INFO - [2026-09-17T18:58:14.712+0000] {dagbag.py:588} INFO - Filling up the DagBag from /home/airflow/.local/lib/python3.12/site-packages/airflow/example_dags/tutorial_taskflow_api_virtualenv.py
[2026-09-17T18:58:14.725+0000] {processor.py:925} INFO - DAG(s) 'tutorial_taskflow_api_virtualenv' retrieved from /home/airflow/.local/lib/python3.12/site-packages/airflow/example_dags/tutorial_taskflow_api_virtualenv.py
[2026-09-17T18:58:14.752+0000] {logging_mixin.py:190} INFO - [2026-09-17T18:58:14.752+0000] {dag.py:3239} INFO - Sync 1 DAGs
[2026-09-17T18:58:14.766+0000] {logging_mixin.py:190} INFO - [2026-09-17T18:58:14.766+0000] {dag.py:4180} INFO - Setting next_dagrun for tutorial_taskflow_api_virtualenv to None, run_after=None
[2026-09-17T18:58:14.787+0000] {processor.py:208} INFO - Processing /home/airflow/.local/lib/python3.12/site-packages/airflow/example_dags/tutorial_taskflow_api_virtualenv.py took 0.085 seconds
[2026-09-17T18:58:45.981+0000] {processor.py:186} INFO - Started process (PID=1061) to work on /home/airflow/.local/lib/python3.12/site-packages/airflow/example_dags/tutorial_taskflow_api_virtualenv.py
[2026-09-17T18:58:45.983+0000] {processor.py:914} INFO - Processing file /home/airflow/.local/lib/python3.12/site-packages/airflow/example_dags/tutorial_taskflow_api_virtualenv.py for tasks to queue
[2026-09-17T18:58:45.985+0000] {logging_mixin.py:190} INFO - [2026-09-17T18:58:45.985+0000] {dagbag.py:588} INFO - Filling up the DagBag from /home/airflow/.local/lib/python3.12/site-packages/airflow/example_dags/tutorial_taskflow_api_virtualenv.py
[2026-09-17T18:58:45.999+0000] {processor.py:925} INFO - DAG(s) 'tutorial_taskflow_api_virtualenv' retrieved from /home/airflow/.local/lib/python3.12/site-packages/airflow/example_dags/tutorial_taskflow_api_virtualenv.py
[2026-09-17T18:58:46.024+0000] {logging_mixin.py:190} INFO - [2026-09-17T18:58:46.024+0000] {dag.py:3239} INFO - Sync 1 DAGs
[2026-09-17T18:58:46.041+0000] {logging_mixin.py:190} INFO - [2026-09-17T18:58:46.041+0000] {dag.py:4180} INFO - Setting next_dagrun for tutorial_taskflow_api_virtualenv to None, run_after=None
[2026-09-17T18:58:46.064+0000] {processor.py:208} INFO - Processing /home/airflow/.local/lib/python3.12/site-packages/airflow/example_dags/tutorial_taskflow_api_virtualenv.py took 0.089 seconds
[2026-09-17T18:59:21.391+0000] {processor.py:186} INFO - Started process (PID=1126) to work on /home/airflow/.local/lib/python3.12/site-packages/airflow/example_dags/tutorial_taskflow_api_virtualenv.py
[2026-09-17T18:59:21.396+0000] {processor.py:914} INFO - Processing file /home/airflow/.local/lib/python3.12/site-packages/airflow/example_dags/tutorial_taskflow_api_virtualenv.py for tasks to queue
[2026-09-17T18:59:21.401+0000] {logging_mixin.py:190} INFO - [2026-09-17T18:59:21.400+0000] {dagbag.py:588} INFO - Filling up the DagBag from /home/airflow/.local/lib/python3.12/site-packages/airflow/example_dags/tutorial_taskflow_api_virtualenv.py
[2026-09-17T18:59:21.457+0000] {processor.py:925} INFO - DAG(s) 'tutorial_taskflow_api_virtualenv' retrieved from /home/airflow/.local/lib/python3.12/site-packages/airflow/example_dags/tutorial_taskflow_api_virtualenv.py
[2026-09-17T18:59:21.550+0000] {logging_mixin.py:190} INFO - [2026-09-17T18:59:21.549+0000] {dag.py:3239} INFO - Sync 1 DAGs
[2026-09-17T18:59:21.627+0000] {logging_mixin.py:190} INFO - [2026-09-17T18:59:21.626+0000] {dag.py:4180} INFO - Setting next_dagrun for tutorial_taskflow_api_virtualenv to None, run_after=None
[2026-09-17T18:59:21.698+0000] {processor.py:208} INFO - Processing /home/airflow/.local/lib/python3.12/site-packages/airflow/example_dags/tutorial_taskflow_api_virtualenv.py took 0.334 seconds
[2026-09-17T18:59:52.422+0000] {processor.py:186} INFO - Started process (PID=1184) to work on /home/airflow/.local/lib/python3.12/site-packages/airflow/example_dags/tutorial_taskflow_api_virtualenv.py
[2026-09-17T18:59:52.424+0000] {processor.py:914} INFO - Processing file /home/airflow/.local/lib/python3.12/site-packages/airflow/example_dags/tutorial_taskflow_api_virtualenv.py for tasks to queue
[2026-09-17T18:59:52.427+0000] {logging_mixin.py:190} INFO - [2026-09-17T18:59:52.426+0000] {dagbag.py:588} INFO - Filling up the DagBag from /home/airflow/.local/lib/python3.12/site-packages/airflow/example_dags/tutorial_taskflow_api_virtualenv.py
[2026-09-17T18:59:52.442+0000] {processor.py:925} INFO - DAG(s) 'tutorial_taskflow_api_virtualenv' retrieved from /home/airflow/.local/lib/python3.12/site-packages/airflow/example_dags/tutorial_taskflow_api_virtualenv.py
[2026-09-17T18:59:52.473+0000] {logging_mixin.py:190} INFO - [2026-09-17T18:59:52.473+0000] {dag.py:3239} INFO - Sync 1 DAGs
[2026-09-17T18:59:52.496+0000] {logging_mixin.py:190} INFO - [2026-09-17T18:59:52.496+0000] {dag.py:4180} INFO - Setting next_dagrun for tutorial_taskflow_api_virtualenv to None, run_after=None
[2026-09-17T18:59:52.524+0000] {processor.py:208} INFO - Processing /home/airflow/.local/lib/python3.12/site-packages/airflow/example_dags/tutorial_taskflow_api_virtualenv.py took 0.109 seconds
[2026-09-17T19:00:23.109+0000] {processor.py:186} INFO - Started process (PID=1249) to work on /home/airflow/.local/lib/python3.12/site-packages/airflow/example_dags/tutorial_taskflow_api_virtualenv.py
[2026-09-17T19:00:23.111+0000] {processor.py:914} INFO - Processing file /home/airflow/.local/lib/python3.12/site-packages/airflow/example_dags/tutorial_taskflow_api_virtualenv.py for tasks to queue
[2026-09-17T19:00:23.113+0000] {logging_mixin.py:190} INFO - [2026-09-17T19:00:23.113+0000] {dagbag.py:588} INFO - Filling up the DagBag from /home/airflow/.local/lib/python3.12/site-packages/airflow/example_dags/tutorial_taskflow_api_virtualenv.py
[2026-09-17T19:00:23.130+0000] {processor.py:925} INFO - DAG(s) 'tutorial_taskflow_api_virtualenv' retrieved from /home/airflow/.local/lib/python3.12/site-packages/airflow/example_dags/tutorial_taskflow_api_virtualenv.py
[2026-09-17T19:00:23.162+0000] {logging_mixin.py:190} INFO - [2026-09-17T19:00:23.161+0000] {dag.py:3239} INFO - Sync 1 DAGs
[2026-09-17T19:00:23.183+0000] {logging_mixin.py:190} INFO - [2026-09-17T19:00:23.182+0000] {dag.py:4180} INFO - Setting next_dagrun for tutorial_taskflow_api_virtualenv to None, run_after=None
[2026-09-17T19:00:23.213+0000] {processor.py:208} INFO - Processing /home/airflow/.local/lib/python3.12/site-packages/airflow/example_dags/tutorial_taskflow_api_virtualenv.py took 0.112 seconds
[2026-09-17T19:00:53.964+0000] {processor.py:186} INFO - Started process (PID=1314) to work on /home/airflow/.local/lib/python3.12/site-packages/airflow/example_dags/tutorial_taskflow_api_virtualenv.py
[2026-09-17T19:00:53.966+0000] {processor.py:914} INFO - Processing file /home/airflow/.local/lib/python3.12/site-packages/airflow/example_dags/tutorial_taskflow_api_virtualenv.py for tasks to queue
[2026-09-17T19:00:53.968+0000] {logging_mixin.py:190} INFO - [2026-09-17T19:00:53.968+0000] {dagbag.py:588} INFO - Filling up the DagBag from /home/airflow/.local/lib/python3.12/site-packages/airflow/example_dags/tutorial_taskflow_api_virtualenv.py
[2026-09-17T19:00:53.982+0000] {processor.py:925} INFO - DAG(s) 'tutorial_taskflow_api_virtualenv' retrieved from /home/airflow/.local/lib/python3.12/site-packages/airflow/example_dags/tutorial_taskflow_api_virtualenv.py
[2026-09-17T19:00:54.009+0000] {logging_mixin.py:190} INFO - [2026-09-17T19:00:54.009+0000] {dag.py:3239} INFO - Sync 1 DAGs
[2026-09-17T19:00:54.023+0000] {logging_mixin.py:190} INFO - [2026-09-17T19:00:54.023+0000] {dag.py:4180} INFO - Setting next_dagrun for tutorial_taskflow_api_virtualenv to None, run_after=None
[2026-09-17T19:00:54.046+0000] {processor.py:208} INFO - Processing /home/airflow/.local/lib/python3.12/site-packages/airflow/example_dags/tutorial_taskflow_api_virtualenv.py took 0.088 seconds
[2026-09-17T19:01:24.327+0000] {processor.py:186} INFO - Started process (PID=1379) to work on /home/airflow/.local/lib/python3.12/site-packages/airflow/example_dags/tutorial_taskflow_api_virtualenv.py
[2026-09-17T19:01:24.329+0000] {processor.py:914} INFO - Processing file /home/airflow/.local/lib/python3.12/site-packages/airflow/example_dags/tutorial_taskflow_api_virtualenv.py for tasks to queue
[2026-09-17T19:01:24.332+0000] {logging_mixin.py:190} INFO - [2026-09-17T19:01:24.331+0000] {dagbag.py:588} INFO - Filling up the DagBag from /home/airflow/.local/lib/python3.12/site-packages/airflow/example_dags/tutorial_taskflow_api_virtualenv.py
[2026-09-17T19:01:24.348+0000] {processor.py:925} INFO - DAG(s) 'tutorial_taskflow_api_virtualenv' retrieved from /home/airflow/.local/lib/python3.12/site-packages/airflow/example_dags/tutorial_taskflow_api_virtualenv.py
[2026-09-17T19:01:24.379+0000] {logging_mixin.py:190} INFO - [2026-09-17T19:01:24.379+0000] {dag.py:3239} INFO - Sync 1 DAGs
[2026-09-17T19:01:24.397+0000] {logging_mixin.py:190} INFO - [2026-09-17T19:01:24.396+0000] {dag.py:4180} INFO - Setting next_dagrun for tutorial_taskflow_api_virtualenv to None, run_after=None
[2026-09-17T19:01:24.423+0000] {processor.py:208} INFO - Processing /home/airflow/.local/lib/python3.12/site-packages/airflow/example_dags/tutorial_taskflow_api_virtualenv.py took 0.104 seconds
[2026-09-17T19:01:55.287+0000] {processor.py:186} INFO - Started process (PID=1443) to work on /home/airflow/.local/lib/python3.12/site-packages/airflow/example_dags/tutorial_taskflow_api_virtualenv.py
[2026-09-17T19:01:55.289+0000] {processor.py:914} INFO - Processing file /home/airflow/.local/lib/python3.12/site-packages/airflow/example_dags/tutorial_taskflow_api_virtualenv.py for tasks to queue
[2026-09-17T19:01:55.291+0000] {logging_mixin.py:190} INFO - [2026-09-17T19:01:55.291+0000] {dagbag.py:588} INFO - Filling up the DagBag from /home/airflow/.local/lib/python3.12/site-packages/airflow/example_dags/tutorial_taskflow_api_virtualenv.py
[2026-09-17T19:01:55.306+0000] {processor.py:925} INFO - DAG(s) 'tutorial_taskflow_api_virtualenv' retrieved from /home/airflow/.local/lib/python3.12/site-packages/airflow/example_dags/tutorial_taskflow_api_virtualenv.py
[2026-09-17T19:01:55.337+0000] {logging_mixin.py:190} INFO - [2026-09-17T19:01:55.336+0000] {dag.py:3239} INFO - Sync 1 DAGs
[2026-09-17T19:01:55.355+0000] {logging_mixin.py:190} INFO - [2026-09-17T19:01:55.354+0000] {dag.py:4180} INFO - Setting next_dagrun for tutorial_taskflow_api_virtualenv to None, run_after=None
[2026-09-17T19:01:55.383+0000] {processor.py:208} INFO - Processing /home/airflow/.local/lib/python3.12/site-packages/airflow/example_dags/tutorial_taskflow_api_virtualenv.py took 0.103 seconds
[2026-09-17T19:02:26.779+0000] {processor.py:186} INFO - Started process (PID=1508) to work on /home/airflow/.local/lib/python3.12/site-packages/airflow/example_dags/tutorial_taskflow_api_virtualenv.py
[2026-09-17T19:02:26.781+0000] {processor.py:914} INFO - Processing file /home/airflow/.local/lib/python3.12/site-packages/airflow/example_dags/tutorial_taskflow_api_virtualenv.py for tasks to queue
[2026-09-17T19:02:26.784+0000] {logging_mixin.py:190} INFO - [2026-09-17T19:02:26.783+0000] {dagbag.py:588} INFO - Filling up the DagBag from /home/airflow/.local/lib/python3.12/site-packages/airflow/example_dags/tutorial_taskflow_api_virtualenv.py
[2026-09-17T19:02:26.798+0000] {processor.py:925} INFO - DAG(s) 'tutorial_taskflow_api_virtualenv' retrieved from /home/airflow/.local/lib/python3.12/site-packages/airflow/example_dags/tutorial_taskflow_api_virtualenv.py
[2026-09-17T19:02:26.826+0000] {logging_mixin.py:190} INFO - [2026-09-17T19:02:26.826+0000] {dag.py:3239} INFO - Sync 1 DAGs
[2026-09-17T19:02:26.841+0000] {logging_mixin.py:190} INFO - [2026-09-17T19:02:26.841+0000] {dag.py:4180} INFO - Setting next_dagrun for tutorial_taskflow_api_virtualenv to None, run_after=None
[2026-09-17T19:02:26.865+0000] {processor.py:208} INFO - Processing /home/airflow/.local/lib/python3.12/site-packages/airflow/example_dags/tutorial_taskflow_api_virtualenv.py took 0.092 seconds
[2026-09-17T19:02:57.710+0000] {processor.py:186} INFO - Started process (PID=1573) to work on /home/airflow/.local/lib/python3.12/site-packages/airflow/example_dags/tutorial_taskflow_api_virtualenv.py
[2026-09-17T19:02:57.712+0000] {processor.py:914} INFO - Processing file /home/airflow/.local/lib/python3.12/site-packages/airflow/example_dags/tutorial_taskflow_api_virtualenv.py for tasks to queue
[2026-09-17T19:02:57.715+0000] {logging_mixin.py:190} INFO - [2026-09-17T19:02:57.714+0000] {dagbag.py:588} INFO - Filling up the DagBag from /home/airflow/.local/lib/python3.12/site-packages/airflow/example_dags/tutorial_taskflow_api_virtualenv.py
[2026-09-17T19:02:57.728+0000] {processor.py:925} INFO - DAG(s) 'tutorial_taskflow_api_virtualenv' retrieved from /home/airflow/.local/lib/python3.12/site-packages/airflow/example_dags/tutorial_taskflow_api_virtualenv.py
[2026-09-17T19:02:57.756+0000] {logging_mixin.py:190} INFO - [2026-09-17T19:02:57.756+0000] {dag.py:3239} INFO - Sync 1 DAGs
[2026-09-17T19:02:57.771+0000] {logging_mixin.py:190} INFO - [2026-09-17T19:02:57.771+0000] {dag.py:4180} INFO - Setting next_dagrun for tutorial_taskflow_api_virtualenv to None, run_after=None
[2026-09-17T19:02:57.793+0000] {processor.py:208} INFO - Processing /home/airflow/.local/lib/python3.12/site-packages/airflow/example_dags/tutorial_taskflow_api_virtualenv.py took 0.089 seconds
[2026-09-17T19:03:27.917+0000] {processor.py:186} INFO - Started process (PID=1637) to work on /home/airflow/.local/lib/python3.12/site-packages/airflow/example_dags/tutorial_taskflow_api_virtualenv.py
[2026-09-17T19:03:27.918+0000] {processor.py:914} INFO - Processing file /home/airflow/.local/lib/python3.12/site-packages/airflow/example_dags/tutorial_taskflow_api_virtualenv.py for tasks to queue
[2026-09-17T19:03:27.920+0000] {logging_mixin.py:190} INFO - [2026-09-17T19:03:27.920+0000] {dagbag.py:588} INFO - Filling up the DagBag from /home/airflow/.local/lib/python3.12/site-packages/airflow/example_dags/tutorial_taskflow_api_virtualenv.py
[2026-09-17T19:03:27.933+0000] {processor.py:925} INFO - DAG(s) 'tutorial_taskflow_api_virtualenv' retrieved from /home/airflow/.local/lib/python3.12/site-packages/airflow/example_dags/tutorial_taskflow_api_virtualenv.py
[2026-09-17T19:03:27.959+0000] {logging_mixin.py:190} INFO - [2026-09-17T19:03:27.959+0000] {dag.py:3239} INFO - Sync 1 DAGs
[2026-09-17T19:03:27.974+0000] {logging_mixin.py:190} INFO - [2026-09-17T19:03:27.974+0000] {dag.py:4180} INFO - Setting next_dagrun for tutorial_taskflow_api_virtualenv to None, run_after=None
[2026-09-17T19:03:27.996+0000] {processor.py:208} INFO - Processing /home/airflow/.local/lib/python3.12/site-packages/airflow/example_dags/tutorial_taskflow_api_virtualenv.py took 0.085 seconds
[2026-09-17T19:03:58.258+0000] {processor.py:186} INFO - Started process (PID=1702) to work on /home/airflow/.local/lib/python3.12/site-packages/airflow/example_dags/tutorial_taskflow_api_virtualenv.py
[2026-09-17T19:03:58.260+0000] {processor.py:914} INFO - Processing file /home/airflow/.local/lib/python3.12/site-packages/airflow/example_dags/tutorial_taskflow_api_virtualenv.py for tasks to queue
[2026-09-17T19:03:58.263+0000] {logging_mixin.py:190} INFO - [2026-09-17T19:03:58.262+0000] {dagbag.py:588} INFO - Filling up the DagBag from /home/airflow/.local/lib/python3.12/site-packages/airflow/example_dags/tutorial_taskflow_api_virtualenv.py
[2026-09-17T19:03:58.276+0000] {processor.py:925} INFO - DAG(s) 'tutorial_taskflow_api_virtualenv' retrieved from /home/airflow/.local/lib/python3.12/site-packages/airflow/example_dags/tutorial_taskflow_api_virtualenv.py
[2026-09-17T19:03:58.303+0000] {logging_mixin.py:190} INFO - [2026-09-17T19:03:58.302+0000] {dag.py:3239} INFO - Sync 1 DAGs
[2026-09-17T19:03:58.319+0000] {logging_mixin.py:190} INFO - [2026-09-17T19:03:58.319+0000] {dag.py:4180} INFO - Setting next_dagrun for tutorial_taskflow_api_virtualenv to None, run_after=None
[2026-09-17T19:03:58.341+0000] {processor.py:208} INFO - Processing /home/airflow/.local/lib/python3.12/site-packages/airflow/example_dags/tutorial_taskflow_api_virtualenv.py took 0.088 seconds
[2026-09-17T19:04:29.413+0000] {processor.py:186} INFO - Started process (PID=1767) to work on /home/airflow/.local/lib/python3.12/site-packages/airflow/example_dags/tutorial_taskflow_api_virtualenv.py
[2026-09-17T19:04:29.416+0000] {processor.py:914} INFO - Processing file /home/airflow/.local/lib/python3.12/site-packages/airflow/example_dags/tutorial_taskflow_api_virtualenv.py for tasks to queue
[2026-09-17T19:04:29.419+0000] {logging_mixin.py:190} INFO - [2026-09-17T19:04:29.419+0000] {dagbag.py:588} INFO - Filling up the DagBag from /home/airflow/.local/lib/python3.12/site-packages/airflow/example_dags/tutorial_taskflow_api_virtualenv.py
[2026-09-17T19:04:29.437+0000] {processor.py:925} INFO - DAG(s) 'tutorial_taskflow_api_virtualenv' retrieved from /home/airflow/.local/lib/python3.12/site-packages/airflow/example_dags/tutorial_taskflow_api_virtualenv.py
[2026-09-17T19:04:29.471+0000] {logging_mixin.py:190} INFO - [2026-09-17T19:04:29.471+0000] {dag.py:3239} INFO - Sync 1 DAGs
[2026-09-17T19:04:29.491+0000] {logging_mixin.py:190} INFO - [2026-09-17T19:04:29.490+0000] {dag.py:4180} INFO - Setting next_dagrun for tutorial_taskflow_api_virtualenv to None, run_after=None
[2026-09-17T19:04:29.517+0000] {processor.py:208} INFO - Processing /home/airflow/.local/lib/python3.12/site-packages/airflow/example_dags/tutorial_taskflow_api_virtualenv.py took 0.117 seconds
[2026-09-17T19:05:01.121+0000] {processor.py:186} INFO - Started process (PID=1831) to work on /home/airflow/.local/lib/python3.12/site-packages/airflow/example_dags/tutorial_taskflow_api_virtualenv.py
[2026-09-17T19:05:01.124+0000] {processor.py:914} INFO - Processing file /home/airflow/.local/lib/python3.12/site-packages/airflow/example_dags/tutorial_taskflow_api_virtualenv.py for tasks to queue
[2026-09-17T19:05:01.127+0000] {logging_mixin.py:190} INFO - [2026-09-17T19:05:01.126+0000] {dagbag.py:588} INFO - Filling up the DagBag from /home/airflow/.local/lib/python3.12/site-packages/airflow/example_dags/tutorial_taskflow_api_virtualenv.py
[2026-09-17T19:05:01.142+0000] {processor.py:925} INFO - DAG(s) 'tutorial_taskflow_api_virtualenv' retrieved from /home/airflow/.local/lib/python3.12/site-packages/airflow/example_dags/tutorial_taskflow_api_virtualenv.py
[2026-09-17T19:05:01.178+0000] {logging_mixin.py:190} INFO - [2026-09-17T19:05:01.178+0000] {dag.py:3239} INFO - Sync 1 DAGs
[2026-09-17T19:05:01.209+0000] {logging_mixin.py:190} INFO - [2026-09-17T19:05:01.209+0000] {dag.py:4180} INFO - Setting next_dagrun for tutorial_taskflow_api_virtualenv to None, run_after=None
[2026-09-17T19:05:01.248+0000] {processor.py:208} INFO - Processing /home/airflow/.local/lib/python3.12/site-packages/airflow/example_dags/tutorial_taskflow_api_virtualenv.py took 0.137 seconds
[2026-09-17T19:05:35.456+0000] {processor.py:186} INFO - Started process (PID=1898) to work on /home/airflow/.local/lib/python3.12/site-packages/airflow/example_dags/tutorial_taskflow_api_virtualenv.py
[2026-09-17T19:05:35.459+0000] {processor.py:914} INFO - Processing file /home/airflow/.local/lib/python3.12/site-packages/airflow/example_dags/tutorial_taskflow_api_virtualenv.py for tasks to queue
[2026-09-17T19:05:35.461+0000] {logging_mixin.py:190} INFO - [2026-09-17T19:05:35.461+0000] {dagbag.py:588} INFO - Filling up the DagBag from /home/airflow/.local/lib/python3.12/site-packages/airflow/example_dags/tutorial_taskflow_api_virtualenv.py
[2026-09-17T19:05:35.486+0000] {processor.py:925} INFO - DAG(s) 'tutorial_taskflow_api_virtualenv' retrieved from /home/airflow/.local/lib/python3.12/site-packages/airflow/example_dags/tutorial_taskflow_api_virtualenv.py
[2026-09-17T19:05:35.528+0000] {logging_mixin.py:190} INFO - [2026-09-17T19:05:35.527+0000] {dag.py:3239} INFO - Sync 1 DAGs
[2026-09-17T19:05:35.556+0000] {logging_mixin.py:190} INFO - [2026-09-17T19:05:35.555+0000] {dag.py:4180} INFO - Setting next_dagrun for tutorial_taskflow_api_virtualenv to None, run_after=None
[2026-09-17T19:05:35.591+0000] {processor.py:208} INFO - Processing /home/airflow/.local/lib/python3.12/site-packages/airflow/example_dags/tutorial_taskflow_api_virtualenv.py took 0.142 seconds
[2026-09-17T19:06:06.544+0000] {processor.py:186} INFO - Started process (PID=1956) to work on /home/airflow/.local/lib/python3.12/site-packages/airflow/example_dags/tutorial_taskflow_api_virtualenv.py
[2026-09-17T19:06:06.547+0000] {processor.py:914} INFO - Processing file /home/airflow/.local/lib/python3.12/site-packages/airflow/example_dags/tutorial_taskflow_api_virtualenv.py for tasks to queue
[2026-09-17T19:06:06.549+0000] {logging_mixin.py:190} INFO - [2026-09-17T19:06:06.549+0000] {dagbag.py:588} INFO - Filling up the DagBag from /home/airflow/.local/lib/python3.12/site-packages/airflow/example_dags/tutorial_taskflow_api_virtualenv.py
[2026-09-17T19:06:06.565+0000] {processor.py:925} INFO - DAG(s) 'tutorial_taskflow_api_virtualenv' retrieved from /home/airflow/.local/lib/python3.12/site-packages/airflow/example_dags/tutorial_taskflow_api_virtualenv.py
[2026-09-17T19:06:06.594+0000] {logging_mixin.py:190} INFO - [2026-09-17T19:06:06.593+0000] {dag.py:3239} INFO - Sync 1 DAGs
[2026-09-17T19:06:06.609+0000] {logging_mixin.py:190} INFO - [2026-09-17T19:06:06.609+0000] {dag.py:4180} INFO - Setting next_dagrun for tutorial_taskflow_api_virtualenv to None, run_after=None
[2026-09-17T19:06:06.630+0000] {processor.py:208} INFO - Processing /home/airflow/.local/lib/python3.12/site-packages/airflow/example_dags/tutorial_taskflow_api_virtualenv.py took 0.093 seconds
[2026-09-17T19:06:37.486+0000] {processor.py:186} INFO - Started process (PID=2021) to work on /home/airflow/.local/lib/python3.12/site-packages/airflow/example_dags/tutorial_taskflow_api_virtualenv.py
[2026-09-17T19:06:37.489+0000] {processor.py:914} INFO - Processing file /home/airflow/.local/lib/python3.12/site-packages/airflow/example_dags/tutorial_taskflow_api_virtualenv.py for tasks to queue
[2026-09-17T19:06:37.491+0000] {logging_mixin.py:190} INFO - [2026-09-17T19:06:37.491+0000] {dagbag.py:588} INFO - Filling up the DagBag from /home/airflow/.local/lib/python3.12/site-packages/airflow/example_dags/tutorial_taskflow_api_virtualenv.py
[2026-09-17T19:06:37.506+0000] {processor.py:925} INFO - DAG(s) 'tutorial_taskflow_api_virtualenv' retrieved from /home/airflow/.local/lib/python3.12/site-packages/airflow/example_dags/tutorial_taskflow_api_virtualenv.py
[2026-09-17T19:06:37.535+0000] {logging_mixin.py:190} INFO - [2026-09-17T19:06:37.535+0000] {dag.py:3239} INFO - Sync 1 DAGs
[2026-09-17T19:06:37.554+0000] {logging_mixin.py:190} INFO - [2026-09-17T19:06:37.554+0000] {dag.py:4180} INFO - Setting next_dagrun for tutorial_taskflow_api_virtualenv to None, run_after=None
[2026-09-17T19:06:37.578+0000] {processor.py:208} INFO - Processing /home/airflow/.local/lib/python3.12/site-packages/airflow/example_dags/tutorial_taskflow_api_virtualenv.py took 0.100 seconds
[2026-09-17T19:07:08.876+0000] {processor.py:186} INFO - Started process (PID=2086) to work on /home/airflow/.local/lib/python3.12/site-packages/airflow/example_dags/tutorial_taskflow_api_virtualenv.py
[2026-09-17T19:07:08.878+0000] {processor.py:914} INFO - Processing file /home/airflow/.local/lib/python3.12/site-packages/airflow/example_dags/tutorial_taskflow_api_virtualenv.py for tasks to queue
[2026-09-17T19:07:08.881+0000] {logging_mixin.py:190} INFO - [2026-09-17T19:07:08.880+0000] {dagbag.py:588} INFO - Filling up the DagBag from /home/airflow/.local/lib/python3.12/site-packages/airflow/example_dags/tutorial_taskflow_api_virtualenv.py
[2026-09-17T19:07:08.896+0000] {processor.py:925} INFO - DAG(s) 'tutorial_taskflow_api_virtualenv' retrieved from /home/airflow/.local/lib/python3.12/site-packages/airflow/example_dags/tutorial_taskflow_api_virtualenv.py
[2026-09-17T19:07:08.926+0000] {logging_mixin.py:190} INFO - [2026-09-17T19:07:08.925+0000] {dag.py:3239} INFO - Sync 1 DAGs
[2026-09-17T19:07:08.945+0000] {logging_mixin.py:190} INFO - [2026-09-17T19:07:08.944+0000] {dag.py:4180} INFO - Setting next_dagrun for tutorial_taskflow_api_virtualenv to None, run_after=None
[2026-09-17T19:07:08.969+0000] {processor.py:208} INFO - Processing /home/airflow/.local/lib/python3.12/site-packages/airflow/example_dags/tutorial_taskflow_api_virtualenv.py took 0.101 seconds
[2026-09-17T19:07:40.181+0000] {processor.py:186} INFO - Started process (PID=2151) to work on /home/airflow/.local/lib/python3.12/site-packages/airflow/example_dags/tutorial_taskflow_api_virtualenv.py
[2026-09-17T19:07:40.183+0000] {processor.py:914} INFO - Processing file /home/airflow/.local/lib/python3.12/site-packages/airflow/example_dags/tutorial_taskflow_api_virtualenv.py for tasks to queue
[2026-09-17T19:07:40.185+0000] {logging_mixin.py:190} INFO - [2026-09-17T19:07:40.185+0000] {dagbag.py:588} INFO - Filling up the DagBag from /home/airflow/.local/lib/python3.12/site-packages/airflow/example_dags/tutorial_taskflow_api_virtualenv.py
[2026-09-17T19:07:40.201+0000] {processor.py:925} INFO - DAG(s) 'tutorial_taskflow_api_virtualenv' retrieved from /home/airflow/.local/lib/python3.12/site-packages/airflow/example_dags/tutorial_taskflow_api_virtualenv.py
[2026-09-17T19:07:40.235+0000] {logging_mixin.py:190} INFO - [2026-09-17T19:07:40.234+0000] {dag.py:3239} INFO - Sync 1 DAGs
[2026-09-17T19:07:40.251+0000] {logging_mixin.py:190} INFO - [2026-09-17T19:07:40.251+0000] {dag.py:4180} INFO - Setting next_dagrun for tutorial_taskflow_api_virtualenv to None, run_after=None
[2026-09-17T19:07:40.282+0000] {processor.py:208} INFO - Processing /home/airflow/.local/lib/python3.12/site-packages/airflow/example_dags/tutorial_taskflow_api_virtualenv.py took 0.108 seconds
[2026-09-17T19:08:11.813+0000] {processor.py:186} INFO - Started process (PID=2220) to work on /home/airflow/.local/lib/python3.12/site-packages/airflow/example_dags/tutorial_taskflow_api_virtualenv.py
[2026-09-17T19:08:11.815+0000] {processor.py:914} INFO - Processing file /home/airflow/.local/lib/python3.12/site-packages/airflow/example_dags/tutorial_taskflow_api_virtualenv.py for tasks to queue
[2026-09-17T19:08:11.817+0000] {logging_mixin.py:190} INFO - [2026-09-17T19:08:11.816+0000] {dagbag.py:588} INFO - Filling up the DagBag from /home/airflow/.local/lib/python3.12/site-packages/airflow/example_dags/tutorial_taskflow_api_virtualenv.py
[2026-09-17T19:08:11.829+0000] {processor.py:925} INFO - DAG(s) 'tutorial_taskflow_api_virtualenv' retrieved from /home/airflow/.local/lib/python3.12/site-packages/airflow/example_dags/tutorial_taskflow_api_virtualenv.py
[2026-09-17T19:08:11.855+0000] {logging_mixin.py:190} INFO - [2026-09-17T19:08:11.855+0000] {dag.py:3239} INFO - Sync 1 DAGs
[2026-09-17T19:08:11.870+0000] {logging_mixin.py:190} INFO - [2026-09-17T19:08:11.870+0000] {dag.py:4180} INFO - Setting next_dagrun for tutorial_taskflow_api_virtualenv to None, run_after=None
[2026-09-17T19:08:11.896+0000] {processor.py:208} INFO - Processing /home/airflow/.local/lib/python3.12/site-packages/airflow/example_dags/tutorial_taskflow_api_virtualenv.py took 0.089 seconds
[2026-09-17T19:08:43.991+0000] {processor.py:186} INFO - Started process (PID=2290) to work on /home/airflow/.local/lib/python3.12/site-packages/airflow/example_dags/tutorial_taskflow_api_virtualenv.py
[2026-09-17T19:08:43.993+0000] {processor.py:914} INFO - Processing file /home/airflow/.local/lib/python3.12/site-packages/airflow/example_dags/tutorial_taskflow_api_virtualenv.py for tasks to queue
[2026-09-17T19:08:43.996+0000] {logging_mixin.py:190} INFO - [2026-09-17T19:08:43.996+0000] {dagbag.py:588} INFO - Filling up the DagBag from /home/airflow/.local/lib/python3.12/site-packages/airflow/example_dags/tutorial_taskflow_api_virtualenv.py
[2026-09-17T19:08:44.009+0000] {processor.py:925} INFO - DAG(s) 'tutorial_taskflow_api_virtualenv' retrieved from /home/airflow/.local/lib/python3.12/site-packages/airflow/example_dags/tutorial_taskflow_api_virtualenv.py
[2026-09-17T19:08:44.036+0000] {logging_mixin.py:190} INFO - [2026-09-17T19:08:44.036+0000] {dag.py:3239} INFO - Sync 1 DAGs
[2026-09-17T19:08:44.050+0000] {logging_mixin.py:190} INFO - [2026-09-17T19:08:44.049+0000] {dag.py:4180} INFO - Setting next_dagrun for tutorial_taskflow_api_virtualenv to None, run_after=None
[2026-09-17T19:08:44.072+0000] {processor.py:208} INFO - Processing /home/airflow/.local/lib/python3.12/site-packages/airflow/example_dags/tutorial_taskflow_api_virtualenv.py took 0.087 seconds
[2026-09-17T19:09:16.096+0000] {processor.py:186} INFO - Started process (PID=2359) to work on /home/airflow/.local/lib/python3.12/site-packages/airflow/example_dags/tutorial_taskflow_api_virtualenv.py
[2026-09-17T19:09:16.098+0000] {processor.py:914} INFO - Processing file /home/airflow/.local/lib/python3.12/site-packages/airflow/example_dags/tutorial_taskflow_api_virtualenv.py for tasks to queue
[2026-09-17T19:09:16.099+0000] {logging_mixin.py:190} INFO - [2026-09-17T19:09:16.099+0000] {dagbag.py:588} INFO - Filling up the DagBag from /home/airflow/.local/lib/python3.12/site-packages/airflow/example_dags/tutorial_taskflow_api_virtualenv.py
[2026-09-17T19:09:16.114+0000] {processor.py:925} INFO - DAG(s) 'tutorial_taskflow_api_virtualenv' retrieved from /home/airflow/.local/lib/python3.12/site-packages/airflow/example_dags/tutorial_taskflow_api_virtualenv.py
[2026-09-17T19:09:16.139+0000] {logging_mixin.py:190} INFO - [2026-09-17T19:09:16.139+0000] {dag.py:3239} INFO - Sync 1 DAGs
[2026-09-17T19:09:16.154+0000] {logging_mixin.py:190} INFO - [2026-09-17T19:09:16.154+0000] {dag.py:4180} INFO - Setting next_dagrun for tutorial_taskflow_api_virtualenv to None, run_after=None
[2026-09-17T19:09:16.178+0000] {processor.py:208} INFO - Processing /home/airflow/.local/lib/python3.12/site-packages/airflow/example_dags/tutorial_taskflow_api_virtualenv.py took 0.088 seconds
[2026-09-17T19:09:47.066+0000] {processor.py:186} INFO - Started process (PID=2424) to work on /home/airflow/.local/lib/python3.12/site-packages/airflow/example_dags/tutorial_taskflow_api_virtualenv.py
[2026-09-17T19:09:47.069+0000] {processor.py:914} INFO - Processing file /home/airflow/.local/lib/python3.12/site-packages/airflow/example_dags/tutorial_taskflow_api_virtualenv.py for tasks to queue
[2026-09-17T19:09:47.071+0000] {logging_mixin.py:190} INFO - [2026-09-17T19:09:47.071+0000] {dagbag.py:588} INFO - Filling up the DagBag from /home/airflow/.local/lib/python3.12/site-packages/airflow/example_dags/tutorial_taskflow_api_virtualenv.py
[2026-09-17T19:09:47.089+0000] {processor.py:925} INFO - DAG(s) 'tutorial_taskflow_api_virtualenv' retrieved from /home/airflow/.local/lib/python3.12/site-packages/airflow/example_dags/tutorial_taskflow_api_virtualenv.py
[2026-09-17T19:09:47.118+0000] {logging_mixin.py:190} INFO - [2026-09-17T19:09:47.117+0000] {dag.py:3239} INFO - Sync 1 DAGs
[2026-09-17T19:09:47.134+0000] {logging_mixin.py:190} INFO - [2026-09-17T19:09:47.134+0000] {dag.py:4180} INFO - Setting next_dagrun for tutorial_taskflow_api_virtualenv to None, run_after=None
[2026-09-17T19:09:47.156+0000] {processor.py:208} INFO - Processing /home/airflow/.local/lib/python3.12/site-packages/airflow/example_dags/tutorial_taskflow_api_virtualenv.py took 0.096 seconds
[2026-09-17T19:10:19.545+0000] {processor.py:186} INFO - Started process (PID=2494) to work on /home/airflow/.local/lib/python3.12/site-packages/airflow/example_dags/tutorial_taskflow_api_virtualenv.py
[2026-09-17T19:10:19.547+0000] {processor.py:914} INFO - Processing file /home/airflow/.local/lib/python3.12/site-packages/airflow/example_dags/tutorial_taskflow_api_virtualenv.py for tasks to queue
[2026-09-17T19:10:19.549+0000] {logging_mixin.py:190} INFO - [2026-09-17T19:10:19.548+0000] {dagbag.py:588} INFO - Filling up the DagBag from /home/airflow/.local/lib/python3.12/site-packages/airflow/example_dags/tutorial_taskflow_api_virtualenv.py
[2026-09-17T19:10:19.561+0000] {processor.py:925} INFO - DAG(s) 'tutorial_taskflow_api_virtualenv' retrieved from /home/airflow/.local/lib/python3.12/site-packages/airflow/example_dags/tutorial_taskflow_api_virtualenv.py
[2026-09-17T19:10:19.590+0000] {logging_mixin.py:190} INFO - [2026-09-17T19:10:19.589+0000] {dag.py:3239} INFO - Sync 1 DAGs
[2026-09-17T19:10:19.607+0000] {logging_mixin.py:190} INFO - [2026-09-17T19:10:19.607+0000] {dag.py:4180} INFO - Setting next_dagrun for tutorial_taskflow_api_virtualenv to None, run_after=None
[2026-09-17T19:10:19.630+0000] {processor.py:208} INFO - Processing /home/airflow/.local/lib/python3.12/site-packages/airflow/example_dags/tutorial_taskflow_api_virtualenv.py took 0.091 seconds
[2026-09-17T19:10:49.939+0000] {processor.py:186} INFO - Started process (PID=2559) to work on /home/airflow/.local/lib/python3.12/site-packages/airflow/example_dags/tutorial_taskflow_api_virtualenv.py
[2026-09-17T19:10:49.942+0000] {processor.py:914} INFO - Processing file /home/airflow/.local/lib/python3.12/site-packages/airflow/example_dags/tutorial_taskflow_api_virtualenv.py for tasks to queue
[2026-09-17T19:10:49.945+0000] {logging_mixin.py:190} INFO - [2026-09-17T19:10:49.944+0000] {dagbag.py:588} INFO - Filling up the DagBag from /home/airflow/.local/lib/python3.12/site-packages/airflow/example_dags/tutorial_taskflow_api_virtualenv.py
[2026-09-17T19:10:49.965+0000] {processor.py:925} INFO - DAG(s) 'tutorial_taskflow_api_virtualenv' retrieved from /home/airflow/.local/lib/python3.12/site-packages/airflow/example_dags/tutorial_taskflow_api_virtualenv.py
[2026-09-17T19:10:49.998+0000] {logging_mixin.py:190} INFO - [2026-09-17T19:10:49.998+0000] {dag.py:3239} INFO - Sync 1 DAGs
[2026-09-17T19:10:50.018+0000] {logging_mixin.py:190} INFO - [2026-09-17T19:10:50.017+0000] {dag.py:4180} INFO - Setting next_dagrun for tutorial_taskflow_api_virtualenv to None, run_after=None
[2026-09-17T19:10:50.047+0000] {processor.py:208} INFO - Processing /home/airflow/.local/lib/python3.12/site-packages/airflow/example_dags/tutorial_taskflow_api_virtualenv.py took 0.116 seconds
[2026-09-17T19:11:20.983+0000] {processor.py:186} INFO - Started process (PID=2626) to work on /home/airflow/.local/lib/python3.12/site-packages/airflow/example_dags/tutorial_taskflow_api_virtualenv.py
[2026-09-17T19:11:20.985+0000] {processor.py:914} INFO - Processing file /home/airflow/.local/lib/python3.12/site-packages/airflow/example_dags/tutorial_taskflow_api_virtualenv.py for tasks to queue
[2026-09-17T19:11:20.987+0000] {logging_mixin.py:190} INFO - [2026-09-17T19:11:20.987+0000] {dagbag.py:588} INFO - Filling up the DagBag from /home/airflow/.local/lib/python3.12/site-packages/airflow/example_dags/tutorial_taskflow_api_virtualenv.py
[2026-09-17T19:11:21.002+0000] {processor.py:925} INFO - DAG(s) 'tutorial_taskflow_api_virtualenv' retrieved from /home/airflow/.local/lib/python3.12/site-packages/airflow/example_dags/tutorial_taskflow_api_virtualenv.py
[2026-09-17T19:11:21.027+0000] {logging_mixin.py:190} INFO - [2026-09-17T19:11:21.027+0000] {dag.py:3239} INFO - Sync 1 DAGs
[2026-09-17T19:11:21.042+0000] {logging_mixin.py:190} INFO - [2026-09-17T19:11:21.041+0000] {dag.py:4180} INFO - Setting next_dagrun for tutorial_taskflow_api_virtualenv to None, run_after=None
[2026-09-17T19:11:21.066+0000] {processor.py:208} INFO - Processing /home/airflow/.local/lib/python3.12/site-packages/airflow/example_dags/tutorial_taskflow_api_virtualenv.py took 0.088 seconds
[2026-09-17T19:11:52.744+0000] {processor.py:186} INFO - Started process (PID=2691) to work on /home/airflow/.local/lib/python3.12/site-packages/airflow/example_dags/tutorial_taskflow_api_virtualenv.py
[2026-09-17T19:11:52.747+0000] {processor.py:914} INFO - Processing file /home/airflow/.local/lib/python3.12/site-packages/airflow/example_dags/tutorial_taskflow_api_virtualenv.py for tasks to queue
[2026-09-17T19:11:52.749+0000] {logging_mixin.py:190} INFO - [2026-09-17T19:11:52.749+0000] {dagbag.py:588} INFO - Filling up the DagBag from /home/airflow/.local/lib/python3.12/site-packages/airflow/example_dags/tutorial_taskflow_api_virtualenv.py
[2026-09-17T19:11:52.765+0000] {processor.py:925} INFO - DAG(s) 'tutorial_taskflow_api_virtualenv' retrieved from /home/airflow/.local/lib/python3.12/site-packages/airflow/example_dags/tutorial_taskflow_api_virtualenv.py
[2026-09-17T19:11:52.797+0000] {logging_mixin.py:190} INFO - [2026-09-17T19:11:52.796+0000] {dag.py:3239} INFO - Sync 1 DAGs
[2026-09-17T19:11:52.813+0000] {logging_mixin.py:190} INFO - [2026-09-17T19:11:52.813+0000] {dag.py:4180} INFO - Setting next_dagrun for tutorial_taskflow_api_virtualenv to None, run_after=None
[2026-09-17T19:11:52.838+0000] {processor.py:208} INFO - Processing /home/airflow/.local/lib/python3.12/site-packages/airflow/example_dags/tutorial_taskflow_api_virtualenv.py took 0.101 seconds
[2026-09-17T19:12:24.385+0000] {processor.py:186} INFO - Started process (PID=2756) to work on /home/airflow/.local/lib/python3.12/site-packages/airflow/example_dags/tutorial_taskflow_api_virtualenv.py
[2026-09-17T19:12:24.387+0000] {processor.py:914} INFO - Processing file /home/airflow/.local/lib/python3.12/site-packages/airflow/example_dags/tutorial_taskflow_api_virtualenv.py for tasks to queue
[2026-09-17T19:12:24.390+0000] {logging_mixin.py:190} INFO - [2026-09-17T19:12:24.389+0000] {dagbag.py:588} INFO - Filling up the DagBag from /home/airflow/.local/lib/python3.12/site-packages/airflow/example_dags/tutorial_taskflow_api_virtualenv.py
[2026-09-17T19:12:24.407+0000] {processor.py:925} INFO - DAG(s) 'tutorial_taskflow_api_virtualenv' retrieved from /home/airflow/.local/lib/python3.12/site-packages/airflow/example_dags/tutorial_taskflow_api_virtualenv.py
[2026-09-17T19:12:24.437+0000] {logging_mixin.py:190} INFO - [2026-09-17T19:12:24.436+0000] {dag.py:3239} INFO - Sync 1 DAGs
[2026-09-17T19:12:24.454+0000] {logging_mixin.py:190} INFO - [2026-09-17T19:12:24.453+0000] {dag.py:4180} INFO - Setting next_dagrun for tutorial_taskflow_api_virtualenv to None, run_after=None
[2026-09-17T19:12:24.481+0000] {processor.py:208} INFO - Processing /home/airflow/.local/lib/python3.12/site-packages/airflow/example_dags/tutorial_taskflow_api_virtualenv.py took 0.103 seconds
[2026-09-17T19:12:55.549+0000] {processor.py:186} INFO - Started process (PID=2820) to work on /home/airflow/.local/lib/python3.12/site-packages/airflow/example_dags/tutorial_taskflow_api_virtualenv.py
[2026-09-17T19:12:55.551+0000] {processor.py:914} INFO - Processing file /home/airflow/.local/lib/python3.12/site-packages/airflow/example_dags/tutorial_taskflow_api_virtualenv.py for tasks to queue
[2026-09-17T19:12:55.553+0000] {logging_mixin.py:190} INFO - [2026-09-17T19:12:55.553+0000] {dagbag.py:588} INFO - Filling up the DagBag from /home/airflow/.local/lib/python3.12/site-packages/airflow/example_dags/tutorial_taskflow_api_virtualenv.py
[2026-09-17T19:12:55.572+0000] {processor.py:925} INFO - DAG(s) 'tutorial_taskflow_api_virtualenv' retrieved from /home/airflow/.local/lib/python3.12/site-packages/airflow/example_dags/tutorial_taskflow_api_virtualenv.py
[2026-09-17T19:12:55.604+0000] {logging_mixin.py:190} INFO - [2026-09-17T19:12:55.604+0000] {dag.py:3239} INFO - Sync 1 DAGs
[2026-09-17T19:12:55.623+0000] {logging_mixin.py:190} INFO - [2026-09-17T19:12:55.622+0000] {dag.py:4180} INFO - Setting next_dagrun for tutorial_taskflow_api_virtualenv to None, run_after=None
[2026-09-17T19:12:55.654+0000] {processor.py:208} INFO - Processing /home/airflow/.local/lib/python3.12/site-packages/airflow/example_dags/tutorial_taskflow_api_virtualenv.py took 0.112 seconds
[2026-09-17T19:13:26.889+0000] {processor.py:186} INFO - Started process (PID=2884) to work on /home/airflow/.local/lib/python3.12/site-packages/airflow/example_dags/tutorial_taskflow_api_virtualenv.py
[2026-09-17T19:13:26.891+0000] {processor.py:914} INFO - Processing file /home/airflow/.local/lib/python3.12/site-packages/airflow/example_dags/tutorial_taskflow_api_virtualenv.py for tasks to queue
[2026-09-17T19:13:26.893+0000] {logging_mixin.py:190} INFO - [2026-09-17T19:13:26.893+0000] {dagbag.py:588} INFO - Filling up the DagBag from /home/airflow/.local/lib/python3.12/site-packages/airflow/example_dags/tutorial_taskflow_api_virtualenv.py
[2026-09-17T19:13:26.907+0000] {processor.py:925} INFO - DAG(s) 'tutorial_taskflow_api_virtualenv' retrieved from /home/airflow/.local/lib/python3.12/site-packages/airflow/example_dags/tutorial_taskflow_api_virtualenv.py
[2026-09-17T19:13:26.934+0000] {logging_mixin.py:190} INFO - [2026-09-17T19:13:26.933+0000] {dag.py:3239} INFO - Sync 1 DAGs
[2026-09-17T19:13:26.949+0000] {logging_mixin.py:190} INFO - [2026-09-17T19:13:26.948+0000] {dag.py:4180} INFO - Setting next_dagrun for tutorial_taskflow_api_virtualenv to None, run_after=None
[2026-09-17T19:13:26.972+0000] {processor.py:208} INFO - Processing /home/airflow/.local/lib/python3.12/site-packages/airflow/example_dags/tutorial_taskflow_api_virtualenv.py took 0.089 seconds
[2026-09-17T19:14:01.473+0000] {processor.py:186} INFO - Started process (PID=2956) to work on /home/airflow/.local/lib/python3.12/site-packages/airflow/example_dags/tutorial_taskflow_api_virtualenv.py
[2026-09-17T19:14:01.475+0000] {processor.py:914} INFO - Processing file /home/airflow/.local/lib/python3.12/site-packages/airflow/example_dags/tutorial_taskflow_api_virtualenv.py for tasks to queue
[2026-09-17T19:14:01.478+0000] {logging_mixin.py:190} INFO - [2026-09-17T19:14:01.478+0000] {dagbag.py:588} INFO - Filling up the DagBag from /home/airflow/.local/lib/python3.12/site-packages/airflow/example_dags/tutorial_taskflow_api_virtualenv.py
[2026-09-17T19:14:01.493+0000] {processor.py:925} INFO - DAG(s) 'tutorial_taskflow_api_virtualenv' retrieved from /home/airflow/.local/lib/python3.12/site-packages/airflow/example_dags/tutorial_taskflow_api_virtualenv.py
[2026-09-17T19:14:01.522+0000] {logging_mixin.py:190} INFO - [2026-09-17T19:14:01.522+0000] {dag.py:3239} INFO - Sync 1 DAGs
[2026-09-17T19:14:01.538+0000] {logging_mixin.py:190} INFO - [2026-09-17T19:14:01.537+0000] {dag.py:4180} INFO - Setting next_dagrun for tutorial_taskflow_api_virtualenv to None, run_after=None
[2026-09-17T19:14:01.564+0000] {processor.py:208} INFO - Processing /home/airflow/.local/lib/python3.12/site-packages/airflow/example_dags/tutorial_taskflow_api_virtualenv.py took 0.097 seconds
[2026-09-17T19:14:32.127+0000] {processor.py:186} INFO - Started process (PID=3021) to work on /home/airflow/.local/lib/python3.12/site-packages/airflow/example_dags/tutorial_taskflow_api_virtualenv.py
[2026-09-17T19:14:32.130+0000] {processor.py:914} INFO - Processing file /home/airflow/.local/lib/python3.12/site-packages/airflow/example_dags/tutorial_taskflow_api_virtualenv.py for tasks to queue
[2026-09-17T19:14:32.132+0000] {logging_mixin.py:190} INFO - [2026-09-17T19:14:32.132+0000] {dagbag.py:588} INFO - Filling up the DagBag from /home/airflow/.local/lib/python3.12/site-packages/airflow/example_dags/tutorial_taskflow_api_virtualenv.py
[2026-09-17T19:14:32.150+0000] {processor.py:925} INFO - DAG(s) 'tutorial_taskflow_api_virtualenv' retrieved from /home/airflow/.local/lib/python3.12/site-packages/airflow/example_dags/tutorial_taskflow_api_virtualenv.py
[2026-09-17T19:14:32.190+0000] {logging_mixin.py:190} INFO - [2026-09-17T19:14:32.189+0000] {dag.py:3239} INFO - Sync 1 DAGs
[2026-09-17T19:14:32.210+0000] {logging_mixin.py:190} INFO - [2026-09-17T19:14:32.210+0000] {dag.py:4180} INFO - Setting next_dagrun for tutorial_taskflow_api_virtualenv to None, run_after=None
[2026-09-17T19:14:32.243+0000] {processor.py:208} INFO - Processing /home/airflow/.local/lib/python3.12/site-packages/airflow/example_dags/tutorial_taskflow_api_virtualenv.py took 0.124 seconds
[2026-09-17T19:15:02.941+0000] {processor.py:186} INFO - Started process (PID=3086) to work on /home/airflow/.local/lib/python3.12/site-packages/airflow/example_dags/tutorial_taskflow_api_virtualenv.py
[2026-09-17T19:15:02.943+0000] {processor.py:914} INFO - Processing file /home/airflow/.local/lib/python3.12/site-packages/airflow/example_dags/tutorial_taskflow_api_virtualenv.py for tasks to queue
[2026-09-17T19:15:02.945+0000] {logging_mixin.py:190} INFO - [2026-09-17T19:15:02.945+0000] {dagbag.py:588} INFO - Filling up the DagBag from /home/airflow/.local/lib/python3.12/site-packages/airflow/example_dags/tutorial_taskflow_api_virtualenv.py
[2026-09-17T19:15:02.962+0000] {processor.py:925} INFO - DAG(s) 'tutorial_taskflow_api_virtualenv' retrieved from /home/airflow/.local/lib/python3.12/site-packages/airflow/example_dags/tutorial_taskflow_api_virtualenv.py
[2026-09-17T19:15:02.990+0000] {logging_mixin.py:190} INFO - [2026-09-17T19:15:02.990+0000] {dag.py:3239} INFO - Sync 1 DAGs
[2026-09-17T19:15:03.006+0000] {logging_mixin.py:190} INFO - [2026-09-17T19:15:03.006+0000] {dag.py:4180} INFO - Setting next_dagrun for tutorial_taskflow_api_virtualenv to None, run_after=None
[2026-09-17T19:15:03.031+0000] {processor.py:208} INFO - Processing /home/airflow/.local/lib/python3.12/site-packages/airflow/example_dags/tutorial_taskflow_api_virtualenv.py took 0.097 seconds
[2026-09-17T19:15:34.265+0000] {processor.py:186} INFO - Started process (PID=3151) to work on /home/airflow/.local/lib/python3.12/site-packages/airflow/example_dags/tutorial_taskflow_api_virtualenv.py
[2026-09-17T19:15:34.267+0000] {processor.py:914} INFO - Processing file /home/airflow/.local/lib/python3.12/site-packages/airflow/example_dags/tutorial_taskflow_api_virtualenv.py for tasks to queue
[2026-09-17T19:15:34.270+0000] {logging_mixin.py:190} INFO - [2026-09-17T19:15:34.269+0000] {dagbag.py:588} INFO - Filling up the DagBag from /home/airflow/.local/lib/python3.12/site-packages/airflow/example_dags/tutorial_taskflow_api_virtualenv.py
[2026-09-17T19:15:34.285+0000] {processor.py:925} INFO - DAG(s) 'tutorial_taskflow_api_virtualenv' retrieved from /home/airflow/.local/lib/python3.12/site-packages/airflow/example_dags/tutorial_taskflow_api_virtualenv.py
[2026-09-17T19:15:34.312+0000] {logging_mixin.py:190} INFO - [2026-09-17T19:15:34.312+0000] {dag.py:3239} INFO - Sync 1 DAGs
[2026-09-17T19:15:34.328+0000] {logging_mixin.py:190} INFO - [2026-09-17T19:15:34.327+0000] {dag.py:4180} INFO - Setting next_dagrun for tutorial_taskflow_api_virtualenv to None, run_after=None
[2026-09-17T19:15:34.352+0000] {processor.py:208} INFO - Processing /home/airflow/.local/lib/python3.12/site-packages/airflow/example_dags/tutorial_taskflow_api_virtualenv.py took 0.093 seconds
[2026-09-17T19:16:05.757+0000] {processor.py:186} INFO - Started process (PID=3216) to work on /home/airflow/.local/lib/python3.12/site-packages/airflow/example_dags/tutorial_taskflow_api_virtualenv.py
[2026-09-17T19:16:05.759+0000] {processor.py:914} INFO - Processing file /home/airflow/.local/lib/python3.12/site-packages/airflow/example_dags/tutorial_taskflow_api_virtualenv.py for tasks to queue
[2026-09-17T19:16:05.761+0000] {logging_mixin.py:190} INFO - [2026-09-17T19:16:05.760+0000] {dagbag.py:588} INFO - Filling up the DagBag from /home/airflow/.local/lib/python3.12/site-packages/airflow/example_dags/tutorial_taskflow_api_virtualenv.py
[2026-09-17T19:16:05.774+0000] {processor.py:925} INFO - DAG(s) 'tutorial_taskflow_api_virtualenv' retrieved from /home/airflow/.local/lib/python3.12/site-packages/airflow/example_dags/tutorial_taskflow_api_virtualenv.py
[2026-09-17T19:16:05.801+0000] {logging_mixin.py:190} INFO - [2026-09-17T19:16:05.800+0000] {dag.py:3239} INFO - Sync 1 DAGs
[2026-09-17T19:16:05.818+0000] {logging_mixin.py:190} INFO - [2026-09-17T19:16:05.818+0000] {dag.py:4180} INFO - Setting next_dagrun for tutorial_taskflow_api_virtualenv to None, run_after=None
[2026-09-17T19:16:05.842+0000] {processor.py:208} INFO - Processing /home/airflow/.local/lib/python3.12/site-packages/airflow/example_dags/tutorial_taskflow_api_virtualenv.py took 0.090 seconds
[2026-09-17T19:16:36.640+0000] {processor.py:186} INFO - Started process (PID=3281) to work on /home/airflow/.local/lib/python3.12/site-packages/airflow/example_dags/tutorial_taskflow_api_virtualenv.py
[2026-09-17T19:16:36.642+0000] {processor.py:914} INFO - Processing file /home/airflow/.local/lib/python3.12/site-packages/airflow/example_dags/tutorial_taskflow_api_virtualenv.py for tasks to queue
[2026-09-17T19:16:36.644+0000] {logging_mixin.py:190} INFO - [2026-09-17T19:16:36.644+0000] {dagbag.py:588} INFO - Filling up the DagBag from /home/airflow/.local/lib/python3.12/site-packages/airflow/example_dags/tutorial_taskflow_api_virtualenv.py
[2026-09-17T19:16:36.657+0000] {processor.py:925} INFO - DAG(s) 'tutorial_taskflow_api_virtualenv' retrieved from /home/airflow/.local/lib/python3.12/site-packages/airflow/example_dags/tutorial_taskflow_api_virtualenv.py
[2026-09-17T19:16:36.685+0000] {logging_mixin.py:190} INFO - [2026-09-17T19:16:36.685+0000] {dag.py:3239} INFO - Sync 1 DAGs
[2026-09-17T19:16:36.701+0000] {logging_mixin.py:190} INFO - [2026-09-17T19:16:36.700+0000] {dag.py:4180} INFO - Setting next_dagrun for tutorial_taskflow_api_virtualenv to None, run_after=None
[2026-09-17T19:16:36.725+0000] {processor.py:208} INFO - Processing /home/airflow/.local/lib/python3.12/site-packages/airflow/example_dags/tutorial_taskflow_api_virtualenv.py took 0.092 seconds
[2026-09-17T19:17:07.982+0000] {processor.py:186} INFO - Started process (PID=3346) to work on /home/airflow/.local/lib/python3.12/site-packages/airflow/example_dags/tutorial_taskflow_api_virtualenv.py
[2026-09-17T19:17:07.983+0000] {processor.py:914} INFO - Processing file /home/airflow/.local/lib/python3.12/site-packages/airflow/example_dags/tutorial_taskflow_api_virtualenv.py for tasks to queue
[2026-09-17T19:17:07.985+0000] {logging_mixin.py:190} INFO - [2026-09-17T19:17:07.985+0000] {dagbag.py:588} INFO - Filling up the DagBag from /home/airflow/.local/lib/python3.12/site-packages/airflow/example_dags/tutorial_taskflow_api_virtualenv.py
[2026-09-17T19:17:07.999+0000] {processor.py:925} INFO - DAG(s) 'tutorial_taskflow_api_virtualenv' retrieved from /home/airflow/.local/lib/python3.12/site-packages/airflow/example_dags/tutorial_taskflow_api_virtualenv.py
[2026-09-17T19:17:08.025+0000] {logging_mixin.py:190} INFO - [2026-09-17T19:17:08.025+0000] {dag.py:3239} INFO - Sync 1 DAGs
[2026-09-17T19:17:08.041+0000] {logging_mixin.py:190} INFO - [2026-09-17T19:17:08.041+0000] {dag.py:4180} INFO - Setting next_dagrun for tutorial_taskflow_api_virtualenv to None, run_after=None
[2026-09-17T19:17:08.064+0000] {processor.py:208} INFO - Processing /home/airflow/.local/lib/python3.12/site-packages/airflow/example_dags/tutorial_taskflow_api_virtualenv.py took 0.088 seconds
[2026-09-17T19:17:39.012+0000] {processor.py:186} INFO - Started process (PID=3411) to work on /home/airflow/.local/lib/python3.12/site-packages/airflow/example_dags/tutorial_taskflow_api_virtualenv.py
[2026-09-17T19:17:39.014+0000] {processor.py:914} INFO - Processing file /home/airflow/.local/lib/python3.12/site-packages/airflow/example_dags/tutorial_taskflow_api_virtualenv.py for tasks to queue
[2026-09-17T19:17:39.017+0000] {logging_mixin.py:190} INFO - [2026-09-17T19:17:39.017+0000] {dagbag.py:588} INFO - Filling up the DagBag from /home/airflow/.local/lib/python3.12/site-packages/airflow/example_dags/tutorial_taskflow_api_virtualenv.py
[2026-09-17T19:17:39.031+0000] {processor.py:925} INFO - DAG(s) 'tutorial_taskflow_api_virtualenv' retrieved from /home/airflow/.local/lib/python3.12/site-packages/airflow/example_dags/tutorial_taskflow_api_virtualenv.py
[2026-09-17T19:17:39.059+0000] {logging_mixin.py:190} INFO - [2026-09-17T19:17:39.059+0000] {dag.py:3239} INFO - Sync 1 DAGs
[2026-09-17T19:17:39.076+0000] {logging_mixin.py:190} INFO - [2026-09-17T19:17:39.076+0000] {dag.py:4180} INFO - Setting next_dagrun for tutorial_taskflow_api_virtualenv to None, run_after=None
[2026-09-17T19:17:39.098+0000] {processor.py:208} INFO - Processing /home/airflow/.local/lib/python3.12/site-packages/airflow/example_dags/tutorial_taskflow_api_virtualenv.py took 0.092 seconds
[2026-09-17T19:18:10.011+0000] {processor.py:186} INFO - Started process (PID=3476) to work on /home/airflow/.local/lib/python3.12/site-packages/airflow/example_dags/tutorial_taskflow_api_virtualenv.py
[2026-09-17T19:18:10.013+0000] {processor.py:914} INFO - Processing file /home/airflow/.local/lib/python3.12/site-packages/airflow/example_dags/tutorial_taskflow_api_virtualenv.py for tasks to queue
[2026-09-17T19:18:10.015+0000] {logging_mixin.py:190} INFO - [2026-09-17T19:18:10.015+0000] {dagbag.py:588} INFO - Filling up the DagBag from /home/airflow/.local/lib/python3.12/site-packages/airflow/example_dags/tutorial_taskflow_api_virtualenv.py
[2026-09-17T19:18:10.029+0000] {processor.py:925} INFO - DAG(s) 'tutorial_taskflow_api_virtualenv' retrieved from /home/airflow/.local/lib/python3.12/site-packages/airflow/example_dags/tutorial_taskflow_api_virtualenv.py
[2026-09-17T19:18:10.054+0000] {logging_mixin.py:190} INFO - [2026-09-17T19:18:10.054+0000] {dag.py:3239} INFO - Sync 1 DAGs
[2026-09-17T19:18:10.069+0000] {logging_mixin.py:190} INFO - [2026-09-17T19:18:10.068+0000] {dag.py:4180} INFO - Setting next_dagrun for tutorial_taskflow_api_virtualenv to None, run_after=None
[2026-09-17T19:18:10.094+0000] {processor.py:208} INFO - Processing /home/airflow/.local/lib/python3.12/site-packages/airflow/example_dags/tutorial_taskflow_api_virtualenv.py took 0.089 seconds
[2026-09-17T19:18:40.380+0000] {processor.py:186} INFO - Started process (PID=3541) to work on /home/airflow/.local/lib/python3.12/site-packages/airflow/example_dags/tutorial_taskflow_api_virtualenv.py
[2026-09-17T19:18:40.381+0000] {processor.py:914} INFO - Processing file /home/airflow/.local/lib/python3.12/site-packages/airflow/example_dags/tutorial_taskflow_api_virtualenv.py for tasks to queue
[2026-09-17T19:18:40.384+0000] {logging_mixin.py:190} INFO - [2026-09-17T19:18:40.384+0000] {dagbag.py:588} INFO - Filling up the DagBag from /home/airflow/.local/lib/python3.12/site-packages/airflow/example_dags/tutorial_taskflow_api_virtualenv.py
[2026-09-17T19:18:40.399+0000] {processor.py:925} INFO - DAG(s) 'tutorial_taskflow_api_virtualenv' retrieved from /home/airflow/.local/lib/python3.12/site-packages/airflow/example_dags/tutorial_taskflow_api_virtualenv.py
[2026-09-17T19:18:40.427+0000] {logging_mixin.py:190} INFO - [2026-09-17T19:18:40.427+0000] {dag.py:3239} INFO - Sync 1 DAGs
[2026-09-17T19:18:40.442+0000] {logging_mixin.py:190} INFO - [2026-09-17T19:18:40.442+0000] {dag.py:4180} INFO - Setting next_dagrun for tutorial_taskflow_api_virtualenv to None, run_after=None
[2026-09-17T19:18:40.466+0000] {processor.py:208} INFO - Processing /home/airflow/.local/lib/python3.12/site-packages/airflow/example_dags/tutorial_taskflow_api_virtualenv.py took 0.093 seconds
[2026-09-17T19:19:11.464+0000] {processor.py:186} INFO - Started process (PID=3605) to work on /home/airflow/.local/lib/python3.12/site-packages/airflow/example_dags/tutorial_taskflow_api_virtualenv.py
[2026-09-17T19:19:11.466+0000] {processor.py:914} INFO - Processing file /home/airflow/.local/lib/python3.12/site-packages/airflow/example_dags/tutorial_taskflow_api_virtualenv.py for tasks to queue
[2026-09-17T19:19:11.468+0000] {logging_mixin.py:190} INFO - [2026-09-17T19:19:11.468+0000] {dagbag.py:588} INFO - Filling up the DagBag from /home/airflow/.local/lib/python3.12/site-packages/airflow/example_dags/tutorial_taskflow_api_virtualenv.py
[2026-09-17T19:19:11.481+0000] {processor.py:925} INFO - DAG(s) 'tutorial_taskflow_api_virtualenv' retrieved from /home/airflow/.local/lib/python3.12/site-packages/airflow/example_dags/tutorial_taskflow_api_virtualenv.py
[2026-09-17T19:19:11.508+0000] {logging_mixin.py:190} INFO - [2026-09-17T19:19:11.508+0000] {dag.py:3239} INFO - Sync 1 DAGs
[2026-09-17T19:19:11.524+0000] {logging_mixin.py:190} INFO - [2026-09-17T19:19:11.523+0000] {dag.py:4180} INFO - Setting next_dagrun for tutorial_taskflow_api_virtualenv to None, run_after=None
[2026-09-17T19:19:11.544+0000] {processor.py:208} INFO - Processing /home/airflow/.local/lib/python3.12/site-packages/airflow/example_dags/tutorial_taskflow_api_virtualenv.py took 0.086 seconds
[2026-09-17T19:19:42.050+0000] {processor.py:186} INFO - Started process (PID=3670) to work on /home/airflow/.local/lib/python3.12/site-packages/airflow/example_dags/tutorial_taskflow_api_virtualenv.py
[2026-09-17T19:19:42.052+0000] {processor.py:914} INFO - Processing file /home/airflow/.local/lib/python3.12/site-packages/airflow/example_dags/tutorial_taskflow_api_virtualenv.py for tasks to queue
[2026-09-17T19:19:42.054+0000] {logging_mixin.py:190} INFO - [2026-09-17T19:19:42.054+0000] {dagbag.py:588} INFO - Filling up the DagBag from /home/airflow/.local/lib/python3.12/site-packages/airflow/example_dags/tutorial_taskflow_api_virtualenv.py
[2026-09-17T19:19:42.071+0000] {processor.py:925} INFO - DAG(s) 'tutorial_taskflow_api_virtualenv' retrieved from /home/airflow/.local/lib/python3.12/site-packages/airflow/example_dags/tutorial_taskflow_api_virtualenv.py
[2026-09-17T19:19:42.101+0000] {logging_mixin.py:190} INFO - [2026-09-17T19:19:42.101+0000] {dag.py:3239} INFO - Sync 1 DAGs
[2026-09-17T19:19:42.119+0000] {logging_mixin.py:190} INFO - [2026-09-17T19:19:42.118+0000] {dag.py:4180} INFO - Setting next_dagrun for tutorial_taskflow_api_virtualenv to None, run_after=None
[2026-09-17T19:19:42.145+0000] {processor.py:208} INFO - Processing /home/airflow/.local/lib/python3.12/site-packages/airflow/example_dags/tutorial_taskflow_api_virtualenv.py took 0.102 seconds
[2026-09-17T19:20:12.972+0000] {processor.py:186} INFO - Started process (PID=3734) to work on /home/airflow/.local/lib/python3.12/site-packages/airflow/example_dags/tutorial_taskflow_api_virtualenv.py
[2026-09-17T19:20:12.974+0000] {processor.py:914} INFO - Processing file /home/airflow/.local/lib/python3.12/site-packages/airflow/example_dags/tutorial_taskflow_api_virtualenv.py for tasks to queue
[2026-09-17T19:20:12.976+0000] {logging_mixin.py:190} INFO - [2026-09-17T19:20:12.976+0000] {dagbag.py:588} INFO - Filling up the DagBag from /home/airflow/.local/lib/python3.12/site-packages/airflow/example_dags/tutorial_taskflow_api_virtualenv.py
[2026-09-17T19:20:12.992+0000] {processor.py:925} INFO - DAG(s) 'tutorial_taskflow_api_virtualenv' retrieved from /home/airflow/.local/lib/python3.12/site-packages/airflow/example_dags/tutorial_taskflow_api_virtualenv.py
[2026-09-17T19:20:13.022+0000] {logging_mixin.py:190} INFO - [2026-09-17T19:20:13.022+0000] {dag.py:3239} INFO - Sync 1 DAGs
[2026-09-17T19:20:13.039+0000] {logging_mixin.py:190} INFO - [2026-09-17T19:20:13.039+0000] {dag.py:4180} INFO - Setting next_dagrun for tutorial_taskflow_api_virtualenv to None, run_after=None
[2026-09-17T19:20:13.068+0000] {processor.py:208} INFO - Processing /home/airflow/.local/lib/python3.12/site-packages/airflow/example_dags/tutorial_taskflow_api_virtualenv.py took 0.102 seconds
[2026-09-17T19:20:43.209+0000] {processor.py:186} INFO - Started process (PID=3791) to work on /home/airflow/.local/lib/python3.12/site-packages/airflow/example_dags/tutorial_taskflow_api_virtualenv.py
[2026-09-17T19:20:43.211+0000] {processor.py:914} INFO - Processing file /home/airflow/.local/lib/python3.12/site-packages/airflow/example_dags/tutorial_taskflow_api_virtualenv.py for tasks to queue
[2026-09-17T19:20:43.213+0000] {logging_mixin.py:190} INFO - [2026-09-17T19:20:43.213+0000] {dagbag.py:588} INFO - Filling up the DagBag from /home/airflow/.local/lib/python3.12/site-packages/airflow/example_dags/tutorial_taskflow_api_virtualenv.py
[2026-09-17T19:20:43.228+0000] {processor.py:925} INFO - DAG(s) 'tutorial_taskflow_api_virtualenv' retrieved from /home/airflow/.local/lib/python3.12/site-packages/airflow/example_dags/tutorial_taskflow_api_virtualenv.py
[2026-09-17T19:20:43.255+0000] {logging_mixin.py:190} INFO - [2026-09-17T19:20:43.255+0000] {dag.py:3239} INFO - Sync 1 DAGs
[2026-09-17T19:20:43.269+0000] {logging_mixin.py:190} INFO - [2026-09-17T19:20:43.269+0000] {dag.py:4180} INFO - Setting next_dagrun for tutorial_taskflow_api_virtualenv to None, run_after=None
[2026-09-17T19:20:43.293+0000] {processor.py:208} INFO - Processing /home/airflow/.local/lib/python3.12/site-packages/airflow/example_dags/tutorial_taskflow_api_virtualenv.py took 0.091 seconds
[2026-09-17T19:21:14.257+0000] {processor.py:186} INFO - Started process (PID=3856) to work on /home/airflow/.local/lib/python3.12/site-packages/airflow/example_dags/tutorial_taskflow_api_virtualenv.py
[2026-09-17T19:21:14.259+0000] {processor.py:914} INFO - Processing file /home/airflow/.local/lib/python3.12/site-packages/airflow/example_dags/tutorial_taskflow_api_virtualenv.py for tasks to queue
[2026-09-17T19:21:14.262+0000] {logging_mixin.py:190} INFO - [2026-09-17T19:21:14.262+0000] {dagbag.py:588} INFO - Filling up the DagBag from /home/airflow/.local/lib/python3.12/site-packages/airflow/example_dags/tutorial_taskflow_api_virtualenv.py
[2026-09-17T19:21:14.276+0000] {processor.py:925} INFO - DAG(s) 'tutorial_taskflow_api_virtualenv' retrieved from /home/airflow/.local/lib/python3.12/site-packages/airflow/example_dags/tutorial_taskflow_api_virtualenv.py
[2026-09-17T19:21:14.304+0000] {logging_mixin.py:190} INFO - [2026-09-17T19:21:14.304+0000] {dag.py:3239} INFO - Sync 1 DAGs
[2026-09-17T19:21:14.319+0000] {logging_mixin.py:190} INFO - [2026-09-17T19:21:14.319+0000] {dag.py:4180} INFO - Setting next_dagrun for tutorial_taskflow_api_virtualenv to None, run_after=None
[2026-09-17T19:21:14.343+0000] {processor.py:208} INFO - Processing /home/airflow/.local/lib/python3.12/site-packages/airflow/example_dags/tutorial_taskflow_api_virtualenv.py took 0.092 seconds
[2026-09-17T19:21:44.636+0000] {processor.py:186} INFO - Started process (PID=3921) to work on /home/airflow/.local/lib/python3.12/site-packages/airflow/example_dags/tutorial_taskflow_api_virtualenv.py
[2026-09-17T19:21:44.638+0000] {processor.py:914} INFO - Processing file /home/airflow/.local/lib/python3.12/site-packages/airflow/example_dags/tutorial_taskflow_api_virtualenv.py for tasks to queue
[2026-09-17T19:21:44.640+0000] {logging_mixin.py:190} INFO - [2026-09-17T19:21:44.640+0000] {dagbag.py:588} INFO - Filling up the DagBag from /home/airflow/.local/lib/python3.12/site-packages/airflow/example_dags/tutorial_taskflow_api_virtualenv.py
[2026-09-17T19:21:44.655+0000] {processor.py:925} INFO - DAG(s) 'tutorial_taskflow_api_virtualenv' retrieved from /home/airflow/.local/lib/python3.12/site-packages/airflow/example_dags/tutorial_taskflow_api_virtualenv.py
[2026-09-17T19:21:44.684+0000] {logging_mixin.py:190} INFO - [2026-09-17T19:21:44.684+0000] {dag.py:3239} INFO - Sync 1 DAGs
[2026-09-17T19:21:44.702+0000] {logging_mixin.py:190} INFO - [2026-09-17T19:21:44.702+0000] {dag.py:4180} INFO - Setting next_dagrun for tutorial_taskflow_api_virtualenv to None, run_after=None
[2026-09-17T19:21:44.728+0000] {processor.py:208} INFO - Processing /home/airflow/.local/lib/python3.12/site-packages/airflow/example_dags/tutorial_taskflow_api_virtualenv.py took 0.099 seconds
[2026-09-17T19:22:14.809+0000] {processor.py:186} INFO - Started process (PID=3985) to work on /home/airflow/.local/lib/python3.12/site-packages/airflow/example_dags/tutorial_taskflow_api_virtualenv.py
[2026-09-17T19:22:14.810+0000] {processor.py:914} INFO - Processing file /home/airflow/.local/lib/python3.12/site-packages/airflow/example_dags/tutorial_taskflow_api_virtualenv.py for tasks to queue
[2026-09-17T19:22:14.812+0000] {logging_mixin.py:190} INFO - [2026-09-17T19:22:14.811+0000] {dagbag.py:588} INFO - Filling up the DagBag from /home/airflow/.local/lib/python3.12/site-packages/airflow/example_dags/tutorial_taskflow_api_virtualenv.py
[2026-09-17T19:22:14.825+0000] {processor.py:925} INFO - DAG(s) 'tutorial_taskflow_api_virtualenv' retrieved from /home/airflow/.local/lib/python3.12/site-packages/airflow/example_dags/tutorial_taskflow_api_virtualenv.py
[2026-09-17T19:22:14.852+0000] {logging_mixin.py:190} INFO - [2026-09-17T19:22:14.852+0000] {dag.py:3239} INFO - Sync 1 DAGs
[2026-09-17T19:22:14.870+0000] {logging_mixin.py:190} INFO - [2026-09-17T19:22:14.870+0000] {dag.py:4180} INFO - Setting next_dagrun for tutorial_taskflow_api_virtualenv to None, run_after=None
[2026-09-17T19:22:14.897+0000] {processor.py:208} INFO - Processing /home/airflow/.local/lib/python3.12/site-packages/airflow/example_dags/tutorial_taskflow_api_virtualenv.py took 0.095 seconds
[2026-09-17T19:22:45.213+0000] {processor.py:186} INFO - Started process (PID=4050) to work on /home/airflow/.local/lib/python3.12/site-packages/airflow/example_dags/tutorial_taskflow_api_virtualenv.py
[2026-09-17T19:22:45.215+0000] {processor.py:914} INFO - Processing file /home/airflow/.local/lib/python3.12/site-packages/airflow/example_dags/tutorial_taskflow_api_virtualenv.py for tasks to queue
[2026-09-17T19:22:45.217+0000] {logging_mixin.py:190} INFO - [2026-09-17T19:22:45.217+0000] {dagbag.py:588} INFO - Filling up the DagBag from /home/airflow/.local/lib/python3.12/site-packages/airflow/example_dags/tutorial_taskflow_api_virtualenv.py
[2026-09-17T19:22:45.233+0000] {processor.py:925} INFO - DAG(s) 'tutorial_taskflow_api_virtualenv' retrieved from /home/airflow/.local/lib/python3.12/site-packages/airflow/example_dags/tutorial_taskflow_api_virtualenv.py
[2026-09-17T19:22:45.261+0000] {logging_mixin.py:190} INFO - [2026-09-17T19:22:45.261+0000] {dag.py:3239} INFO - Sync 1 DAGs
[2026-09-17T19:22:45.276+0000] {logging_mixin.py:190} INFO - [2026-09-17T19:22:45.276+0000] {dag.py:4180} INFO - Setting next_dagrun for tutorial_taskflow_api_virtualenv to None, run_after=None
[2026-09-17T19:22:45.301+0000] {processor.py:208} INFO - Processing /home/airflow/.local/lib/python3.12/site-packages/airflow/example_dags/tutorial_taskflow_api_virtualenv.py took 0.095 seconds
[2026-09-17T19:23:15.388+0000] {processor.py:186} INFO - Started process (PID=4114) to work on /home/airflow/.local/lib/python3.12/site-packages/airflow/example_dags/tutorial_taskflow_api_virtualenv.py
[2026-09-17T19:23:15.390+0000] {processor.py:914} INFO - Processing file /home/airflow/.local/lib/python3.12/site-packages/airflow/example_dags/tutorial_taskflow_api_virtualenv.py for tasks to queue
[2026-09-17T19:23:15.392+0000] {logging_mixin.py:190} INFO - [2026-09-17T19:23:15.392+0000] {dagbag.py:588} INFO - Filling up the DagBag from /home/airflow/.local/lib/python3.12/site-packages/airflow/example_dags/tutorial_taskflow_api_virtualenv.py
[2026-09-17T19:23:15.410+0000] {processor.py:925} INFO - DAG(s) 'tutorial_taskflow_api_virtualenv' retrieved from /home/airflow/.local/lib/python3.12/site-packages/airflow/example_dags/tutorial_taskflow_api_virtualenv.py
[2026-09-17T19:23:15.443+0000] {logging_mixin.py:190} INFO - [2026-09-17T19:23:15.442+0000] {dag.py:3239} INFO - Sync 1 DAGs
[2026-09-17T19:23:15.459+0000] {logging_mixin.py:190} INFO - [2026-09-17T19:23:15.458+0000] {dag.py:4180} INFO - Setting next_dagrun for tutorial_taskflow_api_virtualenv to None, run_after=None
[2026-09-17T19:23:15.486+0000] {processor.py:208} INFO - Processing /home/airflow/.local/lib/python3.12/site-packages/airflow/example_dags/tutorial_taskflow_api_virtualenv.py took 0.104 seconds
[2026-09-17T19:23:45.628+0000] {processor.py:186} INFO - Started process (PID=4179) to work on /home/airflow/.local/lib/python3.12/site-packages/airflow/example_dags/tutorial_taskflow_api_virtualenv.py
[2026-09-17T19:23:45.630+0000] {processor.py:914} INFO - Processing file /home/airflow/.local/lib/python3.12/site-packages/airflow/example_dags/tutorial_taskflow_api_virtualenv.py for tasks to queue
[2026-09-17T19:23:45.632+0000] {logging_mixin.py:190} INFO - [2026-09-17T19:23:45.632+0000] {dagbag.py:588} INFO - Filling up the DagBag from /home/airflow/.local/lib/python3.12/site-packages/airflow/example_dags/tutorial_taskflow_api_virtualenv.py
[2026-09-17T19:23:45.647+0000] {processor.py:925} INFO - DAG(s) 'tutorial_taskflow_api_virtualenv' retrieved from /home/airflow/.local/lib/python3.12/site-packages/airflow/example_dags/tutorial_taskflow_api_virtualenv.py
[2026-09-17T19:23:45.678+0000] {logging_mixin.py:190} INFO - [2026-09-17T19:23:45.677+0000] {dag.py:3239} INFO - Sync 1 DAGs
[2026-09-17T19:23:45.693+0000] {logging_mixin.py:190} INFO - [2026-09-17T19:23:45.693+0000] {dag.py:4180} INFO - Setting next_dagrun for tutorial_taskflow_api_virtualenv to None, run_after=None
[2026-09-17T19:23:45.716+0000] {processor.py:208} INFO - Processing /home/airflow/.local/lib/python3.12/site-packages/airflow/example_dags/tutorial_taskflow_api_virtualenv.py took 0.095 seconds
[2026-09-17T19:24:15.972+0000] {processor.py:186} INFO - Started process (PID=4244) to work on /home/airflow/.local/lib/python3.12/site-packages/airflow/example_dags/tutorial_taskflow_api_virtualenv.py
[2026-09-17T19:24:15.974+0000] {processor.py:914} INFO - Processing file /home/airflow/.local/lib/python3.12/site-packages/airflow/example_dags/tutorial_taskflow_api_virtualenv.py for tasks to queue
[2026-09-17T19:24:15.976+0000] {logging_mixin.py:190} INFO - [2026-09-17T19:24:15.976+0000] {dagbag.py:588} INFO - Filling up the DagBag from /home/airflow/.local/lib/python3.12/site-packages/airflow/example_dags/tutorial_taskflow_api_virtualenv.py
[2026-09-17T19:24:15.989+0000] {processor.py:925} INFO - DAG(s) 'tutorial_taskflow_api_virtualenv' retrieved from /home/airflow/.local/lib/python3.12/site-packages/airflow/example_dags/tutorial_taskflow_api_virtualenv.py
[2026-09-17T19:24:16.020+0000] {logging_mixin.py:190} INFO - [2026-09-17T19:24:16.020+0000] {dag.py:3239} INFO - Sync 1 DAGs
[2026-09-17T19:24:16.040+0000] {logging_mixin.py:190} INFO - [2026-09-17T19:24:16.040+0000] {dag.py:4180} INFO - Setting next_dagrun for tutorial_taskflow_api_virtualenv to None, run_after=None
[2026-09-17T19:24:16.065+0000] {processor.py:208} INFO - Processing /home/airflow/.local/lib/python3.12/site-packages/airflow/example_dags/tutorial_taskflow_api_virtualenv.py took 0.099 seconds
[2026-09-17T19:24:46.225+0000] {processor.py:186} INFO - Started process (PID=4308) to work on /home/airflow/.local/lib/python3.12/site-packages/airflow/example_dags/tutorial_taskflow_api_virtualenv.py
[2026-09-17T19:24:46.226+0000] {processor.py:914} INFO - Processing file /home/airflow/.local/lib/python3.12/site-packages/airflow/example_dags/tutorial_taskflow_api_virtualenv.py for tasks to queue
[2026-09-17T19:24:46.228+0000] {logging_mixin.py:190} INFO - [2026-09-17T19:24:46.228+0000] {dagbag.py:588} INFO - Filling up the DagBag from /home/airflow/.local/lib/python3.12/site-packages/airflow/example_dags/tutorial_taskflow_api_virtualenv.py
[2026-09-17T19:24:46.241+0000] {processor.py:925} INFO - DAG(s) 'tutorial_taskflow_api_virtualenv' retrieved from /home/airflow/.local/lib/python3.12/site-packages/airflow/example_dags/tutorial_taskflow_api_virtualenv.py
[2026-09-17T19:24:46.267+0000] {logging_mixin.py:190} INFO - [2026-09-17T19:24:46.267+0000] {dag.py:3239} INFO - Sync 1 DAGs
[2026-09-17T19:24:46.282+0000] {logging_mixin.py:190} INFO - [2026-09-17T19:24:46.281+0000] {dag.py:4180} INFO - Setting next_dagrun for tutorial_taskflow_api_virtualenv to None, run_after=None
[2026-09-17T19:24:46.304+0000] {processor.py:208} INFO - Processing /home/airflow/.local/lib/python3.12/site-packages/airflow/example_dags/tutorial_taskflow_api_virtualenv.py took 0.085 seconds
[2026-09-17T19:25:16.936+0000] {processor.py:186} INFO - Started process (PID=4373) to work on /home/airflow/.local/lib/python3.12/site-packages/airflow/example_dags/tutorial_taskflow_api_virtualenv.py
[2026-09-17T19:25:16.938+0000] {processor.py:914} INFO - Processing file /home/airflow/.local/lib/python3.12/site-packages/airflow/example_dags/tutorial_taskflow_api_virtualenv.py for tasks to queue
[2026-09-17T19:25:16.940+0000] {logging_mixin.py:190} INFO - [2026-09-17T19:25:16.940+0000] {dagbag.py:588} INFO - Filling up the DagBag from /home/airflow/.local/lib/python3.12/site-packages/airflow/example_dags/tutorial_taskflow_api_virtualenv.py
[2026-09-17T19:25:16.953+0000] {processor.py:925} INFO - DAG(s) 'tutorial_taskflow_api_virtualenv' retrieved from /home/airflow/.local/lib/python3.12/site-packages/airflow/example_dags/tutorial_taskflow_api_virtualenv.py
[2026-09-17T19:25:16.980+0000] {logging_mixin.py:190} INFO - [2026-09-17T19:25:16.980+0000] {dag.py:3239} INFO - Sync 1 DAGs
[2026-09-17T19:25:16.995+0000] {logging_mixin.py:190} INFO - [2026-09-17T19:25:16.995+0000] {dag.py:4180} INFO - Setting next_dagrun for tutorial_taskflow_api_virtualenv to None, run_after=None
[2026-09-17T19:25:17.017+0000] {processor.py:208} INFO - Processing /home/airflow/.local/lib/python3.12/site-packages/airflow/example_dags/tutorial_taskflow_api_virtualenv.py took 0.086 seconds
[2026-09-17T19:25:47.883+0000] {processor.py:186} INFO - Started process (PID=4438) to work on /home/airflow/.local/lib/python3.12/site-packages/airflow/example_dags/tutorial_taskflow_api_virtualenv.py
[2026-09-17T19:25:47.885+0000] {processor.py:914} INFO - Processing file /home/airflow/.local/lib/python3.12/site-packages/airflow/example_dags/tutorial_taskflow_api_virtualenv.py for tasks to queue
[2026-09-17T19:25:47.887+0000] {logging_mixin.py:190} INFO - [2026-09-17T19:25:47.887+0000] {dagbag.py:588} INFO - Filling up the DagBag from /home/airflow/.local/lib/python3.12/site-packages/airflow/example_dags/tutorial_taskflow_api_virtualenv.py
[2026-09-17T19:25:47.906+0000] {processor.py:925} INFO - DAG(s) 'tutorial_taskflow_api_virtualenv' retrieved from /home/airflow/.local/lib/python3.12/site-packages/airflow/example_dags/tutorial_taskflow_api_virtualenv.py
[2026-09-17T19:25:47.940+0000] {logging_mixin.py:190} INFO - [2026-09-17T19:25:47.940+0000] {dag.py:3239} INFO - Sync 1 DAGs
[2026-09-17T19:25:47.960+0000] {logging_mixin.py:190} INFO - [2026-09-17T19:25:47.959+0000] {dag.py:4180} INFO - Setting next_dagrun for tutorial_taskflow_api_virtualenv to None, run_after=None
[2026-09-17T19:25:47.990+0000] {processor.py:208} INFO - Processing /home/airflow/.local/lib/python3.12/site-packages/airflow/example_dags/tutorial_taskflow_api_virtualenv.py took 0.114 seconds
[2026-09-17T19:26:18.458+0000] {processor.py:186} INFO - Started process (PID=4495) to work on /home/airflow/.local/lib/python3.12/site-packages/airflow/example_dags/tutorial_taskflow_api_virtualenv.py
[2026-09-17T19:26:18.461+0000] {processor.py:914} INFO - Processing file /home/airflow/.local/lib/python3.12/site-packages/airflow/example_dags/tutorial_taskflow_api_virtualenv.py for tasks to queue
[2026-09-17T19:26:18.465+0000] {logging_mixin.py:190} INFO - [2026-09-17T19:26:18.464+0000] {dagbag.py:588} INFO - Filling up the DagBag from /home/airflow/.local/lib/python3.12/site-packages/airflow/example_dags/tutorial_taskflow_api_virtualenv.py
[2026-09-17T19:26:18.496+0000] {processor.py:925} INFO - DAG(s) 'tutorial_taskflow_api_virtualenv' retrieved from /home/airflow/.local/lib/python3.12/site-packages/airflow/example_dags/tutorial_taskflow_api_virtualenv.py
[2026-09-17T19:26:18.560+0000] {logging_mixin.py:190} INFO - [2026-09-17T19:26:18.559+0000] {dag.py:3239} INFO - Sync 1 DAGs
[2026-09-17T19:26:18.596+0000] {logging_mixin.py:190} INFO - [2026-09-17T19:26:18.596+0000] {dag.py:4180} INFO - Setting next_dagrun for tutorial_taskflow_api_virtualenv to None, run_after=None
[2026-09-17T19:26:18.635+0000] {processor.py:208} INFO - Processing /home/airflow/.local/lib/python3.12/site-packages/airflow/example_dags/tutorial_taskflow_api_virtualenv.py took 0.184 seconds
[2026-09-17T19:26:49.304+0000] {processor.py:186} INFO - Started process (PID=4560) to work on /home/airflow/.local/lib/python3.12/site-packages/airflow/example_dags/tutorial_taskflow_api_virtualenv.py
[2026-09-17T19:26:49.306+0000] {processor.py:914} INFO - Processing file /home/airflow/.local/lib/python3.12/site-packages/airflow/example_dags/tutorial_taskflow_api_virtualenv.py for tasks to queue
[2026-09-17T19:26:49.308+0000] {logging_mixin.py:190} INFO - [2026-09-17T19:26:49.308+0000] {dagbag.py:588} INFO - Filling up the DagBag from /home/airflow/.local/lib/python3.12/site-packages/airflow/example_dags/tutorial_taskflow_api_virtualenv.py
[2026-09-17T19:26:49.323+0000] {processor.py:925} INFO - DAG(s) 'tutorial_taskflow_api_virtualenv' retrieved from /home/airflow/.local/lib/python3.12/site-packages/airflow/example_dags/tutorial_taskflow_api_virtualenv.py
[2026-09-17T19:26:49.351+0000] {logging_mixin.py:190} INFO - [2026-09-17T19:26:49.351+0000] {dag.py:3239} INFO - Sync 1 DAGs
[2026-09-17T19:26:49.366+0000] {logging_mixin.py:190} INFO - [2026-09-17T19:26:49.366+0000] {dag.py:4180} INFO - Setting next_dagrun for tutorial_taskflow_api_virtualenv to None, run_after=None
[2026-09-17T19:26:49.395+0000] {processor.py:208} INFO - Processing /home/airflow/.local/lib/python3.12/site-packages/airflow/example_dags/tutorial_taskflow_api_virtualenv.py took 0.098 seconds
[2026-09-17T19:27:23.635+0000] {processor.py:186} INFO - Started process (PID=4626) to work on /home/airflow/.local/lib/python3.12/site-packages/airflow/example_dags/tutorial_taskflow_api_virtualenv.py
[2026-09-17T19:27:23.637+0000] {processor.py:914} INFO - Processing file /home/airflow/.local/lib/python3.12/site-packages/airflow/example_dags/tutorial_taskflow_api_virtualenv.py for tasks to queue
[2026-09-17T19:27:23.640+0000] {logging_mixin.py:190} INFO - [2026-09-17T19:27:23.639+0000] {dagbag.py:588} INFO - Filling up the DagBag from /home/airflow/.local/lib/python3.12/site-packages/airflow/example_dags/tutorial_taskflow_api_virtualenv.py
[2026-09-17T19:27:23.654+0000] {processor.py:925} INFO - DAG(s) 'tutorial_taskflow_api_virtualenv' retrieved from /home/airflow/.local/lib/python3.12/site-packages/airflow/example_dags/tutorial_taskflow_api_virtualenv.py
[2026-09-17T19:27:23.686+0000] {logging_mixin.py:190} INFO - [2026-09-17T19:27:23.685+0000] {dag.py:3239} INFO - Sync 1 DAGs
[2026-09-17T19:27:23.700+0000] {logging_mixin.py:190} INFO - [2026-09-17T19:27:23.700+0000] {dag.py:4180} INFO - Setting next_dagrun for tutorial_taskflow_api_virtualenv to None, run_after=None
[2026-09-17T19:27:23.725+0000] {processor.py:208} INFO - Processing /home/airflow/.local/lib/python3.12/site-packages/airflow/example_dags/tutorial_taskflow_api_virtualenv.py took 0.096 seconds
[2026-09-17T19:27:54.606+0000] {processor.py:186} INFO - Started process (PID=4691) to work on /home/airflow/.local/lib/python3.12/site-packages/airflow/example_dags/tutorial_taskflow_api_virtualenv.py
[2026-09-17T19:27:54.608+0000] {processor.py:914} INFO - Processing file /home/airflow/.local/lib/python3.12/site-packages/airflow/example_dags/tutorial_taskflow_api_virtualenv.py for tasks to queue
[2026-09-17T19:27:54.611+0000] {logging_mixin.py:190} INFO - [2026-09-17T19:27:54.610+0000] {dagbag.py:588} INFO - Filling up the DagBag from /home/airflow/.local/lib/python3.12/site-packages/airflow/example_dags/tutorial_taskflow_api_virtualenv.py
[2026-09-17T19:27:54.630+0000] {processor.py:925} INFO - DAG(s) 'tutorial_taskflow_api_virtualenv' retrieved from /home/airflow/.local/lib/python3.12/site-packages/airflow/example_dags/tutorial_taskflow_api_virtualenv.py
[2026-09-17T19:27:54.852+0000] {logging_mixin.py:190} INFO - [2026-09-17T19:27:54.852+0000] {dag.py:3239} INFO - Sync 1 DAGs
[2026-09-17T19:27:54.865+0000] {logging_mixin.py:190} INFO - [2026-09-17T19:27:54.865+0000] {dag.py:4180} INFO - Setting next_dagrun for tutorial_taskflow_api_virtualenv to None, run_after=None
[2026-09-17T19:27:54.887+0000] {processor.py:208} INFO - Processing /home/airflow/.local/lib/python3.12/site-packages/airflow/example_dags/tutorial_taskflow_api_virtualenv.py took 0.290 seconds
[2026-09-17T19:28:25.407+0000] {processor.py:186} INFO - Started process (PID=4756) to work on /home/airflow/.local/lib/python3.12/site-packages/airflow/example_dags/tutorial_taskflow_api_virtualenv.py
[2026-09-17T19:28:25.409+0000] {processor.py:914} INFO - Processing file /home/airflow/.local/lib/python3.12/site-packages/airflow/example_dags/tutorial_taskflow_api_virtualenv.py for tasks to queue
[2026-09-17T19:28:25.411+0000] {logging_mixin.py:190} INFO - [2026-09-17T19:28:25.411+0000] {dagbag.py:588} INFO - Filling up the DagBag from /home/airflow/.local/lib/python3.12/site-packages/airflow/example_dags/tutorial_taskflow_api_virtualenv.py
[2026-09-17T19:28:25.427+0000] {processor.py:925} INFO - DAG(s) 'tutorial_taskflow_api_virtualenv' retrieved from /home/airflow/.local/lib/python3.12/site-packages/airflow/example_dags/tutorial_taskflow_api_virtualenv.py
[2026-09-17T19:28:25.457+0000] {logging_mixin.py:190} INFO - [2026-09-17T19:28:25.457+0000] {dag.py:3239} INFO - Sync 1 DAGs
[2026-09-17T19:28:25.473+0000] {logging_mixin.py:190} INFO - [2026-09-17T19:28:25.473+0000] {dag.py:4180} INFO - Setting next_dagrun for tutorial_taskflow_api_virtualenv to None, run_after=None
[2026-09-17T19:28:25.499+0000] {processor.py:208} INFO - Processing /home/airflow/.local/lib/python3.12/site-packages/airflow/example_dags/tutorial_taskflow_api_virtualenv.py took 0.100 seconds
[2026-09-17T19:48:22.966+0000] {processor.py:186} INFO - Started process (PID=94) to work on /home/airflow/.local/lib/python3.12/site-packages/airflow/example_dags/tutorial_taskflow_api_virtualenv.py
[2026-09-17T19:48:22.968+0000] {processor.py:914} INFO - Processing file /home/airflow/.local/lib/python3.12/site-packages/airflow/example_dags/tutorial_taskflow_api_virtualenv.py for tasks to queue
[2026-09-17T19:48:22.970+0000] {logging_mixin.py:190} INFO - [2026-09-17T19:48:22.970+0000] {dagbag.py:588} INFO - Filling up the DagBag from /home/airflow/.local/lib/python3.12/site-packages/airflow/example_dags/tutorial_taskflow_api_virtualenv.py
[2026-09-17T19:48:22.991+0000] {processor.py:925} INFO - DAG(s) 'tutorial_taskflow_api_virtualenv' retrieved from /home/airflow/.local/lib/python3.12/site-packages/airflow/example_dags/tutorial_taskflow_api_virtualenv.py
[2026-09-17T19:48:23.140+0000] {logging_mixin.py:190} INFO - [2026-09-17T19:48:23.139+0000] {dag.py:3239} INFO - Sync 1 DAGs
[2026-09-17T19:48:23.162+0000] {logging_mixin.py:190} INFO - [2026-09-17T19:48:23.162+0000] {dag.py:4180} INFO - Setting next_dagrun for tutorial_taskflow_api_virtualenv to None, run_after=None
[2026-09-17T19:48:23.200+0000] {processor.py:208} INFO - Processing /home/airflow/.local/lib/python3.12/site-packages/airflow/example_dags/tutorial_taskflow_api_virtualenv.py took 0.240 seconds
[2026-09-17T19:48:53.573+0000] {processor.py:186} INFO - Started process (PID=159) to work on /home/airflow/.local/lib/python3.12/site-packages/airflow/example_dags/tutorial_taskflow_api_virtualenv.py
[2026-09-17T19:48:53.575+0000] {processor.py:914} INFO - Processing file /home/airflow/.local/lib/python3.12/site-packages/airflow/example_dags/tutorial_taskflow_api_virtualenv.py for tasks to queue
[2026-09-17T19:48:53.577+0000] {logging_mixin.py:190} INFO - [2026-09-17T19:48:53.577+0000] {dagbag.py:588} INFO - Filling up the DagBag from /home/airflow/.local/lib/python3.12/site-packages/airflow/example_dags/tutorial_taskflow_api_virtualenv.py
[2026-09-17T19:48:53.590+0000] {processor.py:925} INFO - DAG(s) 'tutorial_taskflow_api_virtualenv' retrieved from /home/airflow/.local/lib/python3.12/site-packages/airflow/example_dags/tutorial_taskflow_api_virtualenv.py
[2026-09-17T19:48:53.614+0000] {logging_mixin.py:190} INFO - [2026-09-17T19:48:53.614+0000] {dag.py:3239} INFO - Sync 1 DAGs
[2026-09-17T19:48:53.629+0000] {logging_mixin.py:190} INFO - [2026-09-17T19:48:53.629+0000] {dag.py:4180} INFO - Setting next_dagrun for tutorial_taskflow_api_virtualenv to None, run_after=None
[2026-09-17T19:48:53.653+0000] {processor.py:208} INFO - Processing /home/airflow/.local/lib/python3.12/site-packages/airflow/example_dags/tutorial_taskflow_api_virtualenv.py took 0.085 seconds
[2026-09-17T19:49:26.028+0000] {processor.py:186} INFO - Started process (PID=224) to work on /home/airflow/.local/lib/python3.12/site-packages/airflow/example_dags/tutorial_taskflow_api_virtualenv.py
[2026-09-17T19:49:26.032+0000] {processor.py:914} INFO - Processing file /home/airflow/.local/lib/python3.12/site-packages/airflow/example_dags/tutorial_taskflow_api_virtualenv.py for tasks to queue
[2026-09-17T19:49:26.034+0000] {logging_mixin.py:190} INFO - [2026-09-17T19:49:26.034+0000] {dagbag.py:588} INFO - Filling up the DagBag from /home/airflow/.local/lib/python3.12/site-packages/airflow/example_dags/tutorial_taskflow_api_virtualenv.py
[2026-09-17T19:49:26.056+0000] {processor.py:925} INFO - DAG(s) 'tutorial_taskflow_api_virtualenv' retrieved from /home/airflow/.local/lib/python3.12/site-packages/airflow/example_dags/tutorial_taskflow_api_virtualenv.py
[2026-09-17T19:49:26.089+0000] {logging_mixin.py:190} INFO - [2026-09-17T19:49:26.088+0000] {dag.py:3239} INFO - Sync 1 DAGs
[2026-09-17T19:49:26.107+0000] {logging_mixin.py:190} INFO - [2026-09-17T19:49:26.106+0000] {dag.py:4180} INFO - Setting next_dagrun for tutorial_taskflow_api_virtualenv to None, run_after=None
[2026-09-17T19:49:26.132+0000] {processor.py:208} INFO - Processing /home/airflow/.local/lib/python3.12/site-packages/airflow/example_dags/tutorial_taskflow_api_virtualenv.py took 0.112 seconds
[2026-09-17T19:49:57.715+0000] {processor.py:186} INFO - Started process (PID=288) to work on /home/airflow/.local/lib/python3.12/site-packages/airflow/example_dags/tutorial_taskflow_api_virtualenv.py
[2026-09-17T19:49:57.717+0000] {processor.py:914} INFO - Processing file /home/airflow/.local/lib/python3.12/site-packages/airflow/example_dags/tutorial_taskflow_api_virtualenv.py for tasks to queue
[2026-09-17T19:49:57.720+0000] {logging_mixin.py:190} INFO - [2026-09-17T19:49:57.719+0000] {dagbag.py:588} INFO - Filling up the DagBag from /home/airflow/.local/lib/python3.12/site-packages/airflow/example_dags/tutorial_taskflow_api_virtualenv.py
[2026-09-17T19:49:57.736+0000] {processor.py:925} INFO - DAG(s) 'tutorial_taskflow_api_virtualenv' retrieved from /home/airflow/.local/lib/python3.12/site-packages/airflow/example_dags/tutorial_taskflow_api_virtualenv.py
[2026-09-17T19:49:57.767+0000] {logging_mixin.py:190} INFO - [2026-09-17T19:49:57.767+0000] {dag.py:3239} INFO - Sync 1 DAGs
[2026-09-17T19:49:57.785+0000] {logging_mixin.py:190} INFO - [2026-09-17T19:49:57.785+0000] {dag.py:4180} INFO - Setting next_dagrun for tutorial_taskflow_api_virtualenv to None, run_after=None
[2026-09-17T19:49:57.815+0000] {processor.py:208} INFO - Processing /home/airflow/.local/lib/python3.12/site-packages/airflow/example_dags/tutorial_taskflow_api_virtualenv.py took 0.107 seconds
[2026-09-17T19:50:28.461+0000] {processor.py:186} INFO - Started process (PID=346) to work on /home/airflow/.local/lib/python3.12/site-packages/airflow/example_dags/tutorial_taskflow_api_virtualenv.py
[2026-09-17T19:50:28.463+0000] {processor.py:914} INFO - Processing file /home/airflow/.local/lib/python3.12/site-packages/airflow/example_dags/tutorial_taskflow_api_virtualenv.py for tasks to queue
[2026-09-17T19:50:28.466+0000] {logging_mixin.py:190} INFO - [2026-09-17T19:50:28.465+0000] {dagbag.py:588} INFO - Filling up the DagBag from /home/airflow/.local/lib/python3.12/site-packages/airflow/example_dags/tutorial_taskflow_api_virtualenv.py
[2026-09-17T19:50:28.480+0000] {processor.py:925} INFO - DAG(s) 'tutorial_taskflow_api_virtualenv' retrieved from /home/airflow/.local/lib/python3.12/site-packages/airflow/example_dags/tutorial_taskflow_api_virtualenv.py
[2026-09-17T19:50:28.503+0000] {logging_mixin.py:190} INFO - [2026-09-17T19:50:28.503+0000] {dag.py:3239} INFO - Sync 1 DAGs
[2026-09-17T19:50:28.519+0000] {logging_mixin.py:190} INFO - [2026-09-17T19:50:28.518+0000] {dag.py:4180} INFO - Setting next_dagrun for tutorial_taskflow_api_virtualenv to None, run_after=None
[2026-09-17T19:50:28.538+0000] {processor.py:208} INFO - Processing /home/airflow/.local/lib/python3.12/site-packages/airflow/example_dags/tutorial_taskflow_api_virtualenv.py took 0.083 seconds
[2026-09-17T19:50:59.192+0000] {processor.py:186} INFO - Started process (PID=411) to work on /home/airflow/.local/lib/python3.12/site-packages/airflow/example_dags/tutorial_taskflow_api_virtualenv.py
[2026-09-17T19:50:59.194+0000] {processor.py:914} INFO - Processing file /home/airflow/.local/lib/python3.12/site-packages/airflow/example_dags/tutorial_taskflow_api_virtualenv.py for tasks to queue
[2026-09-17T19:50:59.196+0000] {logging_mixin.py:190} INFO - [2026-09-17T19:50:59.196+0000] {dagbag.py:588} INFO - Filling up the DagBag from /home/airflow/.local/lib/python3.12/site-packages/airflow/example_dags/tutorial_taskflow_api_virtualenv.py
[2026-09-17T19:50:59.210+0000] {processor.py:925} INFO - DAG(s) 'tutorial_taskflow_api_virtualenv' retrieved from /home/airflow/.local/lib/python3.12/site-packages/airflow/example_dags/tutorial_taskflow_api_virtualenv.py
[2026-09-17T19:50:59.236+0000] {logging_mixin.py:190} INFO - [2026-09-17T19:50:59.236+0000] {dag.py:3239} INFO - Sync 1 DAGs
[2026-09-17T19:50:59.252+0000] {logging_mixin.py:190} INFO - [2026-09-17T19:50:59.252+0000] {dag.py:4180} INFO - Setting next_dagrun for tutorial_taskflow_api_virtualenv to None, run_after=None
[2026-09-17T19:50:59.275+0000] {processor.py:208} INFO - Processing /home/airflow/.local/lib/python3.12/site-packages/airflow/example_dags/tutorial_taskflow_api_virtualenv.py took 0.089 seconds
[2026-09-17T19:51:30.477+0000] {processor.py:186} INFO - Started process (PID=476) to work on /home/airflow/.local/lib/python3.12/site-packages/airflow/example_dags/tutorial_taskflow_api_virtualenv.py
[2026-09-17T19:51:30.479+0000] {processor.py:914} INFO - Processing file /home/airflow/.local/lib/python3.12/site-packages/airflow/example_dags/tutorial_taskflow_api_virtualenv.py for tasks to queue
[2026-09-17T19:51:30.482+0000] {logging_mixin.py:190} INFO - [2026-09-17T19:51:30.481+0000] {dagbag.py:588} INFO - Filling up the DagBag from /home/airflow/.local/lib/python3.12/site-packages/airflow/example_dags/tutorial_taskflow_api_virtualenv.py
[2026-09-17T19:51:30.496+0000] {processor.py:925} INFO - DAG(s) 'tutorial_taskflow_api_virtualenv' retrieved from /home/airflow/.local/lib/python3.12/site-packages/airflow/example_dags/tutorial_taskflow_api_virtualenv.py
[2026-09-17T19:51:30.520+0000] {logging_mixin.py:190} INFO - [2026-09-17T19:51:30.520+0000] {dag.py:3239} INFO - Sync 1 DAGs
[2026-09-17T19:51:30.534+0000] {logging_mixin.py:190} INFO - [2026-09-17T19:51:30.534+0000] {dag.py:4180} INFO - Setting next_dagrun for tutorial_taskflow_api_virtualenv to None, run_after=None
[2026-09-17T19:51:30.555+0000] {processor.py:208} INFO - Processing /home/airflow/.local/lib/python3.12/site-packages/airflow/example_dags/tutorial_taskflow_api_virtualenv.py took 0.084 seconds
[2026-09-17T19:52:01.530+0000] {processor.py:186} INFO - Started process (PID=541) to work on /home/airflow/.local/lib/python3.12/site-packages/airflow/example_dags/tutorial_taskflow_api_virtualenv.py
[2026-09-17T19:52:01.532+0000] {processor.py:914} INFO - Processing file /home/airflow/.local/lib/python3.12/site-packages/airflow/example_dags/tutorial_taskflow_api_virtualenv.py for tasks to queue
[2026-09-17T19:52:01.535+0000] {logging_mixin.py:190} INFO - [2026-09-17T19:52:01.534+0000] {dagbag.py:588} INFO - Filling up the DagBag from /home/airflow/.local/lib/python3.12/site-packages/airflow/example_dags/tutorial_taskflow_api_virtualenv.py
[2026-09-17T19:52:01.552+0000] {processor.py:925} INFO - DAG(s) 'tutorial_taskflow_api_virtualenv' retrieved from /home/airflow/.local/lib/python3.12/site-packages/airflow/example_dags/tutorial_taskflow_api_virtualenv.py
[2026-09-17T19:52:01.578+0000] {logging_mixin.py:190} INFO - [2026-09-17T19:52:01.577+0000] {dag.py:3239} INFO - Sync 1 DAGs
[2026-09-17T19:52:01.593+0000] {logging_mixin.py:190} INFO - [2026-09-17T19:52:01.593+0000] {dag.py:4180} INFO - Setting next_dagrun for tutorial_taskflow_api_virtualenv to None, run_after=None
[2026-09-17T19:52:01.616+0000] {processor.py:208} INFO - Processing /home/airflow/.local/lib/python3.12/site-packages/airflow/example_dags/tutorial_taskflow_api_virtualenv.py took 0.095 seconds
[2026-09-17T19:52:32.688+0000] {processor.py:186} INFO - Started process (PID=606) to work on /home/airflow/.local/lib/python3.12/site-packages/airflow/example_dags/tutorial_taskflow_api_virtualenv.py
[2026-09-17T19:52:32.690+0000] {processor.py:914} INFO - Processing file /home/airflow/.local/lib/python3.12/site-packages/airflow/example_dags/tutorial_taskflow_api_virtualenv.py for tasks to queue
[2026-09-17T19:52:32.692+0000] {logging_mixin.py:190} INFO - [2026-09-17T19:52:32.692+0000] {dagbag.py:588} INFO - Filling up the DagBag from /home/airflow/.local/lib/python3.12/site-packages/airflow/example_dags/tutorial_taskflow_api_virtualenv.py
[2026-09-17T19:52:32.706+0000] {processor.py:925} INFO - DAG(s) 'tutorial_taskflow_api_virtualenv' retrieved from /home/airflow/.local/lib/python3.12/site-packages/airflow/example_dags/tutorial_taskflow_api_virtualenv.py
[2026-09-17T19:52:32.731+0000] {logging_mixin.py:190} INFO - [2026-09-17T19:52:32.731+0000] {dag.py:3239} INFO - Sync 1 DAGs
[2026-09-17T19:52:32.745+0000] {logging_mixin.py:190} INFO - [2026-09-17T19:52:32.745+0000] {dag.py:4180} INFO - Setting next_dagrun for tutorial_taskflow_api_virtualenv to None, run_after=None
[2026-09-17T19:52:32.769+0000] {processor.py:208} INFO - Processing /home/airflow/.local/lib/python3.12/site-packages/airflow/example_dags/tutorial_taskflow_api_virtualenv.py took 0.087 seconds
[2026-09-17T19:53:03.690+0000] {processor.py:186} INFO - Started process (PID=671) to work on /home/airflow/.local/lib/python3.12/site-packages/airflow/example_dags/tutorial_taskflow_api_virtualenv.py
[2026-09-17T19:53:03.692+0000] {processor.py:914} INFO - Processing file /home/airflow/.local/lib/python3.12/site-packages/airflow/example_dags/tutorial_taskflow_api_virtualenv.py for tasks to queue
[2026-09-17T19:53:03.695+0000] {logging_mixin.py:190} INFO - [2026-09-17T19:53:03.694+0000] {dagbag.py:588} INFO - Filling up the DagBag from /home/airflow/.local/lib/python3.12/site-packages/airflow/example_dags/tutorial_taskflow_api_virtualenv.py
[2026-09-17T19:53:03.710+0000] {processor.py:925} INFO - DAG(s) 'tutorial_taskflow_api_virtualenv' retrieved from /home/airflow/.local/lib/python3.12/site-packages/airflow/example_dags/tutorial_taskflow_api_virtualenv.py
[2026-09-17T19:53:03.744+0000] {logging_mixin.py:190} INFO - [2026-09-17T19:53:03.743+0000] {dag.py:3239} INFO - Sync 1 DAGs
[2026-09-17T19:53:03.763+0000] {logging_mixin.py:190} INFO - [2026-09-17T19:53:03.763+0000] {dag.py:4180} INFO - Setting next_dagrun for tutorial_taskflow_api_virtualenv to None, run_after=None
[2026-09-17T19:53:03.791+0000] {processor.py:208} INFO - Processing /home/airflow/.local/lib/python3.12/site-packages/airflow/example_dags/tutorial_taskflow_api_virtualenv.py took 0.107 seconds
[2026-09-17T19:53:34.851+0000] {processor.py:186} INFO - Started process (PID=736) to work on /home/airflow/.local/lib/python3.12/site-packages/airflow/example_dags/tutorial_taskflow_api_virtualenv.py
[2026-09-17T19:53:34.853+0000] {processor.py:914} INFO - Processing file /home/airflow/.local/lib/python3.12/site-packages/airflow/example_dags/tutorial_taskflow_api_virtualenv.py for tasks to queue
[2026-09-17T19:53:34.855+0000] {logging_mixin.py:190} INFO - [2026-09-17T19:53:34.855+0000] {dagbag.py:588} INFO - Filling up the DagBag from /home/airflow/.local/lib/python3.12/site-packages/airflow/example_dags/tutorial_taskflow_api_virtualenv.py
[2026-09-17T19:53:34.870+0000] {processor.py:925} INFO - DAG(s) 'tutorial_taskflow_api_virtualenv' retrieved from /home/airflow/.local/lib/python3.12/site-packages/airflow/example_dags/tutorial_taskflow_api_virtualenv.py
[2026-09-17T19:53:34.896+0000] {logging_mixin.py:190} INFO - [2026-09-17T19:53:34.896+0000] {dag.py:3239} INFO - Sync 1 DAGs
[2026-09-17T19:53:34.913+0000] {logging_mixin.py:190} INFO - [2026-09-17T19:53:34.912+0000] {dag.py:4180} INFO - Setting next_dagrun for tutorial_taskflow_api_virtualenv to None, run_after=None
[2026-09-17T19:53:34.940+0000] {processor.py:208} INFO - Processing /home/airflow/.local/lib/python3.12/site-packages/airflow/example_dags/tutorial_taskflow_api_virtualenv.py took 0.095 seconds
[2026-09-17T19:54:06.354+0000] {processor.py:186} INFO - Started process (PID=801) to work on /home/airflow/.local/lib/python3.12/site-packages/airflow/example_dags/tutorial_taskflow_api_virtualenv.py
[2026-09-17T19:54:06.356+0000] {processor.py:914} INFO - Processing file /home/airflow/.local/lib/python3.12/site-packages/airflow/example_dags/tutorial_taskflow_api_virtualenv.py for tasks to queue
[2026-09-17T19:54:06.358+0000] {logging_mixin.py:190} INFO - [2026-09-17T19:54:06.358+0000] {dagbag.py:588} INFO - Filling up the DagBag from /home/airflow/.local/lib/python3.12/site-packages/airflow/example_dags/tutorial_taskflow_api_virtualenv.py
[2026-09-17T19:54:06.372+0000] {processor.py:925} INFO - DAG(s) 'tutorial_taskflow_api_virtualenv' retrieved from /home/airflow/.local/lib/python3.12/site-packages/airflow/example_dags/tutorial_taskflow_api_virtualenv.py
[2026-09-17T19:54:06.398+0000] {logging_mixin.py:190} INFO - [2026-09-17T19:54:06.397+0000] {dag.py:3239} INFO - Sync 1 DAGs
[2026-09-17T19:54:06.413+0000] {logging_mixin.py:190} INFO - [2026-09-17T19:54:06.413+0000] {dag.py:4180} INFO - Setting next_dagrun for tutorial_taskflow_api_virtualenv to None, run_after=None
[2026-09-17T19:54:06.437+0000] {processor.py:208} INFO - Processing /home/airflow/.local/lib/python3.12/site-packages/airflow/example_dags/tutorial_taskflow_api_virtualenv.py took 0.089 seconds
[2026-09-17T19:54:37.688+0000] {processor.py:186} INFO - Started process (PID=866) to work on /home/airflow/.local/lib/python3.12/site-packages/airflow/example_dags/tutorial_taskflow_api_virtualenv.py
[2026-09-17T19:54:37.690+0000] {processor.py:914} INFO - Processing file /home/airflow/.local/lib/python3.12/site-packages/airflow/example_dags/tutorial_taskflow_api_virtualenv.py for tasks to queue
[2026-09-17T19:54:37.692+0000] {logging_mixin.py:190} INFO - [2026-09-17T19:54:37.692+0000] {dagbag.py:588} INFO - Filling up the DagBag from /home/airflow/.local/lib/python3.12/site-packages/airflow/example_dags/tutorial_taskflow_api_virtualenv.py
[2026-09-17T19:54:37.706+0000] {processor.py:925} INFO - DAG(s) 'tutorial_taskflow_api_virtualenv' retrieved from /home/airflow/.local/lib/python3.12/site-packages/airflow/example_dags/tutorial_taskflow_api_virtualenv.py
[2026-09-17T19:54:37.732+0000] {logging_mixin.py:190} INFO - [2026-09-17T19:54:37.732+0000] {dag.py:3239} INFO - Sync 1 DAGs
[2026-09-17T19:54:37.746+0000] {logging_mixin.py:190} INFO - [2026-09-17T19:54:37.746+0000] {dag.py:4180} INFO - Setting next_dagrun for tutorial_taskflow_api_virtualenv to None, run_after=None
[2026-09-17T19:54:37.769+0000] {processor.py:208} INFO - Processing /home/airflow/.local/lib/python3.12/site-packages/airflow/example_dags/tutorial_taskflow_api_virtualenv.py took 0.088 seconds
[2026-09-17T19:55:08.464+0000] {processor.py:186} INFO - Started process (PID=930) to work on /home/airflow/.local/lib/python3.12/site-packages/airflow/example_dags/tutorial_taskflow_api_virtualenv.py
[2026-09-17T19:55:08.466+0000] {processor.py:914} INFO - Processing file /home/airflow/.local/lib/python3.12/site-packages/airflow/example_dags/tutorial_taskflow_api_virtualenv.py for tasks to queue
[2026-09-17T19:55:08.468+0000] {logging_mixin.py:190} INFO - [2026-09-17T19:55:08.468+0000] {dagbag.py:588} INFO - Filling up the DagBag from /home/airflow/.local/lib/python3.12/site-packages/airflow/example_dags/tutorial_taskflow_api_virtualenv.py
[2026-09-17T19:55:08.483+0000] {processor.py:925} INFO - DAG(s) 'tutorial_taskflow_api_virtualenv' retrieved from /home/airflow/.local/lib/python3.12/site-packages/airflow/example_dags/tutorial_taskflow_api_virtualenv.py
[2026-09-17T19:55:08.507+0000] {logging_mixin.py:190} INFO - [2026-09-17T19:55:08.507+0000] {dag.py:3239} INFO - Sync 1 DAGs
[2026-09-17T19:55:08.522+0000] {logging_mixin.py:190} INFO - [2026-09-17T19:55:08.522+0000] {dag.py:4180} INFO - Setting next_dagrun for tutorial_taskflow_api_virtualenv to None, run_after=None
[2026-09-17T19:55:08.543+0000] {processor.py:208} INFO - Processing /home/airflow/.local/lib/python3.12/site-packages/airflow/example_dags/tutorial_taskflow_api_virtualenv.py took 0.085 seconds
[2026-09-17T19:55:39.641+0000] {processor.py:186} INFO - Started process (PID=995) to work on /home/airflow/.local/lib/python3.12/site-packages/airflow/example_dags/tutorial_taskflow_api_virtualenv.py
[2026-09-17T19:55:39.643+0000] {processor.py:914} INFO - Processing file /home/airflow/.local/lib/python3.12/site-packages/airflow/example_dags/tutorial_taskflow_api_virtualenv.py for tasks to queue
[2026-09-17T19:55:39.646+0000] {logging_mixin.py:190} INFO - [2026-09-17T19:55:39.645+0000] {dagbag.py:588} INFO - Filling up the DagBag from /home/airflow/.local/lib/python3.12/site-packages/airflow/example_dags/tutorial_taskflow_api_virtualenv.py
[2026-09-17T19:55:39.663+0000] {processor.py:925} INFO - DAG(s) 'tutorial_taskflow_api_virtualenv' retrieved from /home/airflow/.local/lib/python3.12/site-packages/airflow/example_dags/tutorial_taskflow_api_virtualenv.py
[2026-09-17T19:55:39.690+0000] {logging_mixin.py:190} INFO - [2026-09-17T19:55:39.690+0000] {dag.py:3239} INFO - Sync 1 DAGs
[2026-09-17T19:55:39.706+0000] {logging_mixin.py:190} INFO - [2026-09-17T19:55:39.706+0000] {dag.py:4180} INFO - Setting next_dagrun for tutorial_taskflow_api_virtualenv to None, run_after=None
[2026-09-17T19:55:39.727+0000] {processor.py:208} INFO - Processing /home/airflow/.local/lib/python3.12/site-packages/airflow/example_dags/tutorial_taskflow_api_virtualenv.py took 0.093 seconds
[2026-09-17T19:56:10.810+0000] {processor.py:186} INFO - Started process (PID=1060) to work on /home/airflow/.local/lib/python3.12/site-packages/airflow/example_dags/tutorial_taskflow_api_virtualenv.py
[2026-09-17T19:56:10.812+0000] {processor.py:914} INFO - Processing file /home/airflow/.local/lib/python3.12/site-packages/airflow/example_dags/tutorial_taskflow_api_virtualenv.py for tasks to queue
[2026-09-17T19:56:10.814+0000] {logging_mixin.py:190} INFO - [2026-09-17T19:56:10.814+0000] {dagbag.py:588} INFO - Filling up the DagBag from /home/airflow/.local/lib/python3.12/site-packages/airflow/example_dags/tutorial_taskflow_api_virtualenv.py
[2026-09-17T19:56:10.827+0000] {processor.py:925} INFO - DAG(s) 'tutorial_taskflow_api_virtualenv' retrieved from /home/airflow/.local/lib/python3.12/site-packages/airflow/example_dags/tutorial_taskflow_api_virtualenv.py
[2026-09-17T19:56:10.851+0000] {logging_mixin.py:190} INFO - [2026-09-17T19:56:10.850+0000] {dag.py:3239} INFO - Sync 1 DAGs
[2026-09-17T19:56:10.864+0000] {logging_mixin.py:190} INFO - [2026-09-17T19:56:10.864+0000] {dag.py:4180} INFO - Setting next_dagrun for tutorial_taskflow_api_virtualenv to None, run_after=None
[2026-09-17T19:56:10.885+0000] {processor.py:208} INFO - Processing /home/airflow/.local/lib/python3.12/site-packages/airflow/example_dags/tutorial_taskflow_api_virtualenv.py took 0.080 seconds
[2026-09-17T19:56:41.958+0000] {processor.py:186} INFO - Started process (PID=1125) to work on /home/airflow/.local/lib/python3.12/site-packages/airflow/example_dags/tutorial_taskflow_api_virtualenv.py
[2026-09-17T19:56:41.961+0000] {processor.py:914} INFO - Processing file /home/airflow/.local/lib/python3.12/site-packages/airflow/example_dags/tutorial_taskflow_api_virtualenv.py for tasks to queue
[2026-09-17T19:56:41.964+0000] {logging_mixin.py:190} INFO - [2026-09-17T19:56:41.964+0000] {dagbag.py:588} INFO - Filling up the DagBag from /home/airflow/.local/lib/python3.12/site-packages/airflow/example_dags/tutorial_taskflow_api_virtualenv.py
[2026-09-17T19:56:41.980+0000] {processor.py:925} INFO - DAG(s) 'tutorial_taskflow_api_virtualenv' retrieved from /home/airflow/.local/lib/python3.12/site-packages/airflow/example_dags/tutorial_taskflow_api_virtualenv.py
[2026-09-17T19:56:42.014+0000] {logging_mixin.py:190} INFO - [2026-09-17T19:56:42.013+0000] {dag.py:3239} INFO - Sync 1 DAGs
[2026-09-17T19:56:42.040+0000] {logging_mixin.py:190} INFO - [2026-09-17T19:56:42.039+0000] {dag.py:4180} INFO - Setting next_dagrun for tutorial_taskflow_api_virtualenv to None, run_after=None
[2026-09-17T19:56:42.070+0000] {processor.py:208} INFO - Processing /home/airflow/.local/lib/python3.12/site-packages/airflow/example_dags/tutorial_taskflow_api_virtualenv.py took 0.118 seconds
[2026-09-17T19:57:13.098+0000] {processor.py:186} INFO - Started process (PID=1189) to work on /home/airflow/.local/lib/python3.12/site-packages/airflow/example_dags/tutorial_taskflow_api_virtualenv.py
[2026-09-17T19:57:13.100+0000] {processor.py:914} INFO - Processing file /home/airflow/.local/lib/python3.12/site-packages/airflow/example_dags/tutorial_taskflow_api_virtualenv.py for tasks to queue
[2026-09-17T19:57:13.103+0000] {logging_mixin.py:190} INFO - [2026-09-17T19:57:13.102+0000] {dagbag.py:588} INFO - Filling up the DagBag from /home/airflow/.local/lib/python3.12/site-packages/airflow/example_dags/tutorial_taskflow_api_virtualenv.py
[2026-09-17T19:57:13.121+0000] {processor.py:925} INFO - DAG(s) 'tutorial_taskflow_api_virtualenv' retrieved from /home/airflow/.local/lib/python3.12/site-packages/airflow/example_dags/tutorial_taskflow_api_virtualenv.py
[2026-09-17T19:57:13.160+0000] {logging_mixin.py:190} INFO - [2026-09-17T19:57:13.159+0000] {dag.py:3239} INFO - Sync 1 DAGs
[2026-09-17T19:57:13.189+0000] {logging_mixin.py:190} INFO - [2026-09-17T19:57:13.188+0000] {dag.py:4180} INFO - Setting next_dagrun for tutorial_taskflow_api_virtualenv to None, run_after=None
[2026-09-17T19:57:13.222+0000] {processor.py:208} INFO - Processing /home/airflow/.local/lib/python3.12/site-packages/airflow/example_dags/tutorial_taskflow_api_virtualenv.py took 0.133 seconds
[2026-09-17T19:57:44.627+0000] {processor.py:186} INFO - Started process (PID=1247) to work on /home/airflow/.local/lib/python3.12/site-packages/airflow/example_dags/tutorial_taskflow_api_virtualenv.py
[2026-09-17T19:57:44.629+0000] {processor.py:914} INFO - Processing file /home/airflow/.local/lib/python3.12/site-packages/airflow/example_dags/tutorial_taskflow_api_virtualenv.py for tasks to queue
[2026-09-17T19:57:44.633+0000] {logging_mixin.py:190} INFO - [2026-09-17T19:57:44.632+0000] {dagbag.py:588} INFO - Filling up the DagBag from /home/airflow/.local/lib/python3.12/site-packages/airflow/example_dags/tutorial_taskflow_api_virtualenv.py
[2026-09-17T19:57:44.652+0000] {processor.py:925} INFO - DAG(s) 'tutorial_taskflow_api_virtualenv' retrieved from /home/airflow/.local/lib/python3.12/site-packages/airflow/example_dags/tutorial_taskflow_api_virtualenv.py
[2026-09-17T19:57:44.687+0000] {logging_mixin.py:190} INFO - [2026-09-17T19:57:44.686+0000] {dag.py:3239} INFO - Sync 1 DAGs
[2026-09-17T19:57:44.703+0000] {logging_mixin.py:190} INFO - [2026-09-17T19:57:44.703+0000] {dag.py:4180} INFO - Setting next_dagrun for tutorial_taskflow_api_virtualenv to None, run_after=None
[2026-09-17T19:57:44.727+0000] {processor.py:208} INFO - Processing /home/airflow/.local/lib/python3.12/site-packages/airflow/example_dags/tutorial_taskflow_api_virtualenv.py took 0.110 seconds
[2026-09-17T19:58:16.422+0000] {processor.py:186} INFO - Started process (PID=1312) to work on /home/airflow/.local/lib/python3.12/site-packages/airflow/example_dags/tutorial_taskflow_api_virtualenv.py
[2026-09-17T19:58:16.424+0000] {processor.py:914} INFO - Processing file /home/airflow/.local/lib/python3.12/site-packages/airflow/example_dags/tutorial_taskflow_api_virtualenv.py for tasks to queue
[2026-09-17T19:58:16.427+0000] {logging_mixin.py:190} INFO - [2026-09-17T19:58:16.427+0000] {dagbag.py:588} INFO - Filling up the DagBag from /home/airflow/.local/lib/python3.12/site-packages/airflow/example_dags/tutorial_taskflow_api_virtualenv.py
[2026-09-17T19:58:16.445+0000] {processor.py:925} INFO - DAG(s) 'tutorial_taskflow_api_virtualenv' retrieved from /home/airflow/.local/lib/python3.12/site-packages/airflow/example_dags/tutorial_taskflow_api_virtualenv.py
[2026-09-17T19:58:16.477+0000] {logging_mixin.py:190} INFO - [2026-09-17T19:58:16.476+0000] {dag.py:3239} INFO - Sync 1 DAGs
[2026-09-17T19:58:16.497+0000] {logging_mixin.py:190} INFO - [2026-09-17T19:58:16.496+0000] {dag.py:4180} INFO - Setting next_dagrun for tutorial_taskflow_api_virtualenv to None, run_after=None
[2026-09-17T19:58:16.531+0000] {processor.py:208} INFO - Processing /home/airflow/.local/lib/python3.12/site-packages/airflow/example_dags/tutorial_taskflow_api_virtualenv.py took 0.116 seconds
[2026-09-17T19:58:47.356+0000] {processor.py:186} INFO - Started process (PID=1377) to work on /home/airflow/.local/lib/python3.12/site-packages/airflow/example_dags/tutorial_taskflow_api_virtualenv.py
[2026-09-17T19:58:47.358+0000] {processor.py:914} INFO - Processing file /home/airflow/.local/lib/python3.12/site-packages/airflow/example_dags/tutorial_taskflow_api_virtualenv.py for tasks to queue
[2026-09-17T19:58:47.360+0000] {logging_mixin.py:190} INFO - [2026-09-17T19:58:47.360+0000] {dagbag.py:588} INFO - Filling up the DagBag from /home/airflow/.local/lib/python3.12/site-packages/airflow/example_dags/tutorial_taskflow_api_virtualenv.py
[2026-09-17T19:58:47.375+0000] {processor.py:925} INFO - DAG(s) 'tutorial_taskflow_api_virtualenv' retrieved from /home/airflow/.local/lib/python3.12/site-packages/airflow/example_dags/tutorial_taskflow_api_virtualenv.py
[2026-09-17T19:58:47.400+0000] {logging_mixin.py:190} INFO - [2026-09-17T19:58:47.400+0000] {dag.py:3239} INFO - Sync 1 DAGs
[2026-09-17T19:58:47.414+0000] {logging_mixin.py:190} INFO - [2026-09-17T19:58:47.414+0000] {dag.py:4180} INFO - Setting next_dagrun for tutorial_taskflow_api_virtualenv to None, run_after=None
[2026-09-17T19:58:47.437+0000] {processor.py:208} INFO - Processing /home/airflow/.local/lib/python3.12/site-packages/airflow/example_dags/tutorial_taskflow_api_virtualenv.py took 0.087 seconds
[2026-09-17T19:59:18.911+0000] {processor.py:186} INFO - Started process (PID=1442) to work on /home/airflow/.local/lib/python3.12/site-packages/airflow/example_dags/tutorial_taskflow_api_virtualenv.py
[2026-09-17T19:59:18.912+0000] {processor.py:914} INFO - Processing file /home/airflow/.local/lib/python3.12/site-packages/airflow/example_dags/tutorial_taskflow_api_virtualenv.py for tasks to queue
[2026-09-17T19:59:18.915+0000] {logging_mixin.py:190} INFO - [2026-09-17T19:59:18.914+0000] {dagbag.py:588} INFO - Filling up the DagBag from /home/airflow/.local/lib/python3.12/site-packages/airflow/example_dags/tutorial_taskflow_api_virtualenv.py
[2026-09-17T19:59:18.930+0000] {processor.py:925} INFO - DAG(s) 'tutorial_taskflow_api_virtualenv' retrieved from /home/airflow/.local/lib/python3.12/site-packages/airflow/example_dags/tutorial_taskflow_api_virtualenv.py
[2026-09-17T19:59:18.960+0000] {logging_mixin.py:190} INFO - [2026-09-17T19:59:18.959+0000] {dag.py:3239} INFO - Sync 1 DAGs
[2026-09-17T19:59:18.975+0000] {logging_mixin.py:190} INFO - [2026-09-17T19:59:18.974+0000] {dag.py:4180} INFO - Setting next_dagrun for tutorial_taskflow_api_virtualenv to None, run_after=None
[2026-09-17T19:59:18.996+0000] {processor.py:208} INFO - Processing /home/airflow/.local/lib/python3.12/site-packages/airflow/example_dags/tutorial_taskflow_api_virtualenv.py took 0.092 seconds
[2026-09-17T19:59:49.870+0000] {processor.py:186} INFO - Started process (PID=1507) to work on /home/airflow/.local/lib/python3.12/site-packages/airflow/example_dags/tutorial_taskflow_api_virtualenv.py
[2026-09-17T19:59:49.872+0000] {processor.py:914} INFO - Processing file /home/airflow/.local/lib/python3.12/site-packages/airflow/example_dags/tutorial_taskflow_api_virtualenv.py for tasks to queue
[2026-09-17T19:59:49.874+0000] {logging_mixin.py:190} INFO - [2026-09-17T19:59:49.873+0000] {dagbag.py:588} INFO - Filling up the DagBag from /home/airflow/.local/lib/python3.12/site-packages/airflow/example_dags/tutorial_taskflow_api_virtualenv.py
[2026-09-17T19:59:49.887+0000] {processor.py:925} INFO - DAG(s) 'tutorial_taskflow_api_virtualenv' retrieved from /home/airflow/.local/lib/python3.12/site-packages/airflow/example_dags/tutorial_taskflow_api_virtualenv.py
[2026-09-17T19:59:49.913+0000] {logging_mixin.py:190} INFO - [2026-09-17T19:59:49.912+0000] {dag.py:3239} INFO - Sync 1 DAGs
[2026-09-17T19:59:49.928+0000] {logging_mixin.py:190} INFO - [2026-09-17T19:59:49.928+0000] {dag.py:4180} INFO - Setting next_dagrun for tutorial_taskflow_api_virtualenv to None, run_after=None
[2026-09-17T19:59:49.948+0000] {processor.py:208} INFO - Processing /home/airflow/.local/lib/python3.12/site-packages/airflow/example_dags/tutorial_taskflow_api_virtualenv.py took 0.085 seconds
[2026-09-17T20:00:21.062+0000] {processor.py:186} INFO - Started process (PID=1572) to work on /home/airflow/.local/lib/python3.12/site-packages/airflow/example_dags/tutorial_taskflow_api_virtualenv.py
[2026-09-17T20:00:21.065+0000] {processor.py:914} INFO - Processing file /home/airflow/.local/lib/python3.12/site-packages/airflow/example_dags/tutorial_taskflow_api_virtualenv.py for tasks to queue
[2026-09-17T20:00:21.067+0000] {logging_mixin.py:190} INFO - [2026-09-17T20:00:21.066+0000] {dagbag.py:588} INFO - Filling up the DagBag from /home/airflow/.local/lib/python3.12/site-packages/airflow/example_dags/tutorial_taskflow_api_virtualenv.py
[2026-09-17T20:00:21.083+0000] {processor.py:925} INFO - DAG(s) 'tutorial_taskflow_api_virtualenv' retrieved from /home/airflow/.local/lib/python3.12/site-packages/airflow/example_dags/tutorial_taskflow_api_virtualenv.py
[2026-09-17T20:00:21.108+0000] {logging_mixin.py:190} INFO - [2026-09-17T20:00:21.107+0000] {dag.py:3239} INFO - Sync 1 DAGs
[2026-09-17T20:00:21.123+0000] {logging_mixin.py:190} INFO - [2026-09-17T20:00:21.123+0000] {dag.py:4180} INFO - Setting next_dagrun for tutorial_taskflow_api_virtualenv to None, run_after=None
[2026-09-17T20:00:21.144+0000] {processor.py:208} INFO - Processing /home/airflow/.local/lib/python3.12/site-packages/airflow/example_dags/tutorial_taskflow_api_virtualenv.py took 0.088 seconds
[2026-09-17T20:00:52.432+0000] {processor.py:186} INFO - Started process (PID=1637) to work on /home/airflow/.local/lib/python3.12/site-packages/airflow/example_dags/tutorial_taskflow_api_virtualenv.py
[2026-09-17T20:00:52.434+0000] {processor.py:914} INFO - Processing file /home/airflow/.local/lib/python3.12/site-packages/airflow/example_dags/tutorial_taskflow_api_virtualenv.py for tasks to queue
[2026-09-17T20:00:52.436+0000] {logging_mixin.py:190} INFO - [2026-09-17T20:00:52.436+0000] {dagbag.py:588} INFO - Filling up the DagBag from /home/airflow/.local/lib/python3.12/site-packages/airflow/example_dags/tutorial_taskflow_api_virtualenv.py
[2026-09-17T20:00:52.450+0000] {processor.py:925} INFO - DAG(s) 'tutorial_taskflow_api_virtualenv' retrieved from /home/airflow/.local/lib/python3.12/site-packages/airflow/example_dags/tutorial_taskflow_api_virtualenv.py
[2026-09-17T20:00:52.476+0000] {logging_mixin.py:190} INFO - [2026-09-17T20:00:52.476+0000] {dag.py:3239} INFO - Sync 1 DAGs
[2026-09-17T20:00:52.493+0000] {logging_mixin.py:190} INFO - [2026-09-17T20:00:52.492+0000] {dag.py:4180} INFO - Setting next_dagrun for tutorial_taskflow_api_virtualenv to None, run_after=None
[2026-09-17T20:00:52.517+0000] {processor.py:208} INFO - Processing /home/airflow/.local/lib/python3.12/site-packages/airflow/example_dags/tutorial_taskflow_api_virtualenv.py took 0.091 seconds
[2026-09-17T20:01:23.124+0000] {processor.py:186} INFO - Started process (PID=1702) to work on /home/airflow/.local/lib/python3.12/site-packages/airflow/example_dags/tutorial_taskflow_api_virtualenv.py
[2026-09-17T20:01:23.127+0000] {processor.py:914} INFO - Processing file /home/airflow/.local/lib/python3.12/site-packages/airflow/example_dags/tutorial_taskflow_api_virtualenv.py for tasks to queue
[2026-09-17T20:01:23.129+0000] {logging_mixin.py:190} INFO - [2026-09-17T20:01:23.129+0000] {dagbag.py:588} INFO - Filling up the DagBag from /home/airflow/.local/lib/python3.12/site-packages/airflow/example_dags/tutorial_taskflow_api_virtualenv.py
[2026-09-17T20:01:23.147+0000] {processor.py:925} INFO - DAG(s) 'tutorial_taskflow_api_virtualenv' retrieved from /home/airflow/.local/lib/python3.12/site-packages/airflow/example_dags/tutorial_taskflow_api_virtualenv.py
[2026-09-17T20:01:23.173+0000] {logging_mixin.py:190} INFO - [2026-09-17T20:01:23.173+0000] {dag.py:3239} INFO - Sync 1 DAGs
[2026-09-17T20:01:23.189+0000] {logging_mixin.py:190} INFO - [2026-09-17T20:01:23.188+0000] {dag.py:4180} INFO - Setting next_dagrun for tutorial_taskflow_api_virtualenv to None, run_after=None
[2026-09-17T20:01:23.210+0000] {processor.py:208} INFO - Processing /home/airflow/.local/lib/python3.12/site-packages/airflow/example_dags/tutorial_taskflow_api_virtualenv.py took 0.094 seconds
[2026-09-17T20:01:54.243+0000] {processor.py:186} INFO - Started process (PID=1766) to work on /home/airflow/.local/lib/python3.12/site-packages/airflow/example_dags/tutorial_taskflow_api_virtualenv.py
[2026-09-17T20:01:54.245+0000] {processor.py:914} INFO - Processing file /home/airflow/.local/lib/python3.12/site-packages/airflow/example_dags/tutorial_taskflow_api_virtualenv.py for tasks to queue
[2026-09-17T20:01:54.247+0000] {logging_mixin.py:190} INFO - [2026-09-17T20:01:54.246+0000] {dagbag.py:588} INFO - Filling up the DagBag from /home/airflow/.local/lib/python3.12/site-packages/airflow/example_dags/tutorial_taskflow_api_virtualenv.py
[2026-09-17T20:01:54.261+0000] {processor.py:925} INFO - DAG(s) 'tutorial_taskflow_api_virtualenv' retrieved from /home/airflow/.local/lib/python3.12/site-packages/airflow/example_dags/tutorial_taskflow_api_virtualenv.py
[2026-09-17T20:01:54.289+0000] {logging_mixin.py:190} INFO - [2026-09-17T20:01:54.289+0000] {dag.py:3239} INFO - Sync 1 DAGs
[2026-09-17T20:01:54.304+0000] {logging_mixin.py:190} INFO - [2026-09-17T20:01:54.304+0000] {dag.py:4180} INFO - Setting next_dagrun for tutorial_taskflow_api_virtualenv to None, run_after=None
[2026-09-17T20:01:54.326+0000] {processor.py:208} INFO - Processing /home/airflow/.local/lib/python3.12/site-packages/airflow/example_dags/tutorial_taskflow_api_virtualenv.py took 0.089 seconds
[2026-09-17T20:02:25.449+0000] {processor.py:186} INFO - Started process (PID=1831) to work on /home/airflow/.local/lib/python3.12/site-packages/airflow/example_dags/tutorial_taskflow_api_virtualenv.py
[2026-09-17T20:02:25.451+0000] {processor.py:914} INFO - Processing file /home/airflow/.local/lib/python3.12/site-packages/airflow/example_dags/tutorial_taskflow_api_virtualenv.py for tasks to queue
[2026-09-17T20:02:25.453+0000] {logging_mixin.py:190} INFO - [2026-09-17T20:02:25.453+0000] {dagbag.py:588} INFO - Filling up the DagBag from /home/airflow/.local/lib/python3.12/site-packages/airflow/example_dags/tutorial_taskflow_api_virtualenv.py
[2026-09-17T20:02:25.468+0000] {processor.py:925} INFO - DAG(s) 'tutorial_taskflow_api_virtualenv' retrieved from /home/airflow/.local/lib/python3.12/site-packages/airflow/example_dags/tutorial_taskflow_api_virtualenv.py
[2026-09-17T20:02:25.494+0000] {logging_mixin.py:190} INFO - [2026-09-17T20:02:25.494+0000] {dag.py:3239} INFO - Sync 1 DAGs
[2026-09-17T20:02:25.509+0000] {logging_mixin.py:190} INFO - [2026-09-17T20:02:25.508+0000] {dag.py:4180} INFO - Setting next_dagrun for tutorial_taskflow_api_virtualenv to None, run_after=None
[2026-09-17T20:02:25.531+0000] {processor.py:208} INFO - Processing /home/airflow/.local/lib/python3.12/site-packages/airflow/example_dags/tutorial_taskflow_api_virtualenv.py took 0.087 seconds
[2026-09-17T20:09:47.931+0000] {processor.py:186} INFO - Started process (PID=94) to work on /home/airflow/.local/lib/python3.12/site-packages/airflow/example_dags/tutorial_taskflow_api_virtualenv.py
[2026-09-17T20:09:47.933+0000] {processor.py:914} INFO - Processing file /home/airflow/.local/lib/python3.12/site-packages/airflow/example_dags/tutorial_taskflow_api_virtualenv.py for tasks to queue
[2026-09-17T20:09:47.936+0000] {logging_mixin.py:190} INFO - [2026-09-17T20:09:47.935+0000] {dagbag.py:588} INFO - Filling up the DagBag from /home/airflow/.local/lib/python3.12/site-packages/airflow/example_dags/tutorial_taskflow_api_virtualenv.py
[2026-09-17T20:09:47.952+0000] {processor.py:925} INFO - DAG(s) 'tutorial_taskflow_api_virtualenv' retrieved from /home/airflow/.local/lib/python3.12/site-packages/airflow/example_dags/tutorial_taskflow_api_virtualenv.py
[2026-09-17T20:09:48.074+0000] {logging_mixin.py:190} INFO - [2026-09-17T20:09:48.072+0000] {override.py:1911} INFO - Created Permission View: can edit on DAG:tutorial_taskflow_api_virtualenv
[2026-09-17T20:09:48.093+0000] {logging_mixin.py:190} INFO - [2026-09-17T20:09:48.092+0000] {override.py:1911} INFO - Created Permission View: can read on DAG:tutorial_taskflow_api_virtualenv
[2026-09-17T20:09:48.105+0000] {logging_mixin.py:190} INFO - [2026-09-17T20:09:48.105+0000] {override.py:1911} INFO - Created Permission View: can delete on DAG:tutorial_taskflow_api_virtualenv
[2026-09-17T20:09:48.121+0000] {logging_mixin.py:190} INFO - [2026-09-17T20:09:48.121+0000] {override.py:1911} INFO - Created Permission View: can create on DAG Run:tutorial_taskflow_api_virtualenv
[2026-09-17T20:09:48.133+0000] {logging_mixin.py:190} INFO - [2026-09-17T20:09:48.133+0000] {override.py:1911} INFO - Created Permission View: menu access on DAG Run:tutorial_taskflow_api_virtualenv
[2026-09-17T20:09:48.144+0000] {logging_mixin.py:190} INFO - [2026-09-17T20:09:48.144+0000] {override.py:1911} INFO - Created Permission View: can read on DAG Run:tutorial_taskflow_api_virtualenv
[2026-09-17T20:09:48.156+0000] {logging_mixin.py:190} INFO - [2026-09-17T20:09:48.156+0000] {override.py:1911} INFO - Created Permission View: can delete on DAG Run:tutorial_taskflow_api_virtualenv
[2026-09-17T20:09:48.158+0000] {logging_mixin.py:190} INFO - [2026-09-17T20:09:48.157+0000] {dag.py:3239} INFO - Sync 1 DAGs
[2026-09-17T20:09:48.173+0000] {logging_mixin.py:190} INFO - [2026-09-17T20:09:48.172+0000] {dag.py:3262} INFO - Creating ORM DAG for tutorial_taskflow_api_virtualenv
[2026-09-17T20:09:48.175+0000] {logging_mixin.py:190} INFO - [2026-09-17T20:09:48.174+0000] {dag.py:4180} INFO - Setting next_dagrun for tutorial_taskflow_api_virtualenv to None, run_after=None
[2026-09-17T20:09:48.199+0000] {processor.py:208} INFO - Processing /home/airflow/.local/lib/python3.12/site-packages/airflow/example_dags/tutorial_taskflow_api_virtualenv.py took 0.274 seconds
[2026-09-17T20:10:19.076+0000] {processor.py:186} INFO - Started process (PID=159) to work on /home/airflow/.local/lib/python3.12/site-packages/airflow/example_dags/tutorial_taskflow_api_virtualenv.py
[2026-09-17T20:10:19.079+0000] {processor.py:914} INFO - Processing file /home/airflow/.local/lib/python3.12/site-packages/airflow/example_dags/tutorial_taskflow_api_virtualenv.py for tasks to queue
[2026-09-17T20:10:19.081+0000] {logging_mixin.py:190} INFO - [2026-09-17T20:10:19.080+0000] {dagbag.py:588} INFO - Filling up the DagBag from /home/airflow/.local/lib/python3.12/site-packages/airflow/example_dags/tutorial_taskflow_api_virtualenv.py
[2026-09-17T20:10:19.098+0000] {processor.py:925} INFO - DAG(s) 'tutorial_taskflow_api_virtualenv' retrieved from /home/airflow/.local/lib/python3.12/site-packages/airflow/example_dags/tutorial_taskflow_api_virtualenv.py
[2026-09-17T20:10:19.132+0000] {logging_mixin.py:190} INFO - [2026-09-17T20:10:19.131+0000] {dag.py:3239} INFO - Sync 1 DAGs
[2026-09-17T20:10:19.149+0000] {logging_mixin.py:190} INFO - [2026-09-17T20:10:19.148+0000] {dag.py:4180} INFO - Setting next_dagrun for tutorial_taskflow_api_virtualenv to None, run_after=None
[2026-09-17T20:10:19.176+0000] {processor.py:208} INFO - Processing /home/airflow/.local/lib/python3.12/site-packages/airflow/example_dags/tutorial_taskflow_api_virtualenv.py took 0.108 seconds
[2026-09-17T20:10:49.992+0000] {processor.py:186} INFO - Started process (PID=224) to work on /home/airflow/.local/lib/python3.12/site-packages/airflow/example_dags/tutorial_taskflow_api_virtualenv.py
[2026-09-17T20:10:49.994+0000] {processor.py:914} INFO - Processing file /home/airflow/.local/lib/python3.12/site-packages/airflow/example_dags/tutorial_taskflow_api_virtualenv.py for tasks to queue
[2026-09-17T20:10:49.996+0000] {logging_mixin.py:190} INFO - [2026-09-17T20:10:49.996+0000] {dagbag.py:588} INFO - Filling up the DagBag from /home/airflow/.local/lib/python3.12/site-packages/airflow/example_dags/tutorial_taskflow_api_virtualenv.py
[2026-09-17T20:10:50.011+0000] {processor.py:925} INFO - DAG(s) 'tutorial_taskflow_api_virtualenv' retrieved from /home/airflow/.local/lib/python3.12/site-packages/airflow/example_dags/tutorial_taskflow_api_virtualenv.py
[2026-09-17T20:10:50.040+0000] {logging_mixin.py:190} INFO - [2026-09-17T20:10:50.040+0000] {dag.py:3239} INFO - Sync 1 DAGs
[2026-09-17T20:10:50.057+0000] {logging_mixin.py:190} INFO - [2026-09-17T20:10:50.057+0000] {dag.py:4180} INFO - Setting next_dagrun for tutorial_taskflow_api_virtualenv to None, run_after=None
[2026-09-17T20:10:50.084+0000] {processor.py:208} INFO - Processing /home/airflow/.local/lib/python3.12/site-packages/airflow/example_dags/tutorial_taskflow_api_virtualenv.py took 0.098 seconds
[2026-09-17T20:11:21.190+0000] {processor.py:186} INFO - Started process (PID=289) to work on /home/airflow/.local/lib/python3.12/site-packages/airflow/example_dags/tutorial_taskflow_api_virtualenv.py
[2026-09-17T20:11:21.193+0000] {processor.py:914} INFO - Processing file /home/airflow/.local/lib/python3.12/site-packages/airflow/example_dags/tutorial_taskflow_api_virtualenv.py for tasks to queue
[2026-09-17T20:11:21.196+0000] {logging_mixin.py:190} INFO - [2026-09-17T20:11:21.195+0000] {dagbag.py:588} INFO - Filling up the DagBag from /home/airflow/.local/lib/python3.12/site-packages/airflow/example_dags/tutorial_taskflow_api_virtualenv.py
[2026-09-17T20:11:21.223+0000] {processor.py:925} INFO - DAG(s) 'tutorial_taskflow_api_virtualenv' retrieved from /home/airflow/.local/lib/python3.12/site-packages/airflow/example_dags/tutorial_taskflow_api_virtualenv.py
[2026-09-17T20:11:21.287+0000] {logging_mixin.py:190} INFO - [2026-09-17T20:11:21.286+0000] {dag.py:3239} INFO - Sync 1 DAGs
[2026-09-17T20:11:21.330+0000] {logging_mixin.py:190} INFO - [2026-09-17T20:11:21.329+0000] {dag.py:4180} INFO - Setting next_dagrun for tutorial_taskflow_api_virtualenv to None, run_after=None
[2026-09-17T20:11:21.375+0000] {processor.py:208} INFO - Processing /home/airflow/.local/lib/python3.12/site-packages/airflow/example_dags/tutorial_taskflow_api_virtualenv.py took 0.193 seconds
[2026-09-17T20:11:52.488+0000] {processor.py:186} INFO - Started process (PID=354) to work on /home/airflow/.local/lib/python3.12/site-packages/airflow/example_dags/tutorial_taskflow_api_virtualenv.py
[2026-09-17T20:11:52.490+0000] {processor.py:914} INFO - Processing file /home/airflow/.local/lib/python3.12/site-packages/airflow/example_dags/tutorial_taskflow_api_virtualenv.py for tasks to queue
[2026-09-17T20:11:52.492+0000] {logging_mixin.py:190} INFO - [2026-09-17T20:11:52.492+0000] {dagbag.py:588} INFO - Filling up the DagBag from /home/airflow/.local/lib/python3.12/site-packages/airflow/example_dags/tutorial_taskflow_api_virtualenv.py
[2026-09-17T20:11:52.508+0000] {processor.py:925} INFO - DAG(s) 'tutorial_taskflow_api_virtualenv' retrieved from /home/airflow/.local/lib/python3.12/site-packages/airflow/example_dags/tutorial_taskflow_api_virtualenv.py
[2026-09-17T20:11:52.535+0000] {logging_mixin.py:190} INFO - [2026-09-17T20:11:52.535+0000] {dag.py:3239} INFO - Sync 1 DAGs
[2026-09-17T20:11:52.551+0000] {logging_mixin.py:190} INFO - [2026-09-17T20:11:52.551+0000] {dag.py:4180} INFO - Setting next_dagrun for tutorial_taskflow_api_virtualenv to None, run_after=None
[2026-09-17T20:11:52.574+0000] {processor.py:208} INFO - Processing /home/airflow/.local/lib/python3.12/site-packages/airflow/example_dags/tutorial_taskflow_api_virtualenv.py took 0.093 seconds
[2026-09-17T20:12:24.258+0000] {processor.py:186} INFO - Started process (PID=418) to work on /home/airflow/.local/lib/python3.12/site-packages/airflow/example_dags/tutorial_taskflow_api_virtualenv.py
[2026-09-17T20:12:24.260+0000] {processor.py:914} INFO - Processing file /home/airflow/.local/lib/python3.12/site-packages/airflow/example_dags/tutorial_taskflow_api_virtualenv.py for tasks to queue
[2026-09-17T20:12:24.263+0000] {logging_mixin.py:190} INFO - [2026-09-17T20:12:24.262+0000] {dagbag.py:588} INFO - Filling up the DagBag from /home/airflow/.local/lib/python3.12/site-packages/airflow/example_dags/tutorial_taskflow_api_virtualenv.py
[2026-09-17T20:12:24.278+0000] {processor.py:925} INFO - DAG(s) 'tutorial_taskflow_api_virtualenv' retrieved from /home/airflow/.local/lib/python3.12/site-packages/airflow/example_dags/tutorial_taskflow_api_virtualenv.py
[2026-09-17T20:12:24.306+0000] {logging_mixin.py:190} INFO - [2026-09-17T20:12:24.306+0000] {dag.py:3239} INFO - Sync 1 DAGs
[2026-09-17T20:12:24.323+0000] {logging_mixin.py:190} INFO - [2026-09-17T20:12:24.323+0000] {dag.py:4180} INFO - Setting next_dagrun for tutorial_taskflow_api_virtualenv to None, run_after=None
[2026-09-17T20:12:24.352+0000] {processor.py:208} INFO - Processing /home/airflow/.local/lib/python3.12/site-packages/airflow/example_dags/tutorial_taskflow_api_virtualenv.py took 0.101 seconds
[2026-09-17T20:12:55.309+0000] {processor.py:186} INFO - Started process (PID=476) to work on /home/airflow/.local/lib/python3.12/site-packages/airflow/example_dags/tutorial_taskflow_api_virtualenv.py
[2026-09-17T20:12:55.310+0000] {processor.py:914} INFO - Processing file /home/airflow/.local/lib/python3.12/site-packages/airflow/example_dags/tutorial_taskflow_api_virtualenv.py for tasks to queue
[2026-09-17T20:12:55.313+0000] {logging_mixin.py:190} INFO - [2026-09-17T20:12:55.312+0000] {dagbag.py:588} INFO - Filling up the DagBag from /home/airflow/.local/lib/python3.12/site-packages/airflow/example_dags/tutorial_taskflow_api_virtualenv.py
[2026-09-17T20:12:55.330+0000] {processor.py:925} INFO - DAG(s) 'tutorial_taskflow_api_virtualenv' retrieved from /home/airflow/.local/lib/python3.12/site-packages/airflow/example_dags/tutorial_taskflow_api_virtualenv.py
[2026-09-17T20:12:55.362+0000] {logging_mixin.py:190} INFO - [2026-09-17T20:12:55.362+0000] {dag.py:3239} INFO - Sync 1 DAGs
[2026-09-17T20:12:55.380+0000] {logging_mixin.py:190} INFO - [2026-09-17T20:12:55.380+0000] {dag.py:4180} INFO - Setting next_dagrun for tutorial_taskflow_api_virtualenv to None, run_after=None
[2026-09-17T20:12:55.412+0000] {processor.py:208} INFO - Processing /home/airflow/.local/lib/python3.12/site-packages/airflow/example_dags/tutorial_taskflow_api_virtualenv.py took 0.111 seconds
[2026-09-17T20:13:26.172+0000] {processor.py:186} INFO - Started process (PID=541) to work on /home/airflow/.local/lib/python3.12/site-packages/airflow/example_dags/tutorial_taskflow_api_virtualenv.py
[2026-09-17T20:13:26.174+0000] {processor.py:914} INFO - Processing file /home/airflow/.local/lib/python3.12/site-packages/airflow/example_dags/tutorial_taskflow_api_virtualenv.py for tasks to queue
[2026-09-17T20:13:26.177+0000] {logging_mixin.py:190} INFO - [2026-09-17T20:13:26.176+0000] {dagbag.py:588} INFO - Filling up the DagBag from /home/airflow/.local/lib/python3.12/site-packages/airflow/example_dags/tutorial_taskflow_api_virtualenv.py
[2026-09-17T20:13:26.193+0000] {processor.py:925} INFO - DAG(s) 'tutorial_taskflow_api_virtualenv' retrieved from /home/airflow/.local/lib/python3.12/site-packages/airflow/example_dags/tutorial_taskflow_api_virtualenv.py
[2026-09-17T20:13:26.223+0000] {logging_mixin.py:190} INFO - [2026-09-17T20:13:26.223+0000] {dag.py:3239} INFO - Sync 1 DAGs
[2026-09-17T20:13:26.239+0000] {logging_mixin.py:190} INFO - [2026-09-17T20:13:26.239+0000] {dag.py:4180} INFO - Setting next_dagrun for tutorial_taskflow_api_virtualenv to None, run_after=None
[2026-09-17T20:13:26.264+0000] {processor.py:208} INFO - Processing /home/airflow/.local/lib/python3.12/site-packages/airflow/example_dags/tutorial_taskflow_api_virtualenv.py took 0.098 seconds
[2026-09-17T20:13:57.388+0000] {processor.py:186} INFO - Started process (PID=606) to work on /home/airflow/.local/lib/python3.12/site-packages/airflow/example_dags/tutorial_taskflow_api_virtualenv.py
[2026-09-17T20:13:57.390+0000] {processor.py:914} INFO - Processing file /home/airflow/.local/lib/python3.12/site-packages/airflow/example_dags/tutorial_taskflow_api_virtualenv.py for tasks to queue
[2026-09-17T20:13:57.392+0000] {logging_mixin.py:190} INFO - [2026-09-17T20:13:57.391+0000] {dagbag.py:588} INFO - Filling up the DagBag from /home/airflow/.local/lib/python3.12/site-packages/airflow/example_dags/tutorial_taskflow_api_virtualenv.py
[2026-09-17T20:13:57.404+0000] {processor.py:925} INFO - DAG(s) 'tutorial_taskflow_api_virtualenv' retrieved from /home/airflow/.local/lib/python3.12/site-packages/airflow/example_dags/tutorial_taskflow_api_virtualenv.py
[2026-09-17T20:13:57.431+0000] {logging_mixin.py:190} INFO - [2026-09-17T20:13:57.430+0000] {dag.py:3239} INFO - Sync 1 DAGs
[2026-09-17T20:13:57.445+0000] {logging_mixin.py:190} INFO - [2026-09-17T20:13:57.445+0000] {dag.py:4180} INFO - Setting next_dagrun for tutorial_taskflow_api_virtualenv to None, run_after=None
[2026-09-17T20:13:57.466+0000] {processor.py:208} INFO - Processing /home/airflow/.local/lib/python3.12/site-packages/airflow/example_dags/tutorial_taskflow_api_virtualenv.py took 0.084 seconds
[2026-09-17T20:14:29.111+0000] {processor.py:186} INFO - Started process (PID=671) to work on /home/airflow/.local/lib/python3.12/site-packages/airflow/example_dags/tutorial_taskflow_api_virtualenv.py
[2026-09-17T20:14:29.114+0000] {processor.py:914} INFO - Processing file /home/airflow/.local/lib/python3.12/site-packages/airflow/example_dags/tutorial_taskflow_api_virtualenv.py for tasks to queue
[2026-09-17T20:14:29.116+0000] {logging_mixin.py:190} INFO - [2026-09-17T20:14:29.116+0000] {dagbag.py:588} INFO - Filling up the DagBag from /home/airflow/.local/lib/python3.12/site-packages/airflow/example_dags/tutorial_taskflow_api_virtualenv.py
[2026-09-17T20:14:29.132+0000] {processor.py:925} INFO - DAG(s) 'tutorial_taskflow_api_virtualenv' retrieved from /home/airflow/.local/lib/python3.12/site-packages/airflow/example_dags/tutorial_taskflow_api_virtualenv.py
[2026-09-17T20:14:29.169+0000] {logging_mixin.py:190} INFO - [2026-09-17T20:14:29.169+0000] {dag.py:3239} INFO - Sync 1 DAGs
[2026-09-17T20:14:29.186+0000] {logging_mixin.py:190} INFO - [2026-09-17T20:14:29.186+0000] {dag.py:4180} INFO - Setting next_dagrun for tutorial_taskflow_api_virtualenv to None, run_after=None
[2026-09-17T20:14:29.218+0000] {processor.py:208} INFO - Processing /home/airflow/.local/lib/python3.12/site-packages/airflow/example_dags/tutorial_taskflow_api_virtualenv.py took 0.114 seconds
[2026-09-17T20:15:00.015+0000] {processor.py:186} INFO - Started process (PID=736) to work on /home/airflow/.local/lib/python3.12/site-packages/airflow/example_dags/tutorial_taskflow_api_virtualenv.py
[2026-09-17T20:15:00.017+0000] {processor.py:914} INFO - Processing file /home/airflow/.local/lib/python3.12/site-packages/airflow/example_dags/tutorial_taskflow_api_virtualenv.py for tasks to queue
[2026-09-17T20:15:00.019+0000] {logging_mixin.py:190} INFO - [2026-09-17T20:15:00.019+0000] {dagbag.py:588} INFO - Filling up the DagBag from /home/airflow/.local/lib/python3.12/site-packages/airflow/example_dags/tutorial_taskflow_api_virtualenv.py
[2026-09-17T20:15:00.034+0000] {processor.py:925} INFO - DAG(s) 'tutorial_taskflow_api_virtualenv' retrieved from /home/airflow/.local/lib/python3.12/site-packages/airflow/example_dags/tutorial_taskflow_api_virtualenv.py
[2026-09-17T20:15:00.063+0000] {logging_mixin.py:190} INFO - [2026-09-17T20:15:00.063+0000] {dag.py:3239} INFO - Sync 1 DAGs
[2026-09-17T20:15:00.080+0000] {logging_mixin.py:190} INFO - [2026-09-17T20:15:00.080+0000] {dag.py:4180} INFO - Setting next_dagrun for tutorial_taskflow_api_virtualenv to None, run_after=None
[2026-09-17T20:15:00.111+0000] {processor.py:208} INFO - Processing /home/airflow/.local/lib/python3.12/site-packages/airflow/example_dags/tutorial_taskflow_api_virtualenv.py took 0.102 seconds
[2026-09-17T20:15:31.621+0000] {processor.py:186} INFO - Started process (PID=801) to work on /home/airflow/.local/lib/python3.12/site-packages/airflow/example_dags/tutorial_taskflow_api_virtualenv.py
[2026-09-17T20:15:31.623+0000] {processor.py:914} INFO - Processing file /home/airflow/.local/lib/python3.12/site-packages/airflow/example_dags/tutorial_taskflow_api_virtualenv.py for tasks to queue
[2026-09-17T20:15:31.625+0000] {logging_mixin.py:190} INFO - [2026-09-17T20:15:31.625+0000] {dagbag.py:588} INFO - Filling up the DagBag from /home/airflow/.local/lib/python3.12/site-packages/airflow/example_dags/tutorial_taskflow_api_virtualenv.py
[2026-09-17T20:15:31.643+0000] {processor.py:925} INFO - DAG(s) 'tutorial_taskflow_api_virtualenv' retrieved from /home/airflow/.local/lib/python3.12/site-packages/airflow/example_dags/tutorial_taskflow_api_virtualenv.py
[2026-09-17T20:15:31.671+0000] {logging_mixin.py:190} INFO - [2026-09-17T20:15:31.671+0000] {dag.py:3239} INFO - Sync 1 DAGs
[2026-09-17T20:15:31.689+0000] {logging_mixin.py:190} INFO - [2026-09-17T20:15:31.689+0000] {dag.py:4180} INFO - Setting next_dagrun for tutorial_taskflow_api_virtualenv to None, run_after=None
[2026-09-17T20:15:31.715+0000] {processor.py:208} INFO - Processing /home/airflow/.local/lib/python3.12/site-packages/airflow/example_dags/tutorial_taskflow_api_virtualenv.py took 0.102 seconds
[2026-09-17T20:16:03.172+0000] {processor.py:186} INFO - Started process (PID=866) to work on /home/airflow/.local/lib/python3.12/site-packages/airflow/example_dags/tutorial_taskflow_api_virtualenv.py
[2026-09-17T20:16:03.174+0000] {processor.py:914} INFO - Processing file /home/airflow/.local/lib/python3.12/site-packages/airflow/example_dags/tutorial_taskflow_api_virtualenv.py for tasks to queue
[2026-09-17T20:16:03.176+0000] {logging_mixin.py:190} INFO - [2026-09-17T20:16:03.176+0000] {dagbag.py:588} INFO - Filling up the DagBag from /home/airflow/.local/lib/python3.12/site-packages/airflow/example_dags/tutorial_taskflow_api_virtualenv.py
[2026-09-17T20:16:03.195+0000] {processor.py:925} INFO - DAG(s) 'tutorial_taskflow_api_virtualenv' retrieved from /home/airflow/.local/lib/python3.12/site-packages/airflow/example_dags/tutorial_taskflow_api_virtualenv.py
[2026-09-17T20:16:03.231+0000] {logging_mixin.py:190} INFO - [2026-09-17T20:16:03.231+0000] {dag.py:3239} INFO - Sync 1 DAGs
[2026-09-17T20:16:03.253+0000] {logging_mixin.py:190} INFO - [2026-09-17T20:16:03.252+0000] {dag.py:4180} INFO - Setting next_dagrun for tutorial_taskflow_api_virtualenv to None, run_after=None
[2026-09-17T20:16:03.284+0000] {processor.py:208} INFO - Processing /home/airflow/.local/lib/python3.12/site-packages/airflow/example_dags/tutorial_taskflow_api_virtualenv.py took 0.120 seconds
[2026-09-17T20:16:34.294+0000] {processor.py:186} INFO - Started process (PID=931) to work on /home/airflow/.local/lib/python3.12/site-packages/airflow/example_dags/tutorial_taskflow_api_virtualenv.py
[2026-09-17T20:16:34.296+0000] {processor.py:914} INFO - Processing file /home/airflow/.local/lib/python3.12/site-packages/airflow/example_dags/tutorial_taskflow_api_virtualenv.py for tasks to queue
[2026-09-17T20:16:34.298+0000] {logging_mixin.py:190} INFO - [2026-09-17T20:16:34.298+0000] {dagbag.py:588} INFO - Filling up the DagBag from /home/airflow/.local/lib/python3.12/site-packages/airflow/example_dags/tutorial_taskflow_api_virtualenv.py
[2026-09-17T20:16:34.313+0000] {processor.py:925} INFO - DAG(s) 'tutorial_taskflow_api_virtualenv' retrieved from /home/airflow/.local/lib/python3.12/site-packages/airflow/example_dags/tutorial_taskflow_api_virtualenv.py
[2026-09-17T20:16:34.343+0000] {logging_mixin.py:190} INFO - [2026-09-17T20:16:34.343+0000] {dag.py:3239} INFO - Sync 1 DAGs
[2026-09-17T20:16:34.362+0000] {logging_mixin.py:190} INFO - [2026-09-17T20:16:34.362+0000] {dag.py:4180} INFO - Setting next_dagrun for tutorial_taskflow_api_virtualenv to None, run_after=None
[2026-09-17T20:16:34.387+0000] {processor.py:208} INFO - Processing /home/airflow/.local/lib/python3.12/site-packages/airflow/example_dags/tutorial_taskflow_api_virtualenv.py took 0.100 seconds
[2026-09-17T20:17:05.430+0000] {processor.py:186} INFO - Started process (PID=996) to work on /home/airflow/.local/lib/python3.12/site-packages/airflow/example_dags/tutorial_taskflow_api_virtualenv.py
[2026-09-17T20:17:05.433+0000] {processor.py:914} INFO - Processing file /home/airflow/.local/lib/python3.12/site-packages/airflow/example_dags/tutorial_taskflow_api_virtualenv.py for tasks to queue
[2026-09-17T20:17:05.435+0000] {logging_mixin.py:190} INFO - [2026-09-17T20:17:05.435+0000] {dagbag.py:588} INFO - Filling up the DagBag from /home/airflow/.local/lib/python3.12/site-packages/airflow/example_dags/tutorial_taskflow_api_virtualenv.py
[2026-09-17T20:17:05.452+0000] {processor.py:925} INFO - DAG(s) 'tutorial_taskflow_api_virtualenv' retrieved from /home/airflow/.local/lib/python3.12/site-packages/airflow/example_dags/tutorial_taskflow_api_virtualenv.py
[2026-09-17T20:17:05.481+0000] {logging_mixin.py:190} INFO - [2026-09-17T20:17:05.481+0000] {dag.py:3239} INFO - Sync 1 DAGs
[2026-09-17T20:17:05.497+0000] {logging_mixin.py:190} INFO - [2026-09-17T20:17:05.497+0000] {dag.py:4180} INFO - Setting next_dagrun for tutorial_taskflow_api_virtualenv to None, run_after=None
[2026-09-17T20:17:05.525+0000] {processor.py:208} INFO - Processing /home/airflow/.local/lib/python3.12/site-packages/airflow/example_dags/tutorial_taskflow_api_virtualenv.py took 0.101 seconds
[2026-09-17T20:17:36.602+0000] {processor.py:186} INFO - Started process (PID=1061) to work on /home/airflow/.local/lib/python3.12/site-packages/airflow/example_dags/tutorial_taskflow_api_virtualenv.py
[2026-09-17T20:17:36.604+0000] {processor.py:914} INFO - Processing file /home/airflow/.local/lib/python3.12/site-packages/airflow/example_dags/tutorial_taskflow_api_virtualenv.py for tasks to queue
[2026-09-17T20:17:36.606+0000] {logging_mixin.py:190} INFO - [2026-09-17T20:17:36.606+0000] {dagbag.py:588} INFO - Filling up the DagBag from /home/airflow/.local/lib/python3.12/site-packages/airflow/example_dags/tutorial_taskflow_api_virtualenv.py
[2026-09-17T20:17:36.619+0000] {processor.py:925} INFO - DAG(s) 'tutorial_taskflow_api_virtualenv' retrieved from /home/airflow/.local/lib/python3.12/site-packages/airflow/example_dags/tutorial_taskflow_api_virtualenv.py
[2026-09-17T20:17:36.643+0000] {logging_mixin.py:190} INFO - [2026-09-17T20:17:36.643+0000] {dag.py:3239} INFO - Sync 1 DAGs
[2026-09-17T20:17:36.657+0000] {logging_mixin.py:190} INFO - [2026-09-17T20:17:36.656+0000] {dag.py:4180} INFO - Setting next_dagrun for tutorial_taskflow_api_virtualenv to None, run_after=None
[2026-09-17T20:17:36.678+0000] {processor.py:208} INFO - Processing /home/airflow/.local/lib/python3.12/site-packages/airflow/example_dags/tutorial_taskflow_api_virtualenv.py took 0.082 seconds
[2026-09-17T20:18:07.683+0000] {processor.py:186} INFO - Started process (PID=1126) to work on /home/airflow/.local/lib/python3.12/site-packages/airflow/example_dags/tutorial_taskflow_api_virtualenv.py
[2026-09-17T20:18:07.685+0000] {processor.py:914} INFO - Processing file /home/airflow/.local/lib/python3.12/site-packages/airflow/example_dags/tutorial_taskflow_api_virtualenv.py for tasks to queue
[2026-09-17T20:18:07.687+0000] {logging_mixin.py:190} INFO - [2026-09-17T20:18:07.687+0000] {dagbag.py:588} INFO - Filling up the DagBag from /home/airflow/.local/lib/python3.12/site-packages/airflow/example_dags/tutorial_taskflow_api_virtualenv.py
[2026-09-17T20:18:07.706+0000] {processor.py:925} INFO - DAG(s) 'tutorial_taskflow_api_virtualenv' retrieved from /home/airflow/.local/lib/python3.12/site-packages/airflow/example_dags/tutorial_taskflow_api_virtualenv.py
[2026-09-17T20:18:07.736+0000] {logging_mixin.py:190} INFO - [2026-09-17T20:18:07.736+0000] {dag.py:3239} INFO - Sync 1 DAGs
[2026-09-17T20:18:07.755+0000] {logging_mixin.py:190} INFO - [2026-09-17T20:18:07.754+0000] {dag.py:4180} INFO - Setting next_dagrun for tutorial_taskflow_api_virtualenv to None, run_after=None
[2026-09-17T20:18:07.778+0000] {processor.py:208} INFO - Processing /home/airflow/.local/lib/python3.12/site-packages/airflow/example_dags/tutorial_taskflow_api_virtualenv.py took 0.104 seconds
[2026-09-17T20:18:38.992+0000] {processor.py:186} INFO - Started process (PID=1191) to work on /home/airflow/.local/lib/python3.12/site-packages/airflow/example_dags/tutorial_taskflow_api_virtualenv.py
[2026-09-17T20:18:38.994+0000] {processor.py:914} INFO - Processing file /home/airflow/.local/lib/python3.12/site-packages/airflow/example_dags/tutorial_taskflow_api_virtualenv.py for tasks to queue
[2026-09-17T20:18:38.996+0000] {logging_mixin.py:190} INFO - [2026-09-17T20:18:38.995+0000] {dagbag.py:588} INFO - Filling up the DagBag from /home/airflow/.local/lib/python3.12/site-packages/airflow/example_dags/tutorial_taskflow_api_virtualenv.py
[2026-09-17T20:18:39.008+0000] {processor.py:925} INFO - DAG(s) 'tutorial_taskflow_api_virtualenv' retrieved from /home/airflow/.local/lib/python3.12/site-packages/airflow/example_dags/tutorial_taskflow_api_virtualenv.py
[2026-09-17T20:18:39.034+0000] {logging_mixin.py:190} INFO - [2026-09-17T20:18:39.034+0000] {dag.py:3239} INFO - Sync 1 DAGs
[2026-09-17T20:18:39.049+0000] {logging_mixin.py:190} INFO - [2026-09-17T20:18:39.049+0000] {dag.py:4180} INFO - Setting next_dagrun for tutorial_taskflow_api_virtualenv to None, run_after=None
[2026-09-17T20:18:39.084+0000] {processor.py:208} INFO - Processing /home/airflow/.local/lib/python3.12/site-packages/airflow/example_dags/tutorial_taskflow_api_virtualenv.py took 0.098 seconds
[2026-09-17T20:19:09.247+0000] {processor.py:186} INFO - Started process (PID=1257) to work on /home/airflow/.local/lib/python3.12/site-packages/airflow/example_dags/tutorial_taskflow_api_virtualenv.py
[2026-09-17T20:19:09.248+0000] {processor.py:914} INFO - Processing file /home/airflow/.local/lib/python3.12/site-packages/airflow/example_dags/tutorial_taskflow_api_virtualenv.py for tasks to queue
[2026-09-17T20:19:09.250+0000] {logging_mixin.py:190} INFO - [2026-09-17T20:19:09.249+0000] {dagbag.py:588} INFO - Filling up the DagBag from /home/airflow/.local/lib/python3.12/site-packages/airflow/example_dags/tutorial_taskflow_api_virtualenv.py
[2026-09-17T20:19:09.264+0000] {processor.py:925} INFO - DAG(s) 'tutorial_taskflow_api_virtualenv' retrieved from /home/airflow/.local/lib/python3.12/site-packages/airflow/example_dags/tutorial_taskflow_api_virtualenv.py
[2026-09-17T20:19:09.290+0000] {logging_mixin.py:190} INFO - [2026-09-17T20:19:09.290+0000] {dag.py:3239} INFO - Sync 1 DAGs
[2026-09-17T20:19:09.305+0000] {logging_mixin.py:190} INFO - [2026-09-17T20:19:09.305+0000] {dag.py:4180} INFO - Setting next_dagrun for tutorial_taskflow_api_virtualenv to None, run_after=None
[2026-09-17T20:19:09.328+0000] {processor.py:208} INFO - Processing /home/airflow/.local/lib/python3.12/site-packages/airflow/example_dags/tutorial_taskflow_api_virtualenv.py took 0.087 seconds
[2026-09-17T20:19:40.033+0000] {processor.py:186} INFO - Started process (PID=1321) to work on /home/airflow/.local/lib/python3.12/site-packages/airflow/example_dags/tutorial_taskflow_api_virtualenv.py
[2026-09-17T20:19:40.035+0000] {processor.py:914} INFO - Processing file /home/airflow/.local/lib/python3.12/site-packages/airflow/example_dags/tutorial_taskflow_api_virtualenv.py for tasks to queue
[2026-09-17T20:19:40.037+0000] {logging_mixin.py:190} INFO - [2026-09-17T20:19:40.037+0000] {dagbag.py:588} INFO - Filling up the DagBag from /home/airflow/.local/lib/python3.12/site-packages/airflow/example_dags/tutorial_taskflow_api_virtualenv.py
[2026-09-17T20:19:40.051+0000] {processor.py:925} INFO - DAG(s) 'tutorial_taskflow_api_virtualenv' retrieved from /home/airflow/.local/lib/python3.12/site-packages/airflow/example_dags/tutorial_taskflow_api_virtualenv.py
[2026-09-17T20:19:40.079+0000] {logging_mixin.py:190} INFO - [2026-09-17T20:19:40.079+0000] {dag.py:3239} INFO - Sync 1 DAGs
[2026-09-17T20:19:40.094+0000] {logging_mixin.py:190} INFO - [2026-09-17T20:19:40.094+0000] {dag.py:4180} INFO - Setting next_dagrun for tutorial_taskflow_api_virtualenv to None, run_after=None
[2026-09-17T20:19:40.116+0000] {processor.py:208} INFO - Processing /home/airflow/.local/lib/python3.12/site-packages/airflow/example_dags/tutorial_taskflow_api_virtualenv.py took 0.090 seconds
[2026-09-17T20:20:10.352+0000] {processor.py:186} INFO - Started process (PID=1384) to work on /home/airflow/.local/lib/python3.12/site-packages/airflow/example_dags/tutorial_taskflow_api_virtualenv.py
[2026-09-17T20:20:10.354+0000] {processor.py:914} INFO - Processing file /home/airflow/.local/lib/python3.12/site-packages/airflow/example_dags/tutorial_taskflow_api_virtualenv.py for tasks to queue
[2026-09-17T20:20:10.356+0000] {logging_mixin.py:190} INFO - [2026-09-17T20:20:10.356+0000] {dagbag.py:588} INFO - Filling up the DagBag from /home/airflow/.local/lib/python3.12/site-packages/airflow/example_dags/tutorial_taskflow_api_virtualenv.py
[2026-09-17T20:20:10.372+0000] {processor.py:925} INFO - DAG(s) 'tutorial_taskflow_api_virtualenv' retrieved from /home/airflow/.local/lib/python3.12/site-packages/airflow/example_dags/tutorial_taskflow_api_virtualenv.py
[2026-09-17T20:20:10.405+0000] {logging_mixin.py:190} INFO - [2026-09-17T20:20:10.405+0000] {dag.py:3239} INFO - Sync 1 DAGs
[2026-09-17T20:20:10.422+0000] {logging_mixin.py:190} INFO - [2026-09-17T20:20:10.422+0000] {dag.py:4180} INFO - Setting next_dagrun for tutorial_taskflow_api_virtualenv to None, run_after=None
[2026-09-17T20:20:10.447+0000] {processor.py:208} INFO - Processing /home/airflow/.local/lib/python3.12/site-packages/airflow/example_dags/tutorial_taskflow_api_virtualenv.py took 0.102 seconds
[2026-09-17T20:20:41.323+0000] {processor.py:186} INFO - Started process (PID=1442) to work on /home/airflow/.local/lib/python3.12/site-packages/airflow/example_dags/tutorial_taskflow_api_virtualenv.py
[2026-09-17T20:20:41.325+0000] {processor.py:914} INFO - Processing file /home/airflow/.local/lib/python3.12/site-packages/airflow/example_dags/tutorial_taskflow_api_virtualenv.py for tasks to queue
[2026-09-17T20:20:41.327+0000] {logging_mixin.py:190} INFO - [2026-09-17T20:20:41.327+0000] {dagbag.py:588} INFO - Filling up the DagBag from /home/airflow/.local/lib/python3.12/site-packages/airflow/example_dags/tutorial_taskflow_api_virtualenv.py
[2026-09-17T20:20:41.343+0000] {processor.py:925} INFO - DAG(s) 'tutorial_taskflow_api_virtualenv' retrieved from /home/airflow/.local/lib/python3.12/site-packages/airflow/example_dags/tutorial_taskflow_api_virtualenv.py
[2026-09-17T20:20:41.373+0000] {logging_mixin.py:190} INFO - [2026-09-17T20:20:41.373+0000] {dag.py:3239} INFO - Sync 1 DAGs
[2026-09-17T20:20:41.389+0000] {logging_mixin.py:190} INFO - [2026-09-17T20:20:41.389+0000] {dag.py:4180} INFO - Setting next_dagrun for tutorial_taskflow_api_virtualenv to None, run_after=None
[2026-09-17T20:20:41.414+0000] {processor.py:208} INFO - Processing /home/airflow/.local/lib/python3.12/site-packages/airflow/example_dags/tutorial_taskflow_api_virtualenv.py took 0.098 seconds
[2026-09-17T20:21:12.403+0000] {processor.py:186} INFO - Started process (PID=1507) to work on /home/airflow/.local/lib/python3.12/site-packages/airflow/example_dags/tutorial_taskflow_api_virtualenv.py
[2026-09-17T20:21:12.405+0000] {processor.py:914} INFO - Processing file /home/airflow/.local/lib/python3.12/site-packages/airflow/example_dags/tutorial_taskflow_api_virtualenv.py for tasks to queue
[2026-09-17T20:21:12.408+0000] {logging_mixin.py:190} INFO - [2026-09-17T20:21:12.407+0000] {dagbag.py:588} INFO - Filling up the DagBag from /home/airflow/.local/lib/python3.12/site-packages/airflow/example_dags/tutorial_taskflow_api_virtualenv.py
[2026-09-17T20:21:12.423+0000] {processor.py:925} INFO - DAG(s) 'tutorial_taskflow_api_virtualenv' retrieved from /home/airflow/.local/lib/python3.12/site-packages/airflow/example_dags/tutorial_taskflow_api_virtualenv.py
[2026-09-17T20:21:12.451+0000] {logging_mixin.py:190} INFO - [2026-09-17T20:21:12.451+0000] {dag.py:3239} INFO - Sync 1 DAGs
[2026-09-17T20:21:12.469+0000] {logging_mixin.py:190} INFO - [2026-09-17T20:21:12.468+0000] {dag.py:4180} INFO - Setting next_dagrun for tutorial_taskflow_api_virtualenv to None, run_after=None
[2026-09-17T20:21:12.491+0000] {processor.py:208} INFO - Processing /home/airflow/.local/lib/python3.12/site-packages/airflow/example_dags/tutorial_taskflow_api_virtualenv.py took 0.095 seconds
[2026-09-17T20:21:42.617+0000] {processor.py:186} INFO - Started process (PID=1571) to work on /home/airflow/.local/lib/python3.12/site-packages/airflow/example_dags/tutorial_taskflow_api_virtualenv.py
[2026-09-17T20:21:42.620+0000] {processor.py:914} INFO - Processing file /home/airflow/.local/lib/python3.12/site-packages/airflow/example_dags/tutorial_taskflow_api_virtualenv.py for tasks to queue
[2026-09-17T20:21:42.622+0000] {logging_mixin.py:190} INFO - [2026-09-17T20:21:42.622+0000] {dagbag.py:588} INFO - Filling up the DagBag from /home/airflow/.local/lib/python3.12/site-packages/airflow/example_dags/tutorial_taskflow_api_virtualenv.py
[2026-09-17T20:21:42.636+0000] {processor.py:925} INFO - DAG(s) 'tutorial_taskflow_api_virtualenv' retrieved from /home/airflow/.local/lib/python3.12/site-packages/airflow/example_dags/tutorial_taskflow_api_virtualenv.py
[2026-09-17T20:21:42.661+0000] {logging_mixin.py:190} INFO - [2026-09-17T20:21:42.661+0000] {dag.py:3239} INFO - Sync 1 DAGs
[2026-09-17T20:21:42.676+0000] {logging_mixin.py:190} INFO - [2026-09-17T20:21:42.676+0000] {dag.py:4180} INFO - Setting next_dagrun for tutorial_taskflow_api_virtualenv to None, run_after=None
[2026-09-17T20:21:42.701+0000] {processor.py:208} INFO - Processing /home/airflow/.local/lib/python3.12/site-packages/airflow/example_dags/tutorial_taskflow_api_virtualenv.py took 0.091 seconds
[2026-09-17T20:22:13.128+0000] {processor.py:186} INFO - Started process (PID=1637) to work on /home/airflow/.local/lib/python3.12/site-packages/airflow/example_dags/tutorial_taskflow_api_virtualenv.py
[2026-09-17T20:22:13.129+0000] {processor.py:914} INFO - Processing file /home/airflow/.local/lib/python3.12/site-packages/airflow/example_dags/tutorial_taskflow_api_virtualenv.py for tasks to queue
[2026-09-17T20:22:13.131+0000] {logging_mixin.py:190} INFO - [2026-09-17T20:22:13.131+0000] {dagbag.py:588} INFO - Filling up the DagBag from /home/airflow/.local/lib/python3.12/site-packages/airflow/example_dags/tutorial_taskflow_api_virtualenv.py
[2026-09-17T20:22:13.145+0000] {processor.py:925} INFO - DAG(s) 'tutorial_taskflow_api_virtualenv' retrieved from /home/airflow/.local/lib/python3.12/site-packages/airflow/example_dags/tutorial_taskflow_api_virtualenv.py
[2026-09-17T20:22:13.174+0000] {logging_mixin.py:190} INFO - [2026-09-17T20:22:13.173+0000] {dag.py:3239} INFO - Sync 1 DAGs
[2026-09-17T20:22:13.190+0000] {logging_mixin.py:190} INFO - [2026-09-17T20:22:13.190+0000] {dag.py:4180} INFO - Setting next_dagrun for tutorial_taskflow_api_virtualenv to None, run_after=None
[2026-09-17T20:22:13.212+0000] {processor.py:208} INFO - Processing /home/airflow/.local/lib/python3.12/site-packages/airflow/example_dags/tutorial_taskflow_api_virtualenv.py took 0.091 seconds
[2026-09-17T20:22:44.866+0000] {processor.py:186} INFO - Started process (PID=1702) to work on /home/airflow/.local/lib/python3.12/site-packages/airflow/example_dags/tutorial_taskflow_api_virtualenv.py
[2026-09-17T20:22:44.868+0000] {processor.py:914} INFO - Processing file /home/airflow/.local/lib/python3.12/site-packages/airflow/example_dags/tutorial_taskflow_api_virtualenv.py for tasks to queue
[2026-09-17T20:22:44.871+0000] {logging_mixin.py:190} INFO - [2026-09-17T20:22:44.870+0000] {dagbag.py:588} INFO - Filling up the DagBag from /home/airflow/.local/lib/python3.12/site-packages/airflow/example_dags/tutorial_taskflow_api_virtualenv.py
[2026-09-17T20:22:44.887+0000] {processor.py:925} INFO - DAG(s) 'tutorial_taskflow_api_virtualenv' retrieved from /home/airflow/.local/lib/python3.12/site-packages/airflow/example_dags/tutorial_taskflow_api_virtualenv.py
[2026-09-17T20:22:44.916+0000] {logging_mixin.py:190} INFO - [2026-09-17T20:22:44.915+0000] {dag.py:3239} INFO - Sync 1 DAGs
[2026-09-17T20:22:44.936+0000] {logging_mixin.py:190} INFO - [2026-09-17T20:22:44.935+0000] {dag.py:4180} INFO - Setting next_dagrun for tutorial_taskflow_api_virtualenv to None, run_after=None
[2026-09-17T20:22:44.963+0000] {processor.py:208} INFO - Processing /home/airflow/.local/lib/python3.12/site-packages/airflow/example_dags/tutorial_taskflow_api_virtualenv.py took 0.103 seconds
[2026-09-17T20:23:16.277+0000] {processor.py:186} INFO - Started process (PID=1767) to work on /home/airflow/.local/lib/python3.12/site-packages/airflow/example_dags/tutorial_taskflow_api_virtualenv.py
[2026-09-17T20:23:16.279+0000] {processor.py:914} INFO - Processing file /home/airflow/.local/lib/python3.12/site-packages/airflow/example_dags/tutorial_taskflow_api_virtualenv.py for tasks to queue
[2026-09-17T20:23:16.281+0000] {logging_mixin.py:190} INFO - [2026-09-17T20:23:16.281+0000] {dagbag.py:588} INFO - Filling up the DagBag from /home/airflow/.local/lib/python3.12/site-packages/airflow/example_dags/tutorial_taskflow_api_virtualenv.py
[2026-09-17T20:23:16.295+0000] {processor.py:925} INFO - DAG(s) 'tutorial_taskflow_api_virtualenv' retrieved from /home/airflow/.local/lib/python3.12/site-packages/airflow/example_dags/tutorial_taskflow_api_virtualenv.py
[2026-09-17T20:23:16.322+0000] {logging_mixin.py:190} INFO - [2026-09-17T20:23:16.322+0000] {dag.py:3239} INFO - Sync 1 DAGs
[2026-09-17T20:23:16.338+0000] {logging_mixin.py:190} INFO - [2026-09-17T20:23:16.337+0000] {dag.py:4180} INFO - Setting next_dagrun for tutorial_taskflow_api_virtualenv to None, run_after=None
[2026-09-17T20:23:16.360+0000] {processor.py:208} INFO - Processing /home/airflow/.local/lib/python3.12/site-packages/airflow/example_dags/tutorial_taskflow_api_virtualenv.py took 0.089 seconds
[2026-09-17T20:23:47.691+0000] {processor.py:186} INFO - Started process (PID=1832) to work on /home/airflow/.local/lib/python3.12/site-packages/airflow/example_dags/tutorial_taskflow_api_virtualenv.py
[2026-09-17T20:23:47.693+0000] {processor.py:914} INFO - Processing file /home/airflow/.local/lib/python3.12/site-packages/airflow/example_dags/tutorial_taskflow_api_virtualenv.py for tasks to queue
[2026-09-17T20:23:47.696+0000] {logging_mixin.py:190} INFO - [2026-09-17T20:23:47.695+0000] {dagbag.py:588} INFO - Filling up the DagBag from /home/airflow/.local/lib/python3.12/site-packages/airflow/example_dags/tutorial_taskflow_api_virtualenv.py
[2026-09-17T20:23:47.710+0000] {processor.py:925} INFO - DAG(s) 'tutorial_taskflow_api_virtualenv' retrieved from /home/airflow/.local/lib/python3.12/site-packages/airflow/example_dags/tutorial_taskflow_api_virtualenv.py
[2026-09-17T20:23:47.735+0000] {logging_mixin.py:190} INFO - [2026-09-17T20:23:47.735+0000] {dag.py:3239} INFO - Sync 1 DAGs
[2026-09-17T20:23:47.749+0000] {logging_mixin.py:190} INFO - [2026-09-17T20:23:47.749+0000] {dag.py:4180} INFO - Setting next_dagrun for tutorial_taskflow_api_virtualenv to None, run_after=None
[2026-09-17T20:23:47.773+0000] {processor.py:208} INFO - Processing /home/airflow/.local/lib/python3.12/site-packages/airflow/example_dags/tutorial_taskflow_api_virtualenv.py took 0.088 seconds
[2026-09-17T20:24:19.421+0000] {processor.py:186} INFO - Started process (PID=1897) to work on /home/airflow/.local/lib/python3.12/site-packages/airflow/example_dags/tutorial_taskflow_api_virtualenv.py
[2026-09-17T20:24:19.423+0000] {processor.py:914} INFO - Processing file /home/airflow/.local/lib/python3.12/site-packages/airflow/example_dags/tutorial_taskflow_api_virtualenv.py for tasks to queue
[2026-09-17T20:24:19.426+0000] {logging_mixin.py:190} INFO - [2026-09-17T20:24:19.425+0000] {dagbag.py:588} INFO - Filling up the DagBag from /home/airflow/.local/lib/python3.12/site-packages/airflow/example_dags/tutorial_taskflow_api_virtualenv.py
[2026-09-17T20:24:19.441+0000] {processor.py:925} INFO - DAG(s) 'tutorial_taskflow_api_virtualenv' retrieved from /home/airflow/.local/lib/python3.12/site-packages/airflow/example_dags/tutorial_taskflow_api_virtualenv.py
[2026-09-17T20:24:19.472+0000] {logging_mixin.py:190} INFO - [2026-09-17T20:24:19.471+0000] {dag.py:3239} INFO - Sync 1 DAGs
[2026-09-17T20:24:19.488+0000] {logging_mixin.py:190} INFO - [2026-09-17T20:24:19.488+0000] {dag.py:4180} INFO - Setting next_dagrun for tutorial_taskflow_api_virtualenv to None, run_after=None
[2026-09-17T20:24:19.511+0000] {processor.py:208} INFO - Processing /home/airflow/.local/lib/python3.12/site-packages/airflow/example_dags/tutorial_taskflow_api_virtualenv.py took 0.097 seconds
[2026-09-17T20:24:50.970+0000] {processor.py:186} INFO - Started process (PID=1962) to work on /home/airflow/.local/lib/python3.12/site-packages/airflow/example_dags/tutorial_taskflow_api_virtualenv.py
[2026-09-17T20:24:50.972+0000] {processor.py:914} INFO - Processing file /home/airflow/.local/lib/python3.12/site-packages/airflow/example_dags/tutorial_taskflow_api_virtualenv.py for tasks to queue
[2026-09-17T20:24:50.976+0000] {logging_mixin.py:190} INFO - [2026-09-17T20:24:50.975+0000] {dagbag.py:588} INFO - Filling up the DagBag from /home/airflow/.local/lib/python3.12/site-packages/airflow/example_dags/tutorial_taskflow_api_virtualenv.py
[2026-09-17T20:24:50.991+0000] {processor.py:925} INFO - DAG(s) 'tutorial_taskflow_api_virtualenv' retrieved from /home/airflow/.local/lib/python3.12/site-packages/airflow/example_dags/tutorial_taskflow_api_virtualenv.py
[2026-09-17T20:24:51.020+0000] {logging_mixin.py:190} INFO - [2026-09-17T20:24:51.019+0000] {dag.py:3239} INFO - Sync 1 DAGs
[2026-09-17T20:24:51.036+0000] {logging_mixin.py:190} INFO - [2026-09-17T20:24:51.035+0000] {dag.py:4180} INFO - Setting next_dagrun for tutorial_taskflow_api_virtualenv to None, run_after=None
[2026-09-17T20:24:51.061+0000] {processor.py:208} INFO - Processing /home/airflow/.local/lib/python3.12/site-packages/airflow/example_dags/tutorial_taskflow_api_virtualenv.py took 0.097 seconds
[2026-09-17T20:25:22.394+0000] {processor.py:186} INFO - Started process (PID=2030) to work on /home/airflow/.local/lib/python3.12/site-packages/airflow/example_dags/tutorial_taskflow_api_virtualenv.py
[2026-09-17T20:25:22.396+0000] {processor.py:914} INFO - Processing file /home/airflow/.local/lib/python3.12/site-packages/airflow/example_dags/tutorial_taskflow_api_virtualenv.py for tasks to queue
[2026-09-17T20:25:22.398+0000] {logging_mixin.py:190} INFO - [2026-09-17T20:25:22.398+0000] {dagbag.py:588} INFO - Filling up the DagBag from /home/airflow/.local/lib/python3.12/site-packages/airflow/example_dags/tutorial_taskflow_api_virtualenv.py
[2026-09-17T20:25:22.414+0000] {processor.py:925} INFO - DAG(s) 'tutorial_taskflow_api_virtualenv' retrieved from /home/airflow/.local/lib/python3.12/site-packages/airflow/example_dags/tutorial_taskflow_api_virtualenv.py
[2026-09-17T20:25:22.444+0000] {logging_mixin.py:190} INFO - [2026-09-17T20:25:22.444+0000] {dag.py:3239} INFO - Sync 1 DAGs
[2026-09-17T20:25:22.462+0000] {logging_mixin.py:190} INFO - [2026-09-17T20:25:22.460+0000] {dag.py:4180} INFO - Setting next_dagrun for tutorial_taskflow_api_virtualenv to None, run_after=None
[2026-09-17T20:25:22.486+0000] {processor.py:208} INFO - Processing /home/airflow/.local/lib/python3.12/site-packages/airflow/example_dags/tutorial_taskflow_api_virtualenv.py took 0.101 seconds
[2026-09-17T20:25:54.659+0000] {processor.py:186} INFO - Started process (PID=2095) to work on /home/airflow/.local/lib/python3.12/site-packages/airflow/example_dags/tutorial_taskflow_api_virtualenv.py
[2026-09-17T20:25:54.661+0000] {processor.py:914} INFO - Processing file /home/airflow/.local/lib/python3.12/site-packages/airflow/example_dags/tutorial_taskflow_api_virtualenv.py for tasks to queue
[2026-09-17T20:25:54.664+0000] {logging_mixin.py:190} INFO - [2026-09-17T20:25:54.664+0000] {dagbag.py:588} INFO - Filling up the DagBag from /home/airflow/.local/lib/python3.12/site-packages/airflow/example_dags/tutorial_taskflow_api_virtualenv.py
[2026-09-17T20:25:54.682+0000] {processor.py:925} INFO - DAG(s) 'tutorial_taskflow_api_virtualenv' retrieved from /home/airflow/.local/lib/python3.12/site-packages/airflow/example_dags/tutorial_taskflow_api_virtualenv.py
[2026-09-17T20:25:54.716+0000] {logging_mixin.py:190} INFO - [2026-09-17T20:25:54.716+0000] {dag.py:3239} INFO - Sync 1 DAGs
[2026-09-17T20:25:54.737+0000] {logging_mixin.py:190} INFO - [2026-09-17T20:25:54.737+0000] {dag.py:4180} INFO - Setting next_dagrun for tutorial_taskflow_api_virtualenv to None, run_after=None
[2026-09-17T20:25:54.766+0000] {processor.py:208} INFO - Processing /home/airflow/.local/lib/python3.12/site-packages/airflow/example_dags/tutorial_taskflow_api_virtualenv.py took 0.114 seconds
[2026-09-17T20:26:25.475+0000] {processor.py:186} INFO - Started process (PID=2160) to work on /home/airflow/.local/lib/python3.12/site-packages/airflow/example_dags/tutorial_taskflow_api_virtualenv.py
[2026-09-17T20:26:25.477+0000] {processor.py:914} INFO - Processing file /home/airflow/.local/lib/python3.12/site-packages/airflow/example_dags/tutorial_taskflow_api_virtualenv.py for tasks to queue
[2026-09-17T20:26:25.479+0000] {logging_mixin.py:190} INFO - [2026-09-17T20:26:25.479+0000] {dagbag.py:588} INFO - Filling up the DagBag from /home/airflow/.local/lib/python3.12/site-packages/airflow/example_dags/tutorial_taskflow_api_virtualenv.py
[2026-09-17T20:26:25.496+0000] {processor.py:925} INFO - DAG(s) 'tutorial_taskflow_api_virtualenv' retrieved from /home/airflow/.local/lib/python3.12/site-packages/airflow/example_dags/tutorial_taskflow_api_virtualenv.py
[2026-09-17T20:26:25.522+0000] {logging_mixin.py:190} INFO - [2026-09-17T20:26:25.522+0000] {dag.py:3239} INFO - Sync 1 DAGs
[2026-09-17T20:26:25.538+0000] {logging_mixin.py:190} INFO - [2026-09-17T20:26:25.537+0000] {dag.py:4180} INFO - Setting next_dagrun for tutorial_taskflow_api_virtualenv to None, run_after=None
[2026-09-17T20:26:25.560+0000] {processor.py:208} INFO - Processing /home/airflow/.local/lib/python3.12/site-packages/airflow/example_dags/tutorial_taskflow_api_virtualenv.py took 0.092 seconds
[2026-09-17T20:26:57.179+0000] {processor.py:186} INFO - Started process (PID=2225) to work on /home/airflow/.local/lib/python3.12/site-packages/airflow/example_dags/tutorial_taskflow_api_virtualenv.py
[2026-09-17T20:26:57.182+0000] {processor.py:914} INFO - Processing file /home/airflow/.local/lib/python3.12/site-packages/airflow/example_dags/tutorial_taskflow_api_virtualenv.py for tasks to queue
[2026-09-17T20:26:57.185+0000] {logging_mixin.py:190} INFO - [2026-09-17T20:26:57.184+0000] {dagbag.py:588} INFO - Filling up the DagBag from /home/airflow/.local/lib/python3.12/site-packages/airflow/example_dags/tutorial_taskflow_api_virtualenv.py
[2026-09-17T20:26:57.201+0000] {processor.py:925} INFO - DAG(s) 'tutorial_taskflow_api_virtualenv' retrieved from /home/airflow/.local/lib/python3.12/site-packages/airflow/example_dags/tutorial_taskflow_api_virtualenv.py
[2026-09-17T20:26:57.231+0000] {logging_mixin.py:190} INFO - [2026-09-17T20:26:57.231+0000] {dag.py:3239} INFO - Sync 1 DAGs
[2026-09-17T20:26:57.250+0000] {logging_mixin.py:190} INFO - [2026-09-17T20:26:57.250+0000] {dag.py:4180} INFO - Setting next_dagrun for tutorial_taskflow_api_virtualenv to None, run_after=None
[2026-09-17T20:26:57.287+0000] {processor.py:208} INFO - Processing /home/airflow/.local/lib/python3.12/site-packages/airflow/example_dags/tutorial_taskflow_api_virtualenv.py took 0.115 seconds
[2026-09-17T20:28:39.320+0000] {processor.py:186} INFO - Started process (PID=94) to work on /home/airflow/.local/lib/python3.12/site-packages/airflow/example_dags/tutorial_taskflow_api_virtualenv.py
[2026-09-17T20:28:39.322+0000] {processor.py:914} INFO - Processing file /home/airflow/.local/lib/python3.12/site-packages/airflow/example_dags/tutorial_taskflow_api_virtualenv.py for tasks to queue
[2026-09-17T20:28:39.328+0000] {logging_mixin.py:190} INFO - [2026-09-17T20:28:39.327+0000] {dagbag.py:588} INFO - Filling up the DagBag from /home/airflow/.local/lib/python3.12/site-packages/airflow/example_dags/tutorial_taskflow_api_virtualenv.py
[2026-09-17T20:28:39.346+0000] {processor.py:925} INFO - DAG(s) 'tutorial_taskflow_api_virtualenv' retrieved from /home/airflow/.local/lib/python3.12/site-packages/airflow/example_dags/tutorial_taskflow_api_virtualenv.py
[2026-09-17T20:28:39.547+0000] {logging_mixin.py:190} INFO - [2026-09-17T20:28:39.547+0000] {dag.py:3239} INFO - Sync 1 DAGs
[2026-09-17T20:28:39.575+0000] {logging_mixin.py:190} INFO - [2026-09-17T20:28:39.574+0000] {dag.py:4180} INFO - Setting next_dagrun for tutorial_taskflow_api_virtualenv to None, run_after=None
[2026-09-17T20:28:39.611+0000] {processor.py:208} INFO - Processing /home/airflow/.local/lib/python3.12/site-packages/airflow/example_dags/tutorial_taskflow_api_virtualenv.py took 0.298 seconds
[2026-09-17T20:29:10.751+0000] {processor.py:186} INFO - Started process (PID=159) to work on /home/airflow/.local/lib/python3.12/site-packages/airflow/example_dags/tutorial_taskflow_api_virtualenv.py
[2026-09-17T20:29:10.754+0000] {processor.py:914} INFO - Processing file /home/airflow/.local/lib/python3.12/site-packages/airflow/example_dags/tutorial_taskflow_api_virtualenv.py for tasks to queue
[2026-09-17T20:29:10.758+0000] {logging_mixin.py:190} INFO - [2026-09-17T20:29:10.757+0000] {dagbag.py:588} INFO - Filling up the DagBag from /home/airflow/.local/lib/python3.12/site-packages/airflow/example_dags/tutorial_taskflow_api_virtualenv.py
[2026-09-17T20:29:10.781+0000] {processor.py:925} INFO - DAG(s) 'tutorial_taskflow_api_virtualenv' retrieved from /home/airflow/.local/lib/python3.12/site-packages/airflow/example_dags/tutorial_taskflow_api_virtualenv.py
[2026-09-17T20:29:10.808+0000] {logging_mixin.py:190} INFO - [2026-09-17T20:29:10.808+0000] {dag.py:3239} INFO - Sync 1 DAGs
[2026-09-17T20:29:10.822+0000] {logging_mixin.py:190} INFO - [2026-09-17T20:29:10.822+0000] {dag.py:4180} INFO - Setting next_dagrun for tutorial_taskflow_api_virtualenv to None, run_after=None
[2026-09-17T20:29:10.844+0000] {processor.py:208} INFO - Processing /home/airflow/.local/lib/python3.12/site-packages/airflow/example_dags/tutorial_taskflow_api_virtualenv.py took 0.106 seconds
[2026-09-17T20:29:41.969+0000] {processor.py:186} INFO - Started process (PID=224) to work on /home/airflow/.local/lib/python3.12/site-packages/airflow/example_dags/tutorial_taskflow_api_virtualenv.py
[2026-09-17T20:29:41.972+0000] {processor.py:914} INFO - Processing file /home/airflow/.local/lib/python3.12/site-packages/airflow/example_dags/tutorial_taskflow_api_virtualenv.py for tasks to queue
[2026-09-17T20:29:41.974+0000] {logging_mixin.py:190} INFO - [2026-09-17T20:29:41.974+0000] {dagbag.py:588} INFO - Filling up the DagBag from /home/airflow/.local/lib/python3.12/site-packages/airflow/example_dags/tutorial_taskflow_api_virtualenv.py
[2026-09-17T20:29:41.988+0000] {processor.py:925} INFO - DAG(s) 'tutorial_taskflow_api_virtualenv' retrieved from /home/airflow/.local/lib/python3.12/site-packages/airflow/example_dags/tutorial_taskflow_api_virtualenv.py
[2026-09-17T20:29:42.016+0000] {logging_mixin.py:190} INFO - [2026-09-17T20:29:42.016+0000] {dag.py:3239} INFO - Sync 1 DAGs
[2026-09-17T20:29:42.032+0000] {logging_mixin.py:190} INFO - [2026-09-17T20:29:42.032+0000] {dag.py:4180} INFO - Setting next_dagrun for tutorial_taskflow_api_virtualenv to None, run_after=None
[2026-09-17T20:29:42.054+0000] {processor.py:208} INFO - Processing /home/airflow/.local/lib/python3.12/site-packages/airflow/example_dags/tutorial_taskflow_api_virtualenv.py took 0.092 seconds
[2026-09-17T20:30:13.147+0000] {processor.py:186} INFO - Started process (PID=288) to work on /home/airflow/.local/lib/python3.12/site-packages/airflow/example_dags/tutorial_taskflow_api_virtualenv.py
[2026-09-17T20:30:13.150+0000] {processor.py:914} INFO - Processing file /home/airflow/.local/lib/python3.12/site-packages/airflow/example_dags/tutorial_taskflow_api_virtualenv.py for tasks to queue
[2026-09-17T20:30:13.153+0000] {logging_mixin.py:190} INFO - [2026-09-17T20:30:13.152+0000] {dagbag.py:588} INFO - Filling up the DagBag from /home/airflow/.local/lib/python3.12/site-packages/airflow/example_dags/tutorial_taskflow_api_virtualenv.py
[2026-09-17T20:30:13.175+0000] {processor.py:925} INFO - DAG(s) 'tutorial_taskflow_api_virtualenv' retrieved from /home/airflow/.local/lib/python3.12/site-packages/airflow/example_dags/tutorial_taskflow_api_virtualenv.py
[2026-09-17T20:30:13.206+0000] {logging_mixin.py:190} INFO - [2026-09-17T20:30:13.206+0000] {dag.py:3239} INFO - Sync 1 DAGs
[2026-09-17T20:30:13.231+0000] {logging_mixin.py:190} INFO - [2026-09-17T20:30:13.231+0000] {dag.py:4180} INFO - Setting next_dagrun for tutorial_taskflow_api_virtualenv to None, run_after=None
[2026-09-17T20:30:13.260+0000] {processor.py:208} INFO - Processing /home/airflow/.local/lib/python3.12/site-packages/airflow/example_dags/tutorial_taskflow_api_virtualenv.py took 0.122 seconds
[2026-09-17T20:30:44.217+0000] {processor.py:186} INFO - Started process (PID=346) to work on /home/airflow/.local/lib/python3.12/site-packages/airflow/example_dags/tutorial_taskflow_api_virtualenv.py
[2026-09-17T20:30:44.219+0000] {processor.py:914} INFO - Processing file /home/airflow/.local/lib/python3.12/site-packages/airflow/example_dags/tutorial_taskflow_api_virtualenv.py for tasks to queue
[2026-09-17T20:30:44.221+0000] {logging_mixin.py:190} INFO - [2026-09-17T20:30:44.221+0000] {dagbag.py:588} INFO - Filling up the DagBag from /home/airflow/.local/lib/python3.12/site-packages/airflow/example_dags/tutorial_taskflow_api_virtualenv.py
[2026-09-17T20:30:44.240+0000] {processor.py:925} INFO - DAG(s) 'tutorial_taskflow_api_virtualenv' retrieved from /home/airflow/.local/lib/python3.12/site-packages/airflow/example_dags/tutorial_taskflow_api_virtualenv.py
[2026-09-17T20:30:44.274+0000] {logging_mixin.py:190} INFO - [2026-09-17T20:30:44.273+0000] {dag.py:3239} INFO - Sync 1 DAGs
[2026-09-17T20:30:44.293+0000] {logging_mixin.py:190} INFO - [2026-09-17T20:30:44.293+0000] {dag.py:4180} INFO - Setting next_dagrun for tutorial_taskflow_api_virtualenv to None, run_after=None
[2026-09-17T20:30:44.316+0000] {processor.py:208} INFO - Processing /home/airflow/.local/lib/python3.12/site-packages/airflow/example_dags/tutorial_taskflow_api_virtualenv.py took 0.107 seconds
[2026-09-17T20:31:14.957+0000] {processor.py:186} INFO - Started process (PID=411) to work on /home/airflow/.local/lib/python3.12/site-packages/airflow/example_dags/tutorial_taskflow_api_virtualenv.py
[2026-09-17T20:31:14.959+0000] {processor.py:914} INFO - Processing file /home/airflow/.local/lib/python3.12/site-packages/airflow/example_dags/tutorial_taskflow_api_virtualenv.py for tasks to queue
[2026-09-17T20:31:14.961+0000] {logging_mixin.py:190} INFO - [2026-09-17T20:31:14.960+0000] {dagbag.py:588} INFO - Filling up the DagBag from /home/airflow/.local/lib/python3.12/site-packages/airflow/example_dags/tutorial_taskflow_api_virtualenv.py
[2026-09-17T20:31:14.975+0000] {processor.py:925} INFO - DAG(s) 'tutorial_taskflow_api_virtualenv' retrieved from /home/airflow/.local/lib/python3.12/site-packages/airflow/example_dags/tutorial_taskflow_api_virtualenv.py
[2026-09-17T20:31:15.000+0000] {logging_mixin.py:190} INFO - [2026-09-17T20:31:15.000+0000] {dag.py:3239} INFO - Sync 1 DAGs
[2026-09-17T20:31:15.017+0000] {logging_mixin.py:190} INFO - [2026-09-17T20:31:15.017+0000] {dag.py:4180} INFO - Setting next_dagrun for tutorial_taskflow_api_virtualenv to None, run_after=None
[2026-09-17T20:31:15.041+0000] {processor.py:208} INFO - Processing /home/airflow/.local/lib/python3.12/site-packages/airflow/example_dags/tutorial_taskflow_api_virtualenv.py took 0.090 seconds
[2026-09-17T20:31:46.832+0000] {processor.py:186} INFO - Started process (PID=476) to work on /home/airflow/.local/lib/python3.12/site-packages/airflow/example_dags/tutorial_taskflow_api_virtualenv.py
[2026-09-17T20:31:46.835+0000] {processor.py:914} INFO - Processing file /home/airflow/.local/lib/python3.12/site-packages/airflow/example_dags/tutorial_taskflow_api_virtualenv.py for tasks to queue
[2026-09-17T20:31:46.838+0000] {logging_mixin.py:190} INFO - [2026-09-17T20:31:46.837+0000] {dagbag.py:588} INFO - Filling up the DagBag from /home/airflow/.local/lib/python3.12/site-packages/airflow/example_dags/tutorial_taskflow_api_virtualenv.py
[2026-09-17T20:31:46.856+0000] {processor.py:925} INFO - DAG(s) 'tutorial_taskflow_api_virtualenv' retrieved from /home/airflow/.local/lib/python3.12/site-packages/airflow/example_dags/tutorial_taskflow_api_virtualenv.py
[2026-09-17T20:31:46.885+0000] {logging_mixin.py:190} INFO - [2026-09-17T20:31:46.884+0000] {dag.py:3239} INFO - Sync 1 DAGs
[2026-09-17T20:31:46.905+0000] {logging_mixin.py:190} INFO - [2026-09-17T20:31:46.904+0000] {dag.py:4180} INFO - Setting next_dagrun for tutorial_taskflow_api_virtualenv to None, run_after=None
[2026-09-17T20:31:46.932+0000] {processor.py:208} INFO - Processing /home/airflow/.local/lib/python3.12/site-packages/airflow/example_dags/tutorial_taskflow_api_virtualenv.py took 0.108 seconds
[2026-09-17T20:32:22.368+0000] {processor.py:186} INFO - Started process (PID=541) to work on /home/airflow/.local/lib/python3.12/site-packages/airflow/example_dags/tutorial_taskflow_api_virtualenv.py
[2026-09-17T20:32:22.370+0000] {processor.py:914} INFO - Processing file /home/airflow/.local/lib/python3.12/site-packages/airflow/example_dags/tutorial_taskflow_api_virtualenv.py for tasks to queue
[2026-09-17T20:32:22.372+0000] {logging_mixin.py:190} INFO - [2026-09-17T20:32:22.372+0000] {dagbag.py:588} INFO - Filling up the DagBag from /home/airflow/.local/lib/python3.12/site-packages/airflow/example_dags/tutorial_taskflow_api_virtualenv.py
[2026-09-17T20:32:22.385+0000] {processor.py:925} INFO - DAG(s) 'tutorial_taskflow_api_virtualenv' retrieved from /home/airflow/.local/lib/python3.12/site-packages/airflow/example_dags/tutorial_taskflow_api_virtualenv.py
[2026-09-17T20:32:22.415+0000] {logging_mixin.py:190} INFO - [2026-09-17T20:32:22.415+0000] {dag.py:3239} INFO - Sync 1 DAGs
[2026-09-17T20:32:22.432+0000] {logging_mixin.py:190} INFO - [2026-09-17T20:32:22.432+0000] {dag.py:4180} INFO - Setting next_dagrun for tutorial_taskflow_api_virtualenv to None, run_after=None
[2026-09-17T20:32:22.461+0000] {processor.py:208} INFO - Processing /home/airflow/.local/lib/python3.12/site-packages/airflow/example_dags/tutorial_taskflow_api_virtualenv.py took 0.100 seconds
[2026-09-17T20:32:53.609+0000] {processor.py:186} INFO - Started process (PID=606) to work on /home/airflow/.local/lib/python3.12/site-packages/airflow/example_dags/tutorial_taskflow_api_virtualenv.py
[2026-09-17T20:32:53.612+0000] {processor.py:914} INFO - Processing file /home/airflow/.local/lib/python3.12/site-packages/airflow/example_dags/tutorial_taskflow_api_virtualenv.py for tasks to queue
[2026-09-17T20:32:53.614+0000] {logging_mixin.py:190} INFO - [2026-09-17T20:32:53.614+0000] {dagbag.py:588} INFO - Filling up the DagBag from /home/airflow/.local/lib/python3.12/site-packages/airflow/example_dags/tutorial_taskflow_api_virtualenv.py
[2026-09-17T20:32:53.629+0000] {processor.py:925} INFO - DAG(s) 'tutorial_taskflow_api_virtualenv' retrieved from /home/airflow/.local/lib/python3.12/site-packages/airflow/example_dags/tutorial_taskflow_api_virtualenv.py
[2026-09-17T20:32:53.656+0000] {logging_mixin.py:190} INFO - [2026-09-17T20:32:53.656+0000] {dag.py:3239} INFO - Sync 1 DAGs
[2026-09-17T20:32:53.673+0000] {logging_mixin.py:190} INFO - [2026-09-17T20:32:53.672+0000] {dag.py:4180} INFO - Setting next_dagrun for tutorial_taskflow_api_virtualenv to None, run_after=None
[2026-09-17T20:32:53.697+0000] {processor.py:208} INFO - Processing /home/airflow/.local/lib/python3.12/site-packages/airflow/example_dags/tutorial_taskflow_api_virtualenv.py took 0.095 seconds
[2026-09-17T20:33:24.315+0000] {processor.py:186} INFO - Started process (PID=671) to work on /home/airflow/.local/lib/python3.12/site-packages/airflow/example_dags/tutorial_taskflow_api_virtualenv.py
[2026-09-17T20:33:24.317+0000] {processor.py:914} INFO - Processing file /home/airflow/.local/lib/python3.12/site-packages/airflow/example_dags/tutorial_taskflow_api_virtualenv.py for tasks to queue
[2026-09-17T20:33:24.320+0000] {logging_mixin.py:190} INFO - [2026-09-17T20:33:24.319+0000] {dagbag.py:588} INFO - Filling up the DagBag from /home/airflow/.local/lib/python3.12/site-packages/airflow/example_dags/tutorial_taskflow_api_virtualenv.py
[2026-09-17T20:33:24.334+0000] {processor.py:925} INFO - DAG(s) 'tutorial_taskflow_api_virtualenv' retrieved from /home/airflow/.local/lib/python3.12/site-packages/airflow/example_dags/tutorial_taskflow_api_virtualenv.py
[2026-09-17T20:33:24.365+0000] {logging_mixin.py:190} INFO - [2026-09-17T20:33:24.365+0000] {dag.py:3239} INFO - Sync 1 DAGs
[2026-09-17T20:33:24.380+0000] {logging_mixin.py:190} INFO - [2026-09-17T20:33:24.380+0000] {dag.py:4180} INFO - Setting next_dagrun for tutorial_taskflow_api_virtualenv to None, run_after=None
[2026-09-17T20:33:24.403+0000] {processor.py:208} INFO - Processing /home/airflow/.local/lib/python3.12/site-packages/airflow/example_dags/tutorial_taskflow_api_virtualenv.py took 0.095 seconds
[2026-09-17T20:33:55.328+0000] {processor.py:186} INFO - Started process (PID=736) to work on /home/airflow/.local/lib/python3.12/site-packages/airflow/example_dags/tutorial_taskflow_api_virtualenv.py
[2026-09-17T20:33:55.330+0000] {processor.py:914} INFO - Processing file /home/airflow/.local/lib/python3.12/site-packages/airflow/example_dags/tutorial_taskflow_api_virtualenv.py for tasks to queue
[2026-09-17T20:33:55.332+0000] {logging_mixin.py:190} INFO - [2026-09-17T20:33:55.332+0000] {dagbag.py:588} INFO - Filling up the DagBag from /home/airflow/.local/lib/python3.12/site-packages/airflow/example_dags/tutorial_taskflow_api_virtualenv.py
[2026-09-17T20:33:55.346+0000] {processor.py:925} INFO - DAG(s) 'tutorial_taskflow_api_virtualenv' retrieved from /home/airflow/.local/lib/python3.12/site-packages/airflow/example_dags/tutorial_taskflow_api_virtualenv.py
[2026-09-17T20:33:55.371+0000] {logging_mixin.py:190} INFO - [2026-09-17T20:33:55.371+0000] {dag.py:3239} INFO - Sync 1 DAGs
[2026-09-17T20:33:55.385+0000] {logging_mixin.py:190} INFO - [2026-09-17T20:33:55.384+0000] {dag.py:4180} INFO - Setting next_dagrun for tutorial_taskflow_api_virtualenv to None, run_after=None
[2026-09-17T20:33:55.405+0000] {processor.py:208} INFO - Processing /home/airflow/.local/lib/python3.12/site-packages/airflow/example_dags/tutorial_taskflow_api_virtualenv.py took 0.084 seconds
[2026-09-17T20:34:26.171+0000] {processor.py:186} INFO - Started process (PID=801) to work on /home/airflow/.local/lib/python3.12/site-packages/airflow/example_dags/tutorial_taskflow_api_virtualenv.py
[2026-09-17T20:34:26.173+0000] {processor.py:914} INFO - Processing file /home/airflow/.local/lib/python3.12/site-packages/airflow/example_dags/tutorial_taskflow_api_virtualenv.py for tasks to queue
[2026-09-17T20:34:26.175+0000] {logging_mixin.py:190} INFO - [2026-09-17T20:34:26.175+0000] {dagbag.py:588} INFO - Filling up the DagBag from /home/airflow/.local/lib/python3.12/site-packages/airflow/example_dags/tutorial_taskflow_api_virtualenv.py
[2026-09-17T20:34:26.189+0000] {processor.py:925} INFO - DAG(s) 'tutorial_taskflow_api_virtualenv' retrieved from /home/airflow/.local/lib/python3.12/site-packages/airflow/example_dags/tutorial_taskflow_api_virtualenv.py
[2026-09-17T20:34:26.216+0000] {logging_mixin.py:190} INFO - [2026-09-17T20:34:26.215+0000] {dag.py:3239} INFO - Sync 1 DAGs
[2026-09-17T20:34:26.231+0000] {logging_mixin.py:190} INFO - [2026-09-17T20:34:26.230+0000] {dag.py:4180} INFO - Setting next_dagrun for tutorial_taskflow_api_virtualenv to None, run_after=None
[2026-09-17T20:34:26.254+0000] {processor.py:208} INFO - Processing /home/airflow/.local/lib/python3.12/site-packages/airflow/example_dags/tutorial_taskflow_api_virtualenv.py took 0.089 seconds
[2026-09-17T20:34:57.679+0000] {processor.py:186} INFO - Started process (PID=866) to work on /home/airflow/.local/lib/python3.12/site-packages/airflow/example_dags/tutorial_taskflow_api_virtualenv.py
[2026-09-17T20:34:57.682+0000] {processor.py:914} INFO - Processing file /home/airflow/.local/lib/python3.12/site-packages/airflow/example_dags/tutorial_taskflow_api_virtualenv.py for tasks to queue
[2026-09-17T20:34:57.685+0000] {logging_mixin.py:190} INFO - [2026-09-17T20:34:57.684+0000] {dagbag.py:588} INFO - Filling up the DagBag from /home/airflow/.local/lib/python3.12/site-packages/airflow/example_dags/tutorial_taskflow_api_virtualenv.py
[2026-09-17T20:34:57.700+0000] {processor.py:925} INFO - DAG(s) 'tutorial_taskflow_api_virtualenv' retrieved from /home/airflow/.local/lib/python3.12/site-packages/airflow/example_dags/tutorial_taskflow_api_virtualenv.py
[2026-09-17T20:34:57.729+0000] {logging_mixin.py:190} INFO - [2026-09-17T20:34:57.728+0000] {dag.py:3239} INFO - Sync 1 DAGs
[2026-09-17T20:34:57.745+0000] {logging_mixin.py:190} INFO - [2026-09-17T20:34:57.745+0000] {dag.py:4180} INFO - Setting next_dagrun for tutorial_taskflow_api_virtualenv to None, run_after=None
[2026-09-17T20:34:57.767+0000] {processor.py:208} INFO - Processing /home/airflow/.local/lib/python3.12/site-packages/airflow/example_dags/tutorial_taskflow_api_virtualenv.py took 0.096 seconds
[2026-09-17T20:35:29.134+0000] {processor.py:186} INFO - Started process (PID=931) to work on /home/airflow/.local/lib/python3.12/site-packages/airflow/example_dags/tutorial_taskflow_api_virtualenv.py
[2026-09-17T20:35:29.136+0000] {processor.py:914} INFO - Processing file /home/airflow/.local/lib/python3.12/site-packages/airflow/example_dags/tutorial_taskflow_api_virtualenv.py for tasks to queue
[2026-09-17T20:35:29.138+0000] {logging_mixin.py:190} INFO - [2026-09-17T20:35:29.138+0000] {dagbag.py:588} INFO - Filling up the DagBag from /home/airflow/.local/lib/python3.12/site-packages/airflow/example_dags/tutorial_taskflow_api_virtualenv.py
[2026-09-17T20:35:29.155+0000] {processor.py:925} INFO - DAG(s) 'tutorial_taskflow_api_virtualenv' retrieved from /home/airflow/.local/lib/python3.12/site-packages/airflow/example_dags/tutorial_taskflow_api_virtualenv.py
[2026-09-17T20:35:29.193+0000] {logging_mixin.py:190} INFO - [2026-09-17T20:35:29.193+0000] {dag.py:3239} INFO - Sync 1 DAGs
[2026-09-17T20:35:29.211+0000] {logging_mixin.py:190} INFO - [2026-09-17T20:35:29.211+0000] {dag.py:4180} INFO - Setting next_dagrun for tutorial_taskflow_api_virtualenv to None, run_after=None
[2026-09-17T20:35:29.237+0000] {processor.py:208} INFO - Processing /home/airflow/.local/lib/python3.12/site-packages/airflow/example_dags/tutorial_taskflow_api_virtualenv.py took 0.111 seconds
[2026-09-17T20:36:00.171+0000] {processor.py:186} INFO - Started process (PID=996) to work on /home/airflow/.local/lib/python3.12/site-packages/airflow/example_dags/tutorial_taskflow_api_virtualenv.py
[2026-09-17T20:36:00.173+0000] {processor.py:914} INFO - Processing file /home/airflow/.local/lib/python3.12/site-packages/airflow/example_dags/tutorial_taskflow_api_virtualenv.py for tasks to queue
[2026-09-17T20:36:00.176+0000] {logging_mixin.py:190} INFO - [2026-09-17T20:36:00.175+0000] {dagbag.py:588} INFO - Filling up the DagBag from /home/airflow/.local/lib/python3.12/site-packages/airflow/example_dags/tutorial_taskflow_api_virtualenv.py
[2026-09-17T20:36:00.191+0000] {processor.py:925} INFO - DAG(s) 'tutorial_taskflow_api_virtualenv' retrieved from /home/airflow/.local/lib/python3.12/site-packages/airflow/example_dags/tutorial_taskflow_api_virtualenv.py
[2026-09-17T20:36:00.222+0000] {logging_mixin.py:190} INFO - [2026-09-17T20:36:00.222+0000] {dag.py:3239} INFO - Sync 1 DAGs
[2026-09-17T20:36:00.253+0000] {logging_mixin.py:190} INFO - [2026-09-17T20:36:00.253+0000] {dag.py:4180} INFO - Setting next_dagrun for tutorial_taskflow_api_virtualenv to None, run_after=None
[2026-09-17T20:36:00.278+0000] {processor.py:208} INFO - Processing /home/airflow/.local/lib/python3.12/site-packages/airflow/example_dags/tutorial_taskflow_api_virtualenv.py took 0.114 seconds
[2026-09-17T20:36:31.488+0000] {processor.py:186} INFO - Started process (PID=1061) to work on /home/airflow/.local/lib/python3.12/site-packages/airflow/example_dags/tutorial_taskflow_api_virtualenv.py
[2026-09-17T20:36:31.490+0000] {processor.py:914} INFO - Processing file /home/airflow/.local/lib/python3.12/site-packages/airflow/example_dags/tutorial_taskflow_api_virtualenv.py for tasks to queue
[2026-09-17T20:36:31.493+0000] {logging_mixin.py:190} INFO - [2026-09-17T20:36:31.492+0000] {dagbag.py:588} INFO - Filling up the DagBag from /home/airflow/.local/lib/python3.12/site-packages/airflow/example_dags/tutorial_taskflow_api_virtualenv.py
[2026-09-17T20:36:31.507+0000] {processor.py:925} INFO - DAG(s) 'tutorial_taskflow_api_virtualenv' retrieved from /home/airflow/.local/lib/python3.12/site-packages/airflow/example_dags/tutorial_taskflow_api_virtualenv.py
[2026-09-17T20:36:31.535+0000] {logging_mixin.py:190} INFO - [2026-09-17T20:36:31.535+0000] {dag.py:3239} INFO - Sync 1 DAGs
[2026-09-17T20:36:31.550+0000] {logging_mixin.py:190} INFO - [2026-09-17T20:36:31.550+0000] {dag.py:4180} INFO - Setting next_dagrun for tutorial_taskflow_api_virtualenv to None, run_after=None
[2026-09-17T20:36:31.572+0000] {processor.py:208} INFO - Processing /home/airflow/.local/lib/python3.12/site-packages/airflow/example_dags/tutorial_taskflow_api_virtualenv.py took 0.091 seconds
[2026-09-17T20:37:03.081+0000] {processor.py:186} INFO - Started process (PID=1126) to work on /home/airflow/.local/lib/python3.12/site-packages/airflow/example_dags/tutorial_taskflow_api_virtualenv.py
[2026-09-17T20:37:03.084+0000] {processor.py:914} INFO - Processing file /home/airflow/.local/lib/python3.12/site-packages/airflow/example_dags/tutorial_taskflow_api_virtualenv.py for tasks to queue
[2026-09-17T20:37:03.087+0000] {logging_mixin.py:190} INFO - [2026-09-17T20:37:03.086+0000] {dagbag.py:588} INFO - Filling up the DagBag from /home/airflow/.local/lib/python3.12/site-packages/airflow/example_dags/tutorial_taskflow_api_virtualenv.py
[2026-09-17T20:37:03.103+0000] {processor.py:925} INFO - DAG(s) 'tutorial_taskflow_api_virtualenv' retrieved from /home/airflow/.local/lib/python3.12/site-packages/airflow/example_dags/tutorial_taskflow_api_virtualenv.py
[2026-09-17T20:37:03.129+0000] {logging_mixin.py:190} INFO - [2026-09-17T20:37:03.129+0000] {dag.py:3239} INFO - Sync 1 DAGs
[2026-09-17T20:37:03.143+0000] {logging_mixin.py:190} INFO - [2026-09-17T20:37:03.143+0000] {dag.py:4180} INFO - Setting next_dagrun for tutorial_taskflow_api_virtualenv to None, run_after=None
[2026-09-17T20:37:03.164+0000] {processor.py:208} INFO - Processing /home/airflow/.local/lib/python3.12/site-packages/airflow/example_dags/tutorial_taskflow_api_virtualenv.py took 0.089 seconds
[2026-09-17T20:37:34.039+0000] {processor.py:186} INFO - Started process (PID=1191) to work on /home/airflow/.local/lib/python3.12/site-packages/airflow/example_dags/tutorial_taskflow_api_virtualenv.py
[2026-09-17T20:37:34.042+0000] {processor.py:914} INFO - Processing file /home/airflow/.local/lib/python3.12/site-packages/airflow/example_dags/tutorial_taskflow_api_virtualenv.py for tasks to queue
[2026-09-17T20:37:34.045+0000] {logging_mixin.py:190} INFO - [2026-09-17T20:37:34.044+0000] {dagbag.py:588} INFO - Filling up the DagBag from /home/airflow/.local/lib/python3.12/site-packages/airflow/example_dags/tutorial_taskflow_api_virtualenv.py
[2026-09-17T20:37:34.060+0000] {processor.py:925} INFO - DAG(s) 'tutorial_taskflow_api_virtualenv' retrieved from /home/airflow/.local/lib/python3.12/site-packages/airflow/example_dags/tutorial_taskflow_api_virtualenv.py
[2026-09-17T20:37:34.090+0000] {logging_mixin.py:190} INFO - [2026-09-17T20:37:34.090+0000] {dag.py:3239} INFO - Sync 1 DAGs
[2026-09-17T20:37:34.107+0000] {logging_mixin.py:190} INFO - [2026-09-17T20:37:34.107+0000] {dag.py:4180} INFO - Setting next_dagrun for tutorial_taskflow_api_virtualenv to None, run_after=None
[2026-09-17T20:37:34.134+0000] {processor.py:208} INFO - Processing /home/airflow/.local/lib/python3.12/site-packages/airflow/example_dags/tutorial_taskflow_api_virtualenv.py took 0.101 seconds
[2026-09-17T20:38:04.939+0000] {processor.py:186} INFO - Started process (PID=1255) to work on /home/airflow/.local/lib/python3.12/site-packages/airflow/example_dags/tutorial_taskflow_api_virtualenv.py
[2026-09-17T20:38:04.940+0000] {processor.py:914} INFO - Processing file /home/airflow/.local/lib/python3.12/site-packages/airflow/example_dags/tutorial_taskflow_api_virtualenv.py for tasks to queue
[2026-09-17T20:38:04.943+0000] {logging_mixin.py:190} INFO - [2026-09-17T20:38:04.942+0000] {dagbag.py:588} INFO - Filling up the DagBag from /home/airflow/.local/lib/python3.12/site-packages/airflow/example_dags/tutorial_taskflow_api_virtualenv.py
[2026-09-17T20:38:04.958+0000] {processor.py:925} INFO - DAG(s) 'tutorial_taskflow_api_virtualenv' retrieved from /home/airflow/.local/lib/python3.12/site-packages/airflow/example_dags/tutorial_taskflow_api_virtualenv.py
[2026-09-17T20:38:04.989+0000] {logging_mixin.py:190} INFO - [2026-09-17T20:38:04.988+0000] {dag.py:3239} INFO - Sync 1 DAGs
[2026-09-17T20:38:05.005+0000] {logging_mixin.py:190} INFO - [2026-09-17T20:38:05.005+0000] {dag.py:4180} INFO - Setting next_dagrun for tutorial_taskflow_api_virtualenv to None, run_after=None
[2026-09-17T20:38:05.031+0000] {processor.py:208} INFO - Processing /home/airflow/.local/lib/python3.12/site-packages/airflow/example_dags/tutorial_taskflow_api_virtualenv.py took 0.098 seconds
[2026-09-17T20:38:36.036+0000] {processor.py:186} INFO - Started process (PID=1313) to work on /home/airflow/.local/lib/python3.12/site-packages/airflow/example_dags/tutorial_taskflow_api_virtualenv.py
[2026-09-17T20:38:36.038+0000] {processor.py:914} INFO - Processing file /home/airflow/.local/lib/python3.12/site-packages/airflow/example_dags/tutorial_taskflow_api_virtualenv.py for tasks to queue
[2026-09-17T20:38:36.040+0000] {logging_mixin.py:190} INFO - [2026-09-17T20:38:36.039+0000] {dagbag.py:588} INFO - Filling up the DagBag from /home/airflow/.local/lib/python3.12/site-packages/airflow/example_dags/tutorial_taskflow_api_virtualenv.py
[2026-09-17T20:38:36.053+0000] {processor.py:925} INFO - DAG(s) 'tutorial_taskflow_api_virtualenv' retrieved from /home/airflow/.local/lib/python3.12/site-packages/airflow/example_dags/tutorial_taskflow_api_virtualenv.py
[2026-09-17T20:38:36.082+0000] {logging_mixin.py:190} INFO - [2026-09-17T20:38:36.082+0000] {dag.py:3239} INFO - Sync 1 DAGs
[2026-09-17T20:38:36.099+0000] {logging_mixin.py:190} INFO - [2026-09-17T20:38:36.099+0000] {dag.py:4180} INFO - Setting next_dagrun for tutorial_taskflow_api_virtualenv to None, run_after=None
[2026-09-17T20:38:36.123+0000] {processor.py:208} INFO - Processing /home/airflow/.local/lib/python3.12/site-packages/airflow/example_dags/tutorial_taskflow_api_virtualenv.py took 0.093 seconds
[2026-09-17T20:39:07.600+0000] {processor.py:186} INFO - Started process (PID=1378) to work on /home/airflow/.local/lib/python3.12/site-packages/airflow/example_dags/tutorial_taskflow_api_virtualenv.py
[2026-09-17T20:39:07.602+0000] {processor.py:914} INFO - Processing file /home/airflow/.local/lib/python3.12/site-packages/airflow/example_dags/tutorial_taskflow_api_virtualenv.py for tasks to queue
[2026-09-17T20:39:07.605+0000] {logging_mixin.py:190} INFO - [2026-09-17T20:39:07.605+0000] {dagbag.py:588} INFO - Filling up the DagBag from /home/airflow/.local/lib/python3.12/site-packages/airflow/example_dags/tutorial_taskflow_api_virtualenv.py
[2026-09-17T20:39:07.621+0000] {processor.py:925} INFO - DAG(s) 'tutorial_taskflow_api_virtualenv' retrieved from /home/airflow/.local/lib/python3.12/site-packages/airflow/example_dags/tutorial_taskflow_api_virtualenv.py
[2026-09-17T20:39:07.650+0000] {logging_mixin.py:190} INFO - [2026-09-17T20:39:07.650+0000] {dag.py:3239} INFO - Sync 1 DAGs
[2026-09-17T20:39:07.666+0000] {logging_mixin.py:190} INFO - [2026-09-17T20:39:07.666+0000] {dag.py:4180} INFO - Setting next_dagrun for tutorial_taskflow_api_virtualenv to None, run_after=None
[2026-09-17T20:39:07.692+0000] {processor.py:208} INFO - Processing /home/airflow/.local/lib/python3.12/site-packages/airflow/example_dags/tutorial_taskflow_api_virtualenv.py took 0.099 seconds
[2026-09-17T20:39:39.515+0000] {processor.py:186} INFO - Started process (PID=1443) to work on /home/airflow/.local/lib/python3.12/site-packages/airflow/example_dags/tutorial_taskflow_api_virtualenv.py
[2026-09-17T20:39:39.516+0000] {processor.py:914} INFO - Processing file /home/airflow/.local/lib/python3.12/site-packages/airflow/example_dags/tutorial_taskflow_api_virtualenv.py for tasks to queue
[2026-09-17T20:39:39.520+0000] {logging_mixin.py:190} INFO - [2026-09-17T20:39:39.520+0000] {dagbag.py:588} INFO - Filling up the DagBag from /home/airflow/.local/lib/python3.12/site-packages/airflow/example_dags/tutorial_taskflow_api_virtualenv.py
[2026-09-17T20:39:39.539+0000] {processor.py:925} INFO - DAG(s) 'tutorial_taskflow_api_virtualenv' retrieved from /home/airflow/.local/lib/python3.12/site-packages/airflow/example_dags/tutorial_taskflow_api_virtualenv.py
[2026-09-17T20:39:39.571+0000] {logging_mixin.py:190} INFO - [2026-09-17T20:39:39.571+0000] {dag.py:3239} INFO - Sync 1 DAGs
[2026-09-17T20:39:39.588+0000] {logging_mixin.py:190} INFO - [2026-09-17T20:39:39.588+0000] {dag.py:4180} INFO - Setting next_dagrun for tutorial_taskflow_api_virtualenv to None, run_after=None
[2026-09-17T20:39:39.618+0000] {processor.py:208} INFO - Processing /home/airflow/.local/lib/python3.12/site-packages/airflow/example_dags/tutorial_taskflow_api_virtualenv.py took 0.110 seconds
[2026-09-17T20:40:10.679+0000] {processor.py:186} INFO - Started process (PID=1509) to work on /home/airflow/.local/lib/python3.12/site-packages/airflow/example_dags/tutorial_taskflow_api_virtualenv.py
[2026-09-17T20:40:10.681+0000] {processor.py:914} INFO - Processing file /home/airflow/.local/lib/python3.12/site-packages/airflow/example_dags/tutorial_taskflow_api_virtualenv.py for tasks to queue
[2026-09-17T20:40:10.684+0000] {logging_mixin.py:190} INFO - [2026-09-17T20:40:10.683+0000] {dagbag.py:588} INFO - Filling up the DagBag from /home/airflow/.local/lib/python3.12/site-packages/airflow/example_dags/tutorial_taskflow_api_virtualenv.py
[2026-09-17T20:40:10.703+0000] {processor.py:925} INFO - DAG(s) 'tutorial_taskflow_api_virtualenv' retrieved from /home/airflow/.local/lib/python3.12/site-packages/airflow/example_dags/tutorial_taskflow_api_virtualenv.py
[2026-09-17T20:40:10.731+0000] {logging_mixin.py:190} INFO - [2026-09-17T20:40:10.731+0000] {dag.py:3239} INFO - Sync 1 DAGs
[2026-09-17T20:40:10.748+0000] {logging_mixin.py:190} INFO - [2026-09-17T20:40:10.748+0000] {dag.py:4180} INFO - Setting next_dagrun for tutorial_taskflow_api_virtualenv to None, run_after=None
[2026-09-17T20:40:10.783+0000] {processor.py:208} INFO - Processing /home/airflow/.local/lib/python3.12/site-packages/airflow/example_dags/tutorial_taskflow_api_virtualenv.py took 0.110 seconds
[2026-09-17T20:40:41.604+0000] {processor.py:186} INFO - Started process (PID=1574) to work on /home/airflow/.local/lib/python3.12/site-packages/airflow/example_dags/tutorial_taskflow_api_virtualenv.py
[2026-09-17T20:40:41.606+0000] {processor.py:914} INFO - Processing file /home/airflow/.local/lib/python3.12/site-packages/airflow/example_dags/tutorial_taskflow_api_virtualenv.py for tasks to queue
[2026-09-17T20:40:41.608+0000] {logging_mixin.py:190} INFO - [2026-09-17T20:40:41.608+0000] {dagbag.py:588} INFO - Filling up the DagBag from /home/airflow/.local/lib/python3.12/site-packages/airflow/example_dags/tutorial_taskflow_api_virtualenv.py
[2026-09-17T20:40:41.621+0000] {processor.py:925} INFO - DAG(s) 'tutorial_taskflow_api_virtualenv' retrieved from /home/airflow/.local/lib/python3.12/site-packages/airflow/example_dags/tutorial_taskflow_api_virtualenv.py
[2026-09-17T20:40:41.645+0000] {logging_mixin.py:190} INFO - [2026-09-17T20:40:41.645+0000] {dag.py:3239} INFO - Sync 1 DAGs
[2026-09-17T20:40:41.659+0000] {logging_mixin.py:190} INFO - [2026-09-17T20:40:41.659+0000] {dag.py:4180} INFO - Setting next_dagrun for tutorial_taskflow_api_virtualenv to None, run_after=None
[2026-09-17T20:40:41.685+0000] {processor.py:208} INFO - Processing /home/airflow/.local/lib/python3.12/site-packages/airflow/example_dags/tutorial_taskflow_api_virtualenv.py took 0.087 seconds
[2026-09-17T20:41:12.816+0000] {processor.py:186} INFO - Started process (PID=1639) to work on /home/airflow/.local/lib/python3.12/site-packages/airflow/example_dags/tutorial_taskflow_api_virtualenv.py
[2026-09-17T20:41:12.818+0000] {processor.py:914} INFO - Processing file /home/airflow/.local/lib/python3.12/site-packages/airflow/example_dags/tutorial_taskflow_api_virtualenv.py for tasks to queue
[2026-09-17T20:41:12.821+0000] {logging_mixin.py:190} INFO - [2026-09-17T20:41:12.820+0000] {dagbag.py:588} INFO - Filling up the DagBag from /home/airflow/.local/lib/python3.12/site-packages/airflow/example_dags/tutorial_taskflow_api_virtualenv.py
[2026-09-17T20:41:12.838+0000] {processor.py:925} INFO - DAG(s) 'tutorial_taskflow_api_virtualenv' retrieved from /home/airflow/.local/lib/python3.12/site-packages/airflow/example_dags/tutorial_taskflow_api_virtualenv.py
[2026-09-17T20:41:12.868+0000] {logging_mixin.py:190} INFO - [2026-09-17T20:41:12.868+0000] {dag.py:3239} INFO - Sync 1 DAGs
[2026-09-17T20:41:12.886+0000] {logging_mixin.py:190} INFO - [2026-09-17T20:41:12.886+0000] {dag.py:4180} INFO - Setting next_dagrun for tutorial_taskflow_api_virtualenv to None, run_after=None
[2026-09-17T20:41:12.909+0000] {processor.py:208} INFO - Processing /home/airflow/.local/lib/python3.12/site-packages/airflow/example_dags/tutorial_taskflow_api_virtualenv.py took 0.100 seconds
[2026-09-17T20:41:44.157+0000] {processor.py:186} INFO - Started process (PID=1704) to work on /home/airflow/.local/lib/python3.12/site-packages/airflow/example_dags/tutorial_taskflow_api_virtualenv.py
[2026-09-17T20:41:44.158+0000] {processor.py:914} INFO - Processing file /home/airflow/.local/lib/python3.12/site-packages/airflow/example_dags/tutorial_taskflow_api_virtualenv.py for tasks to queue
[2026-09-17T20:41:44.160+0000] {logging_mixin.py:190} INFO - [2026-09-17T20:41:44.160+0000] {dagbag.py:588} INFO - Filling up the DagBag from /home/airflow/.local/lib/python3.12/site-packages/airflow/example_dags/tutorial_taskflow_api_virtualenv.py
[2026-09-17T20:41:44.173+0000] {processor.py:925} INFO - DAG(s) 'tutorial_taskflow_api_virtualenv' retrieved from /home/airflow/.local/lib/python3.12/site-packages/airflow/example_dags/tutorial_taskflow_api_virtualenv.py
[2026-09-17T20:41:44.199+0000] {logging_mixin.py:190} INFO - [2026-09-17T20:41:44.198+0000] {dag.py:3239} INFO - Sync 1 DAGs
[2026-09-17T20:41:44.214+0000] {logging_mixin.py:190} INFO - [2026-09-17T20:41:44.213+0000] {dag.py:4180} INFO - Setting next_dagrun for tutorial_taskflow_api_virtualenv to None, run_after=None
[2026-09-17T20:41:44.235+0000] {processor.py:208} INFO - Processing /home/airflow/.local/lib/python3.12/site-packages/airflow/example_dags/tutorial_taskflow_api_virtualenv.py took 0.084 seconds
[2026-09-17T20:42:15.497+0000] {processor.py:186} INFO - Started process (PID=1769) to work on /home/airflow/.local/lib/python3.12/site-packages/airflow/example_dags/tutorial_taskflow_api_virtualenv.py
[2026-09-17T20:42:15.499+0000] {processor.py:914} INFO - Processing file /home/airflow/.local/lib/python3.12/site-packages/airflow/example_dags/tutorial_taskflow_api_virtualenv.py for tasks to queue
[2026-09-17T20:42:15.502+0000] {logging_mixin.py:190} INFO - [2026-09-17T20:42:15.502+0000] {dagbag.py:588} INFO - Filling up the DagBag from /home/airflow/.local/lib/python3.12/site-packages/airflow/example_dags/tutorial_taskflow_api_virtualenv.py
[2026-09-17T20:42:15.516+0000] {processor.py:925} INFO - DAG(s) 'tutorial_taskflow_api_virtualenv' retrieved from /home/airflow/.local/lib/python3.12/site-packages/airflow/example_dags/tutorial_taskflow_api_virtualenv.py
[2026-09-17T20:42:15.545+0000] {logging_mixin.py:190} INFO - [2026-09-17T20:42:15.544+0000] {dag.py:3239} INFO - Sync 1 DAGs
[2026-09-17T20:42:15.561+0000] {logging_mixin.py:190} INFO - [2026-09-17T20:42:15.561+0000] {dag.py:4180} INFO - Setting next_dagrun for tutorial_taskflow_api_virtualenv to None, run_after=None
[2026-09-17T20:42:15.588+0000] {processor.py:208} INFO - Processing /home/airflow/.local/lib/python3.12/site-packages/airflow/example_dags/tutorial_taskflow_api_virtualenv.py took 0.097 seconds
[2026-09-17T20:42:51.660+0000] {processor.py:186} INFO - Started process (PID=1834) to work on /home/airflow/.local/lib/python3.12/site-packages/airflow/example_dags/tutorial_taskflow_api_virtualenv.py
[2026-09-17T20:42:51.664+0000] {processor.py:914} INFO - Processing file /home/airflow/.local/lib/python3.12/site-packages/airflow/example_dags/tutorial_taskflow_api_virtualenv.py for tasks to queue
[2026-09-17T20:42:51.669+0000] {logging_mixin.py:190} INFO - [2026-09-17T20:42:51.668+0000] {dagbag.py:588} INFO - Filling up the DagBag from /home/airflow/.local/lib/python3.12/site-packages/airflow/example_dags/tutorial_taskflow_api_virtualenv.py
[2026-09-17T20:42:51.715+0000] {processor.py:925} INFO - DAG(s) 'tutorial_taskflow_api_virtualenv' retrieved from /home/airflow/.local/lib/python3.12/site-packages/airflow/example_dags/tutorial_taskflow_api_virtualenv.py
[2026-09-17T20:42:51.810+0000] {logging_mixin.py:190} INFO - [2026-09-17T20:42:51.808+0000] {dag.py:3239} INFO - Sync 1 DAGs
[2026-09-17T20:42:51.871+0000] {logging_mixin.py:190} INFO - [2026-09-17T20:42:51.870+0000] {dag.py:4180} INFO - Setting next_dagrun for tutorial_taskflow_api_virtualenv to None, run_after=None
[2026-09-17T20:42:51.935+0000] {processor.py:208} INFO - Processing /home/airflow/.local/lib/python3.12/site-packages/airflow/example_dags/tutorial_taskflow_api_virtualenv.py took 0.293 seconds
[2026-09-17T20:43:44.186+0000] {processor.py:186} INFO - Started process (PID=1910) to work on /home/airflow/.local/lib/python3.12/site-packages/airflow/example_dags/tutorial_taskflow_api_virtualenv.py
[2026-09-17T20:43:44.188+0000] {processor.py:914} INFO - Processing file /home/airflow/.local/lib/python3.12/site-packages/airflow/example_dags/tutorial_taskflow_api_virtualenv.py for tasks to queue
[2026-09-17T20:43:44.190+0000] {logging_mixin.py:190} INFO - [2026-09-17T20:43:44.189+0000] {dagbag.py:588} INFO - Filling up the DagBag from /home/airflow/.local/lib/python3.12/site-packages/airflow/example_dags/tutorial_taskflow_api_virtualenv.py
[2026-09-17T20:43:44.206+0000] {processor.py:925} INFO - DAG(s) 'tutorial_taskflow_api_virtualenv' retrieved from /home/airflow/.local/lib/python3.12/site-packages/airflow/example_dags/tutorial_taskflow_api_virtualenv.py
[2026-09-17T20:43:44.243+0000] {logging_mixin.py:190} INFO - [2026-09-17T20:43:44.243+0000] {dag.py:3239} INFO - Sync 1 DAGs
[2026-09-17T20:43:44.272+0000] {logging_mixin.py:190} INFO - [2026-09-17T20:43:44.271+0000] {dag.py:4180} INFO - Setting next_dagrun for tutorial_taskflow_api_virtualenv to None, run_after=None
[2026-09-17T20:43:45.283+0000] {processor.py:208} INFO - Processing /home/airflow/.local/lib/python3.12/site-packages/airflow/example_dags/tutorial_taskflow_api_virtualenv.py took 1.104 seconds
[2026-09-17T20:44:16.111+0000] {processor.py:186} INFO - Started process (PID=1975) to work on /home/airflow/.local/lib/python3.12/site-packages/airflow/example_dags/tutorial_taskflow_api_virtualenv.py
[2026-09-17T20:44:16.115+0000] {processor.py:914} INFO - Processing file /home/airflow/.local/lib/python3.12/site-packages/airflow/example_dags/tutorial_taskflow_api_virtualenv.py for tasks to queue
[2026-09-17T20:44:16.118+0000] {logging_mixin.py:190} INFO - [2026-09-17T20:44:16.117+0000] {dagbag.py:588} INFO - Filling up the DagBag from /home/airflow/.local/lib/python3.12/site-packages/airflow/example_dags/tutorial_taskflow_api_virtualenv.py
[2026-09-17T20:44:16.137+0000] {processor.py:925} INFO - DAG(s) 'tutorial_taskflow_api_virtualenv' retrieved from /home/airflow/.local/lib/python3.12/site-packages/airflow/example_dags/tutorial_taskflow_api_virtualenv.py
[2026-09-17T20:44:16.177+0000] {logging_mixin.py:190} INFO - [2026-09-17T20:44:16.177+0000] {dag.py:3239} INFO - Sync 1 DAGs
[2026-09-17T20:44:16.193+0000] {logging_mixin.py:190} INFO - [2026-09-17T20:44:16.193+0000] {dag.py:4180} INFO - Setting next_dagrun for tutorial_taskflow_api_virtualenv to None, run_after=None
[2026-09-17T20:44:16.220+0000] {processor.py:208} INFO - Processing /home/airflow/.local/lib/python3.12/site-packages/airflow/example_dags/tutorial_taskflow_api_virtualenv.py took 0.117 seconds
[2026-09-17T20:44:47.899+0000] {processor.py:186} INFO - Started process (PID=2040) to work on /home/airflow/.local/lib/python3.12/site-packages/airflow/example_dags/tutorial_taskflow_api_virtualenv.py
[2026-09-17T20:44:47.904+0000] {processor.py:914} INFO - Processing file /home/airflow/.local/lib/python3.12/site-packages/airflow/example_dags/tutorial_taskflow_api_virtualenv.py for tasks to queue
[2026-09-17T20:44:47.910+0000] {logging_mixin.py:190} INFO - [2026-09-17T20:44:47.909+0000] {dagbag.py:588} INFO - Filling up the DagBag from /home/airflow/.local/lib/python3.12/site-packages/airflow/example_dags/tutorial_taskflow_api_virtualenv.py
[2026-09-17T20:44:47.928+0000] {processor.py:925} INFO - DAG(s) 'tutorial_taskflow_api_virtualenv' retrieved from /home/airflow/.local/lib/python3.12/site-packages/airflow/example_dags/tutorial_taskflow_api_virtualenv.py
[2026-09-17T20:44:47.959+0000] {logging_mixin.py:190} INFO - [2026-09-17T20:44:47.959+0000] {dag.py:3239} INFO - Sync 1 DAGs
[2026-09-17T20:44:47.977+0000] {logging_mixin.py:190} INFO - [2026-09-17T20:44:47.977+0000] {dag.py:4180} INFO - Setting next_dagrun for tutorial_taskflow_api_virtualenv to None, run_after=None
[2026-09-17T20:44:48.209+0000] {processor.py:208} INFO - Processing /home/airflow/.local/lib/python3.12/site-packages/airflow/example_dags/tutorial_taskflow_api_virtualenv.py took 0.325 seconds
[2026-09-17T20:45:36.353+0000] {processor.py:186} INFO - Started process (PID=2110) to work on /home/airflow/.local/lib/python3.12/site-packages/airflow/example_dags/tutorial_taskflow_api_virtualenv.py
[2026-09-17T20:45:36.356+0000] {processor.py:914} INFO - Processing file /home/airflow/.local/lib/python3.12/site-packages/airflow/example_dags/tutorial_taskflow_api_virtualenv.py for tasks to queue
[2026-09-17T20:45:36.358+0000] {logging_mixin.py:190} INFO - [2026-09-17T20:45:36.358+0000] {dagbag.py:588} INFO - Filling up the DagBag from /home/airflow/.local/lib/python3.12/site-packages/airflow/example_dags/tutorial_taskflow_api_virtualenv.py
[2026-09-17T20:45:36.377+0000] {processor.py:925} INFO - DAG(s) 'tutorial_taskflow_api_virtualenv' retrieved from /home/airflow/.local/lib/python3.12/site-packages/airflow/example_dags/tutorial_taskflow_api_virtualenv.py
[2026-09-17T20:45:36.431+0000] {logging_mixin.py:190} INFO - [2026-09-17T20:45:36.430+0000] {dag.py:3239} INFO - Sync 1 DAGs
[2026-09-17T20:45:36.454+0000] {logging_mixin.py:190} INFO - [2026-09-17T20:45:36.453+0000] {dag.py:4180} INFO - Setting next_dagrun for tutorial_taskflow_api_virtualenv to None, run_after=None
[2026-09-17T20:45:36.492+0000] {processor.py:208} INFO - Processing /home/airflow/.local/lib/python3.12/site-packages/airflow/example_dags/tutorial_taskflow_api_virtualenv.py took 0.146 seconds
[2026-09-17T20:46:06.739+0000] {processor.py:186} INFO - Started process (PID=2174) to work on /home/airflow/.local/lib/python3.12/site-packages/airflow/example_dags/tutorial_taskflow_api_virtualenv.py
[2026-09-17T20:46:06.741+0000] {processor.py:914} INFO - Processing file /home/airflow/.local/lib/python3.12/site-packages/airflow/example_dags/tutorial_taskflow_api_virtualenv.py for tasks to queue
[2026-09-17T20:46:06.743+0000] {logging_mixin.py:190} INFO - [2026-09-17T20:46:06.743+0000] {dagbag.py:588} INFO - Filling up the DagBag from /home/airflow/.local/lib/python3.12/site-packages/airflow/example_dags/tutorial_taskflow_api_virtualenv.py
[2026-09-17T20:46:06.769+0000] {processor.py:925} INFO - DAG(s) 'tutorial_taskflow_api_virtualenv' retrieved from /home/airflow/.local/lib/python3.12/site-packages/airflow/example_dags/tutorial_taskflow_api_virtualenv.py
[2026-09-17T20:46:06.800+0000] {logging_mixin.py:190} INFO - [2026-09-17T20:46:06.800+0000] {dag.py:3239} INFO - Sync 1 DAGs
[2026-09-17T20:46:06.825+0000] {logging_mixin.py:190} INFO - [2026-09-17T20:46:06.824+0000] {dag.py:4180} INFO - Setting next_dagrun for tutorial_taskflow_api_virtualenv to None, run_after=None
[2026-09-17T20:46:06.853+0000] {processor.py:208} INFO - Processing /home/airflow/.local/lib/python3.12/site-packages/airflow/example_dags/tutorial_taskflow_api_virtualenv.py took 0.123 seconds
[2026-09-17T20:46:37.753+0000] {processor.py:186} INFO - Started process (PID=2239) to work on /home/airflow/.local/lib/python3.12/site-packages/airflow/example_dags/tutorial_taskflow_api_virtualenv.py
[2026-09-17T20:46:37.756+0000] {processor.py:914} INFO - Processing file /home/airflow/.local/lib/python3.12/site-packages/airflow/example_dags/tutorial_taskflow_api_virtualenv.py for tasks to queue
[2026-09-17T20:46:37.758+0000] {logging_mixin.py:190} INFO - [2026-09-17T20:46:37.758+0000] {dagbag.py:588} INFO - Filling up the DagBag from /home/airflow/.local/lib/python3.12/site-packages/airflow/example_dags/tutorial_taskflow_api_virtualenv.py
[2026-09-17T20:46:37.776+0000] {processor.py:925} INFO - DAG(s) 'tutorial_taskflow_api_virtualenv' retrieved from /home/airflow/.local/lib/python3.12/site-packages/airflow/example_dags/tutorial_taskflow_api_virtualenv.py
[2026-09-17T20:46:37.806+0000] {logging_mixin.py:190} INFO - [2026-09-17T20:46:37.806+0000] {dag.py:3239} INFO - Sync 1 DAGs
[2026-09-17T20:46:37.827+0000] {logging_mixin.py:190} INFO - [2026-09-17T20:46:37.826+0000] {dag.py:4180} INFO - Setting next_dagrun for tutorial_taskflow_api_virtualenv to None, run_after=None
[2026-09-17T20:46:37.859+0000] {processor.py:208} INFO - Processing /home/airflow/.local/lib/python3.12/site-packages/airflow/example_dags/tutorial_taskflow_api_virtualenv.py took 0.115 seconds
[2026-09-17T20:47:14.780+0000] {processor.py:186} INFO - Started process (PID=2304) to work on /home/airflow/.local/lib/python3.12/site-packages/airflow/example_dags/tutorial_taskflow_api_virtualenv.py
[2026-09-17T20:47:14.784+0000] {processor.py:914} INFO - Processing file /home/airflow/.local/lib/python3.12/site-packages/airflow/example_dags/tutorial_taskflow_api_virtualenv.py for tasks to queue
[2026-09-17T20:47:14.790+0000] {logging_mixin.py:190} INFO - [2026-09-17T20:47:14.789+0000] {dagbag.py:588} INFO - Filling up the DagBag from /home/airflow/.local/lib/python3.12/site-packages/airflow/example_dags/tutorial_taskflow_api_virtualenv.py
[2026-09-17T20:47:14.834+0000] {processor.py:925} INFO - DAG(s) 'tutorial_taskflow_api_virtualenv' retrieved from /home/airflow/.local/lib/python3.12/site-packages/airflow/example_dags/tutorial_taskflow_api_virtualenv.py
[2026-09-17T20:47:14.900+0000] {logging_mixin.py:190} INFO - [2026-09-17T20:47:14.900+0000] {dag.py:3239} INFO - Sync 1 DAGs
[2026-09-17T20:47:14.942+0000] {logging_mixin.py:190} INFO - [2026-09-17T20:47:14.941+0000] {dag.py:4180} INFO - Setting next_dagrun for tutorial_taskflow_api_virtualenv to None, run_after=None
[2026-09-17T20:47:14.993+0000] {processor.py:208} INFO - Processing /home/airflow/.local/lib/python3.12/site-packages/airflow/example_dags/tutorial_taskflow_api_virtualenv.py took 0.231 seconds
[2026-09-17T20:47:47.959+0000] {processor.py:186} INFO - Started process (PID=2369) to work on /home/airflow/.local/lib/python3.12/site-packages/airflow/example_dags/tutorial_taskflow_api_virtualenv.py
[2026-09-17T20:47:47.961+0000] {processor.py:914} INFO - Processing file /home/airflow/.local/lib/python3.12/site-packages/airflow/example_dags/tutorial_taskflow_api_virtualenv.py for tasks to queue
[2026-09-17T20:47:47.963+0000] {logging_mixin.py:190} INFO - [2026-09-17T20:47:47.963+0000] {dagbag.py:588} INFO - Filling up the DagBag from /home/airflow/.local/lib/python3.12/site-packages/airflow/example_dags/tutorial_taskflow_api_virtualenv.py
[2026-09-17T20:47:47.985+0000] {processor.py:925} INFO - DAG(s) 'tutorial_taskflow_api_virtualenv' retrieved from /home/airflow/.local/lib/python3.12/site-packages/airflow/example_dags/tutorial_taskflow_api_virtualenv.py
[2026-09-17T20:47:48.022+0000] {logging_mixin.py:190} INFO - [2026-09-17T20:47:48.021+0000] {dag.py:3239} INFO - Sync 1 DAGs
[2026-09-17T20:47:48.052+0000] {logging_mixin.py:190} INFO - [2026-09-17T20:47:48.052+0000] {dag.py:4180} INFO - Setting next_dagrun for tutorial_taskflow_api_virtualenv to None, run_after=None
[2026-09-17T20:47:48.090+0000] {processor.py:208} INFO - Processing /home/airflow/.local/lib/python3.12/site-packages/airflow/example_dags/tutorial_taskflow_api_virtualenv.py took 0.138 seconds
[2026-09-17T20:48:18.677+0000] {processor.py:186} INFO - Started process (PID=2434) to work on /home/airflow/.local/lib/python3.12/site-packages/airflow/example_dags/tutorial_taskflow_api_virtualenv.py
[2026-09-17T20:48:18.679+0000] {processor.py:914} INFO - Processing file /home/airflow/.local/lib/python3.12/site-packages/airflow/example_dags/tutorial_taskflow_api_virtualenv.py for tasks to queue
[2026-09-17T20:48:18.681+0000] {logging_mixin.py:190} INFO - [2026-09-17T20:48:18.681+0000] {dagbag.py:588} INFO - Filling up the DagBag from /home/airflow/.local/lib/python3.12/site-packages/airflow/example_dags/tutorial_taskflow_api_virtualenv.py
[2026-09-17T20:48:18.697+0000] {processor.py:925} INFO - DAG(s) 'tutorial_taskflow_api_virtualenv' retrieved from /home/airflow/.local/lib/python3.12/site-packages/airflow/example_dags/tutorial_taskflow_api_virtualenv.py
[2026-09-17T20:48:18.725+0000] {logging_mixin.py:190} INFO - [2026-09-17T20:48:18.725+0000] {dag.py:3239} INFO - Sync 1 DAGs
[2026-09-17T20:48:18.741+0000] {logging_mixin.py:190} INFO - [2026-09-17T20:48:18.741+0000] {dag.py:4180} INFO - Setting next_dagrun for tutorial_taskflow_api_virtualenv to None, run_after=None
[2026-09-17T20:48:18.774+0000] {processor.py:208} INFO - Processing /home/airflow/.local/lib/python3.12/site-packages/airflow/example_dags/tutorial_taskflow_api_virtualenv.py took 0.103 seconds
[2026-09-17T20:48:49.190+0000] {processor.py:186} INFO - Started process (PID=2498) to work on /home/airflow/.local/lib/python3.12/site-packages/airflow/example_dags/tutorial_taskflow_api_virtualenv.py
[2026-09-17T20:48:49.192+0000] {processor.py:914} INFO - Processing file /home/airflow/.local/lib/python3.12/site-packages/airflow/example_dags/tutorial_taskflow_api_virtualenv.py for tasks to queue
[2026-09-17T20:48:49.195+0000] {logging_mixin.py:190} INFO - [2026-09-17T20:48:49.194+0000] {dagbag.py:588} INFO - Filling up the DagBag from /home/airflow/.local/lib/python3.12/site-packages/airflow/example_dags/tutorial_taskflow_api_virtualenv.py
[2026-09-17T20:48:49.215+0000] {processor.py:925} INFO - DAG(s) 'tutorial_taskflow_api_virtualenv' retrieved from /home/airflow/.local/lib/python3.12/site-packages/airflow/example_dags/tutorial_taskflow_api_virtualenv.py
[2026-09-17T20:48:49.247+0000] {logging_mixin.py:190} INFO - [2026-09-17T20:48:49.246+0000] {dag.py:3239} INFO - Sync 1 DAGs
[2026-09-17T20:48:49.266+0000] {logging_mixin.py:190} INFO - [2026-09-17T20:48:49.266+0000] {dag.py:4180} INFO - Setting next_dagrun for tutorial_taskflow_api_virtualenv to None, run_after=None
[2026-09-17T20:48:49.296+0000] {processor.py:208} INFO - Processing /home/airflow/.local/lib/python3.12/site-packages/airflow/example_dags/tutorial_taskflow_api_virtualenv.py took 0.114 seconds
