[2026-09-17T18:40:43.404+0000] {processor.py:161} INFO - Started process (PID=66) to work on /home/airflow/.local/lib/python3.8/site-packages/airflow/example_dags/tutorial_dag.py
[2026-09-17T18:40:43.408+0000] {processor.py:830} INFO - Processing file /home/airflow/.local/lib/python3.8/site-packages/airflow/example_dags/tutorial_dag.py for tasks to queue
[2026-09-17T18:40:43.414+0000] {logging_mixin.py:188} INFO - [2026-09-17T18:40:43.413+0000] {dagbag.py:538} INFO - Filling up the DagBag from /home/airflow/.local/lib/python3.8/site-packages/airflow/example_dags/tutorial_dag.py
[2026-09-17T18:40:43.440+0000] {processor.py:840} INFO - DAG(s) 'tutorial_dag' retrieved from /home/airflow/.local/lib/python3.8/site-packages/airflow/example_dags/tutorial_dag.py
[2026-09-17T18:40:43.474+0000] {logging_mixin.py:188} INFO - [2026-09-17T18:40:43.473+0000] {dag.py:3036} INFO - Sync 1 DAGs
[2026-09-17T18:40:43.508+0000] {logging_mixin.py:188} INFO - [2026-09-17T18:40:43.507+0000] {dag.py:3823} INFO - Setting next_dagrun for tutorial_dag to None, run_after=None
[2026-09-17T18:40:43.548+0000] {processor.py:183} INFO - Processing /home/airflow/.local/lib/python3.8/site-packages/airflow/example_dags/tutorial_dag.py took 0.153 seconds
[2026-09-17T18:41:14.984+0000] {processor.py:161} INFO - Started process (PID=122) to work on /home/airflow/.local/lib/python3.8/site-packages/airflow/example_dags/tutorial_dag.py
[2026-09-17T18:41:14.986+0000] {processor.py:830} INFO - Processing file /home/airflow/.local/lib/python3.8/site-packages/airflow/example_dags/tutorial_dag.py for tasks to queue
[2026-09-17T18:41:14.989+0000] {logging_mixin.py:188} INFO - [2026-09-17T18:41:14.989+0000] {dagbag.py:538} INFO - Filling up the DagBag from /home/airflow/.local/lib/python3.8/site-packages/airflow/example_dags/tutorial_dag.py
[2026-09-17T18:41:15.002+0000] {processor.py:840} INFO - DAG(s) 'tutorial_dag' retrieved from /home/airflow/.local/lib/python3.8/site-packages/airflow/example_dags/tutorial_dag.py
[2026-09-17T18:41:15.170+0000] {logging_mixin.py:188} INFO - [2026-09-17T18:41:15.170+0000] {dag.py:3036} INFO - Sync 1 DAGs
[2026-09-17T18:41:15.186+0000] {logging_mixin.py:188} INFO - [2026-09-17T18:41:15.186+0000] {dag.py:3823} INFO - Setting next_dagrun for tutorial_dag to None, run_after=None
[2026-09-17T18:41:15.224+0000] {processor.py:183} INFO - Processing /home/airflow/.local/lib/python3.8/site-packages/airflow/example_dags/tutorial_dag.py took 0.244 seconds
[2026-09-17T18:41:46.111+0000] {processor.py:161} INFO - Started process (PID=172) to work on /home/airflow/.local/lib/python3.8/site-packages/airflow/example_dags/tutorial_dag.py
[2026-09-17T18:41:46.113+0000] {processor.py:830} INFO - Processing file /home/airflow/.local/lib/python3.8/site-packages/airflow/example_dags/tutorial_dag.py for tasks to queue
[2026-09-17T18:41:46.117+0000] {logging_mixin.py:188} INFO - [2026-09-17T18:41:46.116+0000] {dagbag.py:538} INFO - Filling up the DagBag from /home/airflow/.local/lib/python3.8/site-packages/airflow/example_dags/tutorial_dag.py
[2026-09-17T18:41:46.125+0000] {processor.py:840} INFO - DAG(s) 'tutorial_dag' retrieved from /home/airflow/.local/lib/python3.8/site-packages/airflow/example_dags/tutorial_dag.py
[2026-09-17T18:41:46.146+0000] {logging_mixin.py:188} INFO - [2026-09-17T18:41:46.145+0000] {dag.py:3036} INFO - Sync 1 DAGs
[2026-09-17T18:41:46.163+0000] {logging_mixin.py:188} INFO - [2026-09-17T18:41:46.162+0000] {dag.py:3823} INFO - Setting next_dagrun for tutorial_dag to None, run_after=None
[2026-09-17T18:41:46.194+0000] {processor.py:183} INFO - Processing /home/airflow/.local/lib/python3.8/site-packages/airflow/example_dags/tutorial_dag.py took 0.087 seconds
[2026-09-17T18:42:17.200+0000] {processor.py:161} INFO - Started process (PID=229) to work on /home/airflow/.local/lib/python3.8/site-packages/airflow/example_dags/tutorial_dag.py
[2026-09-17T18:42:17.202+0000] {processor.py:830} INFO - Processing file /home/airflow/.local/lib/python3.8/site-packages/airflow/example_dags/tutorial_dag.py for tasks to queue
[2026-09-17T18:42:17.204+0000] {logging_mixin.py:188} INFO - [2026-09-17T18:42:17.204+0000] {dagbag.py:538} INFO - Filling up the DagBag from /home/airflow/.local/lib/python3.8/site-packages/airflow/example_dags/tutorial_dag.py
[2026-09-17T18:42:17.212+0000] {processor.py:840} INFO - DAG(s) 'tutorial_dag' retrieved from /home/airflow/.local/lib/python3.8/site-packages/airflow/example_dags/tutorial_dag.py
[2026-09-17T18:42:17.232+0000] {logging_mixin.py:188} INFO - [2026-09-17T18:42:17.232+0000] {dag.py:3036} INFO - Sync 1 DAGs
[2026-09-17T18:42:17.247+0000] {logging_mixin.py:188} INFO - [2026-09-17T18:42:17.247+0000] {dag.py:3823} INFO - Setting next_dagrun for tutorial_dag to None, run_after=None
[2026-09-17T18:42:17.277+0000] {processor.py:183} INFO - Processing /home/airflow/.local/lib/python3.8/site-packages/airflow/example_dags/tutorial_dag.py took 0.081 seconds
[2026-09-17T18:42:48.201+0000] {processor.py:161} INFO - Started process (PID=286) to work on /home/airflow/.local/lib/python3.8/site-packages/airflow/example_dags/tutorial_dag.py
[2026-09-17T18:42:48.204+0000] {processor.py:830} INFO - Processing file /home/airflow/.local/lib/python3.8/site-packages/airflow/example_dags/tutorial_dag.py for tasks to queue
[2026-09-17T18:42:48.208+0000] {logging_mixin.py:188} INFO - [2026-09-17T18:42:48.207+0000] {dagbag.py:538} INFO - Filling up the DagBag from /home/airflow/.local/lib/python3.8/site-packages/airflow/example_dags/tutorial_dag.py
[2026-09-17T18:42:48.217+0000] {processor.py:840} INFO - DAG(s) 'tutorial_dag' retrieved from /home/airflow/.local/lib/python3.8/site-packages/airflow/example_dags/tutorial_dag.py
[2026-09-17T18:42:48.396+0000] {logging_mixin.py:188} INFO - [2026-09-17T18:42:48.396+0000] {dag.py:3036} INFO - Sync 1 DAGs
[2026-09-17T18:42:48.412+0000] {logging_mixin.py:188} INFO - [2026-09-17T18:42:48.412+0000] {dag.py:3823} INFO - Setting next_dagrun for tutorial_dag to None, run_after=None
[2026-09-17T18:42:48.451+0000] {processor.py:183} INFO - Processing /home/airflow/.local/lib/python3.8/site-packages/airflow/example_dags/tutorial_dag.py took 0.255 seconds
[2026-09-17T18:43:19.969+0000] {processor.py:161} INFO - Started process (PID=343) to work on /home/airflow/.local/lib/python3.8/site-packages/airflow/example_dags/tutorial_dag.py
[2026-09-17T18:43:19.976+0000] {processor.py:830} INFO - Processing file /home/airflow/.local/lib/python3.8/site-packages/airflow/example_dags/tutorial_dag.py for tasks to queue
[2026-09-17T18:43:19.985+0000] {logging_mixin.py:188} INFO - [2026-09-17T18:43:19.984+0000] {dagbag.py:538} INFO - Filling up the DagBag from /home/airflow/.local/lib/python3.8/site-packages/airflow/example_dags/tutorial_dag.py
[2026-09-17T18:43:20.003+0000] {processor.py:840} INFO - DAG(s) 'tutorial_dag' retrieved from /home/airflow/.local/lib/python3.8/site-packages/airflow/example_dags/tutorial_dag.py
[2026-09-17T18:43:20.091+0000] {logging_mixin.py:188} INFO - [2026-09-17T18:43:20.091+0000] {dag.py:3036} INFO - Sync 1 DAGs
[2026-09-17T18:43:20.140+0000] {logging_mixin.py:188} INFO - [2026-09-17T18:43:20.139+0000] {dag.py:3823} INFO - Setting next_dagrun for tutorial_dag to None, run_after=None
[2026-09-17T18:43:20.234+0000] {processor.py:183} INFO - Processing /home/airflow/.local/lib/python3.8/site-packages/airflow/example_dags/tutorial_dag.py took 0.281 seconds
[2026-09-17T18:44:01.076+0000] {processor.py:161} INFO - Started process (PID=400) to work on /home/airflow/.local/lib/python3.8/site-packages/airflow/example_dags/tutorial_dag.py
[2026-09-17T18:44:01.077+0000] {processor.py:830} INFO - Processing file /home/airflow/.local/lib/python3.8/site-packages/airflow/example_dags/tutorial_dag.py for tasks to queue
[2026-09-17T18:44:01.081+0000] {logging_mixin.py:188} INFO - [2026-09-17T18:44:01.080+0000] {dagbag.py:538} INFO - Filling up the DagBag from /home/airflow/.local/lib/python3.8/site-packages/airflow/example_dags/tutorial_dag.py
[2026-09-17T18:44:01.088+0000] {processor.py:840} INFO - DAG(s) 'tutorial_dag' retrieved from /home/airflow/.local/lib/python3.8/site-packages/airflow/example_dags/tutorial_dag.py
[2026-09-17T18:44:01.117+0000] {logging_mixin.py:188} INFO - [2026-09-17T18:44:01.116+0000] {dag.py:3036} INFO - Sync 1 DAGs
[2026-09-17T18:44:01.140+0000] {logging_mixin.py:188} INFO - [2026-09-17T18:44:01.140+0000] {dag.py:3823} INFO - Setting next_dagrun for tutorial_dag to None, run_after=None
[2026-09-17T18:44:01.322+0000] {processor.py:183} INFO - Processing /home/airflow/.local/lib/python3.8/site-packages/airflow/example_dags/tutorial_dag.py took 0.250 seconds
[2026-09-17T18:44:31.999+0000] {processor.py:161} INFO - Started process (PID=457) to work on /home/airflow/.local/lib/python3.8/site-packages/airflow/example_dags/tutorial_dag.py
[2026-09-17T18:44:32.000+0000] {processor.py:830} INFO - Processing file /home/airflow/.local/lib/python3.8/site-packages/airflow/example_dags/tutorial_dag.py for tasks to queue
[2026-09-17T18:44:32.003+0000] {logging_mixin.py:188} INFO - [2026-09-17T18:44:32.003+0000] {dagbag.py:538} INFO - Filling up the DagBag from /home/airflow/.local/lib/python3.8/site-packages/airflow/example_dags/tutorial_dag.py
[2026-09-17T18:44:32.009+0000] {processor.py:840} INFO - DAG(s) 'tutorial_dag' retrieved from /home/airflow/.local/lib/python3.8/site-packages/airflow/example_dags/tutorial_dag.py
[2026-09-17T18:44:32.051+0000] {logging_mixin.py:188} INFO - [2026-09-17T18:44:32.051+0000] {dag.py:3036} INFO - Sync 1 DAGs
[2026-09-17T18:44:32.066+0000] {logging_mixin.py:188} INFO - [2026-09-17T18:44:32.066+0000] {dag.py:3823} INFO - Setting next_dagrun for tutorial_dag to None, run_after=None
[2026-09-17T18:44:32.323+0000] {processor.py:183} INFO - Processing /home/airflow/.local/lib/python3.8/site-packages/airflow/example_dags/tutorial_dag.py took 0.328 seconds
[2026-09-17T18:45:07.551+0000] {processor.py:161} INFO - Started process (PID=514) to work on /home/airflow/.local/lib/python3.8/site-packages/airflow/example_dags/tutorial_dag.py
[2026-09-17T18:45:07.555+0000] {processor.py:830} INFO - Processing file /home/airflow/.local/lib/python3.8/site-packages/airflow/example_dags/tutorial_dag.py for tasks to queue
[2026-09-17T18:45:07.567+0000] {logging_mixin.py:188} INFO - [2026-09-17T18:45:07.566+0000] {dagbag.py:538} INFO - Filling up the DagBag from /home/airflow/.local/lib/python3.8/site-packages/airflow/example_dags/tutorial_dag.py
[2026-09-17T18:45:07.595+0000] {processor.py:840} INFO - DAG(s) 'tutorial_dag' retrieved from /home/airflow/.local/lib/python3.8/site-packages/airflow/example_dags/tutorial_dag.py
[2026-09-17T18:45:07.676+0000] {logging_mixin.py:188} INFO - [2026-09-17T18:45:07.675+0000] {dag.py:3036} INFO - Sync 1 DAGs
[2026-09-17T18:45:07.723+0000] {logging_mixin.py:188} INFO - [2026-09-17T18:45:07.723+0000] {dag.py:3823} INFO - Setting next_dagrun for tutorial_dag to None, run_after=None
[2026-09-17T18:45:07.799+0000] {processor.py:183} INFO - Processing /home/airflow/.local/lib/python3.8/site-packages/airflow/example_dags/tutorial_dag.py took 0.275 seconds
[2026-09-17T18:45:41.886+0000] {processor.py:161} INFO - Started process (PID=569) to work on /home/airflow/.local/lib/python3.8/site-packages/airflow/example_dags/tutorial_dag.py
[2026-09-17T18:45:41.888+0000] {processor.py:830} INFO - Processing file /home/airflow/.local/lib/python3.8/site-packages/airflow/example_dags/tutorial_dag.py for tasks to queue
[2026-09-17T18:45:41.891+0000] {logging_mixin.py:188} INFO - [2026-09-17T18:45:41.890+0000] {dagbag.py:538} INFO - Filling up the DagBag from /home/airflow/.local/lib/python3.8/site-packages/airflow/example_dags/tutorial_dag.py
[2026-09-17T18:45:41.897+0000] {processor.py:840} INFO - DAG(s) 'tutorial_dag' retrieved from /home/airflow/.local/lib/python3.8/site-packages/airflow/example_dags/tutorial_dag.py
[2026-09-17T18:45:41.925+0000] {logging_mixin.py:188} INFO - [2026-09-17T18:45:41.925+0000] {dag.py:3036} INFO - Sync 1 DAGs
[2026-09-17T18:45:41.940+0000] {logging_mixin.py:188} INFO - [2026-09-17T18:45:41.939+0000] {dag.py:3823} INFO - Setting next_dagrun for tutorial_dag to None, run_after=None
[2026-09-17T18:45:42.392+0000] {processor.py:183} INFO - Processing /home/airflow/.local/lib/python3.8/site-packages/airflow/example_dags/tutorial_dag.py took 0.510 seconds
[2026-09-17T18:47:19.589+0000] {processor.py:186} INFO - Started process (PID=84) to work on /home/airflow/.local/lib/python3.12/site-packages/airflow/example_dags/tutorial_dag.py
[2026-09-17T18:47:19.591+0000] {processor.py:914} INFO - Processing file /home/airflow/.local/lib/python3.12/site-packages/airflow/example_dags/tutorial_dag.py for tasks to queue
[2026-09-17T18:47:19.594+0000] {logging_mixin.py:190} INFO - [2026-09-17T18:47:19.594+0000] {dagbag.py:588} INFO - Filling up the DagBag from /home/airflow/.local/lib/python3.12/site-packages/airflow/example_dags/tutorial_dag.py
[2026-09-17T18:47:19.605+0000] {processor.py:925} INFO - DAG(s) 'tutorial_dag' retrieved from /home/airflow/.local/lib/python3.12/site-packages/airflow/example_dags/tutorial_dag.py
[2026-09-17T18:47:19.735+0000] {logging_mixin.py:190} INFO - [2026-09-17T18:47:19.734+0000] {dag.py:3239} INFO - Sync 1 DAGs
[2026-09-17T18:47:19.749+0000] {logging_mixin.py:190} INFO - [2026-09-17T18:47:19.748+0000] {dag.py:4180} INFO - Setting next_dagrun for tutorial_dag to None, run_after=None
[2026-09-17T18:47:19.774+0000] {processor.py:208} INFO - Processing /home/airflow/.local/lib/python3.12/site-packages/airflow/example_dags/tutorial_dag.py took 0.192 seconds
[2026-09-17T18:47:50.350+0000] {processor.py:186} INFO - Started process (PID=149) to work on /home/airflow/.local/lib/python3.12/site-packages/airflow/example_dags/tutorial_dag.py
[2026-09-17T18:47:50.352+0000] {processor.py:914} INFO - Processing file /home/airflow/.local/lib/python3.12/site-packages/airflow/example_dags/tutorial_dag.py for tasks to queue
[2026-09-17T18:47:50.355+0000] {logging_mixin.py:190} INFO - [2026-09-17T18:47:50.355+0000] {dagbag.py:588} INFO - Filling up the DagBag from /home/airflow/.local/lib/python3.12/site-packages/airflow/example_dags/tutorial_dag.py
[2026-09-17T18:47:50.365+0000] {processor.py:925} INFO - DAG(s) 'tutorial_dag' retrieved from /home/airflow/.local/lib/python3.12/site-packages/airflow/example_dags/tutorial_dag.py
[2026-09-17T18:47:50.393+0000] {logging_mixin.py:190} INFO - [2026-09-17T18:47:50.393+0000] {dag.py:3239} INFO - Sync 1 DAGs
[2026-09-17T18:47:50.409+0000] {logging_mixin.py:190} INFO - [2026-09-17T18:47:50.409+0000] {dag.py:4180} INFO - Setting next_dagrun for tutorial_dag to None, run_after=None
[2026-09-17T18:47:50.434+0000] {processor.py:208} INFO - Processing /home/airflow/.local/lib/python3.12/site-packages/airflow/example_dags/tutorial_dag.py took 0.091 seconds
[2026-09-17T18:48:21.189+0000] {processor.py:186} INFO - Started process (PID=206) to work on /home/airflow/.local/lib/python3.12/site-packages/airflow/example_dags/tutorial_dag.py
[2026-09-17T18:48:21.191+0000] {processor.py:914} INFO - Processing file /home/airflow/.local/lib/python3.12/site-packages/airflow/example_dags/tutorial_dag.py for tasks to queue
[2026-09-17T18:48:21.195+0000] {logging_mixin.py:190} INFO - [2026-09-17T18:48:21.195+0000] {dagbag.py:588} INFO - Filling up the DagBag from /home/airflow/.local/lib/python3.12/site-packages/airflow/example_dags/tutorial_dag.py
[2026-09-17T18:48:21.204+0000] {processor.py:925} INFO - DAG(s) 'tutorial_dag' retrieved from /home/airflow/.local/lib/python3.12/site-packages/airflow/example_dags/tutorial_dag.py
[2026-09-17T18:48:21.231+0000] {logging_mixin.py:190} INFO - [2026-09-17T18:48:21.231+0000] {dag.py:3239} INFO - Sync 1 DAGs
[2026-09-17T18:48:21.251+0000] {logging_mixin.py:190} INFO - [2026-09-17T18:48:21.250+0000] {dag.py:4180} INFO - Setting next_dagrun for tutorial_dag to None, run_after=None
[2026-09-17T18:48:21.278+0000] {processor.py:208} INFO - Processing /home/airflow/.local/lib/python3.12/site-packages/airflow/example_dags/tutorial_dag.py took 0.097 seconds
[2026-09-17T18:48:51.924+0000] {processor.py:186} INFO - Started process (PID=270) to work on /home/airflow/.local/lib/python3.12/site-packages/airflow/example_dags/tutorial_dag.py
[2026-09-17T18:48:51.926+0000] {processor.py:914} INFO - Processing file /home/airflow/.local/lib/python3.12/site-packages/airflow/example_dags/tutorial_dag.py for tasks to queue
[2026-09-17T18:48:51.929+0000] {logging_mixin.py:190} INFO - [2026-09-17T18:48:51.928+0000] {dagbag.py:588} INFO - Filling up the DagBag from /home/airflow/.local/lib/python3.12/site-packages/airflow/example_dags/tutorial_dag.py
[2026-09-17T18:48:51.939+0000] {processor.py:925} INFO - DAG(s) 'tutorial_dag' retrieved from /home/airflow/.local/lib/python3.12/site-packages/airflow/example_dags/tutorial_dag.py
[2026-09-17T18:48:51.967+0000] {logging_mixin.py:190} INFO - [2026-09-17T18:48:51.967+0000] {dag.py:3239} INFO - Sync 1 DAGs
[2026-09-17T18:48:51.984+0000] {logging_mixin.py:190} INFO - [2026-09-17T18:48:51.984+0000] {dag.py:4180} INFO - Setting next_dagrun for tutorial_dag to None, run_after=None
[2026-09-17T18:48:52.013+0000] {processor.py:208} INFO - Processing /home/airflow/.local/lib/python3.12/site-packages/airflow/example_dags/tutorial_dag.py took 0.095 seconds
[2026-09-17T18:49:22.728+0000] {processor.py:186} INFO - Started process (PID=335) to work on /home/airflow/.local/lib/python3.12/site-packages/airflow/example_dags/tutorial_dag.py
[2026-09-17T18:49:22.729+0000] {processor.py:914} INFO - Processing file /home/airflow/.local/lib/python3.12/site-packages/airflow/example_dags/tutorial_dag.py for tasks to queue
[2026-09-17T18:49:22.733+0000] {logging_mixin.py:190} INFO - [2026-09-17T18:49:22.733+0000] {dagbag.py:588} INFO - Filling up the DagBag from /home/airflow/.local/lib/python3.12/site-packages/airflow/example_dags/tutorial_dag.py
[2026-09-17T18:49:22.744+0000] {processor.py:925} INFO - DAG(s) 'tutorial_dag' retrieved from /home/airflow/.local/lib/python3.12/site-packages/airflow/example_dags/tutorial_dag.py
[2026-09-17T18:49:22.774+0000] {logging_mixin.py:190} INFO - [2026-09-17T18:49:22.774+0000] {dag.py:3239} INFO - Sync 1 DAGs
[2026-09-17T18:49:22.797+0000] {logging_mixin.py:190} INFO - [2026-09-17T18:49:22.796+0000] {dag.py:4180} INFO - Setting next_dagrun for tutorial_dag to None, run_after=None
[2026-09-17T18:49:22.827+0000] {processor.py:208} INFO - Processing /home/airflow/.local/lib/python3.12/site-packages/airflow/example_dags/tutorial_dag.py took 0.106 seconds
[2026-09-17T18:50:51.478+0000] {processor.py:186} INFO - Started process (PID=63) to work on /home/airflow/.local/lib/python3.12/site-packages/airflow/example_dags/tutorial_dag.py
[2026-09-17T18:50:51.481+0000] {processor.py:914} INFO - Processing file /home/airflow/.local/lib/python3.12/site-packages/airflow/example_dags/tutorial_dag.py for tasks to queue
[2026-09-17T18:50:51.483+0000] {logging_mixin.py:190} INFO - [2026-09-17T18:50:51.483+0000] {dagbag.py:588} INFO - Filling up the DagBag from /home/airflow/.local/lib/python3.12/site-packages/airflow/example_dags/tutorial_dag.py
[2026-09-17T18:50:51.498+0000] {processor.py:925} INFO - DAG(s) 'tutorial_dag' retrieved from /home/airflow/.local/lib/python3.12/site-packages/airflow/example_dags/tutorial_dag.py
[2026-09-17T18:50:51.537+0000] {logging_mixin.py:190} INFO - [2026-09-17T18:50:51.537+0000] {dag.py:3239} INFO - Sync 1 DAGs
[2026-09-17T18:50:51.556+0000] {logging_mixin.py:190} INFO - [2026-09-17T18:50:51.556+0000] {dag.py:4180} INFO - Setting next_dagrun for tutorial_dag to None, run_after=None
[2026-09-17T18:50:51.582+0000] {processor.py:208} INFO - Processing /home/airflow/.local/lib/python3.12/site-packages/airflow/example_dags/tutorial_dag.py took 0.111 seconds
[2026-09-17T18:51:22.524+0000] {processor.py:186} INFO - Started process (PID=127) to work on /home/airflow/.local/lib/python3.12/site-packages/airflow/example_dags/tutorial_dag.py
[2026-09-17T18:51:22.527+0000] {processor.py:914} INFO - Processing file /home/airflow/.local/lib/python3.12/site-packages/airflow/example_dags/tutorial_dag.py for tasks to queue
[2026-09-17T18:51:22.532+0000] {logging_mixin.py:190} INFO - [2026-09-17T18:51:22.530+0000] {dagbag.py:588} INFO - Filling up the DagBag from /home/airflow/.local/lib/python3.12/site-packages/airflow/example_dags/tutorial_dag.py
[2026-09-17T18:51:22.554+0000] {processor.py:925} INFO - DAG(s) 'tutorial_dag' retrieved from /home/airflow/.local/lib/python3.12/site-packages/airflow/example_dags/tutorial_dag.py
[2026-09-17T18:51:22.601+0000] {logging_mixin.py:190} INFO - [2026-09-17T18:51:22.601+0000] {dag.py:3239} INFO - Sync 1 DAGs
[2026-09-17T18:51:22.631+0000] {logging_mixin.py:190} INFO - [2026-09-17T18:51:22.631+0000] {dag.py:4180} INFO - Setting next_dagrun for tutorial_dag to None, run_after=None
[2026-09-17T18:51:22.670+0000] {processor.py:208} INFO - Processing /home/airflow/.local/lib/python3.12/site-packages/airflow/example_dags/tutorial_dag.py took 0.156 seconds
[2026-09-17T18:51:52.800+0000] {processor.py:186} INFO - Started process (PID=185) to work on /home/airflow/.local/lib/python3.12/site-packages/airflow/example_dags/tutorial_dag.py
[2026-09-17T18:51:52.802+0000] {processor.py:914} INFO - Processing file /home/airflow/.local/lib/python3.12/site-packages/airflow/example_dags/tutorial_dag.py for tasks to queue
[2026-09-17T18:51:52.805+0000] {logging_mixin.py:190} INFO - [2026-09-17T18:51:52.804+0000] {dagbag.py:588} INFO - Filling up the DagBag from /home/airflow/.local/lib/python3.12/site-packages/airflow/example_dags/tutorial_dag.py
[2026-09-17T18:51:52.820+0000] {processor.py:925} INFO - DAG(s) 'tutorial_dag' retrieved from /home/airflow/.local/lib/python3.12/site-packages/airflow/example_dags/tutorial_dag.py
[2026-09-17T18:51:52.861+0000] {logging_mixin.py:190} INFO - [2026-09-17T18:51:52.860+0000] {dag.py:3239} INFO - Sync 1 DAGs
[2026-09-17T18:51:52.888+0000] {logging_mixin.py:190} INFO - [2026-09-17T18:51:52.888+0000] {dag.py:4180} INFO - Setting next_dagrun for tutorial_dag to None, run_after=None
[2026-09-17T18:51:52.932+0000] {processor.py:208} INFO - Processing /home/airflow/.local/lib/python3.12/site-packages/airflow/example_dags/tutorial_dag.py took 0.140 seconds
[2026-09-17T18:52:23.858+0000] {processor.py:186} INFO - Started process (PID=249) to work on /home/airflow/.local/lib/python3.12/site-packages/airflow/example_dags/tutorial_dag.py
[2026-09-17T18:52:23.860+0000] {processor.py:914} INFO - Processing file /home/airflow/.local/lib/python3.12/site-packages/airflow/example_dags/tutorial_dag.py for tasks to queue
[2026-09-17T18:52:23.862+0000] {logging_mixin.py:190} INFO - [2026-09-17T18:52:23.862+0000] {dagbag.py:588} INFO - Filling up the DagBag from /home/airflow/.local/lib/python3.12/site-packages/airflow/example_dags/tutorial_dag.py
[2026-09-17T18:52:23.872+0000] {processor.py:925} INFO - DAG(s) 'tutorial_dag' retrieved from /home/airflow/.local/lib/python3.12/site-packages/airflow/example_dags/tutorial_dag.py
[2026-09-17T18:52:23.897+0000] {logging_mixin.py:190} INFO - [2026-09-17T18:52:23.897+0000] {dag.py:3239} INFO - Sync 1 DAGs
[2026-09-17T18:52:23.912+0000] {logging_mixin.py:190} INFO - [2026-09-17T18:52:23.912+0000] {dag.py:4180} INFO - Setting next_dagrun for tutorial_dag to None, run_after=None
[2026-09-17T18:52:23.934+0000] {processor.py:208} INFO - Processing /home/airflow/.local/lib/python3.12/site-packages/airflow/example_dags/tutorial_dag.py took 0.082 seconds
[2026-09-17T18:52:54.824+0000] {processor.py:186} INFO - Started process (PID=314) to work on /home/airflow/.local/lib/python3.12/site-packages/airflow/example_dags/tutorial_dag.py
[2026-09-17T18:52:54.826+0000] {processor.py:914} INFO - Processing file /home/airflow/.local/lib/python3.12/site-packages/airflow/example_dags/tutorial_dag.py for tasks to queue
[2026-09-17T18:52:54.828+0000] {logging_mixin.py:190} INFO - [2026-09-17T18:52:54.828+0000] {dagbag.py:588} INFO - Filling up the DagBag from /home/airflow/.local/lib/python3.12/site-packages/airflow/example_dags/tutorial_dag.py
[2026-09-17T18:52:54.840+0000] {processor.py:925} INFO - DAG(s) 'tutorial_dag' retrieved from /home/airflow/.local/lib/python3.12/site-packages/airflow/example_dags/tutorial_dag.py
[2026-09-17T18:52:54.872+0000] {logging_mixin.py:190} INFO - [2026-09-17T18:52:54.871+0000] {dag.py:3239} INFO - Sync 1 DAGs
[2026-09-17T18:52:54.890+0000] {logging_mixin.py:190} INFO - [2026-09-17T18:52:54.890+0000] {dag.py:4180} INFO - Setting next_dagrun for tutorial_dag to None, run_after=None
[2026-09-17T18:52:54.918+0000] {processor.py:208} INFO - Processing /home/airflow/.local/lib/python3.12/site-packages/airflow/example_dags/tutorial_dag.py took 0.102 seconds
[2026-09-17T18:53:25.915+0000] {processor.py:186} INFO - Started process (PID=379) to work on /home/airflow/.local/lib/python3.12/site-packages/airflow/example_dags/tutorial_dag.py
[2026-09-17T18:53:25.917+0000] {processor.py:914} INFO - Processing file /home/airflow/.local/lib/python3.12/site-packages/airflow/example_dags/tutorial_dag.py for tasks to queue
[2026-09-17T18:53:25.922+0000] {logging_mixin.py:190} INFO - [2026-09-17T18:53:25.921+0000] {dagbag.py:588} INFO - Filling up the DagBag from /home/airflow/.local/lib/python3.12/site-packages/airflow/example_dags/tutorial_dag.py
[2026-09-17T18:53:25.934+0000] {processor.py:925} INFO - DAG(s) 'tutorial_dag' retrieved from /home/airflow/.local/lib/python3.12/site-packages/airflow/example_dags/tutorial_dag.py
[2026-09-17T18:53:25.965+0000] {logging_mixin.py:190} INFO - [2026-09-17T18:53:25.965+0000] {dag.py:3239} INFO - Sync 1 DAGs
[2026-09-17T18:53:25.982+0000] {logging_mixin.py:190} INFO - [2026-09-17T18:53:25.982+0000] {dag.py:4180} INFO - Setting next_dagrun for tutorial_dag to None, run_after=None
[2026-09-17T18:53:26.011+0000] {processor.py:208} INFO - Processing /home/airflow/.local/lib/python3.12/site-packages/airflow/example_dags/tutorial_dag.py took 0.102 seconds
[2026-09-17T18:53:56.330+0000] {processor.py:186} INFO - Started process (PID=444) to work on /home/airflow/.local/lib/python3.12/site-packages/airflow/example_dags/tutorial_dag.py
[2026-09-17T18:53:56.332+0000] {processor.py:914} INFO - Processing file /home/airflow/.local/lib/python3.12/site-packages/airflow/example_dags/tutorial_dag.py for tasks to queue
[2026-09-17T18:53:56.335+0000] {logging_mixin.py:190} INFO - [2026-09-17T18:53:56.334+0000] {dagbag.py:588} INFO - Filling up the DagBag from /home/airflow/.local/lib/python3.12/site-packages/airflow/example_dags/tutorial_dag.py
[2026-09-17T18:53:56.346+0000] {processor.py:925} INFO - DAG(s) 'tutorial_dag' retrieved from /home/airflow/.local/lib/python3.12/site-packages/airflow/example_dags/tutorial_dag.py
[2026-09-17T18:53:56.372+0000] {logging_mixin.py:190} INFO - [2026-09-17T18:53:56.371+0000] {dag.py:3239} INFO - Sync 1 DAGs
[2026-09-17T18:53:56.389+0000] {logging_mixin.py:190} INFO - [2026-09-17T18:53:56.388+0000] {dag.py:4180} INFO - Setting next_dagrun for tutorial_dag to None, run_after=None
[2026-09-17T18:53:56.417+0000] {processor.py:208} INFO - Processing /home/airflow/.local/lib/python3.12/site-packages/airflow/example_dags/tutorial_dag.py took 0.093 seconds
[2026-09-17T18:54:26.963+0000] {processor.py:186} INFO - Started process (PID=509) to work on /home/airflow/.local/lib/python3.12/site-packages/airflow/example_dags/tutorial_dag.py
[2026-09-17T18:54:26.965+0000] {processor.py:914} INFO - Processing file /home/airflow/.local/lib/python3.12/site-packages/airflow/example_dags/tutorial_dag.py for tasks to queue
[2026-09-17T18:54:26.967+0000] {logging_mixin.py:190} INFO - [2026-09-17T18:54:26.967+0000] {dagbag.py:588} INFO - Filling up the DagBag from /home/airflow/.local/lib/python3.12/site-packages/airflow/example_dags/tutorial_dag.py
[2026-09-17T18:54:26.977+0000] {processor.py:925} INFO - DAG(s) 'tutorial_dag' retrieved from /home/airflow/.local/lib/python3.12/site-packages/airflow/example_dags/tutorial_dag.py
[2026-09-17T18:54:27.002+0000] {logging_mixin.py:190} INFO - [2026-09-17T18:54:27.002+0000] {dag.py:3239} INFO - Sync 1 DAGs
[2026-09-17T18:54:27.017+0000] {logging_mixin.py:190} INFO - [2026-09-17T18:54:27.017+0000] {dag.py:4180} INFO - Setting next_dagrun for tutorial_dag to None, run_after=None
[2026-09-17T18:54:27.049+0000] {processor.py:208} INFO - Processing /home/airflow/.local/lib/python3.12/site-packages/airflow/example_dags/tutorial_dag.py took 0.092 seconds
[2026-09-17T18:54:57.446+0000] {processor.py:186} INFO - Started process (PID=574) to work on /home/airflow/.local/lib/python3.12/site-packages/airflow/example_dags/tutorial_dag.py
[2026-09-17T18:54:57.448+0000] {processor.py:914} INFO - Processing file /home/airflow/.local/lib/python3.12/site-packages/airflow/example_dags/tutorial_dag.py for tasks to queue
[2026-09-17T18:54:57.450+0000] {logging_mixin.py:190} INFO - [2026-09-17T18:54:57.449+0000] {dagbag.py:588} INFO - Filling up the DagBag from /home/airflow/.local/lib/python3.12/site-packages/airflow/example_dags/tutorial_dag.py
[2026-09-17T18:54:57.460+0000] {processor.py:925} INFO - DAG(s) 'tutorial_dag' retrieved from /home/airflow/.local/lib/python3.12/site-packages/airflow/example_dags/tutorial_dag.py
[2026-09-17T18:54:57.486+0000] {logging_mixin.py:190} INFO - [2026-09-17T18:54:57.486+0000] {dag.py:3239} INFO - Sync 1 DAGs
[2026-09-17T18:54:57.501+0000] {logging_mixin.py:190} INFO - [2026-09-17T18:54:57.501+0000] {dag.py:4180} INFO - Setting next_dagrun for tutorial_dag to None, run_after=None
[2026-09-17T18:54:57.534+0000] {processor.py:208} INFO - Processing /home/airflow/.local/lib/python3.12/site-packages/airflow/example_dags/tutorial_dag.py took 0.094 seconds
[2026-09-17T18:55:27.800+0000] {processor.py:186} INFO - Started process (PID=639) to work on /home/airflow/.local/lib/python3.12/site-packages/airflow/example_dags/tutorial_dag.py
[2026-09-17T18:55:27.802+0000] {processor.py:914} INFO - Processing file /home/airflow/.local/lib/python3.12/site-packages/airflow/example_dags/tutorial_dag.py for tasks to queue
[2026-09-17T18:55:27.805+0000] {logging_mixin.py:190} INFO - [2026-09-17T18:55:27.804+0000] {dagbag.py:588} INFO - Filling up the DagBag from /home/airflow/.local/lib/python3.12/site-packages/airflow/example_dags/tutorial_dag.py
[2026-09-17T18:55:27.814+0000] {processor.py:925} INFO - DAG(s) 'tutorial_dag' retrieved from /home/airflow/.local/lib/python3.12/site-packages/airflow/example_dags/tutorial_dag.py
[2026-09-17T18:55:27.841+0000] {logging_mixin.py:190} INFO - [2026-09-17T18:55:27.841+0000] {dag.py:3239} INFO - Sync 1 DAGs
[2026-09-17T18:55:27.858+0000] {logging_mixin.py:190} INFO - [2026-09-17T18:55:27.858+0000] {dag.py:4180} INFO - Setting next_dagrun for tutorial_dag to None, run_after=None
[2026-09-17T18:55:27.882+0000] {processor.py:208} INFO - Processing /home/airflow/.local/lib/python3.12/site-packages/airflow/example_dags/tutorial_dag.py took 0.088 seconds
[2026-09-17T18:55:58.201+0000] {processor.py:186} INFO - Started process (PID=704) to work on /home/airflow/.local/lib/python3.12/site-packages/airflow/example_dags/tutorial_dag.py
[2026-09-17T18:55:58.203+0000] {processor.py:914} INFO - Processing file /home/airflow/.local/lib/python3.12/site-packages/airflow/example_dags/tutorial_dag.py for tasks to queue
[2026-09-17T18:55:58.205+0000] {logging_mixin.py:190} INFO - [2026-09-17T18:55:58.205+0000] {dagbag.py:588} INFO - Filling up the DagBag from /home/airflow/.local/lib/python3.12/site-packages/airflow/example_dags/tutorial_dag.py
[2026-09-17T18:55:58.214+0000] {processor.py:925} INFO - DAG(s) 'tutorial_dag' retrieved from /home/airflow/.local/lib/python3.12/site-packages/airflow/example_dags/tutorial_dag.py
[2026-09-17T18:55:58.241+0000] {logging_mixin.py:190} INFO - [2026-09-17T18:55:58.241+0000] {dag.py:3239} INFO - Sync 1 DAGs
[2026-09-17T18:55:58.257+0000] {logging_mixin.py:190} INFO - [2026-09-17T18:55:58.257+0000] {dag.py:4180} INFO - Setting next_dagrun for tutorial_dag to None, run_after=None
[2026-09-17T18:55:58.281+0000] {processor.py:208} INFO - Processing /home/airflow/.local/lib/python3.12/site-packages/airflow/example_dags/tutorial_dag.py took 0.086 seconds
[2026-09-17T18:56:28.503+0000] {processor.py:186} INFO - Started process (PID=769) to work on /home/airflow/.local/lib/python3.12/site-packages/airflow/example_dags/tutorial_dag.py
[2026-09-17T18:56:28.505+0000] {processor.py:914} INFO - Processing file /home/airflow/.local/lib/python3.12/site-packages/airflow/example_dags/tutorial_dag.py for tasks to queue
[2026-09-17T18:56:28.508+0000] {logging_mixin.py:190} INFO - [2026-09-17T18:56:28.508+0000] {dagbag.py:588} INFO - Filling up the DagBag from /home/airflow/.local/lib/python3.12/site-packages/airflow/example_dags/tutorial_dag.py
[2026-09-17T18:56:28.518+0000] {processor.py:925} INFO - DAG(s) 'tutorial_dag' retrieved from /home/airflow/.local/lib/python3.12/site-packages/airflow/example_dags/tutorial_dag.py
[2026-09-17T18:56:28.550+0000] {logging_mixin.py:190} INFO - [2026-09-17T18:56:28.550+0000] {dag.py:3239} INFO - Sync 1 DAGs
[2026-09-17T18:56:28.567+0000] {logging_mixin.py:190} INFO - [2026-09-17T18:56:28.566+0000] {dag.py:4180} INFO - Setting next_dagrun for tutorial_dag to None, run_after=None
[2026-09-17T18:56:28.591+0000] {processor.py:208} INFO - Processing /home/airflow/.local/lib/python3.12/site-packages/airflow/example_dags/tutorial_dag.py took 0.095 seconds
[2026-09-17T18:57:00.085+0000] {processor.py:186} INFO - Started process (PID=833) to work on /home/airflow/.local/lib/python3.12/site-packages/airflow/example_dags/tutorial_dag.py
[2026-09-17T18:57:00.087+0000] {processor.py:914} INFO - Processing file /home/airflow/.local/lib/python3.12/site-packages/airflow/example_dags/tutorial_dag.py for tasks to queue
[2026-09-17T18:57:00.090+0000] {logging_mixin.py:190} INFO - [2026-09-17T18:57:00.089+0000] {dagbag.py:588} INFO - Filling up the DagBag from /home/airflow/.local/lib/python3.12/site-packages/airflow/example_dags/tutorial_dag.py
[2026-09-17T18:57:00.106+0000] {processor.py:925} INFO - DAG(s) 'tutorial_dag' retrieved from /home/airflow/.local/lib/python3.12/site-packages/airflow/example_dags/tutorial_dag.py
[2026-09-17T18:57:00.145+0000] {logging_mixin.py:190} INFO - [2026-09-17T18:57:00.145+0000] {dag.py:3239} INFO - Sync 1 DAGs
[2026-09-17T18:57:00.175+0000] {logging_mixin.py:190} INFO - [2026-09-17T18:57:00.175+0000] {dag.py:4180} INFO - Setting next_dagrun for tutorial_dag to None, run_after=None
[2026-09-17T18:57:00.207+0000] {processor.py:208} INFO - Processing /home/airflow/.local/lib/python3.12/site-packages/airflow/example_dags/tutorial_dag.py took 0.130 seconds
[2026-09-17T18:57:30.940+0000] {processor.py:186} INFO - Started process (PID=891) to work on /home/airflow/.local/lib/python3.12/site-packages/airflow/example_dags/tutorial_dag.py
[2026-09-17T18:57:30.942+0000] {processor.py:914} INFO - Processing file /home/airflow/.local/lib/python3.12/site-packages/airflow/example_dags/tutorial_dag.py for tasks to queue
[2026-09-17T18:57:30.944+0000] {logging_mixin.py:190} INFO - [2026-09-17T18:57:30.944+0000] {dagbag.py:588} INFO - Filling up the DagBag from /home/airflow/.local/lib/python3.12/site-packages/airflow/example_dags/tutorial_dag.py
[2026-09-17T18:57:30.953+0000] {processor.py:925} INFO - DAG(s) 'tutorial_dag' retrieved from /home/airflow/.local/lib/python3.12/site-packages/airflow/example_dags/tutorial_dag.py
[2026-09-17T18:57:30.979+0000] {logging_mixin.py:190} INFO - [2026-09-17T18:57:30.979+0000] {dag.py:3239} INFO - Sync 1 DAGs
[2026-09-17T18:57:30.994+0000] {logging_mixin.py:190} INFO - [2026-09-17T18:57:30.994+0000] {dag.py:4180} INFO - Setting next_dagrun for tutorial_dag to None, run_after=None
[2026-09-17T18:57:31.019+0000] {processor.py:208} INFO - Processing /home/airflow/.local/lib/python3.12/site-packages/airflow/example_dags/tutorial_dag.py took 0.085 seconds
[2026-09-17T18:58:01.611+0000] {processor.py:186} INFO - Started process (PID=956) to work on /home/airflow/.local/lib/python3.12/site-packages/airflow/example_dags/tutorial_dag.py
[2026-09-17T18:58:01.613+0000] {processor.py:914} INFO - Processing file /home/airflow/.local/lib/python3.12/site-packages/airflow/example_dags/tutorial_dag.py for tasks to queue
[2026-09-17T18:58:01.616+0000] {logging_mixin.py:190} INFO - [2026-09-17T18:58:01.615+0000] {dagbag.py:588} INFO - Filling up the DagBag from /home/airflow/.local/lib/python3.12/site-packages/airflow/example_dags/tutorial_dag.py
[2026-09-17T18:58:01.632+0000] {processor.py:925} INFO - DAG(s) 'tutorial_dag' retrieved from /home/airflow/.local/lib/python3.12/site-packages/airflow/example_dags/tutorial_dag.py
[2026-09-17T18:58:01.662+0000] {logging_mixin.py:190} INFO - [2026-09-17T18:58:01.662+0000] {dag.py:3239} INFO - Sync 1 DAGs
[2026-09-17T18:58:01.677+0000] {logging_mixin.py:190} INFO - [2026-09-17T18:58:01.677+0000] {dag.py:4180} INFO - Setting next_dagrun for tutorial_dag to None, run_after=None
[2026-09-17T18:58:01.703+0000] {processor.py:208} INFO - Processing /home/airflow/.local/lib/python3.12/site-packages/airflow/example_dags/tutorial_dag.py took 0.098 seconds
[2026-09-17T18:58:31.786+0000] {processor.py:186} INFO - Started process (PID=1021) to work on /home/airflow/.local/lib/python3.12/site-packages/airflow/example_dags/tutorial_dag.py
[2026-09-17T18:58:31.787+0000] {processor.py:914} INFO - Processing file /home/airflow/.local/lib/python3.12/site-packages/airflow/example_dags/tutorial_dag.py for tasks to queue
[2026-09-17T18:58:31.790+0000] {logging_mixin.py:190} INFO - [2026-09-17T18:58:31.789+0000] {dagbag.py:588} INFO - Filling up the DagBag from /home/airflow/.local/lib/python3.12/site-packages/airflow/example_dags/tutorial_dag.py
[2026-09-17T18:58:31.800+0000] {processor.py:925} INFO - DAG(s) 'tutorial_dag' retrieved from /home/airflow/.local/lib/python3.12/site-packages/airflow/example_dags/tutorial_dag.py
[2026-09-17T18:58:31.837+0000] {logging_mixin.py:190} INFO - [2026-09-17T18:58:31.837+0000] {dag.py:3239} INFO - Sync 1 DAGs
[2026-09-17T18:58:31.857+0000] {logging_mixin.py:190} INFO - [2026-09-17T18:58:31.856+0000] {dag.py:4180} INFO - Setting next_dagrun for tutorial_dag to None, run_after=None
[2026-09-17T18:58:31.886+0000] {processor.py:208} INFO - Processing /home/airflow/.local/lib/python3.12/site-packages/airflow/example_dags/tutorial_dag.py took 0.107 seconds
[2026-09-17T18:59:02.428+0000] {processor.py:186} INFO - Started process (PID=1086) to work on /home/airflow/.local/lib/python3.12/site-packages/airflow/example_dags/tutorial_dag.py
[2026-09-17T18:59:02.431+0000] {processor.py:914} INFO - Processing file /home/airflow/.local/lib/python3.12/site-packages/airflow/example_dags/tutorial_dag.py for tasks to queue
[2026-09-17T18:59:02.433+0000] {logging_mixin.py:190} INFO - [2026-09-17T18:59:02.433+0000] {dagbag.py:588} INFO - Filling up the DagBag from /home/airflow/.local/lib/python3.12/site-packages/airflow/example_dags/tutorial_dag.py
[2026-09-17T18:59:02.442+0000] {processor.py:925} INFO - DAG(s) 'tutorial_dag' retrieved from /home/airflow/.local/lib/python3.12/site-packages/airflow/example_dags/tutorial_dag.py
[2026-09-17T18:59:02.470+0000] {logging_mixin.py:190} INFO - [2026-09-17T18:59:02.470+0000] {dag.py:3239} INFO - Sync 1 DAGs
[2026-09-17T18:59:02.487+0000] {logging_mixin.py:190} INFO - [2026-09-17T18:59:02.486+0000] {dag.py:4180} INFO - Setting next_dagrun for tutorial_dag to None, run_after=None
[2026-09-17T18:59:02.511+0000] {processor.py:208} INFO - Processing /home/airflow/.local/lib/python3.12/site-packages/airflow/example_dags/tutorial_dag.py took 0.091 seconds
[2026-09-17T18:59:35.292+0000] {processor.py:186} INFO - Started process (PID=1152) to work on /home/airflow/.local/lib/python3.12/site-packages/airflow/example_dags/tutorial_dag.py
[2026-09-17T18:59:35.296+0000] {processor.py:914} INFO - Processing file /home/airflow/.local/lib/python3.12/site-packages/airflow/example_dags/tutorial_dag.py for tasks to queue
[2026-09-17T18:59:35.300+0000] {logging_mixin.py:190} INFO - [2026-09-17T18:59:35.299+0000] {dagbag.py:588} INFO - Filling up the DagBag from /home/airflow/.local/lib/python3.12/site-packages/airflow/example_dags/tutorial_dag.py
[2026-09-17T18:59:35.317+0000] {processor.py:925} INFO - DAG(s) 'tutorial_dag' retrieved from /home/airflow/.local/lib/python3.12/site-packages/airflow/example_dags/tutorial_dag.py
[2026-09-17T18:59:35.358+0000] {logging_mixin.py:190} INFO - [2026-09-17T18:59:35.357+0000] {dag.py:3239} INFO - Sync 1 DAGs
[2026-09-17T18:59:35.380+0000] {logging_mixin.py:190} INFO - [2026-09-17T18:59:35.379+0000] {dag.py:4180} INFO - Setting next_dagrun for tutorial_dag to None, run_after=None
[2026-09-17T18:59:35.417+0000] {processor.py:208} INFO - Processing /home/airflow/.local/lib/python3.12/site-packages/airflow/example_dags/tutorial_dag.py took 0.154 seconds
[2026-09-17T19:00:05.925+0000] {processor.py:186} INFO - Started process (PID=1217) to work on /home/airflow/.local/lib/python3.12/site-packages/airflow/example_dags/tutorial_dag.py
[2026-09-17T19:00:05.927+0000] {processor.py:914} INFO - Processing file /home/airflow/.local/lib/python3.12/site-packages/airflow/example_dags/tutorial_dag.py for tasks to queue
[2026-09-17T19:00:05.928+0000] {logging_mixin.py:190} INFO - [2026-09-17T19:00:05.928+0000] {dagbag.py:588} INFO - Filling up the DagBag from /home/airflow/.local/lib/python3.12/site-packages/airflow/example_dags/tutorial_dag.py
[2026-09-17T19:00:05.937+0000] {processor.py:925} INFO - DAG(s) 'tutorial_dag' retrieved from /home/airflow/.local/lib/python3.12/site-packages/airflow/example_dags/tutorial_dag.py
[2026-09-17T19:00:05.962+0000] {logging_mixin.py:190} INFO - [2026-09-17T19:00:05.961+0000] {dag.py:3239} INFO - Sync 1 DAGs
[2026-09-17T19:00:05.978+0000] {logging_mixin.py:190} INFO - [2026-09-17T19:00:05.977+0000] {dag.py:4180} INFO - Setting next_dagrun for tutorial_dag to None, run_after=None
[2026-09-17T19:00:06.002+0000] {processor.py:208} INFO - Processing /home/airflow/.local/lib/python3.12/site-packages/airflow/example_dags/tutorial_dag.py took 0.083 seconds
[2026-09-17T19:00:36.214+0000] {processor.py:186} INFO - Started process (PID=1282) to work on /home/airflow/.local/lib/python3.12/site-packages/airflow/example_dags/tutorial_dag.py
[2026-09-17T19:00:36.216+0000] {processor.py:914} INFO - Processing file /home/airflow/.local/lib/python3.12/site-packages/airflow/example_dags/tutorial_dag.py for tasks to queue
[2026-09-17T19:00:36.218+0000] {logging_mixin.py:190} INFO - [2026-09-17T19:00:36.217+0000] {dagbag.py:588} INFO - Filling up the DagBag from /home/airflow/.local/lib/python3.12/site-packages/airflow/example_dags/tutorial_dag.py
[2026-09-17T19:00:36.227+0000] {processor.py:925} INFO - DAG(s) 'tutorial_dag' retrieved from /home/airflow/.local/lib/python3.12/site-packages/airflow/example_dags/tutorial_dag.py
[2026-09-17T19:00:36.253+0000] {logging_mixin.py:190} INFO - [2026-09-17T19:00:36.253+0000] {dag.py:3239} INFO - Sync 1 DAGs
[2026-09-17T19:00:36.268+0000] {logging_mixin.py:190} INFO - [2026-09-17T19:00:36.268+0000] {dag.py:4180} INFO - Setting next_dagrun for tutorial_dag to None, run_after=None
[2026-09-17T19:00:36.291+0000] {processor.py:208} INFO - Processing /home/airflow/.local/lib/python3.12/site-packages/airflow/example_dags/tutorial_dag.py took 0.084 seconds
[2026-09-17T19:01:07.047+0000] {processor.py:186} INFO - Started process (PID=1347) to work on /home/airflow/.local/lib/python3.12/site-packages/airflow/example_dags/tutorial_dag.py
[2026-09-17T19:01:07.048+0000] {processor.py:914} INFO - Processing file /home/airflow/.local/lib/python3.12/site-packages/airflow/example_dags/tutorial_dag.py for tasks to queue
[2026-09-17T19:01:07.050+0000] {logging_mixin.py:190} INFO - [2026-09-17T19:01:07.050+0000] {dagbag.py:588} INFO - Filling up the DagBag from /home/airflow/.local/lib/python3.12/site-packages/airflow/example_dags/tutorial_dag.py
[2026-09-17T19:01:07.058+0000] {processor.py:925} INFO - DAG(s) 'tutorial_dag' retrieved from /home/airflow/.local/lib/python3.12/site-packages/airflow/example_dags/tutorial_dag.py
[2026-09-17T19:01:07.086+0000] {logging_mixin.py:190} INFO - [2026-09-17T19:01:07.085+0000] {dag.py:3239} INFO - Sync 1 DAGs
[2026-09-17T19:01:07.100+0000] {logging_mixin.py:190} INFO - [2026-09-17T19:01:07.100+0000] {dag.py:4180} INFO - Setting next_dagrun for tutorial_dag to None, run_after=None
[2026-09-17T19:01:07.122+0000] {processor.py:208} INFO - Processing /home/airflow/.local/lib/python3.12/site-packages/airflow/example_dags/tutorial_dag.py took 0.081 seconds
[2026-09-17T19:01:38.131+0000] {processor.py:186} INFO - Started process (PID=1411) to work on /home/airflow/.local/lib/python3.12/site-packages/airflow/example_dags/tutorial_dag.py
[2026-09-17T19:01:38.133+0000] {processor.py:914} INFO - Processing file /home/airflow/.local/lib/python3.12/site-packages/airflow/example_dags/tutorial_dag.py for tasks to queue
[2026-09-17T19:01:38.137+0000] {logging_mixin.py:190} INFO - [2026-09-17T19:01:38.136+0000] {dagbag.py:588} INFO - Filling up the DagBag from /home/airflow/.local/lib/python3.12/site-packages/airflow/example_dags/tutorial_dag.py
[2026-09-17T19:01:38.153+0000] {processor.py:925} INFO - DAG(s) 'tutorial_dag' retrieved from /home/airflow/.local/lib/python3.12/site-packages/airflow/example_dags/tutorial_dag.py
[2026-09-17T19:01:38.188+0000] {logging_mixin.py:190} INFO - [2026-09-17T19:01:38.188+0000] {dag.py:3239} INFO - Sync 1 DAGs
[2026-09-17T19:01:38.211+0000] {logging_mixin.py:190} INFO - [2026-09-17T19:01:38.210+0000] {dag.py:4180} INFO - Setting next_dagrun for tutorial_dag to None, run_after=None
[2026-09-17T19:01:38.245+0000] {processor.py:208} INFO - Processing /home/airflow/.local/lib/python3.12/site-packages/airflow/example_dags/tutorial_dag.py took 0.123 seconds
[2026-09-17T19:02:08.448+0000] {processor.py:186} INFO - Started process (PID=1469) to work on /home/airflow/.local/lib/python3.12/site-packages/airflow/example_dags/tutorial_dag.py
[2026-09-17T19:02:08.450+0000] {processor.py:914} INFO - Processing file /home/airflow/.local/lib/python3.12/site-packages/airflow/example_dags/tutorial_dag.py for tasks to queue
[2026-09-17T19:02:08.452+0000] {logging_mixin.py:190} INFO - [2026-09-17T19:02:08.452+0000] {dagbag.py:588} INFO - Filling up the DagBag from /home/airflow/.local/lib/python3.12/site-packages/airflow/example_dags/tutorial_dag.py
[2026-09-17T19:02:08.462+0000] {processor.py:925} INFO - DAG(s) 'tutorial_dag' retrieved from /home/airflow/.local/lib/python3.12/site-packages/airflow/example_dags/tutorial_dag.py
[2026-09-17T19:02:08.492+0000] {logging_mixin.py:190} INFO - [2026-09-17T19:02:08.492+0000] {dag.py:3239} INFO - Sync 1 DAGs
[2026-09-17T19:02:08.508+0000] {logging_mixin.py:190} INFO - [2026-09-17T19:02:08.508+0000] {dag.py:4180} INFO - Setting next_dagrun for tutorial_dag to None, run_after=None
[2026-09-17T19:02:08.535+0000] {processor.py:208} INFO - Processing /home/airflow/.local/lib/python3.12/site-packages/airflow/example_dags/tutorial_dag.py took 0.094 seconds
[2026-09-17T19:02:39.361+0000] {processor.py:186} INFO - Started process (PID=1534) to work on /home/airflow/.local/lib/python3.12/site-packages/airflow/example_dags/tutorial_dag.py
[2026-09-17T19:02:39.362+0000] {processor.py:914} INFO - Processing file /home/airflow/.local/lib/python3.12/site-packages/airflow/example_dags/tutorial_dag.py for tasks to queue
[2026-09-17T19:02:39.365+0000] {logging_mixin.py:190} INFO - [2026-09-17T19:02:39.364+0000] {dagbag.py:588} INFO - Filling up the DagBag from /home/airflow/.local/lib/python3.12/site-packages/airflow/example_dags/tutorial_dag.py
[2026-09-17T19:02:39.375+0000] {processor.py:925} INFO - DAG(s) 'tutorial_dag' retrieved from /home/airflow/.local/lib/python3.12/site-packages/airflow/example_dags/tutorial_dag.py
[2026-09-17T19:02:39.401+0000] {logging_mixin.py:190} INFO - [2026-09-17T19:02:39.401+0000] {dag.py:3239} INFO - Sync 1 DAGs
[2026-09-17T19:02:39.417+0000] {logging_mixin.py:190} INFO - [2026-09-17T19:02:39.417+0000] {dag.py:4180} INFO - Setting next_dagrun for tutorial_dag to None, run_after=None
[2026-09-17T19:02:39.439+0000] {processor.py:208} INFO - Processing /home/airflow/.local/lib/python3.12/site-packages/airflow/example_dags/tutorial_dag.py took 0.085 seconds
[2026-09-17T19:03:09.638+0000] {processor.py:186} INFO - Started process (PID=1599) to work on /home/airflow/.local/lib/python3.12/site-packages/airflow/example_dags/tutorial_dag.py
[2026-09-17T19:03:09.640+0000] {processor.py:914} INFO - Processing file /home/airflow/.local/lib/python3.12/site-packages/airflow/example_dags/tutorial_dag.py for tasks to queue
[2026-09-17T19:03:09.642+0000] {logging_mixin.py:190} INFO - [2026-09-17T19:03:09.642+0000] {dagbag.py:588} INFO - Filling up the DagBag from /home/airflow/.local/lib/python3.12/site-packages/airflow/example_dags/tutorial_dag.py
[2026-09-17T19:03:09.653+0000] {processor.py:925} INFO - DAG(s) 'tutorial_dag' retrieved from /home/airflow/.local/lib/python3.12/site-packages/airflow/example_dags/tutorial_dag.py
[2026-09-17T19:03:09.687+0000] {logging_mixin.py:190} INFO - [2026-09-17T19:03:09.687+0000] {dag.py:3239} INFO - Sync 1 DAGs
[2026-09-17T19:03:09.705+0000] {logging_mixin.py:190} INFO - [2026-09-17T19:03:09.704+0000] {dag.py:4180} INFO - Setting next_dagrun for tutorial_dag to None, run_after=None
[2026-09-17T19:03:09.733+0000] {processor.py:208} INFO - Processing /home/airflow/.local/lib/python3.12/site-packages/airflow/example_dags/tutorial_dag.py took 0.102 seconds
[2026-09-17T19:03:40.320+0000] {processor.py:186} INFO - Started process (PID=1664) to work on /home/airflow/.local/lib/python3.12/site-packages/airflow/example_dags/tutorial_dag.py
[2026-09-17T19:03:40.322+0000] {processor.py:914} INFO - Processing file /home/airflow/.local/lib/python3.12/site-packages/airflow/example_dags/tutorial_dag.py for tasks to queue
[2026-09-17T19:03:40.325+0000] {logging_mixin.py:190} INFO - [2026-09-17T19:03:40.325+0000] {dagbag.py:588} INFO - Filling up the DagBag from /home/airflow/.local/lib/python3.12/site-packages/airflow/example_dags/tutorial_dag.py
[2026-09-17T19:03:40.335+0000] {processor.py:925} INFO - DAG(s) 'tutorial_dag' retrieved from /home/airflow/.local/lib/python3.12/site-packages/airflow/example_dags/tutorial_dag.py
[2026-09-17T19:03:40.365+0000] {logging_mixin.py:190} INFO - [2026-09-17T19:03:40.365+0000] {dag.py:3239} INFO - Sync 1 DAGs
[2026-09-17T19:03:40.382+0000] {logging_mixin.py:190} INFO - [2026-09-17T19:03:40.382+0000] {dag.py:4180} INFO - Setting next_dagrun for tutorial_dag to None, run_after=None
[2026-09-17T19:03:40.410+0000] {processor.py:208} INFO - Processing /home/airflow/.local/lib/python3.12/site-packages/airflow/example_dags/tutorial_dag.py took 0.097 seconds
[2026-09-17T19:04:10.797+0000] {processor.py:186} INFO - Started process (PID=1729) to work on /home/airflow/.local/lib/python3.12/site-packages/airflow/example_dags/tutorial_dag.py
[2026-09-17T19:04:10.799+0000] {processor.py:914} INFO - Processing file /home/airflow/.local/lib/python3.12/site-packages/airflow/example_dags/tutorial_dag.py for tasks to queue
[2026-09-17T19:04:10.801+0000] {logging_mixin.py:190} INFO - [2026-09-17T19:04:10.801+0000] {dagbag.py:588} INFO - Filling up the DagBag from /home/airflow/.local/lib/python3.12/site-packages/airflow/example_dags/tutorial_dag.py
[2026-09-17T19:04:10.810+0000] {processor.py:925} INFO - DAG(s) 'tutorial_dag' retrieved from /home/airflow/.local/lib/python3.12/site-packages/airflow/example_dags/tutorial_dag.py
[2026-09-17T19:04:10.837+0000] {logging_mixin.py:190} INFO - [2026-09-17T19:04:10.837+0000] {dag.py:3239} INFO - Sync 1 DAGs
[2026-09-17T19:04:10.853+0000] {logging_mixin.py:190} INFO - [2026-09-17T19:04:10.853+0000] {dag.py:4180} INFO - Setting next_dagrun for tutorial_dag to None, run_after=None
[2026-09-17T19:04:10.875+0000] {processor.py:208} INFO - Processing /home/airflow/.local/lib/python3.12/site-packages/airflow/example_dags/tutorial_dag.py took 0.085 seconds
[2026-09-17T19:04:41.268+0000] {processor.py:186} INFO - Started process (PID=1794) to work on /home/airflow/.local/lib/python3.12/site-packages/airflow/example_dags/tutorial_dag.py
[2026-09-17T19:04:41.269+0000] {processor.py:914} INFO - Processing file /home/airflow/.local/lib/python3.12/site-packages/airflow/example_dags/tutorial_dag.py for tasks to queue
[2026-09-17T19:04:41.271+0000] {logging_mixin.py:190} INFO - [2026-09-17T19:04:41.271+0000] {dagbag.py:588} INFO - Filling up the DagBag from /home/airflow/.local/lib/python3.12/site-packages/airflow/example_dags/tutorial_dag.py
[2026-09-17T19:04:41.280+0000] {processor.py:925} INFO - DAG(s) 'tutorial_dag' retrieved from /home/airflow/.local/lib/python3.12/site-packages/airflow/example_dags/tutorial_dag.py
[2026-09-17T19:04:41.304+0000] {logging_mixin.py:190} INFO - [2026-09-17T19:04:41.304+0000] {dag.py:3239} INFO - Sync 1 DAGs
[2026-09-17T19:04:41.318+0000] {logging_mixin.py:190} INFO - [2026-09-17T19:04:41.318+0000] {dag.py:4180} INFO - Setting next_dagrun for tutorial_dag to None, run_after=None
[2026-09-17T19:04:41.342+0000] {processor.py:208} INFO - Processing /home/airflow/.local/lib/python3.12/site-packages/airflow/example_dags/tutorial_dag.py took 0.080 seconds
[2026-09-17T19:05:11.456+0000] {processor.py:186} INFO - Started process (PID=1859) to work on /home/airflow/.local/lib/python3.12/site-packages/airflow/example_dags/tutorial_dag.py
[2026-09-17T19:05:11.457+0000] {processor.py:914} INFO - Processing file /home/airflow/.local/lib/python3.12/site-packages/airflow/example_dags/tutorial_dag.py for tasks to queue
[2026-09-17T19:05:11.460+0000] {logging_mixin.py:190} INFO - [2026-09-17T19:05:11.459+0000] {dagbag.py:588} INFO - Filling up the DagBag from /home/airflow/.local/lib/python3.12/site-packages/airflow/example_dags/tutorial_dag.py
[2026-09-17T19:05:11.472+0000] {processor.py:925} INFO - DAG(s) 'tutorial_dag' retrieved from /home/airflow/.local/lib/python3.12/site-packages/airflow/example_dags/tutorial_dag.py
[2026-09-17T19:05:11.500+0000] {logging_mixin.py:190} INFO - [2026-09-17T19:05:11.499+0000] {dag.py:3239} INFO - Sync 1 DAGs
[2026-09-17T19:05:11.516+0000] {logging_mixin.py:190} INFO - [2026-09-17T19:05:11.515+0000] {dag.py:4180} INFO - Setting next_dagrun for tutorial_dag to None, run_after=None
[2026-09-17T19:05:11.540+0000] {processor.py:208} INFO - Processing /home/airflow/.local/lib/python3.12/site-packages/airflow/example_dags/tutorial_dag.py took 0.090 seconds
[2026-09-17T19:05:41.931+0000] {processor.py:186} INFO - Started process (PID=1924) to work on /home/airflow/.local/lib/python3.12/site-packages/airflow/example_dags/tutorial_dag.py
[2026-09-17T19:05:41.934+0000] {processor.py:914} INFO - Processing file /home/airflow/.local/lib/python3.12/site-packages/airflow/example_dags/tutorial_dag.py for tasks to queue
[2026-09-17T19:05:41.936+0000] {logging_mixin.py:190} INFO - [2026-09-17T19:05:41.935+0000] {dagbag.py:588} INFO - Filling up the DagBag from /home/airflow/.local/lib/python3.12/site-packages/airflow/example_dags/tutorial_dag.py
[2026-09-17T19:05:41.946+0000] {processor.py:925} INFO - DAG(s) 'tutorial_dag' retrieved from /home/airflow/.local/lib/python3.12/site-packages/airflow/example_dags/tutorial_dag.py
[2026-09-17T19:05:41.973+0000] {logging_mixin.py:190} INFO - [2026-09-17T19:05:41.973+0000] {dag.py:3239} INFO - Sync 1 DAGs
[2026-09-17T19:05:41.989+0000] {logging_mixin.py:190} INFO - [2026-09-17T19:05:41.989+0000] {dag.py:4180} INFO - Setting next_dagrun for tutorial_dag to None, run_after=None
[2026-09-17T19:05:42.013+0000] {processor.py:208} INFO - Processing /home/airflow/.local/lib/python3.12/site-packages/airflow/example_dags/tutorial_dag.py took 0.088 seconds
[2026-09-17T19:06:12.589+0000] {processor.py:186} INFO - Started process (PID=1989) to work on /home/airflow/.local/lib/python3.12/site-packages/airflow/example_dags/tutorial_dag.py
[2026-09-17T19:06:12.591+0000] {processor.py:914} INFO - Processing file /home/airflow/.local/lib/python3.12/site-packages/airflow/example_dags/tutorial_dag.py for tasks to queue
[2026-09-17T19:06:12.593+0000] {logging_mixin.py:190} INFO - [2026-09-17T19:06:12.593+0000] {dagbag.py:588} INFO - Filling up the DagBag from /home/airflow/.local/lib/python3.12/site-packages/airflow/example_dags/tutorial_dag.py
[2026-09-17T19:06:12.603+0000] {processor.py:925} INFO - DAG(s) 'tutorial_dag' retrieved from /home/airflow/.local/lib/python3.12/site-packages/airflow/example_dags/tutorial_dag.py
[2026-09-17T19:06:12.632+0000] {logging_mixin.py:190} INFO - [2026-09-17T19:06:12.631+0000] {dag.py:3239} INFO - Sync 1 DAGs
[2026-09-17T19:06:12.652+0000] {logging_mixin.py:190} INFO - [2026-09-17T19:06:12.652+0000] {dag.py:4180} INFO - Setting next_dagrun for tutorial_dag to None, run_after=None
[2026-09-17T19:06:12.678+0000] {processor.py:208} INFO - Processing /home/airflow/.local/lib/python3.12/site-packages/airflow/example_dags/tutorial_dag.py took 0.095 seconds
[2026-09-17T19:06:43.307+0000] {processor.py:186} INFO - Started process (PID=2053) to work on /home/airflow/.local/lib/python3.12/site-packages/airflow/example_dags/tutorial_dag.py
[2026-09-17T19:06:43.309+0000] {processor.py:914} INFO - Processing file /home/airflow/.local/lib/python3.12/site-packages/airflow/example_dags/tutorial_dag.py for tasks to queue
[2026-09-17T19:06:43.312+0000] {logging_mixin.py:190} INFO - [2026-09-17T19:06:43.312+0000] {dagbag.py:588} INFO - Filling up the DagBag from /home/airflow/.local/lib/python3.12/site-packages/airflow/example_dags/tutorial_dag.py
[2026-09-17T19:06:43.327+0000] {processor.py:925} INFO - DAG(s) 'tutorial_dag' retrieved from /home/airflow/.local/lib/python3.12/site-packages/airflow/example_dags/tutorial_dag.py
[2026-09-17T19:06:43.364+0000] {logging_mixin.py:190} INFO - [2026-09-17T19:06:43.363+0000] {dag.py:3239} INFO - Sync 1 DAGs
[2026-09-17T19:06:43.388+0000] {logging_mixin.py:190} INFO - [2026-09-17T19:06:43.388+0000] {dag.py:4180} INFO - Setting next_dagrun for tutorial_dag to None, run_after=None
[2026-09-17T19:06:43.418+0000] {processor.py:208} INFO - Processing /home/airflow/.local/lib/python3.12/site-packages/airflow/example_dags/tutorial_dag.py took 0.120 seconds
[2026-09-17T19:07:13.731+0000] {processor.py:186} INFO - Started process (PID=2111) to work on /home/airflow/.local/lib/python3.12/site-packages/airflow/example_dags/tutorial_dag.py
[2026-09-17T19:07:13.733+0000] {processor.py:914} INFO - Processing file /home/airflow/.local/lib/python3.12/site-packages/airflow/example_dags/tutorial_dag.py for tasks to queue
[2026-09-17T19:07:13.735+0000] {logging_mixin.py:190} INFO - [2026-09-17T19:07:13.735+0000] {dagbag.py:588} INFO - Filling up the DagBag from /home/airflow/.local/lib/python3.12/site-packages/airflow/example_dags/tutorial_dag.py
[2026-09-17T19:07:13.745+0000] {processor.py:925} INFO - DAG(s) 'tutorial_dag' retrieved from /home/airflow/.local/lib/python3.12/site-packages/airflow/example_dags/tutorial_dag.py
[2026-09-17T19:07:13.773+0000] {logging_mixin.py:190} INFO - [2026-09-17T19:07:13.773+0000] {dag.py:3239} INFO - Sync 1 DAGs
[2026-09-17T19:07:13.791+0000] {logging_mixin.py:190} INFO - [2026-09-17T19:07:13.791+0000] {dag.py:4180} INFO - Setting next_dagrun for tutorial_dag to None, run_after=None
[2026-09-17T19:07:13.814+0000] {processor.py:208} INFO - Processing /home/airflow/.local/lib/python3.12/site-packages/airflow/example_dags/tutorial_dag.py took 0.089 seconds
[2026-09-17T19:07:44.309+0000] {processor.py:186} INFO - Started process (PID=2176) to work on /home/airflow/.local/lib/python3.12/site-packages/airflow/example_dags/tutorial_dag.py
[2026-09-17T19:07:44.311+0000] {processor.py:914} INFO - Processing file /home/airflow/.local/lib/python3.12/site-packages/airflow/example_dags/tutorial_dag.py for tasks to queue
[2026-09-17T19:07:44.314+0000] {logging_mixin.py:190} INFO - [2026-09-17T19:07:44.313+0000] {dagbag.py:588} INFO - Filling up the DagBag from /home/airflow/.local/lib/python3.12/site-packages/airflow/example_dags/tutorial_dag.py
[2026-09-17T19:07:44.327+0000] {processor.py:925} INFO - DAG(s) 'tutorial_dag' retrieved from /home/airflow/.local/lib/python3.12/site-packages/airflow/example_dags/tutorial_dag.py
[2026-09-17T19:07:44.354+0000] {logging_mixin.py:190} INFO - [2026-09-17T19:07:44.354+0000] {dag.py:3239} INFO - Sync 1 DAGs
[2026-09-17T19:07:44.370+0000] {logging_mixin.py:190} INFO - [2026-09-17T19:07:44.369+0000] {dag.py:4180} INFO - Setting next_dagrun for tutorial_dag to None, run_after=None
[2026-09-17T19:07:44.392+0000] {processor.py:208} INFO - Processing /home/airflow/.local/lib/python3.12/site-packages/airflow/example_dags/tutorial_dag.py took 0.090 seconds
[2026-09-17T19:08:14.636+0000] {processor.py:186} INFO - Started process (PID=2241) to work on /home/airflow/.local/lib/python3.12/site-packages/airflow/example_dags/tutorial_dag.py
[2026-09-17T19:08:14.638+0000] {processor.py:914} INFO - Processing file /home/airflow/.local/lib/python3.12/site-packages/airflow/example_dags/tutorial_dag.py for tasks to queue
[2026-09-17T19:08:14.640+0000] {logging_mixin.py:190} INFO - [2026-09-17T19:08:14.640+0000] {dagbag.py:588} INFO - Filling up the DagBag from /home/airflow/.local/lib/python3.12/site-packages/airflow/example_dags/tutorial_dag.py
[2026-09-17T19:08:14.650+0000] {processor.py:925} INFO - DAG(s) 'tutorial_dag' retrieved from /home/airflow/.local/lib/python3.12/site-packages/airflow/example_dags/tutorial_dag.py
[2026-09-17T19:08:14.680+0000] {logging_mixin.py:190} INFO - [2026-09-17T19:08:14.679+0000] {dag.py:3239} INFO - Sync 1 DAGs
[2026-09-17T19:08:14.697+0000] {logging_mixin.py:190} INFO - [2026-09-17T19:08:14.697+0000] {dag.py:4180} INFO - Setting next_dagrun for tutorial_dag to None, run_after=None
[2026-09-17T19:08:14.724+0000] {processor.py:208} INFO - Processing /home/airflow/.local/lib/python3.12/site-packages/airflow/example_dags/tutorial_dag.py took 0.093 seconds
[2026-09-17T19:08:45.526+0000] {processor.py:186} INFO - Started process (PID=2306) to work on /home/airflow/.local/lib/python3.12/site-packages/airflow/example_dags/tutorial_dag.py
[2026-09-17T19:08:45.527+0000] {processor.py:914} INFO - Processing file /home/airflow/.local/lib/python3.12/site-packages/airflow/example_dags/tutorial_dag.py for tasks to queue
[2026-09-17T19:08:45.530+0000] {logging_mixin.py:190} INFO - [2026-09-17T19:08:45.529+0000] {dagbag.py:588} INFO - Filling up the DagBag from /home/airflow/.local/lib/python3.12/site-packages/airflow/example_dags/tutorial_dag.py
[2026-09-17T19:08:45.540+0000] {processor.py:925} INFO - DAG(s) 'tutorial_dag' retrieved from /home/airflow/.local/lib/python3.12/site-packages/airflow/example_dags/tutorial_dag.py
[2026-09-17T19:08:45.566+0000] {logging_mixin.py:190} INFO - [2026-09-17T19:08:45.566+0000] {dag.py:3239} INFO - Sync 1 DAGs
[2026-09-17T19:08:45.582+0000] {logging_mixin.py:190} INFO - [2026-09-17T19:08:45.581+0000] {dag.py:4180} INFO - Setting next_dagrun for tutorial_dag to None, run_after=None
[2026-09-17T19:08:45.607+0000] {processor.py:208} INFO - Processing /home/airflow/.local/lib/python3.12/site-packages/airflow/example_dags/tutorial_dag.py took 0.089 seconds
[2026-09-17T19:09:16.921+0000] {processor.py:186} INFO - Started process (PID=2371) to work on /home/airflow/.local/lib/python3.12/site-packages/airflow/example_dags/tutorial_dag.py
[2026-09-17T19:09:16.923+0000] {processor.py:914} INFO - Processing file /home/airflow/.local/lib/python3.12/site-packages/airflow/example_dags/tutorial_dag.py for tasks to queue
[2026-09-17T19:09:16.925+0000] {logging_mixin.py:190} INFO - [2026-09-17T19:09:16.924+0000] {dagbag.py:588} INFO - Filling up the DagBag from /home/airflow/.local/lib/python3.12/site-packages/airflow/example_dags/tutorial_dag.py
[2026-09-17T19:09:16.935+0000] {processor.py:925} INFO - DAG(s) 'tutorial_dag' retrieved from /home/airflow/.local/lib/python3.12/site-packages/airflow/example_dags/tutorial_dag.py
[2026-09-17T19:09:16.964+0000] {logging_mixin.py:190} INFO - [2026-09-17T19:09:16.964+0000] {dag.py:3239} INFO - Sync 1 DAGs
[2026-09-17T19:09:16.979+0000] {logging_mixin.py:190} INFO - [2026-09-17T19:09:16.979+0000] {dag.py:4180} INFO - Setting next_dagrun for tutorial_dag to None, run_after=None
[2026-09-17T19:09:17.003+0000] {processor.py:208} INFO - Processing /home/airflow/.local/lib/python3.12/site-packages/airflow/example_dags/tutorial_dag.py took 0.088 seconds
[2026-09-17T19:09:47.870+0000] {processor.py:186} INFO - Started process (PID=2434) to work on /home/airflow/.local/lib/python3.12/site-packages/airflow/example_dags/tutorial_dag.py
[2026-09-17T19:09:47.872+0000] {processor.py:914} INFO - Processing file /home/airflow/.local/lib/python3.12/site-packages/airflow/example_dags/tutorial_dag.py for tasks to queue
[2026-09-17T19:09:47.874+0000] {logging_mixin.py:190} INFO - [2026-09-17T19:09:47.874+0000] {dagbag.py:588} INFO - Filling up the DagBag from /home/airflow/.local/lib/python3.12/site-packages/airflow/example_dags/tutorial_dag.py
[2026-09-17T19:09:47.883+0000] {processor.py:925} INFO - DAG(s) 'tutorial_dag' retrieved from /home/airflow/.local/lib/python3.12/site-packages/airflow/example_dags/tutorial_dag.py
[2026-09-17T19:09:47.913+0000] {logging_mixin.py:190} INFO - [2026-09-17T19:09:47.913+0000] {dag.py:3239} INFO - Sync 1 DAGs
[2026-09-17T19:09:47.930+0000] {logging_mixin.py:190} INFO - [2026-09-17T19:09:47.930+0000] {dag.py:4180} INFO - Setting next_dagrun for tutorial_dag to None, run_after=None
[2026-09-17T19:09:47.966+0000] {processor.py:208} INFO - Processing /home/airflow/.local/lib/python3.12/site-packages/airflow/example_dags/tutorial_dag.py took 0.103 seconds
[2026-09-17T19:10:18.688+0000] {processor.py:186} INFO - Started process (PID=2491) to work on /home/airflow/.local/lib/python3.12/site-packages/airflow/example_dags/tutorial_dag.py
[2026-09-17T19:10:18.691+0000] {processor.py:914} INFO - Processing file /home/airflow/.local/lib/python3.12/site-packages/airflow/example_dags/tutorial_dag.py for tasks to queue
[2026-09-17T19:10:18.693+0000] {logging_mixin.py:190} INFO - [2026-09-17T19:10:18.693+0000] {dagbag.py:588} INFO - Filling up the DagBag from /home/airflow/.local/lib/python3.12/site-packages/airflow/example_dags/tutorial_dag.py
[2026-09-17T19:10:18.703+0000] {processor.py:925} INFO - DAG(s) 'tutorial_dag' retrieved from /home/airflow/.local/lib/python3.12/site-packages/airflow/example_dags/tutorial_dag.py
[2026-09-17T19:10:18.731+0000] {logging_mixin.py:190} INFO - [2026-09-17T19:10:18.730+0000] {dag.py:3239} INFO - Sync 1 DAGs
[2026-09-17T19:10:18.746+0000] {logging_mixin.py:190} INFO - [2026-09-17T19:10:18.745+0000] {dag.py:4180} INFO - Setting next_dagrun for tutorial_dag to None, run_after=None
[2026-09-17T19:10:19.329+0000] {processor.py:208} INFO - Processing /home/airflow/.local/lib/python3.12/site-packages/airflow/example_dags/tutorial_dag.py took 0.647 seconds
[2026-09-17T19:10:49.667+0000] {processor.py:186} INFO - Started process (PID=2556) to work on /home/airflow/.local/lib/python3.12/site-packages/airflow/example_dags/tutorial_dag.py
[2026-09-17T19:10:49.669+0000] {processor.py:914} INFO - Processing file /home/airflow/.local/lib/python3.12/site-packages/airflow/example_dags/tutorial_dag.py for tasks to queue
[2026-09-17T19:10:49.672+0000] {logging_mixin.py:190} INFO - [2026-09-17T19:10:49.672+0000] {dagbag.py:588} INFO - Filling up the DagBag from /home/airflow/.local/lib/python3.12/site-packages/airflow/example_dags/tutorial_dag.py
[2026-09-17T19:10:49.687+0000] {processor.py:925} INFO - DAG(s) 'tutorial_dag' retrieved from /home/airflow/.local/lib/python3.12/site-packages/airflow/example_dags/tutorial_dag.py
[2026-09-17T19:10:49.723+0000] {logging_mixin.py:190} INFO - [2026-09-17T19:10:49.723+0000] {dag.py:3239} INFO - Sync 1 DAGs
[2026-09-17T19:10:49.739+0000] {logging_mixin.py:190} INFO - [2026-09-17T19:10:49.739+0000] {dag.py:4180} INFO - Setting next_dagrun for tutorial_dag to None, run_after=None
[2026-09-17T19:10:49.772+0000] {processor.py:208} INFO - Processing /home/airflow/.local/lib/python3.12/site-packages/airflow/example_dags/tutorial_dag.py took 0.114 seconds
[2026-09-17T19:11:20.517+0000] {processor.py:186} INFO - Started process (PID=2620) to work on /home/airflow/.local/lib/python3.12/site-packages/airflow/example_dags/tutorial_dag.py
[2026-09-17T19:11:20.519+0000] {processor.py:914} INFO - Processing file /home/airflow/.local/lib/python3.12/site-packages/airflow/example_dags/tutorial_dag.py for tasks to queue
[2026-09-17T19:11:20.521+0000] {logging_mixin.py:190} INFO - [2026-09-17T19:11:20.521+0000] {dagbag.py:588} INFO - Filling up the DagBag from /home/airflow/.local/lib/python3.12/site-packages/airflow/example_dags/tutorial_dag.py
[2026-09-17T19:11:20.530+0000] {processor.py:925} INFO - DAG(s) 'tutorial_dag' retrieved from /home/airflow/.local/lib/python3.12/site-packages/airflow/example_dags/tutorial_dag.py
[2026-09-17T19:11:20.556+0000] {logging_mixin.py:190} INFO - [2026-09-17T19:11:20.556+0000] {dag.py:3239} INFO - Sync 1 DAGs
[2026-09-17T19:11:20.571+0000] {logging_mixin.py:190} INFO - [2026-09-17T19:11:20.570+0000] {dag.py:4180} INFO - Setting next_dagrun for tutorial_dag to None, run_after=None
[2026-09-17T19:11:20.595+0000] {processor.py:208} INFO - Processing /home/airflow/.local/lib/python3.12/site-packages/airflow/example_dags/tutorial_dag.py took 0.084 seconds
[2026-09-17T19:11:51.975+0000] {processor.py:186} INFO - Started process (PID=2681) to work on /home/airflow/.local/lib/python3.12/site-packages/airflow/example_dags/tutorial_dag.py
[2026-09-17T19:11:51.977+0000] {processor.py:914} INFO - Processing file /home/airflow/.local/lib/python3.12/site-packages/airflow/example_dags/tutorial_dag.py for tasks to queue
[2026-09-17T19:11:51.978+0000] {logging_mixin.py:190} INFO - [2026-09-17T19:11:51.978+0000] {dagbag.py:588} INFO - Filling up the DagBag from /home/airflow/.local/lib/python3.12/site-packages/airflow/example_dags/tutorial_dag.py
[2026-09-17T19:11:51.987+0000] {processor.py:925} INFO - DAG(s) 'tutorial_dag' retrieved from /home/airflow/.local/lib/python3.12/site-packages/airflow/example_dags/tutorial_dag.py
[2026-09-17T19:11:52.013+0000] {logging_mixin.py:190} INFO - [2026-09-17T19:11:52.012+0000] {dag.py:3239} INFO - Sync 1 DAGs
[2026-09-17T19:11:52.028+0000] {logging_mixin.py:190} INFO - [2026-09-17T19:11:52.027+0000] {dag.py:4180} INFO - Setting next_dagrun for tutorial_dag to None, run_after=None
[2026-09-17T19:11:52.052+0000] {processor.py:208} INFO - Processing /home/airflow/.local/lib/python3.12/site-packages/airflow/example_dags/tutorial_dag.py took 0.083 seconds
[2026-09-17T19:12:23.480+0000] {processor.py:186} INFO - Started process (PID=2745) to work on /home/airflow/.local/lib/python3.12/site-packages/airflow/example_dags/tutorial_dag.py
[2026-09-17T19:12:23.482+0000] {processor.py:914} INFO - Processing file /home/airflow/.local/lib/python3.12/site-packages/airflow/example_dags/tutorial_dag.py for tasks to queue
[2026-09-17T19:12:23.485+0000] {logging_mixin.py:190} INFO - [2026-09-17T19:12:23.485+0000] {dagbag.py:588} INFO - Filling up the DagBag from /home/airflow/.local/lib/python3.12/site-packages/airflow/example_dags/tutorial_dag.py
[2026-09-17T19:12:23.496+0000] {processor.py:925} INFO - DAG(s) 'tutorial_dag' retrieved from /home/airflow/.local/lib/python3.12/site-packages/airflow/example_dags/tutorial_dag.py
[2026-09-17T19:12:23.527+0000] {logging_mixin.py:190} INFO - [2026-09-17T19:12:23.527+0000] {dag.py:3239} INFO - Sync 1 DAGs
[2026-09-17T19:12:23.544+0000] {logging_mixin.py:190} INFO - [2026-09-17T19:12:23.544+0000] {dag.py:4180} INFO - Setting next_dagrun for tutorial_dag to None, run_after=None
[2026-09-17T19:12:23.573+0000] {processor.py:208} INFO - Processing /home/airflow/.local/lib/python3.12/site-packages/airflow/example_dags/tutorial_dag.py took 0.101 seconds
[2026-09-17T19:12:54.730+0000] {processor.py:186} INFO - Started process (PID=2803) to work on /home/airflow/.local/lib/python3.12/site-packages/airflow/example_dags/tutorial_dag.py
[2026-09-17T19:12:54.732+0000] {processor.py:914} INFO - Processing file /home/airflow/.local/lib/python3.12/site-packages/airflow/example_dags/tutorial_dag.py for tasks to queue
[2026-09-17T19:12:54.735+0000] {logging_mixin.py:190} INFO - [2026-09-17T19:12:54.734+0000] {dagbag.py:588} INFO - Filling up the DagBag from /home/airflow/.local/lib/python3.12/site-packages/airflow/example_dags/tutorial_dag.py
[2026-09-17T19:12:54.744+0000] {processor.py:925} INFO - DAG(s) 'tutorial_dag' retrieved from /home/airflow/.local/lib/python3.12/site-packages/airflow/example_dags/tutorial_dag.py
[2026-09-17T19:12:54.769+0000] {logging_mixin.py:190} INFO - [2026-09-17T19:12:54.768+0000] {dag.py:3239} INFO - Sync 1 DAGs
[2026-09-17T19:12:54.786+0000] {logging_mixin.py:190} INFO - [2026-09-17T19:12:54.785+0000] {dag.py:4180} INFO - Setting next_dagrun for tutorial_dag to None, run_after=None
[2026-09-17T19:12:54.810+0000] {processor.py:208} INFO - Processing /home/airflow/.local/lib/python3.12/site-packages/airflow/example_dags/tutorial_dag.py took 0.086 seconds
[2026-09-17T19:13:25.682+0000] {processor.py:186} INFO - Started process (PID=2868) to work on /home/airflow/.local/lib/python3.12/site-packages/airflow/example_dags/tutorial_dag.py
[2026-09-17T19:13:25.684+0000] {processor.py:914} INFO - Processing file /home/airflow/.local/lib/python3.12/site-packages/airflow/example_dags/tutorial_dag.py for tasks to queue
[2026-09-17T19:13:25.686+0000] {logging_mixin.py:190} INFO - [2026-09-17T19:13:25.686+0000] {dagbag.py:588} INFO - Filling up the DagBag from /home/airflow/.local/lib/python3.12/site-packages/airflow/example_dags/tutorial_dag.py
[2026-09-17T19:13:25.695+0000] {processor.py:925} INFO - DAG(s) 'tutorial_dag' retrieved from /home/airflow/.local/lib/python3.12/site-packages/airflow/example_dags/tutorial_dag.py
[2026-09-17T19:13:25.721+0000] {logging_mixin.py:190} INFO - [2026-09-17T19:13:25.721+0000] {dag.py:3239} INFO - Sync 1 DAGs
[2026-09-17T19:13:25.737+0000] {logging_mixin.py:190} INFO - [2026-09-17T19:13:25.736+0000] {dag.py:4180} INFO - Setting next_dagrun for tutorial_dag to None, run_after=None
[2026-09-17T19:13:25.760+0000] {processor.py:208} INFO - Processing /home/airflow/.local/lib/python3.12/site-packages/airflow/example_dags/tutorial_dag.py took 0.085 seconds
[2026-09-17T19:13:56.710+0000] {processor.py:186} INFO - Started process (PID=2930) to work on /home/airflow/.local/lib/python3.12/site-packages/airflow/example_dags/tutorial_dag.py
[2026-09-17T19:13:56.713+0000] {processor.py:914} INFO - Processing file /home/airflow/.local/lib/python3.12/site-packages/airflow/example_dags/tutorial_dag.py for tasks to queue
[2026-09-17T19:13:56.716+0000] {logging_mixin.py:190} INFO - [2026-09-17T19:13:56.715+0000] {dagbag.py:588} INFO - Filling up the DagBag from /home/airflow/.local/lib/python3.12/site-packages/airflow/example_dags/tutorial_dag.py
[2026-09-17T19:13:56.729+0000] {processor.py:925} INFO - DAG(s) 'tutorial_dag' retrieved from /home/airflow/.local/lib/python3.12/site-packages/airflow/example_dags/tutorial_dag.py
[2026-09-17T19:13:56.767+0000] {logging_mixin.py:190} INFO - [2026-09-17T19:13:56.766+0000] {dag.py:3239} INFO - Sync 1 DAGs
[2026-09-17T19:13:56.790+0000] {logging_mixin.py:190} INFO - [2026-09-17T19:13:56.790+0000] {dag.py:4180} INFO - Setting next_dagrun for tutorial_dag to None, run_after=None
[2026-09-17T19:13:56.827+0000] {processor.py:208} INFO - Processing /home/airflow/.local/lib/python3.12/site-packages/airflow/example_dags/tutorial_dag.py took 0.123 seconds
[2026-09-17T19:14:27.284+0000] {processor.py:186} INFO - Started process (PID=2993) to work on /home/airflow/.local/lib/python3.12/site-packages/airflow/example_dags/tutorial_dag.py
[2026-09-17T19:14:27.286+0000] {processor.py:914} INFO - Processing file /home/airflow/.local/lib/python3.12/site-packages/airflow/example_dags/tutorial_dag.py for tasks to queue
[2026-09-17T19:14:27.289+0000] {logging_mixin.py:190} INFO - [2026-09-17T19:14:27.288+0000] {dagbag.py:588} INFO - Filling up the DagBag from /home/airflow/.local/lib/python3.12/site-packages/airflow/example_dags/tutorial_dag.py
[2026-09-17T19:14:27.298+0000] {processor.py:925} INFO - DAG(s) 'tutorial_dag' retrieved from /home/airflow/.local/lib/python3.12/site-packages/airflow/example_dags/tutorial_dag.py
[2026-09-17T19:14:27.326+0000] {logging_mixin.py:190} INFO - [2026-09-17T19:14:27.325+0000] {dag.py:3239} INFO - Sync 1 DAGs
[2026-09-17T19:14:27.342+0000] {logging_mixin.py:190} INFO - [2026-09-17T19:14:27.342+0000] {dag.py:4180} INFO - Setting next_dagrun for tutorial_dag to None, run_after=None
[2026-09-17T19:14:27.366+0000] {processor.py:208} INFO - Processing /home/airflow/.local/lib/python3.12/site-packages/airflow/example_dags/tutorial_dag.py took 0.089 seconds
[2026-09-17T19:14:58.213+0000] {processor.py:186} INFO - Started process (PID=3058) to work on /home/airflow/.local/lib/python3.12/site-packages/airflow/example_dags/tutorial_dag.py
[2026-09-17T19:14:58.216+0000] {processor.py:914} INFO - Processing file /home/airflow/.local/lib/python3.12/site-packages/airflow/example_dags/tutorial_dag.py for tasks to queue
[2026-09-17T19:14:58.218+0000] {logging_mixin.py:190} INFO - [2026-09-17T19:14:58.218+0000] {dagbag.py:588} INFO - Filling up the DagBag from /home/airflow/.local/lib/python3.12/site-packages/airflow/example_dags/tutorial_dag.py
[2026-09-17T19:14:58.229+0000] {processor.py:925} INFO - DAG(s) 'tutorial_dag' retrieved from /home/airflow/.local/lib/python3.12/site-packages/airflow/example_dags/tutorial_dag.py
[2026-09-17T19:14:58.260+0000] {logging_mixin.py:190} INFO - [2026-09-17T19:14:58.260+0000] {dag.py:3239} INFO - Sync 1 DAGs
[2026-09-17T19:14:58.277+0000] {logging_mixin.py:190} INFO - [2026-09-17T19:14:58.277+0000] {dag.py:4180} INFO - Setting next_dagrun for tutorial_dag to None, run_after=None
[2026-09-17T19:14:58.304+0000] {processor.py:208} INFO - Processing /home/airflow/.local/lib/python3.12/site-packages/airflow/example_dags/tutorial_dag.py took 0.097 seconds
[2026-09-17T19:15:28.481+0000] {processor.py:186} INFO - Started process (PID=3122) to work on /home/airflow/.local/lib/python3.12/site-packages/airflow/example_dags/tutorial_dag.py
[2026-09-17T19:15:28.483+0000] {processor.py:914} INFO - Processing file /home/airflow/.local/lib/python3.12/site-packages/airflow/example_dags/tutorial_dag.py for tasks to queue
[2026-09-17T19:15:28.485+0000] {logging_mixin.py:190} INFO - [2026-09-17T19:15:28.485+0000] {dagbag.py:588} INFO - Filling up the DagBag from /home/airflow/.local/lib/python3.12/site-packages/airflow/example_dags/tutorial_dag.py
[2026-09-17T19:15:28.496+0000] {processor.py:925} INFO - DAG(s) 'tutorial_dag' retrieved from /home/airflow/.local/lib/python3.12/site-packages/airflow/example_dags/tutorial_dag.py
[2026-09-17T19:15:28.529+0000] {logging_mixin.py:190} INFO - [2026-09-17T19:15:28.529+0000] {dag.py:3239} INFO - Sync 1 DAGs
[2026-09-17T19:15:28.550+0000] {logging_mixin.py:190} INFO - [2026-09-17T19:15:28.550+0000] {dag.py:4180} INFO - Setting next_dagrun for tutorial_dag to None, run_after=None
[2026-09-17T19:15:28.584+0000] {processor.py:208} INFO - Processing /home/airflow/.local/lib/python3.12/site-packages/airflow/example_dags/tutorial_dag.py took 0.110 seconds
[2026-09-17T19:15:58.977+0000] {processor.py:186} INFO - Started process (PID=3187) to work on /home/airflow/.local/lib/python3.12/site-packages/airflow/example_dags/tutorial_dag.py
[2026-09-17T19:15:58.979+0000] {processor.py:914} INFO - Processing file /home/airflow/.local/lib/python3.12/site-packages/airflow/example_dags/tutorial_dag.py for tasks to queue
[2026-09-17T19:15:58.982+0000] {logging_mixin.py:190} INFO - [2026-09-17T19:15:58.981+0000] {dagbag.py:588} INFO - Filling up the DagBag from /home/airflow/.local/lib/python3.12/site-packages/airflow/example_dags/tutorial_dag.py
[2026-09-17T19:15:58.990+0000] {processor.py:925} INFO - DAG(s) 'tutorial_dag' retrieved from /home/airflow/.local/lib/python3.12/site-packages/airflow/example_dags/tutorial_dag.py
[2026-09-17T19:15:59.015+0000] {logging_mixin.py:190} INFO - [2026-09-17T19:15:59.015+0000] {dag.py:3239} INFO - Sync 1 DAGs
[2026-09-17T19:15:59.029+0000] {logging_mixin.py:190} INFO - [2026-09-17T19:15:59.029+0000] {dag.py:4180} INFO - Setting next_dagrun for tutorial_dag to None, run_after=None
[2026-09-17T19:15:59.051+0000] {processor.py:208} INFO - Processing /home/airflow/.local/lib/python3.12/site-packages/airflow/example_dags/tutorial_dag.py took 0.079 seconds
[2026-09-17T19:16:29.935+0000] {processor.py:186} INFO - Started process (PID=3252) to work on /home/airflow/.local/lib/python3.12/site-packages/airflow/example_dags/tutorial_dag.py
[2026-09-17T19:16:29.938+0000] {processor.py:914} INFO - Processing file /home/airflow/.local/lib/python3.12/site-packages/airflow/example_dags/tutorial_dag.py for tasks to queue
[2026-09-17T19:16:29.940+0000] {logging_mixin.py:190} INFO - [2026-09-17T19:16:29.940+0000] {dagbag.py:588} INFO - Filling up the DagBag from /home/airflow/.local/lib/python3.12/site-packages/airflow/example_dags/tutorial_dag.py
[2026-09-17T19:16:29.951+0000] {processor.py:925} INFO - DAG(s) 'tutorial_dag' retrieved from /home/airflow/.local/lib/python3.12/site-packages/airflow/example_dags/tutorial_dag.py
[2026-09-17T19:16:29.982+0000] {logging_mixin.py:190} INFO - [2026-09-17T19:16:29.982+0000] {dag.py:3239} INFO - Sync 1 DAGs
[2026-09-17T19:16:30.000+0000] {logging_mixin.py:190} INFO - [2026-09-17T19:16:30.000+0000] {dag.py:4180} INFO - Setting next_dagrun for tutorial_dag to None, run_after=None
[2026-09-17T19:16:30.022+0000] {processor.py:208} INFO - Processing /home/airflow/.local/lib/python3.12/site-packages/airflow/example_dags/tutorial_dag.py took 0.093 seconds
[2026-09-17T19:17:00.945+0000] {processor.py:186} INFO - Started process (PID=3317) to work on /home/airflow/.local/lib/python3.12/site-packages/airflow/example_dags/tutorial_dag.py
[2026-09-17T19:17:00.947+0000] {processor.py:914} INFO - Processing file /home/airflow/.local/lib/python3.12/site-packages/airflow/example_dags/tutorial_dag.py for tasks to queue
[2026-09-17T19:17:00.950+0000] {logging_mixin.py:190} INFO - [2026-09-17T19:17:00.949+0000] {dagbag.py:588} INFO - Filling up the DagBag from /home/airflow/.local/lib/python3.12/site-packages/airflow/example_dags/tutorial_dag.py
[2026-09-17T19:17:00.963+0000] {processor.py:925} INFO - DAG(s) 'tutorial_dag' retrieved from /home/airflow/.local/lib/python3.12/site-packages/airflow/example_dags/tutorial_dag.py
[2026-09-17T19:17:01.002+0000] {logging_mixin.py:190} INFO - [2026-09-17T19:17:01.001+0000] {dag.py:3239} INFO - Sync 1 DAGs
[2026-09-17T19:17:01.023+0000] {logging_mixin.py:190} INFO - [2026-09-17T19:17:01.023+0000] {dag.py:4180} INFO - Setting next_dagrun for tutorial_dag to None, run_after=None
[2026-09-17T19:17:01.050+0000] {processor.py:208} INFO - Processing /home/airflow/.local/lib/python3.12/site-packages/airflow/example_dags/tutorial_dag.py took 0.112 seconds
[2026-09-17T19:17:31.314+0000] {processor.py:186} INFO - Started process (PID=3382) to work on /home/airflow/.local/lib/python3.12/site-packages/airflow/example_dags/tutorial_dag.py
[2026-09-17T19:17:31.316+0000] {processor.py:914} INFO - Processing file /home/airflow/.local/lib/python3.12/site-packages/airflow/example_dags/tutorial_dag.py for tasks to queue
[2026-09-17T19:17:31.319+0000] {logging_mixin.py:190} INFO - [2026-09-17T19:17:31.319+0000] {dagbag.py:588} INFO - Filling up the DagBag from /home/airflow/.local/lib/python3.12/site-packages/airflow/example_dags/tutorial_dag.py
[2026-09-17T19:17:31.329+0000] {processor.py:925} INFO - DAG(s) 'tutorial_dag' retrieved from /home/airflow/.local/lib/python3.12/site-packages/airflow/example_dags/tutorial_dag.py
[2026-09-17T19:17:31.361+0000] {logging_mixin.py:190} INFO - [2026-09-17T19:17:31.360+0000] {dag.py:3239} INFO - Sync 1 DAGs
[2026-09-17T19:17:31.377+0000] {logging_mixin.py:190} INFO - [2026-09-17T19:17:31.377+0000] {dag.py:4180} INFO - Setting next_dagrun for tutorial_dag to None, run_after=None
[2026-09-17T19:17:31.400+0000] {processor.py:208} INFO - Processing /home/airflow/.local/lib/python3.12/site-packages/airflow/example_dags/tutorial_dag.py took 0.092 seconds
[2026-09-17T19:18:01.983+0000] {processor.py:186} INFO - Started process (PID=3447) to work on /home/airflow/.local/lib/python3.12/site-packages/airflow/example_dags/tutorial_dag.py
[2026-09-17T19:18:01.985+0000] {processor.py:914} INFO - Processing file /home/airflow/.local/lib/python3.12/site-packages/airflow/example_dags/tutorial_dag.py for tasks to queue
[2026-09-17T19:18:01.988+0000] {logging_mixin.py:190} INFO - [2026-09-17T19:18:01.988+0000] {dagbag.py:588} INFO - Filling up the DagBag from /home/airflow/.local/lib/python3.12/site-packages/airflow/example_dags/tutorial_dag.py
[2026-09-17T19:18:01.997+0000] {processor.py:925} INFO - DAG(s) 'tutorial_dag' retrieved from /home/airflow/.local/lib/python3.12/site-packages/airflow/example_dags/tutorial_dag.py
[2026-09-17T19:18:02.023+0000] {logging_mixin.py:190} INFO - [2026-09-17T19:18:02.023+0000] {dag.py:3239} INFO - Sync 1 DAGs
[2026-09-17T19:18:02.038+0000] {logging_mixin.py:190} INFO - [2026-09-17T19:18:02.037+0000] {dag.py:4180} INFO - Setting next_dagrun for tutorial_dag to None, run_after=None
[2026-09-17T19:18:02.064+0000] {processor.py:208} INFO - Processing /home/airflow/.local/lib/python3.12/site-packages/airflow/example_dags/tutorial_dag.py took 0.087 seconds
[2026-09-17T19:18:32.832+0000] {processor.py:186} INFO - Started process (PID=3510) to work on /home/airflow/.local/lib/python3.12/site-packages/airflow/example_dags/tutorial_dag.py
[2026-09-17T19:18:32.834+0000] {processor.py:914} INFO - Processing file /home/airflow/.local/lib/python3.12/site-packages/airflow/example_dags/tutorial_dag.py for tasks to queue
[2026-09-17T19:18:32.836+0000] {logging_mixin.py:190} INFO - [2026-09-17T19:18:32.836+0000] {dagbag.py:588} INFO - Filling up the DagBag from /home/airflow/.local/lib/python3.12/site-packages/airflow/example_dags/tutorial_dag.py
[2026-09-17T19:18:32.846+0000] {processor.py:925} INFO - DAG(s) 'tutorial_dag' retrieved from /home/airflow/.local/lib/python3.12/site-packages/airflow/example_dags/tutorial_dag.py
[2026-09-17T19:18:32.874+0000] {logging_mixin.py:190} INFO - [2026-09-17T19:18:32.873+0000] {dag.py:3239} INFO - Sync 1 DAGs
[2026-09-17T19:18:32.890+0000] {logging_mixin.py:190} INFO - [2026-09-17T19:18:32.889+0000] {dag.py:4180} INFO - Setting next_dagrun for tutorial_dag to None, run_after=None
[2026-09-17T19:18:32.914+0000] {processor.py:208} INFO - Processing /home/airflow/.local/lib/python3.12/site-packages/airflow/example_dags/tutorial_dag.py took 0.089 seconds
[2026-09-17T19:19:03.331+0000] {processor.py:186} INFO - Started process (PID=3568) to work on /home/airflow/.local/lib/python3.12/site-packages/airflow/example_dags/tutorial_dag.py
[2026-09-17T19:19:03.334+0000] {processor.py:914} INFO - Processing file /home/airflow/.local/lib/python3.12/site-packages/airflow/example_dags/tutorial_dag.py for tasks to queue
[2026-09-17T19:19:03.336+0000] {logging_mixin.py:190} INFO - [2026-09-17T19:19:03.336+0000] {dagbag.py:588} INFO - Filling up the DagBag from /home/airflow/.local/lib/python3.12/site-packages/airflow/example_dags/tutorial_dag.py
[2026-09-17T19:19:03.346+0000] {processor.py:925} INFO - DAG(s) 'tutorial_dag' retrieved from /home/airflow/.local/lib/python3.12/site-packages/airflow/example_dags/tutorial_dag.py
[2026-09-17T19:19:03.376+0000] {logging_mixin.py:190} INFO - [2026-09-17T19:19:03.375+0000] {dag.py:3239} INFO - Sync 1 DAGs
[2026-09-17T19:19:03.391+0000] {logging_mixin.py:190} INFO - [2026-09-17T19:19:03.391+0000] {dag.py:4180} INFO - Setting next_dagrun for tutorial_dag to None, run_after=None
[2026-09-17T19:19:03.417+0000] {processor.py:208} INFO - Processing /home/airflow/.local/lib/python3.12/site-packages/airflow/example_dags/tutorial_dag.py took 0.091 seconds
[2026-09-17T19:19:34.310+0000] {processor.py:186} INFO - Started process (PID=3633) to work on /home/airflow/.local/lib/python3.12/site-packages/airflow/example_dags/tutorial_dag.py
[2026-09-17T19:19:34.312+0000] {processor.py:914} INFO - Processing file /home/airflow/.local/lib/python3.12/site-packages/airflow/example_dags/tutorial_dag.py for tasks to queue
[2026-09-17T19:19:34.316+0000] {logging_mixin.py:190} INFO - [2026-09-17T19:19:34.315+0000] {dagbag.py:588} INFO - Filling up the DagBag from /home/airflow/.local/lib/python3.12/site-packages/airflow/example_dags/tutorial_dag.py
[2026-09-17T19:19:34.327+0000] {processor.py:925} INFO - DAG(s) 'tutorial_dag' retrieved from /home/airflow/.local/lib/python3.12/site-packages/airflow/example_dags/tutorial_dag.py
[2026-09-17T19:19:34.361+0000] {logging_mixin.py:190} INFO - [2026-09-17T19:19:34.360+0000] {dag.py:3239} INFO - Sync 1 DAGs
[2026-09-17T19:19:34.382+0000] {logging_mixin.py:190} INFO - [2026-09-17T19:19:34.381+0000] {dag.py:4180} INFO - Setting next_dagrun for tutorial_dag to None, run_after=None
[2026-09-17T19:19:34.408+0000] {processor.py:208} INFO - Processing /home/airflow/.local/lib/python3.12/site-packages/airflow/example_dags/tutorial_dag.py took 0.107 seconds
[2026-09-17T19:20:04.731+0000] {processor.py:186} INFO - Started process (PID=3698) to work on /home/airflow/.local/lib/python3.12/site-packages/airflow/example_dags/tutorial_dag.py
[2026-09-17T19:20:04.732+0000] {processor.py:914} INFO - Processing file /home/airflow/.local/lib/python3.12/site-packages/airflow/example_dags/tutorial_dag.py for tasks to queue
[2026-09-17T19:20:04.735+0000] {logging_mixin.py:190} INFO - [2026-09-17T19:20:04.734+0000] {dagbag.py:588} INFO - Filling up the DagBag from /home/airflow/.local/lib/python3.12/site-packages/airflow/example_dags/tutorial_dag.py
[2026-09-17T19:20:04.744+0000] {processor.py:925} INFO - DAG(s) 'tutorial_dag' retrieved from /home/airflow/.local/lib/python3.12/site-packages/airflow/example_dags/tutorial_dag.py
[2026-09-17T19:20:04.770+0000] {logging_mixin.py:190} INFO - [2026-09-17T19:20:04.770+0000] {dag.py:3239} INFO - Sync 1 DAGs
[2026-09-17T19:20:04.785+0000] {logging_mixin.py:190} INFO - [2026-09-17T19:20:04.785+0000] {dag.py:4180} INFO - Setting next_dagrun for tutorial_dag to None, run_after=None
[2026-09-17T19:20:04.808+0000] {processor.py:208} INFO - Processing /home/airflow/.local/lib/python3.12/site-packages/airflow/example_dags/tutorial_dag.py took 0.083 seconds
[2026-09-17T19:20:34.868+0000] {processor.py:186} INFO - Started process (PID=3763) to work on /home/airflow/.local/lib/python3.12/site-packages/airflow/example_dags/tutorial_dag.py
[2026-09-17T19:20:34.870+0000] {processor.py:914} INFO - Processing file /home/airflow/.local/lib/python3.12/site-packages/airflow/example_dags/tutorial_dag.py for tasks to queue
[2026-09-17T19:20:34.873+0000] {logging_mixin.py:190} INFO - [2026-09-17T19:20:34.872+0000] {dagbag.py:588} INFO - Filling up the DagBag from /home/airflow/.local/lib/python3.12/site-packages/airflow/example_dags/tutorial_dag.py
[2026-09-17T19:20:34.881+0000] {processor.py:925} INFO - DAG(s) 'tutorial_dag' retrieved from /home/airflow/.local/lib/python3.12/site-packages/airflow/example_dags/tutorial_dag.py
[2026-09-17T19:20:34.908+0000] {logging_mixin.py:190} INFO - [2026-09-17T19:20:34.908+0000] {dag.py:3239} INFO - Sync 1 DAGs
[2026-09-17T19:20:34.923+0000] {logging_mixin.py:190} INFO - [2026-09-17T19:20:34.923+0000] {dag.py:4180} INFO - Setting next_dagrun for tutorial_dag to None, run_after=None
[2026-09-17T19:20:34.945+0000] {processor.py:208} INFO - Processing /home/airflow/.local/lib/python3.12/site-packages/airflow/example_dags/tutorial_dag.py took 0.083 seconds
[2026-09-17T19:21:05.074+0000] {processor.py:186} INFO - Started process (PID=3828) to work on /home/airflow/.local/lib/python3.12/site-packages/airflow/example_dags/tutorial_dag.py
[2026-09-17T19:21:05.076+0000] {processor.py:914} INFO - Processing file /home/airflow/.local/lib/python3.12/site-packages/airflow/example_dags/tutorial_dag.py for tasks to queue
[2026-09-17T19:21:05.079+0000] {logging_mixin.py:190} INFO - [2026-09-17T19:21:05.078+0000] {dagbag.py:588} INFO - Filling up the DagBag from /home/airflow/.local/lib/python3.12/site-packages/airflow/example_dags/tutorial_dag.py
[2026-09-17T19:21:05.088+0000] {processor.py:925} INFO - DAG(s) 'tutorial_dag' retrieved from /home/airflow/.local/lib/python3.12/site-packages/airflow/example_dags/tutorial_dag.py
[2026-09-17T19:21:05.111+0000] {logging_mixin.py:190} INFO - [2026-09-17T19:21:05.111+0000] {dag.py:3239} INFO - Sync 1 DAGs
[2026-09-17T19:21:05.127+0000] {logging_mixin.py:190} INFO - [2026-09-17T19:21:05.127+0000] {dag.py:4180} INFO - Setting next_dagrun for tutorial_dag to None, run_after=None
[2026-09-17T19:21:05.147+0000] {processor.py:208} INFO - Processing /home/airflow/.local/lib/python3.12/site-packages/airflow/example_dags/tutorial_dag.py took 0.080 seconds
[2026-09-17T19:21:35.594+0000] {processor.py:186} INFO - Started process (PID=3893) to work on /home/airflow/.local/lib/python3.12/site-packages/airflow/example_dags/tutorial_dag.py
[2026-09-17T19:21:35.596+0000] {processor.py:914} INFO - Processing file /home/airflow/.local/lib/python3.12/site-packages/airflow/example_dags/tutorial_dag.py for tasks to queue
[2026-09-17T19:21:35.598+0000] {logging_mixin.py:190} INFO - [2026-09-17T19:21:35.598+0000] {dagbag.py:588} INFO - Filling up the DagBag from /home/airflow/.local/lib/python3.12/site-packages/airflow/example_dags/tutorial_dag.py
[2026-09-17T19:21:35.606+0000] {processor.py:925} INFO - DAG(s) 'tutorial_dag' retrieved from /home/airflow/.local/lib/python3.12/site-packages/airflow/example_dags/tutorial_dag.py
[2026-09-17T19:21:35.634+0000] {logging_mixin.py:190} INFO - [2026-09-17T19:21:35.634+0000] {dag.py:3239} INFO - Sync 1 DAGs
[2026-09-17T19:21:35.648+0000] {logging_mixin.py:190} INFO - [2026-09-17T19:21:35.648+0000] {dag.py:4180} INFO - Setting next_dagrun for tutorial_dag to None, run_after=None
[2026-09-17T19:21:35.672+0000] {processor.py:208} INFO - Processing /home/airflow/.local/lib/python3.12/site-packages/airflow/example_dags/tutorial_dag.py took 0.084 seconds
[2026-09-17T19:22:06.055+0000] {processor.py:186} INFO - Started process (PID=3958) to work on /home/airflow/.local/lib/python3.12/site-packages/airflow/example_dags/tutorial_dag.py
[2026-09-17T19:22:06.057+0000] {processor.py:914} INFO - Processing file /home/airflow/.local/lib/python3.12/site-packages/airflow/example_dags/tutorial_dag.py for tasks to queue
[2026-09-17T19:22:06.059+0000] {logging_mixin.py:190} INFO - [2026-09-17T19:22:06.059+0000] {dagbag.py:588} INFO - Filling up the DagBag from /home/airflow/.local/lib/python3.12/site-packages/airflow/example_dags/tutorial_dag.py
[2026-09-17T19:22:06.068+0000] {processor.py:925} INFO - DAG(s) 'tutorial_dag' retrieved from /home/airflow/.local/lib/python3.12/site-packages/airflow/example_dags/tutorial_dag.py
[2026-09-17T19:22:06.094+0000] {logging_mixin.py:190} INFO - [2026-09-17T19:22:06.093+0000] {dag.py:3239} INFO - Sync 1 DAGs
[2026-09-17T19:22:06.110+0000] {logging_mixin.py:190} INFO - [2026-09-17T19:22:06.110+0000] {dag.py:4180} INFO - Setting next_dagrun for tutorial_dag to None, run_after=None
[2026-09-17T19:22:06.133+0000] {processor.py:208} INFO - Processing /home/airflow/.local/lib/python3.12/site-packages/airflow/example_dags/tutorial_dag.py took 0.085 seconds
[2026-09-17T19:22:36.978+0000] {processor.py:186} INFO - Started process (PID=4023) to work on /home/airflow/.local/lib/python3.12/site-packages/airflow/example_dags/tutorial_dag.py
[2026-09-17T19:22:36.981+0000] {processor.py:914} INFO - Processing file /home/airflow/.local/lib/python3.12/site-packages/airflow/example_dags/tutorial_dag.py for tasks to queue
[2026-09-17T19:22:36.985+0000] {logging_mixin.py:190} INFO - [2026-09-17T19:22:36.984+0000] {dagbag.py:588} INFO - Filling up the DagBag from /home/airflow/.local/lib/python3.12/site-packages/airflow/example_dags/tutorial_dag.py
[2026-09-17T19:22:37.000+0000] {processor.py:925} INFO - DAG(s) 'tutorial_dag' retrieved from /home/airflow/.local/lib/python3.12/site-packages/airflow/example_dags/tutorial_dag.py
[2026-09-17T19:22:37.036+0000] {logging_mixin.py:190} INFO - [2026-09-17T19:22:37.036+0000] {dag.py:3239} INFO - Sync 1 DAGs
[2026-09-17T19:22:37.055+0000] {logging_mixin.py:190} INFO - [2026-09-17T19:22:37.055+0000] {dag.py:4180} INFO - Setting next_dagrun for tutorial_dag to None, run_after=None
[2026-09-17T19:22:37.081+0000] {processor.py:208} INFO - Processing /home/airflow/.local/lib/python3.12/site-packages/airflow/example_dags/tutorial_dag.py took 0.113 seconds
[2026-09-17T19:23:07.372+0000] {processor.py:186} INFO - Started process (PID=4088) to work on /home/airflow/.local/lib/python3.12/site-packages/airflow/example_dags/tutorial_dag.py
[2026-09-17T19:23:07.374+0000] {processor.py:914} INFO - Processing file /home/airflow/.local/lib/python3.12/site-packages/airflow/example_dags/tutorial_dag.py for tasks to queue
[2026-09-17T19:23:07.376+0000] {logging_mixin.py:190} INFO - [2026-09-17T19:23:07.376+0000] {dagbag.py:588} INFO - Filling up the DagBag from /home/airflow/.local/lib/python3.12/site-packages/airflow/example_dags/tutorial_dag.py
[2026-09-17T19:23:07.385+0000] {processor.py:925} INFO - DAG(s) 'tutorial_dag' retrieved from /home/airflow/.local/lib/python3.12/site-packages/airflow/example_dags/tutorial_dag.py
[2026-09-17T19:23:07.411+0000] {logging_mixin.py:190} INFO - [2026-09-17T19:23:07.411+0000] {dag.py:3239} INFO - Sync 1 DAGs
[2026-09-17T19:23:07.428+0000] {logging_mixin.py:190} INFO - [2026-09-17T19:23:07.428+0000] {dag.py:4180} INFO - Setting next_dagrun for tutorial_dag to None, run_after=None
[2026-09-17T19:23:07.451+0000] {processor.py:208} INFO - Processing /home/airflow/.local/lib/python3.12/site-packages/airflow/example_dags/tutorial_dag.py took 0.086 seconds
[2026-09-17T19:23:37.670+0000] {processor.py:186} INFO - Started process (PID=4153) to work on /home/airflow/.local/lib/python3.12/site-packages/airflow/example_dags/tutorial_dag.py
[2026-09-17T19:23:37.673+0000] {processor.py:914} INFO - Processing file /home/airflow/.local/lib/python3.12/site-packages/airflow/example_dags/tutorial_dag.py for tasks to queue
[2026-09-17T19:23:37.676+0000] {logging_mixin.py:190} INFO - [2026-09-17T19:23:37.675+0000] {dagbag.py:588} INFO - Filling up the DagBag from /home/airflow/.local/lib/python3.12/site-packages/airflow/example_dags/tutorial_dag.py
[2026-09-17T19:23:37.686+0000] {processor.py:925} INFO - DAG(s) 'tutorial_dag' retrieved from /home/airflow/.local/lib/python3.12/site-packages/airflow/example_dags/tutorial_dag.py
[2026-09-17T19:23:37.719+0000] {logging_mixin.py:190} INFO - [2026-09-17T19:23:37.719+0000] {dag.py:3239} INFO - Sync 1 DAGs
[2026-09-17T19:23:37.738+0000] {logging_mixin.py:190} INFO - [2026-09-17T19:23:37.738+0000] {dag.py:4180} INFO - Setting next_dagrun for tutorial_dag to None, run_after=None
[2026-09-17T19:23:37.772+0000] {processor.py:208} INFO - Processing /home/airflow/.local/lib/python3.12/site-packages/airflow/example_dags/tutorial_dag.py took 0.110 seconds
[2026-09-17T19:24:07.849+0000] {processor.py:186} INFO - Started process (PID=4218) to work on /home/airflow/.local/lib/python3.12/site-packages/airflow/example_dags/tutorial_dag.py
[2026-09-17T19:24:07.852+0000] {processor.py:914} INFO - Processing file /home/airflow/.local/lib/python3.12/site-packages/airflow/example_dags/tutorial_dag.py for tasks to queue
[2026-09-17T19:24:07.854+0000] {logging_mixin.py:190} INFO - [2026-09-17T19:24:07.854+0000] {dagbag.py:588} INFO - Filling up the DagBag from /home/airflow/.local/lib/python3.12/site-packages/airflow/example_dags/tutorial_dag.py
[2026-09-17T19:24:07.864+0000] {processor.py:925} INFO - DAG(s) 'tutorial_dag' retrieved from /home/airflow/.local/lib/python3.12/site-packages/airflow/example_dags/tutorial_dag.py
[2026-09-17T19:24:07.890+0000] {logging_mixin.py:190} INFO - [2026-09-17T19:24:07.890+0000] {dag.py:3239} INFO - Sync 1 DAGs
[2026-09-17T19:24:07.904+0000] {logging_mixin.py:190} INFO - [2026-09-17T19:24:07.904+0000] {dag.py:4180} INFO - Setting next_dagrun for tutorial_dag to None, run_after=None
[2026-09-17T19:24:07.925+0000] {processor.py:208} INFO - Processing /home/airflow/.local/lib/python3.12/site-packages/airflow/example_dags/tutorial_dag.py took 0.081 seconds
[2026-09-17T19:24:38.546+0000] {processor.py:186} INFO - Started process (PID=4282) to work on /home/airflow/.local/lib/python3.12/site-packages/airflow/example_dags/tutorial_dag.py
[2026-09-17T19:24:38.548+0000] {processor.py:914} INFO - Processing file /home/airflow/.local/lib/python3.12/site-packages/airflow/example_dags/tutorial_dag.py for tasks to queue
[2026-09-17T19:24:38.551+0000] {logging_mixin.py:190} INFO - [2026-09-17T19:24:38.550+0000] {dagbag.py:588} INFO - Filling up the DagBag from /home/airflow/.local/lib/python3.12/site-packages/airflow/example_dags/tutorial_dag.py
[2026-09-17T19:24:38.566+0000] {processor.py:925} INFO - DAG(s) 'tutorial_dag' retrieved from /home/airflow/.local/lib/python3.12/site-packages/airflow/example_dags/tutorial_dag.py
[2026-09-17T19:24:38.597+0000] {logging_mixin.py:190} INFO - [2026-09-17T19:24:38.597+0000] {dag.py:3239} INFO - Sync 1 DAGs
[2026-09-17T19:24:38.627+0000] {logging_mixin.py:190} INFO - [2026-09-17T19:24:38.626+0000] {dag.py:4180} INFO - Setting next_dagrun for tutorial_dag to None, run_after=None
[2026-09-17T19:24:38.657+0000] {processor.py:208} INFO - Processing /home/airflow/.local/lib/python3.12/site-packages/airflow/example_dags/tutorial_dag.py took 0.121 seconds
[2026-09-17T19:25:08.838+0000] {processor.py:186} INFO - Started process (PID=4339) to work on /home/airflow/.local/lib/python3.12/site-packages/airflow/example_dags/tutorial_dag.py
[2026-09-17T19:25:08.840+0000] {processor.py:914} INFO - Processing file /home/airflow/.local/lib/python3.12/site-packages/airflow/example_dags/tutorial_dag.py for tasks to queue
[2026-09-17T19:25:08.842+0000] {logging_mixin.py:190} INFO - [2026-09-17T19:25:08.842+0000] {dagbag.py:588} INFO - Filling up the DagBag from /home/airflow/.local/lib/python3.12/site-packages/airflow/example_dags/tutorial_dag.py
[2026-09-17T19:25:08.852+0000] {processor.py:925} INFO - DAG(s) 'tutorial_dag' retrieved from /home/airflow/.local/lib/python3.12/site-packages/airflow/example_dags/tutorial_dag.py
[2026-09-17T19:25:08.880+0000] {logging_mixin.py:190} INFO - [2026-09-17T19:25:08.880+0000] {dag.py:3239} INFO - Sync 1 DAGs
[2026-09-17T19:25:08.895+0000] {logging_mixin.py:190} INFO - [2026-09-17T19:25:08.895+0000] {dag.py:4180} INFO - Setting next_dagrun for tutorial_dag to None, run_after=None
[2026-09-17T19:25:08.919+0000] {processor.py:208} INFO - Processing /home/airflow/.local/lib/python3.12/site-packages/airflow/example_dags/tutorial_dag.py took 0.087 seconds
[2026-09-17T19:25:39.363+0000] {processor.py:186} INFO - Started process (PID=4404) to work on /home/airflow/.local/lib/python3.12/site-packages/airflow/example_dags/tutorial_dag.py
[2026-09-17T19:25:39.365+0000] {processor.py:914} INFO - Processing file /home/airflow/.local/lib/python3.12/site-packages/airflow/example_dags/tutorial_dag.py for tasks to queue
[2026-09-17T19:25:39.367+0000] {logging_mixin.py:190} INFO - [2026-09-17T19:25:39.367+0000] {dagbag.py:588} INFO - Filling up the DagBag from /home/airflow/.local/lib/python3.12/site-packages/airflow/example_dags/tutorial_dag.py
[2026-09-17T19:25:39.377+0000] {processor.py:925} INFO - DAG(s) 'tutorial_dag' retrieved from /home/airflow/.local/lib/python3.12/site-packages/airflow/example_dags/tutorial_dag.py
[2026-09-17T19:25:39.408+0000] {logging_mixin.py:190} INFO - [2026-09-17T19:25:39.408+0000] {dag.py:3239} INFO - Sync 1 DAGs
[2026-09-17T19:25:39.424+0000] {logging_mixin.py:190} INFO - [2026-09-17T19:25:39.424+0000] {dag.py:4180} INFO - Setting next_dagrun for tutorial_dag to None, run_after=None
[2026-09-17T19:25:39.451+0000] {processor.py:208} INFO - Processing /home/airflow/.local/lib/python3.12/site-packages/airflow/example_dags/tutorial_dag.py took 0.095 seconds
[2026-09-17T19:26:09.541+0000] {processor.py:186} INFO - Started process (PID=4469) to work on /home/airflow/.local/lib/python3.12/site-packages/airflow/example_dags/tutorial_dag.py
[2026-09-17T19:26:09.543+0000] {processor.py:914} INFO - Processing file /home/airflow/.local/lib/python3.12/site-packages/airflow/example_dags/tutorial_dag.py for tasks to queue
[2026-09-17T19:26:09.545+0000] {logging_mixin.py:190} INFO - [2026-09-17T19:26:09.545+0000] {dagbag.py:588} INFO - Filling up the DagBag from /home/airflow/.local/lib/python3.12/site-packages/airflow/example_dags/tutorial_dag.py
[2026-09-17T19:26:09.555+0000] {processor.py:925} INFO - DAG(s) 'tutorial_dag' retrieved from /home/airflow/.local/lib/python3.12/site-packages/airflow/example_dags/tutorial_dag.py
[2026-09-17T19:26:09.586+0000] {logging_mixin.py:190} INFO - [2026-09-17T19:26:09.586+0000] {dag.py:3239} INFO - Sync 1 DAGs
[2026-09-17T19:26:09.603+0000] {logging_mixin.py:190} INFO - [2026-09-17T19:26:09.602+0000] {dag.py:4180} INFO - Setting next_dagrun for tutorial_dag to None, run_after=None
[2026-09-17T19:26:09.627+0000] {processor.py:208} INFO - Processing /home/airflow/.local/lib/python3.12/site-packages/airflow/example_dags/tutorial_dag.py took 0.093 seconds
[2026-09-17T19:26:39.963+0000] {processor.py:186} INFO - Started process (PID=4532) to work on /home/airflow/.local/lib/python3.12/site-packages/airflow/example_dags/tutorial_dag.py
[2026-09-17T19:26:39.966+0000] {processor.py:914} INFO - Processing file /home/airflow/.local/lib/python3.12/site-packages/airflow/example_dags/tutorial_dag.py for tasks to queue
[2026-09-17T19:26:39.969+0000] {logging_mixin.py:190} INFO - [2026-09-17T19:26:39.969+0000] {dagbag.py:588} INFO - Filling up the DagBag from /home/airflow/.local/lib/python3.12/site-packages/airflow/example_dags/tutorial_dag.py
[2026-09-17T19:26:39.984+0000] {processor.py:925} INFO - DAG(s) 'tutorial_dag' retrieved from /home/airflow/.local/lib/python3.12/site-packages/airflow/example_dags/tutorial_dag.py
[2026-09-17T19:26:40.025+0000] {logging_mixin.py:190} INFO - [2026-09-17T19:26:40.025+0000] {dag.py:3239} INFO - Sync 1 DAGs
[2026-09-17T19:26:40.041+0000] {logging_mixin.py:190} INFO - [2026-09-17T19:26:40.040+0000] {dag.py:4180} INFO - Setting next_dagrun for tutorial_dag to None, run_after=None
[2026-09-17T19:26:40.334+0000] {processor.py:208} INFO - Processing /home/airflow/.local/lib/python3.12/site-packages/airflow/example_dags/tutorial_dag.py took 0.380 seconds
[2026-09-17T19:27:10.447+0000] {processor.py:186} INFO - Started process (PID=4597) to work on /home/airflow/.local/lib/python3.12/site-packages/airflow/example_dags/tutorial_dag.py
[2026-09-17T19:27:10.450+0000] {processor.py:914} INFO - Processing file /home/airflow/.local/lib/python3.12/site-packages/airflow/example_dags/tutorial_dag.py for tasks to queue
[2026-09-17T19:27:10.452+0000] {logging_mixin.py:190} INFO - [2026-09-17T19:27:10.452+0000] {dagbag.py:588} INFO - Filling up the DagBag from /home/airflow/.local/lib/python3.12/site-packages/airflow/example_dags/tutorial_dag.py
[2026-09-17T19:27:10.463+0000] {processor.py:925} INFO - DAG(s) 'tutorial_dag' retrieved from /home/airflow/.local/lib/python3.12/site-packages/airflow/example_dags/tutorial_dag.py
[2026-09-17T19:27:10.492+0000] {logging_mixin.py:190} INFO - [2026-09-17T19:27:10.492+0000] {dag.py:3239} INFO - Sync 1 DAGs
[2026-09-17T19:27:10.510+0000] {logging_mixin.py:190} INFO - [2026-09-17T19:27:10.509+0000] {dag.py:4180} INFO - Setting next_dagrun for tutorial_dag to None, run_after=None
[2026-09-17T19:27:10.535+0000] {processor.py:208} INFO - Processing /home/airflow/.local/lib/python3.12/site-packages/airflow/example_dags/tutorial_dag.py took 0.095 seconds
[2026-09-17T19:27:41.375+0000] {processor.py:186} INFO - Started process (PID=4662) to work on /home/airflow/.local/lib/python3.12/site-packages/airflow/example_dags/tutorial_dag.py
[2026-09-17T19:27:41.377+0000] {processor.py:914} INFO - Processing file /home/airflow/.local/lib/python3.12/site-packages/airflow/example_dags/tutorial_dag.py for tasks to queue
[2026-09-17T19:27:41.380+0000] {logging_mixin.py:190} INFO - [2026-09-17T19:27:41.380+0000] {dagbag.py:588} INFO - Filling up the DagBag from /home/airflow/.local/lib/python3.12/site-packages/airflow/example_dags/tutorial_dag.py
[2026-09-17T19:27:41.392+0000] {processor.py:925} INFO - DAG(s) 'tutorial_dag' retrieved from /home/airflow/.local/lib/python3.12/site-packages/airflow/example_dags/tutorial_dag.py
[2026-09-17T19:27:41.421+0000] {logging_mixin.py:190} INFO - [2026-09-17T19:27:41.421+0000] {dag.py:3239} INFO - Sync 1 DAGs
[2026-09-17T19:27:41.438+0000] {logging_mixin.py:190} INFO - [2026-09-17T19:27:41.438+0000] {dag.py:4180} INFO - Setting next_dagrun for tutorial_dag to None, run_after=None
[2026-09-17T19:27:41.465+0000] {processor.py:208} INFO - Processing /home/airflow/.local/lib/python3.12/site-packages/airflow/example_dags/tutorial_dag.py took 0.097 seconds
[2026-09-17T19:28:12.040+0000] {processor.py:186} INFO - Started process (PID=4727) to work on /home/airflow/.local/lib/python3.12/site-packages/airflow/example_dags/tutorial_dag.py
[2026-09-17T19:28:12.041+0000] {processor.py:914} INFO - Processing file /home/airflow/.local/lib/python3.12/site-packages/airflow/example_dags/tutorial_dag.py for tasks to queue
[2026-09-17T19:28:12.044+0000] {logging_mixin.py:190} INFO - [2026-09-17T19:28:12.043+0000] {dagbag.py:588} INFO - Filling up the DagBag from /home/airflow/.local/lib/python3.12/site-packages/airflow/example_dags/tutorial_dag.py
[2026-09-17T19:28:12.054+0000] {processor.py:925} INFO - DAG(s) 'tutorial_dag' retrieved from /home/airflow/.local/lib/python3.12/site-packages/airflow/example_dags/tutorial_dag.py
[2026-09-17T19:28:12.081+0000] {logging_mixin.py:190} INFO - [2026-09-17T19:28:12.080+0000] {dag.py:3239} INFO - Sync 1 DAGs
[2026-09-17T19:28:12.095+0000] {logging_mixin.py:190} INFO - [2026-09-17T19:28:12.095+0000] {dag.py:4180} INFO - Setting next_dagrun for tutorial_dag to None, run_after=None
[2026-09-17T19:28:12.120+0000] {processor.py:208} INFO - Processing /home/airflow/.local/lib/python3.12/site-packages/airflow/example_dags/tutorial_dag.py took 0.087 seconds
[2026-09-17T19:48:18.591+0000] {processor.py:186} INFO - Started process (PID=63) to work on /home/airflow/.local/lib/python3.12/site-packages/airflow/example_dags/tutorial_dag.py
[2026-09-17T19:48:18.593+0000] {processor.py:914} INFO - Processing file /home/airflow/.local/lib/python3.12/site-packages/airflow/example_dags/tutorial_dag.py for tasks to queue
[2026-09-17T19:48:18.597+0000] {logging_mixin.py:190} INFO - [2026-09-17T19:48:18.596+0000] {dagbag.py:588} INFO - Filling up the DagBag from /home/airflow/.local/lib/python3.12/site-packages/airflow/example_dags/tutorial_dag.py
[2026-09-17T19:48:18.609+0000] {processor.py:925} INFO - DAG(s) 'tutorial_dag' retrieved from /home/airflow/.local/lib/python3.12/site-packages/airflow/example_dags/tutorial_dag.py
[2026-09-17T19:48:18.650+0000] {logging_mixin.py:190} INFO - [2026-09-17T19:48:18.649+0000] {dag.py:3239} INFO - Sync 1 DAGs
[2026-09-17T19:48:18.668+0000] {logging_mixin.py:190} INFO - [2026-09-17T19:48:18.668+0000] {dag.py:4180} INFO - Setting next_dagrun for tutorial_dag to None, run_after=None
[2026-09-17T19:48:18.702+0000] {processor.py:208} INFO - Processing /home/airflow/.local/lib/python3.12/site-packages/airflow/example_dags/tutorial_dag.py took 0.118 seconds
[2026-09-17T19:48:49.620+0000] {processor.py:186} INFO - Started process (PID=127) to work on /home/airflow/.local/lib/python3.12/site-packages/airflow/example_dags/tutorial_dag.py
[2026-09-17T19:48:49.623+0000] {processor.py:914} INFO - Processing file /home/airflow/.local/lib/python3.12/site-packages/airflow/example_dags/tutorial_dag.py for tasks to queue
[2026-09-17T19:48:49.626+0000] {logging_mixin.py:190} INFO - [2026-09-17T19:48:49.625+0000] {dagbag.py:588} INFO - Filling up the DagBag from /home/airflow/.local/lib/python3.12/site-packages/airflow/example_dags/tutorial_dag.py
[2026-09-17T19:48:49.637+0000] {processor.py:925} INFO - DAG(s) 'tutorial_dag' retrieved from /home/airflow/.local/lib/python3.12/site-packages/airflow/example_dags/tutorial_dag.py
[2026-09-17T19:48:49.668+0000] {logging_mixin.py:190} INFO - [2026-09-17T19:48:49.667+0000] {dag.py:3239} INFO - Sync 1 DAGs
[2026-09-17T19:48:49.688+0000] {logging_mixin.py:190} INFO - [2026-09-17T19:48:49.688+0000] {dag.py:4180} INFO - Setting next_dagrun for tutorial_dag to None, run_after=None
[2026-09-17T19:48:49.715+0000] {processor.py:208} INFO - Processing /home/airflow/.local/lib/python3.12/site-packages/airflow/example_dags/tutorial_dag.py took 0.101 seconds
[2026-09-17T19:49:20.777+0000] {processor.py:186} INFO - Started process (PID=185) to work on /home/airflow/.local/lib/python3.12/site-packages/airflow/example_dags/tutorial_dag.py
[2026-09-17T19:49:20.780+0000] {processor.py:914} INFO - Processing file /home/airflow/.local/lib/python3.12/site-packages/airflow/example_dags/tutorial_dag.py for tasks to queue
[2026-09-17T19:49:20.784+0000] {logging_mixin.py:190} INFO - [2026-09-17T19:49:20.783+0000] {dagbag.py:588} INFO - Filling up the DagBag from /home/airflow/.local/lib/python3.12/site-packages/airflow/example_dags/tutorial_dag.py
[2026-09-17T19:49:20.804+0000] {processor.py:925} INFO - DAG(s) 'tutorial_dag' retrieved from /home/airflow/.local/lib/python3.12/site-packages/airflow/example_dags/tutorial_dag.py
[2026-09-17T19:49:20.858+0000] {logging_mixin.py:190} INFO - [2026-09-17T19:49:20.857+0000] {dag.py:3239} INFO - Sync 1 DAGs
[2026-09-17T19:49:20.881+0000] {logging_mixin.py:190} INFO - [2026-09-17T19:49:20.880+0000] {dag.py:4180} INFO - Setting next_dagrun for tutorial_dag to None, run_after=None
[2026-09-17T19:49:20.913+0000] {processor.py:208} INFO - Processing /home/airflow/.local/lib/python3.12/site-packages/airflow/example_dags/tutorial_dag.py took 0.148 seconds
[2026-09-17T19:49:51.044+0000] {processor.py:186} INFO - Started process (PID=249) to work on /home/airflow/.local/lib/python3.12/site-packages/airflow/example_dags/tutorial_dag.py
[2026-09-17T19:49:51.046+0000] {processor.py:914} INFO - Processing file /home/airflow/.local/lib/python3.12/site-packages/airflow/example_dags/tutorial_dag.py for tasks to queue
[2026-09-17T19:49:51.048+0000] {logging_mixin.py:190} INFO - [2026-09-17T19:49:51.048+0000] {dagbag.py:588} INFO - Filling up the DagBag from /home/airflow/.local/lib/python3.12/site-packages/airflow/example_dags/tutorial_dag.py
[2026-09-17T19:49:51.058+0000] {processor.py:925} INFO - DAG(s) 'tutorial_dag' retrieved from /home/airflow/.local/lib/python3.12/site-packages/airflow/example_dags/tutorial_dag.py
[2026-09-17T19:49:51.085+0000] {logging_mixin.py:190} INFO - [2026-09-17T19:49:51.085+0000] {dag.py:3239} INFO - Sync 1 DAGs
[2026-09-17T19:49:51.102+0000] {logging_mixin.py:190} INFO - [2026-09-17T19:49:51.102+0000] {dag.py:4180} INFO - Setting next_dagrun for tutorial_dag to None, run_after=None
[2026-09-17T19:49:51.130+0000] {processor.py:208} INFO - Processing /home/airflow/.local/lib/python3.12/site-packages/airflow/example_dags/tutorial_dag.py took 0.092 seconds
[2026-09-17T19:50:21.888+0000] {processor.py:186} INFO - Started process (PID=314) to work on /home/airflow/.local/lib/python3.12/site-packages/airflow/example_dags/tutorial_dag.py
[2026-09-17T19:50:21.890+0000] {processor.py:914} INFO - Processing file /home/airflow/.local/lib/python3.12/site-packages/airflow/example_dags/tutorial_dag.py for tasks to queue
[2026-09-17T19:50:21.892+0000] {logging_mixin.py:190} INFO - [2026-09-17T19:50:21.892+0000] {dagbag.py:588} INFO - Filling up the DagBag from /home/airflow/.local/lib/python3.12/site-packages/airflow/example_dags/tutorial_dag.py
[2026-09-17T19:50:21.901+0000] {processor.py:925} INFO - DAG(s) 'tutorial_dag' retrieved from /home/airflow/.local/lib/python3.12/site-packages/airflow/example_dags/tutorial_dag.py
[2026-09-17T19:50:21.925+0000] {logging_mixin.py:190} INFO - [2026-09-17T19:50:21.925+0000] {dag.py:3239} INFO - Sync 1 DAGs
[2026-09-17T19:50:21.940+0000] {logging_mixin.py:190} INFO - [2026-09-17T19:50:21.939+0000] {dag.py:4180} INFO - Setting next_dagrun for tutorial_dag to None, run_after=None
[2026-09-17T19:50:21.971+0000] {processor.py:208} INFO - Processing /home/airflow/.local/lib/python3.12/site-packages/airflow/example_dags/tutorial_dag.py took 0.089 seconds
[2026-09-17T19:50:52.604+0000] {processor.py:186} INFO - Started process (PID=379) to work on /home/airflow/.local/lib/python3.12/site-packages/airflow/example_dags/tutorial_dag.py
[2026-09-17T19:50:52.606+0000] {processor.py:914} INFO - Processing file /home/airflow/.local/lib/python3.12/site-packages/airflow/example_dags/tutorial_dag.py for tasks to queue
[2026-09-17T19:50:52.608+0000] {logging_mixin.py:190} INFO - [2026-09-17T19:50:52.608+0000] {dagbag.py:588} INFO - Filling up the DagBag from /home/airflow/.local/lib/python3.12/site-packages/airflow/example_dags/tutorial_dag.py
[2026-09-17T19:50:52.617+0000] {processor.py:925} INFO - DAG(s) 'tutorial_dag' retrieved from /home/airflow/.local/lib/python3.12/site-packages/airflow/example_dags/tutorial_dag.py
[2026-09-17T19:50:52.645+0000] {logging_mixin.py:190} INFO - [2026-09-17T19:50:52.645+0000] {dag.py:3239} INFO - Sync 1 DAGs
[2026-09-17T19:50:52.661+0000] {logging_mixin.py:190} INFO - [2026-09-17T19:50:52.660+0000] {dag.py:4180} INFO - Setting next_dagrun for tutorial_dag to None, run_after=None
[2026-09-17T19:50:52.684+0000] {processor.py:208} INFO - Processing /home/airflow/.local/lib/python3.12/site-packages/airflow/example_dags/tutorial_dag.py took 0.086 seconds
[2026-09-17T19:51:23.104+0000] {processor.py:186} INFO - Started process (PID=444) to work on /home/airflow/.local/lib/python3.12/site-packages/airflow/example_dags/tutorial_dag.py
[2026-09-17T19:51:23.105+0000] {processor.py:914} INFO - Processing file /home/airflow/.local/lib/python3.12/site-packages/airflow/example_dags/tutorial_dag.py for tasks to queue
[2026-09-17T19:51:23.108+0000] {logging_mixin.py:190} INFO - [2026-09-17T19:51:23.108+0000] {dagbag.py:588} INFO - Filling up the DagBag from /home/airflow/.local/lib/python3.12/site-packages/airflow/example_dags/tutorial_dag.py
[2026-09-17T19:51:23.117+0000] {processor.py:925} INFO - DAG(s) 'tutorial_dag' retrieved from /home/airflow/.local/lib/python3.12/site-packages/airflow/example_dags/tutorial_dag.py
[2026-09-17T19:51:23.141+0000] {logging_mixin.py:190} INFO - [2026-09-17T19:51:23.141+0000] {dag.py:3239} INFO - Sync 1 DAGs
[2026-09-17T19:51:23.156+0000] {logging_mixin.py:190} INFO - [2026-09-17T19:51:23.156+0000] {dag.py:4180} INFO - Setting next_dagrun for tutorial_dag to None, run_after=None
[2026-09-17T19:51:23.178+0000] {processor.py:208} INFO - Processing /home/airflow/.local/lib/python3.12/site-packages/airflow/example_dags/tutorial_dag.py took 0.080 seconds
[2026-09-17T19:51:53.499+0000] {processor.py:186} INFO - Started process (PID=509) to work on /home/airflow/.local/lib/python3.12/site-packages/airflow/example_dags/tutorial_dag.py
[2026-09-17T19:51:53.501+0000] {processor.py:914} INFO - Processing file /home/airflow/.local/lib/python3.12/site-packages/airflow/example_dags/tutorial_dag.py for tasks to queue
[2026-09-17T19:51:53.503+0000] {logging_mixin.py:190} INFO - [2026-09-17T19:51:53.502+0000] {dagbag.py:588} INFO - Filling up the DagBag from /home/airflow/.local/lib/python3.12/site-packages/airflow/example_dags/tutorial_dag.py
[2026-09-17T19:51:53.513+0000] {processor.py:925} INFO - DAG(s) 'tutorial_dag' retrieved from /home/airflow/.local/lib/python3.12/site-packages/airflow/example_dags/tutorial_dag.py
[2026-09-17T19:51:53.536+0000] {logging_mixin.py:190} INFO - [2026-09-17T19:51:53.536+0000] {dag.py:3239} INFO - Sync 1 DAGs
[2026-09-17T19:51:53.550+0000] {logging_mixin.py:190} INFO - [2026-09-17T19:51:53.550+0000] {dag.py:4180} INFO - Setting next_dagrun for tutorial_dag to None, run_after=None
[2026-09-17T19:51:53.575+0000] {processor.py:208} INFO - Processing /home/airflow/.local/lib/python3.12/site-packages/airflow/example_dags/tutorial_dag.py took 0.084 seconds
[2026-09-17T19:52:24.498+0000] {processor.py:186} INFO - Started process (PID=574) to work on /home/airflow/.local/lib/python3.12/site-packages/airflow/example_dags/tutorial_dag.py
[2026-09-17T19:52:24.500+0000] {processor.py:914} INFO - Processing file /home/airflow/.local/lib/python3.12/site-packages/airflow/example_dags/tutorial_dag.py for tasks to queue
[2026-09-17T19:52:24.502+0000] {logging_mixin.py:190} INFO - [2026-09-17T19:52:24.501+0000] {dagbag.py:588} INFO - Filling up the DagBag from /home/airflow/.local/lib/python3.12/site-packages/airflow/example_dags/tutorial_dag.py
[2026-09-17T19:52:24.510+0000] {processor.py:925} INFO - DAG(s) 'tutorial_dag' retrieved from /home/airflow/.local/lib/python3.12/site-packages/airflow/example_dags/tutorial_dag.py
[2026-09-17T19:52:24.536+0000] {logging_mixin.py:190} INFO - [2026-09-17T19:52:24.536+0000] {dag.py:3239} INFO - Sync 1 DAGs
[2026-09-17T19:52:24.552+0000] {logging_mixin.py:190} INFO - [2026-09-17T19:52:24.552+0000] {dag.py:4180} INFO - Setting next_dagrun for tutorial_dag to None, run_after=None
[2026-09-17T19:52:24.578+0000] {processor.py:208} INFO - Processing /home/airflow/.local/lib/python3.12/site-packages/airflow/example_dags/tutorial_dag.py took 0.086 seconds
[2026-09-17T19:52:55.013+0000] {processor.py:186} INFO - Started process (PID=639) to work on /home/airflow/.local/lib/python3.12/site-packages/airflow/example_dags/tutorial_dag.py
[2026-09-17T19:52:55.015+0000] {processor.py:914} INFO - Processing file /home/airflow/.local/lib/python3.12/site-packages/airflow/example_dags/tutorial_dag.py for tasks to queue
[2026-09-17T19:52:55.017+0000] {logging_mixin.py:190} INFO - [2026-09-17T19:52:55.017+0000] {dagbag.py:588} INFO - Filling up the DagBag from /home/airflow/.local/lib/python3.12/site-packages/airflow/example_dags/tutorial_dag.py
[2026-09-17T19:52:55.029+0000] {processor.py:925} INFO - DAG(s) 'tutorial_dag' retrieved from /home/airflow/.local/lib/python3.12/site-packages/airflow/example_dags/tutorial_dag.py
[2026-09-17T19:52:55.056+0000] {logging_mixin.py:190} INFO - [2026-09-17T19:52:55.055+0000] {dag.py:3239} INFO - Sync 1 DAGs
[2026-09-17T19:52:55.073+0000] {logging_mixin.py:190} INFO - [2026-09-17T19:52:55.073+0000] {dag.py:4180} INFO - Setting next_dagrun for tutorial_dag to None, run_after=None
[2026-09-17T19:52:55.100+0000] {processor.py:208} INFO - Processing /home/airflow/.local/lib/python3.12/site-packages/airflow/example_dags/tutorial_dag.py took 0.095 seconds
[2026-09-17T19:53:25.672+0000] {processor.py:186} INFO - Started process (PID=704) to work on /home/airflow/.local/lib/python3.12/site-packages/airflow/example_dags/tutorial_dag.py
[2026-09-17T19:53:25.674+0000] {processor.py:914} INFO - Processing file /home/airflow/.local/lib/python3.12/site-packages/airflow/example_dags/tutorial_dag.py for tasks to queue
[2026-09-17T19:53:25.677+0000] {logging_mixin.py:190} INFO - [2026-09-17T19:53:25.676+0000] {dagbag.py:588} INFO - Filling up the DagBag from /home/airflow/.local/lib/python3.12/site-packages/airflow/example_dags/tutorial_dag.py
[2026-09-17T19:53:25.686+0000] {processor.py:925} INFO - DAG(s) 'tutorial_dag' retrieved from /home/airflow/.local/lib/python3.12/site-packages/airflow/example_dags/tutorial_dag.py
[2026-09-17T19:53:25.714+0000] {logging_mixin.py:190} INFO - [2026-09-17T19:53:25.713+0000] {dag.py:3239} INFO - Sync 1 DAGs
[2026-09-17T19:53:25.728+0000] {logging_mixin.py:190} INFO - [2026-09-17T19:53:25.728+0000] {dag.py:4180} INFO - Setting next_dagrun for tutorial_dag to None, run_after=None
[2026-09-17T19:53:25.753+0000] {processor.py:208} INFO - Processing /home/airflow/.local/lib/python3.12/site-packages/airflow/example_dags/tutorial_dag.py took 0.086 seconds
[2026-09-17T19:53:56.233+0000] {processor.py:186} INFO - Started process (PID=769) to work on /home/airflow/.local/lib/python3.12/site-packages/airflow/example_dags/tutorial_dag.py
[2026-09-17T19:53:56.235+0000] {processor.py:914} INFO - Processing file /home/airflow/.local/lib/python3.12/site-packages/airflow/example_dags/tutorial_dag.py for tasks to queue
[2026-09-17T19:53:56.236+0000] {logging_mixin.py:190} INFO - [2026-09-17T19:53:56.236+0000] {dagbag.py:588} INFO - Filling up the DagBag from /home/airflow/.local/lib/python3.12/site-packages/airflow/example_dags/tutorial_dag.py
[2026-09-17T19:53:56.245+0000] {processor.py:925} INFO - DAG(s) 'tutorial_dag' retrieved from /home/airflow/.local/lib/python3.12/site-packages/airflow/example_dags/tutorial_dag.py
[2026-09-17T19:53:56.271+0000] {logging_mixin.py:190} INFO - [2026-09-17T19:53:56.271+0000] {dag.py:3239} INFO - Sync 1 DAGs
[2026-09-17T19:53:56.286+0000] {logging_mixin.py:190} INFO - [2026-09-17T19:53:56.286+0000] {dag.py:4180} INFO - Setting next_dagrun for tutorial_dag to None, run_after=None
[2026-09-17T19:53:56.312+0000] {processor.py:208} INFO - Processing /home/airflow/.local/lib/python3.12/site-packages/airflow/example_dags/tutorial_dag.py took 0.085 seconds
[2026-09-17T19:54:26.733+0000] {processor.py:186} INFO - Started process (PID=834) to work on /home/airflow/.local/lib/python3.12/site-packages/airflow/example_dags/tutorial_dag.py
[2026-09-17T19:54:26.735+0000] {processor.py:914} INFO - Processing file /home/airflow/.local/lib/python3.12/site-packages/airflow/example_dags/tutorial_dag.py for tasks to queue
[2026-09-17T19:54:26.738+0000] {logging_mixin.py:190} INFO - [2026-09-17T19:54:26.737+0000] {dagbag.py:588} INFO - Filling up the DagBag from /home/airflow/.local/lib/python3.12/site-packages/airflow/example_dags/tutorial_dag.py
[2026-09-17T19:54:26.747+0000] {processor.py:925} INFO - DAG(s) 'tutorial_dag' retrieved from /home/airflow/.local/lib/python3.12/site-packages/airflow/example_dags/tutorial_dag.py
[2026-09-17T19:54:26.778+0000] {logging_mixin.py:190} INFO - [2026-09-17T19:54:26.777+0000] {dag.py:3239} INFO - Sync 1 DAGs
[2026-09-17T19:54:26.795+0000] {logging_mixin.py:190} INFO - [2026-09-17T19:54:26.795+0000] {dag.py:4180} INFO - Setting next_dagrun for tutorial_dag to None, run_after=None
[2026-09-17T19:54:26.820+0000] {processor.py:208} INFO - Processing /home/airflow/.local/lib/python3.12/site-packages/airflow/example_dags/tutorial_dag.py took 0.094 seconds
[2026-09-17T19:54:57.064+0000] {processor.py:186} INFO - Started process (PID=891) to work on /home/airflow/.local/lib/python3.12/site-packages/airflow/example_dags/tutorial_dag.py
[2026-09-17T19:54:57.067+0000] {processor.py:914} INFO - Processing file /home/airflow/.local/lib/python3.12/site-packages/airflow/example_dags/tutorial_dag.py for tasks to queue
[2026-09-17T19:54:57.069+0000] {logging_mixin.py:190} INFO - [2026-09-17T19:54:57.068+0000] {dagbag.py:588} INFO - Filling up the DagBag from /home/airflow/.local/lib/python3.12/site-packages/airflow/example_dags/tutorial_dag.py
[2026-09-17T19:54:57.080+0000] {processor.py:925} INFO - DAG(s) 'tutorial_dag' retrieved from /home/airflow/.local/lib/python3.12/site-packages/airflow/example_dags/tutorial_dag.py
[2026-09-17T19:54:57.110+0000] {logging_mixin.py:190} INFO - [2026-09-17T19:54:57.110+0000] {dag.py:3239} INFO - Sync 1 DAGs
[2026-09-17T19:54:57.129+0000] {logging_mixin.py:190} INFO - [2026-09-17T19:54:57.129+0000] {dag.py:4180} INFO - Setting next_dagrun for tutorial_dag to None, run_after=None
[2026-09-17T19:54:57.156+0000] {processor.py:208} INFO - Processing /home/airflow/.local/lib/python3.12/site-packages/airflow/example_dags/tutorial_dag.py took 0.099 seconds
[2026-09-17T19:55:27.953+0000] {processor.py:186} INFO - Started process (PID=956) to work on /home/airflow/.local/lib/python3.12/site-packages/airflow/example_dags/tutorial_dag.py
[2026-09-17T19:55:27.955+0000] {processor.py:914} INFO - Processing file /home/airflow/.local/lib/python3.12/site-packages/airflow/example_dags/tutorial_dag.py for tasks to queue
[2026-09-17T19:55:27.957+0000] {logging_mixin.py:190} INFO - [2026-09-17T19:55:27.957+0000] {dagbag.py:588} INFO - Filling up the DagBag from /home/airflow/.local/lib/python3.12/site-packages/airflow/example_dags/tutorial_dag.py
[2026-09-17T19:55:27.966+0000] {processor.py:925} INFO - DAG(s) 'tutorial_dag' retrieved from /home/airflow/.local/lib/python3.12/site-packages/airflow/example_dags/tutorial_dag.py
[2026-09-17T19:55:27.990+0000] {logging_mixin.py:190} INFO - [2026-09-17T19:55:27.990+0000] {dag.py:3239} INFO - Sync 1 DAGs
[2026-09-17T19:55:28.004+0000] {logging_mixin.py:190} INFO - [2026-09-17T19:55:28.004+0000] {dag.py:4180} INFO - Setting next_dagrun for tutorial_dag to None, run_after=None
[2026-09-17T19:55:28.026+0000] {processor.py:208} INFO - Processing /home/airflow/.local/lib/python3.12/site-packages/airflow/example_dags/tutorial_dag.py took 0.079 seconds
[2026-09-17T19:55:58.256+0000] {processor.py:186} INFO - Started process (PID=1021) to work on /home/airflow/.local/lib/python3.12/site-packages/airflow/example_dags/tutorial_dag.py
[2026-09-17T19:55:58.259+0000] {processor.py:914} INFO - Processing file /home/airflow/.local/lib/python3.12/site-packages/airflow/example_dags/tutorial_dag.py for tasks to queue
[2026-09-17T19:55:58.261+0000] {logging_mixin.py:190} INFO - [2026-09-17T19:55:58.261+0000] {dagbag.py:588} INFO - Filling up the DagBag from /home/airflow/.local/lib/python3.12/site-packages/airflow/example_dags/tutorial_dag.py
[2026-09-17T19:55:58.269+0000] {processor.py:925} INFO - DAG(s) 'tutorial_dag' retrieved from /home/airflow/.local/lib/python3.12/site-packages/airflow/example_dags/tutorial_dag.py
[2026-09-17T19:55:58.295+0000] {logging_mixin.py:190} INFO - [2026-09-17T19:55:58.294+0000] {dag.py:3239} INFO - Sync 1 DAGs
[2026-09-17T19:55:58.308+0000] {logging_mixin.py:190} INFO - [2026-09-17T19:55:58.308+0000] {dag.py:4180} INFO - Setting next_dagrun for tutorial_dag to None, run_after=None
[2026-09-17T19:55:58.335+0000] {processor.py:208} INFO - Processing /home/airflow/.local/lib/python3.12/site-packages/airflow/example_dags/tutorial_dag.py took 0.084 seconds
[2026-09-17T19:56:28.559+0000] {processor.py:186} INFO - Started process (PID=1086) to work on /home/airflow/.local/lib/python3.12/site-packages/airflow/example_dags/tutorial_dag.py
[2026-09-17T19:56:28.561+0000] {processor.py:914} INFO - Processing file /home/airflow/.local/lib/python3.12/site-packages/airflow/example_dags/tutorial_dag.py for tasks to queue
[2026-09-17T19:56:28.563+0000] {logging_mixin.py:190} INFO - [2026-09-17T19:56:28.562+0000] {dagbag.py:588} INFO - Filling up the DagBag from /home/airflow/.local/lib/python3.12/site-packages/airflow/example_dags/tutorial_dag.py
[2026-09-17T19:56:28.573+0000] {processor.py:925} INFO - DAG(s) 'tutorial_dag' retrieved from /home/airflow/.local/lib/python3.12/site-packages/airflow/example_dags/tutorial_dag.py
[2026-09-17T19:56:28.601+0000] {logging_mixin.py:190} INFO - [2026-09-17T19:56:28.600+0000] {dag.py:3239} INFO - Sync 1 DAGs
[2026-09-17T19:56:28.616+0000] {logging_mixin.py:190} INFO - [2026-09-17T19:56:28.616+0000] {dag.py:4180} INFO - Setting next_dagrun for tutorial_dag to None, run_after=None
[2026-09-17T19:56:28.642+0000] {processor.py:208} INFO - Processing /home/airflow/.local/lib/python3.12/site-packages/airflow/example_dags/tutorial_dag.py took 0.090 seconds
[2026-09-17T19:56:58.860+0000] {processor.py:186} INFO - Started process (PID=1151) to work on /home/airflow/.local/lib/python3.12/site-packages/airflow/example_dags/tutorial_dag.py
[2026-09-17T19:56:58.862+0000] {processor.py:914} INFO - Processing file /home/airflow/.local/lib/python3.12/site-packages/airflow/example_dags/tutorial_dag.py for tasks to queue
[2026-09-17T19:56:58.864+0000] {logging_mixin.py:190} INFO - [2026-09-17T19:56:58.864+0000] {dagbag.py:588} INFO - Filling up the DagBag from /home/airflow/.local/lib/python3.12/site-packages/airflow/example_dags/tutorial_dag.py
[2026-09-17T19:56:58.874+0000] {processor.py:925} INFO - DAG(s) 'tutorial_dag' retrieved from /home/airflow/.local/lib/python3.12/site-packages/airflow/example_dags/tutorial_dag.py
[2026-09-17T19:56:58.900+0000] {logging_mixin.py:190} INFO - [2026-09-17T19:56:58.900+0000] {dag.py:3239} INFO - Sync 1 DAGs
[2026-09-17T19:56:58.915+0000] {logging_mixin.py:190} INFO - [2026-09-17T19:56:58.915+0000] {dag.py:4180} INFO - Setting next_dagrun for tutorial_dag to None, run_after=None
[2026-09-17T19:56:58.940+0000] {processor.py:208} INFO - Processing /home/airflow/.local/lib/python3.12/site-packages/airflow/example_dags/tutorial_dag.py took 0.087 seconds
[2026-09-17T19:57:29.533+0000] {processor.py:186} INFO - Started process (PID=1216) to work on /home/airflow/.local/lib/python3.12/site-packages/airflow/example_dags/tutorial_dag.py
[2026-09-17T19:57:29.536+0000] {processor.py:914} INFO - Processing file /home/airflow/.local/lib/python3.12/site-packages/airflow/example_dags/tutorial_dag.py for tasks to queue
[2026-09-17T19:57:29.538+0000] {logging_mixin.py:190} INFO - [2026-09-17T19:57:29.538+0000] {dagbag.py:588} INFO - Filling up the DagBag from /home/airflow/.local/lib/python3.12/site-packages/airflow/example_dags/tutorial_dag.py
[2026-09-17T19:57:29.546+0000] {processor.py:925} INFO - DAG(s) 'tutorial_dag' retrieved from /home/airflow/.local/lib/python3.12/site-packages/airflow/example_dags/tutorial_dag.py
[2026-09-17T19:57:29.570+0000] {logging_mixin.py:190} INFO - [2026-09-17T19:57:29.570+0000] {dag.py:3239} INFO - Sync 1 DAGs
[2026-09-17T19:57:29.584+0000] {logging_mixin.py:190} INFO - [2026-09-17T19:57:29.583+0000] {dag.py:4180} INFO - Setting next_dagrun for tutorial_dag to None, run_after=None
[2026-09-17T19:57:29.604+0000] {processor.py:208} INFO - Processing /home/airflow/.local/lib/python3.12/site-packages/airflow/example_dags/tutorial_dag.py took 0.077 seconds
[2026-09-17T19:58:00.108+0000] {processor.py:186} INFO - Started process (PID=1281) to work on /home/airflow/.local/lib/python3.12/site-packages/airflow/example_dags/tutorial_dag.py
[2026-09-17T19:58:00.110+0000] {processor.py:914} INFO - Processing file /home/airflow/.local/lib/python3.12/site-packages/airflow/example_dags/tutorial_dag.py for tasks to queue
[2026-09-17T19:58:00.112+0000] {logging_mixin.py:190} INFO - [2026-09-17T19:58:00.112+0000] {dagbag.py:588} INFO - Filling up the DagBag from /home/airflow/.local/lib/python3.12/site-packages/airflow/example_dags/tutorial_dag.py
[2026-09-17T19:58:00.122+0000] {processor.py:925} INFO - DAG(s) 'tutorial_dag' retrieved from /home/airflow/.local/lib/python3.12/site-packages/airflow/example_dags/tutorial_dag.py
[2026-09-17T19:58:00.153+0000] {logging_mixin.py:190} INFO - [2026-09-17T19:58:00.152+0000] {dag.py:3239} INFO - Sync 1 DAGs
[2026-09-17T19:58:00.169+0000] {logging_mixin.py:190} INFO - [2026-09-17T19:58:00.169+0000] {dag.py:4180} INFO - Setting next_dagrun for tutorial_dag to None, run_after=None
[2026-09-17T19:58:00.200+0000] {processor.py:208} INFO - Processing /home/airflow/.local/lib/python3.12/site-packages/airflow/example_dags/tutorial_dag.py took 0.098 seconds
[2026-09-17T19:58:30.285+0000] {processor.py:186} INFO - Started process (PID=1346) to work on /home/airflow/.local/lib/python3.12/site-packages/airflow/example_dags/tutorial_dag.py
[2026-09-17T19:58:30.287+0000] {processor.py:914} INFO - Processing file /home/airflow/.local/lib/python3.12/site-packages/airflow/example_dags/tutorial_dag.py for tasks to queue
[2026-09-17T19:58:30.290+0000] {logging_mixin.py:190} INFO - [2026-09-17T19:58:30.290+0000] {dagbag.py:588} INFO - Filling up the DagBag from /home/airflow/.local/lib/python3.12/site-packages/airflow/example_dags/tutorial_dag.py
[2026-09-17T19:58:30.300+0000] {processor.py:925} INFO - DAG(s) 'tutorial_dag' retrieved from /home/airflow/.local/lib/python3.12/site-packages/airflow/example_dags/tutorial_dag.py
[2026-09-17T19:58:30.330+0000] {logging_mixin.py:190} INFO - [2026-09-17T19:58:30.329+0000] {dag.py:3239} INFO - Sync 1 DAGs
[2026-09-17T19:58:30.353+0000] {logging_mixin.py:190} INFO - [2026-09-17T19:58:30.353+0000] {dag.py:4180} INFO - Setting next_dagrun for tutorial_dag to None, run_after=None
[2026-09-17T19:58:30.395+0000] {processor.py:208} INFO - Processing /home/airflow/.local/lib/python3.12/site-packages/airflow/example_dags/tutorial_dag.py took 0.117 seconds
[2026-09-17T19:59:00.727+0000] {processor.py:186} INFO - Started process (PID=1411) to work on /home/airflow/.local/lib/python3.12/site-packages/airflow/example_dags/tutorial_dag.py
[2026-09-17T19:59:00.729+0000] {processor.py:914} INFO - Processing file /home/airflow/.local/lib/python3.12/site-packages/airflow/example_dags/tutorial_dag.py for tasks to queue
[2026-09-17T19:59:00.731+0000] {logging_mixin.py:190} INFO - [2026-09-17T19:59:00.730+0000] {dagbag.py:588} INFO - Filling up the DagBag from /home/airflow/.local/lib/python3.12/site-packages/airflow/example_dags/tutorial_dag.py
[2026-09-17T19:59:00.741+0000] {processor.py:925} INFO - DAG(s) 'tutorial_dag' retrieved from /home/airflow/.local/lib/python3.12/site-packages/airflow/example_dags/tutorial_dag.py
[2026-09-17T19:59:00.767+0000] {logging_mixin.py:190} INFO - [2026-09-17T19:59:00.766+0000] {dag.py:3239} INFO - Sync 1 DAGs
[2026-09-17T19:59:00.782+0000] {logging_mixin.py:190} INFO - [2026-09-17T19:59:00.781+0000] {dag.py:4180} INFO - Setting next_dagrun for tutorial_dag to None, run_after=None
[2026-09-17T19:59:00.806+0000] {processor.py:208} INFO - Processing /home/airflow/.local/lib/python3.12/site-packages/airflow/example_dags/tutorial_dag.py took 0.085 seconds
[2026-09-17T19:59:31.059+0000] {processor.py:186} INFO - Started process (PID=1476) to work on /home/airflow/.local/lib/python3.12/site-packages/airflow/example_dags/tutorial_dag.py
[2026-09-17T19:59:31.061+0000] {processor.py:914} INFO - Processing file /home/airflow/.local/lib/python3.12/site-packages/airflow/example_dags/tutorial_dag.py for tasks to queue
[2026-09-17T19:59:31.064+0000] {logging_mixin.py:190} INFO - [2026-09-17T19:59:31.063+0000] {dagbag.py:588} INFO - Filling up the DagBag from /home/airflow/.local/lib/python3.12/site-packages/airflow/example_dags/tutorial_dag.py
[2026-09-17T19:59:31.075+0000] {processor.py:925} INFO - DAG(s) 'tutorial_dag' retrieved from /home/airflow/.local/lib/python3.12/site-packages/airflow/example_dags/tutorial_dag.py
[2026-09-17T19:59:31.103+0000] {logging_mixin.py:190} INFO - [2026-09-17T19:59:31.103+0000] {dag.py:3239} INFO - Sync 1 DAGs
[2026-09-17T19:59:31.120+0000] {logging_mixin.py:190} INFO - [2026-09-17T19:59:31.119+0000] {dag.py:4180} INFO - Setting next_dagrun for tutorial_dag to None, run_after=None
[2026-09-17T19:59:31.145+0000] {processor.py:208} INFO - Processing /home/airflow/.local/lib/python3.12/site-packages/airflow/example_dags/tutorial_dag.py took 0.093 seconds
[2026-09-17T20:00:01.536+0000] {processor.py:186} INFO - Started process (PID=1533) to work on /home/airflow/.local/lib/python3.12/site-packages/airflow/example_dags/tutorial_dag.py
[2026-09-17T20:00:01.538+0000] {processor.py:914} INFO - Processing file /home/airflow/.local/lib/python3.12/site-packages/airflow/example_dags/tutorial_dag.py for tasks to queue
[2026-09-17T20:00:01.541+0000] {logging_mixin.py:190} INFO - [2026-09-17T20:00:01.541+0000] {dagbag.py:588} INFO - Filling up the DagBag from /home/airflow/.local/lib/python3.12/site-packages/airflow/example_dags/tutorial_dag.py
[2026-09-17T20:00:01.553+0000] {processor.py:925} INFO - DAG(s) 'tutorial_dag' retrieved from /home/airflow/.local/lib/python3.12/site-packages/airflow/example_dags/tutorial_dag.py
[2026-09-17T20:00:01.583+0000] {logging_mixin.py:190} INFO - [2026-09-17T20:00:01.583+0000] {dag.py:3239} INFO - Sync 1 DAGs
[2026-09-17T20:00:01.600+0000] {logging_mixin.py:190} INFO - [2026-09-17T20:00:01.599+0000] {dag.py:4180} INFO - Setting next_dagrun for tutorial_dag to None, run_after=None
[2026-09-17T20:00:01.624+0000] {processor.py:208} INFO - Processing /home/airflow/.local/lib/python3.12/site-packages/airflow/example_dags/tutorial_dag.py took 0.095 seconds
[2026-09-17T20:00:32.290+0000] {processor.py:186} INFO - Started process (PID=1598) to work on /home/airflow/.local/lib/python3.12/site-packages/airflow/example_dags/tutorial_dag.py
[2026-09-17T20:00:32.292+0000] {processor.py:914} INFO - Processing file /home/airflow/.local/lib/python3.12/site-packages/airflow/example_dags/tutorial_dag.py for tasks to queue
[2026-09-17T20:00:32.295+0000] {logging_mixin.py:190} INFO - [2026-09-17T20:00:32.294+0000] {dagbag.py:588} INFO - Filling up the DagBag from /home/airflow/.local/lib/python3.12/site-packages/airflow/example_dags/tutorial_dag.py
[2026-09-17T20:00:32.306+0000] {processor.py:925} INFO - DAG(s) 'tutorial_dag' retrieved from /home/airflow/.local/lib/python3.12/site-packages/airflow/example_dags/tutorial_dag.py
[2026-09-17T20:00:32.336+0000] {logging_mixin.py:190} INFO - [2026-09-17T20:00:32.336+0000] {dag.py:3239} INFO - Sync 1 DAGs
[2026-09-17T20:00:32.352+0000] {logging_mixin.py:190} INFO - [2026-09-17T20:00:32.351+0000] {dag.py:4180} INFO - Setting next_dagrun for tutorial_dag to None, run_after=None
[2026-09-17T20:00:32.376+0000] {processor.py:208} INFO - Processing /home/airflow/.local/lib/python3.12/site-packages/airflow/example_dags/tutorial_dag.py took 0.094 seconds
[2026-09-17T20:01:02.530+0000] {processor.py:186} INFO - Started process (PID=1663) to work on /home/airflow/.local/lib/python3.12/site-packages/airflow/example_dags/tutorial_dag.py
[2026-09-17T20:01:02.532+0000] {processor.py:914} INFO - Processing file /home/airflow/.local/lib/python3.12/site-packages/airflow/example_dags/tutorial_dag.py for tasks to queue
[2026-09-17T20:01:02.534+0000] {logging_mixin.py:190} INFO - [2026-09-17T20:01:02.534+0000] {dagbag.py:588} INFO - Filling up the DagBag from /home/airflow/.local/lib/python3.12/site-packages/airflow/example_dags/tutorial_dag.py
[2026-09-17T20:01:02.544+0000] {processor.py:925} INFO - DAG(s) 'tutorial_dag' retrieved from /home/airflow/.local/lib/python3.12/site-packages/airflow/example_dags/tutorial_dag.py
[2026-09-17T20:01:02.575+0000] {logging_mixin.py:190} INFO - [2026-09-17T20:01:02.574+0000] {dag.py:3239} INFO - Sync 1 DAGs
[2026-09-17T20:01:02.592+0000] {logging_mixin.py:190} INFO - [2026-09-17T20:01:02.592+0000] {dag.py:4180} INFO - Setting next_dagrun for tutorial_dag to None, run_after=None
[2026-09-17T20:01:02.619+0000] {processor.py:208} INFO - Processing /home/airflow/.local/lib/python3.12/site-packages/airflow/example_dags/tutorial_dag.py took 0.095 seconds
[2026-09-17T20:01:32.829+0000] {processor.py:186} INFO - Started process (PID=1728) to work on /home/airflow/.local/lib/python3.12/site-packages/airflow/example_dags/tutorial_dag.py
[2026-09-17T20:01:32.831+0000] {processor.py:914} INFO - Processing file /home/airflow/.local/lib/python3.12/site-packages/airflow/example_dags/tutorial_dag.py for tasks to queue
[2026-09-17T20:01:32.833+0000] {logging_mixin.py:190} INFO - [2026-09-17T20:01:32.833+0000] {dagbag.py:588} INFO - Filling up the DagBag from /home/airflow/.local/lib/python3.12/site-packages/airflow/example_dags/tutorial_dag.py
[2026-09-17T20:01:32.842+0000] {processor.py:925} INFO - DAG(s) 'tutorial_dag' retrieved from /home/airflow/.local/lib/python3.12/site-packages/airflow/example_dags/tutorial_dag.py
[2026-09-17T20:01:32.864+0000] {logging_mixin.py:190} INFO - [2026-09-17T20:01:32.864+0000] {dag.py:3239} INFO - Sync 1 DAGs
[2026-09-17T20:01:32.878+0000] {logging_mixin.py:190} INFO - [2026-09-17T20:01:32.878+0000] {dag.py:4180} INFO - Setting next_dagrun for tutorial_dag to None, run_after=None
[2026-09-17T20:01:32.898+0000] {processor.py:208} INFO - Processing /home/airflow/.local/lib/python3.12/site-packages/airflow/example_dags/tutorial_dag.py took 0.075 seconds
[2026-09-17T20:02:03.117+0000] {processor.py:186} INFO - Started process (PID=1793) to work on /home/airflow/.local/lib/python3.12/site-packages/airflow/example_dags/tutorial_dag.py
[2026-09-17T20:02:03.119+0000] {processor.py:914} INFO - Processing file /home/airflow/.local/lib/python3.12/site-packages/airflow/example_dags/tutorial_dag.py for tasks to queue
[2026-09-17T20:02:03.122+0000] {logging_mixin.py:190} INFO - [2026-09-17T20:02:03.122+0000] {dagbag.py:588} INFO - Filling up the DagBag from /home/airflow/.local/lib/python3.12/site-packages/airflow/example_dags/tutorial_dag.py
[2026-09-17T20:02:03.131+0000] {processor.py:925} INFO - DAG(s) 'tutorial_dag' retrieved from /home/airflow/.local/lib/python3.12/site-packages/airflow/example_dags/tutorial_dag.py
[2026-09-17T20:02:03.156+0000] {logging_mixin.py:190} INFO - [2026-09-17T20:02:03.156+0000] {dag.py:3239} INFO - Sync 1 DAGs
[2026-09-17T20:02:03.171+0000] {logging_mixin.py:190} INFO - [2026-09-17T20:02:03.171+0000] {dag.py:4180} INFO - Setting next_dagrun for tutorial_dag to None, run_after=None
[2026-09-17T20:02:03.191+0000] {processor.py:208} INFO - Processing /home/airflow/.local/lib/python3.12/site-packages/airflow/example_dags/tutorial_dag.py took 0.081 seconds
[2026-09-17T20:09:37.751+0000] {processor.py:186} INFO - Started process (PID=63) to work on /home/airflow/.local/lib/python3.12/site-packages/airflow/example_dags/tutorial_dag.py
[2026-09-17T20:09:37.754+0000] {processor.py:914} INFO - Processing file /home/airflow/.local/lib/python3.12/site-packages/airflow/example_dags/tutorial_dag.py for tasks to queue
[2026-09-17T20:09:37.757+0000] {logging_mixin.py:190} INFO - [2026-09-17T20:09:37.757+0000] {dagbag.py:588} INFO - Filling up the DagBag from /home/airflow/.local/lib/python3.12/site-packages/airflow/example_dags/tutorial_dag.py
[2026-09-17T20:09:37.771+0000] {processor.py:925} INFO - DAG(s) 'tutorial_dag' retrieved from /home/airflow/.local/lib/python3.12/site-packages/airflow/example_dags/tutorial_dag.py
[2026-09-17T20:09:37.921+0000] {logging_mixin.py:190} INFO - [2026-09-17T20:09:37.919+0000] {override.py:1911} INFO - Created Permission View: can edit on DAG:tutorial_dag
[2026-09-17T20:09:37.937+0000] {logging_mixin.py:190} INFO - [2026-09-17T20:09:37.936+0000] {override.py:1911} INFO - Created Permission View: can read on DAG:tutorial_dag
[2026-09-17T20:09:37.948+0000] {logging_mixin.py:190} INFO - [2026-09-17T20:09:37.948+0000] {override.py:1911} INFO - Created Permission View: can delete on DAG:tutorial_dag
[2026-09-17T20:09:37.961+0000] {logging_mixin.py:190} INFO - [2026-09-17T20:09:37.961+0000] {override.py:1911} INFO - Created Permission View: can create on DAG Run:tutorial_dag
[2026-09-17T20:09:37.976+0000] {logging_mixin.py:190} INFO - [2026-09-17T20:09:37.976+0000] {override.py:1911} INFO - Created Permission View: menu access on DAG Run:tutorial_dag
[2026-09-17T20:09:37.989+0000] {logging_mixin.py:190} INFO - [2026-09-17T20:09:37.988+0000] {override.py:1911} INFO - Created Permission View: can read on DAG Run:tutorial_dag
[2026-09-17T20:09:38.002+0000] {logging_mixin.py:190} INFO - [2026-09-17T20:09:38.002+0000] {override.py:1911} INFO - Created Permission View: can delete on DAG Run:tutorial_dag
[2026-09-17T20:09:38.005+0000] {logging_mixin.py:190} INFO - [2026-09-17T20:09:38.004+0000] {dag.py:3239} INFO - Sync 1 DAGs
[2026-09-17T20:09:38.020+0000] {logging_mixin.py:190} INFO - [2026-09-17T20:09:38.020+0000] {dag.py:3262} INFO - Creating ORM DAG for tutorial_dag
[2026-09-17T20:09:38.022+0000] {logging_mixin.py:190} INFO - [2026-09-17T20:09:38.022+0000] {dag.py:4180} INFO - Setting next_dagrun for tutorial_dag to None, run_after=None
[2026-09-17T20:09:38.049+0000] {processor.py:208} INFO - Processing /home/airflow/.local/lib/python3.12/site-packages/airflow/example_dags/tutorial_dag.py took 0.306 seconds
[2026-09-17T20:10:08.249+0000] {processor.py:186} INFO - Started process (PID=128) to work on /home/airflow/.local/lib/python3.12/site-packages/airflow/example_dags/tutorial_dag.py
[2026-09-17T20:10:08.251+0000] {processor.py:914} INFO - Processing file /home/airflow/.local/lib/python3.12/site-packages/airflow/example_dags/tutorial_dag.py for tasks to queue
[2026-09-17T20:10:08.255+0000] {logging_mixin.py:190} INFO - [2026-09-17T20:10:08.254+0000] {dagbag.py:588} INFO - Filling up the DagBag from /home/airflow/.local/lib/python3.12/site-packages/airflow/example_dags/tutorial_dag.py
[2026-09-17T20:10:08.279+0000] {processor.py:925} INFO - DAG(s) 'tutorial_dag' retrieved from /home/airflow/.local/lib/python3.12/site-packages/airflow/example_dags/tutorial_dag.py
[2026-09-17T20:10:08.327+0000] {logging_mixin.py:190} INFO - [2026-09-17T20:10:08.326+0000] {dag.py:3239} INFO - Sync 1 DAGs
[2026-09-17T20:10:08.349+0000] {logging_mixin.py:190} INFO - [2026-09-17T20:10:08.348+0000] {dag.py:4180} INFO - Setting next_dagrun for tutorial_dag to None, run_after=None
[2026-09-17T20:10:08.378+0000] {processor.py:208} INFO - Processing /home/airflow/.local/lib/python3.12/site-packages/airflow/example_dags/tutorial_dag.py took 0.140 seconds
[2026-09-17T20:10:38.862+0000] {processor.py:186} INFO - Started process (PID=191) to work on /home/airflow/.local/lib/python3.12/site-packages/airflow/example_dags/tutorial_dag.py
[2026-09-17T20:10:38.864+0000] {processor.py:914} INFO - Processing file /home/airflow/.local/lib/python3.12/site-packages/airflow/example_dags/tutorial_dag.py for tasks to queue
[2026-09-17T20:10:38.867+0000] {logging_mixin.py:190} INFO - [2026-09-17T20:10:38.867+0000] {dagbag.py:588} INFO - Filling up the DagBag from /home/airflow/.local/lib/python3.12/site-packages/airflow/example_dags/tutorial_dag.py
[2026-09-17T20:10:38.877+0000] {processor.py:925} INFO - DAG(s) 'tutorial_dag' retrieved from /home/airflow/.local/lib/python3.12/site-packages/airflow/example_dags/tutorial_dag.py
[2026-09-17T20:10:38.907+0000] {logging_mixin.py:190} INFO - [2026-09-17T20:10:38.907+0000] {dag.py:3239} INFO - Sync 1 DAGs
[2026-09-17T20:10:38.927+0000] {logging_mixin.py:190} INFO - [2026-09-17T20:10:38.927+0000] {dag.py:4180} INFO - Setting next_dagrun for tutorial_dag to None, run_after=None
[2026-09-17T20:10:38.957+0000] {processor.py:208} INFO - Processing /home/airflow/.local/lib/python3.12/site-packages/airflow/example_dags/tutorial_dag.py took 0.102 seconds
[2026-09-17T20:11:09.720+0000] {processor.py:186} INFO - Started process (PID=249) to work on /home/airflow/.local/lib/python3.12/site-packages/airflow/example_dags/tutorial_dag.py
[2026-09-17T20:11:09.722+0000] {processor.py:914} INFO - Processing file /home/airflow/.local/lib/python3.12/site-packages/airflow/example_dags/tutorial_dag.py for tasks to queue
[2026-09-17T20:11:09.725+0000] {logging_mixin.py:190} INFO - [2026-09-17T20:11:09.724+0000] {dagbag.py:588} INFO - Filling up the DagBag from /home/airflow/.local/lib/python3.12/site-packages/airflow/example_dags/tutorial_dag.py
[2026-09-17T20:11:09.737+0000] {processor.py:925} INFO - DAG(s) 'tutorial_dag' retrieved from /home/airflow/.local/lib/python3.12/site-packages/airflow/example_dags/tutorial_dag.py
[2026-09-17T20:11:09.772+0000] {logging_mixin.py:190} INFO - [2026-09-17T20:11:09.772+0000] {dag.py:3239} INFO - Sync 1 DAGs
[2026-09-17T20:11:09.796+0000] {logging_mixin.py:190} INFO - [2026-09-17T20:11:09.796+0000] {dag.py:4180} INFO - Setting next_dagrun for tutorial_dag to None, run_after=None
[2026-09-17T20:11:09.831+0000] {processor.py:208} INFO - Processing /home/airflow/.local/lib/python3.12/site-packages/airflow/example_dags/tutorial_dag.py took 0.121 seconds
[2026-09-17T20:11:41.564+0000] {processor.py:186} INFO - Started process (PID=314) to work on /home/airflow/.local/lib/python3.12/site-packages/airflow/example_dags/tutorial_dag.py
[2026-09-17T20:11:41.567+0000] {processor.py:914} INFO - Processing file /home/airflow/.local/lib/python3.12/site-packages/airflow/example_dags/tutorial_dag.py for tasks to queue
[2026-09-17T20:11:41.569+0000] {logging_mixin.py:190} INFO - [2026-09-17T20:11:41.569+0000] {dagbag.py:588} INFO - Filling up the DagBag from /home/airflow/.local/lib/python3.12/site-packages/airflow/example_dags/tutorial_dag.py
[2026-09-17T20:11:41.577+0000] {processor.py:925} INFO - DAG(s) 'tutorial_dag' retrieved from /home/airflow/.local/lib/python3.12/site-packages/airflow/example_dags/tutorial_dag.py
[2026-09-17T20:11:41.605+0000] {logging_mixin.py:190} INFO - [2026-09-17T20:11:41.604+0000] {dag.py:3239} INFO - Sync 1 DAGs
[2026-09-17T20:11:41.620+0000] {logging_mixin.py:190} INFO - [2026-09-17T20:11:41.619+0000] {dag.py:4180} INFO - Setting next_dagrun for tutorial_dag to None, run_after=None
[2026-09-17T20:11:41.643+0000] {processor.py:208} INFO - Processing /home/airflow/.local/lib/python3.12/site-packages/airflow/example_dags/tutorial_dag.py took 0.085 seconds
[2026-09-17T20:12:12.595+0000] {processor.py:186} INFO - Started process (PID=379) to work on /home/airflow/.local/lib/python3.12/site-packages/airflow/example_dags/tutorial_dag.py
[2026-09-17T20:12:12.597+0000] {processor.py:914} INFO - Processing file /home/airflow/.local/lib/python3.12/site-packages/airflow/example_dags/tutorial_dag.py for tasks to queue
[2026-09-17T20:12:12.600+0000] {logging_mixin.py:190} INFO - [2026-09-17T20:12:12.599+0000] {dagbag.py:588} INFO - Filling up the DagBag from /home/airflow/.local/lib/python3.12/site-packages/airflow/example_dags/tutorial_dag.py
[2026-09-17T20:12:12.608+0000] {processor.py:925} INFO - DAG(s) 'tutorial_dag' retrieved from /home/airflow/.local/lib/python3.12/site-packages/airflow/example_dags/tutorial_dag.py
[2026-09-17T20:12:12.633+0000] {logging_mixin.py:190} INFO - [2026-09-17T20:12:12.633+0000] {dag.py:3239} INFO - Sync 1 DAGs
[2026-09-17T20:12:12.649+0000] {logging_mixin.py:190} INFO - [2026-09-17T20:12:12.648+0000] {dag.py:4180} INFO - Setting next_dagrun for tutorial_dag to None, run_after=None
[2026-09-17T20:12:12.672+0000] {processor.py:208} INFO - Processing /home/airflow/.local/lib/python3.12/site-packages/airflow/example_dags/tutorial_dag.py took 0.083 seconds
[2026-09-17T20:12:43.234+0000] {processor.py:186} INFO - Started process (PID=444) to work on /home/airflow/.local/lib/python3.12/site-packages/airflow/example_dags/tutorial_dag.py
[2026-09-17T20:12:43.236+0000] {processor.py:914} INFO - Processing file /home/airflow/.local/lib/python3.12/site-packages/airflow/example_dags/tutorial_dag.py for tasks to queue
[2026-09-17T20:12:43.238+0000] {logging_mixin.py:190} INFO - [2026-09-17T20:12:43.238+0000] {dagbag.py:588} INFO - Filling up the DagBag from /home/airflow/.local/lib/python3.12/site-packages/airflow/example_dags/tutorial_dag.py
[2026-09-17T20:12:43.248+0000] {processor.py:925} INFO - DAG(s) 'tutorial_dag' retrieved from /home/airflow/.local/lib/python3.12/site-packages/airflow/example_dags/tutorial_dag.py
[2026-09-17T20:12:43.277+0000] {logging_mixin.py:190} INFO - [2026-09-17T20:12:43.277+0000] {dag.py:3239} INFO - Sync 1 DAGs
[2026-09-17T20:12:43.293+0000] {logging_mixin.py:190} INFO - [2026-09-17T20:12:43.293+0000] {dag.py:4180} INFO - Setting next_dagrun for tutorial_dag to None, run_after=None
[2026-09-17T20:12:43.322+0000] {processor.py:208} INFO - Processing /home/airflow/.local/lib/python3.12/site-packages/airflow/example_dags/tutorial_dag.py took 0.094 seconds
[2026-09-17T20:13:13.642+0000] {processor.py:186} INFO - Started process (PID=509) to work on /home/airflow/.local/lib/python3.12/site-packages/airflow/example_dags/tutorial_dag.py
[2026-09-17T20:13:13.644+0000] {processor.py:914} INFO - Processing file /home/airflow/.local/lib/python3.12/site-packages/airflow/example_dags/tutorial_dag.py for tasks to queue
[2026-09-17T20:13:13.646+0000] {logging_mixin.py:190} INFO - [2026-09-17T20:13:13.646+0000] {dagbag.py:588} INFO - Filling up the DagBag from /home/airflow/.local/lib/python3.12/site-packages/airflow/example_dags/tutorial_dag.py
[2026-09-17T20:13:13.655+0000] {processor.py:925} INFO - DAG(s) 'tutorial_dag' retrieved from /home/airflow/.local/lib/python3.12/site-packages/airflow/example_dags/tutorial_dag.py
[2026-09-17T20:13:13.680+0000] {logging_mixin.py:190} INFO - [2026-09-17T20:13:13.680+0000] {dag.py:3239} INFO - Sync 1 DAGs
[2026-09-17T20:13:13.695+0000] {logging_mixin.py:190} INFO - [2026-09-17T20:13:13.695+0000] {dag.py:4180} INFO - Setting next_dagrun for tutorial_dag to None, run_after=None
[2026-09-17T20:13:13.716+0000] {processor.py:208} INFO - Processing /home/airflow/.local/lib/python3.12/site-packages/airflow/example_dags/tutorial_dag.py took 0.080 seconds
[2026-09-17T20:13:44.220+0000] {processor.py:186} INFO - Started process (PID=574) to work on /home/airflow/.local/lib/python3.12/site-packages/airflow/example_dags/tutorial_dag.py
[2026-09-17T20:13:44.221+0000] {processor.py:914} INFO - Processing file /home/airflow/.local/lib/python3.12/site-packages/airflow/example_dags/tutorial_dag.py for tasks to queue
[2026-09-17T20:13:44.223+0000] {logging_mixin.py:190} INFO - [2026-09-17T20:13:44.223+0000] {dagbag.py:588} INFO - Filling up the DagBag from /home/airflow/.local/lib/python3.12/site-packages/airflow/example_dags/tutorial_dag.py
[2026-09-17T20:13:44.231+0000] {processor.py:925} INFO - DAG(s) 'tutorial_dag' retrieved from /home/airflow/.local/lib/python3.12/site-packages/airflow/example_dags/tutorial_dag.py
[2026-09-17T20:13:44.256+0000] {logging_mixin.py:190} INFO - [2026-09-17T20:13:44.256+0000] {dag.py:3239} INFO - Sync 1 DAGs
[2026-09-17T20:13:44.272+0000] {logging_mixin.py:190} INFO - [2026-09-17T20:13:44.272+0000] {dag.py:4180} INFO - Setting next_dagrun for tutorial_dag to None, run_after=None
[2026-09-17T20:13:44.293+0000] {processor.py:208} INFO - Processing /home/airflow/.local/lib/python3.12/site-packages/airflow/example_dags/tutorial_dag.py took 0.079 seconds
[2026-09-17T20:14:14.574+0000] {processor.py:186} INFO - Started process (PID=639) to work on /home/airflow/.local/lib/python3.12/site-packages/airflow/example_dags/tutorial_dag.py
[2026-09-17T20:14:14.575+0000] {processor.py:914} INFO - Processing file /home/airflow/.local/lib/python3.12/site-packages/airflow/example_dags/tutorial_dag.py for tasks to queue
[2026-09-17T20:14:14.577+0000] {logging_mixin.py:190} INFO - [2026-09-17T20:14:14.577+0000] {dagbag.py:588} INFO - Filling up the DagBag from /home/airflow/.local/lib/python3.12/site-packages/airflow/example_dags/tutorial_dag.py
[2026-09-17T20:14:14.586+0000] {processor.py:925} INFO - DAG(s) 'tutorial_dag' retrieved from /home/airflow/.local/lib/python3.12/site-packages/airflow/example_dags/tutorial_dag.py
[2026-09-17T20:14:14.613+0000] {logging_mixin.py:190} INFO - [2026-09-17T20:14:14.613+0000] {dag.py:3239} INFO - Sync 1 DAGs
[2026-09-17T20:14:14.627+0000] {logging_mixin.py:190} INFO - [2026-09-17T20:14:14.626+0000] {dag.py:4180} INFO - Setting next_dagrun for tutorial_dag to None, run_after=None
[2026-09-17T20:14:14.651+0000] {processor.py:208} INFO - Processing /home/airflow/.local/lib/python3.12/site-packages/airflow/example_dags/tutorial_dag.py took 0.084 seconds
[2026-09-17T20:14:44.941+0000] {processor.py:186} INFO - Started process (PID=704) to work on /home/airflow/.local/lib/python3.12/site-packages/airflow/example_dags/tutorial_dag.py
[2026-09-17T20:14:44.944+0000] {processor.py:914} INFO - Processing file /home/airflow/.local/lib/python3.12/site-packages/airflow/example_dags/tutorial_dag.py for tasks to queue
[2026-09-17T20:14:44.946+0000] {logging_mixin.py:190} INFO - [2026-09-17T20:14:44.946+0000] {dagbag.py:588} INFO - Filling up the DagBag from /home/airflow/.local/lib/python3.12/site-packages/airflow/example_dags/tutorial_dag.py
[2026-09-17T20:14:44.958+0000] {processor.py:925} INFO - DAG(s) 'tutorial_dag' retrieved from /home/airflow/.local/lib/python3.12/site-packages/airflow/example_dags/tutorial_dag.py
[2026-09-17T20:14:44.990+0000] {logging_mixin.py:190} INFO - [2026-09-17T20:14:44.990+0000] {dag.py:3239} INFO - Sync 1 DAGs
[2026-09-17T20:14:45.008+0000] {logging_mixin.py:190} INFO - [2026-09-17T20:14:45.008+0000] {dag.py:4180} INFO - Setting next_dagrun for tutorial_dag to None, run_after=None
[2026-09-17T20:14:45.043+0000] {processor.py:208} INFO - Processing /home/airflow/.local/lib/python3.12/site-packages/airflow/example_dags/tutorial_dag.py took 0.108 seconds
[2026-09-17T20:15:15.281+0000] {processor.py:186} INFO - Started process (PID=769) to work on /home/airflow/.local/lib/python3.12/site-packages/airflow/example_dags/tutorial_dag.py
[2026-09-17T20:15:15.284+0000] {processor.py:914} INFO - Processing file /home/airflow/.local/lib/python3.12/site-packages/airflow/example_dags/tutorial_dag.py for tasks to queue
[2026-09-17T20:15:15.286+0000] {logging_mixin.py:190} INFO - [2026-09-17T20:15:15.285+0000] {dagbag.py:588} INFO - Filling up the DagBag from /home/airflow/.local/lib/python3.12/site-packages/airflow/example_dags/tutorial_dag.py
[2026-09-17T20:15:15.294+0000] {processor.py:925} INFO - DAG(s) 'tutorial_dag' retrieved from /home/airflow/.local/lib/python3.12/site-packages/airflow/example_dags/tutorial_dag.py
[2026-09-17T20:15:15.322+0000] {logging_mixin.py:190} INFO - [2026-09-17T20:15:15.322+0000] {dag.py:3239} INFO - Sync 1 DAGs
[2026-09-17T20:15:15.339+0000] {logging_mixin.py:190} INFO - [2026-09-17T20:15:15.339+0000] {dag.py:4180} INFO - Setting next_dagrun for tutorial_dag to None, run_after=None
[2026-09-17T20:15:15.366+0000] {processor.py:208} INFO - Processing /home/airflow/.local/lib/python3.12/site-packages/airflow/example_dags/tutorial_dag.py took 0.091 seconds
[2026-09-17T20:15:45.642+0000] {processor.py:186} INFO - Started process (PID=833) to work on /home/airflow/.local/lib/python3.12/site-packages/airflow/example_dags/tutorial_dag.py
[2026-09-17T20:15:45.644+0000] {processor.py:914} INFO - Processing file /home/airflow/.local/lib/python3.12/site-packages/airflow/example_dags/tutorial_dag.py for tasks to queue
[2026-09-17T20:15:45.648+0000] {logging_mixin.py:190} INFO - [2026-09-17T20:15:45.647+0000] {dagbag.py:588} INFO - Filling up the DagBag from /home/airflow/.local/lib/python3.12/site-packages/airflow/example_dags/tutorial_dag.py
[2026-09-17T20:15:45.661+0000] {processor.py:925} INFO - DAG(s) 'tutorial_dag' retrieved from /home/airflow/.local/lib/python3.12/site-packages/airflow/example_dags/tutorial_dag.py
[2026-09-17T20:15:45.693+0000] {logging_mixin.py:190} INFO - [2026-09-17T20:15:45.693+0000] {dag.py:3239} INFO - Sync 1 DAGs
[2026-09-17T20:15:45.715+0000] {logging_mixin.py:190} INFO - [2026-09-17T20:15:45.715+0000] {dag.py:4180} INFO - Setting next_dagrun for tutorial_dag to None, run_after=None
[2026-09-17T20:15:45.743+0000] {processor.py:208} INFO - Processing /home/airflow/.local/lib/python3.12/site-packages/airflow/example_dags/tutorial_dag.py took 0.108 seconds
[2026-09-17T20:16:16.079+0000] {processor.py:186} INFO - Started process (PID=891) to work on /home/airflow/.local/lib/python3.12/site-packages/airflow/example_dags/tutorial_dag.py
[2026-09-17T20:16:16.081+0000] {processor.py:914} INFO - Processing file /home/airflow/.local/lib/python3.12/site-packages/airflow/example_dags/tutorial_dag.py for tasks to queue
[2026-09-17T20:16:16.083+0000] {logging_mixin.py:190} INFO - [2026-09-17T20:16:16.083+0000] {dagbag.py:588} INFO - Filling up the DagBag from /home/airflow/.local/lib/python3.12/site-packages/airflow/example_dags/tutorial_dag.py
[2026-09-17T20:16:16.092+0000] {processor.py:925} INFO - DAG(s) 'tutorial_dag' retrieved from /home/airflow/.local/lib/python3.12/site-packages/airflow/example_dags/tutorial_dag.py
[2026-09-17T20:16:16.119+0000] {logging_mixin.py:190} INFO - [2026-09-17T20:16:16.118+0000] {dag.py:3239} INFO - Sync 1 DAGs
[2026-09-17T20:16:16.139+0000] {logging_mixin.py:190} INFO - [2026-09-17T20:16:16.139+0000] {dag.py:4180} INFO - Setting next_dagrun for tutorial_dag to None, run_after=None
[2026-09-17T20:16:16.167+0000] {processor.py:208} INFO - Processing /home/airflow/.local/lib/python3.12/site-packages/airflow/example_dags/tutorial_dag.py took 0.094 seconds
[2026-09-17T20:16:46.481+0000] {processor.py:186} INFO - Started process (PID=956) to work on /home/airflow/.local/lib/python3.12/site-packages/airflow/example_dags/tutorial_dag.py
[2026-09-17T20:16:46.483+0000] {processor.py:914} INFO - Processing file /home/airflow/.local/lib/python3.12/site-packages/airflow/example_dags/tutorial_dag.py for tasks to queue
[2026-09-17T20:16:46.486+0000] {logging_mixin.py:190} INFO - [2026-09-17T20:16:46.485+0000] {dagbag.py:588} INFO - Filling up the DagBag from /home/airflow/.local/lib/python3.12/site-packages/airflow/example_dags/tutorial_dag.py
[2026-09-17T20:16:46.495+0000] {processor.py:925} INFO - DAG(s) 'tutorial_dag' retrieved from /home/airflow/.local/lib/python3.12/site-packages/airflow/example_dags/tutorial_dag.py
[2026-09-17T20:16:46.524+0000] {logging_mixin.py:190} INFO - [2026-09-17T20:16:46.524+0000] {dag.py:3239} INFO - Sync 1 DAGs
[2026-09-17T20:16:46.538+0000] {logging_mixin.py:190} INFO - [2026-09-17T20:16:46.538+0000] {dag.py:4180} INFO - Setting next_dagrun for tutorial_dag to None, run_after=None
[2026-09-17T20:16:46.565+0000] {processor.py:208} INFO - Processing /home/airflow/.local/lib/python3.12/site-packages/airflow/example_dags/tutorial_dag.py took 0.090 seconds
[2026-09-17T20:17:17.375+0000] {processor.py:186} INFO - Started process (PID=1021) to work on /home/airflow/.local/lib/python3.12/site-packages/airflow/example_dags/tutorial_dag.py
[2026-09-17T20:17:17.378+0000] {processor.py:914} INFO - Processing file /home/airflow/.local/lib/python3.12/site-packages/airflow/example_dags/tutorial_dag.py for tasks to queue
[2026-09-17T20:17:17.381+0000] {logging_mixin.py:190} INFO - [2026-09-17T20:17:17.381+0000] {dagbag.py:588} INFO - Filling up the DagBag from /home/airflow/.local/lib/python3.12/site-packages/airflow/example_dags/tutorial_dag.py
[2026-09-17T20:17:17.392+0000] {processor.py:925} INFO - DAG(s) 'tutorial_dag' retrieved from /home/airflow/.local/lib/python3.12/site-packages/airflow/example_dags/tutorial_dag.py
[2026-09-17T20:17:17.422+0000] {logging_mixin.py:190} INFO - [2026-09-17T20:17:17.421+0000] {dag.py:3239} INFO - Sync 1 DAGs
[2026-09-17T20:17:17.437+0000] {logging_mixin.py:190} INFO - [2026-09-17T20:17:17.437+0000] {dag.py:4180} INFO - Setting next_dagrun for tutorial_dag to None, run_after=None
[2026-09-17T20:17:17.465+0000] {processor.py:208} INFO - Processing /home/airflow/.local/lib/python3.12/site-packages/airflow/example_dags/tutorial_dag.py took 0.097 seconds
[2026-09-17T20:17:48.321+0000] {processor.py:186} INFO - Started process (PID=1086) to work on /home/airflow/.local/lib/python3.12/site-packages/airflow/example_dags/tutorial_dag.py
[2026-09-17T20:17:48.322+0000] {processor.py:914} INFO - Processing file /home/airflow/.local/lib/python3.12/site-packages/airflow/example_dags/tutorial_dag.py for tasks to queue
[2026-09-17T20:17:48.325+0000] {logging_mixin.py:190} INFO - [2026-09-17T20:17:48.324+0000] {dagbag.py:588} INFO - Filling up the DagBag from /home/airflow/.local/lib/python3.12/site-packages/airflow/example_dags/tutorial_dag.py
[2026-09-17T20:17:48.334+0000] {processor.py:925} INFO - DAG(s) 'tutorial_dag' retrieved from /home/airflow/.local/lib/python3.12/site-packages/airflow/example_dags/tutorial_dag.py
[2026-09-17T20:17:48.360+0000] {logging_mixin.py:190} INFO - [2026-09-17T20:17:48.360+0000] {dag.py:3239} INFO - Sync 1 DAGs
[2026-09-17T20:17:48.375+0000] {logging_mixin.py:190} INFO - [2026-09-17T20:17:48.375+0000] {dag.py:4180} INFO - Setting next_dagrun for tutorial_dag to None, run_after=None
[2026-09-17T20:17:48.397+0000] {processor.py:208} INFO - Processing /home/airflow/.local/lib/python3.12/site-packages/airflow/example_dags/tutorial_dag.py took 0.084 seconds
[2026-09-17T20:18:18.824+0000] {processor.py:186} INFO - Started process (PID=1151) to work on /home/airflow/.local/lib/python3.12/site-packages/airflow/example_dags/tutorial_dag.py
[2026-09-17T20:18:18.826+0000] {processor.py:914} INFO - Processing file /home/airflow/.local/lib/python3.12/site-packages/airflow/example_dags/tutorial_dag.py for tasks to queue
[2026-09-17T20:18:18.828+0000] {logging_mixin.py:190} INFO - [2026-09-17T20:18:18.828+0000] {dagbag.py:588} INFO - Filling up the DagBag from /home/airflow/.local/lib/python3.12/site-packages/airflow/example_dags/tutorial_dag.py
[2026-09-17T20:18:18.836+0000] {processor.py:925} INFO - DAG(s) 'tutorial_dag' retrieved from /home/airflow/.local/lib/python3.12/site-packages/airflow/example_dags/tutorial_dag.py
[2026-09-17T20:18:18.862+0000] {logging_mixin.py:190} INFO - [2026-09-17T20:18:18.862+0000] {dag.py:3239} INFO - Sync 1 DAGs
[2026-09-17T20:18:18.876+0000] {logging_mixin.py:190} INFO - [2026-09-17T20:18:18.876+0000] {dag.py:4180} INFO - Setting next_dagrun for tutorial_dag to None, run_after=None
[2026-09-17T20:18:18.899+0000] {processor.py:208} INFO - Processing /home/airflow/.local/lib/python3.12/site-packages/airflow/example_dags/tutorial_dag.py took 0.080 seconds
[2026-09-17T20:18:48.976+0000] {processor.py:186} INFO - Started process (PID=1216) to work on /home/airflow/.local/lib/python3.12/site-packages/airflow/example_dags/tutorial_dag.py
[2026-09-17T20:18:48.978+0000] {processor.py:914} INFO - Processing file /home/airflow/.local/lib/python3.12/site-packages/airflow/example_dags/tutorial_dag.py for tasks to queue
[2026-09-17T20:18:48.981+0000] {logging_mixin.py:190} INFO - [2026-09-17T20:18:48.980+0000] {dagbag.py:588} INFO - Filling up the DagBag from /home/airflow/.local/lib/python3.12/site-packages/airflow/example_dags/tutorial_dag.py
[2026-09-17T20:18:48.992+0000] {processor.py:925} INFO - DAG(s) 'tutorial_dag' retrieved from /home/airflow/.local/lib/python3.12/site-packages/airflow/example_dags/tutorial_dag.py
[2026-09-17T20:18:49.021+0000] {logging_mixin.py:190} INFO - [2026-09-17T20:18:49.021+0000] {dag.py:3239} INFO - Sync 1 DAGs
[2026-09-17T20:18:49.040+0000] {logging_mixin.py:190} INFO - [2026-09-17T20:18:49.039+0000] {dag.py:4180} INFO - Setting next_dagrun for tutorial_dag to None, run_after=None
[2026-09-17T20:18:49.066+0000] {processor.py:208} INFO - Processing /home/airflow/.local/lib/python3.12/site-packages/airflow/example_dags/tutorial_dag.py took 0.097 seconds
[2026-09-17T20:19:19.437+0000] {processor.py:186} INFO - Started process (PID=1282) to work on /home/airflow/.local/lib/python3.12/site-packages/airflow/example_dags/tutorial_dag.py
[2026-09-17T20:19:19.439+0000] {processor.py:914} INFO - Processing file /home/airflow/.local/lib/python3.12/site-packages/airflow/example_dags/tutorial_dag.py for tasks to queue
[2026-09-17T20:19:19.441+0000] {logging_mixin.py:190} INFO - [2026-09-17T20:19:19.441+0000] {dagbag.py:588} INFO - Filling up the DagBag from /home/airflow/.local/lib/python3.12/site-packages/airflow/example_dags/tutorial_dag.py
[2026-09-17T20:19:19.450+0000] {processor.py:925} INFO - DAG(s) 'tutorial_dag' retrieved from /home/airflow/.local/lib/python3.12/site-packages/airflow/example_dags/tutorial_dag.py
[2026-09-17T20:19:19.475+0000] {logging_mixin.py:190} INFO - [2026-09-17T20:19:19.474+0000] {dag.py:3239} INFO - Sync 1 DAGs
[2026-09-17T20:19:19.490+0000] {logging_mixin.py:190} INFO - [2026-09-17T20:19:19.490+0000] {dag.py:4180} INFO - Setting next_dagrun for tutorial_dag to None, run_after=None
[2026-09-17T20:19:19.512+0000] {processor.py:208} INFO - Processing /home/airflow/.local/lib/python3.12/site-packages/airflow/example_dags/tutorial_dag.py took 0.081 seconds
[2026-09-17T20:19:50.611+0000] {processor.py:186} INFO - Started process (PID=1347) to work on /home/airflow/.local/lib/python3.12/site-packages/airflow/example_dags/tutorial_dag.py
[2026-09-17T20:19:50.613+0000] {processor.py:914} INFO - Processing file /home/airflow/.local/lib/python3.12/site-packages/airflow/example_dags/tutorial_dag.py for tasks to queue
[2026-09-17T20:19:50.616+0000] {logging_mixin.py:190} INFO - [2026-09-17T20:19:50.615+0000] {dagbag.py:588} INFO - Filling up the DagBag from /home/airflow/.local/lib/python3.12/site-packages/airflow/example_dags/tutorial_dag.py
[2026-09-17T20:19:50.625+0000] {processor.py:925} INFO - DAG(s) 'tutorial_dag' retrieved from /home/airflow/.local/lib/python3.12/site-packages/airflow/example_dags/tutorial_dag.py
[2026-09-17T20:19:50.651+0000] {logging_mixin.py:190} INFO - [2026-09-17T20:19:50.651+0000] {dag.py:3239} INFO - Sync 1 DAGs
[2026-09-17T20:19:50.666+0000] {logging_mixin.py:190} INFO - [2026-09-17T20:19:50.666+0000] {dag.py:4180} INFO - Setting next_dagrun for tutorial_dag to None, run_after=None
[2026-09-17T20:19:50.690+0000] {processor.py:208} INFO - Processing /home/airflow/.local/lib/python3.12/site-packages/airflow/example_dags/tutorial_dag.py took 0.085 seconds
[2026-09-17T20:20:21.060+0000] {processor.py:186} INFO - Started process (PID=1412) to work on /home/airflow/.local/lib/python3.12/site-packages/airflow/example_dags/tutorial_dag.py
[2026-09-17T20:20:21.062+0000] {processor.py:914} INFO - Processing file /home/airflow/.local/lib/python3.12/site-packages/airflow/example_dags/tutorial_dag.py for tasks to queue
[2026-09-17T20:20:21.064+0000] {logging_mixin.py:190} INFO - [2026-09-17T20:20:21.064+0000] {dagbag.py:588} INFO - Filling up the DagBag from /home/airflow/.local/lib/python3.12/site-packages/airflow/example_dags/tutorial_dag.py
[2026-09-17T20:20:21.073+0000] {processor.py:925} INFO - DAG(s) 'tutorial_dag' retrieved from /home/airflow/.local/lib/python3.12/site-packages/airflow/example_dags/tutorial_dag.py
[2026-09-17T20:20:21.103+0000] {logging_mixin.py:190} INFO - [2026-09-17T20:20:21.102+0000] {dag.py:3239} INFO - Sync 1 DAGs
[2026-09-17T20:20:21.119+0000] {logging_mixin.py:190} INFO - [2026-09-17T20:20:21.119+0000] {dag.py:4180} INFO - Setting next_dagrun for tutorial_dag to None, run_after=None
[2026-09-17T20:20:21.145+0000] {processor.py:208} INFO - Processing /home/airflow/.local/lib/python3.12/site-packages/airflow/example_dags/tutorial_dag.py took 0.090 seconds
[2026-09-17T20:20:51.913+0000] {processor.py:186} INFO - Started process (PID=1477) to work on /home/airflow/.local/lib/python3.12/site-packages/airflow/example_dags/tutorial_dag.py
[2026-09-17T20:20:51.915+0000] {processor.py:914} INFO - Processing file /home/airflow/.local/lib/python3.12/site-packages/airflow/example_dags/tutorial_dag.py for tasks to queue
[2026-09-17T20:20:51.917+0000] {logging_mixin.py:190} INFO - [2026-09-17T20:20:51.917+0000] {dagbag.py:588} INFO - Filling up the DagBag from /home/airflow/.local/lib/python3.12/site-packages/airflow/example_dags/tutorial_dag.py
[2026-09-17T20:20:51.926+0000] {processor.py:925} INFO - DAG(s) 'tutorial_dag' retrieved from /home/airflow/.local/lib/python3.12/site-packages/airflow/example_dags/tutorial_dag.py
[2026-09-17T20:20:51.950+0000] {logging_mixin.py:190} INFO - [2026-09-17T20:20:51.950+0000] {dag.py:3239} INFO - Sync 1 DAGs
[2026-09-17T20:20:51.964+0000] {logging_mixin.py:190} INFO - [2026-09-17T20:20:51.964+0000] {dag.py:4180} INFO - Setting next_dagrun for tutorial_dag to None, run_after=None
[2026-09-17T20:20:51.989+0000] {processor.py:208} INFO - Processing /home/airflow/.local/lib/python3.12/site-packages/airflow/example_dags/tutorial_dag.py took 0.081 seconds
[2026-09-17T20:21:22.433+0000] {processor.py:186} INFO - Started process (PID=1542) to work on /home/airflow/.local/lib/python3.12/site-packages/airflow/example_dags/tutorial_dag.py
[2026-09-17T20:21:22.435+0000] {processor.py:914} INFO - Processing file /home/airflow/.local/lib/python3.12/site-packages/airflow/example_dags/tutorial_dag.py for tasks to queue
[2026-09-17T20:21:22.437+0000] {logging_mixin.py:190} INFO - [2026-09-17T20:21:22.437+0000] {dagbag.py:588} INFO - Filling up the DagBag from /home/airflow/.local/lib/python3.12/site-packages/airflow/example_dags/tutorial_dag.py
[2026-09-17T20:21:22.446+0000] {processor.py:925} INFO - DAG(s) 'tutorial_dag' retrieved from /home/airflow/.local/lib/python3.12/site-packages/airflow/example_dags/tutorial_dag.py
[2026-09-17T20:21:22.473+0000] {logging_mixin.py:190} INFO - [2026-09-17T20:21:22.473+0000] {dag.py:3239} INFO - Sync 1 DAGs
[2026-09-17T20:21:22.488+0000] {logging_mixin.py:190} INFO - [2026-09-17T20:21:22.488+0000] {dag.py:4180} INFO - Setting next_dagrun for tutorial_dag to None, run_after=None
[2026-09-17T20:21:22.511+0000] {processor.py:208} INFO - Processing /home/airflow/.local/lib/python3.12/site-packages/airflow/example_dags/tutorial_dag.py took 0.084 seconds
[2026-09-17T20:21:52.922+0000] {processor.py:186} INFO - Started process (PID=1608) to work on /home/airflow/.local/lib/python3.12/site-packages/airflow/example_dags/tutorial_dag.py
[2026-09-17T20:21:52.925+0000] {processor.py:914} INFO - Processing file /home/airflow/.local/lib/python3.12/site-packages/airflow/example_dags/tutorial_dag.py for tasks to queue
[2026-09-17T20:21:52.928+0000] {logging_mixin.py:190} INFO - [2026-09-17T20:21:52.927+0000] {dagbag.py:588} INFO - Filling up the DagBag from /home/airflow/.local/lib/python3.12/site-packages/airflow/example_dags/tutorial_dag.py
[2026-09-17T20:21:52.943+0000] {processor.py:925} INFO - DAG(s) 'tutorial_dag' retrieved from /home/airflow/.local/lib/python3.12/site-packages/airflow/example_dags/tutorial_dag.py
[2026-09-17T20:21:52.982+0000] {logging_mixin.py:190} INFO - [2026-09-17T20:21:52.981+0000] {dag.py:3239} INFO - Sync 1 DAGs
[2026-09-17T20:21:53.010+0000] {logging_mixin.py:190} INFO - [2026-09-17T20:21:53.010+0000] {dag.py:4180} INFO - Setting next_dagrun for tutorial_dag to None, run_after=None
[2026-09-17T20:21:53.042+0000] {processor.py:208} INFO - Processing /home/airflow/.local/lib/python3.12/site-packages/airflow/example_dags/tutorial_dag.py took 0.130 seconds
[2026-09-17T20:22:23.800+0000] {processor.py:186} INFO - Started process (PID=1672) to work on /home/airflow/.local/lib/python3.12/site-packages/airflow/example_dags/tutorial_dag.py
[2026-09-17T20:22:23.803+0000] {processor.py:914} INFO - Processing file /home/airflow/.local/lib/python3.12/site-packages/airflow/example_dags/tutorial_dag.py for tasks to queue
[2026-09-17T20:22:23.806+0000] {logging_mixin.py:190} INFO - [2026-09-17T20:22:23.806+0000] {dagbag.py:588} INFO - Filling up the DagBag from /home/airflow/.local/lib/python3.12/site-packages/airflow/example_dags/tutorial_dag.py
[2026-09-17T20:22:23.821+0000] {processor.py:925} INFO - DAG(s) 'tutorial_dag' retrieved from /home/airflow/.local/lib/python3.12/site-packages/airflow/example_dags/tutorial_dag.py
[2026-09-17T20:22:23.854+0000] {logging_mixin.py:190} INFO - [2026-09-17T20:22:23.854+0000] {dag.py:3239} INFO - Sync 1 DAGs
[2026-09-17T20:22:23.871+0000] {logging_mixin.py:190} INFO - [2026-09-17T20:22:23.870+0000] {dag.py:4180} INFO - Setting next_dagrun for tutorial_dag to None, run_after=None
[2026-09-17T20:22:23.897+0000] {processor.py:208} INFO - Processing /home/airflow/.local/lib/python3.12/site-packages/airflow/example_dags/tutorial_dag.py took 0.105 seconds
[2026-09-17T20:22:54.289+0000] {processor.py:186} INFO - Started process (PID=1730) to work on /home/airflow/.local/lib/python3.12/site-packages/airflow/example_dags/tutorial_dag.py
[2026-09-17T20:22:54.291+0000] {processor.py:914} INFO - Processing file /home/airflow/.local/lib/python3.12/site-packages/airflow/example_dags/tutorial_dag.py for tasks to queue
[2026-09-17T20:22:54.293+0000] {logging_mixin.py:190} INFO - [2026-09-17T20:22:54.292+0000] {dagbag.py:588} INFO - Filling up the DagBag from /home/airflow/.local/lib/python3.12/site-packages/airflow/example_dags/tutorial_dag.py
[2026-09-17T20:22:54.302+0000] {processor.py:925} INFO - DAG(s) 'tutorial_dag' retrieved from /home/airflow/.local/lib/python3.12/site-packages/airflow/example_dags/tutorial_dag.py
[2026-09-17T20:22:54.329+0000] {logging_mixin.py:190} INFO - [2026-09-17T20:22:54.329+0000] {dag.py:3239} INFO - Sync 1 DAGs
[2026-09-17T20:22:54.344+0000] {logging_mixin.py:190} INFO - [2026-09-17T20:22:54.344+0000] {dag.py:4180} INFO - Setting next_dagrun for tutorial_dag to None, run_after=None
[2026-09-17T20:22:54.368+0000] {processor.py:208} INFO - Processing /home/airflow/.local/lib/python3.12/site-packages/airflow/example_dags/tutorial_dag.py took 0.086 seconds
[2026-09-17T20:23:24.536+0000] {processor.py:186} INFO - Started process (PID=1795) to work on /home/airflow/.local/lib/python3.12/site-packages/airflow/example_dags/tutorial_dag.py
[2026-09-17T20:23:24.539+0000] {processor.py:914} INFO - Processing file /home/airflow/.local/lib/python3.12/site-packages/airflow/example_dags/tutorial_dag.py for tasks to queue
[2026-09-17T20:23:24.541+0000] {logging_mixin.py:190} INFO - [2026-09-17T20:23:24.540+0000] {dagbag.py:588} INFO - Filling up the DagBag from /home/airflow/.local/lib/python3.12/site-packages/airflow/example_dags/tutorial_dag.py
[2026-09-17T20:23:24.550+0000] {processor.py:925} INFO - DAG(s) 'tutorial_dag' retrieved from /home/airflow/.local/lib/python3.12/site-packages/airflow/example_dags/tutorial_dag.py
[2026-09-17T20:23:24.581+0000] {logging_mixin.py:190} INFO - [2026-09-17T20:23:24.580+0000] {dag.py:3239} INFO - Sync 1 DAGs
[2026-09-17T20:23:24.596+0000] {logging_mixin.py:190} INFO - [2026-09-17T20:23:24.596+0000] {dag.py:4180} INFO - Setting next_dagrun for tutorial_dag to None, run_after=None
[2026-09-17T20:23:24.629+0000] {processor.py:208} INFO - Processing /home/airflow/.local/lib/python3.12/site-packages/airflow/example_dags/tutorial_dag.py took 0.100 seconds
[2026-09-17T20:23:54.781+0000] {processor.py:186} INFO - Started process (PID=1860) to work on /home/airflow/.local/lib/python3.12/site-packages/airflow/example_dags/tutorial_dag.py
[2026-09-17T20:23:54.784+0000] {processor.py:914} INFO - Processing file /home/airflow/.local/lib/python3.12/site-packages/airflow/example_dags/tutorial_dag.py for tasks to queue
[2026-09-17T20:23:54.786+0000] {logging_mixin.py:190} INFO - [2026-09-17T20:23:54.786+0000] {dagbag.py:588} INFO - Filling up the DagBag from /home/airflow/.local/lib/python3.12/site-packages/airflow/example_dags/tutorial_dag.py
[2026-09-17T20:23:54.795+0000] {processor.py:925} INFO - DAG(s) 'tutorial_dag' retrieved from /home/airflow/.local/lib/python3.12/site-packages/airflow/example_dags/tutorial_dag.py
[2026-09-17T20:23:54.822+0000] {logging_mixin.py:190} INFO - [2026-09-17T20:23:54.822+0000] {dag.py:3239} INFO - Sync 1 DAGs
[2026-09-17T20:23:54.840+0000] {logging_mixin.py:190} INFO - [2026-09-17T20:23:54.840+0000] {dag.py:4180} INFO - Setting next_dagrun for tutorial_dag to None, run_after=None
[2026-09-17T20:23:54.870+0000] {processor.py:208} INFO - Processing /home/airflow/.local/lib/python3.12/site-packages/airflow/example_dags/tutorial_dag.py took 0.095 seconds
[2026-09-17T20:24:25.275+0000] {processor.py:186} INFO - Started process (PID=1925) to work on /home/airflow/.local/lib/python3.12/site-packages/airflow/example_dags/tutorial_dag.py
[2026-09-17T20:24:25.277+0000] {processor.py:914} INFO - Processing file /home/airflow/.local/lib/python3.12/site-packages/airflow/example_dags/tutorial_dag.py for tasks to queue
[2026-09-17T20:24:25.279+0000] {logging_mixin.py:190} INFO - [2026-09-17T20:24:25.279+0000] {dagbag.py:588} INFO - Filling up the DagBag from /home/airflow/.local/lib/python3.12/site-packages/airflow/example_dags/tutorial_dag.py
[2026-09-17T20:24:25.288+0000] {processor.py:925} INFO - DAG(s) 'tutorial_dag' retrieved from /home/airflow/.local/lib/python3.12/site-packages/airflow/example_dags/tutorial_dag.py
[2026-09-17T20:24:25.314+0000] {logging_mixin.py:190} INFO - [2026-09-17T20:24:25.313+0000] {dag.py:3239} INFO - Sync 1 DAGs
[2026-09-17T20:24:25.328+0000] {logging_mixin.py:190} INFO - [2026-09-17T20:24:25.328+0000] {dag.py:4180} INFO - Setting next_dagrun for tutorial_dag to None, run_after=None
[2026-09-17T20:24:25.352+0000] {processor.py:208} INFO - Processing /home/airflow/.local/lib/python3.12/site-packages/airflow/example_dags/tutorial_dag.py took 0.083 seconds
[2026-09-17T20:24:55.943+0000] {processor.py:186} INFO - Started process (PID=1990) to work on /home/airflow/.local/lib/python3.12/site-packages/airflow/example_dags/tutorial_dag.py
[2026-09-17T20:24:55.944+0000] {processor.py:914} INFO - Processing file /home/airflow/.local/lib/python3.12/site-packages/airflow/example_dags/tutorial_dag.py for tasks to queue
[2026-09-17T20:24:55.947+0000] {logging_mixin.py:190} INFO - [2026-09-17T20:24:55.946+0000] {dagbag.py:588} INFO - Filling up the DagBag from /home/airflow/.local/lib/python3.12/site-packages/airflow/example_dags/tutorial_dag.py
[2026-09-17T20:24:55.957+0000] {processor.py:925} INFO - DAG(s) 'tutorial_dag' retrieved from /home/airflow/.local/lib/python3.12/site-packages/airflow/example_dags/tutorial_dag.py
[2026-09-17T20:24:55.982+0000] {logging_mixin.py:190} INFO - [2026-09-17T20:24:55.981+0000] {dag.py:3239} INFO - Sync 1 DAGs
[2026-09-17T20:24:55.996+0000] {logging_mixin.py:190} INFO - [2026-09-17T20:24:55.996+0000] {dag.py:4180} INFO - Setting next_dagrun for tutorial_dag to None, run_after=None
[2026-09-17T20:24:56.019+0000] {processor.py:208} INFO - Processing /home/airflow/.local/lib/python3.12/site-packages/airflow/example_dags/tutorial_dag.py took 0.083 seconds
[2026-09-17T20:25:26.393+0000] {processor.py:186} INFO - Started process (PID=2055) to work on /home/airflow/.local/lib/python3.12/site-packages/airflow/example_dags/tutorial_dag.py
[2026-09-17T20:25:26.395+0000] {processor.py:914} INFO - Processing file /home/airflow/.local/lib/python3.12/site-packages/airflow/example_dags/tutorial_dag.py for tasks to queue
[2026-09-17T20:25:26.397+0000] {logging_mixin.py:190} INFO - [2026-09-17T20:25:26.397+0000] {dagbag.py:588} INFO - Filling up the DagBag from /home/airflow/.local/lib/python3.12/site-packages/airflow/example_dags/tutorial_dag.py
[2026-09-17T20:25:26.407+0000] {processor.py:925} INFO - DAG(s) 'tutorial_dag' retrieved from /home/airflow/.local/lib/python3.12/site-packages/airflow/example_dags/tutorial_dag.py
[2026-09-17T20:25:26.434+0000] {logging_mixin.py:190} INFO - [2026-09-17T20:25:26.434+0000] {dag.py:3239} INFO - Sync 1 DAGs
[2026-09-17T20:25:26.451+0000] {logging_mixin.py:190} INFO - [2026-09-17T20:25:26.451+0000] {dag.py:4180} INFO - Setting next_dagrun for tutorial_dag to None, run_after=None
[2026-09-17T20:25:26.474+0000] {processor.py:208} INFO - Processing /home/airflow/.local/lib/python3.12/site-packages/airflow/example_dags/tutorial_dag.py took 0.088 seconds
[2026-09-17T20:25:57.809+0000] {processor.py:186} INFO - Started process (PID=2119) to work on /home/airflow/.local/lib/python3.12/site-packages/airflow/example_dags/tutorial_dag.py
[2026-09-17T20:25:57.812+0000] {processor.py:914} INFO - Processing file /home/airflow/.local/lib/python3.12/site-packages/airflow/example_dags/tutorial_dag.py for tasks to queue
[2026-09-17T20:25:57.814+0000] {logging_mixin.py:190} INFO - [2026-09-17T20:25:57.813+0000] {dagbag.py:588} INFO - Filling up the DagBag from /home/airflow/.local/lib/python3.12/site-packages/airflow/example_dags/tutorial_dag.py
[2026-09-17T20:25:57.825+0000] {processor.py:925} INFO - DAG(s) 'tutorial_dag' retrieved from /home/airflow/.local/lib/python3.12/site-packages/airflow/example_dags/tutorial_dag.py
[2026-09-17T20:25:57.855+0000] {logging_mixin.py:190} INFO - [2026-09-17T20:25:57.855+0000] {dag.py:3239} INFO - Sync 1 DAGs
[2026-09-17T20:25:57.874+0000] {logging_mixin.py:190} INFO - [2026-09-17T20:25:57.873+0000] {dag.py:4180} INFO - Setting next_dagrun for tutorial_dag to None, run_after=None
[2026-09-17T20:25:57.902+0000] {processor.py:208} INFO - Processing /home/airflow/.local/lib/python3.12/site-packages/airflow/example_dags/tutorial_dag.py took 0.099 seconds
[2026-09-17T20:26:29.122+0000] {processor.py:186} INFO - Started process (PID=2184) to work on /home/airflow/.local/lib/python3.12/site-packages/airflow/example_dags/tutorial_dag.py
[2026-09-17T20:26:29.123+0000] {processor.py:914} INFO - Processing file /home/airflow/.local/lib/python3.12/site-packages/airflow/example_dags/tutorial_dag.py for tasks to queue
[2026-09-17T20:26:29.126+0000] {logging_mixin.py:190} INFO - [2026-09-17T20:26:29.125+0000] {dagbag.py:588} INFO - Filling up the DagBag from /home/airflow/.local/lib/python3.12/site-packages/airflow/example_dags/tutorial_dag.py
[2026-09-17T20:26:29.135+0000] {processor.py:925} INFO - DAG(s) 'tutorial_dag' retrieved from /home/airflow/.local/lib/python3.12/site-packages/airflow/example_dags/tutorial_dag.py
[2026-09-17T20:26:29.161+0000] {logging_mixin.py:190} INFO - [2026-09-17T20:26:29.161+0000] {dag.py:3239} INFO - Sync 1 DAGs
[2026-09-17T20:26:29.176+0000] {logging_mixin.py:190} INFO - [2026-09-17T20:26:29.176+0000] {dag.py:4180} INFO - Setting next_dagrun for tutorial_dag to None, run_after=None
[2026-09-17T20:26:29.198+0000] {processor.py:208} INFO - Processing /home/airflow/.local/lib/python3.12/site-packages/airflow/example_dags/tutorial_dag.py took 0.083 seconds
[2026-09-17T20:27:00.203+0000] {processor.py:186} INFO - Started process (PID=2245) to work on /home/airflow/.local/lib/python3.12/site-packages/airflow/example_dags/tutorial_dag.py
[2026-09-17T20:27:00.205+0000] {processor.py:914} INFO - Processing file /home/airflow/.local/lib/python3.12/site-packages/airflow/example_dags/tutorial_dag.py for tasks to queue
[2026-09-17T20:27:00.207+0000] {logging_mixin.py:190} INFO - [2026-09-17T20:27:00.207+0000] {dagbag.py:588} INFO - Filling up the DagBag from /home/airflow/.local/lib/python3.12/site-packages/airflow/example_dags/tutorial_dag.py
[2026-09-17T20:27:00.219+0000] {processor.py:925} INFO - DAG(s) 'tutorial_dag' retrieved from /home/airflow/.local/lib/python3.12/site-packages/airflow/example_dags/tutorial_dag.py
[2026-09-17T20:27:00.250+0000] {logging_mixin.py:190} INFO - [2026-09-17T20:27:00.250+0000] {dag.py:3239} INFO - Sync 1 DAGs
[2026-09-17T20:27:00.271+0000] {logging_mixin.py:190} INFO - [2026-09-17T20:27:00.271+0000] {dag.py:4180} INFO - Setting next_dagrun for tutorial_dag to None, run_after=None
[2026-09-17T20:27:00.299+0000] {processor.py:208} INFO - Processing /home/airflow/.local/lib/python3.12/site-packages/airflow/example_dags/tutorial_dag.py took 0.104 seconds
[2026-09-17T20:28:34.810+0000] {processor.py:186} INFO - Started process (PID=63) to work on /home/airflow/.local/lib/python3.12/site-packages/airflow/example_dags/tutorial_dag.py
[2026-09-17T20:28:34.812+0000] {processor.py:914} INFO - Processing file /home/airflow/.local/lib/python3.12/site-packages/airflow/example_dags/tutorial_dag.py for tasks to queue
[2026-09-17T20:28:34.814+0000] {logging_mixin.py:190} INFO - [2026-09-17T20:28:34.813+0000] {dagbag.py:588} INFO - Filling up the DagBag from /home/airflow/.local/lib/python3.12/site-packages/airflow/example_dags/tutorial_dag.py
[2026-09-17T20:28:34.824+0000] {processor.py:925} INFO - DAG(s) 'tutorial_dag' retrieved from /home/airflow/.local/lib/python3.12/site-packages/airflow/example_dags/tutorial_dag.py
[2026-09-17T20:28:34.863+0000] {logging_mixin.py:190} INFO - [2026-09-17T20:28:34.862+0000] {dag.py:3239} INFO - Sync 1 DAGs
[2026-09-17T20:28:34.884+0000] {logging_mixin.py:190} INFO - [2026-09-17T20:28:34.884+0000] {dag.py:4180} INFO - Setting next_dagrun for tutorial_dag to None, run_after=None
[2026-09-17T20:28:34.911+0000] {processor.py:208} INFO - Processing /home/airflow/.local/lib/python3.12/site-packages/airflow/example_dags/tutorial_dag.py took 0.109 seconds
[2026-09-17T20:29:05.065+0000] {processor.py:186} INFO - Started process (PID=127) to work on /home/airflow/.local/lib/python3.12/site-packages/airflow/example_dags/tutorial_dag.py
[2026-09-17T20:29:05.067+0000] {processor.py:914} INFO - Processing file /home/airflow/.local/lib/python3.12/site-packages/airflow/example_dags/tutorial_dag.py for tasks to queue
[2026-09-17T20:29:05.069+0000] {logging_mixin.py:190} INFO - [2026-09-17T20:29:05.069+0000] {dagbag.py:588} INFO - Filling up the DagBag from /home/airflow/.local/lib/python3.12/site-packages/airflow/example_dags/tutorial_dag.py
[2026-09-17T20:29:05.082+0000] {processor.py:925} INFO - DAG(s) 'tutorial_dag' retrieved from /home/airflow/.local/lib/python3.12/site-packages/airflow/example_dags/tutorial_dag.py
[2026-09-17T20:29:05.111+0000] {logging_mixin.py:190} INFO - [2026-09-17T20:29:05.110+0000] {dag.py:3239} INFO - Sync 1 DAGs
[2026-09-17T20:29:05.127+0000] {logging_mixin.py:190} INFO - [2026-09-17T20:29:05.127+0000] {dag.py:4180} INFO - Setting next_dagrun for tutorial_dag to None, run_after=None
[2026-09-17T20:29:05.154+0000] {processor.py:208} INFO - Processing /home/airflow/.local/lib/python3.12/site-packages/airflow/example_dags/tutorial_dag.py took 0.096 seconds
[2026-09-17T20:29:35.494+0000] {processor.py:186} INFO - Started process (PID=184) to work on /home/airflow/.local/lib/python3.12/site-packages/airflow/example_dags/tutorial_dag.py
[2026-09-17T20:29:35.496+0000] {processor.py:914} INFO - Processing file /home/airflow/.local/lib/python3.12/site-packages/airflow/example_dags/tutorial_dag.py for tasks to queue
[2026-09-17T20:29:35.498+0000] {logging_mixin.py:190} INFO - [2026-09-17T20:29:35.498+0000] {dagbag.py:588} INFO - Filling up the DagBag from /home/airflow/.local/lib/python3.12/site-packages/airflow/example_dags/tutorial_dag.py
[2026-09-17T20:29:35.511+0000] {processor.py:925} INFO - DAG(s) 'tutorial_dag' retrieved from /home/airflow/.local/lib/python3.12/site-packages/airflow/example_dags/tutorial_dag.py
[2026-09-17T20:29:35.548+0000] {logging_mixin.py:190} INFO - [2026-09-17T20:29:35.547+0000] {dag.py:3239} INFO - Sync 1 DAGs
[2026-09-17T20:29:35.572+0000] {logging_mixin.py:190} INFO - [2026-09-17T20:29:35.572+0000] {dag.py:4180} INFO - Setting next_dagrun for tutorial_dag to None, run_after=None
[2026-09-17T20:29:35.606+0000] {processor.py:208} INFO - Processing /home/airflow/.local/lib/python3.12/site-packages/airflow/example_dags/tutorial_dag.py took 0.121 seconds
[2026-09-17T20:30:06.451+0000] {processor.py:186} INFO - Started process (PID=249) to work on /home/airflow/.local/lib/python3.12/site-packages/airflow/example_dags/tutorial_dag.py
[2026-09-17T20:30:06.454+0000] {processor.py:914} INFO - Processing file /home/airflow/.local/lib/python3.12/site-packages/airflow/example_dags/tutorial_dag.py for tasks to queue
[2026-09-17T20:30:06.456+0000] {logging_mixin.py:190} INFO - [2026-09-17T20:30:06.455+0000] {dagbag.py:588} INFO - Filling up the DagBag from /home/airflow/.local/lib/python3.12/site-packages/airflow/example_dags/tutorial_dag.py
[2026-09-17T20:30:06.465+0000] {processor.py:925} INFO - DAG(s) 'tutorial_dag' retrieved from /home/airflow/.local/lib/python3.12/site-packages/airflow/example_dags/tutorial_dag.py
[2026-09-17T20:30:06.493+0000] {logging_mixin.py:190} INFO - [2026-09-17T20:30:06.493+0000] {dag.py:3239} INFO - Sync 1 DAGs
[2026-09-17T20:30:06.508+0000] {logging_mixin.py:190} INFO - [2026-09-17T20:30:06.508+0000] {dag.py:4180} INFO - Setting next_dagrun for tutorial_dag to None, run_after=None
[2026-09-17T20:30:06.532+0000] {processor.py:208} INFO - Processing /home/airflow/.local/lib/python3.12/site-packages/airflow/example_dags/tutorial_dag.py took 0.087 seconds
[2026-09-17T20:30:36.713+0000] {processor.py:186} INFO - Started process (PID=314) to work on /home/airflow/.local/lib/python3.12/site-packages/airflow/example_dags/tutorial_dag.py
[2026-09-17T20:30:36.715+0000] {processor.py:914} INFO - Processing file /home/airflow/.local/lib/python3.12/site-packages/airflow/example_dags/tutorial_dag.py for tasks to queue
[2026-09-17T20:30:36.718+0000] {logging_mixin.py:190} INFO - [2026-09-17T20:30:36.717+0000] {dagbag.py:588} INFO - Filling up the DagBag from /home/airflow/.local/lib/python3.12/site-packages/airflow/example_dags/tutorial_dag.py
[2026-09-17T20:30:36.727+0000] {processor.py:925} INFO - DAG(s) 'tutorial_dag' retrieved from /home/airflow/.local/lib/python3.12/site-packages/airflow/example_dags/tutorial_dag.py
[2026-09-17T20:30:36.755+0000] {logging_mixin.py:190} INFO - [2026-09-17T20:30:36.754+0000] {dag.py:3239} INFO - Sync 1 DAGs
[2026-09-17T20:30:36.770+0000] {logging_mixin.py:190} INFO - [2026-09-17T20:30:36.770+0000] {dag.py:4180} INFO - Setting next_dagrun for tutorial_dag to None, run_after=None
[2026-09-17T20:30:36.792+0000] {processor.py:208} INFO - Processing /home/airflow/.local/lib/python3.12/site-packages/airflow/example_dags/tutorial_dag.py took 0.084 seconds
[2026-09-17T20:31:07.425+0000] {processor.py:186} INFO - Started process (PID=379) to work on /home/airflow/.local/lib/python3.12/site-packages/airflow/example_dags/tutorial_dag.py
[2026-09-17T20:31:07.426+0000] {processor.py:914} INFO - Processing file /home/airflow/.local/lib/python3.12/site-packages/airflow/example_dags/tutorial_dag.py for tasks to queue
[2026-09-17T20:31:07.428+0000] {logging_mixin.py:190} INFO - [2026-09-17T20:31:07.428+0000] {dagbag.py:588} INFO - Filling up the DagBag from /home/airflow/.local/lib/python3.12/site-packages/airflow/example_dags/tutorial_dag.py
[2026-09-17T20:31:07.437+0000] {processor.py:925} INFO - DAG(s) 'tutorial_dag' retrieved from /home/airflow/.local/lib/python3.12/site-packages/airflow/example_dags/tutorial_dag.py
[2026-09-17T20:31:07.464+0000] {logging_mixin.py:190} INFO - [2026-09-17T20:31:07.464+0000] {dag.py:3239} INFO - Sync 1 DAGs
[2026-09-17T20:31:07.480+0000] {logging_mixin.py:190} INFO - [2026-09-17T20:31:07.479+0000] {dag.py:4180} INFO - Setting next_dagrun for tutorial_dag to None, run_after=None
[2026-09-17T20:31:07.501+0000] {processor.py:208} INFO - Processing /home/airflow/.local/lib/python3.12/site-packages/airflow/example_dags/tutorial_dag.py took 0.082 seconds
[2026-09-17T20:31:37.870+0000] {processor.py:186} INFO - Started process (PID=444) to work on /home/airflow/.local/lib/python3.12/site-packages/airflow/example_dags/tutorial_dag.py
[2026-09-17T20:31:37.872+0000] {processor.py:914} INFO - Processing file /home/airflow/.local/lib/python3.12/site-packages/airflow/example_dags/tutorial_dag.py for tasks to queue
[2026-09-17T20:31:37.875+0000] {logging_mixin.py:190} INFO - [2026-09-17T20:31:37.874+0000] {dagbag.py:588} INFO - Filling up the DagBag from /home/airflow/.local/lib/python3.12/site-packages/airflow/example_dags/tutorial_dag.py
[2026-09-17T20:31:37.885+0000] {processor.py:925} INFO - DAG(s) 'tutorial_dag' retrieved from /home/airflow/.local/lib/python3.12/site-packages/airflow/example_dags/tutorial_dag.py
[2026-09-17T20:31:37.918+0000] {logging_mixin.py:190} INFO - [2026-09-17T20:31:37.917+0000] {dag.py:3239} INFO - Sync 1 DAGs
[2026-09-17T20:31:37.937+0000] {logging_mixin.py:190} INFO - [2026-09-17T20:31:37.937+0000] {dag.py:4180} INFO - Setting next_dagrun for tutorial_dag to None, run_after=None
[2026-09-17T20:31:37.963+0000] {processor.py:208} INFO - Processing /home/airflow/.local/lib/python3.12/site-packages/airflow/example_dags/tutorial_dag.py took 0.099 seconds
[2026-09-17T20:32:09.588+0000] {processor.py:186} INFO - Started process (PID=509) to work on /home/airflow/.local/lib/python3.12/site-packages/airflow/example_dags/tutorial_dag.py
[2026-09-17T20:32:09.590+0000] {processor.py:914} INFO - Processing file /home/airflow/.local/lib/python3.12/site-packages/airflow/example_dags/tutorial_dag.py for tasks to queue
[2026-09-17T20:32:09.592+0000] {logging_mixin.py:190} INFO - [2026-09-17T20:32:09.591+0000] {dagbag.py:588} INFO - Filling up the DagBag from /home/airflow/.local/lib/python3.12/site-packages/airflow/example_dags/tutorial_dag.py
[2026-09-17T20:32:09.600+0000] {processor.py:925} INFO - DAG(s) 'tutorial_dag' retrieved from /home/airflow/.local/lib/python3.12/site-packages/airflow/example_dags/tutorial_dag.py
[2026-09-17T20:32:09.625+0000] {logging_mixin.py:190} INFO - [2026-09-17T20:32:09.625+0000] {dag.py:3239} INFO - Sync 1 DAGs
[2026-09-17T20:32:09.641+0000] {logging_mixin.py:190} INFO - [2026-09-17T20:32:09.641+0000] {dag.py:4180} INFO - Setting next_dagrun for tutorial_dag to None, run_after=None
[2026-09-17T20:32:09.669+0000] {processor.py:208} INFO - Processing /home/airflow/.local/lib/python3.12/site-packages/airflow/example_dags/tutorial_dag.py took 0.087 seconds
[2026-09-17T20:32:41.246+0000] {processor.py:186} INFO - Started process (PID=574) to work on /home/airflow/.local/lib/python3.12/site-packages/airflow/example_dags/tutorial_dag.py
[2026-09-17T20:32:41.249+0000] {processor.py:914} INFO - Processing file /home/airflow/.local/lib/python3.12/site-packages/airflow/example_dags/tutorial_dag.py for tasks to queue
[2026-09-17T20:32:41.252+0000] {logging_mixin.py:190} INFO - [2026-09-17T20:32:41.252+0000] {dagbag.py:588} INFO - Filling up the DagBag from /home/airflow/.local/lib/python3.12/site-packages/airflow/example_dags/tutorial_dag.py
[2026-09-17T20:32:41.270+0000] {processor.py:925} INFO - DAG(s) 'tutorial_dag' retrieved from /home/airflow/.local/lib/python3.12/site-packages/airflow/example_dags/tutorial_dag.py
[2026-09-17T20:32:41.315+0000] {logging_mixin.py:190} INFO - [2026-09-17T20:32:41.314+0000] {dag.py:3239} INFO - Sync 1 DAGs
[2026-09-17T20:32:41.339+0000] {logging_mixin.py:190} INFO - [2026-09-17T20:32:41.338+0000] {dag.py:4180} INFO - Setting next_dagrun for tutorial_dag to None, run_after=None
[2026-09-17T20:32:41.369+0000] {processor.py:208} INFO - Processing /home/airflow/.local/lib/python3.12/site-packages/airflow/example_dags/tutorial_dag.py took 0.138 seconds
[2026-09-17T20:33:12.000+0000] {processor.py:186} INFO - Started process (PID=639) to work on /home/airflow/.local/lib/python3.12/site-packages/airflow/example_dags/tutorial_dag.py
[2026-09-17T20:33:12.002+0000] {processor.py:914} INFO - Processing file /home/airflow/.local/lib/python3.12/site-packages/airflow/example_dags/tutorial_dag.py for tasks to queue
[2026-09-17T20:33:12.004+0000] {logging_mixin.py:190} INFO - [2026-09-17T20:33:12.004+0000] {dagbag.py:588} INFO - Filling up the DagBag from /home/airflow/.local/lib/python3.12/site-packages/airflow/example_dags/tutorial_dag.py
[2026-09-17T20:33:12.017+0000] {processor.py:925} INFO - DAG(s) 'tutorial_dag' retrieved from /home/airflow/.local/lib/python3.12/site-packages/airflow/example_dags/tutorial_dag.py
[2026-09-17T20:33:12.047+0000] {logging_mixin.py:190} INFO - [2026-09-17T20:33:12.047+0000] {dag.py:3239} INFO - Sync 1 DAGs
[2026-09-17T20:33:12.065+0000] {logging_mixin.py:190} INFO - [2026-09-17T20:33:12.065+0000] {dag.py:4180} INFO - Setting next_dagrun for tutorial_dag to None, run_after=None
[2026-09-17T20:33:12.093+0000] {processor.py:208} INFO - Processing /home/airflow/.local/lib/python3.12/site-packages/airflow/example_dags/tutorial_dag.py took 0.099 seconds
[2026-09-17T20:33:42.703+0000] {processor.py:186} INFO - Started process (PID=704) to work on /home/airflow/.local/lib/python3.12/site-packages/airflow/example_dags/tutorial_dag.py
[2026-09-17T20:33:42.704+0000] {processor.py:914} INFO - Processing file /home/airflow/.local/lib/python3.12/site-packages/airflow/example_dags/tutorial_dag.py for tasks to queue
[2026-09-17T20:33:42.706+0000] {logging_mixin.py:190} INFO - [2026-09-17T20:33:42.706+0000] {dagbag.py:588} INFO - Filling up the DagBag from /home/airflow/.local/lib/python3.12/site-packages/airflow/example_dags/tutorial_dag.py
[2026-09-17T20:33:42.715+0000] {processor.py:925} INFO - DAG(s) 'tutorial_dag' retrieved from /home/airflow/.local/lib/python3.12/site-packages/airflow/example_dags/tutorial_dag.py
[2026-09-17T20:33:42.743+0000] {logging_mixin.py:190} INFO - [2026-09-17T20:33:42.743+0000] {dag.py:3239} INFO - Sync 1 DAGs
[2026-09-17T20:33:42.760+0000] {logging_mixin.py:190} INFO - [2026-09-17T20:33:42.759+0000] {dag.py:4180} INFO - Setting next_dagrun for tutorial_dag to None, run_after=None
[2026-09-17T20:33:42.786+0000] {processor.py:208} INFO - Processing /home/airflow/.local/lib/python3.12/site-packages/airflow/example_dags/tutorial_dag.py took 0.089 seconds
[2026-09-17T20:34:13.749+0000] {processor.py:186} INFO - Started process (PID=768) to work on /home/airflow/.local/lib/python3.12/site-packages/airflow/example_dags/tutorial_dag.py
[2026-09-17T20:34:13.751+0000] {processor.py:914} INFO - Processing file /home/airflow/.local/lib/python3.12/site-packages/airflow/example_dags/tutorial_dag.py for tasks to queue
[2026-09-17T20:34:13.753+0000] {logging_mixin.py:190} INFO - [2026-09-17T20:34:13.752+0000] {dagbag.py:588} INFO - Filling up the DagBag from /home/airflow/.local/lib/python3.12/site-packages/airflow/example_dags/tutorial_dag.py
[2026-09-17T20:34:13.763+0000] {processor.py:925} INFO - DAG(s) 'tutorial_dag' retrieved from /home/airflow/.local/lib/python3.12/site-packages/airflow/example_dags/tutorial_dag.py
[2026-09-17T20:34:13.791+0000] {logging_mixin.py:190} INFO - [2026-09-17T20:34:13.791+0000] {dag.py:3239} INFO - Sync 1 DAGs
[2026-09-17T20:34:13.807+0000] {logging_mixin.py:190} INFO - [2026-09-17T20:34:13.807+0000] {dag.py:4180} INFO - Setting next_dagrun for tutorial_dag to None, run_after=None
[2026-09-17T20:34:13.832+0000] {processor.py:208} INFO - Processing /home/airflow/.local/lib/python3.12/site-packages/airflow/example_dags/tutorial_dag.py took 0.090 seconds
[2026-09-17T20:34:44.455+0000] {processor.py:186} INFO - Started process (PID=826) to work on /home/airflow/.local/lib/python3.12/site-packages/airflow/example_dags/tutorial_dag.py
[2026-09-17T20:34:44.457+0000] {processor.py:914} INFO - Processing file /home/airflow/.local/lib/python3.12/site-packages/airflow/example_dags/tutorial_dag.py for tasks to queue
[2026-09-17T20:34:44.460+0000] {logging_mixin.py:190} INFO - [2026-09-17T20:34:44.459+0000] {dagbag.py:588} INFO - Filling up the DagBag from /home/airflow/.local/lib/python3.12/site-packages/airflow/example_dags/tutorial_dag.py
[2026-09-17T20:34:44.469+0000] {processor.py:925} INFO - DAG(s) 'tutorial_dag' retrieved from /home/airflow/.local/lib/python3.12/site-packages/airflow/example_dags/tutorial_dag.py
[2026-09-17T20:34:44.496+0000] {logging_mixin.py:190} INFO - [2026-09-17T20:34:44.496+0000] {dag.py:3239} INFO - Sync 1 DAGs
[2026-09-17T20:34:44.513+0000] {logging_mixin.py:190} INFO - [2026-09-17T20:34:44.513+0000] {dag.py:4180} INFO - Setting next_dagrun for tutorial_dag to None, run_after=None
[2026-09-17T20:34:44.541+0000] {processor.py:208} INFO - Processing /home/airflow/.local/lib/python3.12/site-packages/airflow/example_dags/tutorial_dag.py took 0.092 seconds
[2026-09-17T20:35:14.903+0000] {processor.py:186} INFO - Started process (PID=891) to work on /home/airflow/.local/lib/python3.12/site-packages/airflow/example_dags/tutorial_dag.py
[2026-09-17T20:35:14.905+0000] {processor.py:914} INFO - Processing file /home/airflow/.local/lib/python3.12/site-packages/airflow/example_dags/tutorial_dag.py for tasks to queue
[2026-09-17T20:35:14.908+0000] {logging_mixin.py:190} INFO - [2026-09-17T20:35:14.907+0000] {dagbag.py:588} INFO - Filling up the DagBag from /home/airflow/.local/lib/python3.12/site-packages/airflow/example_dags/tutorial_dag.py
[2026-09-17T20:35:14.917+0000] {processor.py:925} INFO - DAG(s) 'tutorial_dag' retrieved from /home/airflow/.local/lib/python3.12/site-packages/airflow/example_dags/tutorial_dag.py
[2026-09-17T20:35:14.943+0000] {logging_mixin.py:190} INFO - [2026-09-17T20:35:14.943+0000] {dag.py:3239} INFO - Sync 1 DAGs
[2026-09-17T20:35:14.961+0000] {logging_mixin.py:190} INFO - [2026-09-17T20:35:14.960+0000] {dag.py:4180} INFO - Setting next_dagrun for tutorial_dag to None, run_after=None
[2026-09-17T20:35:14.987+0000] {processor.py:208} INFO - Processing /home/airflow/.local/lib/python3.12/site-packages/airflow/example_dags/tutorial_dag.py took 0.090 seconds
[2026-09-17T20:35:45.278+0000] {processor.py:186} INFO - Started process (PID=956) to work on /home/airflow/.local/lib/python3.12/site-packages/airflow/example_dags/tutorial_dag.py
[2026-09-17T20:35:45.280+0000] {processor.py:914} INFO - Processing file /home/airflow/.local/lib/python3.12/site-packages/airflow/example_dags/tutorial_dag.py for tasks to queue
[2026-09-17T20:35:45.282+0000] {logging_mixin.py:190} INFO - [2026-09-17T20:35:45.282+0000] {dagbag.py:588} INFO - Filling up the DagBag from /home/airflow/.local/lib/python3.12/site-packages/airflow/example_dags/tutorial_dag.py
[2026-09-17T20:35:45.293+0000] {processor.py:925} INFO - DAG(s) 'tutorial_dag' retrieved from /home/airflow/.local/lib/python3.12/site-packages/airflow/example_dags/tutorial_dag.py
[2026-09-17T20:35:45.319+0000] {logging_mixin.py:190} INFO - [2026-09-17T20:35:45.319+0000] {dag.py:3239} INFO - Sync 1 DAGs
[2026-09-17T20:35:45.336+0000] {logging_mixin.py:190} INFO - [2026-09-17T20:35:45.336+0000] {dag.py:4180} INFO - Setting next_dagrun for tutorial_dag to None, run_after=None
[2026-09-17T20:35:45.361+0000] {processor.py:208} INFO - Processing /home/airflow/.local/lib/python3.12/site-packages/airflow/example_dags/tutorial_dag.py took 0.089 seconds
[2026-09-17T20:36:15.596+0000] {processor.py:186} INFO - Started process (PID=1021) to work on /home/airflow/.local/lib/python3.12/site-packages/airflow/example_dags/tutorial_dag.py
[2026-09-17T20:36:15.598+0000] {processor.py:914} INFO - Processing file /home/airflow/.local/lib/python3.12/site-packages/airflow/example_dags/tutorial_dag.py for tasks to queue
[2026-09-17T20:36:15.601+0000] {logging_mixin.py:190} INFO - [2026-09-17T20:36:15.600+0000] {dagbag.py:588} INFO - Filling up the DagBag from /home/airflow/.local/lib/python3.12/site-packages/airflow/example_dags/tutorial_dag.py
[2026-09-17T20:36:15.610+0000] {processor.py:925} INFO - DAG(s) 'tutorial_dag' retrieved from /home/airflow/.local/lib/python3.12/site-packages/airflow/example_dags/tutorial_dag.py
[2026-09-17T20:36:15.634+0000] {logging_mixin.py:190} INFO - [2026-09-17T20:36:15.634+0000] {dag.py:3239} INFO - Sync 1 DAGs
[2026-09-17T20:36:15.649+0000] {logging_mixin.py:190} INFO - [2026-09-17T20:36:15.648+0000] {dag.py:4180} INFO - Setting next_dagrun for tutorial_dag to None, run_after=None
[2026-09-17T20:36:15.670+0000] {processor.py:208} INFO - Processing /home/airflow/.local/lib/python3.12/site-packages/airflow/example_dags/tutorial_dag.py took 0.080 seconds
[2026-09-17T20:36:45.891+0000] {processor.py:186} INFO - Started process (PID=1086) to work on /home/airflow/.local/lib/python3.12/site-packages/airflow/example_dags/tutorial_dag.py
[2026-09-17T20:36:45.893+0000] {processor.py:914} INFO - Processing file /home/airflow/.local/lib/python3.12/site-packages/airflow/example_dags/tutorial_dag.py for tasks to queue
[2026-09-17T20:36:45.896+0000] {logging_mixin.py:190} INFO - [2026-09-17T20:36:45.896+0000] {dagbag.py:588} INFO - Filling up the DagBag from /home/airflow/.local/lib/python3.12/site-packages/airflow/example_dags/tutorial_dag.py
[2026-09-17T20:36:45.907+0000] {processor.py:925} INFO - DAG(s) 'tutorial_dag' retrieved from /home/airflow/.local/lib/python3.12/site-packages/airflow/example_dags/tutorial_dag.py
[2026-09-17T20:36:45.933+0000] {logging_mixin.py:190} INFO - [2026-09-17T20:36:45.933+0000] {dag.py:3239} INFO - Sync 1 DAGs
[2026-09-17T20:36:45.948+0000] {logging_mixin.py:190} INFO - [2026-09-17T20:36:45.948+0000] {dag.py:4180} INFO - Setting next_dagrun for tutorial_dag to None, run_after=None
[2026-09-17T20:36:45.970+0000] {processor.py:208} INFO - Processing /home/airflow/.local/lib/python3.12/site-packages/airflow/example_dags/tutorial_dag.py took 0.086 seconds
[2026-09-17T20:37:16.215+0000] {processor.py:186} INFO - Started process (PID=1151) to work on /home/airflow/.local/lib/python3.12/site-packages/airflow/example_dags/tutorial_dag.py
[2026-09-17T20:37:16.217+0000] {processor.py:914} INFO - Processing file /home/airflow/.local/lib/python3.12/site-packages/airflow/example_dags/tutorial_dag.py for tasks to queue
[2026-09-17T20:37:16.220+0000] {logging_mixin.py:190} INFO - [2026-09-17T20:37:16.219+0000] {dagbag.py:588} INFO - Filling up the DagBag from /home/airflow/.local/lib/python3.12/site-packages/airflow/example_dags/tutorial_dag.py
[2026-09-17T20:37:16.228+0000] {processor.py:925} INFO - DAG(s) 'tutorial_dag' retrieved from /home/airflow/.local/lib/python3.12/site-packages/airflow/example_dags/tutorial_dag.py
[2026-09-17T20:37:16.257+0000] {logging_mixin.py:190} INFO - [2026-09-17T20:37:16.257+0000] {dag.py:3239} INFO - Sync 1 DAGs
[2026-09-17T20:37:16.273+0000] {logging_mixin.py:190} INFO - [2026-09-17T20:37:16.273+0000] {dag.py:4180} INFO - Setting next_dagrun for tutorial_dag to None, run_after=None
[2026-09-17T20:37:16.298+0000] {processor.py:208} INFO - Processing /home/airflow/.local/lib/python3.12/site-packages/airflow/example_dags/tutorial_dag.py took 0.088 seconds
[2026-09-17T20:37:47.202+0000] {processor.py:186} INFO - Started process (PID=1216) to work on /home/airflow/.local/lib/python3.12/site-packages/airflow/example_dags/tutorial_dag.py
[2026-09-17T20:37:47.204+0000] {processor.py:914} INFO - Processing file /home/airflow/.local/lib/python3.12/site-packages/airflow/example_dags/tutorial_dag.py for tasks to queue
[2026-09-17T20:37:47.206+0000] {logging_mixin.py:190} INFO - [2026-09-17T20:37:47.205+0000] {dagbag.py:588} INFO - Filling up the DagBag from /home/airflow/.local/lib/python3.12/site-packages/airflow/example_dags/tutorial_dag.py
[2026-09-17T20:37:47.214+0000] {processor.py:925} INFO - DAG(s) 'tutorial_dag' retrieved from /home/airflow/.local/lib/python3.12/site-packages/airflow/example_dags/tutorial_dag.py
[2026-09-17T20:37:47.238+0000] {logging_mixin.py:190} INFO - [2026-09-17T20:37:47.237+0000] {dag.py:3239} INFO - Sync 1 DAGs
[2026-09-17T20:37:47.253+0000] {logging_mixin.py:190} INFO - [2026-09-17T20:37:47.253+0000] {dag.py:4180} INFO - Setting next_dagrun for tutorial_dag to None, run_after=None
[2026-09-17T20:37:47.277+0000] {processor.py:208} INFO - Processing /home/airflow/.local/lib/python3.12/site-packages/airflow/example_dags/tutorial_dag.py took 0.081 seconds
[2026-09-17T20:38:18.179+0000] {processor.py:186} INFO - Started process (PID=1281) to work on /home/airflow/.local/lib/python3.12/site-packages/airflow/example_dags/tutorial_dag.py
[2026-09-17T20:38:18.181+0000] {processor.py:914} INFO - Processing file /home/airflow/.local/lib/python3.12/site-packages/airflow/example_dags/tutorial_dag.py for tasks to queue
[2026-09-17T20:38:18.183+0000] {logging_mixin.py:190} INFO - [2026-09-17T20:38:18.182+0000] {dagbag.py:588} INFO - Filling up the DagBag from /home/airflow/.local/lib/python3.12/site-packages/airflow/example_dags/tutorial_dag.py
[2026-09-17T20:38:18.192+0000] {processor.py:925} INFO - DAG(s) 'tutorial_dag' retrieved from /home/airflow/.local/lib/python3.12/site-packages/airflow/example_dags/tutorial_dag.py
[2026-09-17T20:38:18.218+0000] {logging_mixin.py:190} INFO - [2026-09-17T20:38:18.218+0000] {dag.py:3239} INFO - Sync 1 DAGs
[2026-09-17T20:38:18.234+0000] {logging_mixin.py:190} INFO - [2026-09-17T20:38:18.234+0000] {dag.py:4180} INFO - Setting next_dagrun for tutorial_dag to None, run_after=None
[2026-09-17T20:38:18.257+0000] {processor.py:208} INFO - Processing /home/airflow/.local/lib/python3.12/site-packages/airflow/example_dags/tutorial_dag.py took 0.084 seconds
[2026-09-17T20:38:48.943+0000] {processor.py:186} INFO - Started process (PID=1346) to work on /home/airflow/.local/lib/python3.12/site-packages/airflow/example_dags/tutorial_dag.py
[2026-09-17T20:38:48.945+0000] {processor.py:914} INFO - Processing file /home/airflow/.local/lib/python3.12/site-packages/airflow/example_dags/tutorial_dag.py for tasks to queue
[2026-09-17T20:38:48.947+0000] {logging_mixin.py:190} INFO - [2026-09-17T20:38:48.946+0000] {dagbag.py:588} INFO - Filling up the DagBag from /home/airflow/.local/lib/python3.12/site-packages/airflow/example_dags/tutorial_dag.py
[2026-09-17T20:38:48.957+0000] {processor.py:925} INFO - DAG(s) 'tutorial_dag' retrieved from /home/airflow/.local/lib/python3.12/site-packages/airflow/example_dags/tutorial_dag.py
[2026-09-17T20:38:48.983+0000] {logging_mixin.py:190} INFO - [2026-09-17T20:38:48.983+0000] {dag.py:3239} INFO - Sync 1 DAGs
[2026-09-17T20:38:49.000+0000] {logging_mixin.py:190} INFO - [2026-09-17T20:38:49.000+0000] {dag.py:4180} INFO - Setting next_dagrun for tutorial_dag to None, run_after=None
[2026-09-17T20:38:49.024+0000] {processor.py:208} INFO - Processing /home/airflow/.local/lib/python3.12/site-packages/airflow/example_dags/tutorial_dag.py took 0.088 seconds
[2026-09-17T20:39:20.727+0000] {processor.py:186} INFO - Started process (PID=1411) to work on /home/airflow/.local/lib/python3.12/site-packages/airflow/example_dags/tutorial_dag.py
[2026-09-17T20:39:20.730+0000] {processor.py:914} INFO - Processing file /home/airflow/.local/lib/python3.12/site-packages/airflow/example_dags/tutorial_dag.py for tasks to queue
[2026-09-17T20:39:20.732+0000] {logging_mixin.py:190} INFO - [2026-09-17T20:39:20.732+0000] {dagbag.py:588} INFO - Filling up the DagBag from /home/airflow/.local/lib/python3.12/site-packages/airflow/example_dags/tutorial_dag.py
[2026-09-17T20:39:20.742+0000] {processor.py:925} INFO - DAG(s) 'tutorial_dag' retrieved from /home/airflow/.local/lib/python3.12/site-packages/airflow/example_dags/tutorial_dag.py
[2026-09-17T20:39:20.770+0000] {logging_mixin.py:190} INFO - [2026-09-17T20:39:20.769+0000] {dag.py:3239} INFO - Sync 1 DAGs
[2026-09-17T20:39:20.784+0000] {logging_mixin.py:190} INFO - [2026-09-17T20:39:20.784+0000] {dag.py:4180} INFO - Setting next_dagrun for tutorial_dag to None, run_after=None
[2026-09-17T20:39:20.809+0000] {processor.py:208} INFO - Processing /home/airflow/.local/lib/python3.12/site-packages/airflow/example_dags/tutorial_dag.py took 0.089 seconds
[2026-09-17T20:39:51.051+0000] {processor.py:186} INFO - Started process (PID=1477) to work on /home/airflow/.local/lib/python3.12/site-packages/airflow/example_dags/tutorial_dag.py
[2026-09-17T20:39:51.053+0000] {processor.py:914} INFO - Processing file /home/airflow/.local/lib/python3.12/site-packages/airflow/example_dags/tutorial_dag.py for tasks to queue
[2026-09-17T20:39:51.056+0000] {logging_mixin.py:190} INFO - [2026-09-17T20:39:51.056+0000] {dagbag.py:588} INFO - Filling up the DagBag from /home/airflow/.local/lib/python3.12/site-packages/airflow/example_dags/tutorial_dag.py
[2026-09-17T20:39:51.066+0000] {processor.py:925} INFO - DAG(s) 'tutorial_dag' retrieved from /home/airflow/.local/lib/python3.12/site-packages/airflow/example_dags/tutorial_dag.py
[2026-09-17T20:39:51.097+0000] {logging_mixin.py:190} INFO - [2026-09-17T20:39:51.097+0000] {dag.py:3239} INFO - Sync 1 DAGs
[2026-09-17T20:39:51.117+0000] {logging_mixin.py:190} INFO - [2026-09-17T20:39:51.116+0000] {dag.py:4180} INFO - Setting next_dagrun for tutorial_dag to None, run_after=None
[2026-09-17T20:39:51.145+0000] {processor.py:208} INFO - Processing /home/airflow/.local/lib/python3.12/site-packages/airflow/example_dags/tutorial_dag.py took 0.101 seconds
[2026-09-17T20:40:21.283+0000] {processor.py:186} INFO - Started process (PID=1541) to work on /home/airflow/.local/lib/python3.12/site-packages/airflow/example_dags/tutorial_dag.py
[2026-09-17T20:40:21.285+0000] {processor.py:914} INFO - Processing file /home/airflow/.local/lib/python3.12/site-packages/airflow/example_dags/tutorial_dag.py for tasks to queue
[2026-09-17T20:40:21.287+0000] {logging_mixin.py:190} INFO - [2026-09-17T20:40:21.287+0000] {dagbag.py:588} INFO - Filling up the DagBag from /home/airflow/.local/lib/python3.12/site-packages/airflow/example_dags/tutorial_dag.py
[2026-09-17T20:40:21.296+0000] {processor.py:925} INFO - DAG(s) 'tutorial_dag' retrieved from /home/airflow/.local/lib/python3.12/site-packages/airflow/example_dags/tutorial_dag.py
[2026-09-17T20:40:21.324+0000] {logging_mixin.py:190} INFO - [2026-09-17T20:40:21.324+0000] {dag.py:3239} INFO - Sync 1 DAGs
[2026-09-17T20:40:21.342+0000] {logging_mixin.py:190} INFO - [2026-09-17T20:40:21.342+0000] {dag.py:4180} INFO - Setting next_dagrun for tutorial_dag to None, run_after=None
[2026-09-17T20:40:21.371+0000] {processor.py:208} INFO - Processing /home/airflow/.local/lib/python3.12/site-packages/airflow/example_dags/tutorial_dag.py took 0.094 seconds
[2026-09-17T20:40:51.840+0000] {processor.py:186} INFO - Started process (PID=1599) to work on /home/airflow/.local/lib/python3.12/site-packages/airflow/example_dags/tutorial_dag.py
[2026-09-17T20:40:51.842+0000] {processor.py:914} INFO - Processing file /home/airflow/.local/lib/python3.12/site-packages/airflow/example_dags/tutorial_dag.py for tasks to queue
[2026-09-17T20:40:51.845+0000] {logging_mixin.py:190} INFO - [2026-09-17T20:40:51.844+0000] {dagbag.py:588} INFO - Filling up the DagBag from /home/airflow/.local/lib/python3.12/site-packages/airflow/example_dags/tutorial_dag.py
[2026-09-17T20:40:51.858+0000] {processor.py:925} INFO - DAG(s) 'tutorial_dag' retrieved from /home/airflow/.local/lib/python3.12/site-packages/airflow/example_dags/tutorial_dag.py
[2026-09-17T20:40:51.887+0000] {logging_mixin.py:190} INFO - [2026-09-17T20:40:51.886+0000] {dag.py:3239} INFO - Sync 1 DAGs
[2026-09-17T20:40:51.903+0000] {logging_mixin.py:190} INFO - [2026-09-17T20:40:51.903+0000] {dag.py:4180} INFO - Setting next_dagrun for tutorial_dag to None, run_after=None
[2026-09-17T20:40:51.928+0000] {processor.py:208} INFO - Processing /home/airflow/.local/lib/python3.12/site-packages/airflow/example_dags/tutorial_dag.py took 0.097 seconds
[2026-09-17T20:41:22.016+0000] {processor.py:186} INFO - Started process (PID=1664) to work on /home/airflow/.local/lib/python3.12/site-packages/airflow/example_dags/tutorial_dag.py
[2026-09-17T20:41:22.019+0000] {processor.py:914} INFO - Processing file /home/airflow/.local/lib/python3.12/site-packages/airflow/example_dags/tutorial_dag.py for tasks to queue
[2026-09-17T20:41:22.021+0000] {logging_mixin.py:190} INFO - [2026-09-17T20:41:22.021+0000] {dagbag.py:588} INFO - Filling up the DagBag from /home/airflow/.local/lib/python3.12/site-packages/airflow/example_dags/tutorial_dag.py
[2026-09-17T20:41:22.030+0000] {processor.py:925} INFO - DAG(s) 'tutorial_dag' retrieved from /home/airflow/.local/lib/python3.12/site-packages/airflow/example_dags/tutorial_dag.py
[2026-09-17T20:41:22.067+0000] {logging_mixin.py:190} INFO - [2026-09-17T20:41:22.066+0000] {dag.py:3239} INFO - Sync 1 DAGs
[2026-09-17T20:41:22.090+0000] {logging_mixin.py:190} INFO - [2026-09-17T20:41:22.089+0000] {dag.py:4180} INFO - Setting next_dagrun for tutorial_dag to None, run_after=None
[2026-09-17T20:41:22.125+0000] {processor.py:208} INFO - Processing /home/airflow/.local/lib/python3.12/site-packages/airflow/example_dags/tutorial_dag.py took 0.115 seconds
[2026-09-17T20:41:52.191+0000] {processor.py:186} INFO - Started process (PID=1729) to work on /home/airflow/.local/lib/python3.12/site-packages/airflow/example_dags/tutorial_dag.py
[2026-09-17T20:41:52.193+0000] {processor.py:914} INFO - Processing file /home/airflow/.local/lib/python3.12/site-packages/airflow/example_dags/tutorial_dag.py for tasks to queue
[2026-09-17T20:41:52.196+0000] {logging_mixin.py:190} INFO - [2026-09-17T20:41:52.195+0000] {dagbag.py:588} INFO - Filling up the DagBag from /home/airflow/.local/lib/python3.12/site-packages/airflow/example_dags/tutorial_dag.py
[2026-09-17T20:41:52.208+0000] {processor.py:925} INFO - DAG(s) 'tutorial_dag' retrieved from /home/airflow/.local/lib/python3.12/site-packages/airflow/example_dags/tutorial_dag.py
[2026-09-17T20:41:52.241+0000] {logging_mixin.py:190} INFO - [2026-09-17T20:41:52.240+0000] {dag.py:3239} INFO - Sync 1 DAGs
[2026-09-17T20:41:52.259+0000] {logging_mixin.py:190} INFO - [2026-09-17T20:41:52.259+0000] {dag.py:4180} INFO - Setting next_dagrun for tutorial_dag to None, run_after=None
[2026-09-17T20:41:52.290+0000] {processor.py:208} INFO - Processing /home/airflow/.local/lib/python3.12/site-packages/airflow/example_dags/tutorial_dag.py took 0.105 seconds
[2026-09-17T20:42:24.880+0000] {processor.py:186} INFO - Started process (PID=1794) to work on /home/airflow/.local/lib/python3.12/site-packages/airflow/example_dags/tutorial_dag.py
[2026-09-17T20:42:24.884+0000] {processor.py:914} INFO - Processing file /home/airflow/.local/lib/python3.12/site-packages/airflow/example_dags/tutorial_dag.py for tasks to queue
[2026-09-17T20:42:24.890+0000] {logging_mixin.py:190} INFO - [2026-09-17T20:42:24.889+0000] {dagbag.py:588} INFO - Filling up the DagBag from /home/airflow/.local/lib/python3.12/site-packages/airflow/example_dags/tutorial_dag.py
[2026-09-17T20:42:24.923+0000] {processor.py:925} INFO - DAG(s) 'tutorial_dag' retrieved from /home/airflow/.local/lib/python3.12/site-packages/airflow/example_dags/tutorial_dag.py
[2026-09-17T20:42:25.028+0000] {logging_mixin.py:190} INFO - [2026-09-17T20:42:25.026+0000] {dag.py:3239} INFO - Sync 1 DAGs
[2026-09-17T20:42:25.104+0000] {logging_mixin.py:190} INFO - [2026-09-17T20:42:25.103+0000] {dag.py:4180} INFO - Setting next_dagrun for tutorial_dag to None, run_after=None
[2026-09-17T20:42:25.187+0000] {processor.py:208} INFO - Processing /home/airflow/.local/lib/python3.12/site-packages/airflow/example_dags/tutorial_dag.py took 0.329 seconds
[2026-09-17T20:42:56.707+0000] {processor.py:186} INFO - Started process (PID=1859) to work on /home/airflow/.local/lib/python3.12/site-packages/airflow/example_dags/tutorial_dag.py
[2026-09-17T20:42:56.711+0000] {processor.py:914} INFO - Processing file /home/airflow/.local/lib/python3.12/site-packages/airflow/example_dags/tutorial_dag.py for tasks to queue
[2026-09-17T20:42:56.720+0000] {logging_mixin.py:190} INFO - [2026-09-17T20:42:56.718+0000] {dagbag.py:588} INFO - Filling up the DagBag from /home/airflow/.local/lib/python3.12/site-packages/airflow/example_dags/tutorial_dag.py
[2026-09-17T20:42:56.745+0000] {processor.py:925} INFO - DAG(s) 'tutorial_dag' retrieved from /home/airflow/.local/lib/python3.12/site-packages/airflow/example_dags/tutorial_dag.py
[2026-09-17T20:42:56.782+0000] {logging_mixin.py:190} INFO - [2026-09-17T20:42:56.782+0000] {dag.py:3239} INFO - Sync 1 DAGs
[2026-09-17T20:42:56.840+0000] {logging_mixin.py:190} INFO - [2026-09-17T20:42:56.839+0000] {dag.py:4180} INFO - Setting next_dagrun for tutorial_dag to None, run_after=None
[2026-09-17T20:42:56.881+0000] {processor.py:208} INFO - Processing /home/airflow/.local/lib/python3.12/site-packages/airflow/example_dags/tutorial_dag.py took 0.194 seconds
[2026-09-17T20:43:51.616+0000] {processor.py:186} INFO - Started process (PID=1924) to work on /home/airflow/.local/lib/python3.12/site-packages/airflow/example_dags/tutorial_dag.py
[2026-09-17T20:43:51.634+0000] {processor.py:914} INFO - Processing file /home/airflow/.local/lib/python3.12/site-packages/airflow/example_dags/tutorial_dag.py for tasks to queue
[2026-09-17T20:43:51.639+0000] {logging_mixin.py:190} INFO - [2026-09-17T20:43:51.638+0000] {dagbag.py:588} INFO - Filling up the DagBag from /home/airflow/.local/lib/python3.12/site-packages/airflow/example_dags/tutorial_dag.py
[2026-09-17T20:43:51.652+0000] {processor.py:925} INFO - DAG(s) 'tutorial_dag' retrieved from /home/airflow/.local/lib/python3.12/site-packages/airflow/example_dags/tutorial_dag.py
[2026-09-17T20:43:51.698+0000] {logging_mixin.py:190} INFO - [2026-09-17T20:43:51.697+0000] {dag.py:3239} INFO - Sync 1 DAGs
[2026-09-17T20:43:51.763+0000] {logging_mixin.py:190} INFO - [2026-09-17T20:43:51.763+0000] {dag.py:4180} INFO - Setting next_dagrun for tutorial_dag to None, run_after=None
[2026-09-17T20:43:54.724+0000] {processor.py:208} INFO - Processing /home/airflow/.local/lib/python3.12/site-packages/airflow/example_dags/tutorial_dag.py took 3.129 seconds
[2026-09-17T20:44:25.556+0000] {processor.py:186} INFO - Started process (PID=1989) to work on /home/airflow/.local/lib/python3.12/site-packages/airflow/example_dags/tutorial_dag.py
[2026-09-17T20:44:25.559+0000] {processor.py:914} INFO - Processing file /home/airflow/.local/lib/python3.12/site-packages/airflow/example_dags/tutorial_dag.py for tasks to queue
[2026-09-17T20:44:25.563+0000] {logging_mixin.py:190} INFO - [2026-09-17T20:44:25.562+0000] {dagbag.py:588} INFO - Filling up the DagBag from /home/airflow/.local/lib/python3.12/site-packages/airflow/example_dags/tutorial_dag.py
[2026-09-17T20:44:25.584+0000] {processor.py:925} INFO - DAG(s) 'tutorial_dag' retrieved from /home/airflow/.local/lib/python3.12/site-packages/airflow/example_dags/tutorial_dag.py
[2026-09-17T20:44:25.633+0000] {logging_mixin.py:190} INFO - [2026-09-17T20:44:25.633+0000] {dag.py:3239} INFO - Sync 1 DAGs
[2026-09-17T20:44:25.668+0000] {logging_mixin.py:190} INFO - [2026-09-17T20:44:25.668+0000] {dag.py:4180} INFO - Setting next_dagrun for tutorial_dag to None, run_after=None
[2026-09-17T20:44:25.741+0000] {processor.py:208} INFO - Processing /home/airflow/.local/lib/python3.12/site-packages/airflow/example_dags/tutorial_dag.py took 0.199 seconds
[2026-09-17T20:44:56.293+0000] {processor.py:186} INFO - Started process (PID=2054) to work on /home/airflow/.local/lib/python3.12/site-packages/airflow/example_dags/tutorial_dag.py
[2026-09-17T20:44:56.295+0000] {processor.py:914} INFO - Processing file /home/airflow/.local/lib/python3.12/site-packages/airflow/example_dags/tutorial_dag.py for tasks to queue
[2026-09-17T20:44:56.298+0000] {logging_mixin.py:190} INFO - [2026-09-17T20:44:56.297+0000] {dagbag.py:588} INFO - Filling up the DagBag from /home/airflow/.local/lib/python3.12/site-packages/airflow/example_dags/tutorial_dag.py
[2026-09-17T20:44:56.308+0000] {processor.py:925} INFO - DAG(s) 'tutorial_dag' retrieved from /home/airflow/.local/lib/python3.12/site-packages/airflow/example_dags/tutorial_dag.py
[2026-09-17T20:44:56.336+0000] {logging_mixin.py:190} INFO - [2026-09-17T20:44:56.336+0000] {dag.py:3239} INFO - Sync 1 DAGs
[2026-09-17T20:44:56.441+0000] {logging_mixin.py:190} INFO - [2026-09-17T20:44:56.441+0000] {dag.py:4180} INFO - Setting next_dagrun for tutorial_dag to None, run_after=None
[2026-09-17T20:44:56.636+0000] {processor.py:208} INFO - Processing /home/airflow/.local/lib/python3.12/site-packages/airflow/example_dags/tutorial_dag.py took 0.353 seconds
[2026-09-17T20:45:35.400+0000] {processor.py:186} INFO - Started process (PID=2105) to work on /home/airflow/.local/lib/python3.12/site-packages/airflow/example_dags/tutorial_dag.py
[2026-09-17T20:45:35.401+0000] {processor.py:914} INFO - Processing file /home/airflow/.local/lib/python3.12/site-packages/airflow/example_dags/tutorial_dag.py for tasks to queue
[2026-09-17T20:45:35.404+0000] {logging_mixin.py:190} INFO - [2026-09-17T20:45:35.403+0000] {dagbag.py:588} INFO - Filling up the DagBag from /home/airflow/.local/lib/python3.12/site-packages/airflow/example_dags/tutorial_dag.py
[2026-09-17T20:45:35.414+0000] {processor.py:925} INFO - DAG(s) 'tutorial_dag' retrieved from /home/airflow/.local/lib/python3.12/site-packages/airflow/example_dags/tutorial_dag.py
[2026-09-17T20:45:35.442+0000] {logging_mixin.py:190} INFO - [2026-09-17T20:45:35.441+0000] {dag.py:3239} INFO - Sync 1 DAGs
[2026-09-17T20:45:35.469+0000] {logging_mixin.py:190} INFO - [2026-09-17T20:45:35.468+0000] {dag.py:4180} INFO - Setting next_dagrun for tutorial_dag to None, run_after=None
[2026-09-17T20:45:35.526+0000] {processor.py:208} INFO - Processing /home/airflow/.local/lib/python3.12/site-packages/airflow/example_dags/tutorial_dag.py took 0.132 seconds
[2026-09-17T20:46:06.225+0000] {processor.py:186} INFO - Started process (PID=2170) to work on /home/airflow/.local/lib/python3.12/site-packages/airflow/example_dags/tutorial_dag.py
[2026-09-17T20:46:06.227+0000] {processor.py:914} INFO - Processing file /home/airflow/.local/lib/python3.12/site-packages/airflow/example_dags/tutorial_dag.py for tasks to queue
[2026-09-17T20:46:06.230+0000] {logging_mixin.py:190} INFO - [2026-09-17T20:46:06.229+0000] {dagbag.py:588} INFO - Filling up the DagBag from /home/airflow/.local/lib/python3.12/site-packages/airflow/example_dags/tutorial_dag.py
[2026-09-17T20:46:06.241+0000] {processor.py:925} INFO - DAG(s) 'tutorial_dag' retrieved from /home/airflow/.local/lib/python3.12/site-packages/airflow/example_dags/tutorial_dag.py
[2026-09-17T20:46:06.273+0000] {logging_mixin.py:190} INFO - [2026-09-17T20:46:06.273+0000] {dag.py:3239} INFO - Sync 1 DAGs
[2026-09-17T20:46:06.292+0000] {logging_mixin.py:190} INFO - [2026-09-17T20:46:06.291+0000] {dag.py:4180} INFO - Setting next_dagrun for tutorial_dag to None, run_after=None
[2026-09-17T20:46:06.324+0000] {processor.py:208} INFO - Processing /home/airflow/.local/lib/python3.12/site-packages/airflow/example_dags/tutorial_dag.py took 0.107 seconds
[2026-09-17T20:46:37.284+0000] {processor.py:186} INFO - Started process (PID=2235) to work on /home/airflow/.local/lib/python3.12/site-packages/airflow/example_dags/tutorial_dag.py
[2026-09-17T20:46:37.286+0000] {processor.py:914} INFO - Processing file /home/airflow/.local/lib/python3.12/site-packages/airflow/example_dags/tutorial_dag.py for tasks to queue
[2026-09-17T20:46:37.288+0000] {logging_mixin.py:190} INFO - [2026-09-17T20:46:37.287+0000] {dagbag.py:588} INFO - Filling up the DagBag from /home/airflow/.local/lib/python3.12/site-packages/airflow/example_dags/tutorial_dag.py
[2026-09-17T20:46:37.296+0000] {processor.py:925} INFO - DAG(s) 'tutorial_dag' retrieved from /home/airflow/.local/lib/python3.12/site-packages/airflow/example_dags/tutorial_dag.py
[2026-09-17T20:46:37.322+0000] {logging_mixin.py:190} INFO - [2026-09-17T20:46:37.321+0000] {dag.py:3239} INFO - Sync 1 DAGs
[2026-09-17T20:46:37.336+0000] {logging_mixin.py:190} INFO - [2026-09-17T20:46:37.336+0000] {dag.py:4180} INFO - Setting next_dagrun for tutorial_dag to None, run_after=None
[2026-09-17T20:46:37.363+0000] {processor.py:208} INFO - Processing /home/airflow/.local/lib/python3.12/site-packages/airflow/example_dags/tutorial_dag.py took 0.086 seconds
[2026-09-17T20:47:14.114+0000] {processor.py:186} INFO - Started process (PID=2300) to work on /home/airflow/.local/lib/python3.12/site-packages/airflow/example_dags/tutorial_dag.py
[2026-09-17T20:47:14.118+0000] {processor.py:914} INFO - Processing file /home/airflow/.local/lib/python3.12/site-packages/airflow/example_dags/tutorial_dag.py for tasks to queue
[2026-09-17T20:47:14.123+0000] {logging_mixin.py:190} INFO - [2026-09-17T20:47:14.122+0000] {dagbag.py:588} INFO - Filling up the DagBag from /home/airflow/.local/lib/python3.12/site-packages/airflow/example_dags/tutorial_dag.py
[2026-09-17T20:47:14.143+0000] {processor.py:925} INFO - DAG(s) 'tutorial_dag' retrieved from /home/airflow/.local/lib/python3.12/site-packages/airflow/example_dags/tutorial_dag.py
[2026-09-17T20:47:14.203+0000] {logging_mixin.py:190} INFO - [2026-09-17T20:47:14.202+0000] {dag.py:3239} INFO - Sync 1 DAGs
[2026-09-17T20:47:14.270+0000] {logging_mixin.py:190} INFO - [2026-09-17T20:47:14.269+0000] {dag.py:4180} INFO - Setting next_dagrun for tutorial_dag to None, run_after=None
[2026-09-17T20:47:14.333+0000] {processor.py:208} INFO - Processing /home/airflow/.local/lib/python3.12/site-packages/airflow/example_dags/tutorial_dag.py took 0.235 seconds
[2026-09-17T20:47:45.963+0000] {processor.py:186} INFO - Started process (PID=2365) to work on /home/airflow/.local/lib/python3.12/site-packages/airflow/example_dags/tutorial_dag.py
[2026-09-17T20:47:45.965+0000] {processor.py:914} INFO - Processing file /home/airflow/.local/lib/python3.12/site-packages/airflow/example_dags/tutorial_dag.py for tasks to queue
[2026-09-17T20:47:45.967+0000] {logging_mixin.py:190} INFO - [2026-09-17T20:47:45.967+0000] {dagbag.py:588} INFO - Filling up the DagBag from /home/airflow/.local/lib/python3.12/site-packages/airflow/example_dags/tutorial_dag.py
[2026-09-17T20:47:45.986+0000] {processor.py:925} INFO - DAG(s) 'tutorial_dag' retrieved from /home/airflow/.local/lib/python3.12/site-packages/airflow/example_dags/tutorial_dag.py
[2026-09-17T20:47:46.055+0000] {logging_mixin.py:190} INFO - [2026-09-17T20:47:46.055+0000] {dag.py:3239} INFO - Sync 1 DAGs
[2026-09-17T20:47:46.081+0000] {logging_mixin.py:190} INFO - [2026-09-17T20:47:46.080+0000] {dag.py:4180} INFO - Setting next_dagrun for tutorial_dag to None, run_after=None
[2026-09-17T20:47:46.117+0000] {processor.py:208} INFO - Processing /home/airflow/.local/lib/python3.12/site-packages/airflow/example_dags/tutorial_dag.py took 0.176 seconds
[2026-09-17T20:48:16.317+0000] {processor.py:186} INFO - Started process (PID=2429) to work on /home/airflow/.local/lib/python3.12/site-packages/airflow/example_dags/tutorial_dag.py
[2026-09-17T20:48:16.319+0000] {processor.py:914} INFO - Processing file /home/airflow/.local/lib/python3.12/site-packages/airflow/example_dags/tutorial_dag.py for tasks to queue
[2026-09-17T20:48:16.322+0000] {logging_mixin.py:190} INFO - [2026-09-17T20:48:16.322+0000] {dagbag.py:588} INFO - Filling up the DagBag from /home/airflow/.local/lib/python3.12/site-packages/airflow/example_dags/tutorial_dag.py
[2026-09-17T20:48:16.335+0000] {processor.py:925} INFO - DAG(s) 'tutorial_dag' retrieved from /home/airflow/.local/lib/python3.12/site-packages/airflow/example_dags/tutorial_dag.py
[2026-09-17T20:48:16.363+0000] {logging_mixin.py:190} INFO - [2026-09-17T20:48:16.363+0000] {dag.py:3239} INFO - Sync 1 DAGs
[2026-09-17T20:48:16.380+0000] {logging_mixin.py:190} INFO - [2026-09-17T20:48:16.380+0000] {dag.py:4180} INFO - Setting next_dagrun for tutorial_dag to None, run_after=None
[2026-09-17T20:48:16.414+0000] {processor.py:208} INFO - Processing /home/airflow/.local/lib/python3.12/site-packages/airflow/example_dags/tutorial_dag.py took 0.104 seconds
[2026-09-17T20:48:47.124+0000] {processor.py:186} INFO - Started process (PID=2493) to work on /home/airflow/.local/lib/python3.12/site-packages/airflow/example_dags/tutorial_dag.py
[2026-09-17T20:48:47.126+0000] {processor.py:914} INFO - Processing file /home/airflow/.local/lib/python3.12/site-packages/airflow/example_dags/tutorial_dag.py for tasks to queue
[2026-09-17T20:48:47.128+0000] {logging_mixin.py:190} INFO - [2026-09-17T20:48:47.128+0000] {dagbag.py:588} INFO - Filling up the DagBag from /home/airflow/.local/lib/python3.12/site-packages/airflow/example_dags/tutorial_dag.py
[2026-09-17T20:48:47.140+0000] {processor.py:925} INFO - DAG(s) 'tutorial_dag' retrieved from /home/airflow/.local/lib/python3.12/site-packages/airflow/example_dags/tutorial_dag.py
[2026-09-17T20:48:47.171+0000] {logging_mixin.py:190} INFO - [2026-09-17T20:48:47.171+0000] {dag.py:3239} INFO - Sync 1 DAGs
[2026-09-17T20:48:47.189+0000] {logging_mixin.py:190} INFO - [2026-09-17T20:48:47.189+0000] {dag.py:4180} INFO - Setting next_dagrun for tutorial_dag to None, run_after=None
[2026-09-17T20:48:47.709+0000] {processor.py:208} INFO - Processing /home/airflow/.local/lib/python3.12/site-packages/airflow/example_dags/tutorial_dag.py took 0.593 seconds
